shop,categorie,sous_categorie,produit,prix,stock,rating,url_produit
BeautyMarket,Cheveux,Complements Alimentaires Cheveux,PERFECTIL ORIGINAL TRIPLE ACTION – 30 COMPRIMÉS,226.00,En stock,N/A,https://beautymarket.ma/products/vitabiotics-perfectil-original-triple-action-30-comprimes
BeautyMarket,Cheveux,Complements Alimentaires Cheveux,FORCAPIL CHEVEUX ET ONGLES 180 GELULES = SHAMPOOING 200 ML OFFERT,475.00,En stock,N/A,https://beautymarket.ma/products/forcapil-cheveux-et-ongles-180-gelules
BeautyMarket,Cheveux,Complements Alimentaires Cheveux,FORCAPIL FORTIFIANT 180 GÉLULES,509.00,En stock,N/A,https://beautymarket.ma/products/forcapil-pack-180-gelules-1-boite-de-60-gelules-offerte
BeautyMarket,Cheveux,Complements Alimentaires Cheveux,FORCAPIL CHEVEUX ET ONGLES – 60 GELULES,208.00,En stock,N/A,https://beautymarket.ma/products/forcapil-cheveux-et-ongles-60-gelules
BeautyMarket,Cheveux,Complements Alimentaires Cheveux,BIORGA-CYSTIPHANE CHEVEUX ET ONGLES – 120 COMPRIMÉS,403.00,En stock,N/A,https://beautymarket.ma/products/biorga-cystiphane-cheveux-et-ongles-120-comprimes
BeautyMarket,Cheveux,Complements Alimentaires Cheveux,MGD NATURE ZINC+ B6 60 GELULES,153.00,En stock,N/A,https://beautymarket.ma/products/mgd-nature-zinc-b6-60-gelules
BeautyMarket,Cheveux,Complements Alimentaires Cheveux,MIDAL E VITAMINE E PURE ERIC FAVRE 900MG 30 CAPSULES,150.00,En stock,N/A,https://beautymarket.ma/products/eric-favre-midal-e-vitamine-e-pure
BeautyMarket,Cheveux,Complements Alimentaires Cheveux,ECRINAL – CAPSULES CHEVEUX COMPLÉMENT ALIMENTAIRE – 30 CAPSULES,500.00,En stock,N/A,https://beautymarket.ma/products/ecrinal-capsules-cheveux-complement-alimentaire-30-capsules
BeautyMarket,Cheveux,Complements Alimentaires Cheveux,EXTRALEVURE 375 COMPRIMES,119.00,En stock,N/A,https://beautymarket.ma/products/extralevure-375-comprimes-1
BeautyMarket,Cheveux,Complements Alimentaires Cheveux,MAELYS ORTIE PRELE BOITE 60 GELULES+ SHAMPOING 100ML,165.00,En stock,N/A,https://beautymarket.ma/products/maelys-ortie-prele-boite-60-gelules-shampoing-100ml
BeautyMarket,Cheveux,Complements Alimentaires Cheveux,SAKAL HSN CHEVEUX + ONGLES + PEAU 30 GELULES,126.00,En stock,N/A,https://beautymarket.ma/products/sakal-hsn-cheveux-ongles-peau-30-gelules
BeautyMarket,Cheveux,Complements Alimentaires Cheveux,EXTRALEVURE VITALITE SELENIUM 125 COMPRIMÈS,77.00,En stock,N/A,https://beautymarket.ma/products/extralevure-vitalite-selenium-125-comprimes
BeautyMarket,Cheveux,Complements Alimentaires Cheveux,HAIRSTIM CHEVEUX & ONGLES 60 GELULES,252.00,En stock,N/A,https://beautymarket.ma/products/hairstim-cheveux-ongles-60-gelules
BeautyMarket,Cheveux,Complements Alimentaires Cheveux,NUTRALIE COMPLEX CHEVEUX 90 CAPSULES,269.00,En stock,N/A,https://beautymarket.ma/products/nutralie-complex-cheveux-90-capsules
BeautyMarket,Cheveux,Complements Alimentaires Cheveux,NUTRILAB LEVURE DU BIERE 200 COMPRIMÉS,75.00,En stock,N/A,https://beautymarket.ma/products/nutrilab-levure-du-biere-200-comprimes
BeautyMarket,Cheveux,Complements Alimentaires Cheveux,OXYSKIN ANTI-CHUTE PREMIUM – 60 GÉLULES,249.00,En stock,N/A,https://beautymarket.ma/products/oxyskin-anti-chute-premium-60-gelules
BeautyMarket,Cheveux,Complements Alimentaires Cheveux,FORTE PHARMA EXPERT CHEVEUX LEVURE DE BIERE 28 COMPRIMES,119.00,En stock,N/A,https://beautymarket.ma/products/forte-pharma-expert-cheveux-levure-de-biere-28-comprimes
BeautyMarket,Cheveux,Complements Alimentaires Cheveux,NUTRILAB SELENIUM 60 COMPRIMÉS,195.00,En stock,N/A,https://beautymarket.ma/products/nutrilab-selenium-60-comprimes
BeautyMarket,Cheveux,Complements Alimentaires Cheveux,FORTE PHARMA EXPERT CHEVEUX LEVURE DE BIERE 56 COMPRIMES,180.00,En stock,N/A,https://beautymarket.ma/products/forte-pharma-expert-cheveux-levure-de-biere-56-comprimes
BeautyMarket,Cheveux,Complements Alimentaires Cheveux,VIT'ALL + SILICE ORGANIC 100MG / 30 GELULES,239.00,En stock,N/A,https://beautymarket.ma/products/vitall-silice-organic-100mg-30-gelules
BeautyMarket,Cheveux,Complements Alimentaires Cheveux,ACM NOVOPHANE ONGLES ET CHEVEUX – 60 CAPSULES,308.00,En stock,N/A,https://beautymarket.ma/products/acm-novophane-ongles-et-cheveux-60-capsules
BeautyMarket,Cheveux,Complements Alimentaires Cheveux,GAYELORD HAUSER LEVURE DE BIÈRE & SÉLÉNIUM – 400 COMPRIMÈS,135.00,En stock,N/A,https://beautymarket.ma/products/gayelord-hauser-levure-de-biere-selenium-400-comprimes
BeautyMarket,Cheveux,Complements Alimentaires Cheveux,EXTRALEVURE 125 COMPRIMES,59.00,En stock,N/A,https://beautymarket.ma/products/extralevure-125-comprimes
BeautyMarket,Cheveux,Complements Alimentaires Cheveux,BIORGA-ECOPHANE CHEVEUX ET ONGLES – 60 COMPRIMÉS,310.00,En stock,N/A,https://beautymarket.ma/products/biorga-ecophane-cheveux-et-ongles-60-comprimes
BeautyMarket,Cheveux,Complements Alimentaires Cheveux,MGD LEVURE DE BIERE REVIVIFIABLE 120 GELULES,99.00,En stock,N/A,https://beautymarket.ma/products/mgd-levure-de-biere-revivifiable-120-gelules
BeautyMarket,Cheveux,Complements Alimentaires Cheveux,VERTUPLUS LEVURE DE BIERE 400 COMPRIMÉS,99.00,En stock,N/A,https://beautymarket.ma/products/vertu-plus-levure-de-biere-400-comprimes
BeautyMarket,Cheveux,Complements Alimentaires Cheveux,MIELII GREEN MORINGA POUDRE 100 GÉLULES 350 MG,169.00,En stock,N/A,https://beautymarket.ma/products/mielii-green-moringa-poudre-100-gelules-350-mg
BeautyMarket,Cheveux,Complements Alimentaires Cheveux,MIELII GREEN ULTRA COLLAGENE MARIN 60 GELULES,149.00,En stock,N/A,https://beautymarket.ma/products/mielii-green-ultra-collagene-marin-60-gelules
BeautyMarket,Cheveux,Complements Alimentaires Cheveux,NUTRILAB MEGA PEPTIDE COLLAGÈNE 200 G,330.00,En stock,N/A,https://beautymarket.ma/products/nutrilab-mega-peptide-collagene-200-g
BeautyMarket,Cheveux,Complements Alimentaires Cheveux,NUTRICAP ANTI-CHUTE 30 GÉLULES – COMPLÉMENT CAPILLAIRE FORTIFIANT,100.00,En stock,N/A,https://beautymarket.ma/products/nutricap-anti-chute-30-gelules-complement-capillaire-fortifiant
BeautyMarket,Cheveux,Complements Alimentaires Cheveux,ECRINAL AMPOULES ANP2+ ANTI-CHUTE B10*5ML,850.00,En stock,N/A,https://beautymarket.ma/products/ecrinal-ampoules-anp2-anti-chute-b10-5ml
BeautyMarket,Cheveux,Complements Alimentaires Cheveux,CANTABRIA-IRALTONE AGA LABS 60 CAPSULES,369.00,En stock,N/A,https://beautymarket.ma/products/cantabria-iraltone-aga-labs-60-capsules
BeautyMarket,Cheveux,Complements Alimentaires Cheveux,FORCAPIL FORTIFIANT KERATINE ANTI CASSE 60 GELULES,169.00,En stock,N/A,https://beautymarket.ma/products/forcapil-fortifiant-keratine-anti-casse-60-gelules
BeautyMarket,Cheveux,Complements Alimentaires Cheveux,LERO PHANERES CHEVEUX ET ONGLES 30 C,138.00,En stock,N/A,https://beautymarket.ma/products/lero-phaneres-cheveux-et-ongles-30-c
BeautyMarket,Cheveux,Complements Alimentaires Cheveux,CYGNE BEAUTY BOOST CHEVEUX ET ONGLES,249.00,En stock,N/A,https://beautymarket.ma/products/cygne-beauty-boost-cheveux-et-ongles
BeautyMarket,Cheveux,Complements Alimentaires Cheveux,BIORGA-ECOPHANE COMPLÉMENT ALIMENTAIRE POUDRE – 318 G,483.00,En stock,N/A,https://beautymarket.ma/products/biorga-ecophane-complement-alimentaire-poudre-318-g
BeautyMarket,Cheveux,Complements Alimentaires Cheveux,PERFECTIL ORIGINAL TRIPLE ACTION BOITES–30 COMPRIMÉS X 2 = 1 BOITES–30 COMPRIMÉS OFFERT,378.00,En stock,N/A,https://beautymarket.ma/products/perfectil-original-triple-action-30-comprimes-x-2-boites-1-boites-30-comprimes-offert
BeautyMarket,Cheveux,Complements Alimentaires Cheveux,CAPHAIR FORTIFIANT ANTI-CHUTE 60 GÉLULES,179.00,En stock,N/A,https://beautymarket.ma/products/caphair-fortifiant-anti-chute-60-gelules
BeautyMarket,Cheveux,Cheveux Boucles,OLAPLEX N° 7 BONDING OIL 30ML,399.00,En stock,N/A,https://beautymarket.ma/products/olaplen-7-bonding-oil
BeautyMarket,Cheveux,Cheveux Boucles,SEXY HAIR HEALTHY STRENGTHENING CONDITIONER 300ML,164.00,En stock,N/A,https://beautymarket.ma/products/sexy-hair-healthy-strengthening-conditioner-apres-shampooing-300ml
BeautyMarket,Cheveux,Cheveux Boucles,BJORN AXEN SHAMPOING A L'HUILE D'ARGAN 250 ML,309.00,En stock,N/A,https://beautymarket.ma/products/bjorn-axen-shampoing-a-lhuile-dargan-250-ml
BeautyMarket,Cheveux,Cheveux Boucles,BJORN AXEN CONDITIONER A L'HUILE D'ARGAN POUR CHEVEUX SECS 250ML,309.00,En stock,N/A,https://beautymarket.ma/products/bjorn-axen-conditioner-a-lhuile-dargan-pour-cheveux-secs-250ml
BeautyMarket,Cheveux,Cheveux Boucles,SEXY HAIR CURLY SEXY HAIR CURL DEFINING SHAMPOOING 300ML,195.00,En stock,N/A,https://beautymarket.ma/products/sexy-hair-curly-sexy-hair-curl-defining-shampooing-300ml
BeautyMarket,Cheveux,Cheveux Boucles,ERAYBA STYLE ACTIVE STYLING RINGS DEFINER S33 150 ML,237.00,En stock,N/A,https://beautymarket.ma/products/erayba-style-active-styling-rings-definer-s33-150-ml
BeautyMarket,Cheveux,Cheveux Boucles,BJORN AXEN MASQUE A L'HUILE D'ARGAN POUR CHEVEUX SECS 200ML,357.00,En stock,N/A,https://beautymarket.ma/products/bjorn-axen-masque-a-lhuile-dargan-pour-cheveux-secs-200ml
BeautyMarket,Cheveux,Cheveux Boucles,SEXY HAIR STYLE CURLING CRÉME 150ML,240.00,En stock,N/A,https://beautymarket.ma/products/sexy-hair-style-curling-creme-150ml
BeautyMarket,Cheveux,Cheveux Boucles,MACADAMIA PROFESSIONAL ULTRA RICH REPAIR OIL TREATMENT,408.50,En stock,N/A,https://beautymarket.ma/products/macadamia-professional-ultra-rich-repair-oil-treatment
BeautyMarket,Cheveux,Cheveux Boucles,D-CAP BOOSTER CHEVEUX BOUCLES 200 ML,259.00,En stock,N/A,https://beautymarket.ma/products/d-cap-booster-cheveux-boucles-200-ml
BeautyMarket,Cheveux,Cheveux Boucles,D-CAP MASQUE CHEVEUX BOUCLES 200 ML,279.00,En stock,N/A,https://beautymarket.ma/products/d-cap-masque-cheveux-boucles-200-ml
BeautyMarket,Cheveux,Cheveux Boucles,D-CAP CURLY GIRL METHOD SHAMPOOING 250ML,259.00,En stock,N/A,https://beautymarket.ma/products/d-cap-curly-girl-method-shampooing-250ml
BeautyMarket,Cheveux,Cheveux Boucles,L'ORÉAL PROFESSIONNEL BLONDIFIER GLOSS MASQUE 250ML,282.00,En stock,N/A,https://beautymarket.ma/products/loreal-professionnel-blondifier-masque-250ml
BeautyMarket,Cheveux,Cheveux Boucles,SEXY HAIR CURLY POWER SPRAY MOUSSE 250 ML,203.00,En stock,N/A,https://beautymarket.ma/products/sexy-hair-curly-power-spray-mousse-250-ml
BeautyMarket,Cheveux,Cheveux Boucles,SEXY HAIR HEALTHY LOVE OIL HUILE HYDRATANTE,181.45,En stock,N/A,https://beautymarket.ma/products/sexy-hair-healthy-love-oil-huile-hydratante
BeautyMarket,Cheveux,Cheveux Boucles,D-CAP CURLY GIRL METHOD APRÈS-SHAMPOOING 250ML,259.00,En stock,N/A,https://beautymarket.ma/products/d-cap-curly-girl-method-apres-shampooing-250ml
BeautyMarket,Cheveux,Cheveux Boucles,D-CAP CURLY GIRL METHOD SÉRUM 30 ML,300.00,En stock,N/A,https://beautymarket.ma/products/d-cap-curly-girl-method-serum-30-ml
BeautyMarket,Cheveux,Cheveux Boucles,BOUCLEME CURL CLEANSER CREME LAVANTE 300ML,285.00,En stock,N/A,https://beautymarket.ma/products/boucleme-curl-cleanser-creme-lavante-300ml
BeautyMarket,Cheveux,Cheveux Boucles,BOUCLEME CURL CONDITIONER ULTRA HYDRATANT 300 ML,300.00,En stock,N/A,https://beautymarket.ma/products/boucleme-curl-conditioner-ultra-hydratant-300-ml
BeautyMarket,Cheveux,Cheveux Boucles,BOUCLEME CURL CREME RICHE 300ML,335.00,En stock,N/A,https://beautymarket.ma/products/boucleme-curl-creme-riche-300ml
BeautyMarket,Cheveux,Cheveux Boucles,BOUCLEME CURL GELEE DE DEFINITION 300 ML,285.00,En stock,N/A,https://beautymarket.ma/products/boucleme-gelee-de-definition-300-ml
BeautyMarket,Cheveux,Cheveux Boucles,BOUCLEME CURL INTENSIVE MOISTURE TREATMENT 250ML,430.00,En stock,N/A,https://beautymarket.ma/products/boucleme-curl-intensive-moisture-treatment-250ml
BeautyMarket,Cheveux,Cheveux Boucles,BOUCLEME CURL SHAMPOOING EXFOLIANT 250 ML,430.00,En stock,N/A,https://beautymarket.ma/products/boucleme-curl-shampooing-exfoliant-250-ml
BeautyMarket,Cheveux,Cheveux Boucles,BOUCLEME CURL SUPER HOLD STYLER GEL FORT 250 ML,325.00,En stock,N/A,https://beautymarket.ma/products/boucleme-bucl-super-hold-styler-gel-fort-250-ml
BeautyMarket,Cheveux,Cheveux Boucles,BJORN AXEN PACK ARGAN OIL SHAMPOO 250ML + CONDITIONNER À -50%,449.00,En stock,N/A,https://beautymarket.ma/products/bjorn-axen-argan-oil-shampoo-250ml-conditionner-a-50
BeautyMarket,Cheveux,Cheveux Boucles,WAAM BAUME DEMELANT 200 ML,149.00,En stock,N/A,https://beautymarket.ma/products/waam-baume-demelant-200-ml
BeautyMarket,Cheveux,Cheveux Boucles,WAAM GEL DE LIN 100 ML,135.00,En stock,N/A,https://beautymarket.ma/products/waam-gel-de-lin-100-ml
BeautyMarket,Cheveux,Cheveux Boucles,WAAM DUO BOUCLETTE REBONDIES,319.00,En stock,N/A,https://beautymarket.ma/products/waam-duo-bouclette-rebondies
BeautyMarket,Cheveux,Cheveux Boucles,SO BIO SOIN CHEVEUX BOUCLES LIN 200ML,119.00,En stock,N/A,https://beautymarket.ma/products/so-bio-soin-cheveux-boucles-lin-200ml
BeautyMarket,Cheveux,Cheveux Boucles,ERAYBA ABH CURLS MASK BOUCLES ANTI-FRISOTTIS 250ML,389.00,En stock,N/A,https://beautymarket.ma/products/erayba-abh-curls-mask-boucles-anti-frisottis-250ml
BeautyMarket,Cheveux,Cheveux Boucles,ERAYBA ABH CURLS SHAMPOOING BOUCLES ANTI-FRISOTTIS 250ML,229.00,En stock,N/A,https://beautymarket.ma/products/erayba-abh-curls-shampooing-boucles-anti-frisottis-250ml
BeautyMarket,Cheveux,Cheveux Boucles,ERAYBA ABH CURLS CURLS DEFINER BALM BOUCLES ANTI-FRISOTTIS 150ML,259.00,En stock,N/A,https://beautymarket.ma/products/erayba-abh-curls-curls-definer-balm-boucles-anti-frisottis-150ml
BeautyMarket,Cheveux,Cheveux Boucles,BJORN AXEN UNIVERSAL STYLING CREAM 100 ML,239.00,En stock,N/A,https://beautymarket.ma/products/bjorn-axen-universal-styling-cream-100-ml
BeautyMarket,Cheveux,Cheveux Boucles,GARNIER ULTRA DOUX SHAMPOOING HONEY 200ML,26.00,En stock,N/A,https://beautymarket.ma/products/garnier-ultra-doux-shampooing-honey-200ml
BeautyMarket,Cheveux,Cheveux Boucles,GARNIER ULTRA DOUX – HAIR FOOD – APRÈS SHAMPOOING –COCO- 350ML,75.00,En stock,N/A,https://beautymarket.ma/products/garnier-ultra-doux-hair-food-apres-shampooing-coco-350ml
BeautyMarket,Cheveux,Cheveux Boucles,WAAM SHAMPOOING BOUCLES BIO 230ML,156.00,En stock,N/A,https://beautymarket.ma/products/waam-shampooing-boucles-bio-230ml
BeautyMarket,Cheveux,Cheveux Boucles,L'ORÉAL PROFESSIONNEL CURL EXPRESSION CREME EN GELEE 250 ML = CHOUCHOU DORÉ OFFERT,289.00,En stock,N/A,https://beautymarket.ma/products/loreal-professionnel-curl-expression-creme-en-gelee-250-ml
BeautyMarket,Cheveux,Cheveux Boucles,L'ORÉAL PROFESSIONNEL CURL EXPRESSION SHAMPOOING 300 ML = CHOUCHOU DORÉ OFFERT,250.00,En stock,N/A,https://beautymarket.ma/products/loreal-professionnel-curl-expression-shampooing-300-ml
BeautyMarket,Cheveux,Cheveux Boucles,L'ORÉAL PROFESSIONNEL CURL EXPRESSION CREME EN MOUSSE 10 EN 1 235G = CHOUCHOU DORÉ OFFERT,345.00,En stock,N/A,https://beautymarket.ma/products/loreal-professionnel-curl-expression-creme-en-mousse-10-en-1-235g
BeautyMarket,Cheveux,Cheveux Boucles,L'ORÉAL PROFESSIONNEL CURL EXPRESSION MASQUE 250ML = CHOUCHOU DORÉ OFFERT,319.00,En stock,N/A,https://beautymarket.ma/products/loreal-professionnel-curl-expression-masque-250ml
BeautyMarket,Cheveux,Cheveux Boucles,BIOKERA FRESH YELLOW SHOT SPECIAL CURLY CREME 300 ML,509.00,En stock,N/A,https://beautymarket.ma/products/biokera-fresh-yellow-shot-special-curly-creme-300-ml
BeautyMarket,Cheveux,Shampoing Sec,L'ORÉAL PARIS ELSEVE HUILE EXTRAORDINAIRE 100ML,149.00,En stock,N/A,https://beautymarket.ma/products/loreal-elseve-huile-extraordinaire-100ml
BeautyMarket,Cheveux,Shampoing Sec,L'ORÉAL PARIS ELSEVE HUILE EXTRAORDINAIRE JOJOBA SOIN TRANSFORMATEUR 100ML,149.00,En stock,N/A,https://beautymarket.ma/products/loreal-paris-elseve-huile-extraordinaire-jojoba-soin-transformateur-100ml
BeautyMarket,Cheveux,Shampoing Sec,NATURESOIN HUILE DE JOJOBA – 50 ML,68.00,En stock,N/A,https://beautymarket.ma/products/naturesoin-huile-de-jojoba-50-ml
BeautyMarket,Cheveux,Shampoing Sec,NATURESOIN HUILE DE RICIN – 50 ML,31.00,En stock,N/A,https://beautymarket.ma/products/naturesoin-huile-de-ricin-50-ml
BeautyMarket,Cheveux,Shampoing Sec,L'ORÉAL PARIS ELSEVE HYALURON REPULP SERUM 150 ML,83.00,En stock,N/A,https://beautymarket.ma/products/loreal-paris-elseve-hyaluron-repulp-serum-150-ml
BeautyMarket,Cheveux,Shampoing Sec,ZIAJA GOATS MILK SHAMPOING A LA KERATINE 400ML,98.00,En stock,N/A,https://beautymarket.ma/products/ziaja-goats-milk-shampoing-a-la-keratine-400ml
BeautyMarket,Cheveux,Shampoing Sec,ZIAJA ARGAN & TSUBAKI OILS MASQUE CAPILLAIRE LISSANT CONCENTRÉ – 200ML,82.00,En stock,N/A,https://beautymarket.ma/products/ziaja-argan-tsubaki-oils-masque-capillaire-lissant-concentre-200ml
BeautyMarket,Cheveux,Shampoing Sec,RACINE VITA HUILE DE COCO 1L,143.00,En stock,N/A,https://beautymarket.ma/products/racine-vita-huile-de-coco-1l
BeautyMarket,Cheveux,Shampoing Sec,ZIAJA GOATS MILK CONDITIONNER A LA KERATINE 200ML,60.00,En stock,N/A,https://beautymarket.ma/products/ziaja-goats-milk-conditionner-a-la-keratine-200ml
BeautyMarket,Cheveux,Shampoing Sec,NATURESOIN HUILE D’AVOCAT – 50 ML,51.00,En stock,N/A,https://beautymarket.ma/products/naturesoin-huile-d-avocat-50-ml
BeautyMarket,Cheveux,Shampoing Sec,FINO PREMIUM TOUCH HAIR MASK - 230G,350.00,En stock,N/A,https://beautymarket.ma/products/fino-premium-touch-hair-mask-230g
BeautyMarket,Cheveux,Shampoing Sec,L'ORÉAL PROFESSIONNEL ABSOLUT REPAIR MASQUE 250 ML,249.00,En stock,N/A,https://beautymarket.ma/products/loreal-professionnel-absolut-repair-masque-250-ml
BeautyMarket,Cheveux,Shampoing Sec,RACINE VITA HUILE AMANDE DOUCES 40 ML,33.00,En stock,N/A,https://beautymarket.ma/products/racine-vita-amande-douces-40-ml
BeautyMarket,Cheveux,Shampoing Sec,NATURESOIN HUILE DE COCO – 50 ML,42.00,En stock,N/A,https://beautymarket.ma/products/naturesoin-huile-de-coco-50-ml
BeautyMarket,Cheveux,Shampoing Sec,D-CAP SHAMPOING ANTI-PELLICULAIRE CHEVEUX SECS 250ML,199.00,En stock,N/A,https://beautymarket.ma/products/d-cap-shampoing-anti-pelliculaire-cheveux-secs-250ml
BeautyMarket,Cheveux,Shampoing Sec,KLORANE KLORANE CUPUAÇU RÉPARATION CICA-SHAMPOING RÉGÉNÉRANT ET ANTI-CASSE 400ML,149.00,En stock,N/A,https://beautymarket.ma/products/klorane-shampooing-au-cupuacu-400ml
BeautyMarket,Cheveux,Shampoing Sec,VICHY DERCOS KERA-SOLUTIONS MASQUE 2MIN. RÉPARATEUR – 200 ML,200.00,En stock,N/A,https://beautymarket.ma/products/vichy-dercos-kera-solutions-masque-2min-reparateur-200-ml
BeautyMarket,Cheveux,Shampoing Sec,TRICOVEL AMPOULES ANTI-CHUTE 10*3.5ML,645.00,En stock,N/A,https://beautymarket.ma/products/tricovel-ampoules-anti-chute-10-3-5ml
BeautyMarket,Cheveux,Shampoing Sec,ZIAJA ARGAN & TSUBAKI OILS SHAMPOOING LISSANT – 300ML,99.00,En stock,N/A,https://beautymarket.ma/products/ziaja-argan-tsubaki-oils-shampooing-lissant-300ml
BeautyMarket,Cheveux,Shampoing Sec,KLORANE SHAMPOING TRAITANT NUTRITIF AU BEURRE DE MANGUE - 400ML,145.00,En stock,N/A,https://beautymarket.ma/products/klorane-shampoing-traitant-nutritif-au-beurre-de-mangue
BeautyMarket,Cheveux,Shampoing Sec,CAPIDERMA – SHAMPOING ENERGISANT – 200 ML,253.00,En stock,N/A,https://beautymarket.ma/products/capiderma-shampoing-energisant-200-ml
BeautyMarket,Cheveux,Shampoing Sec,RACINE VITA HUILE DE COCO 40ML,38.00,En stock,N/A,https://beautymarket.ma/products/racine-vita-huile-de-coco-40ml
BeautyMarket,Cheveux,Shampoing Sec,L'ORÉAL PARIS ELSEVE PACK SERUM HUILE EXTRA MIDNIGHT 100ML = TROUSSE OFFERTE,159.00,En stock,N/A,https://beautymarket.ma/products/loreal-paris-elseve-pack-serum-huile-extra-midnight-100ml-shp-400-tt-vanity-offerte
BeautyMarket,Cheveux,Shampoing Sec,VICHY DERCOS KERA-SOLUTIONS SHAMPOOING RECONSTITUANT – 250 ML,190.00,En stock,N/A,https://beautymarket.ma/products/vichy-dercos-kera-solutions-shampooing-reconstituant-250-ml
BeautyMarket,Cheveux,Shampoing Sec,BJORN AXEN REPAIR SHAMPOO 250 ML,249.00,En stock,N/A,https://beautymarket.ma/products/bjorn-axen-repair-shampoo-250-ml
BeautyMarket,Cheveux,Shampoing Sec,L'ORÉAL PROFESSIONNEL ABSOLUT MASQUE GOLDEN REPAIR 250 ML,324.00,En stock,N/A,https://beautymarket.ma/products/loreal-professionnel-absolut-masque-golden-repair-250-ml
BeautyMarket,Cheveux,Shampoing Sec,VICHY DERCOS ULTRA APAISANT CHEVEUX SECS – 200 ML,140.00,En stock,N/A,https://beautymarket.ma/products/vichy-dercos-ultra-apaisant-cheveux-secs-200-ml
BeautyMarket,Cheveux,Shampoing Sec,KLORANE APRÈS-SHAMPOOING BEURRE DE CUPUAÇU BIO 200 ML,149.00,En stock,N/A,https://beautymarket.ma/products/klorane-apres-shampooing-beurre-de-cupuacu-bio-200-ml
BeautyMarket,Cheveux,Shampoing Sec,L'ORÉAL PARIS ELSEVE HUILE EXTRAORDINAIRE JOJOBA + SHAMPOOING JOJOBA 200ML + TROUSSE OFFERTS,149.00,En stock,N/A,https://beautymarket.ma/products/loreal-paris-elseve-huile-extraordinaire-jojoba-shampooing-jojoba-200ml-trousse-offerts
BeautyMarket,Cheveux,Shampoing Sec,KLORANE SHAMPOOING AU CUPUACU 200ML,149.00,En stock,N/A,https://beautymarket.ma/products/klorane-shampooing-au-cupuacu-200ml
BeautyMarket,Cheveux,Shampoing Sec,KLORANE SHAMPOING TRAITANT NUTRITIF MANGUE 200ML,99.00,En stock,N/A,https://beautymarket.ma/products/copie-de-klorane-shampoing-traitant-nutritif-au-beurre-de-mangue
BeautyMarket,Cheveux,Shampoing Sec,KLORANE MANGUE CRÈME DE JOUR NOURRISSANTE – 125ML,140.00,En stock,N/A,https://beautymarket.ma/products/klorane-mangue-creme-de-jour-nourrissante-125ml
BeautyMarket,Cheveux,Shampoing Sec,CANTABRIA IRALTONE SHAMPOING FORTIFIANT 200ML,263.00,En stock,N/A,https://beautymarket.ma/products/iraltone-shampoing-fortifiant-200ml
BeautyMarket,Cheveux,Shampoing Sec,ERAYBA BIOSMOOTH BS 12 SHAMPOOING 250ML,269.00,En stock,N/A,https://beautymarket.ma/products/erayba-biosmooth-bs-12-shampooing-250ml
BeautyMarket,Cheveux,Shampoing Sec,BJORN AXEN PACK MOISTURE SHAMPOOING + CONDITIONER 250ML,449.00,En stock,N/A,https://beautymarket.ma/products/bjorn-axen-pack-moisture-shampooing-conditioner-250ml
BeautyMarket,Cheveux,Shampoing Sec,DUCRAY SQUANORM SHAMPOOING TRAITANT ANTIPELLICULAIRE PELLICULES GRASSES – 200 ML,166.00,En stock,N/A,https://beautymarket.ma/products/ducray-squanorm-shampooing-traitant-antipelliculaire-pellicules-grasses-200-ml
BeautyMarket,Cheveux,Shampoing Sec,D-CAP MASQUE REPARATION TOTALE CHEVEUX ABIMES 200 ML,264.00,En stock,N/A,https://beautymarket.ma/products/d-cap-masque-reparation-totale-cheveux-abimes-250-ml
BeautyMarket,Cheveux,Shampoing Sec,NATURESOIN HUILE CAPILLAIRE 7 BAIN D’HUILES VÉGÉTALES – 125 ML,64.00,En stock,N/A,https://beautymarket.ma/products/naturesoin-huile-capillaire-7-bain-d-huiles-vegetales-125-ml
BeautyMarket,Cheveux,Shampoing Sec,DCP HAIRLOSS SERUM CAPILLAIRE 100ML,427.00,En stock,N/A,https://beautymarket.ma/products/dcp-hairloss-serum-capillaire-100ml
BeautyMarket,Cheveux,Shampoing Sec,D-CAP RÉPARATION TOTALE SHAMPOOING 250ML,210.00,En stock,N/A,https://beautymarket.ma/products/d-cap-reparation-totale-shampooing-250ml
BeautyMarket,Cheveux,Shampoing Sec,ACM NOVOPHANE DS SHAMPOOING PELLICULES MODÉRÉES – 125 ML,176.00,En stock,N/A,https://beautymarket.ma/products/acm-novophane-ds-shampooing-pellicules-moderees-125-ml
BeautyMarket,Cheveux,Shampoing Sec,KLORANE BAUME APRÈS-SHAMPOING AU BEURRE DE MANGUE – 200 ML,159.00,En stock,N/A,https://beautymarket.ma/products/klorane-baume-apres-shampoing-au-beurre-de-mangue-200-ml
BeautyMarket,Cheveux,Shampoing Sec,RACINE VITA RICIN 40 ML,26.00,En stock,N/A,https://beautymarket.ma/products/racine-vita-ricin-40-ml
BeautyMarket,Cheveux,Shampoing Sec,RACINE VITA HUILE D'AMANDES DOUCES 1L,199.00,En stock,N/A,https://beautymarket.ma/products/racine-vita-huile-damandes-douces-1l
BeautyMarket,Cheveux,Shampoing Sec,L'ORÉAL PARIS ELSEVE HUILE REPLACEMENT EXTRA DISCIPLINE LES FRISOTTIS 125ML,69.00,En stock,N/A,https://beautymarket.ma/products/loreal-paris-elseve-huile-replacement-extra-discipline-les-frisottis-150ml
BeautyMarket,Cheveux,Shampoing Sec,KLORANE CICA SERUM REPARATEUR AU CUPUACU BIO 100 ML,209.00,En stock,N/A,https://beautymarket.ma/products/klorane-cica-serum-reparateur-au-cupuacu-bio-100-ml
BeautyMarket,Cheveux,Shampoing Sec,L'ORÉAL PARIS ELSEVE HUILE EXTRAORDINAIRE 100ML = SHAMPOOING 200ML + TROUSSE OFFERTS,159.00,En stock,N/A,https://beautymarket.ma/products/loreal-paris-elseve-huile-extraordinaire-100ml-shampoiing-jojoba-200ml
BeautyMarket,Cheveux,Shampoing Sec,RACINE VITA HUILE DE COCO 300GR,80.00,En stock,N/A,https://beautymarket.ma/products/racine-vita-huile-de-coco-300ml
BeautyMarket,Cheveux,Shampoing Sec,DCP HAIRLOSS MASQUE CAPILLAIRE 200ML,260.00,En stock,N/A,https://beautymarket.ma/products/dcp-hairloss-masque-capillaire-200ml
BeautyMarket,Cheveux,Shampoing Sec,"REVOX B77 HUILE RÉPARATRICE PLEX BOND ÉTAPE 7, 30 ML",156.00,En stock,N/A,https://beautymarket.ma/products/plex-bond-repairing-oil-step-7-30-ml
BeautyMarket,Cheveux,Shampoing Sec,KLORANE SHAMPOOING SEC EXTRA DOUX AU LAIT AVOINE 250 ML,189.00,En stock,N/A,https://beautymarket.ma/products/klorane-shampooing-sec-extra-doux-au-lait-d-avoine-150-ml
BeautyMarket,Cheveux,Shampoing Sec,ZIAJA NATURAL CARE MASQUE CHEVEUX 150 ML,99.00,En stock,N/A,https://beautymarket.ma/products/ziaja-natural-care-masque-cheveux-150-ml
BeautyMarket,Cheveux,Shampoing Sec,PURIADERM PURIPHAN SÉRUM THÉRAPEUTIQUE 60 ML,394.00,En stock,N/A,https://beautymarket.ma/products/puriaderm-puriphan-serum-therapeutique-60-ml
BeautyMarket,Cheveux,Shampoing Sec,ECRINAL MASQUE CAPILLAIRE 125ML,155.00,En stock,N/A,https://beautymarket.ma/products/ecrinal-masque-capillaire-125ml
BeautyMarket,Cheveux,Shampoing Sec,ZIAJA APRES SHAMPOOING A L’OLIVE NATUREL 200ML,69.00,En stock,N/A,https://beautymarket.ma/products/ziaja-apres-shampooing-a-l-olive-naturel-200ml
BeautyMarket,Cheveux,Shampoing Sec,GARNIER ROUTINE ULTRA DOUX AVOCAT – COFFRET COMPLET SOIN SANS RINÇAGE + APRÈS-SHAMPOOING 200ML + SHAMPOOING 200ML,109.00,En stock,N/A,https://beautymarket.ma/products/garnier-routine-ultra-doux-avocat-ssr-ap-shp-200ml-shp-200ml
BeautyMarket,Cheveux,Shampoing Sec,NATURESOIN HUILE D’AMANDES AMÈRES VIERGE – 50 ML,59.00,En stock,N/A,https://beautymarket.ma/products/naturesoin-huile-d-amandes-ameres-vierge-50-ml
BeautyMarket,Cheveux,Shampoing Sec,ZIAJA PACK ARGAN SHAMPOOING LISSANT – 300ML + SERUM LISSANT 50ML + MASQUE CAPILLAIRE LISSANT CONCENTRÉ – 200ML,280.00,En stock,N/A,https://beautymarket.ma/products/ziaja-pack-argan-shampooing-lissant-300ml-serum-lissant-50ml-masque-capillaire-lissant-concentre-200ml
BeautyMarket,Cheveux,Shampoing Sec,GILBERT HUILE D'AMANDE DOUCE 60ML GILBERT,59.00,En stock,N/A,https://beautymarket.ma/products/huile-damande-douce-60ml-gilbert
BeautyMarket,Cheveux,Shampoing Sec,ERAYBA NUTRIACTIVE N12 COLLASTIN SHAMPOOING 250ML,269.00,En stock,N/A,https://beautymarket.ma/products/erayba-nutriactive-n12-collastin-shampooing-250ml
BeautyMarket,Cheveux,Shampoing Sec,BIOKAP – MASQUE NOURRISSANT RÉPARATEUR – CHEVEUX SECS – 200 ML,284.00,En stock,N/A,https://beautymarket.ma/products/biokap-masque-nourrissant-reparateur-cheveux-secs-200-ml
BeautyMarket,Cheveux,Shampoing Sec,L'ORÉAL PARIS ELSEVE FALL RESIST AMINEXIL SHAMPOOING 200ML + SERUM 100ML,135.00,En stock,N/A,https://beautymarket.ma/products/loreal-paris-elseve-fall-resist-aminexil-shampooing-200ml-serum-100ml
BeautyMarket,Cheveux,Shampoing Sec,CAPHAIR SHAMPOING ENERGISANT ANTI-CHTE 200ML,156.00,En stock,N/A,https://beautymarket.ma/products/caphair-shampoing-energisant-anti-chte-200ml
BeautyMarket,Cheveux,Shampoing Sec,URIAGE – DS HAIR – SHAMPOOING TRAITANT ANTIPELLICULAIRE – 200ML,179.00,En stock,N/A,https://beautymarket.ma/products/uriage-ds-hair-shampooing-traitant-antipelliculaire-200ml
BeautyMarket,Cheveux,Shampoing Sec,GARNIER ULTRA DOUX – HAIR FOOD – APRÈS SHAMPOOING NOURISSANT À LA BANANE POUR CHEVEUX SECS 350ML,50.00,En stock,N/A,https://beautymarket.ma/products/garnier-ultra-doux-hair-food-apres-shampooing-nourissant-a-la-banane-pour-cheveux-secs-350ml
BeautyMarket,Cheveux,Shampoing Sec,BETER BROSSE DÉMÊLANTE PIRUETA,56.00,En stock,N/A,https://beautymarket.ma/products/brosse-demelante-pirueta
BeautyMarket,Cheveux,Shampoing Sec,KLORANE MASQUE AU CUPUAÇU 150ML,247.00,En stock,N/A,https://beautymarket.ma/products/klorane-masque-au-cupuacu-150ml
BeautyMarket,Cheveux,Shampoing Sec,FINO PREMIUM TOUCH PENETRATING SERUM HAIR OIL TRANSPARENT - 70ML,360.00,En stock,N/A,https://beautymarket.ma/products/fino-premium-touch-penetrating-serum-hair-oil-transparent-70ml
BeautyMarket,Cheveux,Shampoing Sec,BJORN AXEN DEEP CONDITIONING REPAIR HAIR MASK 200 ML,313.00,En stock,N/A,https://beautymarket.ma/products/bjorn-axen-deep-conditioning-repair-hair-mask-200-ml
BeautyMarket,Cheveux,Shampoing Sec,NATURESOIN HUILE À L’EXTRAIT D’AIL – 50 ML,46.00,En stock,N/A,https://beautymarket.ma/products/naturesoin-huile-a-l-extrait-d-ail-50-ml
BeautyMarket,Cheveux,Shampoing Sec,NUXE HAIR PRODIGIEUX LE MASQUE PRE-SHAMPOO NOURISHING MASK 125 ML,360.00,En stock,N/A,https://beautymarket.ma/products/nuxe-hair-prodigieux-le-masque-pre-shampoo-nourishing-mask-125-ml
BeautyMarket,Cheveux,Shampoing Sec,CLINICEUTICA CERACAP MASQUE NUTRI REPARATEUR 200ML,227.00,En stock,N/A,https://beautymarket.ma/products/cliniceutica-ceracap-masque-nutri-reparateur-200ml
BeautyMarket,Cheveux,Shampoing Sec,KLORANE SHAMPOOING SEC AU LAIT AVOINE TEINTÉ SPRAY – 150ML,98.00,En stock,N/A,https://beautymarket.ma/products/klorane-shampooing-sec-au-lait-d-avoine-teinte-spray-150ml
BeautyMarket,Cheveux,Shampoing Sec,KLORANE MASQUE RÉPARATEUR AU BEURRE DE MANGUE 150ML,235.00,En stock,N/A,https://beautymarket.ma/products/klorane-masque-reparateur-au-beurre-de-mangue-150ml
BeautyMarket,Cheveux,Shampoing Sec,NATURESOIN HUILE DE GRAINES DE FIGUE DE BARBARIE SOIN ANTI-RIDES – 50 ML,69.00,En stock,N/A,https://beautymarket.ma/products/naturesoin-huile-de-graines-de-figue-de-barbarie-soin-anti-rides-50-ml
BeautyMarket,Cheveux,Shampoing Sec,TH-PHARMA SHAMPOOING MACADAMIA ET KARITÉ 1 L,166.00,En stock,N/A,https://beautymarket.ma/products/th-pharma-shampooing-macadamia-et-karite-1-l
BeautyMarket,Cheveux,Shampoing Sec,CLINICEUTICA CERACAP NR SHAMPOOING NUTRI-RÉPARATEUR – 250ML,179.00,En stock,N/A,https://beautymarket.ma/products/cliniceutica-ceracap-nr-shampooing-nutri-reparateur-250ml
BeautyMarket,Cheveux,Shampoing Sec,SKINOR BIO HUILE DE COCO 250ML,169.00,En stock,N/A,https://beautymarket.ma/products/skinor-bio-huile-de-coco-50ml
BeautyMarket,Cheveux,Shampoing Sec,CAPIDERMA – REVITALISANT APRÈS SHAMPOING À LA KÉRATINE – 200 ML,263.00,En stock,N/A,https://beautymarket.ma/products/capiderma-revitalisant-apres-shampoing-a-la-keratine-200-ml
BeautyMarket,Cheveux,Shampoing Sec,D-CAP SERUM REPARATION TOTALE CHEVEUX ABIMES 100 ML,289.00,En stock,N/A,https://beautymarket.ma/products/d-cap-serum-reparation-totale-cheveux-abimes-100-ml
BeautyMarket,Cheveux,Shampoing Sec,SEXY HAIR HEALTHY MOISTURIZING SHAMPOO 300ML,148.00,En stock,N/A,https://beautymarket.ma/products/sexy-hair-healthy-moisturizing-shampoo
BeautyMarket,Cheveux,Shampoing Sec,BIOKERA SHAMPOING HYDRATANT 300ML,213.00,En stock,N/A,https://beautymarket.ma/products/biokera-shampoing-hydratant-300ml
BeautyMarket,Cheveux,Shampoing Sec,ERAYBA NUTRIACTIVE N12 COLLASTIN SHAMPOOING 1000ML,615.00,En stock,N/A,https://beautymarket.ma/products/erayba-nutriactive-n12-collastin-shampooing-1000ml
BeautyMarket,Cheveux,Shampoing Sec,CAPIDERMA – MASQUE TRAITANT RÉPARATEUR DE CHEVEUX INTENSE À LA KÉRATINE – 200 ML,340.00,En stock,N/A,https://beautymarket.ma/products/capiderma-masque-traitant-reparateur-de-cheveux-intense-a-la-keratine-200-ml-shampooing-energisant-75ml-offert
BeautyMarket,Cheveux,Shampoing Sec,L’ORÉAL ELSÈVE HUILE EXTRAORDINAIRE JOJOBA SHAMPOOING 400ML – NUTRITION CHEVEUX SECS,45.00,En stock,N/A,https://beautymarket.ma/products/l-oreal-elseve-huile-extraordinaire-jojoba-shampooing-400ml-nutrition-cheveux-secs
BeautyMarket,Cheveux,Shampoing Sec,RACINE VITA HUILE NOIX DE COCO EN POT 120G,81.00,En stock,N/A,https://beautymarket.ma/products/racine-vita-huile-noix-de-coco-en-pot-120g
BeautyMarket,Cheveux,Shampoing Sec,ERAYBA NUTRIACTIVE N18 COLLASTIN 2 PHASE CONDITIONER 200 ML,228.00,En stock,N/A,https://beautymarket.ma/products/erayba-nutriactive-n18-collastin-2-phase-conditioner-200-ml
BeautyMarket,Cheveux,Shampoing Sec,ERAYBA NUTRIACTIVE COLLASTIN MASQUE N10 250ML,269.00,En stock,N/A,https://beautymarket.ma/products/erayba-nutriactive-collastin-masque-n10-250ml
BeautyMarket,Cheveux,Shampoing Sec,WAAM HUILE DE COCO VIERGE 75 ML,115.00,En stock,N/A,https://beautymarket.ma/products/waam-huile-de-coco-vierge-100-ml
BeautyMarket,Cheveux,Shampoing Sec,KLORANE SHAMPOOING SEC EXTRA DOUX AVOINE 150 ML,159.00,En stock,N/A,https://beautymarket.ma/products/klorane-shampooing-sec-extra-doux-250-ml
BeautyMarket,Cheveux,Shampoing Sec,RACINE VITA HUILE D’AMANDE AMERE 40 ML,59.00,En stock,N/A,https://beautymarket.ma/products/racine-vita-huile-d-amande-amere-40-ml
BeautyMarket,Cheveux,Shampoing Sec,PURESSENTIEL ANTI-POUX TRAITEMENT COMPLET LOTION – FLACON DE 100 ML,263.00,En stock,N/A,https://beautymarket.ma/products/puressentiel-anti-poux-traitement-complet-lotion-flacon-de-100-ml
BeautyMarket,Cheveux,Shampoing Sec,BJORN AXEN MOISTURE SHAMPOOING 250ML,282.00,En stock,N/A,https://beautymarket.ma/products/bjorn-axen-moisture-shampooing-250ml
BeautyMarket,Cheveux,Shampoing Sec,GARNIER ULTRA DOUX – HAIR FOOD – SHAMPOOING NOURISSANT À LA BANANE POUR CHEVEUX SECS 350ML,59.00,En stock,N/A,https://beautymarket.ma/products/garnier-ultra-doux-hair-food-shampooing-nourissant-a-la-banane-pour-cheveux-secs-350ml
BeautyMarket,Cheveux,Shampoing Sec,BJORN AXEN MOISTURE HAIR MASK 200ML,336.00,En stock,N/A,https://beautymarket.ma/products/bjorn-axen-moisture-hair-mask-200ml
BeautyMarket,Cheveux,Shampoing Sec,WAAM HUILE DE JOJOBA 75 ML,175.00,En stock,N/A,https://beautymarket.ma/products/waam-huile-de-jojoba-100ml
BeautyMarket,Cheveux,Shampoing Sec,BIOKERA SÉRUM GRAPEOLOGY RAISIN 60ML,330.00,En stock,N/A,https://beautymarket.ma/products/biokera-serum-grapeology-raisin-60ml
BeautyMarket,Cheveux,Shampoing Sec,URIAGE – DS HAIR – SHAMPOOING TRAITANT KÉRATORÉDUCTEUR – 150ML,179.00,En stock,N/A,https://beautymarket.ma/products/uriage-ds-hair-shampooing-traitant-keratoreducteur-150ml
BeautyMarket,Cheveux,Shampoing Sec,ZIAJA SHAMPOOING REGENERANT A L’OLIVE NATUREL 400ML,98.00,En stock,N/A,https://beautymarket.ma/products/ziaja-shampooing-regenerant-a-l-olive-naturel-400ml
BeautyMarket,Cheveux,Shampoing Sec,PURIADERM PURIPHAN BAUME DEMELANT 200ML,243.00,En stock,N/A,https://beautymarket.ma/products/puriaderm-puriphan-baume-demelant-200ml
BeautyMarket,Cheveux,Shampoing Sec,WAAM BEURRE DE KARITE DESODORISE 100 ML,135.00,En stock,N/A,https://beautymarket.ma/products/waam-beurre-de-karite-desodorise-100-ml
BeautyMarket,Cheveux,Shampoing Sec,RACINE VITA SERUM NUTRITIF 40ML,79.00,En stock,N/A,https://beautymarket.ma/products/racine-vita-serum-nutritif-40ml
BeautyMarket,Cheveux,Shampoing Sec,L'ORÉAL PROFESSIONNEL BLOW-DRY FLUIDIFIER 150 ML,227.00,En stock,N/A,https://beautymarket.ma/products/loreal-professionnel-blow-dry-fluidifier-150-ml
BeautyMarket,Cheveux,Shampoing Sec,PURIADERM PURIPHAN SHAMPOOING HYDRATANT INTENSE OLIGO-SYNERGIQUE 200ML,267.00,En stock,N/A,https://beautymarket.ma/products/puriaderm-puriphan-shampooing-hydratant-intense-oligo-synergique-200ml
BeautyMarket,Cheveux,Shampoing Sec,SEXY HAIR VOLUMIZING SHAMPOO 300ML,176.00,En stock,N/A,https://beautymarket.ma/products/sexy-hair-volumizing-shampoo-300ml
BeautyMarket,Cheveux,Shampoing Sec,URBAN CARE TWISTED CURLS HIBISCUS & SHEA BUTTER NO SULFATE CONDITIONER 250 ML,119.00,En stock,N/A,https://beautymarket.ma/products/urban-care-twisted-curls-hibiscus-shea-butter-no-sulfate-conditioner-250-ml
BeautyMarket,Cheveux,Shampoing Sec,ERAYBA - HYDRAKER KERATIN TOTAL MASK K10 150ML,189.00,En stock,N/A,https://beautymarket.ma/products/erayba-hydraker-keratin-total-mask-k10-150ml
BeautyMarket,Cheveux,Shampoing Sec,ERAYBA BIO SMOOTH BS12 SMOOTHING SHAMPOING 1000 ML,540.00,En stock,N/A,https://beautymarket.ma/products/erayba-bio-smooth-bs12-smoothing-shampoing-1000-ml
BeautyMarket,Cheveux,Shampoing Sec,BIOKAP – SHAMPOING NOURRISSANT ET RÉPARATEUR BELLEZA – CHEVEUX SECS – 200 ML,225.00,En stock,N/A,https://beautymarket.ma/products/biokap-shampoing-nourrissant-et-reparateur-belleza-cheveux-secs-200-ml
BeautyMarket,Cheveux,Shampoing Sec,BATISTE SHAMPOOING SEC BLUSH FLORAL 200ML,75.00,En stock,N/A,https://beautymarket.ma/products/batiste-blush-shampooing-sec-200-ml
BeautyMarket,Cheveux,Shampoing Sec,WAAM HUILE D AVOCAT 100 ML,135.00,En stock,N/A,https://beautymarket.ma/products/waam-huile-d-avocat-100-ml
BeautyMarket,Cheveux,Shampoing Sec,ERAYBA NUTRIACTIVE N10 COLLASTIN MASK 1000 ML,642.00,En stock,N/A,https://beautymarket.ma/products/erayba-nutriactive-n10-collastin-mask-1000-ml
BeautyMarket,Cheveux,Shampoing Sec,ERAYBA BIOME B18 BIO 2-PHASE 200ML,239.00,En stock,N/A,https://beautymarket.ma/products/erayba-biome-b18-bio-2-phase-200ml
BeautyMarket,Cheveux,Shampoing Sec,ERAYBA NUTRIACTIVE N11 HYALURONIC VELVET,329.00,En stock,N/A,https://beautymarket.ma/products/erayba-nutriactive-n11-hyaluronic-velvet
BeautyMarket,Cheveux,Shampoing Sec,TWISTED CURLS HIBISCUS & SHEA BUTTER SHAMPOO 250ML,119.00,En stock,N/A,https://beautymarket.ma/products/twisted-curls-hibiscus-shea-butter-shampoo-250ml
BeautyMarket,Cheveux,Shampoing Sec,BJORN AXEN MOISTURE HAIR & SCALP SERUM 60ML,403.00,En stock,N/A,https://beautymarket.ma/products/bjorn-axen-moisture-hair-scalp-serum-60ml
BeautyMarket,Cheveux,Shampoing Sec,ERAYBA COFFRET NUTRIACTIVE CONDITIONER,678.00,En stock,N/A,https://beautymarket.ma/products/erayba-coffret-nutriactive-conditioner
BeautyMarket,Cheveux,Shampoing Sec,NATUREESOIN ARGAN TORRIFIEE,71.00,En stock,N/A,https://beautymarket.ma/products/nature-soin-argan-torrifiee
BeautyMarket,Cheveux,Shampoing Sec,WAAM HUILE D AMANDE DOUCE 75 ML,132.00,En stock,N/A,https://beautymarket.ma/products/waam-huile-d-amande-douce-100-ml
BeautyMarket,Cheveux,Shampoing Sec,PURIADERM PURIPHAN AMPOULES CHEVEUX FRAGILISÉS 30 AMPOULES*10 ML,695.00,En stock,N/A,https://beautymarket.ma/products/puriaderm-puriphan-ampoules-cheveux-fragilises-30-ampoules-10-ml
BeautyMarket,Cheveux,Shampoing Sec,ZIAJA CASHMERE PROTEINS VELVET SHINE SERUM 50ML,165.00,En stock,N/A,https://beautymarket.ma/products/ziaja-cashmere-proteins-velvet-shine-serum-50ml
BeautyMarket,Cheveux,Shampoing Sec,WAAM HUILE DE CAROTTE 50ML,99.00,En stock,N/A,https://beautymarket.ma/products/waam-huile-de-carotte-50ml
BeautyMarket,Cheveux,Shampoing Sec,L'ORÉAL PROFESSIONNEL INFORCER MASQUE 250 ML,264.00,En stock,N/A,https://beautymarket.ma/products/loreal-professionnel-inforcer-masque-250-ml
BeautyMarket,Cheveux,Shampoing Sec,BJORN AXEN VOLUMIZING SHAMPOO 250 ML,235.00,En stock,N/A,https://beautymarket.ma/products/bjorn-axen-volumizing-shampoo-250-ml
BeautyMarket,Cheveux,Shampoing Sec,ERAYBA ABH DETOX REFRESH CONDITIONNER LEAVE IN 200ML,270.00,En stock,N/A,https://beautymarket.ma/products/erayba-abh-detox-refresh-conditionner-leave-in-200ml
BeautyMarket,Cheveux,Shampoing Sec,BIOKAP – HUILE NOURRISSANTE ET RÉPARATRICE – CHEVEUX SECS – 125 ML,278.00,En stock,N/A,https://beautymarket.ma/products/biokap-huile-nourrissante-et-reparatrice-cheveux-secs-125-ml
BeautyMarket,Cheveux,Shampoing Sec,MACADAMIA SHAMPOOING RAJEUNISSANT NATURAL OIL 300ML,228.95,En stock,N/A,https://beautymarket.ma/products/macadamia-shampooing-rajeunissant-natural-oil
BeautyMarket,Cheveux,Shampoing Sec,PURIADERM PACK PURIPHAN AMPOULES 30 *10 ML + BAUME DEMELANT 200ML,695.00,En stock,N/A,https://beautymarket.ma/products/puriaderm-pack-puriphan-ampoules-30-10-ml
BeautyMarket,Cheveux,Shampoing Sec,MACADAMIA MOISTURIZING RINSE 300 ML,347.00,En stock,N/A,https://beautymarket.ma/products/macadamia-moisturizing-rinse-300-ml
BeautyMarket,Cheveux,Shampoing Sec,NATURESOIN HUILE D’OLIVE – 50 ML,44.00,En stock,N/A,https://beautymarket.ma/products/naturesoin-huile-d-olive-50-ml
BeautyMarket,Cheveux,Shampoing Sec,BIOKERA SHAMPOING ARGAN 300ML,255.00,En stock,N/A,https://beautymarket.ma/products/biokera-shampoing-argan-300ml
BeautyMarket,Cheveux,Shampoing Sec,ALPHANOVA LOTION ANTI-POUX & LENTES ZEROPOU 100ML,149.00,En stock,N/A,https://beautymarket.ma/products/alphanova-lotion-anti-poux-lentes-zeropou-100ml
BeautyMarket,Cheveux,Shampoing Sec,BJORN AXEN CURL CREATOR CREME 150 ML,299.00,En stock,N/A,https://beautymarket.ma/products/bjorn-axen-curl-creator-creme-150-ml
BeautyMarket,Cheveux,Shampoing Sec,L'ORÉAL PROFESSIONNEL INFORCER SHAMPOOING 500 ML,240.00,En stock,N/A,https://beautymarket.ma/products/loreal-professionnel-inforcer-shampooing-500-ml
BeautyMarket,Cheveux,Shampoing Sec,ERAYBA STYLE ACTIVE STRAIGHT BALM S01 150 ML,217.00,En stock,N/A,https://beautymarket.ma/products/erayba-style-active-straight-balm-s01-150-ml-1
BeautyMarket,Cheveux,Shampoing Sec,BJORN AXEN VOLUME MOUSSE MEDIUM HOLD 200 ML,336.00,En stock,N/A,https://beautymarket.ma/products/bjorn-axen-volume-mousse-medium-hold-200-ml
BeautyMarket,Cheveux,Shampoing Sec,BJORN AXEN CREME SMOOTH A L'HUILE D'ARGAN 150 ML,309.00,En stock,N/A,https://beautymarket.ma/products/bjorn-axen-creme-smooth-a-lhuile-dargan-150-ml
BeautyMarket,Cheveux,Shampoing Sec,IRALTONE SHAMPOING SÉBORÉGULATEUR 200ML,254.00,En stock,N/A,https://beautymarket.ma/products/iraltone-shampoing-seboregulateur-200ml
BeautyMarket,Cheveux,Shampoing Sec,OLAPLEX RICH HYDRATION MASK 200 ML – MASQUE HYDRATATION INTENSE & RÉPARATION,420.00,En stock,N/A,https://beautymarket.ma/products/olaplex-rich-hydration-mask-200-ml-masque-hydratation-intense-reparation
BeautyMarket,Cheveux,Shampoing Sec,BJÖRN AXEN MOISTURE CONDITIONER 250 ML,282.00,En stock,N/A,https://beautymarket.ma/products/bjorn-axen-moisture-conditioner-250-ml
BeautyMarket,Cheveux,Shampoing Sec,BATISTE SHAMPOING SEC ET SOIN PROTEGE 200 ML N1,78.00,En stock,N/A,https://beautymarket.ma/products/batiste-shampoing-sec-et-soin-protege-200-ml-n1
BeautyMarket,Cheveux,Shampoing Sec,WAAM HUILE DE LIN 75 ML,115.00,En stock,N/A,https://beautymarket.ma/products/waam-huile-de-lin-75-ml
BeautyMarket,Cheveux,Shampoing Sec,WAAM HUILE DE FENUGREC 50ML,99.00,En stock,N/A,https://beautymarket.ma/products/waam-huile-de-fenugrec-50ml
BeautyMarket,Cheveux,Shampoing Sec,BJORN AXEN VOLUMIZING CONDITIONER 250 ML,336.00,En stock,N/A,https://beautymarket.ma/products/bjorn-axen-volumizing-conditioner-250-ml
BeautyMarket,Cheveux,Shampoing Sec,LUXEOL MASQUE REPARATEUR CHEVEUX SECS OU ABIMES 200ML,308.00,En stock,N/A,https://beautymarket.ma/products/luxeol-masque-reparateur-cheveux-secs-ou-abimes-200ml
BeautyMarket,Cheveux,Shampoing Sec,BJORN AXEN MATT WAX STRONG HOLD 80 ML,250.00,En stock,N/A,https://beautymarket.ma/products/bjorn-axen-matt-wax-strong-hold-80-ml
BeautyMarket,Cheveux,Shampoing Sec,ERAYBA STYLE ACTIVE EXTREME GEL S07 150 ML,158.00,En stock,N/A,https://beautymarket.ma/products/erayba-style-active-extreme-gel-s07-150-ml-1
BeautyMarket,Cheveux,Shampoing Sec,M&D BIO12 SHAMPOOING REPARATEUR MULTI-ACTIF 250ML,195.00,En stock,N/A,https://beautymarket.ma/products/m-d-bio12-shampooing-reparateur-multi-actif-250ml
BeautyMarket,Cheveux,Shampoing Sec,ELSEVE HUILE EXTRAODINAIRE SHAMP NUTRITION ECLAT 200ML,29.00,En stock,N/A,https://beautymarket.ma/products/elseve-huile-extraodinaire-shamp-nutrition-eclat-200ml
BeautyMarket,Cheveux,Shampoing Sec,ERAYBA STYLE ACTIVE CLAY WAX S04 90 ML,195.00,En stock,N/A,https://beautymarket.ma/products/erayba-style-active-clay-wax-s04-90-ml
BeautyMarket,Cheveux,Shampoing Sec,BIOKAP – SHAMPOING ANTIPELLICULAIRE BELLEZA – 200 ML,225.00,En stock,N/A,https://beautymarket.ma/products/biokap-shampoing-antipelliculaire-belleza-200-ml
BeautyMarket,Cheveux,Shampoing Sec,APIVITA SHAMPOING POUR RACINES GRASSES ET POINTES SÈCHES 250ML,146.00,En stock,N/A,https://beautymarket.ma/products/apivita-shampoing-pour-racines-grasses-et-pointes-seches-250ml
BeautyMarket,Cheveux,Shampoing Sec,KUORA ANTI DANDRUFF SHAMPOO – SHAMPOOING ANTIPELLICULAIRE 250 ML,139.00,En stock,N/A,https://beautymarket.ma/products/kuora-anti-dandruff-shampoo-250ml
BeautyMarket,Cheveux,Shampoing Sec,WAAM PACK CHEVEUX ROUTINE 100% CLEAN,450.00,En stock,N/A,https://beautymarket.ma/products/waam-pack-cheveux-routine-100-clean
BeautyMarket,Cheveux,Shampoing Sec,OLAPLEX N 4D SHAMPOOING SEC VOLUME DETOX 250 ML,399.00,En stock,N/A,https://beautymarket.ma/products/olaplex-n-4d-shampooing-sec-volume-detox-250-ml
BeautyMarket,Cheveux,Shampoing Sec,WAAM HUILE D OIGNON 75 ML,125.00,En stock,N/A,https://beautymarket.ma/products/waam-huile-d-oignon-75-ml
BeautyMarket,Cheveux,Shampoing Sec,PHYTOCAPILL SHAMPOOING USAGE FRÉQUENT 200ML,137.00,En stock,N/A,https://beautymarket.ma/products/phytocapill-shampooing-usage-frequent-200ml
BeautyMarket,Cheveux,Shampoing Sec,BIOKERA SHAMPOING ARGAN 1L,555.00,En stock,N/A,https://beautymarket.ma/products/biokera-shampoing-argan-1l
BeautyMarket,Cheveux,Shampoing Sec,PHYTOCAPILL SHAMPOOING CHEVEUX SEC ET ABIMES 200ML,106.00,En stock,N/A,https://beautymarket.ma/products/phytocapill-shampooing-cheveux-sec-et-abimes-200ml
BeautyMarket,Cheveux,Shampoing Sec,DERMALIUM SHAMPOING POUR CHEVEUX SECS & ABIMES 250ML,222.00,En stock,N/A,https://beautymarket.ma/products/dermalium-shampoing-pour-cheveux-secs-abimes-250ml
BeautyMarket,Cheveux,Shampoing Sec,APIVITA APRÈS-SHAMPOING POUR RACINES GRASSES ET POINTES SÈCHES150ML,146.00,En stock,N/A,https://beautymarket.ma/products/apivita-apres-shampoing-pour-racines-grasses-et-pointes-seches150ml
BeautyMarket,Cheveux,Shampoing Sec,OLAPLEX BRUME SECHE VOLUMISANTE 150 ML,399.00,En stock,N/A,https://beautymarket.ma/products/olaplex-brume-seche-volumisante-150-ml
BeautyMarket,Cheveux,Shampoing Sec,BJORN AXEN SHORT HAIR WAX 80ML,255.00,En stock,N/A,https://beautymarket.ma/products/bjorn-axen-short-hair-wax-80ml
BeautyMarket,Cheveux,Shampoing Sec,WAAM HUILE DE CAFE VERT 75 ML,149.00,En stock,N/A,https://beautymarket.ma/products/waam-huile-de-cafe-vert-75-ml
BeautyMarket,Cheveux,Shampoing Sec,SEXY HAIR HARD UP GEL 10 HOLD,163.40,En stock,N/A,https://beautymarket.ma/products/sexy-hair-hard-up-gel-10-hold
BeautyMarket,Cheveux,Shampoing Sec,ACM NOVOPHANE SHP ULTRA NUTRITIF 200ML,196.00,En stock,N/A,https://beautymarket.ma/products/acm-novophane-shp-ultra-nutritif-200ml
BeautyMarket,Cheveux,Shampoing Sec,MACADAMIA MASQUE NOURISHING REPAIR 236 ML,342.00,En stock,N/A,https://beautymarket.ma/products/macadamia-masque-nourishing-repair-236-ml
BeautyMarket,Cheveux,Shampoing Sec,LUXEOL APRES SHAMPOOING REPARATEUR CHEVEUX SECS 200ML,248.00,En stock,N/A,https://beautymarket.ma/products/luxeol-apres-shampooing-reparateur-cheveux-secs-200ml
BeautyMarket,Cheveux,Shampoing Sec,PHYTO NUTRITION SHAMPOOING NOURRISSANT 500 ML,420.00,En stock,N/A,https://beautymarket.ma/products/phyto-nutrition-shampooing-nourrissant-500-ml
BeautyMarket,Cheveux,Shampoing Sec,PHYTO PHYTOELIXIR CRÈME DE SOIN LAVANTE 75ML,199.00,En stock,N/A,https://beautymarket.ma/products/phyto-phytoelixir-creme-de-soin-lavante-75ml
BeautyMarket,Cheveux,Shampoing Sec,PURESSENTIEL ANTI-POUX LOTION TRAITANTE FORMAT FAMILIAL – TUBE DE 200 ML,434.00,En stock,N/A,https://beautymarket.ma/products/puressentiel-anti-poux-lotion-traitante-format-familial-tube-de-200-ml
BeautyMarket,Cheveux,Shampoing Sec,ERAYBA NUTRIACTIVE N12 COLLASTIN SHAMPOOING 500ML,377.00,En stock,N/A,https://beautymarket.ma/products/erayba-nutriactive-n12-collastin-shampooing-500ml
BeautyMarket,Cheveux,Shampoing Sec,PHYTEMA LOTION ULTRA-PLUS ANTI CHEVEUX BLANCS NATURELLE – 150 ML,360.00,En stock,N/A,https://beautymarket.ma/products/phytema-lotion-ultra-plus-anti-cheveux-blancs-naturelle-150-ml
BeautyMarket,Cheveux,Shampoing Sec,ERAYBA STYLE ACTIVE EXTREME WAX S05 90 ML,194.00,En stock,N/A,https://beautymarket.ma/products/erayba-style-active-extreme-wax-s05-90-ml
BeautyMarket,Cheveux,Shampoing Sec,CADITAR SHAMPOING CHEVEUX SECS – 150 ML,173.00,En stock,N/A,https://beautymarket.ma/products/caditar-shampoing-cheveux-secs-150-ml
BeautyMarket,Cheveux,Shampoing Sec,APIVITA MASQUE CAPILLAIRE NOURRISSANT RÉPARATEUR 200 ML – CHEVEUX SECS & ABÎMÉS,135.00,En stock,N/A,https://beautymarket.ma/products/apivita-masque-capillaire-nourrissant-reparateur-200-ml-cheveux-secs-abimes
BeautyMarket,Cheveux,Shampoing Sec,PAUL MITCHELL CLEAN BEAUTY HYDRATE SHAMPOOING 250 ML,319.00,En stock,N/A,https://beautymarket.ma/products/paul-mitchell-clean-beauty-hydrate-shampoo-250-ml
BeautyMarket,Cheveux,Shampoing Sec,PHYTO NUTRITION SHAMPOOING NOURRISSANT 250 ML,300.00,En stock,N/A,https://beautymarket.ma/products/phyto-nutrition-shampooing-nourrissant-250-ml
BeautyMarket,Cheveux,Shampoing Sec,APIVITA PELLICULES SÈCHES SHAMPOOING ANTI-PELLICULAIRE 250 ML,158.00,En stock,N/A,https://beautymarket.ma/products/apivita-pellicules-seches-shampooing-anti-pelliculaire-250-ml
BeautyMarket,Cheveux,Shampoing Sec,PLACENTOR APRES SHAMPOOING REPARATEUR 200ML,186.00,En stock,N/A,https://beautymarket.ma/products/placentor-apres-shampooing-reparateur-200ml
BeautyMarket,Cheveux,Shampoing Sec,COFFRET 50 ANS PHYTO 7 CRÈME DE JOUR 50ML + PHYTOJOBA SHAMPOOING 100ML (OFFERT),168.00,En stock,N/A,https://beautymarket.ma/products/coffret-50-ans-phyto-7-creme-de-jour-50ml-phytojoba-shampooing-100ml-offert
BeautyMarket,Cheveux,Shampoing Sec,WELEDA SHAMPOOING RÉGÉNÉRANT À L'AVOINE,99.75,En stock,N/A,https://beautymarket.ma/products/weleda-shampooing-regenerant-a-lavoine
BeautyMarket,Cheveux,Shampoing Sec,RACINE VITA HUILE DE NOIX 40ML,68.00,En stock,N/A,https://beautymarket.ma/products/racine-vita-huile-de-noix-40ml
BeautyMarket,Cheveux,Shampoing Sec,ERAYBA ALWAYS BEAUTIFUL HAIR SPRAY 2 PHASES REPAIR 200 ML – RÉPARATEUR & PROTECTEUR ANTI-UV,226.00,En stock,N/A,https://beautymarket.ma/products/erayba-always-beautiful-hair-spray-2-phases-repair-200-ml-reparateur-protecteur-anti-uv
BeautyMarket,Cheveux,Shampoing Sec,K18 AIRWASH DRY SHAMPOOING 118ML,579.00,En stock,N/A,https://beautymarket.ma/products/k18-airwash-dry-shampooing-118ml
BeautyMarket,Cheveux,Shampoing Sec,PAUL MITCHELL CLEAN BEAUTY LAVENDER MINT MOISTURIZING SHAMPOO 300 ML,299.00,En stock,N/A,https://beautymarket.ma/products/paul-mitchell-clean-beauty-lavender-mint-moisturizing-shampoo-300-ml
BeautyMarket,Cheveux,Shampoing Sec,PAUL MITCHELL CLEAN BEAUTY LAVENDER MINT MOISTURIZING CONDITIONER 300 ML,299.00,En stock,N/A,https://beautymarket.ma/products/paul-mitchell-clean-beauty-lavender-mint-moisturizing-conditioner-300-ml
BeautyMarket,Cheveux,Shampoing Sec,PAUL MITCHELL CLEAN BEAUTY SCALP THERAPY SHAMPOOING 250 ML,319.00,En stock,N/A,https://beautymarket.ma/products/paul-mitchell-clean-beauty-scalp-therapy-shampooing-250-ml
BeautyMarket,Cheveux,Shampoing Sec,PAUL MITCHELL CLEAN BEAUTY EXTRA BODY THICKEN UP 200 ML,259.00,En stock,N/A,https://beautymarket.ma/products/paul-mitchell-clean-beauty-extra-body-thicken-up-200-ml
BeautyMarket,Cheveux,Shampoing Sec,WAAM HUILE DE NOYAUX D ABRICOT 75 ML,149.00,En stock,N/A,https://beautymarket.ma/products/waam-huile-de-noyaux-d-abricot-75-ml
BeautyMarket,Cheveux,Shampoing Sec,BJORN AXEN DRY SPRAY TEXTURE & VOLUME 200ML,336.00,En stock,N/A,https://beautymarket.ma/products/bjorn-axen-dry-spray-texture-volume-200ml
BeautyMarket,Cheveux,Shampoing Sec,NEW OIL COSMETICS HUILE DE CHANVRE 30 ML,251.00,En stock,N/A,https://beautymarket.ma/products/new-oil-cosmetics-huile-de-chanvre-3oml
BeautyMarket,Cheveux,Shampoing Sec,HELIABRINE MASQUE NUTRI REPARATEUR 75ML,165.00,En stock,N/A,https://beautymarket.ma/products/heliabrine-masque-nutri-reparateur-75ml
BeautyMarket,Cheveux,Shampoing Sec,ARGAN D'OR HUILE D'ARGAN ALIMENTAIRE BIO,342.00,En stock,N/A,https://beautymarket.ma/products/argan-dor-huile-dargan
BeautyMarket,Cheveux,Shampoing Sec,CAPILLUM SHAMPOOING A LA KERATINE 240ML,104.00,En stock,N/A,https://beautymarket.ma/products/capillum-shampooing-a-la-keratine-240ml
BeautyMarket,Cheveux,Shampoing Sec,BIOKERA SHAMPOING HYDRATANT 1L,419.00,En stock,N/A,https://beautymarket.ma/products/biokera-shampoing-hydratant-1l
BeautyMarket,Cheveux,Shampoing Sec,BIOKERA SHAMPOING FRESH GREEN SHOT 300ML,248.00,En stock,N/A,https://beautymarket.ma/products/biokera-shampoing-fresh-green-shot-300ml
BeautyMarket,Cheveux,Shampoing Sec,REVOX B77 PLEX MULTI-PEPTIDE SHAMPOO STEP 4P 260ML,149.00,En stock,N/A,https://beautymarket.ma/products/revox-b77-plex-multi-peptide-shampoo-step-4p-260ml
BeautyMarket,Cheveux,Shampoing Sec,GARNIER ULTRA DOUX CAMOMILLE SHAMPOOING ILLUMINANT SOLEIL 400 ML,59.00,En stock,N/A,https://beautymarket.ma/products/garnier-ultra-doux-camomille-shampooing-illuminant-soleil-400-ml
BeautyMarket,Cheveux,Shampoing Sec,VICHY DERCOS SHAMPOOING ANTIPELLICULAIRE CHEVEUX SECS 200 ML = FORMAT VOYAGE 50 ML + SERVIETTE CHEVEUX OFFERTS,149.00,En stock,N/A,https://beautymarket.ma/products/vichy-dercos-shampooing-antipelliculaire-cheveux-secs-200-ml-format-voyage-50-ml-serviette-cheveux-offerts
BeautyMarket,Cheveux,Shampoing Sec,ERAYBA ABH VOLUME SHAMPOOING 250ML + VOLUME BALM ANTI-FRISOTTIS 150ML = ROLLER CLIPS 4 PACK OFFERT,518.00,En stock,N/A,https://beautymarket.ma/products/erayba-abh-volume-shampooing-250ml-erayba-abh-volume-balm-anti-frisottis-150ml-roller-clips-4-pack-offert
BeautyMarket,Cheveux,Shampoing Sec,ERAYBA ALWAYS BEAUTIFUL HAIR SHAMPOOING RÉPARATEUR - CHEVEUX ABÎMÉS 1000ML,535.00,En stock,N/A,https://beautymarket.ma/products/erayba-always-beautiful-hair-shampooing-reparateur-cheveux-abimes-250ml
BeautyMarket,Cheveux,Shampoing Sec,GARNIER ULTRA DOUX HUILE AVOCAT 120ML + SHAMPOOING AVOCAT/KARITÉ 200ML OFFERT – SOIN NOURRISSANT CHEVEUX SECS ET FRISOTTIS,99.00,En stock,N/A,https://beautymarket.ma/products/garnier-ultra-doux-huile-avocat-120ml-shampooing-avocat-karite-200ml-offert-soin-nourrissant-cheveux-secs-et-frisottis
BeautyMarket,Cheveux,Shampoing Sec,GARNIER ULTRA DOUX HAIR REMEDY AVOCAT & KARITÉ – MASQUE 340ML + SHAMPOOING 400ML,99.00,En stock,N/A,https://beautymarket.ma/products/garnier-ultra-doux-hair-remedy-avocat-karite-masque-340ml-shampooing-400ml
BeautyMarket,Cheveux,Shampoing Sec,PAUL MITCHELL CLEAN BEAUTY SCALP THERAPY CONDITIONER 250 ML,319.00,En stock,N/A,https://beautymarket.ma/products/paul-mitchell-clean-beauty-scalp-therapy-conditioner-250-ml
BeautyMarket,Cheveux,Shampoing Sec,PAUL MITCHELL CLEAN BEAUTY HYDRATE CONDITIONER 250 ML,329.00,En stock,N/A,https://beautymarket.ma/products/paul-mitchell-clean-beauty-hydrate-conditioner-250-ml
BeautyMarket,Cheveux,Shampoing Sec,PAUL MITCHELL CLEAN BEAUTY MOISTURE SUPER CHARGED TREATMENT 150 ML,269.00,En stock,N/A,https://beautymarket.ma/products/paul-mitchell-clean-beauty-moisture-super-charged-treatment-150-ml
BeautyMarket,Cheveux,Shampoing Sec,PAUL MITCHELL CLEAN BEAUTY MOISTURE AWAPUHI MOISTURE MIST 250 ML,199.00,En stock,N/A,https://beautymarket.ma/products/paul-mitchell-clean-beauty-moisture-awapuhi-moisture-mist-250-ml
BeautyMarket,Cheveux,Shampoing Sec,PAUL MITCHELL CLEAN BEAUTY INSTANT MOISTURE CONDITIONER 200 ML,209.00,En stock,N/A,https://beautymarket.ma/products/paul-mitchell-clean-beauty-instant-moisture-conditioner-200-ml
BeautyMarket,Cheveux,Shampoing Sec,PAUL MITCHELL CLEAN BEAUTY INSTANT MOISTURE SHAMPOOING 300 ML,199.00,En stock,N/A,https://beautymarket.ma/products/paul-mitchell-clean-beauty-instant-moisture-shampooing-300-ml
BeautyMarket,Cheveux,Shampoing Sec,PHYTO NUTRITION APRÈS-SHAMPOOING NOURRISSANT 175 ML,325.00,En stock,N/A,https://beautymarket.ma/products/phyto-nutrition-apres-shampooing-nourrissant-175-ml
BeautyMarket,Cheveux,Shampoing Sec,ZIAJA CACHEMIRE SPRAY FORTIFIANT APRES SHAMPOOING DUO PHASE 125 ML,165.00,En stock,N/A,https://beautymarket.ma/products/ziaja-cachemire-spray-fortifiant-apres-shampooing-duo-phase-125-ml
BeautyMarket,Cheveux,Shampoing Sec,L'ORÉAL PROFESSIONNEL SERIE EXPERT SILVER SHAMPOOING 500ML,250.00,En stock,N/A,https://beautymarket.ma/products/loreal-professionnel-serie-expert-silver-shampooing-500ml
BeautyMarket,Cheveux,Shampoing Sec,APIVITA SHAMPOOING HYDRATANT HYALLURONIC ACID 250ML,158.00,En stock,N/A,https://beautymarket.ma/products/apivita-shampooing-hydratant-hyalluronic-acid-250ml
BeautyMarket,Cheveux,Shampoing Sec,ARGANE TERROIR HUILE D'ARGAN ALIMENTAIRE BIO,348.00,En stock,N/A,https://beautymarket.ma/products/argane-terroir-huile-dargan-alimentaire-bio
BeautyMarket,Cheveux,Shampoing Sec,PHYTEMA LOTION NATURELLE ANTI-CHUTE – 150 ML,360.00,En stock,N/A,https://beautymarket.ma/products/phytema-lotion-naturelle-anti-chute-150-ml
BeautyMarket,Cheveux,Shampoing Sec,MACADAMIA MASQUE HYDRATANT LÉGER WEIGHTLESS REPAIR,342.00,En stock,N/A,https://beautymarket.ma/products/macadamia-masque-hydratant-leger-weightless-repair
BeautyMarket,Cheveux,Shampoing Sec,CAPILLUM SHAMPOOING FORTIFIANT 240ML,119.00,En stock,N/A,https://beautymarket.ma/products/capillum-shampooing-fortifiant-240ml
BeautyMarket,Cheveux,Cheveux Colores,L'ORÉAL PROFESSIONNEL SHAMPOING METAL DETOX 500 ML,319.00,En stock,N/A,https://beautymarket.ma/products/loreal-professionnel-shampoing-metal-detox-500-ml
BeautyMarket,Cheveux,Cheveux Colores,L'ORÉAL PROFESSIONNEL VITAMINO COLOR SHAMPOOING 300 ML + MASQUE 250ML,405.00,En stock,N/A,https://beautymarket.ma/products/loreal-professionnel-vitamino-color-shampooing-300-ml-masque-250ml-trousse-offerte
BeautyMarket,Cheveux,Cheveux Colores,"REVOX B77 PLEX HAIR PERFECTING TREATMENT STEP3, 260 ML",168.00,En stock,N/A,https://beautymarket.ma/products/plex-hair-perfecting-treatment-step-3-260-ml
BeautyMarket,Cheveux,Cheveux Colores,ERAYBA GAMMA NEXT COLOR 4.00 CHATAIN NATUREL 100ML,190.00,En stock,N/A,https://beautymarket.ma/products/erayba-gamma-next-color-4-00-chatain-naturel-100ml
BeautyMarket,Cheveux,Cheveux Colores,L'ORÉAL PROFESSIONNEL VITAMINO COLOR SHAMPOOING 300 ML,189.00,En stock,N/A,https://beautymarket.ma/products/loreal-professionnel-vitamino-color-shampooing-300-ml
BeautyMarket,Cheveux,Cheveux Colores,L'ORÉAL PROFESSIONNEL VITAMINO COLOR SHAMPOOING 500 ML,350.00,En stock,N/A,https://beautymarket.ma/products/loreal-professionnel-vitamino-color-shampooing-500-ml
BeautyMarket,Cheveux,Cheveux Colores,COLOR ET SOIN COLORATION MARRON CHOCOLAT 5B,189.00,En stock,N/A,https://beautymarket.ma/products/color-et-soin-coloration-marron-chocolat-5b
BeautyMarket,Cheveux,Cheveux Colores,L'ORÉAL PROFESSIONNEL MASQUE METAL DETOX 500 ML,429.00,En stock,N/A,https://beautymarket.ma/products/loreal-professionnel-masque-metal-detox-500-ml
BeautyMarket,Cheveux,Cheveux Colores,"REVOX B77 SHAMPOOING PLEX BOND CARE ÉTAPE 4, 260ML",144.00,En stock,N/A,https://beautymarket.ma/products/plex-bond-care-shampoo-step-4-260-ml
BeautyMarket,Cheveux,Cheveux Colores,L'ORÉAL PROFESSIONNEL VITAMINO COLOR MASQUE 250 ML,250.00,En stock,N/A,https://beautymarket.ma/products/loreal-professionnel-vitamino-color-masque-professionnel-250-ml
BeautyMarket,Cheveux,Cheveux Colores,L'ORÉAL PROFESSIONNEL VITAMINO COLOR LAIT 10 EN 1 PROFESSIONNEL 190ML,259.00,En stock,N/A,https://beautymarket.ma/products/loreal-professionnel-vitamino-color-lait-10-en-1-professionnel-190ml
BeautyMarket,Cheveux,Cheveux Colores,L'ORÉAL PROFESSIONNEL CHROMA CREME BLUE DYES 300 ML,147.00,En stock,N/A,https://beautymarket.ma/products/loreal-professionnel-chroma-creme-blue-dyes-300-ml
BeautyMarket,Cheveux,Cheveux Colores,D-CAP COLORATION PERMANENTE 3 CHÂTAIN FONCÉ,138.00,En stock,N/A,https://beautymarket.ma/products/d-cap-coloration-permanente-3-chatain-fonce
BeautyMarket,Cheveux,Cheveux Colores,CAUDALIE SHAMPOING SOIN DOUCEUR - 200ML,228.00,En stock,N/A,https://beautymarket.ma/products/caudalie-shampoing-soin-douceur-200ml
BeautyMarket,Cheveux,Cheveux Colores,ERAYBA GAMMA NEXT COLORATION 6.00 BLOND FONCE NATUREL COLORATION HYDRATANTE PERMANENTE,190.00,En stock,N/A,https://beautymarket.ma/products/erayba-gamma-next-coloration-6-00-blond-fonce-naturel-coloration-hydratante-permanente
BeautyMarket,Cheveux,Cheveux Colores,D-CAP COLORATION PERMANENTE 5 CHATIN CLAIR,165.00,En stock,N/A,https://beautymarket.ma/products/d-cap-coloration-permanente-5-chatin-clair
BeautyMarket,Cheveux,Cheveux Colores,OLAPLEX N°4 P SHAMPOOING TONIFIANT 250 ML,399.00,En stock,N/A,https://beautymarket.ma/products/olaplex-n-4p
BeautyMarket,Cheveux,Cheveux Colores,D-CAP COLORATION PERMANENTE 1 NOIR,138.00,En stock,N/A,https://beautymarket.ma/products/d-cap-coloration-permanente-1-noir
BeautyMarket,Cheveux,Cheveux Colores,ERAYBA ABH COLOR CARE SHAMPOOING 250ML,280.00,En stock,N/A,https://beautymarket.ma/products/erayba-abh-color-care-shampooing-250ml
BeautyMarket,Cheveux,Cheveux Colores,L'ORÉAL PROFESSIONNEL SILVER SOIN APRES SHAMPOOING 200 ML,198.00,En stock,N/A,https://beautymarket.ma/products/loreal-professionnel-silver-soin-apres-shampooing-200-ml
BeautyMarket,Cheveux,Cheveux Colores,"REVOX B77 ÉTAPE DE CONDITIONNEUR PLEX BOND CARE STEP 5, 260 ML",144.00,En stock,N/A,https://beautymarket.ma/products/plex-bond-care-conditioner-step-5-260-ml
BeautyMarket,Cheveux,Cheveux Colores,D-CAP COLORATION PERMANENTE N 4 CHATAIN,165.00,En stock,N/A,https://beautymarket.ma/products/d-cap-coloration-permanente-n-4-chatain
BeautyMarket,Cheveux,Cheveux Colores,COLOR ET SOIN COLORATION MARRON MARRON GLACE 4A,189.00,En stock,N/A,https://beautymarket.ma/products/color-et-soin-coloration-marron-marron-glace-4a
BeautyMarket,Cheveux,Cheveux Colores,COLOR ET SOIN COLORATION MARRON CACAO 6B,189.00,En stock,N/A,https://beautymarket.ma/products/color-et-soin-coloration-marron-cacao-6b
BeautyMarket,Cheveux,Cheveux Colores,BIOKAP NUTRICOLOR DELICATO 5.5 CHATAIN CLAIR ACAJOU,189.00,En stock,N/A,https://beautymarket.ma/products/biokap-nutricolor-delicato-5-5-chatain-clair-acajou
BeautyMarket,Cheveux,Cheveux Colores,ERAYBA ABH COLOR CARE CONDITIONER LEAVE-IN 200ML,216.00,En stock,N/A,https://beautymarket.ma/products/erayba-abh-color-care-conditioner-leave-in-200ml
BeautyMarket,Cheveux,Cheveux Colores,COLOR ET SOIN COLORATION CHATAIN BROWNIE 4B,189.00,En stock,N/A,https://beautymarket.ma/products/color-et-soin-coloration-chatain-brownie-4b
BeautyMarket,Cheveux,Cheveux Colores,L'ORÉAL PROFESSIONNEL CHROMA CREME SHAMPOOING 500 ML,240.00,En stock,N/A,https://beautymarket.ma/products/loreal-professionnel-chroma-creme-shampooing-300-ml-1
BeautyMarket,Cheveux,Cheveux Colores,BJORN AXEN COLOR SEAL SHAMPOOING 250 ML,282.00,En stock,N/A,https://beautymarket.ma/products/bjorn-axen-color-seal-shampooing-250-ml
BeautyMarket,Cheveux,Cheveux Colores,COLOR ET SOIN COLORATION CHATAIN CLAIR CAPPUCCINO 5GM,189.00,En stock,N/A,https://beautymarket.ma/products/color-et-soin-coloration-chatain-clair-cappuccino-5gm
BeautyMarket,Cheveux,Cheveux Colores,ERAYBA ABH COLOR CARE MASK 250ML,266.00,En stock,N/A,https://beautymarket.ma/products/erayba-color-care-mask-250ml
BeautyMarket,Cheveux,Cheveux Colores,ERAYBA GAMMA COLORATION 3/00 CHATAIN FONCE,199.00,En stock,N/A,https://beautymarket.ma/products/erayba-gamma-coloration-3-00-chatain-fonce
BeautyMarket,Cheveux,Cheveux Colores,D-CAP COLORATION PERMANENTE N 8 BLOND CLAIR,165.00,En stock,N/A,https://beautymarket.ma/products/d-cap-coloration-permanente-n-8-blond-clair
BeautyMarket,Cheveux,Cheveux Colores,COLOR ET SOIN COLORATION CHATAIN CLAIR ACAJOU 5M,189.00,En stock,N/A,https://beautymarket.ma/products/color-et-soin-coloration-chatain-clair-acajou-n5
BeautyMarket,Cheveux,Cheveux Colores,L'ORÉAL PROFESSIONNEL CHROMA CREME SHAMPOOING 300 ML,147.00,En stock,N/A,https://beautymarket.ma/products/loreal-professionnel-chroma-creme-shampooing-300-ml
BeautyMarket,Cheveux,Cheveux Colores,RACINE VITA 7 HUILES CAPILLAIRES 125ML,59.00,En stock,N/A,https://beautymarket.ma/products/racine-vita-7-huiles-capillaires-125ml
BeautyMarket,Cheveux,Cheveux Colores,MACADAMIA NOURISHING REPAIR SHAMPOO 300 ML,194.00,En stock,N/A,https://beautymarket.ma/products/macadamia-nourishing-repair-shampoo-300-ml
BeautyMarket,Cheveux,Cheveux Colores,BIOKAP – NUTRICOLOR SHAMPOING RESTRUCTURANT – 200 ML,225.00,En stock,N/A,https://beautymarket.ma/products/biokap-nutricolor-shampoing-restructurant-200-ml
BeautyMarket,Cheveux,Cheveux Colores,HERBATINT SOIN COLORANT PERMANENT 7D GOLDEN BLONDE,150.00,En stock,N/A,https://beautymarket.ma/products/herbatint-soin-colorant-permanent-7d
BeautyMarket,Cheveux,Cheveux Colores,RACINE VITA HUILE DE GRAINES DE NIGELLE 40ML,60.00,En stock,N/A,https://beautymarket.ma/products/racine-vita-huile-de-graines-de-nigelle-40ml
BeautyMarket,Cheveux,Cheveux Colores,APIVITA SHAMPOOING PROTECTION COULEUR 250ML CHEVEUX COLORES,133.00,En stock,N/A,https://beautymarket.ma/products/apivita-shampooing-protection-couleur-250ml-cheveux-colores
BeautyMarket,Cheveux,Cheveux Colores,BJORN AXEN COLOR SEAL LEAVE IN TREATMENT 125ML,336.00,En stock,N/A,https://beautymarket.ma/products/bjorn-axen-color-seal-leave-in-treatment-125ml
BeautyMarket,Cheveux,Cheveux Colores,BJORN AXEN COLOR SEAL HAIR MASK 200ML,336.00,En stock,N/A,https://beautymarket.ma/products/bjorn-axen-color-seal-hair-mask-200ml
BeautyMarket,Cheveux,Cheveux Colores,D CAP COLORATION PERMANENTE N 6 BLOND FONCE,139.00,En stock,N/A,https://beautymarket.ma/products/d-cap-coloration-permanente-n-6-blond-fonce
BeautyMarket,Cheveux,Cheveux Colores,D-CAP SHAMPOOING PROTECTEUR COULEUR 250ML,175.00,En stock,N/A,https://beautymarket.ma/products/d-cap-shampooing-protecteur-couleur-250ml
BeautyMarket,Cheveux,Cheveux Colores,L'ORÉAL PROFESSIONNEL CHROMA CREME GREEN DYES 500ML,240.00,En stock,N/A,https://beautymarket.ma/products/loreal-professionnel-chroma-creme-green-dyes-500ml
BeautyMarket,Cheveux,Cheveux Colores,BIOKERA SHAMPOING GRAPEOLOGY RAISIN 300ML,270.00,En stock,N/A,https://beautymarket.ma/products/biokera-shampoing-grapeology-raisin-300ml
BeautyMarket,Cheveux,Cheveux Colores,BJORN AXEN COLOR SEAL CONDITIONNER 250ML,282.00,En stock,N/A,https://beautymarket.ma/products/bjorn-axen-color-seal-conditionner-250ml
BeautyMarket,Cheveux,Cheveux Colores,ERAYBA GAMMA COLORATION HYDRATANTE PERMANENTE 5-36 – CHÂTAIN CLAIR DORÉ BRUN,159.00,En stock,N/A,https://beautymarket.ma/products/erayba-gamma-coloration-hydratante-permanente-5-36-chatain-clair-dore-brun
BeautyMarket,Cheveux,Cheveux Colores,COLOR ET SOIN COLORATION PERMANENTE BLOND CLAIR CENDRE 10 A 135 ML,189.00,En stock,N/A,https://beautymarket.ma/products/color-et-soin-coloration-permanente-blond-clair-cendre-10-a-135-ml
BeautyMarket,Cheveux,Cheveux Colores,ERAYBA ABH/BOÎTE CADEAU COLOR CARE,594.00,En stock,N/A,https://beautymarket.ma/products/erayba-abh-boite-cadeau-color-care
BeautyMarket,Cheveux,Cheveux Colores,COLOR & SOIN COLORATION PERMANENTE 11R ROUGE MYRTILLE – COULEUR INTENSE & SOIN PROTECTEUR,133.00,En stock,N/A,https://beautymarket.ma/products/color-soin-coloration-permanente-11r-rouge-myrtille-couleur-intense-soin-protecteur
BeautyMarket,Cheveux,Cheveux Colores,COLOR ET SOIN COLORATION PERMANENTE BLOND VENEZIANO 8 V 135 ML,189.00,En stock,N/A,https://beautymarket.ma/products/color-et-soin-coloration-permanente-blond-veneziano-8-v-135-ml
BeautyMarket,Cheveux,Cheveux Colores,COLOR ET SOIN COLORATION PERMANENTE BLOND PATINE 10 N 135 ML,189.00,En stock,N/A,https://beautymarket.ma/products/color-et-soin-coloration-permanente-10-n-blond-patine-135-ml
BeautyMarket,Cheveux,Cheveux Colores,COLOR ET SOIN COLORATION PERMANENTE 7G BLOND DORE 135 ML,189.00,En stock,N/A,https://beautymarket.ma/products/color-et-soin-coloration-permanente-7g-blond-dore-135-ml
BeautyMarket,Cheveux,Cheveux Colores,PHYTO MASQUE PROLONGATEUR DE COULEUR CHEVEUX COLORES 200ML,435.00,En stock,N/A,https://beautymarket.ma/products/phyto-masque-prolongateur-de-couleur-cheveux-colores-200ml
BeautyMarket,Cheveux,Cheveux Colores,PHYTO SHAMPOOING ANTI-DECOLORATION 250ML,325.00,En stock,N/A,https://beautymarket.ma/products/phyto-shampooing-anti-decoloration-250ml
BeautyMarket,Cheveux,Cheveux Colores,BIOKAP NUTRICOLOR CONDITIONNEUR 200ML,199.00,En stock,N/A,https://beautymarket.ma/products/biokap-nutricolor-conditionneur-200ml
BeautyMarket,Cheveux,Cheveux Colores,L'ORÉAL PROFESSIONNEL CHROMA CREME GREEN DYES 300ML,168.00,En stock,N/A,https://beautymarket.ma/products/loreal-professionnel-chroma-creme-green-dyes-300ml
BeautyMarket,Cheveux,Cheveux Colores,PAUL MITCHELL CLEAN BEAUTY FIRM STYLE SUPER CLEAN SCULPTING GEL 200 ML,199.00,En stock,N/A,https://beautymarket.ma/products/paul-mitchell-clean-beauty-firm-style-super-clean-sculpting-gel-200-ml
BeautyMarket,Cheveux,Cheveux Colores,PAUL MITCHELL CLEAN BEAUTY SUPER STRONG LIQUID TREATMENT 250 ML,309.00,En stock,N/A,https://beautymarket.ma/products/paul-mitchell-clean-beauty-super-strong-liquid-treatment-250-ml
BeautyMarket,Cheveux,Cheveux Colores,PAUL MITCHELL CLEAN BEAUTY COLOR PROTECT SHAMPOOING 250 ML,319.00,En stock,N/A,https://beautymarket.ma/products/paul-mitchell-clean-beauty-color-protect-shampooing-250-ml
BeautyMarket,Cheveux,Cheveux Colores,PAUL MITCHELL CLEAN BEAUTY COLOR PROTECT LEAVE-IN TREATMENT 150 ML,329.00,En stock,N/A,https://beautymarket.ma/products/paul-mitchell-color-protect-leave-in-treatment-150-ml
BeautyMarket,Cheveux,Cheveux Colores,ERAYBA GAMMA COLORATION 5/61 CHATAIN CLAIR MARRON CENDRE,190.00,En stock,N/A,https://beautymarket.ma/products/erayba-gamma-coloration-5-61-chatain-clair-marron-cendre
BeautyMarket,Cheveux,Cheveux Colores,ERAYBA GAMMA COLORATION 7/60 BLONDE MOYEN CHOCOLAT,190.00,En stock,N/A,https://beautymarket.ma/products/erayba-gamma-coloration-7-60-blonde-moyen-chocolat
BeautyMarket,Cheveux,Cheveux Colores,ERAYBA GAMMA COLORATION 6/06 BLOND FONCE,190.00,En stock,N/A,https://beautymarket.ma/products/erayba-gamma-coloration-6-06-blond-fonce
BeautyMarket,Cheveux,Cheveux Colores,ERAYBA GAMMA COLORATION 6/65 BLOND FONCE ROUGE ACAJOU,190.00,En stock,N/A,https://beautymarket.ma/products/erayba-gamma-coloration-6-65-blond-fonce-rouge-acajou
BeautyMarket,Cheveux,Cheveux Colores,ERAYBA GAMMA COLORATION CHEVEUX 8/00+ BLOND CLAIRE INTENSE,190.00,En stock,N/A,https://beautymarket.ma/products/erayba-gamma-color-8-00-blond-clair-intense
BeautyMarket,Cheveux,Cheveux Colores,ERAYBA GAMMA COLORATION 7/65 BLOND CHOCOLAT DORÉ,190.00,En stock,N/A,https://beautymarket.ma/products/erayba-gamma-coloration-cheveux-blond-chocolat-dore-7-65
BeautyMarket,Cheveux,Cheveux Colores,ERAYBA GAMMA COLORATION 7/22 BLOND CENDRE PERLE,190.00,En stock,N/A,https://beautymarket.ma/products/erayba-gamma-coloration-blond-cendre-perle-intense-7-22
BeautyMarket,Cheveux,Cheveux Colores,ERAYBA GAMMA COLORATION 6/00+ BLOND FONCE INTENSE,190.00,En stock,N/A,https://beautymarket.ma/products/erayba-gamma-coloration-6-00-blond-fonce-intense
BeautyMarket,Cheveux,Cheveux Colores,ERAYBA GAMMA COLORATION 7/12 BLOND CENDRE IRISE,190.00,En stock,N/A,https://beautymarket.ma/products/erayba-gamma-coloration-7-12-blond-cendre-irise
BeautyMarket,Cheveux,Cheveux Colores,ERAYBA ABH COLOR CARE SHAMPOOING 250ML + COLOR CARE MASK 250ML = ROLLER CLIPS 4 PACK OFFERT,546.00,En stock,N/A,https://beautymarket.ma/products/erayba-abh-color-care-shampooing-250ml-erayba-abh-color-care-mask-250ml-roller-clips-4-pack-offert
BeautyMarket,Cheveux,Cheveux Colores,ERAYBA COOL COLOR C 10 NATURAL COLOR NOIR 100 ML,239.00,En stock,N/A,https://beautymarket.ma/products/erayba-cool-color-c-10-natural-color-noir-100-ml
BeautyMarket,Cheveux,Cheveux Colores,ERAYBA COOL COLOR C 01 CHOCOLAT BROWN COLOR 100 ML,239.00,En stock,N/A,https://beautymarket.ma/products/erayba-cool-color-c-01-chocolat-brown-color-100-ml
BeautyMarket,Cheveux,Cheveux Colores,COLOR & SOIN COLORATION PERMANENTE 8G BLOND CLAIR DORÉ – COULEUR NATURELLE & BRILLANCE,133.00,En stock,N/A,https://beautymarket.ma/products/color-soin-coloration-permanente-8g-blond-clair-dore-couleur-naturelle-brillance
BeautyMarket,Cheveux,Cheveux Colores,COLOR & SOIN COLORATION PERMANENTE 9R ROUGE FEU – COULEUR INTENSE & RESPECT DU CHEVEU,133.00,En stock,N/A,https://beautymarket.ma/products/color-soin-coloration-permanente-9r-rouge-feu-couleur-intense-respect-du-cheveu
BeautyMarket,Cheveux,Cheveux Colores,ERAYBA GAMMA COLORATION PERMANENTE 7/32 – BLOND DORÉ IRISÉ HYDRATANT,199.00,En stock,N/A,https://beautymarket.ma/products/erayba-gamma-coloration-permanente-7-32-blond-dore-irise-hydratant
BeautyMarket,Cheveux,Cheveux Colores,D-CAP COLORATION PERMANENTE N 9 BLOND TRE CLAIR,165.00,En stock,N/A,https://beautymarket.ma/products/d-cap-coloration-permanente-n-9-blond-tre-clair
BeautyMarket,Cheveux,Cheveux Colores,PAUL MITCHELL CLEAN BEAUTY FLEXIBLE STYLE SUPER SCULPT 250 ML,219.00,En stock,N/A,https://beautymarket.ma/products/paul-mitchell-clean-beauty-flexible-style-super-sculpt-250-ml
BeautyMarket,Cheveux,Cheveux Colores,PAUL MITCHELL CLEAN BEAUTY SUPER STRONG SHAMPOOING 300 ML,249.00,En stock,N/A,https://beautymarket.ma/products/paul-mitchell-paul-mitchell-clean-beauty-super-strong-shampoing-300-ml
BeautyMarket,Cheveux,Cheveux Colores,PAUL MITCHELL CLEAN BEAUTY SUPER STRONG CONDITIONER 300 ML,209.00,En stock,N/A,https://beautymarket.ma/products/paul-mitchell-super-strong-conditionneur-300-ml
BeautyMarket,Cheveux,Cheveux Colores,PAUL MITCHELL CLEAN BEAUTY COLOR PROTECT CONDITIONER 250 ML,319.00,En stock,N/A,https://beautymarket.ma/products/paul-mitchell-clean-beauty-color-protect-conditioner-250-ml
BeautyMarket,Cheveux,Cheveux Colores,BOUCLEME CURL HUILE CAPILLAIRE REVIVE 5 100ML,450.00,En stock,N/A,https://beautymarket.ma/products/boucleme-curl-huile-capillaire-revive-5-100ml
BeautyMarket,Cheveux,Cheveux Colores,LUXÉOL CHEVEUX COLORÉS SHAMPOOING PROLONGE 200ML,189.00,En stock,N/A,https://beautymarket.ma/products/luxeol-cheveux-colores-shampooing-prolonge-200ml
BeautyMarket,Cheveux,Cheveux Colores,PHYTO - PHYTOMILLESIME COULEUR SUBLIMATEUR MASQUE 200ML,403.00,En stock,N/A,https://beautymarket.ma/products/phyto-phytomillesime-couleur-sublimateur-masque-200ml
BeautyMarket,Cheveux,Cheveux Colores,PHYTOMILLESIME COLOR LOCKER PRE-SHAMPOO 100ML,237.00,En stock,N/A,https://beautymarket.ma/products/phytomillesime-color-locker-pre-shampoo-100ml
BeautyMarket,Cheveux,Cheveux Colores,BIOCLIN BIO COLOR PROTECT 400 ML,195.00,En stock,N/A,https://beautymarket.ma/products/bioclin-bio-color-protect-400-ml
BeautyMarket,Cheveux,Cheveux Colores,BIOCLIN BIO COLOR PROTECT 200 ML,120.00,En stock,N/A,https://beautymarket.ma/products/bioclin-bio-color-protect-200-ml
BeautyMarket,Cheveux,Cheveux Blonds,KLORANE BAUME APRÈS SHAMPOING CAMOMILLE – 200ML,174.00,En stock,N/A,https://beautymarket.ma/products/klorane-baume-apres-shampoing-camomille-200ml
BeautyMarket,Cheveux,Cheveux Blonds,L'ORÉAL PROFESSIONNEL SILVER SHAMPOOING PROFESSIONNEL 300 ML,174.00,En stock,N/A,https://beautymarket.ma/products/loreal-professionnel-silver-shampooing-professionnel-300-ml
BeautyMarket,Cheveux,Cheveux Blonds,L'ORÉAL PROFESSIONNEL BLONDIFIER GLOSS SHAMPOING 500ML,240.00,En stock,N/A,https://beautymarket.ma/products/l-oreal-professionnel-blondifier-gloss-shampoing-500ml
BeautyMarket,Cheveux,Cheveux Blonds,ERAYBA ABH SILVER SHAMPOO NO-YELLOW 250ML,219.00,En stock,N/A,https://beautymarket.ma/products/erayba-always-beautiful-hair-silver-shampoo-no-yellow-250ml
BeautyMarket,Cheveux,Cheveux Blonds,URBAN CARE PURPLE SHAMPOOING 250ML,79.00,En stock,N/A,https://beautymarket.ma/products/urban-care-purple-shampooing-250ml
BeautyMarket,Cheveux,Cheveux Blonds,ERAYBA ABH/BOÎTE CADEAU SILVER NO YELLOW,393.00,En stock,N/A,https://beautymarket.ma/products/erayba-abh-boite-cadeau-silver-no-yellow
BeautyMarket,Cheveux,Cheveux Blonds,BIOKAP – SPRAY RETOUCHE BLOND – 75 ML,299.00,En stock,N/A,https://beautymarket.ma/products/biokap-spray-retouche-blond-75-ml
BeautyMarket,Cheveux,Cheveux Blonds,ERAYBA ABH SILVER MASK NO YELLOW 250ML,259.00,En stock,N/A,https://beautymarket.ma/products/erayba-abh-silver-mask-no-yellow-250ml
BeautyMarket,Cheveux,Cheveux Blonds,URBAN CARE MASQUE PURPLE TONING 230 ML,89.00,En stock,N/A,https://beautymarket.ma/products/urban-care-masque-purple-toning-230-ml
BeautyMarket,Cheveux,Cheveux Blonds,BIOKERA FRESH VIOLET SHOT MASQUE 200 ML,239.00,En stock,N/A,https://beautymarket.ma/products/biokera-fresh-violet-shot-masque-200-ml
BeautyMarket,Cheveux,Cheveux Blonds,BIOKERA FRESH VIOLET SHOT SHAMPOOING 300 ML,239.00,En stock,N/A,https://beautymarket.ma/products/biokera-fresh-violet-shot-shampooing-300-ml
BeautyMarket,Cheveux,Cheveux Blonds,BIOKERA FRESH ULTRA-VIOLET SHOT SHAMPOOING 300 ML,269.00,En stock,N/A,https://beautymarket.ma/products/biokera-fresh-ultra-violet-shot-shampooing-300-ml
BeautyMarket,Cheveux,Cheveux Blonds,PHYTO BLOND APRES SHAMPOOING SUBLIMATEUR 175ML,325.00,En stock,N/A,https://beautymarket.ma/products/phyto-blond-apres-shampooing-sublimateur-175ml
BeautyMarket,Cheveux,Cheveux Normaux,VICHY DERCOS TECHNIQUE ECO-RECHARGE SHAMPOOING ANTIPELLICULAIRE DS - CHEVEUX NORMAUX-A-GRAS-390ML,209.00,En stock,N/A,https://beautymarket.ma/products/vichy-dercos-technique-eco-recharge-shampooing-antipelliculaire-ds-cheveux-normaux-a-gras-390ml
BeautyMarket,Cheveux,Cheveux Normaux,VICHY DERCOS TECHNIQUE ECO-RECHARGE SHAMPOOING ANTIPELLICULAIRE DS CHEVEUX-SECS-390ML,209.00,En stock,N/A,https://beautymarket.ma/products/vichy-dercos-technique-eco-recharge-shampooing-antipelliculaire-ds-cheveux-secs-390ml
BeautyMarket,Cheveux,Cheveux Normaux,L'ORÉAL PROFESSIONNEL ABSOLUT REPAIR HUILE 10 EN 1 90ML,195.00,En stock,N/A,https://beautymarket.ma/products/loreal-professionnel-absolut-repair-huile-10-en-1-90ml
BeautyMarket,Cheveux,Cheveux Normaux,VICHY DERCOS ULTRA APAISANT CHEVEUX NORMAUX À GRAS – 200 ML,160.00,En stock,N/A,https://beautymarket.ma/products/vichy-dercos-ultra-apaisant-cheveux-normaux-a-gras-200-ml
BeautyMarket,Cheveux,Cheveux Normaux,DUCRAY EXTRA-DOUX SHAMPOOING DERMO-PROTECTEUR 400 ML,180.00,En stock,N/A,https://beautymarket.ma/products/ducray-extra-doux-shampooing-dermo-protecteur-400-ml
BeautyMarket,Cheveux,Cheveux Normaux,FORTE PHARMA EXPERT CHEVEUX PROGRAMME DE 3 MOIS,399.00,En stock,N/A,https://beautymarket.ma/products/forte-pharma-expert-cheveux-programme-de-3-mois
BeautyMarket,Cheveux,Cheveux Normaux,ECRINAL – SHAMPOOING ULTRA DOUX AU LIPESTERS DE SOIE – 400 ML,399.00,En stock,N/A,https://beautymarket.ma/products/ecrinal-shampooing-ultra-doux-au-lipesters-de-soie-400-ml
BeautyMarket,Cheveux,Cheveux Normaux,ERAYBA BIOME B12 BIO SHAMPOOING 250ML,246.00,En stock,N/A,https://beautymarket.ma/products/erayba-biome-b12-bio-shampooing-250ml
BeautyMarket,Cheveux,Cheveux Normaux,BIORGA-ECOPHANE SHAMPOING ULTRA DOUX – 500 ML,210.00,En stock,N/A,https://beautymarket.ma/products/biorga-ecophane-shampoing-ultra-doux-500-ml
BeautyMarket,Cheveux,Cheveux Normaux,FORTE PHARMA EXPERT CHEVEUX – 28 COMPRIMÉS,237.00,En stock,N/A,https://beautymarket.ma/products/forte-pharma-expert-cheveux-84-comprimes
BeautyMarket,Cheveux,Cheveux Normaux,LUXEOL SHAMPOOING CHEVEUX GRAS 200ML,207.00,En stock,N/A,https://beautymarket.ma/products/luxeol-shampooing-cheveux-gras-200ml
BeautyMarket,Cheveux,Cheveux Normaux,ERAYBA BIOME B12 BIO SHAMPOOING 1000ML,615.00,En stock,N/A,https://beautymarket.ma/products/erayba-biome-b12-bio-shampooing-1000ml
BeautyMarket,Cheveux,Cheveux Normaux,MACADAMIA NOURISHING MOISTURE MASQUE 236ML,345.00,En stock,N/A,https://beautymarket.ma/products/macadamia-nourishing-moisture-masque-236ml
BeautyMarket,Cheveux,Cheveux Normaux,DERMOBIANE CHEVEUX ET ONGLES 40 GELULES,180.00,En stock,N/A,https://beautymarket.ma/products/dermobiane-cheveux-et-ongles-40-gelules
BeautyMarket,Cheveux,Cheveux Normaux,BJORN AXEN ARGAN OIL SMOOTH MILK 150ML,313.00,En stock,N/A,https://beautymarket.ma/products/bjorn-axen-argan-oil-smooth-milk-150ml
BeautyMarket,Cheveux,Cheveux Normaux,NATURALIA: SHAMPOOING EQUILIBRANT-300ML,189.00,En stock,N/A,https://beautymarket.ma/products/naturaliashampooing-equilibrant-300ml
BeautyMarket,Cheveux,Cheveux Normaux,LUXEOL SHAMPOOING FORTIFIANT CHEVEUX NORMAUX 200ML,210.00,En stock,N/A,https://beautymarket.ma/products/luxeol-shampooing-fortifiant-cheveux-normaux-200ml
BeautyMarket,Cheveux,Cheveux Normaux,FLOXIA SHAMPOING PROFONDEUR ÉNERGISANT CHEVEUX NORMAUX À GRAS,144.00,En stock,N/A,https://beautymarket.ma/products/floxia-shampoing-profondeur-energisant-cheveux-normaux-a-gras
BeautyMarket,Cheveux,Cheveux Normaux,KLORANE SHAMPOING À LA PULPE DE CÉDRAT – 400 ML,179.00,En stock,N/A,https://beautymarket.ma/products/klorane-shampoing-a-la-pulpe-de-cedrat-400-ml
BeautyMarket,Cheveux,Cheveux Normaux,ERAYBA BIOME B12 BIO MASK 1000ML,615.00,En stock,N/A,https://beautymarket.ma/products/erayba-biome-b12-bio-mask-1000ml
BeautyMarket,Cheveux,Cheveux Normaux,ERAYBA ALWAYS BEAUTIFUL HAIR AYURVEDIC SHAMPOOING 1000ML,599.00,En stock,N/A,https://beautymarket.ma/products/erayba-always-beautiful-hair-ayurvedic-shampooing-1000ml
BeautyMarket,Cheveux,Cheveux Normaux,LUXEOL APRES SHAMPOOING FORTIFIANT CHEVEUX NORMAUX 200ML,240.00,En stock,N/A,https://beautymarket.ma/products/luxeol-apres-shampooing-fortifiant-cheveux-normaux-200ml
BeautyMarket,Cheveux,Cheveux Normaux,LUXEOL MASQUE FORTIFIANT CHEVEUX NORMAUX 200ML,308.00,En stock,N/A,https://beautymarket.ma/products/luxeol-masque-fortifiant-cheveux-normaux-200ml
BeautyMarket,Cheveux,Cheveux Normaux,LUXEOL SHAMPOOING DOUX 200ML,200.00,En stock,N/A,https://beautymarket.ma/products/luxeol-shampooing-doux-200ml
BeautyMarket,Cheveux,Cheveux Normaux,VICHY DERCOS SHAMPOOING TRAITANT ANTIPELLICULAIRE CHEVEUX NORMAUX À GRAS 200ML = FORMAT VOYAGE 50 ML + SERVIETTE CHEVEUX OFFERTS,149.00,En stock,N/A,https://beautymarket.ma/products/vichy-dercos-shampooing-traitant-antipelliculaire-cheveux-normaux-a-gras-200ml-format-voyage-50-ml-serviette-cheveux-offerts
BeautyMarket,Cheveux,Cheveux Mixte A Gras,D-CAP SHAMPOOING TRAITEMENT INTENSIF ANTI-CHUTE 250 ML,174.00,En stock,N/A,https://beautymarket.ma/products/d-cap-shampooing-traitement-intensif-anti-chute-250-ml
BeautyMarket,Cheveux,Cheveux Mixte A Gras,D-CAP SHAMPOING ANTI-PELLICULAIRE CHEVEUX GRAS 250ML,199.00,En stock,N/A,https://beautymarket.ma/products/d-cap-shampoing-anti-pelliculaire-cheveux-gras-250ml
BeautyMarket,Cheveux,Cheveux Mixte A Gras,AZTEC SECRET INDIAN HEALING CLAY MASK 453 GR,199.00,En stock,N/A,https://beautymarket.ma/products/aztec-secret-indian-healing-clay-mask-453-gr
BeautyMarket,Cheveux,Cheveux Mixte A Gras,CADITAR SHAMPOING ANTI-PELLICULAIRE – 150 ML,173.00,En stock,N/A,https://beautymarket.ma/products/caditar-shampoing-anti-pelliculaire-150-ml
BeautyMarket,Cheveux,Cheveux Mixte A Gras,L'ORÉAL PROFESSIONNEL CHROMA CREME BLUE DYES 500 ML,240.00,En stock,N/A,https://beautymarket.ma/products/loreal-professionnel-chroma-creme-blue-dyes-500-ml
BeautyMarket,Cheveux,Cheveux Mixte A Gras,CADITAR SHAMPOING CHEVEUX GRAS – 150 ML,173.00,En stock,N/A,https://beautymarket.ma/products/caditar-shampoing-cheveux-gras-150-ml
BeautyMarket,Cheveux,Cheveux Mixte A Gras,PHYTO DETOX - MASQUE PURIFIANT PRÉ-SHAMPOOING - 125 ML,200.00,En stock,N/A,https://beautymarket.ma/products/phyto-detox-masque-purifiant-pre-shampooing-125-ml
BeautyMarket,Cheveux,Cheveux Mixte A Gras,BIOKAP – SHAMPOING CHEVEUX GRAS – 200 ML,225.00,En stock,N/A,https://beautymarket.ma/products/biokap-shampoing-cheveux-gras-200-ml
BeautyMarket,Cheveux,Cheveux Mixte A Gras,BIOKERA MASQUE CHEVEUX GRAS 200ML,345.00,En stock,N/A,https://beautymarket.ma/products/biokera-masque-cheveux-gras-200ml
BeautyMarket,Cheveux,Cheveux Mixte A Gras,L'ORÉAL PROFESSIONNEL INFORCER SHAMPOOING 300 ML,174.00,En stock,N/A,https://beautymarket.ma/products/loreal-professionnel-inforcer-shampooing-300-ml
BeautyMarket,Cheveux,Cheveux Mixte A Gras,ERAYBA ZENACTIVE BALANCE LOTION OILY HAIR Z18B -100ML – CUIR CHEVELU GRAS,684.00,En stock,N/A,https://beautymarket.ma/products/erayba-zenactive-balance-lotion-oily-hair-z18b-100ml
BeautyMarket,Cheveux,Cheveux Mixte A Gras,CRESCINA HFSC TRANSDERMIC COMPLETE TREATMENT 200 MAN 10+10FL,840.00,En stock,N/A,https://beautymarket.ma/products/crescina-hfsc-transdermic-complete-treatment-200-man-10-10fl
BeautyMarket,Cheveux,Shampooing 1,GARNIER PACK ROUTINE HAIR FOOD MACADAMIA MASQUE + SHAMPOING + APRÈS-SHAMPOOING,219.00,En stock,N/A,https://beautymarket.ma/products/garnier-pack-routine-hair-food-macadamia-masque-shampoing-apres-shampoing
BeautyMarket,Cheveux,Shampooing 1,MAELYS PACK SHAMPOOING ORTIE PRELE 200 ML + SHAMPOING 100ML,149.00,En stock,N/A,https://beautymarket.ma/products/maelys-pack-ortie-prele-boite-60-gelules-shampoing-100ml
BeautyMarket,Cheveux,Shampooing 1,BIODERMA ABCDERM SHAMPOOING DOUCEUR ENFANT 200 ML,135.00,En stock,N/A,https://beautymarket.ma/products/abcderm-shampooing-douceur-200ml
BeautyMarket,Cheveux,Shampooing 1,ACM NOVOPHANE K SHAMPOOING ANTIPELLICULAIRE ÉTATS SQUAMEUX SÉVÈRES 125 ML,189.00,En stock,N/A,https://beautymarket.ma/products/acm-novophane-ds-shampooing-pellicules-severes-125-ml
BeautyMarket,Cheveux,Shampooing 1,ACM NOVOPHANE SHAMPOOING CHEVEUX GRAS – 200 ML,176.00,En stock,N/A,https://beautymarket.ma/products/acm-novophane-shampooing-cheveux-gras-200-ml
BeautyMarket,Cheveux,Shampooing 1,ACM CBPHANE SHAMPOOING ULTRA-NUTRITIF – 200 ML,171.00,En stock,N/A,https://beautymarket.ma/products/acm-cbphane-shampooing-ultra-nutritif-200-ml
BeautyMarket,Cheveux,Shampooing 1,ACM SÉDACALM SHAMPOOING APAISANT – 200 ML,219.00,En stock,N/A,https://beautymarket.ma/products/acm-sedacalm-shampooing-apaisant-200-ml
BeautyMarket,Cheveux,Shampooing 1,APIVITA SHAMPOOING NOURRISSANT REPARATEUR OLIVE & MIEL,145.00,En stock,N/A,https://beautymarket.ma/products/apivita-shampooing-nourrissant-reparateur-olive-miel
BeautyMarket,Cheveux,Shampooing 1,APIVITA SHAMPOOING/APRES SHAMPOOING GRENADE&MIEL 250ML,159.00,En stock,N/A,https://beautymarket.ma/products/apivita-shampooing-apres-shampooing-grenade-miel-250ml
BeautyMarket,Cheveux,Shampooing 1,BEST CAPILL SHAMPOOING FORTIFIANT150ML,66.00,En stock,N/A,https://beautymarket.ma/products/best-capill-shampooing-fortifiant-200ml
BeautyMarket,Cheveux,Shampooing 1,BEST CAPILL SHAMPOOING USAGE FRÉQUENT 200ML,89.00,En stock,N/A,https://beautymarket.ma/products/best-capill-shampooing-usage-frequent-200ml
BeautyMarket,Cheveux,Shampooing 1,BEST CAPILL SHAMPOOING ANTIPELLICULAIRE 150ML,89.00,En stock,N/A,https://beautymarket.ma/products/best-capill-shampooing-antipelliculaire-200ml
BeautyMarket,Cheveux,Shampooing 1,BIO12 SHAMPOOING ANTIPELLICULAIRE INTENSIF 250ML+MASQUE PURIFIANT ARGILE 75ML PACK,248.00,En stock,N/A,https://beautymarket.ma/products/bio12-shampooing-antipelliculaire-intensif-250mlmasque-purifiant-argile-75ml-pack
BeautyMarket,Cheveux,Shampooing 1,BIODERMA NODÉ DS+ SHAMPOOING ANTI-RÉCIDIVE – 125 ML,209.00,En stock,N/A,https://beautymarket.ma/products/bioderma-node-ds-shampooing-anti-recidive-125-ml
BeautyMarket,Cheveux,Shampooing 1,BIODERMA – NODÉ A SHAMPOOING APAISANT – 200 ML,213.00,En stock,N/A,https://beautymarket.ma/products/bioderma-node-a-shampooing-apaisant-200-ml
BeautyMarket,Cheveux,Shampooing 1,BIODERMA – NODÉ A SHAMPOOING – 400ML,214.00,En stock,N/A,https://beautymarket.ma/products/bioderma-node-a-shampooing-400ml
BeautyMarket,Cheveux,Shampooing 1,BIOKERA SHAMPOOING SPÉCIFIQUE GRAS 300ML,276.00,En stock,N/A,https://beautymarket.ma/products/biokera-shampoing-specifique-gras-300ml
BeautyMarket,Cheveux,Shampooing 1,BIOKERA SHAMPOOING ANTI CHEVEUX GRAS 1L,600.00,En stock,N/A,https://beautymarket.ma/products/biokera-shampoing-specifique-gras-1l
BeautyMarket,Cheveux,Shampooing 1,BIOKERA SHAMPOOING SPÉCIFIQUE PELLICULES 1L,630.00,En stock,N/A,https://beautymarket.ma/products/biokera-shampoing-specifique-pellicules-1l
BeautyMarket,Cheveux,Shampooing 1,BIODERMA NODE G SHAMPOOING 400ML,299.00,En stock,N/A,https://beautymarket.ma/products/node-g-shamp-400ml
BeautyMarket,Cheveux,Shampooing 1,ACM NOVOPHANE SHAMPOOING ÉNERGISANT 200 ML,189.00,En stock,N/A,https://beautymarket.ma/products/acm-novophane-shampooing-energisant-200-ml
BeautyMarket,Cheveux,Shampooing 1,BIORGA CYSTIPHANE SHAMPOOING ANTI PELLICULAIRE INTENSIF DS 200 ML,199.00,En stock,N/A,https://beautymarket.ma/products/cystiphane-biorga-shampooing-anti-pelliculaire-normalisant-s-200-ml
BeautyMarket,Cheveux,Shampooing 1,BJORN AXEN REPAIR PACK SHAMPOOING + CONDITIONER 250ML,399.00,En stock,N/A,https://beautymarket.ma/products/bjorn-axen-repair-pack
BeautyMarket,Cheveux,Shampooing 1,DERMEDIC CAPILARTE SHAMPOOING APAISANT,180.00,En stock,N/A,https://beautymarket.ma/products/dermedic-capilarte-shampooing-apaisant
BeautyMarket,Cheveux,Shampooing 1,DCP HAIRLOSS SHAMPOOING FEMMES 500ML,238.00,En stock,N/A,https://beautymarket.ma/products/dcp-hairloss-shampooing-femmes-500ml
BeautyMarket,Cheveux,Shampooing 1,D CAP ANTI PELLICULAIRE APRES SHAMPOOING 250 ML,169.00,En stock,N/A,https://beautymarket.ma/products/d-cap-anti-pelliculaire-apres-shampooing-250-ml
BeautyMarket,Cheveux,Shampooing 1,CLINICEUTICA CERACAP AC SHAMPOOING ENERGISANT 250 ML,180.00,En stock,N/A,https://beautymarket.ma/products/cliniceutica-ceracap-ac-shampooing-energisant-250-ml
BeautyMarket,Cheveux,Shampooing 1,DELIA CAMELEO BB SHAMPOOING KERATINE 250ML (SANS SULFATE),150.00,En stock,N/A,https://beautymarket.ma/products/delia-cameleo-bb-shampooing-keratine-250ml-sans-sulfate
BeautyMarket,Cheveux,Shampooing 1,CAPILLUM SHAMPOOING SÉBO-RÉGULATEUR 240ML,107.00,En stock,N/A,https://beautymarket.ma/products/capillum-shampooing-sebo-regulateur-240ml
BeautyMarket,Cheveux,Shampooing 1,DERMALIUM KERATINE SHAMPOOING RECONSTRUCTEUR 250 ML,222.00,En stock,N/A,https://beautymarket.ma/products/dermalium-keratine-shampooing-reconstructeur-250-ml
BeautyMarket,Cheveux,Shampooing 1,D-CAP RÉPARATION TOTALE APRÈS-SHAMPOOING 250ML,259.00,En stock,N/A,https://beautymarket.ma/products/d-cap-reparation-totale-apres-shampooing-250ml
BeautyMarket,Cheveux,Shampooing 1,DERMALIFT CAPILIFT SHAMPOOING ENERGISSANT 200 ML,150.00,En stock,N/A,https://beautymarket.ma/products/dermalift-capilift-shampooing-energissant-200-ml
BeautyMarket,Cheveux,Shampooing 1,DERMEDIC CAPILARTE SHAMPOOING TRAITANT 300ML,205.00,En stock,N/A,https://beautymarket.ma/products/dermedic-capilarte-shampooing-traitant-300ml
BeautyMarket,Cheveux,Shampooing 1,DERMEDIC CAPILARTE SHAMPOOING ANTI-PELLICULAIRE 300ML,215.00,En stock,N/A,https://beautymarket.ma/products/dermedic-capilarte-shampooing-anti-pelliculaire-300ml
BeautyMarket,Cheveux,Shampooing 1,DERMEDIC CAPILARTE SHAMPOOING FORTIFIANT 300ML,205.00,En stock,N/A,https://beautymarket.ma/products/dermedic-capilarte-shampooing-fortifiant-300ml
BeautyMarket,Cheveux,Shampooing 1,CAMOMILLA BLU FLEUR DE CAMOMILLE SHAMPOOING DOUX 500ML,199.00,En stock,N/A,https://beautymarket.ma/products/camomilla-blu-fleur-de-camomille-shampooing-doux-500ml
BeautyMarket,Cheveux,Shampooing 1,BIOKERA SHAMPOOING ANTI-PELLICULAIRE 300 ML,255.00,En stock,N/A,https://beautymarket.ma/products/biokera-shampooing-anti-pelliculaire-300-ml
BeautyMarket,Cheveux,Shampooing 1,ANIVAGENE SHAMPOOING FORTIFIANT ET ENERGISANT FEMME SANS SULFATE 200 ML,139.00,En stock,N/A,https://beautymarket.ma/products/anivagene-shampoing-fortifiant-et-energisant-femme-sans-sulfate-200-ml
BeautyMarket,Cheveux,Shampooing 1,ANIVAGENE SHAMPOOING ANTI PELLICULAIRE SANS SULFATE 200 ML,139.00,En stock,N/A,https://beautymarket.ma/products/anivagene-shampooing-anti-pelliculaire-sans-sulfate-200-ml
BeautyMarket,Cheveux,Shampooing 1,ANIVAGENE SHAMPOOING FORTIFIANT ET ENERGISANT HOMME SANS SULFATE 200 ML,139.00,En stock,N/A,https://beautymarket.ma/products/anivagene-shampoing-fortifiant-et-energisant-homme-sans-sulfate-200-ml
BeautyMarket,Cheveux,Shampooing 1,CAMOMILLA BLU FLEUR DE CAMOMILLE APRÈS SHAMPOOING 200ML,189.00,En stock,N/A,https://beautymarket.ma/products/camomilla-blu-fleur-de-camomille-apres-shampooing-200ml
BeautyMarket,Cheveux,Shampooing 1,ALPHANOVA BEBE SHAMPOOING 2 EN 1 200 ML,119.00,En stock,N/A,https://beautymarket.ma/products/alphanova-bebe-shampooing-2-en-1-200-ml
BeautyMarket,Cheveux,Shampooing 1,ACTICEUTIC SHAMPOOING ANTI CHUTE 200 ML,149.00,En stock,N/A,https://beautymarket.ma/products/acticeutic-shampooing-anti-chute-200-ml
BeautyMarket,Cheveux,Shampooing 1,BJORN AXEN REPAIR SHAMPOOING REPARATEUR CHEVEUX ENDOMMAGES 750ML,729.00,En stock,N/A,https://beautymarket.ma/products/bjorn-axen-repair-shampooing-reparateur-cheveux-endommages-750ml
BeautyMarket,Cheveux,Shampooing 1,BJORN AXEN SCALP SHAMPOOING 250 ML,269.00,En stock,N/A,https://beautymarket.ma/products/bjorn-axen-scalp-shampooing-250-ml
BeautyMarket,Cheveux,Shampooing 1,BJORN AXEN ANTI FRIZZ SHAMPOOING 250ML,269.00,En stock,N/A,https://beautymarket.ma/products/bjorn-axen-anti-frizz-shampooing-250ml
BeautyMarket,Cheveux,Shampooing 1,D-CAP BIOPLEX COFFRET TRAITEMENT FIBRE + TRAITEMENT SUPREME + SHAMPOOING FORTI + MASQUE,869.00,En stock,N/A,https://beautymarket.ma/products/d-cap-bioplex-coffret-traitement-fibre-traitement-supreme-shampooing-forti-masque
BeautyMarket,Cheveux,Shampooing 1,BJORN AXEN PACK ANTI FRIZZ SHAMPOOING + CONDITIONER 250ML,455.00,En stock,N/A,https://beautymarket.ma/products/bjorn-axen-duo-anti-frizz-shampooing-conditioner-250ml
BeautyMarket,Cheveux,Shampooing 1,BIOKAP SHAMPOOING USAGE FRÉQUENT 200ML – DOUCEUR & VITALITÉ POUR TOUS TYPES DE CHEVEUX,225.00,En stock,N/A,https://beautymarket.ma/products/biokap-shampooing-usage-frequent-200-ml
BeautyMarket,Cheveux,Shampooing 1,DERMADOC SHAMPOOING ANTI-CHUTE 400ML,140.00,En stock,N/A,https://beautymarket.ma/products/dermadoc-shampooing-anti-chute-400ml
BeautyMarket,Cheveux,Shampooing 1,BIOKERA SCALP CARE HONEY SHAMPOO 300ML – SHAMPOOING APAISANT & PURIFIANT,269.00,En stock,N/A,https://beautymarket.ma/products/biokera-scalp-care-honey-shampoo-300ml-shampooing-apaisant-purifiant
BeautyMarket,Cheveux,Shampooing 1,BIODERMA NODE K SHAMPOOING KERATO-REDUCTEUR 150ML,159.00,En stock,N/A,https://beautymarket.ma/products/bioderma-node-k-shampooing-kerato-reducteur-150ml
BeautyMarket,Cheveux,Shampooing 1,BATISTE ORIGINAL SHAMPOOING SEC 200 ML + 1 OFFERT,149.00,En stock,N/A,https://beautymarket.ma/products/batiste-original-shampooing-sec-200-ml-1-offert
BeautyMarket,Cheveux,Shampooing 1,BATISTE SHAMPOOING SEC CHERRY 200ML = 1 OFFERT,149.00,En stock,N/A,https://beautymarket.ma/products/batiste-shampooing-sec-cherry-200ml-1-offert
BeautyMarket,Cheveux,Shampooing 1,BATISTE SHAMPOOING SEC ROSE GOLD 200 ML = 1 OFFERT,149.00,En stock,N/A,https://beautymarket.ma/products/batiste-shampooing-sec-rose-gold-200-ml-1-offert
BeautyMarket,Cheveux,Shampooing 1,BATISTE SHAMPOOING SEC VOLUME HB 200 ML = 1 OFFERT,179.00,En stock,N/A,https://beautymarket.ma/products/batiste-shampooing-sec-volume-hb-200-ml-1-offert
BeautyMarket,Cheveux,Shampooing 1,BATISTE SHAMPOOING SEC NUDE 200 ML = 1 OFFERT,149.00,En stock,N/A,https://beautymarket.ma/products/batiste-shampooing-sec-nude-200-ml-1-offert
BeautyMarket,Cheveux,Shampooing 1,BATISTE SHAMPOOING SEC COLORE BRUNETTE RACINES 200 ML = 1 OFFERT,175.00,En stock,N/A,https://beautymarket.ma/products/batiste-shampooing-sec-colore-brunette-racines-200-ml-1-offert
BeautyMarket,Cheveux,Shampooing 1,CENTAUREA SHAMPOOING ANTICHUTE-200 ML,143.00,En stock,N/A,https://beautymarket.ma/products/centaurea-shampooing-antichute-200-ml
BeautyMarket,Cheveux,Shampooing 1,"ACM NOVOPHANE - SHAMPOOING DOUX - TOUS TYPES DE CHEVEUX, 200ML",142.00,En stock,N/A,https://beautymarket.ma/products/acm-novophane-shampooing-doux-tous-types-de-cheveux-200ml
BeautyMarket,Cheveux,Shampooing 1,BIOKERA FRESH YELLOW SHOT SHAMPOOING 1000 ML,509.00,En stock,N/A,https://beautymarket.ma/products/biokera-fresh-yellow-shot-shampooing-1000-ml
BeautyMarket,Cheveux,Shampooing 1,BIOKERA BIOPLASTIA SHAMPOOING MOLÉCULAIRE 200 ML,219.00,En stock,N/A,https://beautymarket.ma/products/biokera-bioplastia-shampooing-200-ml
BeautyMarket,Cheveux,Shampooing 1,DUCRAY ANAPHASE SOIN APRÈS SHAMPOOING FORTIFIANT 200ML,199.00,En stock,N/A,https://beautymarket.ma/products/ducray-anaphase-soin-apres-shampooing-fortifiant-200ml
BeautyMarket,Cheveux,Shampooing 1,DUCRAY ANAPHASE+ SHAMPOOING COMPLÉMENT ANTICHUTE 200 ML,203.00,En stock,N/A,https://beautymarket.ma/products/ducray-anaphase-shampooing-complement-antichute-200-ml
BeautyMarket,Cheveux,Shampooing 1,DUCRAY ELUTION SHAMPOOING RÉÉQUILIBRANT 200 ML,129.00,En stock,N/A,https://beautymarket.ma/products/ducray-elution-shampooing-reequilibrant-200-ml
BeautyMarket,Cheveux,Shampooing 1,DUCRAY KELUAL DS SHAMPOOING TRAITANT ANTIPELLICULAIRE ANTIRÉCIDIVE 100 ML,221.00,En stock,N/A,https://beautymarket.ma/products/ducray-kelual-ds-shampooing-traitant-antipelliculaire-antirecidive-100-ml
BeautyMarket,Cheveux,Shampooing 1,DUCRAY – SENSINOL SHAMPOOING TRAITANT PHYSIOPROTECTEUR – 200 ML,169.00,En stock,N/A,https://beautymarket.ma/products/ducray-sensinol-shampooing-traitant-physioprotecteur-200-ml
BeautyMarket,Cheveux,Shampooing 1,ECRINAL – BAUME APRÈS-SHAMPOOING À L’ANP2+ – 250ML,220.00,En stock,N/A,https://beautymarket.ma/products/ecrinal-baume-apres-shampooing-a-l-anp2-150-ml
BeautyMarket,Cheveux,Shampooing 1,ECRINAL SHAMPOOING FEMME SOIN INTENSIF CHEVEUX À L’ANP2+ 400 ML,345.00,En stock,N/A,https://beautymarket.ma/products/ecrinal-shampooing-femme-soin-intensif-cheveux-a-l-anp2-400-ml
BeautyMarket,Cheveux,Shampooing 1,EPTADERM EPTA HAIR SHAMPOOING ENERGISANT 150 ML,225.00,En stock,N/A,https://beautymarket.ma/products/eptaderm-epta-hair-shampooing-energisant-150-ml
BeautyMarket,Cheveux,Shampooing 1,HAIRSTIM SHAMPOOING ANTI-CHUTE 200ML,162.00,En stock,N/A,https://beautymarket.ma/products/hairstim-shampooing-anti-chute-200ml
BeautyMarket,Cheveux,Shampooing 1,ERAYBA BIOME GIFT BOX BIO SHAMPOOING 250ML+ BIO MASK 200ML+ BIO 2 PHASE 200ML,599.00,En stock,N/A,https://beautymarket.ma/products/erayba-biome-gift-box-bio-shampooing-250ml-bio-mask-200ml-bio-2-phase-200ml
BeautyMarket,Cheveux,Shampooing 1,ERAYBA BIO SMOOTH GIFT BOX SHAMPOOING 250ML + CONDITIONNER 250ML + SMOOTHING MASK 150ML,609.00,En stock,N/A,https://beautymarket.ma/products/erayba-bio-smooth-gift-box-shampooing-250ml-conditionner-250ml-smoothing-mask-150ml
BeautyMarket,Cheveux,Shampooing 1,DUCRAY KERTYOL PSO SHAMPOOING 200ML,239.00,En stock,N/A,https://beautymarket.ma/products/ducray-kertyol-pso
BeautyMarket,Cheveux,Shampooing 1,ISISPHARMA ILCAPIL KR SHAMPOOING ANTIPELLICULAIRE 150ML,189.00,En stock,N/A,https://beautymarket.ma/products/isispharma-ilcapil-kr-shampooing-antipelliculaire-150ml
BeautyMarket,Cheveux,Shampooing 1,FLOXIA SHAMPOOING ANTI PELLICULAIRE 200ML,114.00,En stock,N/A,https://beautymarket.ma/products/floxia-shampooing-anti-pelliculaire-200ml
BeautyMarket,Cheveux,Shampooing 1,IVADERMA SHAMPOOING TRAITANT PELLICULES ET DEMANGEAISON 400 ML,200.00,En stock,N/A,https://beautymarket.ma/products/ivaderma-shampooing-traitant-pellicules-et-demangeaison-400-ml
BeautyMarket,Cheveux,Shampooing 1,FORTIPHANE SHAMPOOING ENERGISANT ANTI CHUTE 200 ML,159.00,En stock,N/A,https://beautymarket.ma/products/fortiphane-shampooing-energisant-anti-chute-200-ml
BeautyMarket,Cheveux,Shampooing 1,GARNIER ULTRA DOUX RICE WATER SHAMPOOING INFUSION D’EAU DE RIZ & AMIDON 400ML,65.00,En stock,N/A,https://beautymarket.ma/products/ultra-doux-shampooing-infusion-d-eau-de-riz-amidon-400ml
BeautyMarket,Cheveux,Shampooing 1,GARNIER ULTRA DOUX RICE WATER SHAMPOOING INFUSION D’EAU DE RIZ & AMIDON 200ML,49.00,En stock,N/A,https://beautymarket.ma/products/garnier-ultra-doux-shampooing-infusion-d-eau-de-riz-amidon-200ml
BeautyMarket,Cheveux,Shampooing 1,ECRINAL SHAMPOOING FEMME SOIN INTENSIF CHEVEUX À L’ANP2+ – 200 ML,250.00,En stock,N/A,https://beautymarket.ma/products/ecrinal-shampooing-femme-soin-intensif-cheveux-a-l-anp2-200-ml-1
BeautyMarket,Cheveux,Shampooing 1,ELSEVE HYALURON PURE SHAMPOOING PURIFIANT 72H 200ML,49.00,En stock,N/A,https://beautymarket.ma/products/elseve-hyaluron-pure-shampooing-purifiant-72h
BeautyMarket,Cheveux,Shampooing 1,ELSEVE HYALURON PURE SHAMPOOING PURIFIANT 72H 400ML,47.00,En stock,N/A,https://beautymarket.ma/products/elseve-hyaluron-pure-shampooing-purifiant-72h-400ml
BeautyMarket,Cheveux,Shampooing 1,ECRINAL – SHAMPOOING HOMME SOIN INTENSIF CHEVEUX À L’ANP2+ – 200 ML,250.00,En stock,N/A,https://beautymarket.ma/products/ecrinal-shampooing-homme-soin-intensif-cheveux-a-l-anp2-200-ml-1
BeautyMarket,Cheveux,Shampooing 1,ECRINAL SHAMPOOING CHEVEUX GRAS 200ML,250.00,En stock,N/A,https://beautymarket.ma/products/ecrinal-shampooing-cheveux-gras-200ml
BeautyMarket,Cheveux,Shampooing 1,ECRINAL SHAMPOOING CHEVEUX SECS 200ML,250.00,En stock,N/A,https://beautymarket.ma/products/ecrinal-shampooing-cheveux
BeautyMarket,Cheveux,Shampooing 1,ERAYBA ABH ALWAYS BEAUTIFUL HAIR REPAIR SHAMPOOING 250ML,219.00,En stock,N/A,https://beautymarket.ma/products/erayba-abh-repair-shampooing-250ml
BeautyMarket,Cheveux,Shampooing 1,ERAYBA ABH VOLUME SHAMPOOING 250ML,225.00,En stock,N/A,https://beautymarket.ma/products/erayba-abh-volume-shampooing-250ml
BeautyMarket,Cheveux,Shampooing 1,ECLIN SHAMPOOING ANTI-CHUTE 200ML,145.00,En stock,N/A,https://beautymarket.ma/products/eclin-shampooing-anti-chute-200ml
BeautyMarket,Cheveux,Shampooing 1,ECLIN ENERGISANT MASQUE APRÈS-SHAMPOOING FORTIFIANT 150 ML,169.00,En stock,N/A,https://beautymarket.ma/products/eclin-energisant-masque-apres-shampooing-fortifiant-150-ml
BeautyMarket,Cheveux,Shampooing 1,ECLIN SHAMPOOING ANTI-PELLICULAIRE 200 ML,145.00,En stock,N/A,https://beautymarket.ma/products/eclin-shampooing-anti-pelliculaire-200-ml
BeautyMarket,Cheveux,Shampooing 1,GARNIER ULTRA DOUX – PACK HAIR FOOD MACADAMIA SHAMPOOING + MASQUE CHEVEUX 390ML,159.00,En stock,N/A,https://beautymarket.ma/products/garnier-ultra-doux-pack-hair-food-macadamia-shampooing-masque-cheveux-390ml
BeautyMarket,Cheveux,Shampooing 1,ELSEVE HYALURON REPULP APRES-SHAMPOOING 200ML,59.00,En stock,N/A,https://beautymarket.ma/products/elseve-hyaluron-repulp-apres-shampoing-200ml
BeautyMarket,Cheveux,Shampooing 1,ELSEVE HYALURON REPULP SHAMPOOING HYDRATATION 200ML,49.00,En stock,N/A,https://beautymarket.ma/products/elseve-hyaluron-repulp-shampooing-hydratation-200ml
BeautyMarket,Cheveux,Shampooing 1,ELSEVE HYALURON REPULP SHAMPOOING HYDRATATION 400ML,59.00,En stock,N/A,https://beautymarket.ma/products/elseve-hyaluron-repulp-masque-hydra-regenerant-310ml
BeautyMarket,Cheveux,Shampooing 1,ELSEVE GLYCOLIC GLOSS SHAMPOOING 200ML,36.00,En stock,N/A,https://beautymarket.ma/products/elseve-glycolic-gloss-shampooing-200ml
BeautyMarket,Cheveux,Shampooing 1,ELSEVE GLYCOLIC GLOSS SHAMPOOING 400ML,66.00,En stock,N/A,https://beautymarket.ma/products/elseve-glycolic-gloss-shampooing-500ml
BeautyMarket,Cheveux,Shampooing 1,HEI POA SHAMPOOING DOUCHE A LA PULPE DE COCO BIO 150ML,69.00,En stock,N/A,https://beautymarket.ma/products/hei-poa-shampooing-douche-a-la-pulpe-de-coco-bio-150ml
BeautyMarket,Cheveux,Shampooing 1,GARNIER ULTRA DOUX RICE WATER HAIR SILK SERUM 120ML + RICE WATER SHAMPOOING INFUSION D’EAU DE RIZ & AMIDON 400ML,130.00,En stock,N/A,https://beautymarket.ma/products/garnier-ultra-doux-rice-water-hair-silk-serum-120ml-1
BeautyMarket,Cheveux,Shampooing 1,ECRINAL SHAMPOOING ANTI-PELLICULAIRE 200ML,250.00,En stock,N/A,https://beautymarket.ma/products/ecrinal-shampooing-anti-pelliculaire-200ml
BeautyMarket,Cheveux,Shampooing 1,FOLIGAIN TRIPLE ACTION SHAMPOOING TRIOXIDIL 2% HOMME 236ML,345.00,En stock,N/A,https://beautymarket.ma/products/foligain-triple-action-shampooing-trioxidil-2-homme-236ml
BeautyMarket,Cheveux,Shampooing 1,GARNIER ULTRA DOUX SHAMPOOING AVOCAT & KARITÉ 200ML – NUTRITION INTENSE CHEVEUX SECS,39.00,En stock,N/A,https://beautymarket.ma/products/garnier-ultra-doux-avocat-karite-200ml
BeautyMarket,Cheveux,Shampooing 1,GARNIER ULTRA DOUX SHAMPOOING AVOCAT & KARITÉ 400ML – NUTRITION INTENSE CHEVEUX SECS ET TERNES,49.00,En stock,N/A,https://beautymarket.ma/products/garnier-ultra-doux-avocat-karite-400ml
BeautyMarket,Cheveux,Shampooing 1,GARNIER ROUTINE AVOCAT COFFRET – OIL SERUM + SHAMPOOING 200ML + APRÈS-SHAMPOOING 200ML,148.00,En stock,N/A,https://beautymarket.ma/products/garnier-routine-avocat-oil-serum-apsh-200ml-shp-200ml
BeautyMarket,Cheveux,Shampooing 1,GARNIER ULTRA DOUX APRÈS-SHAMPOOING AVOCAT KARITÉ 200ML – CHEVEUX SECS ET ABÎMÉS,59.00,En stock,N/A,https://beautymarket.ma/products/garnier-ultra-doux-apres-shamooing-avocat-karite-200ml
BeautyMarket,Cheveux,Shampooing 1,GARNIER ROUTINE AVOCAT COFFRET – OIL SERUM + SHAMPOOING 200ML + SOIN SANS RINCAGE 200ML,179.00,En stock,N/A,https://beautymarket.ma/products/garnier-routine-avocat-coffret-oil-serum-shampooing-200ml-soin-sans-rincage-200ml
BeautyMarket,Cheveux,Shampooing 1,ELSEVE PRO BOND REPAIR PRÉ-SHAMPOOING 200 ML,99.00,En stock,N/A,https://beautymarket.ma/products/elseve-pro-bond-repair-pre-shampooing-200-ml
BeautyMarket,Cheveux,Shampooing 1,H&S SHAMPOOING MENTHOL FRESH 400ML,50.00,En stock,N/A,https://beautymarket.ma/products/h-s-shampooing-menthol-fresh-400ml
BeautyMarket,Cheveux,Shampooing 1,H&S SHAMPOOING DEEP CLEAN CUIR CHEVELU - 400 ML,60.00,En stock,N/A,https://beautymarket.ma/products/h-s-shampooing-deep-clean-cuir-chevelu-400-ml
BeautyMarket,Cheveux,Shampooing 1,H&S SHAMPOOING ANTIPELLICULAIRE CUIR CHEVELU IRRITÉ - 400 ML,50.00,En stock,N/A,https://beautymarket.ma/products/h-s-shampooing-antipelliculaire-cuir-chevelu-irrite-400-ml
BeautyMarket,Cheveux,Shampooing 1,H&S SHAMPOOING ANTIPELLICULAIRE CUIR CHEVELU GRAS 400 ML,50.00,En stock,N/A,https://beautymarket.ma/products/h-s-shampooing-antipelliculaire-cuir-chevelu-gras-400-ml
BeautyMarket,Cheveux,Shampooing 1,ELSEVE BOND REPAIR SHAMPOOING 200 ML,85.00,En stock,N/A,https://beautymarket.ma/products/elseve-bond-repair-shampooing-200-ml
BeautyMarket,Cheveux,Shampooing 1,GARNIER ULTRA DOUX – PACK HAIR FOOD MACADAMIA SHAMPOOING 350 ML,59.00,En stock,N/A,https://beautymarket.ma/products/garnier-ultra-doux-pack-hair-food-macadamia-shampooing-350-ml
BeautyMarket,Cheveux,Shampooing 1,ISDIN SHAMPOOING ULTRA GENTLE DAYLISDIN 400ML = SHAMPOO DAYLISDIN 100ML OFFERT,209.00,En stock,N/A,https://beautymarket.ma/products/isdin-shampooing-ultra-gentle-daylisdin-400ml-shampoo-daylisdin-100ml-offert
BeautyMarket,Cheveux,Shampooing 1,DUCRAY SQUANORM SHAMPOOING TRAITANT ANTIPELLICULAIRE 200 ML = EXTRA-DOUX 100 ML OFFERTE,199.00,En stock,N/A,https://beautymarket.ma/products/ducray-squanorm-shampooing-traitant-antipelliculaire-200-ml-extra-doux-100-ml-offerte
BeautyMarket,Cheveux,Shampooing 1,ERAYBA ZENACTIVE SHAMPOOING PURIFY DUNDRUFF Z12P 250ML,342.00,En stock,N/A,https://beautymarket.ma/products/erayba-zenactive-purify-shampoo-dandruff-712p-250ml
BeautyMarket,Cheveux,Shampooing 1,KLORANE SHAMPOOING AU CEDRAT 200ML,94.00,En stock,N/A,https://beautymarket.ma/products/klorane-shamp-au-cedrat-200ml
BeautyMarket,Cheveux,Shampooing 1,KLORANE SHAMPOOING A LA CAMOMILLE 200ML,99.00,En stock,N/A,https://beautymarket.ma/products/klorane-shampooing-a-la-camomille
BeautyMarket,Cheveux,Shampooing 1,KLORANE BAUME APRÈS-SHAMPOOING EXTRAIT D’OLIVIER – 200ML,91.00,En stock,N/A,https://beautymarket.ma/products/klorane-baume-apres-shampooing-extrait-d-olivier-200ml
BeautyMarket,Cheveux,Shampooing 1,KLORANE BÉBÉ SHAMPOOING DÉMÊLANT – 200 ML,110.00,En stock,N/A,https://beautymarket.ma/products/klorane-bebe-shampooing-demelant-200-ml
BeautyMarket,Cheveux,Shampooing 1,KÉRASTASE GENESIS BAIN HYDRA-FORTIFIANT 250ML – SHAMPOOING ANTI-CHUTE CHEVEUX FRAGILES,265.00,En stock,N/A,https://beautymarket.ma/products/kerastase-genesis-bain-hydra-fortifiant-250ml
BeautyMarket,Cheveux,Shampooing 1,KÉRASTASE GENESIS BAIN NUTRI-FORTIFIANT 250ML – SHAMPOOING ANTI-CHUTE CHEVEUX SECS,265.00,En stock,N/A,https://beautymarket.ma/products/kerastase-genesis-bain-nutri-fortifiant-250ml
BeautyMarket,Cheveux,Shampooing 1,KÉRASTASE BLOND ABSOLU BAIN LUMIÈRE 250ML – SHAMPOOING ILLUMINATEUR CHEVEUX BLONDS,255.00,En stock,N/A,https://beautymarket.ma/products/kerastase-blond-absolu-bain-lumiere-250ml
BeautyMarket,Cheveux,Shampooing 1,KÉRASTASE BLOND ABSOLU BAIN ULTRA-VIOLET 250ML – SHAMPOOING VIOLET ANTI-JAUNISSEMENT,255.00,En stock,N/A,https://beautymarket.ma/products/kerastase-blond-absolu-bain-ultra-violet-250ml
BeautyMarket,Cheveux,Shampooing 1,KÉRASTASE DISCIPLINE BAIN FLUIDEALISTE SANS SULFATES 250ML – SHAMPOOING LISSANT ANTI-FRISOTTIS,255.00,En stock,N/A,https://beautymarket.ma/products/kerastase-discipline-bain-fluidaliste-sans-sulfates-250ml
BeautyMarket,Cheveux,Shampooing 1,KÉRASTASE RÉSISTANCE BAIN EXTENTIONISTE 250ML – SHAMPOOING FORTIFIANT CHEVEUX LONGS,255.00,En stock,N/A,https://beautymarket.ma/products/kerastase-resistance-bain-extentioniste-250ml
BeautyMarket,Cheveux,Shampooing 1,KÉRASTASE SPÉCIFIQUE BAIN DIVALENT 250ML – SHAMPOOING ÉQUILIBRANT CUIR CHEVELU GRAS,255.00,En stock,N/A,https://beautymarket.ma/products/kerastase-specifique-bain-divalent-250ml
BeautyMarket,Cheveux,Shampooing 1,KÉRASTASE CURL MANIFESTO BAIN HYDRATATION DOUCEUR 250ML – SHAMPOOING CHEVEUX BOUCLÉS,255.00,En stock,N/A,https://beautymarket.ma/products/kerastase-curl-manifesto-bain-hydratation-douceur-250ml
BeautyMarket,Cheveux,Shampooing 1,KÉRASTASE CHROMA ABSOLU BAIN CHROMA RESPECT 250ML – SHAMPOOING PROTECTEUR COULEUR,255.00,En stock,N/A,https://beautymarket.ma/products/kerastase-bain-chroma-respect-250ml
BeautyMarket,Cheveux,Shampooing 1,KÉRASTASE CHROMA ABSOLU BAIN RICHE CHROMA RESPECT 250ML – SHAMPOOING NOURRISSANT CHEVEUX COLORÉS,255.00,En stock,N/A,https://beautymarket.ma/products/kerastase-bain-riche-chroma-respect-250ml
BeautyMarket,Cheveux,Shampooing 1,KÉRASTASE SYMBIOSE BAIN CRÈME ANTI-PELLICULAIRE 250ML – SHAMPOOING CUIR CHEVELU SENSIBLE,255.00,En stock,N/A,https://beautymarket.ma/products/kerastase-symbiose-bain-creme-anti-pelliculaire-250ml
BeautyMarket,Cheveux,Shampooing 1,KÉRASTASE SPÉCIFIQUE BAIN VITAL DERMO-CALM 250ML – SHAMPOOING APAISANT CUIR CHEVELU SENSIBLE,259.00,En stock,N/A,https://beautymarket.ma/products/kerastase-specifique-shampooing-bain-vital-dermo-calm-250ml
BeautyMarket,Cheveux,Shampooing 1,KLORANE ORTIE SHAMPOOING SEBOREGULATEUR,99.00,En stock,N/A,https://beautymarket.ma/products/klorane-ortie-blanche-shamp
BeautyMarket,Cheveux,Shampooing 1,KÉRASTASE RÉSISTANCE BAIN FORCE ARCHITECTE 250ML – SHAMPOOING RÉPARATEUR CHEVEUX ABÎMÉS,255.00,En stock,N/A,https://beautymarket.ma/products/kerastase-resistance-bain-force-architecte-250ml-1
BeautyMarket,Cheveux,Shampooing 1,L'ORÉAL PARIS ELSEVE ROUTINE BOND REPAIR SHAMPOOING 200ML + DÉMÊLANT INTENSE 150 ML = SHAMPOOING OFFERT,240.00,En stock,N/A,https://beautymarket.ma/products/loreal-paris-elseve-routine-bond-repair
BeautyMarket,Cheveux,Shampooing 1,KIN CASPISELEN SHAMPOOING ANTIPELLICULAIRE 200ML,132.00,En stock,N/A,https://beautymarket.ma/products/kin-caspiselen-shampooing-antipelliculaire-200ml
BeautyMarket,Cheveux,Shampooing 1,L'ORÉAL PROFESSIONNEL ABSOLUT REPAIR SHAMPOOING 300ML,196.00,En stock,N/A,https://beautymarket.ma/products/loreal-professionnel-absolut-repair-shampooing-300ml
BeautyMarket,Cheveux,Shampooing 1,L'ORÉAL PROFESSIONNEL ABSOLUT REPAIR MOLECULAR SHAMPOOING 300 ML,249.00,En stock,N/A,https://beautymarket.ma/products/loreal-professionnel-absolut-repair-molecular-shampooing-sans-sulfate-300-ml
BeautyMarket,Cheveux,Shampooing 1,L'ORÉAL PROFESSIONNEL ABSOLUT REPAIR MOLECULAR SHAMPOOING 500 ML,319.00,En stock,N/A,https://beautymarket.ma/products/loreal-professionnel-absolut-repair-molecular-shampooing-sans-sulfate-500-ml
BeautyMarket,Cheveux,Shampooing 1,KÉRASTASE VOLUMIFIQUE BAIN VOLUME 250ML – SHAMPOOING LÉGÈRETÉ & VOLUME POUR CHEVEUX FINS,255.00,En stock,N/A,https://beautymarket.ma/products/kerastase-volumifique-bain-volume-250ml
BeautyMarket,Cheveux,Shampooing 1,L'ORÉAL PROFESSIONNEL ABSOLUT REPAIR SHAMPOOING 500 ML,246.00,En stock,N/A,https://beautymarket.ma/products/loreal-professionnel-absolut-repair-shampooing-500-ml
BeautyMarket,Cheveux,Shampooing 1,L'ORÉAL PROFESSIONNEL SCALP ADVANCED SHAMPOOING DERMO CLARIFIANT 300ML,186.00,En stock,N/A,https://beautymarket.ma/products/loreal-professionnel-scalp-advanced-shampooing-dermo-clarifiant-300-ml
BeautyMarket,Cheveux,Shampooing 1,L'ORÉAL PROFESSIONNEL SCALP ADVANCED SHAMPOOING DERMO REGULATEUR 300 ML,186.00,En stock,N/A,https://beautymarket.ma/products/l-oreal-professionnel-scalp-advanced-shampooing-dermo-regulateur-300-ml
BeautyMarket,Cheveux,Shampooing 1,L'ORÉAL PROFESSIONNEL PROLONGER SHAMPOOING PROFESSIONNEL 500 ML,264.00,En stock,N/A,https://beautymarket.ma/products/loreal-professionnel-prolonger-shampooing-professionnel-500-ml
BeautyMarket,Cheveux,Shampooing 1,L'ORÉAL PARIS ELSEVE EXTRA MIDNIGHT SERUM 100ML = SHAMPOOING OFFERT,150.00,En stock,N/A,https://beautymarket.ma/products/elseve-extra-midnight-serum-100ml
BeautyMarket,Cheveux,Shampooing 1,K18 PEPTIDE PREP SHAMPOOING DETOXIFIANT 250 ML,396.00,En stock,N/A,https://beautymarket.ma/products/k18-peptide-prep-shampooing-detoxifiant-250-ml
BeautyMarket,Cheveux,Shampooing 1,K18 DAMAGE SHIELD APRES SHAMPOOING PROTECTEUR DE PH 250 ML,396.00,En stock,N/A,https://beautymarket.ma/products/k18-damage-shield-apres-shampooing-protecteur-de-ph-250-ml
BeautyMarket,Cheveux,Shampooing 1,K18 DAMAGE SHIELD SHAMPOOING PROTECTEUR DE PH 250 ML,396.00,En stock,N/A,https://beautymarket.ma/products/k18-damage-shield-shampooing-protecteur-de-ph-250-ml
BeautyMarket,Cheveux,Shampooing 1,KLORANE SHAMPOOING A LA CAMOMILLE 400ML,149.00,En stock,N/A,https://beautymarket.ma/products/klorane-shampooing-a-la-camomille-400ml-1
BeautyMarket,Cheveux,Shampooing 1,L'ORÉAL PROFESSIONNEL METAL DETOX RECHARGE SHAMPOOING 500ML,270.00,En stock,N/A,https://beautymarket.ma/products/loreal-professionnel-metal-detox-recharge-shampooing-500ml
BeautyMarket,Cheveux,Shampooing 1,L'ORÉAL PROFESSIONNEL TRIO METAL DETOX SHAMPOOING 300 ML + MASQUE 250 ML + HUILE,645.00,En stock,N/A,https://beautymarket.ma/products/loreal-professionnel-trio-metal-detox-shampooing-300-ml-masque-250-ml
BeautyMarket,Cheveux,Shampooing 1,L'OREAL PROFESSIONNEL DUO METAL DETOX SHAMPOOING 300 ML + MASQUE 250 ML,459.00,En stock,N/A,https://beautymarket.ma/products/loreal-professionnel-duo-metal-detox-shampooing-300-ml-masque-250-ml
BeautyMarket,Cheveux,Shampooing 1,KLORANE APRÈS-SHAMPOOING EXTRA-DOUX À AVOINE 200ML,159.00,En stock,N/A,https://beautymarket.ma/products/klorane-apres-shampooing-extra-doux-a-l-avoine-200ml-demelant-nourrissant
BeautyMarket,Cheveux,Shampooing 1,KUORA ANTI HAIR LOSS SHAMPOO – SHAMPOOING ANTI-CHUTE 250 ML,125.00,En stock,N/A,https://beautymarket.ma/products/kuora-anti-hair-loss-shampoo-shampooing-anti-chute-250-ml
BeautyMarket,Cheveux,Shampooing 1,KÉRASTASE NUTRITIVE BAIN SATIN RICH 250ML – SHAMPOOING NOURRISSANT CHEVEUX SECS,250.00,En stock,N/A,https://beautymarket.ma/products/kerastase-nutritive-bain-satin-rich-250ml-shampooing-nourrissant-cheveux-secs
BeautyMarket,Cheveux,Shampooing 1,KÉRASTASE NUTRITIVE BAIN SATIN 250ML – SHAMPOOING NOURRISSANT CHEVEUX NORMAUX À SECS,250.00,En stock,N/A,https://beautymarket.ma/products/kerastase-nutritive-bain-satin-250ml-shampooing-nourrissant-cheveux-normaux-a-secs
BeautyMarket,Cheveux,Shampooing 1,KÉRASTASE GLOSS ABSOLU BAIN HYDRA-GLAZE 250ML – SHAMPOOING HYDRATANT BRILLANCE,265.00,En stock,N/A,https://beautymarket.ma/products/kerastase-gloss-absolu-bain-hydra-glaze-250ml-shampooing-hydratant-brillance
BeautyMarket,Cheveux,Shampooing 1,KÉRASTASE GENESIS HOMME BAIN DE FORCE QUOTIDIEN 250ML – SHAMPOOING FORTIFIANT HOMME,259.00,En stock,N/A,https://beautymarket.ma/products/kerastase-blond-absolu-cicaplasme-150ml-soin-thermo-protecteur-reparateur-cheveux-blonds
BeautyMarket,Cheveux,Shampooing 1,KÉRASTASE GENESIS HOMME BAIN DE MASSE ÉPAISSISSANT 250ML – SHAMPOOING ÉPAISSISSANT HOMME,255.00,En stock,N/A,https://beautymarket.ma/products/kerastase-genesis-homme-bain-de-masse-epaississant-250ml-shampooing-epaississant-homme
BeautyMarket,Cheveux,Shampooing 1,L'ORÉAL PARIS ELSEVE FIBER BOOSTER SHAMPOOING SANS SULFATES 200 ML,90.00,En stock,N/A,https://beautymarket.ma/products/loreal-paris-elseve-fiber-booster-shampooing-sans-sulfates-200-ml
BeautyMarket,Cheveux,Shampooing 1,KÉRASTASE DISCIPLINE BAIN OLEO-RELAX 250ML - SHAMPOOING NOURRISSANT ANTI-VOLUME,255.00,En stock,N/A,https://beautymarket.ma/products/kerastase-discipline-bain-oleo-relax-250ml-shampooing-nourrissant-anti-volume
BeautyMarket,Cheveux,Shampooing 1,KÉRASTASE PREMIÈRE BAIN DÉCALCIFIANT RÉPARATEUR - SHAMPOOING DÉCALCIFIANT ET RÉPARATEUR 250ML,265.00,En stock,N/A,https://beautymarket.ma/products/kerastase-premiere-bain-decalcifiant-reparateur-250ml-shampooing-decalcifiant-et-reparateur
BeautyMarket,Cheveux,Shampooing 1,KÉRASTASE SYMBIOSE BAIN PURETÉ ANTI-PELLICULAIRE 250ML – SHAMPOOING CUIR CHEVELU SENSIBLE,255.00,En stock,N/A,https://beautymarket.ma/products/kerastase-symbiosebain-purete-anti-pelliculaire-250ml-shampooing-cuir-chevelu-sensible
BeautyMarket,Cheveux,Shampooing 1,KÉRASTASE PREMIÈRE BAIN DÉCALCIFIANT RÉPARATEUR - SHAMPOOING DÉCALCIFIANT ET RÉPARATEUR RECHARGE 500ML,399.00,En stock,N/A,https://beautymarket.ma/products/kerastase-premiere-bain-decalcifiant-reparateur-shampooing-decalcifiant-et-reparateur-recharge-500ml
BeautyMarket,Cheveux,Shampooing 1,L'ORÉAL PROFESSIONNEL ABSOLUT REPAIR MOLECULAR SHAMPOOING 300 ML + MASQUE ABSOLUT REPAIR MOLECULAR 100ML,459.00,En stock,N/A,https://beautymarket.ma/products/loreal-professionnel-absolut-repair-molecular-shampooing-300-ml-masque-absolut-repair-molecular-100ml
BeautyMarket,Cheveux,Shampooing 1,K18 DAMAGE SHIELD SHAMPOOING PROTECTEUR DE PH 53 ML,159.00,En stock,N/A,https://beautymarket.ma/products/k18-damage-shield-shampooing-protecteur-de-ph-53-ml
BeautyMarket,Cheveux,Shampooing 1,LUXEOL SHAMPOOING ANTIPELLICULLAIRE 200ML,207.00,En stock,N/A,https://beautymarket.ma/products/luxeol-shampooing-antipellicullaire-200ml
BeautyMarket,Cheveux,Shampooing 1,LUXEOL SHAMPOOING LISSANT CHEVEUX REBELLES & ONDULES 200ML,200.00,En stock,N/A,https://beautymarket.ma/products/luxeol-shampooing-lissant-cheveux-rebelles-ondules-200ml
BeautyMarket,Cheveux,Shampooing 1,MAELYS SHAMPOOING ANTI-CHUTE ORTIE PRÊLE – 200 ML,165.00,En stock,N/A,https://beautymarket.ma/products/maelys-shampooing-anti-chute-ortie-prele-200-ml
BeautyMarket,Cheveux,Shampooing 1,MARRAK SHAMPOOING NOURRISSANT,250.00,En stock,N/A,https://beautymarket.ma/products/marrak-shampooing-nourrissant
BeautyMarket,Cheveux,Shampooing 1,NATURESOIN CALMABÉBÉ SHAMPOOING DOUX – 250 ML,45.00,En stock,N/A,https://beautymarket.ma/products/naturesoin-calmabebe-shampooing-doux-250-ml
BeautyMarket,Cheveux,Shampooing 1,MACADAMIA NATURAL OIL ULTRA RICH REPAIR SHAMPOOING 300 ML,229.00,En stock,N/A,https://beautymarket.ma/products/macadamia-natural-oil-ultra-rich-repair-shampooing
BeautyMarket,Cheveux,Shampooing 1,NATURALIA SHAMPOOING ANTI PELLICULAIRE-300 ML-,210.00,En stock,N/A,https://beautymarket.ma/products/naturalia-shampooing-anti-pelliculaire-300-ml
BeautyMarket,Cheveux,Shampooing 1,NATURALIA TRAITEMENT ANTI-CHUTE 12 AMPOULESX5 ML + SHAMPOOING ENERGISANT 150 ML,900.00,En stock,N/A,https://beautymarket.ma/products/naturalia-traitement-anti-chute-12-ampoulesx5-ml-shampooing-energisant-150-ml
BeautyMarket,Cheveux,Shampooing 1,NATURALIA: ALOE SHAMPOOING HYDRATANT 200 ML,115.00,En stock,N/A,https://beautymarket.ma/products/naturaliaaloe-shampooing-hydratant-200-ml
BeautyMarket,Cheveux,Shampooing 1,NUXE LAIT SOLAIRE FONDANT HAUTE PROTECTION SPF50 VISAGE ET CORPS150ML + NUXE SHAMPOOING DOUCHE APRES SOLEIL 100ML,270.00,En stock,N/A,https://beautymarket.ma/products/nuxe-lait-solaire-fondant-haute-protection-spf50-visage-et-corps150ml-nuxe-shampooing-douche-apres-soleil-100ml
BeautyMarket,Cheveux,Shampooing 1,NUXE RÊVE DE MIEL SHAMPOOING SOLIDE DOUCEUR 65 GR = BOITE EN MÉTAL OFF,112.00,En stock,N/A,https://beautymarket.ma/products/nuxe-reve-de-miel-shampooing-solide-douceur-65-gr
BeautyMarket,Cheveux,Shampooing 1,MACADAMIA SHAMPOOING RÉPARATEUR À L'HUILE 1L,375.00,En stock,N/A,https://beautymarket.ma/products/macadamia-oil-infused-hair-repair-shampooing
BeautyMarket,Cheveux,Shampooing 1,NUXE HAIR PRODIGIEUX LE SHAMPOOING BRILLANCE MIROIR 200ML,199.00,En stock,N/A,https://beautymarket.ma/products/nuxe-hair-prodigieux-le-shampooing-brillance-miroir-200ml
BeautyMarket,Cheveux,Shampooing 1,PHYTO BAUME VOLUME APRÈS-SHAMPOOING CONDITIONNEUR 150 ML,348.00,En stock,N/A,https://beautymarket.ma/products/phytobaume-reparateur-apres-shampooing-conditionneur-150-ml
BeautyMarket,Cheveux,Shampooing 1,NUTRICAP ANTI -CHUTE SHAMPOOING 150ML,65.00,En stock,N/A,https://beautymarket.ma/products/nutricap-anti-chute-shampooing-150ml
BeautyMarket,Cheveux,Shampooing 1,PEDIAKID BALEPOU SHAMPOOING ANTI POUX ET LENTES 200 ML,120.00,En stock,N/A,https://beautymarket.ma/products/pediakid-balepou-shampooing-anti-poux-et-lentes-200-ml
BeautyMarket,Cheveux,Shampooing 1,NUTRICAP APRES SHAMPOOING CHEVEUX SECS ET ABIMES 100ML,60.00,En stock,N/A,https://beautymarket.ma/products/nutricap-apres-shampooing-cheveux-secs-et-abimes-100ml
BeautyMarket,Cheveux,Shampooing 1,LUXEOL APRÈS-SHAMPOOING ANTICHUTE 200ML,225.00,En stock,N/A,https://beautymarket.ma/products/luxeol-apres-shampooing-antichute-200ml
BeautyMarket,Cheveux,Shampooing 1,LUXEOL SHAMPOOING POUSSE 200ML,199.00,En stock,N/A,https://beautymarket.ma/products/luxeol-shampoing-pousse-200ml
BeautyMarket,Cheveux,Shampooing 1,LUXEOL APRES SHAMPOOING POUSSE 200ML,219.00,En stock,N/A,https://beautymarket.ma/products/luxeol-apres-shampooing-pousse-200ml
BeautyMarket,Cheveux,Shampooing 1,LUXEOL SHAMPOOING REPARATEUR CHEVEUX SECS 200ML,189.00,En stock,N/A,https://beautymarket.ma/products/luxeol-shampooing-nutrition-cheveux-secs-200ml
BeautyMarket,Cheveux,Shampooing 1,LUXÉOL SHAMPOOING SOLIDE FORTIFIANT 75G,199.00,En stock,N/A,https://beautymarket.ma/products/luxeol-shampoing-solide-fortifiant-75g
BeautyMarket,Cheveux,Shampooing 1,LUXÉOL APRÈS-SHAMPOOINGS CHEVEUX COLORÉS 200 ML,219.00,En stock,N/A,https://beautymarket.ma/products/luxeol-apres-shampooings-cheveux-colores-200-ml
BeautyMarket,Cheveux,Shampooing 1,LUXÉOL SHAMPOOING EXTRA-DOUX 400 ML,199.00,En stock,N/A,https://beautymarket.ma/products/luxeol-shampooing-extra-doux-400-ml
BeautyMarket,Cheveux,Shampooing 1,LUXEOL SHAMPOOING ANTICHUTE 200 ML,235.00,En stock,N/A,https://beautymarket.ma/products/luxeol-shampooing-antichute-200-ml
BeautyMarket,Cheveux,Shampooing 1,LUXEOL SHAMPOOING NUTRITION CHEVEUX SECS 200 ML,199.00,En stock,N/A,https://beautymarket.ma/products/luxeol-shampooing-nutrition-200-ml
BeautyMarket,Cheveux,Shampooing 1,NOVAHAIR SHAMPOOING ANTI CHUTE 250 ML,169.00,En stock,N/A,https://beautymarket.ma/products/novahair-shampooing-anti-chute-250-ml
BeautyMarket,Cheveux,Shampooing 1,NEUTRADERM SHAMPOOING EXTRA DOUX DERMO RESPECT 200 ML,64.00,En stock,N/A,https://beautymarket.ma/products/neutraderm-shampooing-extra-doux-dermo-respect-200-ml
BeautyMarket,Cheveux,Shampooing 1,MARTIDERM HAIR SYSTEM SHAMPOOING ANTI SEBUM 200ML,219.00,En stock,N/A,https://beautymarket.ma/products/martiderm-hs-shampooing-antichute-anti-sebum-200ml
BeautyMarket,Cheveux,Shampooing 1,MARTIDERM HAIR SYSTEM SHAMPOOING ANTI AGING 200 ML,219.00,En stock,N/A,https://beautymarket.ma/products/martiderm-hs-anti-chute-shampoo-anti-aging-200-ml
BeautyMarket,Cheveux,Shampooing 1,PHYTO APRÉS-SHAMPOOING DOUCEUR 175ML,289.00,En stock,N/A,https://beautymarket.ma/products/phyto-apres-shampooing-douceur-175ml
BeautyMarket,Cheveux,Shampooing 1,PHYTO COULEUR APRÈS-SHAMPOOING RAVIVEUR D'ÉCLAT 175ML,349.00,En stock,N/A,https://beautymarket.ma/products/phyto-couleur-apres-shampooing-raviveur-declat-175ml
BeautyMarket,Cheveux,Shampooing 1,PAUL MITCHELL CLEAN BEAUTY ORIGINAL SHAMPOOING ONE 300 ML,199.00,En stock,N/A,https://beautymarket.ma/products/paul-mitchell-clean-beauty-original-shampooing-one-300-ml
BeautyMarket,Cheveux,Shampooing 1,PAUL MITCHELL AWAPUHI SHAMPOOING 300ML,199.00,En stock,N/A,https://beautymarket.ma/products/paul-mitchell-awapuhi-shampooing-300ml
BeautyMarket,Cheveux,Shampooing 1,PAUL MITCHELL CLEAN BEAUTY EVERYDAY SHAMPOOING 250 ML,379.00,En stock,N/A,https://beautymarket.ma/products/paul-mitchell-clean-beauty-everyday-shampooing-250-ml
BeautyMarket,Cheveux,Shampooing 1,PAUL MITCHELL CLEAN BEAUTY SMOOTH ANTI-FRIZZ SHAMPOOING 250 ML,319.00,En stock,N/A,https://beautymarket.ma/products/paul-mitchell-clean-beauty-smooth-anti-frizz-shampoo-250-ml
BeautyMarket,Cheveux,Shampooing 1,PAUL MITCHELL CLEAN BEAUTY TEA TREE SPECIAL SHAMPOOING 300 ML,299.00,En stock,N/A,https://beautymarket.ma/products/paul-mitchell-clean-beauty-tea-tree-special-shampoo-300-ml
BeautyMarket,Cheveux,Shampooing 1,NATURESOIN SHAMPOOING PURIFIANT A L’HUILE DE CADE,45.00,En stock,N/A,https://beautymarket.ma/products/naturesoin-shampooing-purifiant-a-l-huile-de-cade
BeautyMarket,Cheveux,Shampooing 1,L'ORÉAL PROFESSIONNEL VITAMINO COLOR SPECTRUM SHAMPOOING PROFESSIONNEL 300ML,265.00,En stock,N/A,https://beautymarket.ma/products/loreal-professionnel-vitamino-color-spectrum-shampooing-professionnel-300ml
BeautyMarket,Cheveux,Shampooing 1,L'ORÉAL PROFESSIONNEL VITAMINO COLOR SPECTRUM SHAMPOOING PROFESSIONNEL 500ML,379.00,En stock,N/A,https://beautymarket.ma/products/loreal-professionnel-vitamino-color-spectrum-shampooing-professionnel-500ml
BeautyMarket,Cheveux,Shampooing 1,L’ORÉAL PARIS ELSEVE HYAURON REPULP SHAMPOOING 200 ML + SÉRUM CHEVEUX,119.00,En stock,N/A,https://beautymarket.ma/products/l-oreal-paris-elseve-hyauron-repulp-shampooing-200-ml-serum-cheveux
BeautyMarket,Cheveux,Shampooing 1,NOVAHAIR PACK LOTION ANTI CHUTE SPF30 125ML + SHAMPOOING ANTI CHUTE 250ML,465.00,En stock,N/A,https://beautymarket.ma/products/novahair-pack-lotion-anti-chute-spf30-125ml-shampooing-anti-chute-250ml
BeautyMarket,Cheveux,Shampooing 1,NOVAHAIR SHAMPOOING ANTI PELLICULAIRE 250 ML,169.00,En stock,N/A,https://beautymarket.ma/products/novahair-shampooing-anti-pelliculaire-250-ml
BeautyMarket,Cheveux,Shampooing 1,NUXE HAIR PRODIGIEUX DUO BRILLANCE MIROIR SHAMPOOING 200ML + CONDITIONER 200ML,429.00,En stock,N/A,https://beautymarket.ma/products/nuxe-hair-prodigieux-duo-brillance-miroir-shampooing-200ml-conditioner-200ml
BeautyMarket,Cheveux,Shampooing 1,NOVALOU BABY SHAMPOOING 200ML,85.00,En stock,N/A,https://beautymarket.ma/products/novalou-baby-shampooing-200ml
BeautyMarket,Cheveux,Shampooing 1,L’ORÉAL PARIS ELSEVE HUILE EXTRAORDINAIRE SHAMPOOING JOJOBA CHEVEUX SECS 200ML,49.00,En stock,N/A,https://beautymarket.ma/products/loreal-paris-elseve-huile-extraordinaire-shampooing-jojoba-200ml
BeautyMarket,Cheveux,Shampooing 1,L’ORÉAL PROFESSIONNEL PRO LONGER SHAMPOOING 300ML – CHEVEUX LONGS & POINTES ÉPAISSIES,169.00,En stock,N/A,https://beautymarket.ma/products/l-oreal-professionnel-pro-longer-shampooing-300ml-cheveux-longs-pointes-epaissies
BeautyMarket,Cheveux,Shampooing 1,L’ORÉAL ELSÈVE HUILE EXTRAORDINAIRE SHAMPOOING 400ML – NUTRITION CHEVEUX SECS & ABÎMÉS,45.00,En stock,N/A,https://beautymarket.ma/products/l-oreal-elseve-huile-extraordinaire-shampooing-400ml-nutrition-cheveux-secs-abimes
BeautyMarket,Cheveux,Shampooing 1,MACADAMIA OIL REJUVENATING SHAMPOO 100ML – SHAMPOOING NOURRISSANT & HYDRATANT,95.00,En stock,N/A,https://beautymarket.ma/products/macadamia-oil-rejuvenating-shampoo-100ml-shampooing-nourrissant-hydratant
BeautyMarket,Cheveux,Shampooing 1,MACADAMIA WEIGHTLESS MOISTURE APRÈS-SHAMPOOING HYDRATANT 1L – SOIN LÉGÈR CHEVEUX SECS & FINS,540.00,En stock,N/A,https://beautymarket.ma/products/macadamia-weightless-moisture-apres-shampooing-hydratant-1l-soin-leger-cheveux-secs-fins
BeautyMarket,Cheveux,Shampooing 1,MACADAMIA ULTRA RICH MOISTURE APRÈS-SHAMPOOING HYDRATANT 1L – SOIN INTENSE CHEVEUX TRÈS SECS & FRISÉS,540.00,En stock,N/A,https://beautymarket.ma/products/macadamia-ultra-rich-moisture-apres-shampooing-hydratant-1l-soin-intense-cheveux-tres-secs-frises
BeautyMarket,Cheveux,Shampooing 1,MIXA SHAMPOOING TRÈS DOUX 300ML,49.00,En stock,N/A,https://beautymarket.ma/products/mixa-shampooing-tres-doux-300ml
BeautyMarket,Cheveux,Shampooing 1,MACADAMIA ENDLESS SUMMER SHAMPOOING SUN & SURF 236 ML,230.00,En stock,N/A,https://beautymarket.ma/products/macadamia-endless-summer-shampooing-sun-surf-236-ml
BeautyMarket,Cheveux,Shampooing 1,PAUL MITCHELL CLEAN BEAUTY REPAIR SHAMPOOING 250 ML,379.00,En stock,N/A,https://beautymarket.ma/products/paul-mitchell-clean-beauty-repair-shampooing-250-ml
BeautyMarket,Cheveux,Shampooing 1,PALMER'S MOISTURE BOOST SHAMPOOING 400ML,219.00,En stock,N/A,https://beautymarket.ma/products/palmers-moisture-boost-shampooing-400ml
BeautyMarket,Cheveux,Shampooing 1,NUTRISANTE NUTRICAP SHAMPOOING CHEVEUX SECS ET ABIMES 200ML,62.00,En stock,N/A,https://beautymarket.ma/products/nutrisante-nutricap-shampooing-cheveux-secs-et-abimes-200ml
BeautyMarket,Cheveux,Shampooing 1,MAVIDERMA SHAMPOOING ANTI-CHUTE 300ML,179.00,En stock,N/A,https://beautymarket.ma/products/maviderma-shampooing-anti-chute-300ml
BeautyMarket,Cheveux,Shampooing 1,LUXÉOL CROISSANCE SHAMPOOING 200ML,185.00,En stock,N/A,https://beautymarket.ma/products/luxeol-croissance-shampooing-200ml
BeautyMarket,Cheveux,Shampooing 1,LES SECRETS DE LOLY CREAM CONDITIONER APRÈS-SHAMPOOING DÉMÊLANT - 250ML,220.00,En stock,N/A,https://beautymarket.ma/products/les-secrets-de-loly-cream-conditioner-apres-shampooing-demelant-250ml
BeautyMarket,Cheveux,Shampooing 1,LES SECRETS DE LOLY PERFECT MATCH SHAMPOOING LÉGER - 250ML,210.00,En stock,N/A,https://beautymarket.ma/products/les-secrets-de-loly-perfect-match-shampooing-leger-250ml
BeautyMarket,Cheveux,Shampooing 1,LES SECRETS DE LOLY PINK PARADISE APRÈS-SHAMPOOING ULTRA DÉMÊLANT - 250ML,220.00,En stock,N/A,https://beautymarket.ma/products/les-secrets-de-loly-pink-paradise-apres-shampooing-ultra-demelant-250ml
BeautyMarket,Cheveux,Shampooing 1,LES SECRETS DE LOLY BUBBLE DREAM SHAMPOOING DOUX ENFANT - 250ML,210.00,En stock,N/A,https://beautymarket.ma/products/les-secrets-de-loly-bubble-dream-shampooing-doux-enfant-250ml
BeautyMarket,Cheveux,Shampooing 1,LES SECRETS DE LOLY BUBBLE SMOOTH APRÈS-SHAMPOOING ENFANTS - 250ML,200.00,En stock,N/A,https://beautymarket.ma/products/les-secrets-de-loly-bubble-smooth-apres-shampooing-enfants-250ml
BeautyMarket,Cheveux,Shampooing 1,LES SECRETS DE LOLY SUNSHINE CLEAN SHAMPOOING CUIR CHEVELU SENSIBLE - 200ML,210.00,En stock,N/A,https://beautymarket.ma/products/les-secrets-de-loly-sunshine-clean-shampooing-cuir-chevelu-sensible-200ml
BeautyMarket,Cheveux,Shampooing 1,LES SECRETS DE LOLY CARE FUSION SHAMPOOING-CRÈME - 250ML,210.00,En stock,N/A,https://beautymarket.ma/products/les-secrets-de-loly-care-fusion-shampooing-creme-250ml
BeautyMarket,Cheveux,Shampooing 1,LES SECRETS DE LOLY PERFECT CLEAN SHAMPOOING - 250ML,210.00,En stock,N/A,https://beautymarket.ma/products/les-secrets-de-loly-perfect-clean-shampooing-250ml
BeautyMarket,Cheveux,Shampooing 1,PURESSENTIEL ANTI CHUTE SÉRUM TRAITANT 150ML + SHAMPOOING ANTI CHUTE 200ML -50%,675.00,En stock,N/A,https://beautymarket.ma/products/puressentiel-anti-chute-serum-traitant-150ml-shampooing-anti-chute-200ml-50
BeautyMarket,Cheveux,Shampooing 1,PURESSENTIEL SHAMPOOING QUOTIDIEN POUXDOUX BIO 200ML,199.00,En stock,N/A,https://beautymarket.ma/products/puressentiel-pouxdoux-apres-shampooing-tube-de-200-ml
BeautyMarket,Cheveux,Shampooing 1,PURIADERM PURIPHAN SHAMPOOING ÉNERGISANT 200ML,254.00,En stock,N/A,https://beautymarket.ma/products/puriaderm-puriphan-shampooing-energisant-200ml
BeautyMarket,Cheveux,Shampooing 1,TH-PHARMA SHAMPOOING AVOINE ET GELÉE ROYALE 1 L,166.00,En stock,N/A,https://beautymarket.ma/products/th-pharma-shampooing-avoine-et-gelee-royale-1-l
BeautyMarket,Cheveux,Shampooing 1,TH-PHARMA SHAMPOOING PURIFIANT ANTI-PELLICULAIRE 750ML,198.00,En stock,N/A,https://beautymarket.ma/products/th-pharma-shampooing-purifiant-anti-pelliculaire-750ml
BeautyMarket,Cheveux,Shampooing 1,TH-PHARMA SHAMPOOING OIGNON ROUGE 1 L,166.00,En stock,N/A,https://beautymarket.ma/products/th-pharma-shampooing-oignon-rouge-1-l
BeautyMarket,Cheveux,Shampooing 1,URIAGE DS HAIR SHAMPOOING DOUX ÉQUILIBRANT 200ML,149.00,En stock,N/A,https://beautymarket.ma/products/uriage-ds-hair-shampooing-doux-equilibrant-200ml
BeautyMarket,Cheveux,Shampooing 1,URIAGE DS HAIR SHAMPOOING DOUX ÉQUILIBRANT – 500ML,199.00,En stock,N/A,https://beautymarket.ma/products/uriage-ds-hair-shampooing-doux-equilibrant-500ml
BeautyMarket,Cheveux,Shampooing 1,VICHY DERCOS DENSI-SOLUTIONS – SHAMPOOING ÉPAISSEUR & RÉSISTANCE – 250ML,189.00,En stock,N/A,https://beautymarket.ma/products/vichy-dercos-densi-solutions-shampooing-epaisseur-resistance-250-ml
BeautyMarket,Cheveux,Shampooing 1,VICHY DERCOS SHAMPOOING ENERGISANT – 400 ML,215.00,En stock,N/A,https://beautymarket.ma/products/vichy-dercos-shampooing-energisant-400-ml
BeautyMarket,Cheveux,Shampooing 1,VICHY DERCOS SHAMPOOING TRAITANT SEBO-CORRECTEUR – 200 ML,150.00,En stock,N/A,https://beautymarket.ma/products/vichy-dercos-shampooing-traitant-sebo-correcteur-200-ml
BeautyMarket,Cheveux,Shampooing 1,VICHY DERCOS SHAMPOOING TRAITANT ANTIPELLICULAIRE SENSITIVE – SANS SULFATE 200-ML,160.00,En stock,N/A,https://beautymarket.ma/products/vichy-dercos-shampooing-traitant-antipelliculaire-sensitive-sans-sulfate-200-ml
BeautyMarket,Cheveux,Shampooing 1,URIAGE DS HAIR SHAMPOOING ANTIPELLICULAIRE 200 ML,192.00,En stock,N/A,https://beautymarket.ma/products/uriage-ds-hair-shampooing-antipelliculaire-200-ml
BeautyMarket,Cheveux,Shampooing 1,SEXY HAIR HEALTHY STRENGTHENING SHAMPOOING 300ML,152.00,En stock,N/A,https://beautymarket.ma/products/sexy-hair-healthy-strengthening-shampooing
BeautyMarket,Cheveux,Shampooing 1,URIAGE BÉBÉ 1ER SHAMPOOING 200 ML,175.00,En stock,N/A,https://beautymarket.ma/products/bebe-1er-shampooing-200-ml
BeautyMarket,Cheveux,Shampooing 1,VICHY DERCOS PSOLUTION SHAMPOOING TRAITANT KERATOREDUCTEUR 200ML,172.00,En stock,N/A,https://beautymarket.ma/products/vichy-dercos-psolution-shampooing-traitant-keratoreducteur-200ml
BeautyMarket,Cheveux,Shampooing 1,SO BIO APRES-SHAMPOOING COULEUR ECLAT HIBISCUS 250ML,75.00,En stock,N/A,https://beautymarket.ma/products/so-bio-apres-shampooing-cheveux-doux-amande-bio-200ml
BeautyMarket,Cheveux,Shampooing 1,TRIKARE SHAMPOOING K 200ML,146.00,En stock,N/A,https://beautymarket.ma/products/medinfar-trikare-shampooing-k-200ml
BeautyMarket,Cheveux,Shampooing 1,RACINE VITA SHAMPOOING FORTIFIANT ANTI-CHUTE K.B5 200 ML,40.00,En stock,N/A,https://beautymarket.ma/products/racine-vita-shampooing-fortifiant-anti-chute-k-b5-200
BeautyMarket,Cheveux,Shampooing 1,PHYTO PHYTOBAUME RÉPARATEUR APRÈS SHAMPOOING CONDITIONNEUR POUR FEMME,200.00,En stock,N/A,https://beautymarket.ma/products/phyto-baume-volume-apres-shampooing-150-ml
BeautyMarket,Cheveux,Shampooing 1,PURESSENTIEL ANTI-POUX SHAMPOOING SOLIDE BIO,139.00,En stock,N/A,https://beautymarket.ma/products/puressentiel-anti-poux-shampooing-solide-bio
BeautyMarket,Cheveux,Shampooing 1,PHYTOCAPILL BAUME DEMELEUR NUTRITIF APRES SHAMPOOING 200ML,159.00,En stock,N/A,https://beautymarket.ma/products/phytocapill-demeleur-nutritif-200ml
BeautyMarket,Cheveux,Shampooing 1,SO BIO SHAMPOOING NOURRISSANT AU BEURRE DE KARITE BIO + CIRE DE JOJOBA 250ML,79.00,En stock,N/A,https://beautymarket.ma/products/so-bio-shampoing-nourrissant-au-beurre-de-karite-et-ceramide-dargan-250ml
BeautyMarket,Cheveux,Shampooing 1,SO BIO APRES SHAMPOOING ARGAN BIO 200 ML,99.00,En stock,N/A,https://beautymarket.ma/products/so-bio-apres-shampooing-argan-bio-200-ml
BeautyMarket,Cheveux,Shampooing 1,SO BIO MEN SHAMPOOING FORTIFIANT GINSENG 250 ML,89.00,En stock,N/A,https://beautymarket.ma/products/so-bio-shamp-fortifiant-ginseng-250ml
BeautyMarket,Cheveux,Shampooing 1,PURESSENTIEL POUX DOUX APRES SHAMPOOING PROTECTEUR 200ML,169.00,En stock,N/A,https://beautymarket.ma/products/puressentiel-poux-doux-apres-shampooing-protecteur-200ml
BeautyMarket,Cheveux,Shampooing 1,PURESSENTIEL SHAMPOOING MASQUE 2 EN 1 ANTI POUX 150 ML,239.00,En stock,N/A,https://beautymarket.ma/products/puressentiel-shampoing-masque-2-en-1-anti-poux-150-ml
BeautyMarket,Cheveux,Shampooing 1,SO BIO GOMMAGE SHAMPOOING TEA TREE 200ML,109.00,En stock,N/A,https://beautymarket.ma/products/so-bio-gommage-shamp-tea-tree-200ml
BeautyMarket,Cheveux,Shampooing 1,VICHY DERCOS SHAMPOOING 2EN1 ANTI-PELLICULAIRE DS ET DÉMÊLANT 200ML,169.00,En stock,N/A,https://beautymarket.ma/products/vichy-dercos-shampooing-2en1-anti-pelliculaire-ds-et-demelant-200ml
BeautyMarket,Cheveux,Shampooing 1,PHYTOCAPILL SHAMPOOING ANTI-PELLICULAIRE 200ML,179.00,En stock,N/A,https://beautymarket.ma/products/phytocapill-shampooing-anti-pelliculaire-200ml
BeautyMarket,Cheveux,Shampooing 1,PHYTO SHAMPOOING SEC DOUCEUR 75ML,119.00,En stock,N/A,https://beautymarket.ma/products/phyto-shampooing-sec-douceur-75ml
BeautyMarket,Cheveux,Shampooing 1,PHYTO REPARATION APRES SHAMPOOING 175 ML,325.00,En stock,N/A,https://beautymarket.ma/products/phyto-reparation-apres-shampooing-175-ml
BeautyMarket,Cheveux,Shampooing 1,PHYTO VOLUME APRÈS-SHAMPOOING VOLUMATEUR 175ML,325.00,En stock,N/A,https://beautymarket.ma/products/phyto-volume-apres-shampooing-volumateur-175ml
BeautyMarket,Cheveux,Shampooing 1,PHYTO PHYTOCYANE FEMME SHAMPOOING REVIGORANT 250ML,335.00,En stock,N/A,https://beautymarket.ma/products/phyto-phytocyane-femme-shampooing-revigorant-250ml
BeautyMarket,Cheveux,Shampooing 1,PHYTO VIOLET SHAMPOOING DÉJAUNISSANT 250ML,325.00,En stock,N/A,https://beautymarket.ma/products/phyto-violet-shampooing-dejaunissant-250ml
BeautyMarket,Cheveux,Shampooing 1,PHYTO DOUCEUR SHAMPOOING 500ML,429.00,En stock,N/A,https://beautymarket.ma/products/phyto-douceur-shampooing-500ml
BeautyMarket,Cheveux,Shampooing 1,TRIKARE C SHAMPOOING ANTI-CHUTE 200ML,179.00,En stock,N/A,https://beautymarket.ma/products/trikare-c-shampooing-anti-chute-200ml
BeautyMarket,Cheveux,Shampooing 1,URBAN CARE PACK KÉRATINE INTENSE SHAMPOOING + APP + LEAVE IN,239.00,En stock,N/A,https://beautymarket.ma/products/urban-care-pack-keratine-intense-shampooing-app-leave-in
BeautyMarket,Cheveux,Shampooing 1,PHYTO SHAMPOOING DERMATO-TRAITANT ANTI-PELLICULAIRE 250ML,299.00,En stock,N/A,https://beautymarket.ma/products/phyto-shampooing-dermato-traitant-anti-pelliculaire-250ml
BeautyMarket,Cheveux,Shampooing 1,URBAN CARE PACK ARGAN & KÉRATINE SHAMPOOING + APRÈS-SHAMPOOING + LEAVE-IN,239.00,En stock,N/A,https://beautymarket.ma/products/urban-care-pack-argan-keratine-shampooing-apres-shampooing-leave-in
BeautyMarket,Cheveux,Shampooing 1,URBAN CARE PACK ACIDE HYALURONIQUE SHAMPOOING + APRÈS-SHAMPOOING + LEAVE-IN = SCALP OFFERTE,259.00,En stock,N/A,https://beautymarket.ma/products/urban-care-pack-acide-hyaluronique-shampooing-apres-shampooing-leave-in
BeautyMarket,Cheveux,Shampooing 1,URBAN CARE PACK TWISTED SHAMPOOING + APRÈS-SHAMPOOING + LEAVE-IN = SCALP OFFERTE,259.00,En stock,N/A,https://beautymarket.ma/products/urban-care-pack-twisted-shampooing-apres-shampooing-leave-in-scalp-offerte
BeautyMarket,Cheveux,Shampooing 1,URBAN CARE PACK REPAIR SHAMPOOING + APRÈS-SHAMPOOING + LEAVE-IN,359.00,En stock,N/A,https://beautymarket.ma/products/urban-care-pack-repair-shampooing-apres-shampooing-leave-in-scalp-offerte
BeautyMarket,Cheveux,Shampooing 1,URBAN CARE SHAMPOOING NOURRISSANT ARGAN & KÉRATINE 250ML,99.00,En stock,N/A,https://beautymarket.ma/products/urban-care-shampooing-nourrissant-argan-keratine-250ml
BeautyMarket,Cheveux,Shampooing 1,URBAN CARE APRÈS-SHAMPOOING NOURRISSANT ARGAN & KÉRATINE 250ML,99.00,En stock,N/A,https://beautymarket.ma/products/urban-care-apres-shampooing-nourrissant-argan-keratine-250ml
BeautyMarket,Cheveux,Shampooing 1,URBAN CARE APRÈS-SHAMPOOING EXTRA VOLUME ACIDE HYALURONIQUE & COLLAGÈNE 250ML,119.00,En stock,N/A,https://beautymarket.ma/products/urban-care-apres-shampooing-extra-volume-acide-hyaluronique-collagene-250ml
BeautyMarket,Cheveux,Shampooing 1,URBAN CARE NO:2 BOND PLEX RESTORE REPAIR SHAMPOOING 350 ML,145.00,En stock,N/A,https://beautymarket.ma/products/urban-care-no-2-bond-plex-restore-repair-shampooing-350-ml
BeautyMarket,Cheveux,Shampooing 1,URBAN CARE SHAMPOOING RÉPARATEUR KÉRATINE INTENSE 250ML,99.00,En stock,N/A,https://beautymarket.ma/products/urban-care-shampooing-reparateur-keratine-intense-250ml
BeautyMarket,Cheveux,Shampooing 1,URBAN CARE SHAMPOOING EXTRA VOLUME ACIDE HYALURONIQUE & COLLAGÈNE 250ML,119.00,En stock,N/A,https://beautymarket.ma/products/urban-care-shampooing-extra-volume-acide-hyaluronique-collagene-250ml
BeautyMarket,Cheveux,Shampooing 1,PHYTO SHAMPOOING VOLUMATEUR 250ML,250.00,En stock,N/A,https://beautymarket.ma/products/phyto-shampooing-volumateur-250ml
BeautyMarket,Cheveux,Shampooing 1,SO BIO HOMME SHAMPOOING ANTIPELLICULAIRE 250 ML,89.00,En stock,N/A,https://beautymarket.ma/products/so-bio-homme-shampooing-antipelliculaire-250-ml
BeautyMarket,Cheveux,Shampooing 1,URBAN CARE APRÈS-SHAMPOOING RÉPARATEUR KÉRATINE 250ML | SOIN CHEVEUX SECS,99.00,En stock,N/A,https://beautymarket.ma/products/urban-care-apres-shampooing-reparateur-keratine-intense-250ml
BeautyMarket,Cheveux,Shampooing 1,RACINE VITA PACK ANTI POUX SHAMPOOING 250ML + LOTION 250ML,79.00,En stock,N/A,https://beautymarket.ma/products/racine-vita-pack-anti-poux-shampooing-250ml-lotion-250ml
BeautyMarket,Cheveux,Shampooing 1,URBAN CARE BRAZILIAN KERATIN HAIR CARE SHAMPOOING 350 ML,119.00,En stock,N/A,https://beautymarket.ma/products/urban-care-brazilian-keratin-hair-care-shampooing-350-ml
BeautyMarket,Cheveux,Shampooing 1,URBAN CARE SHAMPOOING FORTIFIANT AU ROSEMARY & CLOVE 350 ML,119.00,En stock,N/A,https://beautymarket.ma/products/urban-care-shampooing-fortifiant-au-rosemary-clove-350-ml
BeautyMarket,Cheveux,Shampooing 1,RACINE VITA SHAMPOOING SANS SULFAT 420ML,59.00,En stock,N/A,https://beautymarket.ma/products/racine-vita-shampooing-sans-sulfat-420ml
BeautyMarket,Cheveux,Shampooing 1,VICHY DERCOS PACK SHAMPOOING ANTIPELLICULAIRE CHEVEUX NORMAUX À GRAS,319.00,En stock,N/A,https://beautymarket.ma/products/vichy-dercos-pack-shampooing-antipelliculaire-cheveux-normaux-a-gras
BeautyMarket,Cheveux,Shampooing 1,VICHY DERCOS PACK SHAMPOOING ENERGISANT+ 200 ML + RECHARGE 400ML,299.00,En stock,N/A,https://beautymarket.ma/products/vichy-dercos-pack-shampooing-energisant-200-ml-recharge-400ml-1
BeautyMarket,Cheveux,Shampooing 1,WELEDA SHAMPOOING USAGE FRÉQUENT AU MILLET,99.75,En stock,N/A,https://beautymarket.ma/products/weleda-shampooing-usage-frequent-au-millet
BeautyMarket,Cheveux,Shampooing 1,ZIAJA MED SHAMPOOING ANTI-CHUTE 300ML,100.00,En stock,N/A,https://beautymarket.ma/products/ziaja-med-shampooing-anti-chute-300ml
BeautyMarket,Cheveux,Shampooing 1,ZIAJA MED SHAMPOOING APAISANT ANTIPRURITIC 300ML,143.00,En stock,N/A,https://beautymarket.ma/products/ziaja-med-shampooing-apaisant-antipriritic-300ml
BeautyMarket,Cheveux,Shampooing 1,ZIAJA MED SHAMPOOING APAISANT ANTI-PELLICULAIRE 300ML,143.00,En stock,N/A,https://beautymarket.ma/products/ziaja-med-shampooing-apaisant-anti-pelliculaire-300ml
BeautyMarket,Cheveux,Shampooing 1,ZIAJA NATURAL CARE SHAMPOOING NETTOYANT 200 ML,99.00,En stock,N/A,https://beautymarket.ma/products/ziaja-natural-care-shampooing-nettoyant-200-ml
BeautyMarket,Cheveux,Shampooing 1,WAAM SHAMPOOING DOUX 400 ML,175.00,En stock,N/A,https://beautymarket.ma/products/waam-shampooing-doux-400-ml
BeautyMarket,Cheveux,Shampooing 1,VICHY DERCOS TECHNIQUE ENERGY+ RECHARGE SHAMPOOING ANTI CHUTE 400ML,169.00,En stock,N/A,https://beautymarket.ma/products/vichy-dercos-technique-energy-recharge-shampooing-anti-chute-400ml
BeautyMarket,Cheveux,Shampooing 1,ZENACTIVE SHAMPOOING REVITAL Z12R – CONTRE LA CHUTE DES CHEVEUX 250ML,259.00,En stock,N/A,https://beautymarket.ma/products/zenactive-shampooing-revital-z12r-contre-la-chute-des-cheveux-250ml
BeautyMarket,Cheveux,Shampooing 1,ERAYBA ABH REPAIR SHAMPOOING 250ML + REPAIR MASK 250ML = ROLLER CLIPS 4 PACK OFFERT,478.00,En stock,N/A,https://beautymarket.ma/products/erayba-abh-always-beautiful-hair-repair-shampooing-250ml-erayba-abh-repair-mask-250ml-roller-clips-4-pack-offert
BeautyMarket,Cheveux,Shampooing 1,REVLON EKSPERIENCE ANTI HAIR LOSS HAIR CLEANSER 250ML-SHAMPOOING,215.00,En stock,N/A,https://beautymarket.ma/products/revlon-eksperience-anti-hair-loss-hair-cleanser-250ml-shampooing
BeautyMarket,Cheveux,Shampooing 1,VICHY DERCOS SHAMPOOING ENERGISANT+ ANTI-CHUTE 200 ML = FORMAT VOYAGE 50 ML + SERVIETTE CHEVEUX OFFERTS,145.00,En stock,N/A,https://beautymarket.ma/products/vichy-dercos-shampooing-energisant-anti-chute-200-ml-format-voyage-50-ml-serviette-cheveux-offerts
BeautyMarket,Cheveux,Apres Shampoing,KLORANE QUININE BAUME APRÈS-SHAMPOING – 200ML,149.00,En stock,N/A,https://beautymarket.ma/products/klorane-quinine-baume-apres-shampoing-200ml
BeautyMarket,Cheveux,Apres Shampoing,VICHY DERCOS DENSI-SOLUTIONS – BAUME ÉPAISSEUR RÉGÉNÉRANT – 200 ML,189.00,En stock,N/A,https://beautymarket.ma/products/vichy-dercos-densi-solutions-baume-epaisseur-regenerant-150-ml
BeautyMarket,Cheveux,Apres Shampoing,VICHY DERCOS APRÈS-SHAMPOING ENERGISANT ANTI-CHUTE | 200ML,149.00,En stock,N/A,https://beautymarket.ma/products/vichy-dercos-apres-shampoing-energisant-anti-chute-200ml
BeautyMarket,Cheveux,Apres Shampoing,KERA’MLA CONDITIONER ARGAN 200ML,106.00,En stock,N/A,https://beautymarket.ma/products/kera-mla-conditioner-argan-200ml
BeautyMarket,Cheveux,Apres Shampoing,PHYTEMA APRÈS-SHAMPOING DÉMÊLANT PROTECTEUR – 250 ML,249.00,En stock,N/A,https://beautymarket.ma/products/phytema-apres-shampoing-demelant-protecteur-250-ml
BeautyMarket,Cheveux,Apres Shampoing,BIOKAP – APRÈS SHAMPOING NOURRISSANT BELLEZA – 125 ML,225.00,En stock,N/A,https://beautymarket.ma/products/biokap-apres-shampoing-nourrissant-belleza-125-ml
BeautyMarket,Cheveux,Apres Shampoing,BIO SEASONS – APRÈS SHAMPOING 2 EN 1 – 150 ML,173.00,En stock,N/A,https://beautymarket.ma/products/bio-seasons-apres-shampoing-2-en-1-150-ml
BeautyMarket,Cheveux,Apres Shampoing,NUTRICAP SOIN CONDITIONER CHEVEUX NORMAL 100ML,66.00,En stock,N/A,https://beautymarket.ma/products/nutricap-soin-conditioner-cheveux-normal-100ml
BeautyMarket,Cheveux,Apres Shampoing,SO BIO APRES SHAMPOING CHEVEUX HYDRATES 200ML,75.00,En stock,N/A,https://beautymarket.ma/products/so-bio-apres-shampoing-cheveux-hydrates-200ml
BeautyMarket,Cheveux,Apres Shampoing,GARNIER ULTRA DOUX RICE WATER INFUSION & STARCH CONDITIONER 200ML,59.00,En stock,N/A,https://beautymarket.ma/products/ultra-doux-rice-water-infusion-starch-conditioner-200ml
BeautyMarket,Cheveux,Apres Shampoing,ELSEVE HYALURON PURE DÉMÊLANT RÉHYDRATANT 72H 200ML,69.00,En stock,N/A,https://beautymarket.ma/products/elseve-hyaluron-pure-demelant-rehydratant-72h
BeautyMarket,Cheveux,Apres Shampoing,GARNIER ULTRA DOUX RICE WATER SHAMPOING 400ML + LEAVE-IN 200ML,129.00,En stock,N/A,https://beautymarket.ma/products/garnier-ultra-doux-rice-water-shampoing-200ml-leave-in-200ml
BeautyMarket,Cheveux,Apres Shampoing,ELSEVE GLYCOLIC GLOSS DÉMÊLEANT 200ML,69.00,En stock,N/A,https://beautymarket.ma/products/elseve-glycolic-gloss-demeleant-200ml
BeautyMarket,Cheveux,Apres Shampoing,URBAN CARE BRAZILIAN KERATIN HAIR CARE CONDITIONER 200 ML,109.00,En stock,N/A,https://beautymarket.ma/products/urban-care-brazilian-keratin-hair-care-conditioner-200-ml
BeautyMarket,Cheveux,Apres Shampoing,BIOKERA FRESH GREEN SHOT BALSAM 300 ML,229.00,En stock,N/A,https://beautymarket.ma/products/biokera-fresh-green-shot-balsam-300-ml
BeautyMarket,Cheveux,Apres Shampoing,K18 DAMAGE SHIELD CONDITIONER PROTECTEUR 53 ML,159.00,En stock,N/A,https://beautymarket.ma/products/k18-damage-shield-conditioner-protecteur-53-ml
BeautyMarket,Cheveux,Apres Shampoing,K18 HEAT BOUNCE PROTECTANT CONDITIONER 15 ML,79.00,En stock,N/A,https://beautymarket.ma/products/k18-heat-bounce-protectant-conditioner-15-ml
BeautyMarket,Cheveux,Apres Shampoing,K18 HEAT BOUNCE PROTECTANT CONDITIONER 118 ML,570.00,En stock,N/A,https://beautymarket.ma/products/k18-heat-bounce-protectant-conditioner-118-ml
BeautyMarket,Cheveux,Masque Cheveux 1,L'ORÉAL PROFESSIONNEL SERIE EXPERT ABSOLUT REPAIR MASQUE 500ML,379.00,En stock,N/A,https://beautymarket.ma/products/loreal-serie-expert-absolut-repair-masque-500ml-1
BeautyMarket,Cheveux,Masque Cheveux 1,ZIAJA GOATS MILK MASQUE CAPILLAIRE 200ML,70.00,En stock,N/A,https://beautymarket.ma/products/ziaja-goats-milk-masque-capillaire-200ml
BeautyMarket,Cheveux,Masque Cheveux 1,ERAYBA BIOSMOOTH BS10 MASK 150ML,260.00,En stock,N/A,https://beautymarket.ma/products/erayba-biosmooth-bs10-mask-150ml
BeautyMarket,Cheveux,Masque Cheveux 1,TH-PHARMA MASQUE OIGNON ROUGE 700ML,166.00,En stock,N/A,https://beautymarket.ma/products/th-pharma-masque-oignon-rouge-700ml
BeautyMarket,Cheveux,Masque Cheveux 1,ERAYBA ABH/BOÎTE CADEAU AYURVEDIC,414.00,En stock,N/A,https://beautymarket.ma/products/erayba-abh-boite-cadeau-ayurvedic
BeautyMarket,Cheveux,Masque Cheveux 1,BIOKERA MASQUE HYDRATANT 200ML,300.00,En stock,N/A,https://beautymarket.ma/products/biokera-masque-hydratant-200ml
BeautyMarket,Cheveux,Masque Cheveux 1,NATURESOIN ARGILE BLANCHE – 100 G,35.00,En stock,N/A,https://beautymarket.ma/products/naturesoin-argile-blanche-100-g
BeautyMarket,Cheveux,Masque Cheveux 1,PURIADERM PURIPHAN MASQUE ULTRA-RÉPARATEUR OLIGO-SYNERGIQUE 200ML,348.00,En stock,N/A,https://beautymarket.ma/products/puriaderm-puriphan-masque-ultra-reparateur-oligo-synergique-200ml
BeautyMarket,Cheveux,Masque Cheveux 1,KÉRASTASE DISCIPLINE MASKÉRATINE 200ML – MASQUE LISSANT ANTI-FRISOTTIS,410.00,En stock,N/A,https://beautymarket.ma/products/kerastase-discipline-maskeratine-200ml
BeautyMarket,Cheveux,Masque Cheveux 1,L'ORÉAL PROFESSIONNEL METAL DETOX MASQUE 250 ML,287.00,En stock,N/A,https://beautymarket.ma/products/loreal-professionnel-paris-metal-detox-masque-professionnelle-250-ml
BeautyMarket,Cheveux,Masque Cheveux 1,OLAPLEX N°8 BOND INTENSE MOISTURE MASK 100ML,391.00,En stock,N/A,https://beautymarket.ma/products/olaplex-n-8-bond-intense-moisture-mask-100ml
BeautyMarket,Cheveux,Masque Cheveux 1,KÉRASTASE RÉSISTANCE MASQUE EXTENTIONISTE 200ML – MASQUE FORTIFIANT CHEVEUX LONGS,342.00,En stock,N/A,https://beautymarket.ma/products/kerastase-resistance-masque-extentioniste-200ml
BeautyMarket,Cheveux,Masque Cheveux 1,KÉRASTASE CHRONOLOGISTE MASQUE PROFOND RÉGÉNÉRANT 200ML – MASQUE REVITALISANT LUXE,375.00,En stock,N/A,https://beautymarket.ma/products/kerastase-chronologiste-masque-profond-regenerant-200ml
BeautyMarket,Cheveux,Masque Cheveux 1,MIELLE MASQUE CAPILLAIRE FORTIFIANT AU ROMARIN ET À LA MENTHE 340G,380.00,En stock,N/A,https://beautymarket.ma/products/mielle-masque-capillaire-fortifiant-au-romarin-et-a-la-menthe
BeautyMarket,Cheveux,Masque Cheveux 1,KÉRASTASE RÉSISTANCE MASQUE FORCE ARCHITECTE 200ML – MASQUE RÉPARATEUR CHEVEUX ABÎMÉS,410.00,En stock,N/A,https://beautymarket.ma/products/kerastase-resistance-masque-force-architecte-200ml
BeautyMarket,Cheveux,Masque Cheveux 1,L'ORÉAL PROFESSIONNEL SÉRIE EXPERT VITAMINO COLOR MASQUE 500ML,390.00,En stock,N/A,https://beautymarket.ma/products/loreal-professionnel-serie-expert-vitamino-color-masque-500ml
BeautyMarket,Cheveux,Masque Cheveux 1,KÉRASTASE GENESIS MASQUE RECONSTITUANT 200ML – MASQUE FORTIFIANT ANTI-CHUTE,415.00,En stock,N/A,https://beautymarket.ma/products/kerastase-genesis-masque-reconstituant-200ml
BeautyMarket,Cheveux,Masque Cheveux 1,M&D BIO12 MASQUE REPARATEUR NOURRISSANT 200ML,284.00,En stock,N/A,https://beautymarket.ma/products/m-d-bio12-masque-reparateur-nourrissant-200ml
BeautyMarket,Cheveux,Masque Cheveux 1,ERAYBA BIOME B10 BIO MASK 200ML,254.00,En stock,N/A,https://beautymarket.ma/products/erayba-biome-b10-bio-mask-200ml
BeautyMarket,Cheveux,Masque Cheveux 1,BIOKERA MASQUE ARGAN 200ML,330.00,En stock,N/A,https://beautymarket.ma/products/biokera-masque-argan-200ml
BeautyMarket,Cheveux,Masque Cheveux 1,ERAYBA ZEN ACTIVE Z10R REVITALISING MASK 150 ML,230.00,En stock,N/A,https://beautymarket.ma/products/erayba-zen-active-z10r-revitalising-mask-150-ml
BeautyMarket,Cheveux,Masque Cheveux 1,MACADAMIA ULTRA RICH MOISTURE MASQUE 236 ML,345.00,En stock,N/A,https://beautymarket.ma/products/macadamia-ultra-rich-moisture-masque
BeautyMarket,Cheveux,Masque Cheveux 1,DESERT DROPS ARGILE GHASSOUL MAROCAINE,55.00,En stock,N/A,https://beautymarket.ma/products/argile-ghassoul-marocaine
BeautyMarket,Cheveux,Masque Cheveux 1,KÉRASTASE CURL MANIFESTO MASQUE BEURRE HAUTE NUTRITION 200ML – MASQUE NOURRISSANT CHEVEUX BOUCLÉS,410.00,En stock,N/A,https://beautymarket.ma/products/kerastase-curl-manifesto-masque-beurre-haute-nutrition-200ml
BeautyMarket,Cheveux,Masque Cheveux 1,KÉRASTASE SPÉCIFIQUE MASQUE HYDRA-APAISANT 200ML – SOIN APAISANT CUIR CHEVELU SENSIBLE,395.00,En stock,N/A,https://beautymarket.ma/products/kerastase-specifique-masque-hydra-apaisant-200ml
BeautyMarket,Cheveux,Masque Cheveux 1,ERAYBA ABH DETOX REFRESH MASK 250ML,312.00,En stock,N/A,https://beautymarket.ma/products/erayba-abh-detox-refresh-mask-250ml
BeautyMarket,Cheveux,Masque Cheveux 1,KÉRASTASE DISCIPLINE MASQUE OLÉO-RELAX 200ML – MASQUE NOURRISSANT ANTI-FRISOTTIS,410.00,En stock,N/A,https://beautymarket.ma/products/kerastase-discipline-masque-oleo-rela200ml
BeautyMarket,Cheveux,Masque Cheveux 1,TH-PHARMA MASQUE AVOINE ET MIEL 700ML,166.00,En stock,N/A,https://beautymarket.ma/products/th-pharma-masque-avoine-et-gelee-royale-700ml
BeautyMarket,Cheveux,Masque Cheveux 1,ELCEA MASQUE REVELATEUR ECLAT 250 ML,276.00,En stock,N/A,https://beautymarket.ma/products/elcea-masque-revelateur-eclat-250-ml
BeautyMarket,Cheveux,Masque Cheveux 1,ERAYBA ABH AYURVEDIC MASK 250ML,255.00,En stock,N/A,https://beautymarket.ma/products/erayba-abh-ayurvedic-mask-250ml
BeautyMarket,Cheveux,Masque Cheveux 1,KÉRASTASE VIOLET BLOND ABSOLU MASQUE ULTRA 200ML,410.00,En stock,N/A,https://beautymarket.ma/products/kerastase-masque-ultra-violet-blond-absolu-200ml
BeautyMarket,Cheveux,Masque Cheveux 1,KÉRASTASE SYMBIOSE MASQUE REVITALISANT ESSENTIEL 200ML – MASQUE APAISANT CUIR CHEVELU SENSIBLE,415.00,En stock,N/A,https://beautymarket.ma/products/kerastase-symbio-masque-revitalisant-essentiel-200ml
BeautyMarket,Cheveux,Masque Cheveux 1,ERAYBA NUTRIACTIVE N10 COLLASTIN MASK 500ML,403.00,En stock,N/A,https://beautymarket.ma/products/erayba-nutriactive-n10-collastin-mask-500ml
BeautyMarket,Cheveux,Masque Cheveux 1,L'ORÉAL PROFESSIONNEL ABSOLUT REPAIR MOLECULAR MASQUE 100 ML,269.00,En stock,N/A,https://beautymarket.ma/products/loreal-professionnel-absolut-repair-molecular-masque-100-ml
BeautyMarket,Cheveux,Masque Cheveux 1,BIOKERA MASQUE GRAPEOLOGY RAISIN 200ML,345.00,En stock,N/A,https://beautymarket.ma/products/biokera-masque-grapeology-raisin-200ml
BeautyMarket,Cheveux,Masque Cheveux 1,BIOKERA MASQUE CHEVEUX TRAITÉS 200ML,330.00,En stock,N/A,https://beautymarket.ma/products/biokera-masque-cheveux-traites-200ml
BeautyMarket,Cheveux,Masque Cheveux 1,BIOCLIN BIO COLOR MASQUE 100 ML,135.00,En stock,N/A,https://beautymarket.ma/products/bioclin-bio-color-masque-100-ml
BeautyMarket,Cheveux,Masque Cheveux 1,REVOX B77 PLEX MOLECULAR REPAIR MASK 50ML,107.00,En stock,N/A,https://beautymarket.ma/products/revox-b77-plex-molecular-repair-mask-50ml
BeautyMarket,Cheveux,Masque Cheveux 1,HAIRBURST MASQUE DES CHEVEUX LONGS ET SAINS 220ML,490.00,En stock,N/A,https://beautymarket.ma/products/hairburst-masque-des-cheveux-longs-et-sains-220ml
BeautyMarket,Cheveux,Masque Cheveux 1,D-CAP MASQUE PROTECTEUR COULEUR 200ML,185.00,En stock,N/A,https://beautymarket.ma/products/d-cap-masque-protecteur-couleur-200ml
BeautyMarket,Cheveux,Masque Cheveux 1,LUXEOL MASQUE ANTICHUTE 200ML,265.00,En stock,N/A,https://beautymarket.ma/products/luxeol-masque-antichute-200ml
BeautyMarket,Cheveux,Masque Cheveux 1,LUXEOL MASQUE POUSSE 200 ML,305.00,En stock,N/A,https://beautymarket.ma/products/luxeol-masque-pousse-200-ml
BeautyMarket,Cheveux,Masque Cheveux 1,GARNIER ULTRA DOUX RICE WATER MASQUE INFUSION D’EAU DE RIZ & AMIDON 340G,80.00,En stock,N/A,https://beautymarket.ma/products/ultra-doux-masque-infusion-d-eau-de-riz-amidon-340g
BeautyMarket,Cheveux,Masque Cheveux 1,K18 BIOMIMETIC HAIRSCIENCE LEAVE-IN MOLECULAR REPAIR HAIR MASK 5 ML,350.00,En stock,N/A,https://beautymarket.ma/products/k18-biomimetic-hairscience-leave-in-molecular-repair-hair-mask-5-ml
BeautyMarket,Cheveux,Masque Cheveux 1,K18 PROFESSIONAL LEAVE-IN REPAIR MASQUE 50ML,819.00,En stock,N/A,https://beautymarket.ma/products/k18
BeautyMarket,Cheveux,Masque Cheveux 1,K18 PACK DAMAGE PROTECTIVE CONDITIONER + PH PROTECTIVE SHAMPOO + MINI HUILE CAPILLAIRE MOLÉCULAIRE,790.00,En stock,N/A,https://beautymarket.ma/products/k18-1
BeautyMarket,Cheveux,Masque Cheveux 1,"K18 BIOMIMETIC HAIRSCIENCE LEAVE-IN MOLECULAR REPAIR HAIR MASK, 15ML",369.00,En stock,N/A,https://beautymarket.ma/products/k18-biomimetic-hairscience-leave-in-molecular-repair-hair-mask-15ml
BeautyMarket,Cheveux,Masque Cheveux 1,ANIVAGENE MASQUE REPARATEUR POUR CHEVEUX 125 ML,190.00,En stock,N/A,https://beautymarket.ma/products/anivagene-masque-reparateur-pour-cheveux-125-ml
BeautyMarket,Cheveux,Masque Cheveux 1,NUXE HAIR PRODIGIEUX MASQUE CAPILLAIRE RÉPARATION INTENSE 200ML,368.00,En stock,N/A,https://beautymarket.ma/products/nuxe-hair-prodigieux-masque-capillaire-reparation-intense-200ml
BeautyMarket,Cheveux,Masque Cheveux 1,BIOKERA FRESH YELLOW SHOT MASQUE 250ML,299.00,En stock,N/A,https://beautymarket.ma/products/biokera-fresh-yellow-shot-masque-250ml-masque-nourrissant-revitalisant
BeautyMarket,Cheveux,Masque Cheveux 1,OLAPLEX WEIGHTLESS NOURISHING MASK 200 ML – MASQUE LÉGER NOURRISSANT & RÉPARATEUR,420.00,En stock,N/A,https://beautymarket.ma/products/olaplex-weightless-nourishing-mask-200-ml-masque-leger-nourrissant-reparateur
BeautyMarket,Cheveux,Masque Cheveux 1,MACADAMIA DEEP MASQUE REPAIR 236 ML,520.00,En stock,N/A,https://beautymarket.ma/products/macadamia-deep-masque-repair
BeautyMarket,Cheveux,Masque Cheveux 1,L'ORÉAL PROFESSIONNEL ABSOLUT REPAIR MOLECULAR MASQUE 150ML,239.00,En stock,N/A,https://beautymarket.ma/products/loreal-professionnel-absolut-repair-molecular-masque-150ml
BeautyMarket,Cheveux,Masque Cheveux 1,URBAN CARE BRAZILIAN KERATIN MASQUE TRAITEMENT INTENSIVE 230 ML,119.00,En stock,N/A,https://beautymarket.ma/products/urban-care-brazilian-keratin-masque-traitement-intensive-230-ml
BeautyMarket,Cheveux,Masque Cheveux 1,KÉRASTASE SPÉCIFIQUE MASQUE RÉHYDRATANT 200ML – SOIN HYDRATANT CUIR CHEVELU,414.00,En stock,N/A,https://beautymarket.ma/products/kerastase-specifique-masque-rehydratant-200ml-soin-hydratant-cuir-chevelu
BeautyMarket,Cheveux,Masque Cheveux 1,KÉRASTASE SPÉCIFIQUE ARGILE ÉQUILIBRANTE 250ML – SOIN PURIFIANT CUIR CHEVELU GRAS,299.00,En stock,N/A,https://beautymarket.ma/products/kerastase-specifique-argile-equilibrante-250ml-soin-purifiant-cuir-chevelu-gras
BeautyMarket,Cheveux,Masque Cheveux 1,KÉRASTASE PREMIÈRE MASQUE FILLER RÉPARATEUR 200ML – MASQUE RÉPARATION INTENSE,415.00,En stock,N/A,https://beautymarket.ma/products/kerastase-premiere-masque-filler-reparateur-200ml-masque-reparation-intense
BeautyMarket,Cheveux,Masque Cheveux 1,ERAYBA ZENACTIVE ALL ROUND MASQUE SCALP CARE Z10A 150ML,279.00,En stock,N/A,https://beautymarket.ma/products/erayba-zenactive-all-round-masque-scalp-care-z10a-150ml
BeautyMarket,Cheveux,Masque Cheveux 1,ERAYBA ALWAYS BEAUTIFUL HAIR REPAIR MASK 1000ML,485.00,En stock,N/A,https://beautymarket.ma/products/erayba-always-beautiful-hair-repair-mask-1000ml
BeautyMarket,Cheveux,Masque Cheveux 1,BIOKERA MASQUE SCALP CARE CUIR CHEVELU SENSIBLE MIEL 200 ML,289.00,En stock,N/A,https://beautymarket.ma/products/biokera-masque-scalp-care-cuir-chevelu-sensible-miel-200-ml
BeautyMarket,Cheveux,Masque Cheveux 1,BIOKERA BIOPLASTIA MASQUE 200 ML,269.00,En stock,N/A,https://beautymarket.ma/products/biokera-bioplastia-masque-200-ml
BeautyMarket,Cheveux,Masque Cheveux 1,K18 X FUTURE SOCIETY MOLECULAR REPAIR HAIR MASK 50ML,819.00,En stock,N/A,https://beautymarket.ma/products/k18-x-future-society-molecular-repair-hair-mask-50ml
BeautyMarket,Cheveux,Masque Cheveux 1,TH-PHARMA MASQUE MACADAMIA ET KARITÉ 700ML,166.00,En stock,N/A,https://beautymarket.ma/products/th-pharma-masque-macadamia-et-karite-700ml
BeautyMarket,Cheveux,Masque Cheveux 1,CAPHAIR MASQUE ANTI CHUTE 200ML,169.00,En stock,N/A,https://beautymarket.ma/products/caphair-masque-anti-chute-200ml
BeautyMarket,Cheveux,Masque Cheveux 1,LCP HAIR MASQUE ANTI CHUTE 200ML,220.00,En stock,N/A,https://beautymarket.ma/products/lcp-hair-masque-anti-chute-200ml
BeautyMarket,Cheveux,Huile Cheveux,NATURESOIN HUILE D’AMANDES DOUCES – 50 ML,37.00,En stock,N/A,https://beautymarket.ma/products/naturesoin-huile-d-amandes-douces-50-ml
BeautyMarket,Cheveux,Huile Cheveux,MIELLE HUILE FORTIFIANTE ROMARIN MENTHE CUIR CHEVELU ET CHEVEUX HUILE FORTIFIANTE 59ML,276.00,En stock,N/A,https://beautymarket.ma/products/mielle-huile-fortifiante-romarin-menthe-cuir-chevelu-et-cheveux-huile-fortifiante-59ml
BeautyMarket,Cheveux,Huile Cheveux,NATURESOIN HUILE DE ROMARIN – 50 ML,44.00,En stock,N/A,https://beautymarket.ma/products/naturesoin-huile-de-romarin-50-ml
BeautyMarket,Cheveux,Huile Cheveux,NATURESOIN HUILE CAPILLAIRE 10 BAIN D’HUILES VÉGÉTALES – 125 ML,64.00,En stock,N/A,https://beautymarket.ma/products/naturesoin-huile-capillaire-10-bain-d-huiles-vegetales-125-ml
BeautyMarket,Cheveux,Huile Cheveux,NATURESOIN HUILE DE BEAUTÉ DE LA ROSE – 50 ML,48.00,En stock,N/A,https://beautymarket.ma/products/naturesoin-huile-de-beaute-de-la-rose-50-ml
BeautyMarket,Cheveux,Huile Cheveux,SVR TOPIALYSE HUILE LAVANTE MICELLAIRE,195.00,En stock,N/A,https://beautymarket.ma/products/svr-topialyse-huile-lavante-micellaire
BeautyMarket,Cheveux,Huile Cheveux,NATURESOIN HUILE DE PÉPINS DE RAISIN – 50 ML,40.00,En stock,N/A,https://beautymarket.ma/products/naturesoin-huile-de-pepins-de-raisin-50-ml
BeautyMarket,Cheveux,Huile Cheveux,NATURESOIN HUILE DE NOIX DE COCO – 100 ML,54.00,En stock,N/A,https://beautymarket.ma/products/naturesoin-huile-de-noix-de-coco-100-ml
BeautyMarket,Cheveux,Huile Cheveux,NUXE HUILE PRODIGIEUSE – 50 ML,230.00,En stock,N/A,https://beautymarket.ma/products/nuxe-huile-prodigieuse-50-ml
BeautyMarket,Cheveux,Huile Cheveux,NATURESOIN HUILE DE SÉSAME – 50 ML,43.00,En stock,N/A,https://beautymarket.ma/products/naturesoin-huile-de-sesame-50-ml
BeautyMarket,Cheveux,Huile Cheveux,NATURESOIN HUILE DE ROSE DE MUSQUEE – 50 ML,92.00,En stock,N/A,https://beautymarket.ma/products/naturesoin-huile-de-rose-de-musquee-50-ml
BeautyMarket,Cheveux,Huile Cheveux,NATURESOIN HUILE DE PÉPINS DE COURGE – 50 ML,50.00,En stock,N/A,https://beautymarket.ma/products/naturesoin-huile-de-pepins-de-courge-50-ml
BeautyMarket,Cheveux,Huile Cheveux,NATURESOIN HUILE ESSENTIELLE DE ROMARIN – 10 ML,66.00,En stock,N/A,https://beautymarket.ma/products/naturesoin-huile-essentielle-de-romarin-10-ml
BeautyMarket,Cheveux,Huile Cheveux,NATURESOIN HUILE DE LAVANDE – 50 ML,49.00,En stock,N/A,https://beautymarket.ma/products/naturesoin-huile-de-lavande-50-ml
BeautyMarket,Cheveux,Huile Cheveux,NUXE HUILE PRODIGIEUSE FLORALE – 100 ML,330.00,En stock,N/A,https://beautymarket.ma/products/nuxe-huile-prodigieuse-florale-100-ml
BeautyMarket,Cheveux,Huile Cheveux,RACINE VITA HUILE DE ROMARIN 40ML,41.00,En stock,N/A,https://beautymarket.ma/products/racine-vita-huile-de-romarin-40ml
BeautyMarket,Cheveux,Huile Cheveux,URIAGE BÉBÉ 1ÈRE HUILE LAVANTE 500 ML,219.00,En stock,N/A,https://beautymarket.ma/products/uriage-bebe-1ere-huile-lavante-500-ml
BeautyMarket,Cheveux,Huile Cheveux,NATURESOIN HUILE DE GLYCERINE – 50 ML,36.00,En stock,N/A,https://beautymarket.ma/products/naturesoin-huile-de-glycerine-50-ml
BeautyMarket,Cheveux,Huile Cheveux,NUXE HUILE PRODIGIEUSE OR – 50 ML,290.00,En stock,N/A,https://beautymarket.ma/products/nuxe-huile-prodigieuse-or-50-ml
BeautyMarket,Cheveux,Huile Cheveux,NATURE SOIN HUILE DE NOIX DE COCO 150ML,60.00,En stock,N/A,https://beautymarket.ma/products/nature-soin-huile-de-noix-de-coco-250ml
BeautyMarket,Cheveux,Huile Cheveux,NATURESOIN HUILE DE MOUTARDE – 50 ML,62.00,En stock,N/A,https://beautymarket.ma/products/naturesoin-huile-de-moutarde-50-ml
BeautyMarket,Cheveux,Huile Cheveux,NATURESOIN HUILE DE CITRON – 50 ML,51.00,En stock,N/A,https://beautymarket.ma/products/naturesoin-huile-de-citron-50-ml
BeautyMarket,Cheveux,Huile Cheveux,RACINE VITA GLYCERINE 40ML,30.00,En stock,N/A,https://beautymarket.ma/products/racine-vita-glycerine-40ml
BeautyMarket,Cheveux,Huile Cheveux,NATURE SOIN HUILE DE NOIX DE COCO 250ML,79.00,En stock,N/A,https://beautymarket.ma/products/nature-soin-huile-de-niox-de-coco-250ml
BeautyMarket,Cheveux,Huile Cheveux,NATURESOIN HUILE DE MACADAMIA – 50 ML,51.00,En stock,N/A,https://beautymarket.ma/products/naturesoin-huile-de-macadamia-50-ml
BeautyMarket,Cheveux,Huile Cheveux,NUXE HUILE PRODIGIEUSE 100ML,375.00,En stock,N/A,https://beautymarket.ma/products/nuxe-huile-prodigieuse%C2%AE-100-ml-roll-on-huile-prodigieuse-or-8ml-offert
BeautyMarket,Cheveux,Huile Cheveux,RACINE VITA HUILE D’ARGAN NON TORRIEFIE 40 ML,60.00,En stock,N/A,https://beautymarket.ma/products/racine-vita-huile-d-argan-non-torriefie-40-ml
BeautyMarket,Cheveux,Huile Cheveux,NATUREESOIN HUILE DE MENTHE POIVRÉE,44.00,En stock,N/A,https://beautymarket.ma/products/nature-soin-menthe
BeautyMarket,Cheveux,Huile Cheveux,SKINOR BIO HUILE D’AMANDE DOUCE 250ML,99.00,En stock,N/A,https://beautymarket.ma/products/skinor-bio-huile-d-amande-douce-250ml
BeautyMarket,Cheveux,Huile Cheveux,RACINE VITA HUILE DE FIGUE DE BARBARIE ANTI-RIDES 40 ML,65.00,En stock,N/A,https://beautymarket.ma/products/racine-vita-huile-de-figue-de-barbarie-anti-rides-40-ml
BeautyMarket,Cheveux,Huile Cheveux,RACINE VITA GLYCERINE 1L,102.00,En stock,N/A,https://beautymarket.ma/products/racine-vita-glycerine-1l
BeautyMarket,Cheveux,Huile Cheveux,RACINE VITA HUILE DE SESAME 40 ML,35.00,En stock,N/A,https://beautymarket.ma/products/racine-vita-huile-de-sesame-40-ml
BeautyMarket,Cheveux,Huile Cheveux,REVOX B77 BIO HUILE RINSIN 100% PURE 30ML - BIO CASTOR OIL 100% PURE,83.00,En stock,N/A,https://beautymarket.ma/products/bio-huile-rinsin-100-pure-30ml-bio-castor-oil-100-pure
BeautyMarket,Cheveux,Huile Cheveux,NATURESOIN HUILE DE GRAINES DE NIGELLE – 50 ML,64.00,En stock,N/A,https://beautymarket.ma/products/naturesoin-huile-de-graines-de-nigelle-50-ml
BeautyMarket,Cheveux,Huile Cheveux,RACINE VITA HUILE DE JOJOBA 40ML,62.00,En stock,N/A,https://beautymarket.ma/products/racine-vita-huile-de-jojoba-40ml
BeautyMarket,Cheveux,Huile Cheveux,NATURESOIN HUILE DE GRAINES DE CHANVRE – 50 ML,55.00,En stock,N/A,https://beautymarket.ma/products/naturesoin-huile-de-chanvre-50-ml
BeautyMarket,Cheveux,Huile Cheveux,NATURESOIN HUILE DE GIROFLE – 50 ML,44.00,En stock,N/A,https://beautymarket.ma/products/naturesoin-huile-de-girofle-50-ml
BeautyMarket,Cheveux,Huile Cheveux,NATURESOIN HUILE ESSENTIELLE ARBRE A THÉ – 10 ML,95.00,En stock,N/A,https://beautymarket.ma/products/naturesoin-huile-essentielle-arbre-a-the-10-ml
BeautyMarket,Cheveux,Huile Cheveux,RACINE VITA HUILE D’AVOCAT 40 ML,45.00,En stock,N/A,https://beautymarket.ma/products/racine-vita-huile-d-avocat-40-ml
BeautyMarket,Cheveux,Huile Cheveux,HEI POA PUR MONOÏ TIARÉ 100ML,148.00,En stock,N/A,https://beautymarket.ma/products/hel-poa-pur-monoi-tiare-100ml
BeautyMarket,Cheveux,Huile Cheveux,NUXE HUILE PRODIGIEUSE OR – 100 ML,528.00,En stock,N/A,https://beautymarket.ma/products/nuxe-huile-prodigieuse-or-100-ml
BeautyMarket,Cheveux,Huile Cheveux,NATUREESOIN OIGNON,44.00,En stock,N/A,https://beautymarket.ma/products/nature-soin-oignon
BeautyMarket,Cheveux,Huile Cheveux,NATURESOIN HUILE À L’EXTRAIT DE FENUGREC – 50 ML,46.00,En stock,N/A,https://beautymarket.ma/products/naturesoin-huile-a-l-extrait-de-fenugrec-50-ml
BeautyMarket,Cheveux,Huile Cheveux,NATURESOIN HUILE D’ARBRE A THÉ – 50 ML,62.00,En stock,N/A,https://beautymarket.ma/products/naturesoin-huile-d-arbre-a-the-50-ml
BeautyMarket,Cheveux,Huile Cheveux,HUILE PRODIGIEUSE® NÉROLI 100ML,433.00,En stock,N/A,https://beautymarket.ma/products/huile-prodigieuse%C2%AE-neroli-100ml
BeautyMarket,Cheveux,Huile Cheveux,HEI POA PUR MONOI DE TAHITI HEI POA VANILLE 100ML,150.00,En stock,N/A,https://beautymarket.ma/products/pur-monoi-de-tahiti-hei-poa-vanille-100ml
BeautyMarket,Cheveux,Huile Cheveux,NATURESOIN HUILE DE CAROTTE – 50 ML,60.00,En stock,N/A,https://beautymarket.ma/products/naturesoin-huile-de-carotte-50-ml
BeautyMarket,Cheveux,Huile Cheveux,REVOX B77 BIO HUILE DE ROSE MUSQUÉE 100% PURE 30ML- ROSEPHIL OIL,95.00,En stock,N/A,https://beautymarket.ma/products/bio-huile-de-rose-musquee-100-pure-30ml-rosephil-oil
BeautyMarket,Cheveux,Huile Cheveux,NATURESOIN HUILE DE CAMOMILLE – 50 ML,45.60,En stock,N/A,https://beautymarket.ma/products/naturesoin-huile-de-camomille-50-ml
BeautyMarket,Cheveux,Huile Cheveux,NATURESOIN HUILE DE GERME DE BLÉ – 50 ML,49.00,En stock,N/A,https://beautymarket.ma/products/naturesoin-huile-de-germe-de-ble-50-ml
BeautyMarket,Cheveux,Huile Cheveux,NATURESOIN HUILE DE SON DE RIZ – 50 ML,70.00,En stock,N/A,https://beautymarket.ma/products/naturesoin-huile-de-son-de-riz-50-ml
BeautyMarket,Cheveux,Huile Cheveux,RACINE VITA HUILE DE LAVANDE 40ML,41.00,En stock,N/A,https://beautymarket.ma/products/racine-vita-huile-de-lavande-40ml
BeautyMarket,Cheveux,Huile Cheveux,SVR TOPIALYSE HUILE LAVANTE 1L,299.00,En stock,N/A,https://beautymarket.ma/products/svr-topialyse-huile-lavante-1l
BeautyMarket,Cheveux,Huile Cheveux,RACINE VITA 10 HUILES CAPILLAIRES 40ML,63.00,En stock,N/A,https://beautymarket.ma/products/racine-vita-10-huiles-capillaires-40ml
BeautyMarket,Cheveux,Huile Cheveux,RACINE VITA HUILE DE FENUGREC 40ML,39.00,En stock,N/A,https://beautymarket.ma/products/racine-vita-huile-de-fenugrec-40ml
BeautyMarket,Cheveux,Huile Cheveux,NATURESOIN HUILE DE ROQUETTE – 50 ML,61.00,En stock,N/A,https://beautymarket.ma/products/naturesoin-huile-de-roquette-50-ml
BeautyMarket,Cheveux,Huile Cheveux,BIOKERA SÉRUM ARGANOLOGY 60ML,300.00,En stock,N/A,https://beautymarket.ma/products/biokera-serum-arganology-60ml
BeautyMarket,Cheveux,Huile Cheveux,NATURESOIN HUILE ESSENTIELLE DE MENTHE POIVRÉE – 10 ML,133.00,En stock,N/A,https://beautymarket.ma/products/naturesoin-huile-essentielle-de-menthe-poivree-10-ml
BeautyMarket,Cheveux,Huile Cheveux,SVR SUN SECURE HUILE SÈCHE SPF 50+ 200 ML,299.00,En stock,N/A,https://beautymarket.ma/products/svr-sun-secure-huile-seche-spf-50-200-ml
BeautyMarket,Cheveux,Huile Cheveux,SKINOR HUILE DE RICIN 100ML,99.00,En stock,N/A,https://beautymarket.ma/products/skinor-huile-de-ricin-100ml
BeautyMarket,Cheveux,Huile Cheveux,RACINE VITA HUILE D’ARBRE DE THE 40 ML,59.00,En stock,N/A,https://beautymarket.ma/products/racine-vita-huile-d-arbre-de-the-40-ml
BeautyMarket,Cheveux,Huile Cheveux,NATURESOIN HUILE ESSENTIELLE CITRON – 10 ML,67.00,En stock,N/A,https://beautymarket.ma/products/naturesoin-huile-essentielle-citron-10-ml
BeautyMarket,Cheveux,Huile Cheveux,SKIN TEA HUILE SENSUELLE,135.00,En stock,N/A,https://beautymarket.ma/products/skin-tea-huile-sensuelle
BeautyMarket,Cheveux,Huile Cheveux,ECRINAL HUILE SECHE PRECIEUSE CHEVEUX ET CORPS 200ML,600.00,En stock,N/A,https://beautymarket.ma/products/ecrinal-huile-seche-precieuse-cheveux-et-corps-200ml
BeautyMarket,Cheveux,Huile Cheveux,HEI POA PUR MONOI TAHITI COCO 100ML,158.00,En stock,N/A,https://beautymarket.ma/products/hei-poa-pur-monoi-tahiti-coco-100ml
BeautyMarket,Cheveux,Huile Cheveux,NATURESOIN HUILE D’ORANGE – 50 ML,52.00,En stock,N/A,https://beautymarket.ma/products/naturesoin-huile-d-orange-50-ml
BeautyMarket,Cheveux,Huile Cheveux,NATURESOIN HUILE DE PARAFFINE – 50 ML,27.00,En stock,N/A,https://beautymarket.ma/products/naturesoin-huile-de-paraffine-50-ml
BeautyMarket,Cheveux,Huile Cheveux,NATURESOIN HUILE À L’EXTRAIT D’ALOÉS – 50 ML,45.00,En stock,N/A,https://beautymarket.ma/products/naturesoin-huile-a-l-extrait-d-aloes-50-ml
BeautyMarket,Cheveux,Huile Cheveux,NATURESOIN HUILE DE THYM – 50 ML,43.00,En stock,N/A,https://beautymarket.ma/products/naturesoin-huile-de-thym-50-ml
BeautyMarket,Cheveux,Huile Cheveux,ILEM CARE ORGANIC HAIR TONIC OILHUILE 100ML,300.00,En stock,N/A,https://beautymarket.ma/products/ilem-care-organic-hair-tonic-oilhuile
BeautyMarket,Cheveux,Huile Cheveux,NATURESOIN HUILE ESSENTIELLE DE LAVANDE – 10 ML,129.00,En stock,N/A,https://beautymarket.ma/products/naturesoin-huile-essentielle-de-lavande-10-ml
BeautyMarket,Cheveux,Huile Cheveux,RACINE VITA HUILE DE MACADAMIA 40ML,45.00,En stock,N/A,https://beautymarket.ma/products/racine-vita-huile-de-macadamia-40ml
BeautyMarket,Cheveux,Huile Cheveux,URBAN CARE HUILE CAPILLAIRE AU ROSEMARY & CLOVE + PROTECTION UV 100 ML,145.00,En stock,N/A,https://beautymarket.ma/products/urban-care-huile-capillaire-au-rosemary-clove-protection-uv-100-ml
BeautyMarket,Cheveux,Huile Cheveux,RACINE VITA HUILE DE CONCOMBRE 40ML,54.00,En stock,N/A,https://beautymarket.ma/products/racine-vita-huile-de-concombre-40ml
BeautyMarket,Cheveux,Huile Cheveux,CAUDALIE HUILE DE SOIN LISSAGE ET GLOW OIL ELIXIR 50 ML,295.00,En stock,N/A,https://beautymarket.ma/products/caudalie-huile-de-soin-lissage-et-glow-oil-elixir-50-ml
BeautyMarket,Cheveux,Huile Cheveux,NATURESOIN HUILE CAPILLAIRE A HUILE D’OLIVE – 125 ML,61.00,En stock,N/A,https://beautymarket.ma/products/naturesoin-huile-capillaire-a-huile-d-olive-125-ml
BeautyMarket,Cheveux,Huile Cheveux,DESERT DROPS HUILE D'ARGAN BIO ET PURE 100ML,204.00,En stock,N/A,https://beautymarket.ma/products/desert-drops-huile-dargan-bio-et-pure-100ml
BeautyMarket,Cheveux,Huile Cheveux,RACINE VITA HUILE DE GERME DE BLE 40ML,45.00,En stock,N/A,https://beautymarket.ma/products/racine-vita-huile-de-germe-de-ble-40ml
BeautyMarket,Cheveux,Huile Cheveux,NATUREESOIN ONAGRE 50ML,70.00,En stock,N/A,https://beautymarket.ma/products/nature-soin-onagre-50ml
BeautyMarket,Cheveux,Huile Cheveux,NATURESOIN HUILE ESSENTIELLE DE GIROFLE – 10 ML,68.00,En stock,N/A,https://beautymarket.ma/products/naturesoin-huile-essentielle-de-girofle-10-ml
BeautyMarket,Cheveux,Huile Cheveux,NATURESOIN HUILE DE SOJA – 50 ML,37.00,En stock,N/A,https://beautymarket.ma/products/naturesoin-huile-de-soja-50-ml
BeautyMarket,Cheveux,Huile Cheveux,RACINE VITA HUILE DE CADE 40ML,53.00,En stock,N/A,https://beautymarket.ma/products/racine-vita-huile-de-cade-40ml
BeautyMarket,Cheveux,Huile Cheveux,NATUREESOIN GINGEMBRE 50ML,60.00,En stock,N/A,https://beautymarket.ma/products/nature-soin-gingembre-50ml
BeautyMarket,Cheveux,Huile Cheveux,URIAGE BARIESUN  SPF50+ HUILE SECHE 200 ML,268.00,En stock,N/A,https://beautymarket.ma/products/uriage-bariesun-spf50-huile-seche-200-ml
BeautyMarket,Cheveux,Huile Cheveux,CAUDALIE VINOSUN PROTECT EAU SOLAIRE TRÈS HAUTE PROTECTION SPF50+ 150ML,395.00,En stock,N/A,https://beautymarket.ma/products/caudalie-vinosun-protect-eau-solaire-tres-haute-protection-spf50-150ml
BeautyMarket,Cheveux,Huile Cheveux,RACINE VITA HUILE DE GIROFLE 40ML,42.00,En stock,N/A,https://beautymarket.ma/products/racine-vita-huile-de-girofle-40ml
BeautyMarket,Cheveux,Huile Cheveux,NATURESOIN HUILE DE CADE – 50 ML,46.00,En stock,N/A,https://beautymarket.ma/products/naturesoin-huile-de-cade-50-ml
BeautyMarket,Cheveux,Huile Cheveux,VAHEMA MONOI DE TAHITI MACADAMIA,149.00,En stock,N/A,https://beautymarket.ma/products/vahema-monoi-de-tahiti-macadamia
BeautyMarket,Cheveux,Huile Cheveux,HEI POA HUILE DE MONOI MORINGA 100ML,187.00,En stock,N/A,https://beautymarket.ma/products/hei-poa-huile-de-monoi-moringa-100ml
BeautyMarket,Cheveux,Huile Cheveux,NATURESOIN HUILE D’AMANDES AMERES 50ML,62.00,En stock,N/A,https://beautymarket.ma/products/naturesoin-huile-d-amandes-douces-1er-pression-50-ml
BeautyMarket,Cheveux,Huile Cheveux,RACINE VITA HUILE DE CHANVRE 40ML,57.00,En stock,N/A,https://beautymarket.ma/products/racine-vita-huile-de-chanvre-40ml
BeautyMarket,Cheveux,Huile Cheveux,NATURESOIN HUILE DE TOURNESOL – 50 ML,37.00,En stock,N/A,https://beautymarket.ma/products/naturesoin-huile-de-tournesol-50-ml
BeautyMarket,Cheveux,Huile Cheveux,NATURESOIN HUILE DE CÈDRE DE L’ATLAS – 50 ML,51.00,En stock,N/A,https://beautymarket.ma/products/naturesoin-huile-de-cedre-de-l-atlas-50-ml
BeautyMarket,Cheveux,Huile Cheveux,NATURESOIN HUILE DE CANNELLE – 50 ML,51.00,En stock,N/A,https://beautymarket.ma/products/naturesoin-huile-de-cannelle-50-ml
BeautyMarket,Cheveux,Huile Cheveux,NATURESOIN HUILE ESSENTIELLE D’EUCALYPTUS GLOBULEUX – 10 ML,61.00,En stock,N/A,https://beautymarket.ma/products/naturesoin-huile-essentielle-d-eucalyptus-globuleux-10-ml
BeautyMarket,Cheveux,Huile Cheveux,NATURESOIN HUILE DE PEPINS DE CONCOMBRE 50ML,40.00,En stock,N/A,https://beautymarket.ma/products/naturesoin-huile-de-pepins-de-concombre-50ml
BeautyMarket,Cheveux,Huile Cheveux,NATURESOIN HUILE DE FIGUE DE BARBARIE CONCENTRÉE – 15 ML,240.00,En stock,N/A,https://beautymarket.ma/products/naturesoin-huile-de-figue-de-barbarie-concentree-15-ml
BeautyMarket,Cheveux,Huile Cheveux,RACINE VITA HUILE DE SESAME 1 L,330.00,En stock,N/A,https://beautymarket.ma/products/racine-vita-huile-de-sesame-1-l
BeautyMarket,Cheveux,Huile Cheveux,NATURESOIN HUILE DE LIN – 50 ML,49.00,En stock,N/A,https://beautymarket.ma/products/naturesoin-huile-de-lin-50-ml
BeautyMarket,Cheveux,Huile Cheveux,NATURESOIN HUILE CAMPHREE – 50 ML,51.00,En stock,N/A,https://beautymarket.ma/products/naturesoin-huile-camphree-50-ml
BeautyMarket,Cheveux,Huile Cheveux,KÉRASTASE ELIXIR ULTIME – COFFRET CADEAU DUO NUTRITION & ÉCLAT,685.00,En stock,N/A,https://beautymarket.ma/products/kerastase-elixir-ultime-coffret-cadeau-duo-nutrition-eclat
BeautyMarket,Cheveux,Huile Cheveux,PURESSENTIEL ANTI CHUTE HUILE REVITALISANTE 7 RACINES 100 ML,169.00,En stock,N/A,https://beautymarket.ma/products/puressentiel-anti-chute-huile-revitalisante-7-racines-100-ml
BeautyMarket,Cheveux,Huile Cheveux,NUHANCIAM HUILE SOIN MÉTAMORPHOSE 100 ML,300.00,En stock,N/A,https://beautymarket.ma/products/nuhanciam-huile-soin-metamorphose-100ml
BeautyMarket,Cheveux,Huile Cheveux,RACINE VITA HUILE DE ROQUETTE 40ML,59.00,En stock,N/A,https://beautymarket.ma/products/racine-vita-huile-de-roquette-40ml
BeautyMarket,Cheveux,Huile Cheveux,NATURESOIN HUILE D’EUCALYPTUS – 50 ML,55.00,En stock,N/A,https://beautymarket.ma/products/naturesoin-huile-d-eucalyptus-50-ml
BeautyMarket,Cheveux,Huile Cheveux,THE ORDINARY 100% ORGANIC COLD-PRESSED MOROCCAN ARGAN OIL 30ML,205.00,En stock,N/A,https://beautymarket.ma/products/the-ordinary-100-organic-cold-pressed-moroccan-argan-oil-30ml
BeautyMarket,Cheveux,Huile Cheveux,RITUELESSENCE HUILE DE RICIN 50ML,38.00,En stock,N/A,https://beautymarket.ma/products/rituelessence-huile-de-ricin-50ml
BeautyMarket,Cheveux,Huile Cheveux,RITUELESSENCE HUILE DE COCO 50ML,52.00,En stock,N/A,https://beautymarket.ma/products/rituelessence-huile-de-coco-50ml
BeautyMarket,Cheveux,Huile Cheveux,RITUELESSENCE HUILE D’AMANDE DOUCE 100ML,72.00,En stock,N/A,https://beautymarket.ma/products/rituelessence-huile-d-amande-douce-100ml
BeautyMarket,Cheveux,Huile Cheveux,NATURESOIN HUILE ESSENTIELLE D’ORANGE – 10 ML,63.00,En stock,N/A,https://beautymarket.ma/products/naturesoin-huile-essentielle-d-orange-10-ml
BeautyMarket,Cheveux,Huile Cheveux,NATURESOIN HUILE DE MYRTE – 50 ML,48.00,En stock,N/A,https://beautymarket.ma/products/naturesoin-huile-de-myrte-50-ml
BeautyMarket,Cheveux,Huile Cheveux,NATURESOIN HUILE DE BASILIC – 50 ML,51.00,En stock,N/A,https://beautymarket.ma/products/naturesoin-huile-de-basilic-50-ml
BeautyMarket,Cheveux,Huile Cheveux,BIOKAP – SHAMPOING HUILE APAISANT BELLEZA – 200 ML,225.00,En stock,N/A,https://beautymarket.ma/products/biokap-shampoing-huile-apaisant-belleza-200-ml
BeautyMarket,Cheveux,Huile Cheveux,NATURESOIN HUILE CAPILLAIRE EL HAYAH -TOUS TYPES DE CHEVEUX 125ML,61.00,En stock,N/A,https://beautymarket.ma/products/naturesoin-huile-capillaire-el-hayah-tous-types-de-cheveux-125ml-1
BeautyMarket,Cheveux,Huile Cheveux,RITUELESSENCE HUILE DE COCO 100ML,81.00,En stock,N/A,https://beautymarket.ma/products/rituelessence-huile-de-coco-100ml
BeautyMarket,Cheveux,Huile Cheveux,KÉRASTASE CURL MANIFESTO HUILE SUBLIME 50ML – HUILE NOURRISSANTE CHEVEUX BOUCLÉS,355.00,En stock,N/A,https://beautymarket.ma/products/kerastase-huile-sublime-curl-manifesto-50ml
BeautyMarket,Cheveux,Huile Cheveux,RACINE VITA HUILE DE CEDRE DE L’ATLAS 40ML,48.00,En stock,N/A,https://beautymarket.ma/products/racine-vita-huile-de-cedre-de-l-atlas-40ml
BeautyMarket,Cheveux,Huile Cheveux,RACINE VITA HUILE D’ORANGE 40ML,59.00,En stock,N/A,https://beautymarket.ma/products/racine-vita-huile-d-orange-40ml
BeautyMarket,Cheveux,Huile Cheveux,SKINOR BIO HUILE ESSENTIELLE D’EUCALYPTUS 15ML,93.00,En stock,N/A,https://beautymarket.ma/products/skinor-bio-huile-essentielle-d-eucalyptus-15ml
BeautyMarket,Cheveux,Huile Cheveux,KERA’MLA HUILE SECHE CHEVEUX 50ML,179.00,En stock,N/A,https://beautymarket.ma/products/kera-mla-huile-seche-cheveux-50ml
BeautyMarket,Cheveux,Huile Cheveux,SKINOR HUILE D’AVOCAT 50 ML,165.00,En stock,N/A,https://beautymarket.ma/products/skinor-huile-d-avocat-50-ml
BeautyMarket,Cheveux,Huile Cheveux,PATYKA HUILE ABSOLU 50ML,570.00,En stock,N/A,https://beautymarket.ma/products/patyka-huile-absolu-50ml
BeautyMarket,Cheveux,Huile Cheveux,RITUELESSENCE HUILE D’AMANDE DOUCE 50ML,45.00,En stock,N/A,https://beautymarket.ma/products/rituelessence-huile-d-amande-douce-50ml
BeautyMarket,Cheveux,Huile Cheveux,PURESSENTIEL HUILE DE SOIN CAPILLAIRE BIO 100ML,236.00,En stock,N/A,https://beautymarket.ma/products/puressentiel-huile-de-soin-capillaire-bio-100ml
BeautyMarket,Cheveux,Huile Cheveux,NATURESOIN HUILE ESSENTIELLE DE FENOUIL – 10 ML,89.00,En stock,N/A,https://beautymarket.ma/products/naturesoin-huile-essentielle-de-fenouil-10-ml
BeautyMarket,Cheveux,Huile Cheveux,NATURESOIN HUILE DE FOIE DE MORUE – 50 ML,77.00,En stock,N/A,https://beautymarket.ma/products/naturesoin-huile-de-foie-de-morue-50-ml
BeautyMarket,Cheveux,Huile Cheveux,NATURESOIN HUILE ESSENTIELLE DE THYM – 10 ML,74.00,En stock,N/A,https://beautymarket.ma/products/naturesoin-huile-essentielle-de-thym-10-ml
BeautyMarket,Cheveux,Huile Cheveux,INSTITUT ESTHEDERM L’HUILE SOLAIRE SOIN PROTECTEUR CORPS ET CHEVEUX SO,659.00,En stock,N/A,https://beautymarket.ma/products/institut-esthederm-l-huile-solaire-soin-protecteur-corps-et-cheveux-soleil-fort-150-ml
BeautyMarket,Cheveux,Huile Cheveux,NEW OIL COSMETICS HUILE DE RICIN 30ML,150.00,En stock,N/A,https://beautymarket.ma/products/new-oil-cosmetics-huile-de-ricin-30ml
BeautyMarket,Cheveux,Huile Cheveux,APOLOGIE HUILE SÈCHE 3 EN 1 VISAGE ET CORPS & CHEVEUX 104 ML,337.00,En stock,N/A,https://beautymarket.ma/products/apologie-huile-seche-3-en-1-visage-et-corps-cheveux-104-ml
BeautyMarket,Cheveux,Huile Cheveux,OLAPLEX N°7 BONDING OIL 60ML = N°9 & THE STAND-ALONE TREATMENT OFFERT,779.00,En stock,N/A,https://beautymarket.ma/products/olaplex-n-7-bonding-oil-60ml-the-stand-alone-treatment-offert
BeautyMarket,Cheveux,Huile Cheveux,RITUELESSENCE HUILE DE SESAME 50ML,47.00,En stock,N/A,https://beautymarket.ma/products/rituelessence-huile-de-sesame-50ml
BeautyMarket,Cheveux,Huile Cheveux,RITUELESSENCE HUILE DE RICIN 100ML,63.00,En stock,N/A,https://beautymarket.ma/products/rituelessence-huile-de-ricin-100ml
BeautyMarket,Cheveux,Huile Cheveux,RITUELESSENCE HUILE DE GLYCERINE 100ML,52.00,En stock,N/A,https://beautymarket.ma/products/rituelessence-huile-de-glycerine-100ml
BeautyMarket,Cheveux,Huile Cheveux,RITUELESSENCE HUILE DE GLYCERINE 50ML,34.00,En stock,N/A,https://beautymarket.ma/products/rituelessence-huile-de-glycerine-50ml
BeautyMarket,Cheveux,Huile Cheveux,RITUELESSENCE HUILE DE FENUGREC 50ML,68.00,En stock,N/A,https://beautymarket.ma/products/rituelessence-huile-de-fenugrec-50ml
BeautyMarket,Cheveux,Huile Cheveux,RITUELESSENCE HUILE D’AVOCAT 50ML,59.00,En stock,N/A,https://beautymarket.ma/products/rituelessence-huile-d-avocat-50ml
BeautyMarket,Cheveux,Huile Cheveux,NATURESOIN HUILE ESSENTIELLE D’ORANGE AMÈRE – 10 ML,99.00,En stock,N/A,https://beautymarket.ma/products/naturesoin-huile-essentielle-d-orange-amere-10-ml
BeautyMarket,Cheveux,Huile Cheveux,NATURESOIN HUILE ESSENTIELLE DE CANNELLE – 10 ML,92.00,En stock,N/A,https://beautymarket.ma/products/naturesoin-huile-essentielle-de-cannelle-10-ml
BeautyMarket,Cheveux,Huile Cheveux,NATURESOIN HUILE DE MAIS – 50 ML,43.00,En stock,N/A,https://beautymarket.ma/products/naturesoin-huile-de-mais-50-ml
BeautyMarket,Cheveux,Huile Cheveux,NATUREESOIN NOIX,76.00,En stock,N/A,https://beautymarket.ma/products/nature-soin-noix
BeautyMarket,Cheveux,Huile Cheveux,NATURESOIN HUILE DE PALME – 50 ML,43.00,En stock,N/A,https://beautymarket.ma/products/naturesoin-huile-de-palme-50-ml
BeautyMarket,Cheveux,Huile Cheveux,ALGOLOGIE HUILE DE PEN LAN HUILE UNIVERSELLE 100ML,341.00,En stock,N/A,https://beautymarket.ma/products/algologie-huile-de-pen-lan-huile-universelle-100ml
BeautyMarket,Cheveux,Coloration,BIOKAP – NUTRICOLOR DELICATO 4.0 CHÂTAIN NATUREL,189.00,En stock,N/A,https://beautymarket.ma/products/biokap-nutricolor-delicato-4-0-chatain-naturel
BeautyMarket,Cheveux,Coloration,BIOKAP NUTRICOLOR 3.0,189.00,En stock,N/A,https://beautymarket.ma/products/biokap-nutricolor-3-0
BeautyMarket,Cheveux,Coloration,BIOKAP – NUTRICOLOR 6.0 BLOND TABAC,189.00,En stock,N/A,https://beautymarket.ma/products/biokap-nutricolor-6-0-blond-tabac
BeautyMarket,Cheveux,Coloration,COLOR ET SOIN CHATAIN FONCE 3N,189.00,En stock,N/A,https://beautymarket.ma/products/color-et-soin-chatain-fonce-3n
BeautyMarket,Cheveux,Coloration,BIOKAP – NUTRICOLOR 1.0 NOIR,189.00,En stock,N/A,https://beautymarket.ma/products/biokap-nutricolor-1-0-noir
BeautyMarket,Cheveux,Coloration,BIOKAP – NUTRICOLOR DELICATO 5.0 CHÂTAIN CLAIR NATUREL,189.00,En stock,N/A,https://beautymarket.ma/products/biokap-nutricolor-delicato-5-0-chatain-clair-naturel
BeautyMarket,Cheveux,Coloration,BIOKAP – NUTRICOLOR DELICATO 5.05 CHÂTAIN NOISETTE,189.00,En stock,N/A,https://beautymarket.ma/products/biokap-nutricolor-delicato-5-05-chatain-noisette
BeautyMarket,Cheveux,Coloration,BIOKAP – NUTRICOLOR DELICATO 1.0 NOIR NATUREL,189.00,En stock,N/A,https://beautymarket.ma/products/biokap-nutricolor-delicato-1-0-noir-naturel
BeautyMarket,Cheveux,Coloration,BIOKAP DELICATO 2.9,189.00,En stock,N/A,https://beautymarket.ma/products/biokap-delicato-2-9
BeautyMarket,Cheveux,Coloration,BIOKAP NUTRICOLOR 7.0,189.00,En stock,N/A,https://beautymarket.ma/products/biokap-nutricolor-7-0
BeautyMarket,Cheveux,Coloration,BIOKAP – NUTRICOLOR 5.0 CHÂTAIN CLAIR,189.00,En stock,N/A,https://beautymarket.ma/products/biokap-nutricolor-5-0-chatain-clair
BeautyMarket,Cheveux,Coloration,COLOR ET SOIN CHATIN NATUREL 4N,189.00,En stock,N/A,https://beautymarket.ma/products/color-et-soin-chatin-naturel-4n
BeautyMarket,Cheveux,Coloration,ERAYBA GAMMA NEXT 1/00 NOIR NATUREL,190.00,En stock,N/A,https://beautymarket.ma/products/erayba-gamma-next-1-00-noir-naturel
BeautyMarket,Cheveux,Coloration,ELCEA COLORATION EXPERTE – CHÂTAIN CLAIR DORÉ 5.3,207.00,En stock,N/A,https://beautymarket.ma/products/elcea-coloration-experte-chatain-clair-dore-5-3
BeautyMarket,Cheveux,Coloration,ERAYBA GAMMA NEXT COLORATION 5/00 CHATIN CLAIR NATUREL,190.00,En stock,N/A,https://beautymarket.ma/products/erayba-gamma-next-coloration-5-00-chatin-clair-naturel
BeautyMarket,Cheveux,Coloration,BIOKAP DELICATO 5.34,189.00,En stock,N/A,https://beautymarket.ma/products/biokap-delicato-5-34
BeautyMarket,Cheveux,Coloration,BIOKAP NUTRICOLOR 7.1,189.00,En stock,N/A,https://beautymarket.ma/products/biokap-nutricolor-7-1
BeautyMarket,Cheveux,Coloration,ELCEA COLORATION EXPERTE – CHÂTAIN CLAIR 5,207.00,En stock,N/A,https://beautymarket.ma/products/elcea-coloration-experte-chatain-clair-5
BeautyMarket,Cheveux,Coloration,ELCEA COLORATION EXPERTE – CHOCOLAT 5.53,207.00,En stock,N/A,https://beautymarket.ma/products/elcea-coloration-experte-chocolat-5-53
BeautyMarket,Cheveux,Coloration,COLOR ET SOIN CHATIN CLAIR DORE 5G,189.00,En stock,N/A,https://beautymarket.ma/products/color-et-soin-chatin-clair-dore-5g
BeautyMarket,Cheveux,Coloration,BIOKAP DELICATO 6.06,189.00,En stock,N/A,https://beautymarket.ma/products/biokap-delicato-6-06
BeautyMarket,Cheveux,Coloration,BIOKAP – NUTRICOLOR 8.0 BLOND CLAIR,189.00,En stock,N/A,https://beautymarket.ma/products/biokap-nutricolor-8-0-blond-clair
BeautyMarket,Cheveux,Coloration,ELCEA COLORATION CACAO 6.53,207.00,En stock,N/A,https://beautymarket.ma/products/elcea-coloration-cacao-6-53
BeautyMarket,Cheveux,Coloration,BIOKAP NUTRICOLOR 4.06,189.00,En stock,N/A,https://beautymarket.ma/products/biokap-nutricolor-4-06
BeautyMarket,Cheveux,Coloration,ELCEA COLORATION 6.34 CHATIN CLAIR CUIVRE,207.00,En stock,N/A,https://beautymarket.ma/products/elcea-coloration-6-34-chatin-clair-cuivre
BeautyMarket,Cheveux,Coloration,COLOR ET SOIN CHATAIN CLAIR 5N,189.00,En stock,N/A,https://beautymarket.ma/products/color-et-soin-chatain-clair-5n
BeautyMarket,Cheveux,Coloration,BIOKAP – SPRAY RETOUCHE NOIR – 75 ML,299.00,En stock,N/A,https://beautymarket.ma/products/biokap-spray-retouche-noir-75-ml
BeautyMarket,Cheveux,Coloration,BIOKAP – NUTRICOLOR 6.3 BLOND OR FONCÉ,189.00,En stock,N/A,https://beautymarket.ma/products/biokap-nutricolor-6-3-blond-or-fonce
BeautyMarket,Cheveux,Coloration,BIOKAP – NUTRICOLOR DELICATO 6.3 BLOND FONCÉ DORÉ,189.00,En stock,N/A,https://beautymarket.ma/products/biokap-nutricolor-delicato-6-3-blond-fonce-dore
BeautyMarket,Cheveux,Coloration,BIOKAP NUTRICOLOR 7.3,189.00,En stock,N/A,https://beautymarket.ma/products/biokap-nutricolor-7-3
BeautyMarket,Cheveux,Coloration,BIOKAP – NUTRICOLOR 5.3 CHÂTAIN OR CLAIR,189.00,En stock,N/A,https://beautymarket.ma/products/biokap-nutricolor-5-3-chatain-or-clair
BeautyMarket,Cheveux,Coloration,BIOKAP – NUTRICOLOR 5.22 ROUGE PRUNE,189.00,En stock,N/A,https://beautymarket.ma/products/biokap-nutricolor-5-22-rouge-prune
BeautyMarket,Cheveux,Coloration,ELCEA COLORATION NOIR BLEUTE 1.10,207.00,En stock,N/A,https://beautymarket.ma/products/elcea-coloration-noir-bleute-1-10
BeautyMarket,Cheveux,Coloration,ELCEA COLORATION EXPERTE – BLOND CLAIR 8,207.00,En stock,N/A,https://beautymarket.ma/products/elcea-coloration-experte-blond-clair-8
BeautyMarket,Cheveux,Coloration,BIOKAP NUTRICOLOR 6.66,189.00,En stock,N/A,https://beautymarket.ma/products/biokap-nutricolor-6-66
BeautyMarket,Cheveux,Coloration,L'ORÉAL PROFESSIONNEL VITAMINO COLOR SPECTRUM SERUM CONCENTRE BRILLANCE MIROIR 50ML,329.00,En stock,N/A,https://beautymarket.ma/products/loreal-professionnel-vitamino-color-spectrum-serum-concentre-brillance-miroir-50ml
BeautyMarket,Cheveux,Coloration,ELCEA COLORATION EXPERTE – BLOND DORÉ 7.3,207.00,En stock,N/A,https://beautymarket.ma/products/elcea-coloration-experte-blond-dore-7-3
BeautyMarket,Cheveux,Coloration,ELCEA COLORATION EXPERTE – CHÂTAIN FONCÉ 3,207.00,En stock,N/A,https://beautymarket.ma/products/elcea-coloration-experte-chatain-fonce-3
BeautyMarket,Cheveux,Coloration,ELCEA COLORATION EXPERTE – CHÂTAIN 4,207.00,En stock,N/A,https://beautymarket.ma/products/elcea-coloration-experte-chatain-4
BeautyMarket,Cheveux,Coloration,COLOR ET SOIN CHATAIN ACAJOU 4M,189.00,En stock,N/A,https://beautymarket.ma/products/color-et-soin-chatain-acajou-4m
BeautyMarket,Cheveux,Coloration,BIOKAP NUTRICOLOR 7.4,189.00,En stock,N/A,https://beautymarket.ma/products/biokap-nutricolor-7-4
BeautyMarket,Cheveux,Coloration,BIOKAP NUTRICOLOR 5.06,189.00,En stock,N/A,https://beautymarket.ma/products/biokap-nutricolor-5-06
BeautyMarket,Cheveux,Coloration,BIOCLIN BIO COLORIST 6.24 BLOND FONCÉ BEIGE CUIVRE,189.00,En stock,N/A,https://beautymarket.ma/products/bioclin-bio-colorist-6-24-blond-fonce-beige-cuivre
BeautyMarket,Cheveux,Coloration,ELCEA COLORATION EXPERTE – CAPPUCCINO 4.35,207.00,En stock,N/A,https://beautymarket.ma/products/elcea-coloration-experte-cappuccino-4-35
BeautyMarket,Cheveux,Coloration,ELCEA COLORATION EXPERTE – BLOND FONCÉ 6,207.00,En stock,N/A,https://beautymarket.ma/products/elcea-coloration-experte-blond-fonce-6
BeautyMarket,Cheveux,Coloration,BIOKAP NUTRICOLOR DELICATO 8.03 BLOND CLAIR NATUREL,189.00,En stock,N/A,https://beautymarket.ma/products/biokap-nutricolor-delicato-8-03-blond-clair-naturel
BeautyMarket,Cheveux,Coloration,BIOKAP NUTRICOLOR 4.4,189.00,En stock,N/A,https://beautymarket.ma/products/biokap-nutricolor-4-4
BeautyMarket,Cheveux,Coloration,BIOCLIN BIO COLORIST 7.4 BLOND CUIVRÉ,189.00,En stock,N/A,https://beautymarket.ma/products/bioclin-bio-colorist-7-4-blond-cuivre
BeautyMarket,Cheveux,Coloration,L'ORÉAL PROFESSIONNEL VITAMINO COLOR SPECTRUM MASQUE PROFESSIONNEL 250ML,319.00,En stock,N/A,https://beautymarket.ma/products/loreal-professionnel-vitamino-color-spectrum-masque-professionnel-250ml
BeautyMarket,Cheveux,Coloration,L'ORÉAL PROFESSIONNEL VITAMINO COLOR SPECTRUM CONDITIONER SOIN PROFESSIONNEL A RINCER 200ML,329.00,En stock,N/A,https://beautymarket.ma/products/loreal-professionnel-vitamino-color-spectrum-conditioner-soin-professionnel-a-rincer-200ml
BeautyMarket,Cheveux,Coloration,PHYTEMA CRÈME INTENSIVE ANTI CHEVEUX BLANCS – 150 ML,360.00,En stock,N/A,https://beautymarket.ma/products/phytema-creme-intensive-anti-cheveux-blancs-150-ml
BeautyMarket,Cheveux,Coloration,ELCEA COLORATION BLOND TRES CLAIR 9,207.00,En stock,N/A,https://beautymarket.ma/products/elcea-coloration-blond-tres-clair-9
BeautyMarket,Cheveux,Coloration,ELCEA COLORATION EXPERTE – NOIR 1,207.00,En stock,N/A,https://beautymarket.ma/products/elcea-coloration-experte-noir-1
BeautyMarket,Cheveux,Coloration,COLOR ET SOIN BLOND TERRE CUIVRE 7C,189.00,En stock,N/A,https://beautymarket.ma/products/color-et-soin-blond-terre-cuivre-7c
BeautyMarket,Cheveux,Coloration,COLOR ET SOIN BLOND FONCE DORE 6G,189.00,En stock,N/A,https://beautymarket.ma/products/color-et-soin-blond-fonce-dore-6g
BeautyMarket,Cheveux,Coloration,BIOKAP – SPRAY RETOUCHE CHÂTAIN FONCÉ – 75 ML,299.00,En stock,N/A,https://beautymarket.ma/products/biokap-spray-retouche-chatain-fonce-75-ml
BeautyMarket,Cheveux,Coloration,BIOKAP – NUTRICOLOR DELICATO 7.33 BLOND BLÉ DORÉ,189.00,En stock,N/A,https://beautymarket.ma/products/biokap-nutricolor-delicato-7-33-blond-ble-dore
BeautyMarket,Cheveux,Coloration,BIOKAP – NUTRICOLOR DELICATO 0.0 CRÈME DÉCOLORANTE,189.00,En stock,N/A,https://beautymarket.ma/products/biokap-nutricolor-delicato-0-0-creme-decolorante
BeautyMarket,Cheveux,Coloration,BIOKAP DELICATO 9.3,189.00,En stock,N/A,https://beautymarket.ma/products/biokap-delicato-9-3
BeautyMarket,Cheveux,Coloration,BIOKAP NUTRICOLOR 9.0,189.00,En stock,N/A,https://beautymarket.ma/products/biokap-nutricolor-9-0
BeautyMarket,Cheveux,Coloration,ELCEA COLORATION EXPERTE – MOKA 4.51,207.00,En stock,N/A,https://beautymarket.ma/products/elcea-coloration-experte-moka-4-51
BeautyMarket,Cheveux,Coloration,ELCEA COLORATION EXPERTE – ACAJOU 4.5,207.00,En stock,N/A,https://beautymarket.ma/products/elcea-coloration-experte-acajou-4-5
BeautyMarket,Cheveux,Coloration,ELCEA COLORATION EXPERTE – BLOND DORÉ 7,207.00,En stock,N/A,https://beautymarket.ma/products/elcea-coloration-experte-blond-dore-7
BeautyMarket,Cheveux,Coloration,COLOR ET SOIN BLOND ACAJOU 7M,189.00,En stock,N/A,https://beautymarket.ma/products/color-et-soin-blond-acajou-7m
BeautyMarket,Cheveux,Coloration,COLOR ET SOIN BLOND FONCE 6N,189.00,En stock,N/A,https://beautymarket.ma/products/color-et-soin-blond-fonce-6n
BeautyMarket,Cheveux,Coloration,COLOR ET SOIN BLOND NOISETTE 7N,189.00,En stock,N/A,https://beautymarket.ma/products/color-et-soin-blond-noisette-7n
BeautyMarket,Cheveux,Coloration,COLOR ET SOIN BLOND SABLE CENDRE 11A,189.00,En stock,N/A,https://beautymarket.ma/products/color-et-soin-blond-sable-cendre-11a
BeautyMarket,Cheveux,Coloration,BIOKAP – SPRAY RETOUCHE CHÂTAIN CLAIR – 75 ML,299.00,En stock,N/A,https://beautymarket.ma/products/biokap-spray-retouche-chatain-clair-75-ml
BeautyMarket,Cheveux,Coloration,BIOKAP NUTRICOLOR 6.4,189.00,En stock,N/A,https://beautymarket.ma/products/biokap-nutricolor-6-4
BeautyMarket,Cheveux,Coloration,BIOCLIN BIO COLORIST 6 BLOND FONCÉ,189.00,En stock,N/A,https://beautymarket.ma/products/bioclin-bio-colorist-6-blond-fonce
BeautyMarket,Cheveux,Coloration,BIOCLIN BIO COLORIST 6.34 BLOND FONCÉ DORÉ CUIVRÉ,189.00,En stock,N/A,https://beautymarket.ma/products/bioclin-bio-colorist-6-34-blond-fonce-dore-cuivre
BeautyMarket,Cheveux,Coloration,ELCEA COLORATION ACAJOU CUIVRE 5.54,207.00,En stock,N/A,https://beautymarket.ma/products/elcea-coloration-acajou-cuivre-5-54
BeautyMarket,Cheveux,Coloration,ELCEA COLORATION EXPERTE – CHÂTAIN CUIVRÉ 5.4,207.00,En stock,N/A,https://beautymarket.ma/products/elcea-coloration-experte-chatain-cuivre-5-4
BeautyMarket,Cheveux,Coloration,BIOKERA COLOR N°9 BLOND EXTRA CLAIR,213.00,En stock,N/A,https://beautymarket.ma/products/biokera-color-n-9-blond-extra-clair
BeautyMarket,Cheveux,Coloration,BIOKERA COLOR N°6 BLOND FONCÉ,213.00,En stock,N/A,https://beautymarket.ma/products/biokera-color-n-6-blond-fonce
BeautyMarket,Cheveux,Coloration,BIOKAP NUTRICOLOR 6.46,189.00,En stock,N/A,https://beautymarket.ma/products/biokap-nutricolor-6-46
BeautyMarket,Cheveux,Coloration,BIOKAP – NUTRICOLOR 7.5 BLOND ACAJOU,189.00,En stock,N/A,https://beautymarket.ma/products/biokap-nutricolor-7-5-blond-acajou
BeautyMarket,Cheveux,Coloration,BIOCLIN BIO COLORIST 4 CHATAIN,189.00,En stock,N/A,https://beautymarket.ma/products/bioclin-bio-colorist-4-chatain
BeautyMarket,Cheveux,Coloration,BIOCLIN BIO COLORIST 4.24 CHATAIN BEIGE CUIVRÉ,189.00,En stock,N/A,https://beautymarket.ma/products/bioclin-bio-colorist-4-24-chatain-beige-cuivre
BeautyMarket,Cheveux,Coloration,BIOCLIN BIO COLORIST 4.5 CHATAIN ACAJOU,189.00,En stock,N/A,https://beautymarket.ma/products/bioclin-bio-colorist-4-5-chatain-acajou
BeautyMarket,Cheveux,Coloration,BIOCLIN BIO COLORIST CHATAIN CLAIR BEIGE CUIVRÉ 5.24,189.00,En stock,N/A,https://beautymarket.ma/products/bioclin-bio-colorist-chatain-clair-beige-cuivre-5-24
BeautyMarket,Cheveux,Coloration,BIOCLIN BIO COLORIST 5.4 CHATAIN CLAIRE CUIVRÉ,189.00,En stock,N/A,https://beautymarket.ma/products/bioclin-bio-colorist-5-4-chatain-claire-cuivre
BeautyMarket,Cheveux,Coloration,BIOCLIN BIO COLORIST 6.6 BLOND FONCÉ ROUGE,189.00,En stock,N/A,https://beautymarket.ma/products/bioclin-bio-colorist-6-6-blond-fonce-rouge
BeautyMarket,Cheveux,Coloration,BIOCLIN BIO COLORIST 7.3 BLOND DORÉ,189.00,En stock,N/A,https://beautymarket.ma/products/bioclin-bio-colorist-7-3-blond-dore
BeautyMarket,Cheveux,Coloration,BIOCLIN BIO COLORIST 7.32 BLOND DORÉ BEIGE,189.00,En stock,N/A,https://beautymarket.ma/products/bioclin-bio-colorist-7-32-blond-dore-beige
BeautyMarket,Cheveux,Coloration,BIOCLIN BIO COLORIST 7.45 BLOND CUIVRÉ ACAJOU,189.00,En stock,N/A,https://beautymarket.ma/products/bioclin-bio-colorist-7-45-blond-cuivre-acajou
BeautyMarket,Cheveux,Coloration,BIOCLIN BIO COLORIST 8 BLOND CLAIRE,189.00,En stock,N/A,https://beautymarket.ma/products/bioclin-bio-colorist-8-blond-claire
BeautyMarket,Cheveux,Coloration,BIOCLIN BIO COLORIST 8.2 BLOND CLAIRE BEIGE,189.00,En stock,N/A,https://beautymarket.ma/products/bioclin-bio-colorist-8-2-blond-claire-beige
BeautyMarket,Cheveux,Coloration,BIOCLIN BIO COLORIST 8.3 BLOND CLAIRE DORÉ,189.00,En stock,N/A,https://beautymarket.ma/products/bioclin-bio-colorist-8-3-blond-claire-dore
BeautyMarket,Cheveux,Coloration,BIOCLIN BIO COLORIST 9 BLOND TRÈS CLAIRE,189.00,En stock,N/A,https://beautymarket.ma/products/bioclin-bio-colorist-9-blond-tres-claire
BeautyMarket,Cheveux,Coloration,BIOCLIN BIO COLORIST 9.3 BLOND TRÈS CLAIRE DORÉ,189.00,En stock,N/A,https://beautymarket.ma/products/bioclin-bio-colorist-9-3-blond-tres-claire-dore
BeautyMarket,Cheveux,Coloration,BIOCLIN BIO COLORIST 10 BLOND TRÈS CLAIRE EXTRA,189.00,En stock,N/A,https://beautymarket.ma/products/bioclin-bio-colorist-10-blond-tres-claire-extra
BeautyMarket,Cheveux,Coloration,BIOCLIN BIO COLORIST 10.3 BLOND TRES CLAIRE DORE EXTRA,189.00,En stock,N/A,https://beautymarket.ma/products/bioclin-bio-colorist-10-3-blond-tres-claire-dore-extra
BeautyMarket,Cheveux,Coloration,PHYTO COLOR KIT COLORATION 9 BLOND TRES CLAIR,195.00,En stock,N/A,https://beautymarket.ma/products/phyto-color-kit-coloration-9-blond-tres-clair
BeautyMarket,Cheveux,Coloration,PHYTO COLOR KIT COLORATION 9.3 BLOND TRES CLAIR DORE,195.00,En stock,N/A,https://beautymarket.ma/products/phyto-color-kit-coloration-9-3-blond-tres-clair-dore
BeautyMarket,Cheveux,Coloration,PHYTOCOLOR 9.8 BLOND TRES CLAIR BEIGE,195.00,En stock,N/A,https://beautymarket.ma/products/phytocolor-9-8-blond-tres-clair-beige
BeautyMarket,Cheveux,Coloration,PHYTOCOLOR 8.3 BLOND CLAIR DOR,195.00,En stock,N/A,https://beautymarket.ma/products/phytocolor-8-3-blond-clair-dor
BeautyMarket,Cheveux,Coloration,PHYTO COLOR KIT COLORATION 8.1 BLOND CLAIR CENDRE,195.00,En stock,N/A,https://beautymarket.ma/products/phyto-color-kit-coloration-8-1-blond-clair-cendre
BeautyMarket,Cheveux,Coloration,PHYTO COLOR KIT COLORATION 8 BLOND CLAIR,195.00,En stock,N/A,https://beautymarket.ma/products/phyto-color-kit-coloration-8-blond-clair
BeautyMarket,Cheveux,Coloration,PHYTO COLOR KIT COLORATION 3 CHATAIN FONCEE,195.00,En stock,N/A,https://beautymarket.ma/products/phyto-color-kit-coloration-3-chatain-foncee
BeautyMarket,Cheveux,Coloration,PHYTO COLOR KIT COLORATION 10 BLOND EXTRA CLAIR,195.00,En stock,N/A,https://beautymarket.ma/products/phyto-color-kit-coloration-10-blond-extra-clair
BeautyMarket,Cheveux,Coloration,ERAYBA GAMMA COLORATION HYDRATANTE 6/32,190.00,En stock,N/A,https://beautymarket.ma/products/erayba-gamma-coloration-hydratante-6-32
BeautyMarket,Cheveux,Shampoing Sec 1,WELLA WELLAFLEX DRY SHAMPOO 10IN1 SWEET SENSATION 180ML,90.00,En stock,N/A,https://beautymarket.ma/products/wella-wellaflex-dry-shampoo-10in1-sweet-sensation-180ml
BeautyMarket,Cheveux,Shampoing Sec 1,WELLA WELLAFLEX DRY SHAMPOO 10IN1 WILD BERRY TOUCH 180ML,90.00,En stock,N/A,https://beautymarket.ma/products/wella-wellaflex-dry-shampoo-10in1-wild-berry-touch-180ml
BeautyMarket,Cheveux,Brosses Et Accessoires,REVLON ONE STEP HAIR DRYER & VOLUME (2-IN-1) TEAL EDITION,850.00,En stock,N/A,https://beautymarket.ma/products/revlon-one-step-hair-dryer-volume-2-in-1-teal-edition
BeautyMarket,Cheveux,Brosses Et Accessoires,REVLON ONE STEP HAIR DRYER & VOLUME (2-IN-1) APRICOT,850.00,En stock,N/A,https://beautymarket.ma/products/revlon-one-step-hair-dryer-volume-2-in-1-apricot
BeautyMarket,Cheveux,Brosses Et Accessoires,BETER BROSSE ELIPSI PM,69.00,En stock,N/A,https://beautymarket.ma/products/beter-brosse-elipsi-pm
BeautyMarket,Cheveux,Brosses Et Accessoires,BETER BROSSE CHEVEUX ELIPSI GM,114.00,En stock,N/A,https://beautymarket.ma/products/beter-brosse-cheveux-elipsi-gm
BeautyMarket,Cheveux,Brosses Et Accessoires,L'ORÉAL PROFESSIONNEL STEAMPOD 4.0,3.500,En stock,N/A,https://beautymarket.ma/products/loreal-professionnel-steampod-4-0-soin-lissant-professionnel-50-ml-sac-offerts
BeautyMarket,Cheveux,Brosses Et Accessoires,REVLON ONE-STEP VOLUMIZER PLUS,1.580,En stock,N/A,https://beautymarket.ma/products/revlon-one-step-volumizer-plus
BeautyMarket,Cheveux,Brosses Et Accessoires,REVLON ONE-STEP VOLUMIZER DRYER AND HOT AIR BRUSH,850.00,En stock,N/A,https://beautymarket.ma/products/revlon-one-step-volumizer-dryer-and-hot-air-brush
BeautyMarket,Cheveux,Brosses Et Accessoires,ECOTOOLS - MASSEUR DE CUIR CHEVELU STIMULANT,109.00,En stock,N/A,https://beautymarket.ma/products/ecotools-brosse-massage
BeautyMarket,Cheveux,Brosses Et Accessoires,WET BRUSH BROSSE PRO FLEX PALETTE SÈCHE,209.00,En stock,N/A,https://beautymarket.ma/products/brosse-humide-brosse-pro-flex-palette-seche
BeautyMarket,Cheveux,Brosses Et Accessoires,BETER BROSSE CHEVEUX PNEUMATIQUE PLASTIQUE PICOTS PROTEGES POUR ENFANT,82.00,En stock,N/A,https://beautymarket.ma/products/beter-brosse-pneumatique-plastique-picots-proteges-pour-enfant
BeautyMarket,Cheveux,Brosses Et Accessoires,WET BRUSH DISNEY ORIGINAL DETANGLER,120.00,En stock,N/A,https://beautymarket.ma/products/wet-brush-disney-original-detangler
BeautyMarket,Cheveux,Brosses Et Accessoires,REVLON ONE STEP BLOW DRY MULTI STYLER 3 EN 1,1.580,En stock,N/A,https://beautymarket.ma/products/revlon-one-step-blow-dry-multi-styler-3-en-1
BeautyMarket,Cheveux,Brosses Et Accessoires,WET BRUSH ORIGINAL DESTANGLER - LIQUID FLUIDITY ROSE,120.00,En stock,N/A,https://beautymarket.ma/products/wet-brush-original-destangler-liquid-fluidity-rose
BeautyMarket,Cheveux,Brosses Et Accessoires,WET BRUSH PRO DETANGLER BROSSE FLEX DRY BLEU ROYAL,200.00,En stock,N/A,https://beautymarket.ma/products/wet-brush-pro-detangler-brosse-flex-dry-bleu-royal
BeautyMarket,Cheveux,Brosses Et Accessoires,WET BRUSH SPEED DRY BROSSE DE SÉCHAGE RAPIDE & DÉMÊLANTE PROFESSIONNELLE,200.00,En stock,N/A,https://beautymarket.ma/products/wet-brush-brosse-speed-dry
BeautyMarket,Cheveux,Brosses Et Accessoires,WET BRUSH FLEX DRY PADDLE MAUVE – BROSSE DÉMÊLANTE & SÉCHAGE RAPIDE FORMAT LARGE,220.00,En stock,N/A,https://beautymarket.ma/products/wet-brush-flex-dry-paddle-mauve
BeautyMarket,Cheveux,Brosses Et Accessoires,WET BRUSH PRO GRAPHIC MONOCHROME STYLE SET – COFFRET BROSSE & ACCESSOIRES DE COIFFAGE PROFESSIONNEL,420.00,En stock,N/A,https://beautymarket.ma/products/wet-brush-pro-graphic-monochrome-style-set
BeautyMarket,Cheveux,Brosses Et Accessoires,WET BRUSH PRO KIT DE STYLE BIJOUX PASTEL – COFFRET BROSSE & ACCESSOIRES DE COIFFAGE,360.00,En stock,N/A,https://beautymarket.ma/products/wet-brush-pro-kit-de-style-bijoux-pastel
BeautyMarket,Cheveux,Brosses Et Accessoires,WET BRUSH DISNEY 100 ORIGINAL DETANGLER WINNIE THE POOH – BROSSE DÉMÊLANTE ÉDITION LIMITÉE,120.00,En stock,N/A,https://beautymarket.ma/products/wet-brush-disney-original-detangler-winnie
BeautyMarket,Cheveux,Brosses Et Accessoires,REVLON ONE-STEPTM BLOW-DRY MULTI AIR STYLER 5-IN-1,1.800,En stock,N/A,https://beautymarket.ma/products/revlon-one-steptm-blow-dry-multi-air-styler-5-in-1
BeautyMarket,Cheveux,Brosses Et Accessoires,REVLON SMOOTHSTAY COCONUT OIL INFUSED HAIR STRAIGHTENER - BLACK,890.00,En stock,N/A,https://beautymarket.ma/products/revlon-smoothstay-coconut-oil-infused-hair-straightener-black
BeautyMarket,Cheveux,Brosses Et Accessoires,BEBE CONFORT BROSSE BEBE EN BOIS,173.00,En stock,N/A,https://beautymarket.ma/products/bebe-confort-brosse-bebe-en-bois
BeautyMarket,Cheveux,Brosses Et Accessoires,BEBE CONFORT BROSSE ET PEIGNE AVEC MIROIR 0M+,107.00,En stock,N/A,https://beautymarket.ma/products/bebe-confort-brosse-et-peigne-avec-miroir-sweet-artic
BeautyMarket,Cheveux,Brosses Et Accessoires,BEBE CONFORT BROSSE ET PEIGNE MIROIR 0+ LOVELY DONKEY,95.00,En stock,N/A,https://beautymarket.ma/products/bebe-confort-brosse-et-peigne-sailor-bleu-0-36-m
BeautyMarket,Cheveux,Brosses Et Accessoires,REVLON ONE-STEP HAIR DRYER AND VOLUMISER 2-IN-1 PINK EDITION,850.00,En stock,N/A,https://beautymarket.ma/products/revlon-one-step-hair-dryer-and-volumiser-2-in-1-pink-edition
BeautyMarket,Cheveux,Brosses Et Accessoires,BETER ELASTIQUE CHEVEUX NOIR PACK DE 6 REF 19212,25.00,En stock,N/A,https://beautymarket.ma/products/beter-elastique-cheveux-noir-pack-de-6-ref-19212
BeautyMarket,Cheveux,Brosses Et Accessoires,BETER HAIR STYLE ÉLASTIQUES À CHEVEUX - 6 PIÈCES 19213,25.00,En stock,N/A,https://beautymarket.ma/products/beter-hair-style-elastiques-a-cheveux-6-pieces-19213
BeautyMarket,Cheveux,Brosses Et Accessoires,BETER HS ELASTIQUES POUR QUEUE DE CHEVAL - 12 PIÈCES 19215,25.00,En stock,N/A,https://beautymarket.ma/products/beter-hs-elastiques-pour-queue-de-cheval-12-pieces-19215
BeautyMarket,Cheveux,Brosses Et Accessoires,"BETER HAIR STYLE PINCE À GRIFFES DE 3,5 CM - 2 PIÈCES 19235",25.00,En stock,N/A,https://beautymarket.ma/products/beter-hair-style-pince-a-griffes-de-3-5-cm-2-pieces-19235
BeautyMarket,Cheveux,Brosses Et Accessoires,BETER HS ELASTIQUES POUR QUEUE DE CHEVAL À PAILLETTES - 16 PIÈCES 19214,27.00,En stock,N/A,https://beautymarket.ma/products/beter-hs-elastiques-pour-queue-de-cheval-a-paillettes-16-pieces-19214
BeautyMarket,Cheveux,Brosses Et Accessoires,"BETER HAIR STYLE PINCE À GRIFFES DE 5,5 CM 19236",27.00,En stock,N/A,https://beautymarket.ma/products/beter-hair-style-pince-a-griffes-de-5-5-cm-19236
BeautyMarket,Cheveux,Brosses Et Accessoires,"BETER HAIRSTYLE SPIRALE 5 FINITION MATE 3,5 CM 19225",35.00,En stock,N/A,https://beautymarket.ma/products/beter-hs-spirale-5-finition-mate-3-5-cm-19225
BeautyMarket,Cheveux,Brosses Et Accessoires,BETER HAIRSTYLE ENSEMBLE 2 BANDEAUX NOIR ET MARRON REF 19250,30.00,En stock,N/A,https://beautymarket.ma/products/beter-hairstyle-ensemble-2-bandeaux-noir-et-marron-ref-19250
BeautyMarket,Cheveux,Brosses Et Accessoires,BETER HAIRSTYLE BARRETTES CHEVEUX X 5 CM - 8 PIÈCES 19216,25.00,En stock,N/A,https://beautymarket.ma/products/beter-hairstyle-barrettes-cheveux-x-5-cm-8-pieces
BeautyMarket,Cheveux,Brosses Et Accessoires,"BETER HAIRSTYLE PINCE À GRIFFES DE 1,8 CM - 6 PIÈCES 19233",35.00,En stock,N/A,https://beautymarket.ma/products/beter-hairstyle-pince-a-griffes-de-1-8-cm-6-pieces
BeautyMarket,Cheveux,Brosses Et Accessoires,"BETER HAIRSTYLE PINCE À GRIFFES DE 2,5 CM - 4 PIÈCES 19234",32.00,En stock,N/A,https://beautymarket.ma/products/beter-hairstyle-pince-a-griffes-de-2-5-cm-4-pieces-19234
BeautyMarket,Cheveux,Brosses Et Accessoires,"BETER HAIRSTYLE PINCE À GRIFFES 7,5 CM ÉCAILLE 19238",39.00,En stock,N/A,https://beautymarket.ma/products/beter-hairstyle-pince-a-griffes-7-5-cm-ecaille-19238
BeautyMarket,Cheveux,Brosses Et Accessoires,BETER HAIRSTYLE PINCES À GRIFFES- 10 PIÈCES 19209,35.00,En stock,N/A,https://beautymarket.ma/products/beter-hairstyle-pinces-a-griffes-10-pieces-19209
BeautyMarket,Cheveux,Brosses Et Accessoires,BETER HAIRSTYLE ÉLASTIQUE QUEUE DE CHEVAL - 20 PIÈCES 19207,25.00,En stock,N/A,https://beautymarket.ma/products/beter-hairstyle-elastique-queue-de-cheval-20-pieces-19207
BeautyMarket,Cheveux,Brosses Et Accessoires,BETER HAIRSTYLE PINCE À GRIFFES NOIR MAT 2 PIÈCES 19237,30.00,En stock,N/A,https://beautymarket.ma/products/beter-hairstyle-pince-a-griffes-noir-mat-19237
BeautyMarket,Cheveux,Brosses Et Accessoires,BETER HAIRSTYLE PINCE À GRIFFES ÉCAILLE 9 CM 19239,30.00,En stock,N/A,https://beautymarket.ma/products/beter-hairstyle-pince-a-griffes-ecaille-9-cm-19239
BeautyMarket,Cheveux,Brosses Et Accessoires,"BETER HAIRSTYLE CLIC CLAC 5,5CM 2PCS NOIR ET 2PCS ÉCAILLE (TOTAL 4PCS) 19232",35.00,En stock,N/A,https://beautymarket.ma/products/beter-hairstyle-clic-clac-5-5cm-2pcs-noir-et-2pcs-ecaille-total-4pcs-19232
BeautyMarket,Cheveux,Brosses Et Accessoires,BETER HAIRSTYLE TRESSE ÉLASTIQUE 4 PIÈCES 19226,30.00,En stock,N/A,https://beautymarket.ma/products/beter-hairstyle-tresse-elastique-4-pieces-19226
BeautyMarket,Cheveux,Brosses Et Accessoires,BETER HAIRSTYLE ORNEMENT DE CHEVEUX 19204,30.00,En stock,N/A,https://beautymarket.ma/products/beter-hairstyle-ornement-de-cheveux-19204
BeautyMarket,Cheveux,Brosses Et Accessoires,BETER HAIRSTYLE ÉLASTIQUE QUEUE DE CHEVAL - 10 PIÈCES 19206,25.00,En stock,N/A,https://beautymarket.ma/products/beter-hairstyle-elastique-queue-de-cheval-10-pieces-19206
BeautyMarket,Cheveux,Brosses Et Accessoires,"BETER HAIRSTYLE ÉLASTIQUES AVEC NŒD - 8,5CM 4PIÈCES 19223",35.00,En stock,N/A,https://beautymarket.ma/products/beter-hairstyle-4-elastiques-avec-noed-8-5cm-19223
BeautyMarket,Cheveux,Brosses Et Accessoires,BETER HAIRSTYLE ÉPINGLE À CHEVEUX - 8 PIÈCES 19229,30.00,En stock,N/A,https://beautymarket.ma/products/beter-hairstyle-epingle-a-cheveux-8-pieces-19229
BeautyMarket,Cheveux,Brosses Et Accessoires,BETER HAIRSTYLE ÉLASTIQUES À CHEVEUX - 6 PIÈCES 19205,35.00,En stock,N/A,https://beautymarket.ma/products/beter-hairstyle-elastiques-a-cheveux-6-pieces-19205
BeautyMarket,Cheveux,Brosses Et Accessoires,BETER HAIRSTYLE PINCE À CHEVEUX - 6 PIÈCES 19202,25.00,En stock,N/A,https://beautymarket.ma/products/beter-hairstyle-pince-a-cheveux-4-pieces-2-types-hibou-et-renard-19202
BeautyMarket,Cheveux,Brosses Et Accessoires,BETER HAIRSTYLE PINCE À CHEVEUX RECTANGULAIRE 5CM 2 PIÈCES 19241,30.00,En stock,N/A,https://beautymarket.ma/products/beter-hairstyle-pince-a-cheveux-rectangulaire-5cm-2-pieces-19241
BeautyMarket,Cheveux,Brosses Et Accessoires,"BETER HAIRSTYLE PINCE À CHEVEUX ÉCAILLE 6,5CM 19240",30.00,En stock,N/A,https://beautymarket.ma/products/beter-hairstyle-pince-a-cheveux-ecaille-6-5cm-19241
BeautyMarket,Cheveux,Brosses Et Accessoires,BETER HAIRSTYLE BANDEAU VOLUME 19251,35.00,En stock,N/A,https://beautymarket.ma/products/beter-hairstyle-bandeau-volume-19251
BeautyMarket,Cheveux,Brosses Et Accessoires,BETER HAIRSTYLE CHOUCHOU EN ORGANZA - 2 PIÉCES 19227,35.00,En stock,N/A,https://beautymarket.ma/products/beter-hairstyle-chouchou-en-organza-3-pieces-19227
BeautyMarket,Cheveux,Brosses Et Accessoires,BETER HAIRSTYLE 4 CLIPS OVALES ÉPOXY 19230,30.00,En stock,N/A,https://beautymarket.ma/products/beter-hairstyle-4-clips-ovales-epoxy-19230
BeautyMarket,Cheveux,Brosses Et Accessoires,BETER HAIRSTYLE PINCES À CHEVEUX 4 CM - 10 PIÈCES 19208,25.00,En stock,N/A,https://beautymarket.ma/products/beter-hairstyle-pinces-a-cheveux-4-cm-10-pieces-19208
BeautyMarket,Cheveux,Brosses Et Accessoires,"BETER HAIRSTYLE PINCE FRANÇAISE 9,5CM - 1 PIÈCE 19231",25.00,En stock,N/A,https://beautymarket.ma/products/beter-hairstyle-pince-francaise-9-5cm-1-piece-19231
BeautyMarket,Cheveux,Brosses Et Accessoires,BETER HAIRSTYLE ÉLASTIQUE QUEUE DE CHEVAL 9 PIÈCES 19201,49.00,En stock,N/A,https://beautymarket.ma/products/beter-hairstyle-elastique-queue-de-cheval-8-pieces-19201
BeautyMarket,Cheveux,Brosses Et Accessoires,"BETER HAIRSTYLE CHOUCHOU ÉLASTIQUE AVEC NOUD, 6 PIÈCES 19224",38.00,En stock,N/A,https://beautymarket.ma/products/beter-hairstyle-chouchou-elastique-avec-noud-6-pieces-19224
BeautyMarket,Cheveux,Brosses Et Accessoires,BETER HAIRSTYLE PINCE A CHEVEUX 8 CM FORME COQUILLE 19252,35.00,En stock,N/A,https://beautymarket.ma/products/beter-hairstyle-pince-a-cheveux-8-cm-forme-coquille-19252
BeautyMarket,Cheveux,Brosses Et Accessoires,BETER HAIRSTYLE PACK DE MINI ELASTIQUES 100 UNITES NOIR - 19260,55.00,En stock,N/A,https://beautymarket.ma/products/beter-hairstyle-beter-pack-de-mini-elastiques-100-unites-19260
BeautyMarket,Cheveux,Brosses Et Accessoires,BETER HAIRSTYLE PACK DE MINI ELASTIQUES 100 UNITES MARRON - 19261,55.00,En stock,N/A,https://beautymarket.ma/products/beter-hairstyle-pack-de-mini-elastiques-100-unites-19261
BeautyMarket,Cheveux,Brosses Et Accessoires,BETER HAIRSTYLE PACK DE MINI ELASTIQUES 100 UNITES PASTEL - 19262,55.00,En stock,N/A,https://beautymarket.ma/products/beter-hairstyle-pack-de-mini-elastiques-100-unites-pastel-19262
BeautyMarket,Cheveux,Brosses Et Accessoires,"BETER HAIRSTYLE 12 BARRETTES À CHEVEUX, BRONZE 17236",15.00,En stock,N/A,https://beautymarket.ma/products/beter-hairstyle-12-barrettes-a-cheveux-bronze-17236
BeautyMarket,Cheveux,Brosses Et Accessoires,BETER HAIRSTYLE 12 ÉPINGLES À CHEVEUX PLATES NOIRES (6 CM) 17243,15.00,En stock,N/A,https://beautymarket.ma/products/beter-hairstyle-12-epingles-a-cheveux-plates-noires-6-cm-17243
BeautyMarket,Cheveux,Brosses Et Accessoires,BETER HAIRSTYLE COFFEE O'CLOCK BANDEAU DE CHEVEUX 22285,42.00,En stock,N/A,https://beautymarket.ma/products/beter-hairstyle-coffee-oclock-bandeau-de-cheveux-22285
BeautyMarket,Cheveux,Brosses Et Accessoires,BETER HAIRSTYLE BANDEAU CHEVEUX NOIR CLASSIQUE 19253,30.00,En stock,N/A,https://beautymarket.ma/products/beter-hairstyle-bandeau-cheveux-noir-classique-19253
BeautyMarket,Cheveux,Brosses Et Accessoires,"BETER HAIRSTYLE ÉPINGLES À CHEVEUX 6CM, 12 PIÈCES 17244",15.00,En stock,N/A,https://beautymarket.ma/products/beter-hairstyle-epingles-a-cheveux-6cm-12-pieces
BeautyMarket,Cheveux,Brosses Et Accessoires,"BETER HAIRSTYLE ÉPINGLES À CHEVEUX 5CM, 12 PIÈCES 17241",15.00,En stock,N/A,https://beautymarket.ma/products/beter-hairstyle-epingles-a-cheveux-5cm-12-pieces-17241
BeautyMarket,Cheveux,Brosses Et Accessoires,"BETER HAIRSTYLE ÉPINGLES À CHEVEUX 5CM, 12 PIÈCES 17242",15.00,En stock,N/A,https://beautymarket.ma/products/beter-hairstyle-epingles-a-cheveux-5cm-12-pieces-17242
BeautyMarket,Cheveux,Brosses Et Accessoires,BETER HAIRSTYLE COFFEE O'CLOCK SERVIETTE TURBAN DE CHEVEUX 22286,62.00,En stock,N/A,https://beautymarket.ma/products/beter-hairstyle-coffee-oclock-serviette-turban-de-cheveux-22286
BeautyMarket,Cheveux,Brosses Et Accessoires,"BETER HAIRSTYLE EPINGLES DE COIFFAGE 6CM, 12 PIÈCES 17235",15.00,En stock,N/A,https://beautymarket.ma/products/beter-hairstyle-epingles-de-coiffage-6cm-12-pieces
BeautyMarket,Cheveux,Brosses Et Accessoires,RELOVE DETAILED EYE BRUSH,45.00,En stock,N/A,https://beautymarket.ma/products/relove-detailed-eye-brush
BeautyMarket,Cheveux,Brosses Et Accessoires,RELOVE FLAT CREASE EYE BRUSH,45.00,En stock,N/A,https://beautymarket.ma/products/relove-flat-crease-eye-brush
BeautyMarket,Cheveux,Brosses Et Accessoires,RELOVE FLAT FOUNDATION BRUSH,89.00,En stock,N/A,https://beautymarket.ma/products/relove-flat-foundation-brush
BeautyMarket,Cheveux,Brosses Et Accessoires,RELOVE FLUFFY BLENDING BRUSH,65.00,En stock,N/A,https://beautymarket.ma/products/relove-fluffy-blending-brush
BeautyMarket,Cheveux,Brosses Et Accessoires,RELOVE PIGMENT BLENDING BRUSH,45.00,En stock,N/A,https://beautymarket.ma/products/relove-pigment-blending-brush
BeautyMarket,Solaire,Solaire,LA ROCHE-POSAY ANTHELIOS BRUME SOLAIRE INVISIBLE SPF 50 – 75 ML,149.00,En stock,N/A,https://beautymarket.ma/products/la-roche-posay-anthelios-brume-fraiche-invisible-spf-50-75-ml
BeautyMarket,Solaire,Solaire,EUCERIN SUN PROTECTION PHOTOAGING CONTROL FLUID SPF 50 - 50ML,229.00,En stock,N/A,https://beautymarket.ma/products/eucerin-sun-protection-photoaging-control-fluid-spf-50-50ml
BeautyMarket,Solaire,Solaire,DAYLONG GEL CREME SENSIBLE 100 ML SPF 50+,308.00,En stock,N/A,https://beautymarket.ma/products/daylong-sensitive-creme-gel-spf50-100-ml
BeautyMarket,Solaire,Solaire,SKIN 1004CENTELLA HYALU CICA WATER FIT SUN SERUM SPF 50+ PA 50+ ML,320.00,En stock,N/A,https://beautymarket.ma/products/skin-1004centella-hyalu-cica-water-fit-sun-serum-spf-50-pa-50-ml
BeautyMarket,Solaire,Solaire,EUCERIN SENSITIVE PROTECT SUN CRÈME SPF 50+ 50ML,185.00,En stock,N/A,https://beautymarket.ma/products/eucerin-ecran-ultra-protection-50
BeautyMarket,Solaire,Solaire,REVOX B77 JUST DAILY SUN SHIELD FILTRES UVA+UVB SPF50+ AVEC ACIDE HYALURONIQUE 30 ML,95.00,En stock,N/A,https://beautymarket.ma/products/just-daily-sun-shield-uva-uvb-filters-spf50-with-hyaluronic-acid-30-ml
BeautyMarket,Solaire,Solaire,CURASKIN CURASUN ECRAN INVISIBLE SPF50+ 50ML,214.00,En stock,N/A,https://beautymarket.ma/products/curaskin-curasun-ecran-invisible-spf50-50ml
BeautyMarket,Solaire,Solaire,ISDIN FOTOPROTECTEUR FUSION FLUIDE MINERAL 50ML,325.00,En stock,N/A,https://beautymarket.ma/products/fotoprotecteur-fusion-fluide-mineral-50ml
BeautyMarket,Solaire,Solaire,EUCERIN PACK SUN PROTECTION OIL CONTROL GEL-CRÈME SPF50+ 50 ML = AQUAPHOR 4ML + HYDRO PROTECT 5ML OFFERTS,219.00,En stock,N/A,https://beautymarket.ma/products/eucerin-pack-sun-protection-oil-control-gel-creme-spf50-50-ml-2-sun-protection-format-voyage-offerts
BeautyMarket,Solaire,Solaire,CENTAUREA CRÈME SOLAIRE INVISIBLE SPF50+ 125ML,280.00,En stock,N/A,https://beautymarket.ma/products/centaurea-creme-solaire-invisible-spf50-125ml
BeautyMarket,Solaire,Solaire,SENSILIS SUN SECRET WATER ULTRA FLUIDE SPF50+ 40ML,299.00,En stock,N/A,https://beautymarket.ma/products/sensilis-sun-secret-water-ultra-fluide-spf50-40ml
BeautyMarket,Solaire,Solaire,SVR SENSIFINE AR CRÈME SPF 50+ 40ML,289.00,En stock,N/A,https://beautymarket.ma/products/sensifine-ar-creme-spf-50-40ml
BeautyMarket,Solaire,Solaire,LA ROCHE-POSAY ANTHELIOS MINERAL ONE SPF 50+ 01 CLAIRE – 30ML,170.00,En stock,N/A,https://beautymarket.ma/products/la-roche-posay-anthelios-mineral-one-spf-50-01-claire-30ml
BeautyMarket,Solaire,Solaire,ZIAJA MANUKA TREE CREME DE JOUR PMG 50ML,129.00,En stock,N/A,https://beautymarket.ma/products/ziaja-manuka-tree-creme-de-jour-pmg-50ml
BeautyMarket,Solaire,Solaire,DAYLONG GEL CREME SENSIBLE SPF 50+ 50ML,225.00,En stock,N/A,https://beautymarket.ma/products/daylong-face-sensitive-gel-fluide-spf50-50-ml
BeautyMarket,Solaire,Solaire,ACM DÉPIWHITE M SPF 50+ – 40 ML,235.00,En stock,N/A,https://beautymarket.ma/products/acm-depiwhite-m-spf-50-40-ml
BeautyMarket,Solaire,Solaire,GLEAMY ECRAN SOLAIRE INVISIBLE SPF50+ ANTI TACHES 50 ML,250.00,En stock,N/A,https://beautymarket.ma/products/gleamy-ecran-solaire-invisible-spf50-anti-taches-50-ml
BeautyMarket,Solaire,Solaire,CAUDALIE VINOSUN PROTECT STICK INVISIBLE SPF 50,195.00,En stock,N/A,https://beautymarket.ma/products/caudalie-vinosun-protect-stick-invisible-spf-50
BeautyMarket,Solaire,Solaire,DAYLONG EXTREME LOTION SOLAIRE SPF50+ 50 ML,225.00,En stock,N/A,https://beautymarket.ma/products/daylong-extreme-lotion-solaire-spf50-50-ml
BeautyMarket,Solaire,Solaire,AVENE SUNSIMED KA BLUE LIGHT SPF 50+ 80 ML,399.00,En stock,N/A,https://beautymarket.ma/products/avene-sunsimed-ka-blue-light-80-ml
BeautyMarket,Solaire,Solaire,ISDIN FOTOPROTECTOR TRANSPARENT SPRAY WET SKIN PEDIATRICS SPF 50,299.00,En stock,N/A,https://beautymarket.ma/products/isdin-fotoprotector-transparent-spray-wet-skin-pediatrics-spf-50
BeautyMarket,Solaire,Solaire,ISDIN FOTOPROTECTOR SPRAY TRANSPARENT ADULTE SPF50 250ML,260.00,En stock,N/A,https://beautymarket.ma/products/fotoprotector-spray-transparent-adulte-spf50-250ml
BeautyMarket,Solaire,Solaire,ISDIN FOTOPROTECTOR GEL CREAM SPF 50+ GEL CRÈME PROTECTEUR CORPS,289.00,En stock,N/A,https://beautymarket.ma/products/fotoprotector-gel-cream-spf-50-gel-creme-protecteur-corps
BeautyMarket,Solaire,Solaire,D-WHITE CRÈME SOLAIRE TEINTÉE MEDIUM SPF50 – 50ML,219.00,En stock,N/A,https://beautymarket.ma/products/d-white-creme-solaire-teintee-clair-spf50-50ml
BeautyMarket,Solaire,Solaire,DERMACEUTIC – SUN CEUTIC 50 PROTECTION SOLAIRE ANTI-ÂGE – 50 ML,319.00,En stock,N/A,https://beautymarket.ma/products/dermaceutic-sun-ceutic-50-protection-solaire-anti-age-50-ml
BeautyMarket,Solaire,Solaire,DUCRAY FLUIDE ANTI-IMPERFECTIONS KERACNYL UV 50 ML,269.00,En stock,N/A,https://beautymarket.ma/products/ducray-fluide-anti-imperfections-keracnyl-uv-50-ml
BeautyMarket,Solaire,Solaire,ISDIN FOTOPROTECTOR GEL CREAM PEDIATRICS SPF 50+ 250ML,356.00,En stock,N/A,https://beautymarket.ma/products/isdin-fotoprotector-gel-cream-pediatrics-spf-50-250ml
BeautyMarket,Solaire,Solaire,NEW DERM ECRAN OPALE SPF 50+,210.00,En stock,N/A,https://beautymarket.ma/products/new-derm-ecran-spf-50-opale
BeautyMarket,Solaire,Solaire,NIVEA SUN SPRAY PROTECT & HYDRATE SPF 50+ TRIGGER 270ML,199.00,En stock,N/A,https://beautymarket.ma/products/nivea-sun-sunscreen-protects-and-moisturizes-spray-spf50
BeautyMarket,Solaire,Solaire,FOTOPROTECTOR ISDIN LOTION SPRAY PEDIATRICS SPF 50,499.00,En stock,N/A,https://beautymarket.ma/products/fotoprotector-isdin-lotion-spray-pediatrics-spf-50
BeautyMarket,Solaire,Solaire,EUCERIN – SUN PROTECTION PHOTOAGING CONTROL TEINTÉE SPF50+ – 50 ML,255.00,En stock,N/A,https://beautymarket.ma/products/eucerin-sun-protection-photoaging-control-cc-creme-medium-teintee-spf50-50-ml
BeautyMarket,Solaire,Solaire,ALPHANOVA DAILY SUN CREME SOLAIRE VISAGE SPF 50+ SUN GLOW 50 ML,289.00,En stock,N/A,https://beautymarket.ma/products/alphanova-daily-sun-spf-50-creme-solaire-visage-sun-glow-150-ml-1
BeautyMarket,Solaire,Solaire,ISISPHARMA NEOTONE RADIANCE SPF 50+-30ML,570.00,En stock,N/A,https://beautymarket.ma/products/isispharma-neotone-radiance-spf-50
BeautyMarket,Solaire,Solaire,BIODERMA PHOTODERM XDEFENSE ULTRA FLUID SPF 50+ INVISIBLE 40ML,209.00,En stock,N/A,https://beautymarket.ma/products/bioderma-photoderm-xdefense-ultra-fluid-spf-50-invisible-40ml
BeautyMarket,Solaire,Solaire,CANTABRIA HELIOCARE 360 SPORT ECRAN STICK TRANSPARENT,249.00,En stock,N/A,https://beautymarket.ma/products/cantabria-heliocare-360-sport-ecran-stick-transpirant
BeautyMarket,Solaire,Solaire,ISISPHARMA RUBORIL EXPERT SPF 50+ TEINTE 40ML,221.00,En stock,N/A,https://beautymarket.ma/products/isispharma-ruboril-expert-spf-50-teinte-40ml
BeautyMarket,Solaire,Solaire,DERMADOC SKIN FACE ÉCRAN SOLAIRE INVISIBLE ANTI-TACHES SPF50 – 50ML,192.00,En stock,N/A,https://beautymarket.ma/products/dermadoc-skin-face-ecran-solaire-invisible-anti-taches-spf50-50ml
BeautyMarket,Solaire,Solaire,NIVEA SUN KIDS CRÈME SOLAIRE PROTECT & HYDRATE SPF50+ 200ML,199.00,En stock,N/A,https://beautymarket.ma/products/nivea-sun-kids-creme-solaire-protect-hydrate-spf50-200ml
BeautyMarket,Solaire,Solaire,L'OREAL PARIS GLYCOLIC-BRIGHT ANTI-DARK SPOT DAILY UV FLUID SPF50 50ML = COFFRET GUASHA OFFERT,135.00,En stock,N/A,https://beautymarket.ma/products/loreal-paris-glycolic-bright-anti-dark-spot-daily-uv-fluid-spf50-50ml
BeautyMarket,Solaire,Solaire,NEW DERM ÉCRAN SOLAIRE INVISIBLE SPF 50+ 40ML,199.00,En stock,N/A,https://beautymarket.ma/products/new-derm-ecran-solaire-invisible-spf-50-40ml
BeautyMarket,Solaire,Solaire,LA ROCHE POSAY ANTHELIOS UVMUNE 400 DERMO-PEDIATRICS FLUIDE INVISIBLE,199.00,En stock,N/A,https://beautymarket.ma/products/anthelios-uvmune-400-dermo-pediatrics-fluide-invisible-sans-parfum-spf50
BeautyMarket,Solaire,Solaire,CETAPHIL SUN LIPOSOMAL LOTION 50 ML SPF 50+ PEAUX SENSIBLES 50ML,199.00,En stock,N/A,https://beautymarket.ma/products/cetaphil-sun-liposomal-lotion-100-ml-spf-50-peaux-sensibles
BeautyMarket,Solaire,Solaire,TOCOBO COTTON SOFT SUN STICK SPF50,250.00,En stock,N/A,https://beautymarket.ma/products/tocobo-cotton-soft-sun-stick-spf50
BeautyMarket,Solaire,Solaire,ZENSKA ECRAN SOLAIRE FLUIDE TOUCHER SEC SPF 50+ ANTI TACHES 50 ML,189.00,En stock,N/A,https://beautymarket.ma/products/zenska-ecran-solaire-fluide-toucher-sec-spf-50-anti-taches-50-ml
BeautyMarket,Solaire,Solaire,ECLADERM ECRAN SOLAIRE ANTI TACHES 50 SPF,160.00,En stock,N/A,https://beautymarket.ma/products/ecladerm-ecran-solaire-anti-taches-50-spf
BeautyMarket,Solaire,Solaire,ZIAJA ECRAN MATIFIANTE INVISIBLE SPF 50+ 50ML,158.00,En stock,N/A,https://beautymarket.ma/products/ziaja-med-ecran-solaire-teinte-natuelle-spf50-50ml
BeautyMarket,Solaire,Solaire,CANTABRIA HELIOCARE 360º PEDIATRICS ATOPIC LOTION SPRAY SPF 50 250ML,240.00,En stock,N/A,https://beautymarket.ma/products/heliocare-360%C2%BA-pediatrics-atopic-lotion-spray-spf-50-250ml
BeautyMarket,Solaire,Solaire,DERMINA SUNLINA FLUIDE ULTRA LEGER SPF 50+ INVISIBLE 50 ML,229.00,En stock,N/A,https://beautymarket.ma/products/dermina-sunlina-fluide-ultra-leger-spf-50-invisible-50-ml
BeautyMarket,Solaire,Solaire,NEW DERM ECRAN SPF 50+ BEIGE DORE,210.00,En stock,N/A,https://beautymarket.ma/products/new-derm-ecran-spf-50-beige-dore
BeautyMarket,Solaire,Solaire,DERMALIFT SUNLIFT FLUIDE MATIFIANT 50+50ML,235.00,En stock,N/A,https://beautymarket.ma/products/dermalift-sunlift-fluide-matifiant-5050ml
BeautyMarket,Solaire,Solaire,AVENE SOLAIRE EAU THERMAL SPRAY SPF50+ 200 ML,359.00,En stock,N/A,https://beautymarket.ma/products/avene-solaire-eau-thermal-spray-spf50-200-ml
BeautyMarket,Solaire,Solaire,LA ROCHE-POSAY ANTHELIOS MINERAL ONE SPF 50+ 02 MOYENNE 30ML,162.00,En stock,N/A,https://beautymarket.ma/products/la-roche-posay-anthelios-mineral-one-spf-50-02-moyenne-30ml
BeautyMarket,Solaire,Solaire,ISDIN FOTOPROTECTOR FUSION FLUID SPF 50+,200.00,En stock,N/A,https://beautymarket.ma/products/isdin-fotoprotector-fusion-fluid-spf-50
BeautyMarket,Solaire,Solaire,CHOLLEY ALPINE ECRAN SOLAIRE SPF50 50ML,299.00,En stock,N/A,https://beautymarket.ma/products/cholley-alpine-ecran-solaire-spf50-50ml
BeautyMarket,Solaire,Solaire,ISDIN ERYFOTONA AK-NMSC FLUID SPF100 + 50ML,379.00,En stock,N/A,https://beautymarket.ma/products/isdin-eryfotona-ak-fluid-spf100-50ml
BeautyMarket,Solaire,Solaire,ECLIN ECRAN SOLAIRE INVISIBLE SPF50+ 50ML,149.00,En stock,N/A,https://beautymarket.ma/products/eclin-ecran-solaire-invisible-spf50-50ml
BeautyMarket,Solaire,Solaire,FILORGA UV-DEFENCE SOIN SOLAIRE URBAIN SPF50+ – 40 ML,358.00,En stock,N/A,https://beautymarket.ma/products/filorga-uv-defence-soin-solaire-urbain-spf50-40-ml
BeautyMarket,Solaire,Solaire,ISISPHARMA UVEBLOCK 80 INVISIBLE CREAM 40 ML,192.00,En stock,N/A,https://beautymarket.ma/products/isis-uveblock-80-invisible-cream-40-ml
BeautyMarket,Solaire,Solaire,GARNIER SUPER UV INVISIBLE AIR-MIST SUNSCREEN 75ML,95.00,En stock,N/A,https://beautymarket.ma/products/garnier-super-uv-invisible-air-mist-sunscreen
BeautyMarket,Solaire,Solaire,CANTABRIA HELIOCARE 360° GEL OIL-FREE BEIGE SPF50+ 50ML,299.00,En stock,N/A,https://beautymarket.ma/products/heliocare-360-gel-oil-free-beige-spf50-50ml
BeautyMarket,Solaire,Solaire,ZENSKA ÉCRAN SOLAIRE INVISIBLE 50ML,200.00,En stock,N/A,https://beautymarket.ma/products/ecran-solaire-invisible-50ml
BeautyMarket,Solaire,Solaire,AVENE CICALFATE+ SPF 50+ CREME REPARATRICE MULTI PROTECTRICE 30 ML,189.00,En stock,N/A,https://beautymarket.ma/products/avene-cicalfate-spf-50-creme-reparatrice-multi-protectrice-30-ml
BeautyMarket,Solaire,Solaire,AXIS-Y COMPLETE NO-STRESS PHYSICAL SUNSCREEN SPF 50+ - 50ML,311.00,En stock,N/A,https://beautymarket.ma/products/axis-y-complete-no-stress-physical-sunscreen-spf-50-50ml
BeautyMarket,Solaire,Solaire,ISDIN FOTOPROTECTOR PEDIATRICS FUSION FLUID MINÉRAL BABY SPF50 50 ML,299.00,En stock,N/A,https://beautymarket.ma/products/isdin-isdin-fotoprotector-pediatrics-fusion-fluid-mineral-baby-spf-50-50-ml
BeautyMarket,Solaire,Solaire,DEPILIA ECRAN FLUIDE SPF 50+,152.00,En stock,N/A,https://beautymarket.ma/products/depilia-ecran-fluide-spf-50
BeautyMarket,Solaire,Solaire,ISDIN TEEN SKIN ACNIBEN + SPRAY BOUTONS DU CORPS 150 ML,265.00,En stock,N/A,https://beautymarket.ma/products/isdin-teen-skin-acniben-spray-boutons-du-corps-150-ml
BeautyMarket,Solaire,Solaire,CAPIDERMA – CAPISUN CRÈME SOLAIRE INVISIBLE SPF50+ – 50 ML,225.00,En stock,N/A,https://beautymarket.ma/products/capiderma-capisun-creme-solaire-invisible-spf50-50-ml
BeautyMarket,Solaire,Solaire,VITA CITRAL SOIN ANTI TACHES CRÈME ÉCLAIRCISSANTE ANTI-ÂGE 75 ML,199.00,En stock,N/A,https://beautymarket.ma/products/vita-citral-soin-anti-taches-creme-eclaircissante-anti-age-75-ml
BeautyMarket,Solaire,Solaire,NIVEA SUN SPRAY PROTECT HYDRA 200ML,189.00,En stock,N/A,https://beautymarket.ma/products/nivea-sun-spray-protect-hydra-200ml
BeautyMarket,Solaire,Solaire,DAYLONG SPORT CRÈME-HYDROGEL SOLAIRE SPF50 50ML,166.00,En stock,N/A,https://beautymarket.ma/products/daylong-sport-creme-hydrogel-solaire-spf50-50ml
BeautyMarket,Solaire,Solaire,SPRAY SOLAIRE SENSITIVE BABIES & KIDS FPS 50+,199.00,En stock,N/A,https://beautymarket.ma/products/spray-solaire-sensitive-babies-kids-fps-50
BeautyMarket,Solaire,Solaire,ZIAJA SUN LAIT SOLAIRE POUR ENFANT SPF50 125ML,145.00,En stock,N/A,https://beautymarket.ma/products/ziaja-sun-lait-solaire-pour-enfant
BeautyMarket,Solaire,Solaire,MAGICLEAR CRÈME SOLAIRE SPF 50+ PA+++,255.00,En stock,N/A,https://beautymarket.ma/products/magiclear-creme-solaire-spf-50-pa-1
BeautyMarket,Solaire,Solaire,LA ROCHE POSAY ANTHELIOS UV MUNE 400 DERMO-PEDIATRICS SPRAY INVISIBLE SPF50 200ML,309.00,En stock,N/A,https://beautymarket.ma/products/la-roche-posay-anthelios-uv-mune-400-dermo-pediatrics-spray-invisible-spf50
BeautyMarket,Solaire,Solaire,SESDERMA REPASKIN SUN FLUIDE INVISIBLE SPF50 50ML,390.00,En stock,N/A,https://beautymarket.ma/products/sesderma-repaskin-sun-fluide-invisible-spf50-50ml
BeautyMarket,Solaire,Solaire,DAYLONG SENSITIVE FACE FLUIDE SOLAIRE RÉGULATEUR SPF50 – 50ML,209.00,En stock,N/A,https://beautymarket.ma/products/daylong-sensitive-face-fluide-solaire-regulateur-spf50-50ml
BeautyMarket,Solaire,Solaire,D-BIOTIC VELVET TOUCHER SEC PEAUX À IMPERFECTIONS 50ML,290.00,En stock,N/A,https://beautymarket.ma/products/d-biotic-velvet-toucher-sec-peaux-a-imperfections-50ml
BeautyMarket,Solaire,Solaire,LA ROCHE-POSAY ANTHELIOS MINERAL ONE SPF 50+ 03 BRONZE – 30ML,170.00,En stock,N/A,https://beautymarket.ma/products/la-roche-posay-anthelios-mineral-one-spf-50-03-bronze-30ml
BeautyMarket,Solaire,Solaire,SOMEBYMI V 10 HYAL AIR FIT SUNSCREEN SPF 50+ 50ML,262.00,En stock,N/A,https://beautymarket.ma/products/somebymi-v-10-hyal-air-fit-sunscreen-spf-50-50ml
BeautyMarket,Solaire,Solaire,CENTAUREA CRÈME SOLAIRE INVISIBLE SPF50+,210.00,En stock,N/A,https://beautymarket.ma/products/centaurea-creme-solaire-invisible-spf50
BeautyMarket,Solaire,Solaire,HT CEUTIC PROTEK SPF50+ 50ML,450.00,En stock,N/A,https://beautymarket.ma/products/ht-ceutic-protek-spf50-50ml
BeautyMarket,Solaire,Solaire,ALPHANOVA DAILY SUN SPF 50+ STICK LEVRE HYDRATANT 4 G,99.00,En stock,N/A,https://beautymarket.ma/products/alphanova-daily-sun-spf-50-stick-levre-hydratant-4-g
BeautyMarket,Solaire,Solaire,SKIN 1004 MADAGASCAR CENTELLA TONE UP SUNSCREEN SPF 50+PA++++ 50 ML,339.00,En stock,N/A,https://beautymarket.ma/products/skin-1004-madagascar-centella-tone-up-sunscreen-spf-50-pa-50-ml
BeautyMarket,Solaire,Solaire,SESDERMA REPASKIN SPRAY TRANSPARENT SPF 50,360.00,En stock,N/A,https://beautymarket.ma/products/sesderma-repaskin-spray-transparent-spf-50
BeautyMarket,Solaire,Solaire,MESOESTETIC MELAN 130+ PIGMENT CONTROL – 50 ML = TROUSSE OFFERTE,440.00,En stock,N/A,https://beautymarket.ma/products/mesoestetic-melan-130-pigment-control-50-ml
BeautyMarket,Solaire,Solaire,NIVEA LAIT PROTECTEUR PROTECT & HYDRATE SPF 50+,179.00,En stock,N/A,https://beautymarket.ma/products/nivea-lait-protecteur-protect-hydrate-spf-50
BeautyMarket,Solaire,Solaire,MDC SYNERGY OILY SKIN ÉCRAN SOLAIRE SPF50+ PEAUX GRASSES 50ML,180.00,En stock,N/A,https://beautymarket.ma/products/mdc-synergy-oily-skin-ecran-solaire-spf50-peaux-grasses-50ml
BeautyMarket,Solaire,Solaire,ISDIN FOTOPROTECTOR FUSION WATER PEDIATRICS 50+,299.00,En stock,N/A,https://beautymarket.ma/products/fotoprotector-isdin-fusionwater-pediatrics-50
BeautyMarket,Solaire,Solaire,NATURALIA ECRAN SOLAIRE INVISIBLE 50 ML SPF 50,159.00,En stock,N/A,https://beautymarket.ma/products/naturalia-ecran-solaire-invisible-50-ml-spf-50
BeautyMarket,Solaire,Solaire,COVERMARK RAYBLOCK NORMAL FACE PLUS SPF50+ – 50 ML,239.00,En stock,N/A,https://beautymarket.ma/products/covermark-rayblock-face-plus-spf50-50-ml
BeautyMarket,Solaire,Solaire,ECLIN CREME SOLAIRE SPF 50+ ANTI TACHES 50 ML,199.00,En stock,N/A,https://beautymarket.ma/products/eclin-creme-solaire-spf-50-anti-taches-50-ml
BeautyMarket,Solaire,Solaire,DAYLONG KIDS LAIT SOLAIRE SPF50 – 150ML,266.00,En stock,N/A,https://beautymarket.ma/products/daylong-kids-lait-solaire-spf50-150ml
BeautyMarket,Solaire,Solaire,ENEOMEY – SUNLIGHT SCREEN 50+ – 50 ML,450.00,En stock,N/A,https://beautymarket.ma/products/eneomey-sunlight-screen-50-50-ml
BeautyMarket,Solaire,Solaire,D-BIOTIC SEBIOTIC ECRAN SOLAIRE MATIFIANT SPF50+ 50ML,175.00,En stock,N/A,https://beautymarket.ma/products/d-biotic-sebiotic-ecran-solaire-matifiant-spf50-50ml
BeautyMarket,Solaire,Solaire,NOREVA TRIO WHITE XP SPF 50 40ML,240.00,En stock,N/A,https://beautymarket.ma/products/noreva-trio-white-s-spf-50-40ml
BeautyMarket,Solaire,Solaire,ALPHANOVA CREME SOLAIRE SPF 50+ BIO 50 G,189.00,En stock,N/A,https://beautymarket.ma/products/alphanova-creme-solaire-spf-50-bio-50-g
BeautyMarket,Solaire,Solaire,NATURALIA ECRAN SOLAIRE EMULSION MATIFIANT INVISIBLE SPF 50 +,219.00,En stock,N/A,https://beautymarket.ma/products/naturalia-ecran-solaire-emulsion-matifiant-invisible-spf-50
BeautyMarket,Solaire,Solaire,HEI POA PUR MONOÏ TIARÉ 100ML,148.00,En stock,N/A,https://beautymarket.ma/products/hel-poa-pur-monoi-tiare-100ml
BeautyMarket,Solaire,Solaire,ALPHANOVA BEBE SPRAY SOLAIRE SPF50 BIO 125 G,219.00,En stock,N/A,https://beautymarket.ma/products/alphanova-bebe-spray-solaire-spf-50-bio-125-g
BeautyMarket,Solaire,Solaire,D-BIOTIC CRÈME SOLAIRE 75 ML,190.00,En stock,N/A,https://beautymarket.ma/products/d-biotic-creme-solaire-75-ml
BeautyMarket,Solaire,Solaire,NUXE CRÈME SOLAIRE FONDANTE HAUTE PROTECTION SPF50 50ML,249.00,En stock,N/A,https://beautymarket.ma/products/creme-solaire-fondante-haute-protection-spf50-50ml
BeautyMarket,Solaire,Solaire,LA ROCHE-POSAY ANTHELIOS MINERAL ONE SPF 50+ 04 BRUNE – 30ML,162.00,En stock,N/A,https://beautymarket.ma/products/la-roche-posay-anthelios-mineral-one-spf-50-04-brune-30ml
BeautyMarket,Solaire,Solaire,MAVIDERMA CRÈME SOLAIRE INVISIBLE SPF 50+ 50 ML,229.00,En stock,N/A,https://beautymarket.ma/products/maviderma-creme-solaire-invisible-spf-50-50-ml
BeautyMarket,Solaire,Solaire,NUXE SUN HUILE SOLAIRE BRONZANTE SPF30 150ML,360.00,En stock,N/A,https://beautymarket.ma/products/nuxe-sun-pack-huile-solaire-bronzante-spf30-150ml-shampooing-douche-apres-soleil-100ml
BeautyMarket,Solaire,Solaire,SVR SUN SECURE BRUME SPF 50+ 200 ML,279.00,En stock,N/A,https://beautymarket.ma/products/svr-sun-secure-brume-spf-50-200-ml
BeautyMarket,Solaire,Solaire,BIODERMA PHOTODERM XDEFENSE ULTRA FLUID SPF 50+ TEINTE 01 40ML,209.00,En stock,N/A,https://beautymarket.ma/products/bioderma-photoderm-xdefense-ultra-fluid-spf-50-teinte-01-40ml
BeautyMarket,Solaire,Solaire,ISISPHARMA UVEBLOCK CREME MINERALE TEINTEE SPF50+ 40ML,210.00,En stock,N/A,https://beautymarket.ma/products/isis-pharma-uveblock-creme-minerale-teintee-spf50-40ml
BeautyMarket,Solaire,Solaire,ISDIN FOTOPROTECTOR HYDRO LOTION SPF 50,255.00,En stock,N/A,https://beautymarket.ma/products/fotoprotector-isdin-hydro-oil-spf-31
BeautyMarket,Solaire,Solaire,ECLADERM SOLEIL PROTECT LAIT SOLAIRE SPF50+ 150ML,185.00,En stock,N/A,https://beautymarket.ma/products/ecladerm-soleil-protect-lait-solaire-spf50-150ml
BeautyMarket,Solaire,Solaire,ISISPHARMA PACK NEOTONE RADIANCE FLUIDE,459.00,En stock,N/A,https://beautymarket.ma/products/isispharma-pack-neotone-radiance-fluide
BeautyMarket,Solaire,Solaire,GALBY UNISKIN CREME SOLAIRE INVISIBLE ECLAIRCISSANTE SPF50+ 50 ML,342.00,En stock,N/A,https://beautymarket.ma/products/galby-creme-eclaircissante-spf-50-invisible
BeautyMarket,Solaire,Solaire,CLARINE ECRAN TEINTE,86.00,En stock,N/A,https://beautymarket.ma/products/clarine-ecran-teinte
BeautyMarket,Solaire,Solaire,MIXA SOLAIRE HYALURON PROTECT PEAU SENSIBLES SPF50+ SPRAY 150ML,203.00,En stock,N/A,https://beautymarket.ma/products/mixa-spray-hyaluron-spf50-150ml
BeautyMarket,Solaire,Solaire,CANTABRIA HELIOCARE 360 MD AR EMULSION SPF50+ 50ML,299.00,En stock,N/A,https://beautymarket.ma/products/cantabria-heliocare-360-md-ar-emulsion-spf50-50ml
BeautyMarket,Solaire,Solaire,EVAWIN ROSAWIN ECRAN SOLAIRE INVISIBLE SPF 50+ 50 ML,190.00,En stock,N/A,https://beautymarket.ma/products/evawin-rosawin-ecran-solaire-invisible-spf-50-50-ml
BeautyMarket,Solaire,Solaire,NUXE SUN LAIT FRAICHEUR APRES-SOLEIL 200ML,285.00,En stock,N/A,https://beautymarket.ma/products/nuxe-sun-lait-fraicheur-apres-soleil-200ml
BeautyMarket,Solaire,Solaire,NUXE SUN PACK HUILE SOLAIRE BRONZANTE 150 ML SPF 50 + LAIT FRAICHEUR APRES-SOLEIL 100ML,413.00,En stock,N/A,https://beautymarket.ma/products/nuxe-sun-pack-spray-solaire-delicieux-150ml-shampooing-douche-apres-soleil-100ml
BeautyMarket,Solaire,Solaire,MD CEUTICALS 3D SUN SCREEN PROTECTION SPF50+ 50ML,417.00,En stock,N/A,https://beautymarket.ma/products/md-ceuticals-3d-sun-screen-protection-spf50-50ml
BeautyMarket,Solaire,Solaire,ALPHANOVA DAILY SUN SPF 50+ LAIT SOLAIRE INVISIBLE SUN GLOW 150 ML,289.00,En stock,N/A,https://beautymarket.ma/products/alphanova-daily-sun-spf-50-lait-solaire-invisible-sun-glow-150-ml
BeautyMarket,Solaire,Solaire,DERMOCARE D3 ECRAN SOLAIRE INVISIBLE EN FLUIDE SPF50 – 50ML,165.00,En stock,N/A,https://beautymarket.ma/products/dermocare-d3-ecran-solaire-invisible-en-fluide-spf50-50ml
BeautyMarket,Solaire,Solaire,SOULSISTERS CRÈME SOLAIRE ÉCLAIRCISSANTE SPF50+ 50ML,190.00,En stock,N/A,https://beautymarket.ma/products/soulsisters-creme-solaire-eclaircissante-spf50
BeautyMarket,Solaire,Solaire,SOMEBYMI V 10 HYAL ANTIOXIDANT SUNSCREEN SPF 50+ 40 G,262.00,En stock,N/A,https://beautymarket.ma/products/some-by-mi-v-10-hyal-antioxidant-sunscreen-spf-50-40-g
BeautyMarket,Solaire,Solaire,MAGICLEAR CRÈME SOLAIRE TEINTÉE SPF 50+ PA+++,309.00,En stock,N/A,https://beautymarket.ma/products/magiclear-creme-solaire-teintee-spf-50-pa-1
BeautyMarket,Solaire,Solaire,DCP KOPROZ ECRAN SOLAIRE 50+ 50ML,185.00,En stock,N/A,https://beautymarket.ma/products/dcp-koproz-ecran-solaire-50-50ml
BeautyMarket,Solaire,Solaire,DERMALIFT DEPILIFT ÉCRAN SOLAIRE EN CRÈME ÉCLAIRCISSANTE ANTI-TACHES SPF50 50ML,204.00,En stock,N/A,https://beautymarket.ma/products/dermalift-depilift-ecran-solaire-en-creme-eclaircissante-anti-taches-spf50-50ml
BeautyMarket,Solaire,Solaire,LA ROCHE POSAY ANTHELIOS LAIT SOLAIRE ENFANTS PEAUX SENSIBLES VISAGE & CORPS 250ML,345.00,En stock,N/A,https://beautymarket.ma/products/la-roche-posay-anthelios-lait-solaire-enfants-peaux-sensibles-visage-corps
BeautyMarket,Solaire,Solaire,ZIAJA MED CRÈME SOLAIRE TEINTÉE NATURAL SPF50 - 50ML,148.00,En stock,N/A,https://beautymarket.ma/products/ziaja-med-creme-solaire-teintee-natural-spf50-50ml
BeautyMarket,Solaire,Solaire,CANTABRIA HELIOCARE 360º SENSATION 50 ML,299.00,En stock,N/A,https://beautymarket.ma/products/cantabria-heliocare-360%C2%BA-sensation-50-ml
BeautyMarket,Solaire,Solaire,NIVEA SUN KIDS ULTRA PROTECT & PLAY LOTION SPF50+ 150ML,189.00,En stock,N/A,https://beautymarket.ma/products/nivea-sun-kids-ultra-protect-play-lotion-spf50-150ml
BeautyMarket,Solaire,Solaire,TOCOBO BIO WATERY SUN CREAM SPF50,260.00,En stock,N/A,https://beautymarket.ma/products/tocobo-bio-watery-sun-cream-spf50
BeautyMarket,Solaire,Solaire,SOULSISTERS CRÈME SOLAIRE ANTI IMPERFECTION SPF50+,190.00,En stock,N/A,https://beautymarket.ma/products/soulsisters-creme-solaire-anti-imperfection-spf50
BeautyMarket,Solaire,Solaire,ZIAJA MED CREME SOLAIRE ANTI-RIDES SPF50+ 50ML,188.00,En stock,N/A,https://beautymarket.ma/products/ziaja-med-creme-solaire-anti-rides-spf50-50ml
BeautyMarket,Solaire,Solaire,CAUDALIE VINOSUN OCEAN PROTECT SPF50 40 ML,330.00,En stock,N/A,https://beautymarket.ma/products/caudalie-vinosun-ocean-protect-spf50
BeautyMarket,Solaire,Solaire,CAUDALIE VINOSUN CRÈME SOLAIRE VISAGE ANTI-RIDES SPF50 50 ML,370.00,En stock,N/A,https://beautymarket.ma/products/caudalie-creme-solaire-visage-anti-rides-spf50-25ml
BeautyMarket,Solaire,Solaire,UV CONTROL ECRAN TOTAL IP 75 COUVRANT,168.00,En stock,N/A,https://beautymarket.ma/products/uv-control-ecran-total-ip-75-couvrant
BeautyMarket,Solaire,Solaire,NEORETIN GEL CREAM DISCROM CONTROL SPF 50 40 ML,449.00,En stock,N/A,https://beautymarket.ma/products/neoretin-discrom-control-gelcream-spf-50-40-ml
BeautyMarket,Solaire,Solaire,DAYLONG SENSITIVE FACE FLUIDE SOLAIRE BB TEINTÉ SPF50 – 50ML,199.50,En stock,N/A,https://beautymarket.ma/products/daylong-sensitive-face-fluide-solaire-bb-teinte-spf50-50ml
BeautyMarket,Solaire,Solaire,"MESOESTETIC MESOPROTECH REPAIRING STICK 100 SPF50+ – 4,5 G",284.00,En stock,N/A,https://beautymarket.ma/products/mesoestetic-mesoprotech-repairing-stick-spf100-4-5-g
BeautyMarket,Solaire,Solaire,BRANDOC SUN CLEAR SPF 50+ PEAU NORMALE À SÈCHE 50 ML,209.00,En stock,N/A,https://beautymarket.ma/products/brandoc-sun-clear-50-peau-normale-a-seche
BeautyMarket,Solaire,Solaire,MUSTELA SPRAY SOLAIRE TRES HAUTE PROTECTION SPF 50+ 200 ML,359.00,En stock,N/A,https://beautymarket.ma/products/mustela-spray-solaire-tres-haute-protection-spf-50-200-ml
BeautyMarket,Solaire,Solaire,NATURE’S ISOLARI ECRAN SOLAIRE EN LOTION-SPRAY VISAGE & CORPS SPF50 – 200ML,299.00,En stock,N/A,https://beautymarket.ma/products/nature-s-isolari-ecran-solaire-en-lotion-spray-visage-corps-spf50-200ml
BeautyMarket,Solaire,Solaire,CLARINE ECRAN INVISIBLE,86.00,En stock,N/A,https://beautymarket.ma/products/clarine-ecran-invisible
BeautyMarket,Solaire,Solaire,SVR SUN SECURE LAIT APRÈS-SOLEIL 200ML,165.00,En stock,N/A,https://beautymarket.ma/products/svr-sun-secure-lait-apres-soleil
BeautyMarket,Solaire,Solaire,BIODERMA PHOTODERM XDEFENSE ULTRA FLUID SPF 50+ TEINTE 02 40ML,209.00,En stock,N/A,https://beautymarket.ma/products/bioderma-photoderm-xdefense-ultra-fluid-spf-50-teinte-02-40ml
BeautyMarket,Solaire,Solaire,SOMEBYMI V 10 HYAL HYDRA CAPSULE SUNSCREEN SPF 50+ 40ML,262.00,En stock,N/A,https://beautymarket.ma/products/somebymi-v-10-hyal-hydra-capsule-sunscreen-spf-50-40ml
BeautyMarket,Solaire,Solaire,VAHEMA MONOI CORPS HYDRATE ET ADOUCIT TIARE 100ML,168.00,En stock,N/A,https://beautymarket.ma/products/vahema-monoi-coconut
BeautyMarket,Solaire,Solaire,DERMO SOINS SUNSKIN 60 CRÈME SOLAIRE TUBE 50ML,148.50,En stock,N/A,https://beautymarket.ma/products/dermo-soins-sunskin-60-creme-solaire-tube-50ml
BeautyMarket,Solaire,Solaire,ECLIN ECRAN SOLAIRE ENFANTS EN LAIT 3ANS+ SPF50 150ML,179.00,En stock,N/A,https://beautymarket.ma/products/eclin-ecran-solaire-enfants-en-lait-3ans-spf50-150ml
BeautyMarket,Solaire,Solaire,SVR SUN SECURE HUILE SÈCHE SPF 50+ 200 ML,299.00,En stock,N/A,https://beautymarket.ma/products/svr-sun-secure-huile-seche-spf-50-200-ml
BeautyMarket,Solaire,Solaire,UV CONTROL ECRAN TOTAL IP 75 OPAQUE,168.00,En stock,N/A,https://beautymarket.ma/products/uv-control-ecran-total-ip-75-opaque
BeautyMarket,Solaire,Solaire,NEW DERM ECRAN SPF 50+ PRINCESSE,210.00,En stock,N/A,https://beautymarket.ma/products/new-derm-ecran-spf-50-princesse
BeautyMarket,Solaire,Solaire,NEOSTRATA DEFEND PROTECTION PHYSIQUE ULTRA-LÉGÈRE ECRAN SOLAIRE SPF50 – 50ML,330.00,En stock,N/A,https://beautymarket.ma/products/neostrata-defend-protection-physique-ultra-legere-ecran-solaire-spf50-50ml
BeautyMarket,Solaire,Solaire,INODERM CREME SOLAIRE TEINT CLAIRE SPF 50+ 50 ML,166.00,En stock,N/A,https://beautymarket.ma/products/inoderm-creme-solaire-teint-claire-spf-50-50-ml
BeautyMarket,Solaire,Solaire,NUXE SUN FLUIDE LÉGER HAUTE PROTECTION SPF50 50 ML,249.00,En stock,N/A,https://beautymarket.ma/products/fluide-leger-haute-protection-spf50-nuxe-sun-50-ml
BeautyMarket,Solaire,Solaire,NUXE SUN HUILE SOLAIRE BRONZANTE 150 ML SPF 50,384.00,En stock,N/A,https://beautymarket.ma/products/nuxe-sun-huile-solaire-bronzante-150-ml-spf-50
BeautyMarket,Solaire,Solaire,LA ROCHE POSAY ANTHELIOS STICK SOLAIRE SPF 50+ ZONES SENSIBLES 9ML,165.00,En stock,N/A,https://beautymarket.ma/products/la-roche-posay-anthelios-stick-solaire-spf-50-zones-sensibles-9ml
BeautyMarket,Solaire,Solaire,REVOX B77 JUST DAILY SUN SHIELD SPF 50+ FOR OILY SKIN 30ML,95.00,En stock,N/A,https://beautymarket.ma/products/revox-b77-just-ecran-solaire-quotidien-spf-50-pour-peau-grasse
BeautyMarket,Solaire,Solaire,CKS PHARMA SUN PHOTOPROTECTEUR A L'ACIDE HYALURONIQUE SPF50+ 45ML,250.00,En stock,N/A,https://beautymarket.ma/products/cks-pharma-sun-photoprotecteur-a-lacide-hyaluronique-spf50-45ml
BeautyMarket,Solaire,Solaire,NIVEA SUN PROTECT & DRY TOUCH BRUME PROTECTRICE SPF 50,219.00,En stock,N/A,https://beautymarket.ma/products/nivea-sun-protect-dry-touch-brume-protectrice-spf-50
BeautyMarket,Solaire,Solaire,BELLA AURORA BIO10 SOLAR NIACINAMIDE SPF50+ 50ML – ÉCRAN SOLAIRE ANTI-TACHES ET PROTECTEUR DU TEINT,280.00,En stock,N/A,https://beautymarket.ma/products/bella-aurora-ecran-solaire-bio-10-solar-niacinamide-spf-50-50ml
BeautyMarket,Solaire,Solaire,GAMARD ECRAN SOLAIRE TOUCHER SEC SPF50+ | 40ML,229.00,En stock,N/A,https://beautymarket.ma/products/gamard-ecran-solaire-toucher-sec-spf50-40ml
BeautyMarket,Solaire,Solaire,ROUND LAB BIRCH JUICE MOISTURIZING SUN STICK SPF 50+PA 19 G,289.00,En stock,N/A,https://beautymarket.ma/products/round-lab-birch-juice-moisturizing-sun-stick-spf-50-pa-19-g
BeautyMarket,Solaire,Solaire,MDC SYNERGY NORMAL SKIN ÉCRAN SOLAIRE SPF50+ PEAUX NORMALES 50ML,180.00,En stock,N/A,https://beautymarket.ma/products/mdc-synergy-normal-skin-ecran-solaire-spf50-peaux-normales-50ml
BeautyMarket,Solaire,Solaire,AXIS-Y COMPLETE NO-STRESS PHYSICAL SUNSCREEN SPF 50+ - 10ML,95.00,En stock,N/A,https://beautymarket.ma/products/axis-y-mini-complete-no-stress-physical-sunscreen-10ml
BeautyMarket,Solaire,Solaire,SVR SUN SECURE EASY STICK INVISIBLE FINISH SPF50+ 10G,139.00,En stock,N/A,https://beautymarket.ma/products/svr-sun-secure-easy-stick-invisible-finish-spf50-10g
BeautyMarket,Solaire,Solaire,SENSILIS WATER FLUID SPF50+ UVB+UVA COLOR 40ML,299.00,En stock,N/A,https://beautymarket.ma/products/sensilis-water-fluid-spf50-uvb-uva-color
BeautyMarket,Solaire,Solaire,MDC SYNERGY DRY SKIN ÉCRAN SOLAIRE SPF50+ PEAUX SÈCHES 50ML,180.00,En stock,N/A,https://beautymarket.ma/products/mdc-synergy-dry-skin-ecran-solaire-spf50-peaux-seches-50ml
BeautyMarket,Solaire,Solaire,DERMALIUM ECRAN SOLAIRE SPF50+ 50ML,320.00,En stock,N/A,https://beautymarket.ma/products/dermalium-ecran-solaire-spf50-50ml
BeautyMarket,Solaire,Solaire,ISISPHARMA NEOTONE PREVENT SPF50+ MINÉRALE TEINTÉE MEDIUM 30 ML,269.00,En stock,N/A,https://beautymarket.ma/products/isispharma-neotone-prevent-spf50-minerale-teintee-30-ml
BeautyMarket,Solaire,Solaire,CAUDALIE VINOSUN PROTECT SPRAY INVISIBLE SPF50,395.00,En stock,N/A,https://beautymarket.ma/products/caudalie-spray-solaire-lacte-spf50
BeautyMarket,Solaire,Solaire,CAPIDERMA CAPISUN ECRAN TEINTEE CLAIRE PSS 50+,225.00,En stock,N/A,https://beautymarket.ma/products/capiderma-capisun-ecran-teintee-claire-pss-50
BeautyMarket,Solaire,Solaire,BIONIKE DEFENCE SUN SPF 50+ SPRAY TRES HAUTE PROTECTION 200ML,199.00,En stock,N/A,https://beautymarket.ma/products/bionike-defence-sun-spf-50-spray-tres-haute-protection-200ml
BeautyMarket,Solaire,Solaire,EPTADERM EPTA SPOT ECRAN SPF50 50ML,193.00,En stock,N/A,https://beautymarket.ma/products/eptaderm-epta-spot-ecran-spf50-50ml
BeautyMarket,Solaire,Solaire,NUXE SUN HUILE BRONZANTE FAIBLE PROTECTION SPF10 150 ML,356.00,En stock,N/A,https://beautymarket.ma/products/nuxe-sun-huile-bronzante-faible-protection-spf10-150-ml
BeautyMarket,Solaire,Solaire,MESOESTETIC MESOPROTECH MINERAL FLUIDE SPF50 50ML,380.00,En stock,N/A,https://beautymarket.ma/products/mesoestetic-mesoprotech-mineral-matt-spf50-50ml
BeautyMarket,Solaire,Solaire,DERMACEUTIC K CEUTIC CRÈME POST-INTERVENTION SPF50 30 ML,505.00,En stock,N/A,https://beautymarket.ma/products/dermaceutic-k-ceutic-30-ml
BeautyMarket,Solaire,Solaire,BIONIKE DEFENCE SUN SPF 50+ ENFANTS ET BEBE LOTION SPRAY 200ML,190.00,En stock,N/A,https://beautymarket.ma/products/bionike-defence-sun-spf-50-enfants-et-bebe-lotion-spray-200ml
BeautyMarket,Solaire,Solaire,PHOTOSKIN ECRAN SOLAIRE INVISIBLE SPF50+ 50ML,223.00,En stock,N/A,https://beautymarket.ma/products/photoskin-ecran-solaire-invisible-spf50-50ml
BeautyMarket,Solaire,Solaire,PLACENTOR VEGETAL CRÈME SOLAIRE INVISIBLE SPF 50+,189.00,En stock,N/A,https://beautymarket.ma/products/placentor-vegetal-creme-solaire-invisible-spf-50
BeautyMarket,Solaire,Solaire,PHOTOSKIN HUILE BRONZANTE 250ML,124.00,En stock,N/A,https://beautymarket.ma/products/photoskin-huile-bronzante-250ml
BeautyMarket,Solaire,Solaire,ISDIN FOTOPROTECTOR HYDRO OIL SPF 30,259.00,En stock,N/A,https://beautymarket.ma/products/fotoprotector-isdin-hydro-oil-spf-30
BeautyMarket,Solaire,Solaire,DERMACEUTIC – SUN CEUTIC TEINTE 50+PROTECTION SOLAIRE ANTI-ÂGE – 50 ML,375.00,En stock,N/A,https://beautymarket.ma/products/dermaceutic-sun-ceutic-50-tres-haute-protection-solaire-anti-age-50-ml
BeautyMarket,Solaire,Solaire,ECLADERM LUXE ECRAN SOLAIRE TEINTE CLAIRE 50ML,189.00,En stock,N/A,https://beautymarket.ma/products/ecladerm-luxe-ecran-solaire-teinte-claire-50ml
BeautyMarket,Solaire,Solaire,NIVEA SUN ECRAN SOLAIRE UV SHINE CONTROL SPF 50 50ML,129.00,En stock,N/A,https://beautymarket.ma/products/nivea-sun-ecran-solaire-uv-shine-control-spf-50-50ml
BeautyMarket,Solaire,Solaire,NATURESOIN SOLARIUM HUILE SOLAIRE FPS6 100ML,29.00,En stock,N/A,https://beautymarket.ma/products/nature-soin-solarium-huile-solaire-fps6-100ml
BeautyMarket,Solaire,Solaire,BIOREGENA LAIT FONDANT AUTOBRONZANT – 125ML,180.00,En stock,N/A,https://beautymarket.ma/products/bioregena-lait-fondant-autobronzant-125ml
BeautyMarket,Solaire,Solaire,BIOREGENA ECRAN SOLAIRE INVISIBLE BÉBÉS EN CRÈME SPF50 – 40ML = CRÈME RÉGÉNÉRANTE 150ML OFFERTE,234.00,En stock,N/A,https://beautymarket.ma/products/bioregena-ecran-solaire-invisible-bebes-en-creme-spf50-40ml
BeautyMarket,Solaire,Solaire,NATURES ISOLARI ECRAN CREME MINERALE SPF50+ 100ML,310.00,En stock,N/A,https://beautymarket.ma/products/natures-isolari-ecran-creme-minerale-spf50-100ml
BeautyMarket,Solaire,Solaire,ISISPHARMA NEOTONE RADIANCE SPF 50+ TEINT CLAIRE,417.00,En stock,N/A,https://beautymarket.ma/products/isispharma-neotone-radiance-spf-50-teint-claire
BeautyMarket,Solaire,Solaire,PURIADERM PURISUN CRÈME SOLAIRE INVISIBLE SPF 50+,261.00,En stock,N/A,https://beautymarket.ma/products/puriaderm-purisun-creme-solaire-invisible-spf-50
BeautyMarket,Solaire,Solaire,BIONIKE DEFENCE SUN SPF 50+ ENFANTS ET BEBE SPRAY 200ML,190.00,En stock,N/A,https://beautymarket.ma/products/bionike-defence-sun-spf-50-enfants-et-bebe-spray-200ml
BeautyMarket,Solaire,Solaire,PATYKA PACK DUO SOLAIRE SPF50,285.00,En stock,N/A,https://beautymarket.ma/products/patyka-pack-duo-solaire-spf50
BeautyMarket,Solaire,Solaire,ECLIN CRÈME SOLAIRE ANTI-ROUGEURS SPF50+ 50ML,180.00,En stock,N/A,https://beautymarket.ma/products/eclin-creme-solaire-anti-rougeurs-spf50-50ml
BeautyMarket,Solaire,Solaire,NUXE SUN SPRAY SOLAIRE DELICIEUX SPF 50 150ML,384.00,En stock,N/A,https://beautymarket.ma/products/nuxe-sun-spray-solaire-delicieux-spf-50-150ml
BeautyMarket,Solaire,Solaire,MAGICLEAR CREME JOUR ANTI-AGE SPF15 50ML,336.00,En stock,N/A,https://beautymarket.ma/products/magiclear-creme-jour-anti-age-spf15-50ml
BeautyMarket,Solaire,Solaire,SKIN CHEMISTS ECRAN INVISIBLE SPF50+ 50ML,261.00,En stock,N/A,https://beautymarket.ma/products/skin-chemists-ecran-invisible-spf50-50ml
BeautyMarket,Solaire,Solaire,D-BIOTIC SPRAY SOLAIRE PÉDIATRIQUE 100 ML,180.50,En stock,N/A,https://beautymarket.ma/products/d-biotic-spray-solaire-pediatrique-100-ml
BeautyMarket,Solaire,Solaire,BRANDOC SUN CLEAR 50+ PEAUX MIXTES À GRASSES,209.00,En stock,N/A,https://beautymarket.ma/products/brandoc-sun-protect-50-creme-photoprotectrice
BeautyMarket,Solaire,Solaire,LCA ECRAN SPRAY SOLAIRE SPF50+ 200ML,213.00,En stock,N/A,https://beautymarket.ma/products/lca-ecran-spray-solaire-spf50-200ml
BeautyMarket,Solaire,Solaire,NATURALIA EMULSION SOLAIRE MATIFIANTE COULEUR 50 ML SPF 50+,192.00,En stock,N/A,https://beautymarket.ma/products/naturalia-emulsion-solaire-matifiante-couleur-50-ml-spf-50
BeautyMarket,Solaire,Solaire,VAHEMA MONOI DE TAHITI SOIN SATIN BRONZE 100 ML,179.00,En stock,N/A,https://beautymarket.ma/products/vahema-monoi-de-tahiti-soin-satin-bronze
BeautyMarket,Solaire,Solaire,ULTRASUN EXTREME GEL SOLAIRE SPF 50+ 75ML,248.00,En stock,N/A,https://beautymarket.ma/products/ultrasun-extreme-gel-solaire-spf-50-75ml
BeautyMarket,Solaire,Solaire,LA ROCHE POSAY ANTHELIOS UVMUNE 400 VISAGE & CORP LAIT HYDRATANT SPF50+ 150ML,355.00,En stock,N/A,https://beautymarket.ma/products/la-roche-posay-anthelios-uvmune-400-face-body-hydrating-milk-spf50
BeautyMarket,Solaire,Solaire,BELLA AURORA ÉCRAN SOLAIRE MINERAL SPF50 50ML,309.00,En stock,N/A,https://beautymarket.ma/products/bella-aurora-ecran-solaire-mineral-spf50-50ml
BeautyMarket,Solaire,Solaire,CANTABRIA HELIOCARE 360° COLOR WATER GEL BEIGE SPF50+ 50ML,259.00,En stock,N/A,https://beautymarket.ma/products/cantabria-heliocare-360-color-water-gel-beige-spf50-50ml
BeautyMarket,Solaire,Solaire,CENTAUREA CREME ANTI-ROUGEURS SPF50 50ML,215.00,En stock,N/A,https://beautymarket.ma/products/centaurea-creme-anti-rougeurs-spf50-50ml
BeautyMarket,Solaire,Solaire,VAHÉMA MONOI GRAISSE À TRAIRE A TRAIRE COCO POT BRONZAGE 125ML,149.00,En stock,N/A,https://beautymarket.ma/products/vahema-monoi-graisse-a-traire-intensifie-le-bronzage-100ml
BeautyMarket,Solaire,Solaire,MARTIDERM PIGMENT ZERO DSP CREME SPF 50+ 40ML,498.00,En stock,N/A,https://beautymarket.ma/products/martiderm-pigment-zero-dsp-creme-spf-50-40ml
BeautyMarket,Solaire,Solaire,NOREVA EXFOLIAC FLUIDE SOLAIRE MATIFIANT SPF50+ 40ML,314.00,En stock,N/A,https://beautymarket.ma/products/noreva-exfoliac-fluide-solaire-matifiant-spf50-40ml
BeautyMarket,Solaire,Solaire,LCA PHARMA ECRAN INVISIBLE SPF50+,219.00,En stock,N/A,https://beautymarket.ma/products/lca-pharma-ecran-invisible-spf50
BeautyMarket,Solaire,Solaire,FILORGA UV CELLULAR PROTECT CREME SOLAIRE ANTI AGE SPF 50+ 125ML,479.00,En stock,N/A,https://beautymarket.ma/products/filorga-uv-cellular-protect-creme-solaire-anti-age-spf-50-125ml
BeautyMarket,Solaire,Solaire,ZIAJA SUN HUILE SOLAIRE BRONZANTE – 125ML,91.00,En stock,N/A,https://beautymarket.ma/products/ziaja-sun-huile-solaire-bronzante-125ml
BeautyMarket,Solaire,Solaire,FILORGA OXYGEN GLOW CC CREAM SPF 30,419.00,En stock,N/A,https://beautymarket.ma/products/filorga-oxygen-glow-cc-cream-spf-30
BeautyMarket,Solaire,Solaire,RILASTIL SUN SYSTEM FLUIDE WATER TOUCH SPF 50+ 50 ML,199.00,En stock,N/A,https://beautymarket.ma/products/rilastil-sun-system-fluide-water-touch-spf-50-50-ml
BeautyMarket,Solaire,Solaire,URIAGE BARIÉSUN INVISIBLE SUN STICK SPF50+ 18G,209.00,En stock,N/A,https://beautymarket.ma/products/uriage-bariesun-invisible-sun-stick-spf50-18g
BeautyMarket,Solaire,Solaire,BIODERMA PHOTODERM BRUME INVISIBLE SPF50+ 150ML,249.00,En stock,N/A,https://beautymarket.ma/products/bioderma-photoderm-brume-invisible-spf50-150ml
BeautyMarket,Solaire,Solaire,ALPHANOVA CRÈME SOLAIRE TRÈS HAUTE PROTECTION HYPOALLERGÉNIQUE SPF 50+,229.00,En stock,N/A,https://beautymarket.ma/products/creme-solaire-certifiee-bio-tres-haute-protection-hypoallergenique-spf-50
BeautyMarket,Solaire,Solaire,LA ROCHE POSAY ANTHELIOS POST-UV EXPOSURE LAIT APRÈS-SOLEIL,159.00,En stock,N/A,https://beautymarket.ma/products/la-roche-posay-anthelios-post-uv-exposure-lait-apres-soleil
BeautyMarket,Solaire,Solaire,ISDIN FOTOPROTECTOR FUSION WATER URBAN SPF 30 50ML,259.00,En stock,N/A,https://beautymarket.ma/products/isdin-fotoprotector-fusion-water-urban-spf-30
BeautyMarket,Solaire,Solaire,FIDERMA CREME ECRAN SPF 50 INVISIBLE 50ML,213.00,En stock,N/A,https://beautymarket.ma/products/fiderma-creme-ecran-spf-50-invisible-50ml
BeautyMarket,Solaire,Solaire,LYSASKIN ECRAN 50+,199.00,En stock,N/A,https://beautymarket.ma/products/lysaskin-ecran-50
BeautyMarket,Solaire,Solaire,FILORGA UV-BRONZE VISAGE FLUIDE SOLAIRE ANTI-ÂGE SPF50+ – 40 ML,353.00,En stock,N/A,https://beautymarket.ma/products/filorga-uv-bronze-visage-fluide-solaire-anti-age-spf50-40-ml
BeautyMarket,Solaire,Solaire,ALPHANOVA SPRAY SOLAIRE FAMILIAL SPF 50 BIO 150 G,279.00,En stock,N/A,https://beautymarket.ma/products/alphanova-spray-solaire-familial-spf-50-bio-150-g
BeautyMarket,Solaire,Solaire,GALBY MATISKIN CREME SOLAIRE TEINTEE 50 ML,285.00,En stock,N/A,https://beautymarket.ma/products/galby-matiskin-creme-solaire-teintee-50-ml
BeautyMarket,Solaire,Solaire,BIOREGENA ECRAN SOLAIRE EN SPRAY ENFANTS SPF50 – 90ML = BRUME D’ALOÉ VÉRA 200ML OFFERTE,312.00,En stock,N/A,https://beautymarket.ma/products/bioregena-ecran-solaire-en-spray-enfants-spf50-90ml
BeautyMarket,Solaire,Solaire,INNOAESTHETICS SUN DEFENSE UVP SPF50+,309.00,En stock,N/A,https://beautymarket.ma/products/innoaesthetics-sun-defense-uvp-spf50
BeautyMarket,Solaire,Solaire,CAUDALIE VINOSUN PROTECT EAU SOLAIRE TRÈS HAUTE PROTECTION SPF50+ 150ML,395.00,En stock,N/A,https://beautymarket.ma/products/caudalie-vinosun-protect-eau-solaire-tres-haute-protection-spf50-150ml
BeautyMarket,Solaire,Solaire,NOVADERM ECRAN INVISIBLE SPF50+ 50ML,221.00,En stock,N/A,https://beautymarket.ma/products/novaderm-ecran-invisible-spf50-50ml
BeautyMarket,Solaire,Solaire,HYFAC SUN CRÉME SOLAIRE INVISIBLE SPF50+ – 40 ML,222.00,En stock,N/A,https://beautymarket.ma/products/hyfac-sun-creme-solaire-invisible-spf50-40-ml
BeautyMarket,Solaire,Solaire,CENTAUREA CRÈME SOLAIRE TEINTÉ SPF50+,210.00,En stock,N/A,https://beautymarket.ma/products/centaurea-creme-solaire-teinte-spf50
BeautyMarket,Solaire,Solaire,ALPHANOVA CRÈME SOLAIRE BÉBÉ CERTIFIÉE BIO SPF 50+ HYPOALLERGÉNIQUE,219.00,En stock,N/A,https://beautymarket.ma/products/alphanova-creme-solaire-bebe-certifiee-bio-spf-50-hypoallergenique
BeautyMarket,Solaire,Solaire,NIVEA SUN PROTECT & HYDRATE LAIT SOLAIRE SPF20 200 ML,139.00,En stock,N/A,https://beautymarket.ma/products/nivea-sun-protect-hydrate-lait-solaire-spf20-200-ml
BeautyMarket,Solaire,Solaire,MAVIDERMA ECRAN SOLAIRE TEINTE SPF50+ 50ML,229.00,En stock,N/A,https://beautymarket.ma/products/maviderma-ecran-solaire-teinte-spf50-50ml
BeautyMarket,Solaire,Solaire,NIVEA SUN UV FACE ANTI-AGE Q10 SPF50 50ML,129.00,En stock,N/A,https://beautymarket.ma/products/nivea-sun-uv-face-anti-age-q10-spf50-50ml
BeautyMarket,Solaire,Solaire,SVR SUN SECURE LAIT CREPITANT SPF 50+ 200 ML,339.00,En stock,N/A,https://beautymarket.ma/products/svr-sun-secure-lait-crepitant-spf-50-200-ml
BeautyMarket,Solaire,Solaire,EPIDERMA ECRAN SOLAIRE ANTI-TACHES SPF50 50ML,140.00,En stock,N/A,https://beautymarket.ma/products/epiderma-ecran-solaire-anti-taches-spf50-50ml
BeautyMarket,Solaire,Solaire,NATURES ISOLARI GEL CREME VISAGE ANTI-AGE SPF50 50ML,222.00,En stock,N/A,https://beautymarket.ma/products/natures-isolari-gel-creme-visage-anti-age-spf50-50ml
BeautyMarket,Solaire,Solaire,RILASTIL SUN SYSTEM CONFORT MAT SPF 50+ 40 ML,190.00,En stock,N/A,https://beautymarket.ma/products/rilastil-sun-system-confort-mat-spf-50-40-ml
BeautyMarket,Solaire,Solaire,NEOSTRATA SKIN BRIGHTENER SPF35+ 40G,405.00,En stock,N/A,https://beautymarket.ma/products/neostrata-skin-brightener-spf35-40g
BeautyMarket,Solaire,Solaire,ALPHANOVA ORGANIC SUN SPF 50+ CREME SOLAIRE TEINTEE NUDE 50 G,219.00,En stock,N/A,https://beautymarket.ma/products/alphanova-organic-sun-spf-50-creme-solaire-teintee-clair-50-g
BeautyMarket,Solaire,Solaire,ECLIN CRÈME SOLAIRE SPF50+ TEINTÉE 50ML,169.00,En stock,N/A,https://beautymarket.ma/products/eclin-creme-solaire-spf50-teintee-50ml
BeautyMarket,Solaire,Solaire,ANUA AIRY SUN CREAM SPF 50+ PA+ 50 ML,359.00,En stock,N/A,https://beautymarket.ma/products/anua-airy-sun-cream-spf-50-pa-50-ml
BeautyMarket,Solaire,Solaire,DERMOZ CRÈME SOLAIRE INVISIBLE MATIFIANTE SPF 50,180.00,En stock,N/A,https://beautymarket.ma/products/dermoz-creme-solaire-invisible-spf-50
BeautyMarket,Solaire,Solaire,DERMEDIC SUNBRELLA 50+ PEAUX MIXTE A GRASSE 50 ML,219.00,En stock,N/A,https://beautymarket.ma/products/dermedic-sunbrella-50-peaux-mixte-a-grasse-50-ml
BeautyMarket,Solaire,Solaire,DCP SEPTIPLUS PH 5.5 SOIN LAVANT DOUX ANTISEPTIQUE 250ML,150.00,En stock,N/A,https://beautymarket.ma/products/dcp-septiplus-ph-5-5-soin-lavant-doux-antiseptique-250ml
BeautyMarket,Solaire,Solaire,CODEXIAL ENOBRIGHT PIGMENT CONTROL SPF 50+,273.00,En stock,N/A,https://beautymarket.ma/products/codexial-enobright-pigment-control-spf-50
BeautyMarket,Solaire,Solaire,ZIAJA MED CRÈME DE JOUR PROTECTRICE ÉCLAIRCISSANTE SPF20 – 50ML,215.00,En stock,N/A,https://beautymarket.ma/products/ziaja-med-creme-de-jour-protectrice-eclaircissante-spf20-50ml
BeautyMarket,Solaire,Solaire,GALBY HYDRASKIN CREME SOLAIRE INVISIBLE SPF50+ 50ML,285.00,En stock,N/A,https://beautymarket.ma/products/galby-sun-protect-hydratant-spf50
BeautyMarket,Solaire,Solaire,UV CONTROL ECRAN TOTAL IP 75 INVISIBLE,168.00,En stock,N/A,https://beautymarket.ma/products/uv-control-ecran-total-ip-75-invisible
BeautyMarket,Solaire,Solaire,ULTRASUN FACE MINÉRAL ULTRA-LIGHT SPF 50+40ML,210.00,En stock,N/A,https://beautymarket.ma/products/ultrasun-face-mineral-ultra-light-spf-5040ml
BeautyMarket,Solaire,Solaire,BIONIKE AKNET SUN SPF 50+ TRES HAUTE PROTECTION 50 ML,169.00,En stock,N/A,https://beautymarket.ma/products/bionike-aknet-sun-spf-50-tres-haute-protection-50-ml
BeautyMarket,Solaire,Solaire,HEI POA SOIN CAPILLAIRE-PUR MONOI DE TAHITI CHEVEUX SECS ET ABIMES 100,139.00,En stock,N/A,https://beautymarket.ma/products/hei-poa-soin-capillaire-pur-monoi-de-tahiti-cheveux-secs-et-abimes-100ml
BeautyMarket,Solaire,Solaire,DERMAGOR CREME SOLAIRE FPS 50+ UVA 40 ML,179.00,En stock,N/A,https://beautymarket.ma/products/dermagor-creme-solaire-fps-50-uva-40-ml
BeautyMarket,Solaire,Solaire,LADOZE ÉCRAN ÉCLAIRCISSANT 50ML,199.00,En stock,N/A,https://beautymarket.ma/products/ladoze-ecran-eclaircissant
BeautyMarket,Solaire,Solaire,UVP ECRAN SOLAIRE INVISIBLE 50+,150.00,En stock,N/A,https://beautymarket.ma/products/uvp-ecran-solaire-invisible-50
BeautyMarket,Solaire,Solaire,MUSSVITAL FACIAL FLUID EMULSION SPF50+ ANTIAGING 50ML,135.00,En stock,N/A,https://beautymarket.ma/products/mussvital-facial-fluid-emulsion-spf50-antiaging-50ml
BeautyMarket,Solaire,Solaire,NUXE NUXURIANCE ULTRA CRÈME REDENSIFIANTE SPF20 50ML,423.00,En stock,N/A,https://beautymarket.ma/products/nuxuriance-ultra-creme-redensifiante-spf20-50ml
BeautyMarket,Solaire,Solaire,DOMINANCE ECRAN SOLAIRE TEINTE CLAIRE SPF50+ 50ML,299.00,En stock,N/A,https://beautymarket.ma/products/dominance-ecran-solaire-teinte-claire-spf50-50ml
BeautyMarket,Solaire,Solaire,DERMOPHIL ECRAN TOTAL IP 50+,252.00,En stock,N/A,https://beautymarket.ma/products/dermophil-ecran-total-ip-50
BeautyMarket,Solaire,Solaire,COVERMARK RAYBLOCK FACE PLUS VISIBLE OILY ACNEIC SPF50+ 50ML,259.00,En stock,N/A,https://beautymarket.ma/products/covermark-pack-rayblock-face-plus-visible-oily-acneic-spf50-50ml-2
BeautyMarket,Solaire,Solaire,NIVEA SUN LAIT PROTECT ET BRONZE SPRAY IP20,165.00,En stock,N/A,https://beautymarket.ma/products/nivea-sun-lait-protect-et-bronze-spray-ip20
BeautyMarket,Solaire,Solaire,BIONIKE DEFENCE SUN SPF 50+ STICK 9ML,159.00,En stock,N/A,https://beautymarket.ma/products/bionike-defence-sun-spf-50-stick-9ml
BeautyMarket,Solaire,Solaire,HEI POA MONOI DE TAHITI TROPICAL 100 ML,139.00,En stock,N/A,https://beautymarket.ma/products/hei-poa-monoi-de-tahiti-tropical-monoi-100-ml
BeautyMarket,Solaire,Solaire,BELLA AURORA CC CREME ANTI TACHES SPF50 TEINTE CLAIRE = TROUSSE OFFERTE,319.00,En stock,N/A,https://beautymarket.ma/products/bella-aurora-cc-creme-anti-taches-spf50-clair-trousse-offerte-copie
BeautyMarket,Solaire,Solaire,BELLA AURORA CC CREME ANTI TACHES SPF50 TEINTE MEDIUM = TROUSSE OFFERTE,319.00,En stock,N/A,https://beautymarket.ma/products/bella-aurora-cc-creme-anti-taches-spf50-teinte-medium-trousse-offerte
BeautyMarket,Solaire,Solaire,DERMOZ CRÈME SOLAIRE TRÉS HAUTE PROTECTION SPF50+,150.00,En stock,N/A,https://beautymarket.ma/products/dermoz-creme-solaire-tres-haute-protection-spf50
BeautyMarket,Solaire,Solaire,SOPHIESKIN SOLAR FACIAL WHITENING SPF50 50ML,225.00,En stock,N/A,https://beautymarket.ma/products/sophieskin-solar-facial-whitening-spf50-50ml
BeautyMarket,Solaire,Solaire,COSRX CREME SOLAIRE ALOE SOOTHING SPF 50+ 50 ML,320.00,En stock,N/A,https://beautymarket.ma/products/cosrx-creme-solaire-aloe-soothing-spf-50-50-ml
BeautyMarket,Solaire,Solaire,BIOREGENA ECRAN SOLAIRE EN SPRAY SPF50 – 90ML,312.00,En stock,N/A,https://beautymarket.ma/products/bioregena-ecran-solaire-en-spray-spf50-90ml
BeautyMarket,Solaire,Solaire,ISISPHARMA NEOTONE RADIANCE SPF 50+ TEINTE MEDIUM 30ML,417.00,En stock,N/A,https://beautymarket.ma/products/isispharma-neotone-radiance-spf-50-teinte-medium-30ml
BeautyMarket,Solaire,Solaire,RILASTIL SUN SYSTEM LOTION BÉBÉ SPF 50+ 200 ML,255.00,En stock,N/A,https://beautymarket.ma/products/rilastil-sun-system-lotion-bebe-spf-50-200-ml
BeautyMarket,Solaire,Solaire,PLACENTOR CREME SOLAIRE INVISIBLE SPF50 40ML,222.00,En stock,N/A,https://beautymarket.ma/products/placentor-creme-solaire-invisible-spf50-40ml
BeautyMarket,Solaire,Solaire,NUHANCIAM FLUIDE PHOTO PROTECTEUR SPF50+ 50ML,345.00,En stock,N/A,https://beautymarket.ma/products/nuhanciam-fluide-photo-protecteur-spf50-50ml
BeautyMarket,Solaire,Solaire,NOREVA NORESUN UV PROTECT CRÈME MINÉRALE SPF 50 40 ML,210.00,En stock,N/A,https://beautymarket.ma/products/noreva-noresun-uv-protect-creme-minerale-spf-50-40-ml
BeautyMarket,Solaire,Solaire,DERMALIFT SUNLIFT CRÈME INVISIBLE 50+ 125 ML,297.00,En stock,N/A,https://beautymarket.ma/products/dermalift-sunlift-creme-invisible-50-125-ml
BeautyMarket,Solaire,Solaire,NIVEA SUN LAIT APRÈS-SOLEIL HYDRATANT À L'ALOE VERA BIO 200 ML,105.00,En stock,N/A,https://beautymarket.ma/products/nivea-sun-lait-apres-soleil-hydratant-a-laloe-vera-bio-200-ml
BeautyMarket,Solaire,Solaire,NIVEA SUN UV FACE SENSITIVE SPF50 CRÈME SOLAIRE 50ML,129.00,En stock,N/A,https://beautymarket.ma/products/nivea-sun-uv-face-sensitive-spf50-creme-solaire-50ml
BeautyMarket,Solaire,Solaire,URIAGE BARIESUN SUN WATER EAU SOLAIRE FRACHE SPF 50+ 200 ML,280.00,En stock,N/A,https://beautymarket.ma/products/uriage-bariesun-sun-water-eau-solaire-frache-spf-50-200-ml
BeautyMarket,Solaire,Solaire,PAUL DE VARTENS CRÈME SOLAIRE TEINTEE SPF 50+,390.00,En stock,N/A,https://beautymarket.ma/products/creme-solaire-teintee-spf-50
BeautyMarket,Solaire,Solaire,ZENSKA ÉCRAN SOLAIRE TEINTE CLAIRE – 50ML,240.00,En stock,N/A,https://beautymarket.ma/products/ecran-solaire-teinte-claire-50ml
BeautyMarket,Solaire,Solaire,ISISPHARMA KELOPLAST SCARS (SPF 50+) CRÈME RÉPARATRICE EFFET PANSEMENT,199.50,En stock,N/A,https://beautymarket.ma/products/isispharma-keloplast-scars-spf-50-creme-reparatrice-effet-pansement
BeautyMarket,Solaire,Solaire,HEI POA LAIT APRES SOLEIL TIARE 150ML,148.00,En stock,N/A,https://beautymarket.ma/products/hei-poa-lait-apres-soleil-tiare-150ml
BeautyMarket,Solaire,Solaire,PURIADERM PURISUN ECRAN TEINTE CLAIRE SPF50+ 50ML,277.00,En stock,N/A,https://beautymarket.ma/products/puriaderm-purisun-ecran-teinte-claire-spf50-50ml
BeautyMarket,Solaire,Solaire,ULTRASUN FACE ANTI-PIGMENTATION SPF50+,299.00,En stock,N/A,https://beautymarket.ma/products/ultrasun-face-anti-pigmentation-spf50
BeautyMarket,Solaire,Solaire,RILASTIL SUN SYSTEM CRÈME SPF50+ 50ML,190.00,En stock,N/A,https://beautymarket.ma/products/rilastil-sun-system-creme-spf50-50ml
BeautyMarket,Solaire,Solaire,LCA PHARMA ECRAN TEINTÉ SPF50+ TEINTE CLAIRE,219.00,En stock,N/A,https://beautymarket.ma/products/lca-pharma-ecran-teinte-spf50-teinte-claire
BeautyMarket,Solaire,Solaire,INSTITUT ESTHEDERM – BRONZ IMPULSE SPRAY VISAGE & CORPS – 150 ML,540.00,En stock,N/A,https://beautymarket.ma/products/institut-esthederm-bronz-impulse-spray-visage-corps-150-ml
BeautyMarket,Solaire,Solaire,INSTITUT ESTHEDERM APRES SOLEIL PROLONGATEUR 200 ML,659.00,En stock,N/A,https://beautymarket.ma/products/institut-esthederm-apres-soleil-prolongateur-200-ml
BeautyMarket,Solaire,Solaire,HYFAC SUN CRÉME SOLAIRE TEINTÉE SPF50+ – 40 ML,222.00,En stock,N/A,https://beautymarket.ma/products/hyfac-sun-creme-solaire-teintee-spf50-40-ml
BeautyMarket,Solaire,Solaire,EPTADERM EPTA SUN 50+ MINÉRAL TEINTÉ 40 ML,225.00,En stock,N/A,https://beautymarket.ma/products/eptaderm-epta-sun-50-mineral-teinte-40-ml
BeautyMarket,Solaire,Solaire,DERMAGOR – CRÈME SOLAIRE TEINTÉE TRÈS HAUTE PROTECTION SPF50+ – 100 ML,198.00,En stock,N/A,https://beautymarket.ma/products/dermagor-creme-solaire-teintee-tres-haute-protection-spf50-100-ml
BeautyMarket,Solaire,Solaire,ARNIDOL SUN STICK SPF50+ 15G,164.00,En stock,N/A,https://beautymarket.ma/products/arnidol-sun-stick-spf50-15g
BeautyMarket,Solaire,Solaire,AUSTRALIAN GOLD LOTION SOLAIRE VISAGE TEINTE BOTANIQUE SPF 50 PEAU CLAIRE A ILLUMINEE 89 ML,360.00,En stock,N/A,https://beautymarket.ma/products/australian-gold-lotion-solaire-visage-teinte-botanique-spf-50-peau-claire-a-illuminee-89-ml
BeautyMarket,Solaire,Solaire,KALINE PACK K-SUN ÉCRAN SOLAIRE INVISIBLE PEAUX MIXTES A GRASSES SPF 50 = K.AQUA COLD CREME OFFERT,179.00,En stock,N/A,https://beautymarket.ma/products/kaline-pack-k-sun-ecran-solaire-invisible-peaux-mixtes-a-grasses-spf-50-k-aqua-cold-creme-offerte
BeautyMarket,Solaire,Solaire,DR ALTHEA GREEN TEA FRESH SUNSCREEN SPF 50+ 45ML,319.00,En stock,N/A,https://beautymarket.ma/products/dr-althea-green-tea-fresh-sunscreen-spf-50-45ml
BeautyMarket,Solaire,Solaire,DR ALTHEA AQUA GLOWING SUNSCREEN 45 ML,319.00,En stock,N/A,https://beautymarket.ma/products/dr-althea-aqua-glowing-sunscreen-45-ml
BeautyMarket,Solaire,Solaire,SVR SUN SECURE FLUIDE PHOTO AGE SPF 50+ 40 ML,229.00,En stock,N/A,https://beautymarket.ma/products/svr-sun-secure-fluide-photo-age-spf-50-40-ml
BeautyMarket,Solaire,Solaire,DEPILIA ECRAN MINERAL TEINTE 50ML,160.00,En stock,N/A,https://beautymarket.ma/products/depilia-ecran-mineral-teinte-50ml
BeautyMarket,Solaire,Solaire,BIONIKE DEFENCE SUN APRES SOLEIL BEBE ET ENFANTS 200 ML,229.00,En stock,N/A,https://beautymarket.ma/products/bionike-defence-sun-apres-soleil-bebe-et-enfants-200-ml
BeautyMarket,Solaire,Solaire,COVERMARK RAYBLOCK BODY PLUS ENFANT SPF 50 + WATERPROOF 100 ML,219.00,En stock,N/A,https://beautymarket.ma/products/covermark-rayblock-body-plus-enfant-spf-50-waterproof-100-ml
BeautyMarket,Solaire,Solaire,BELLA AURORA ULTRA MAT GEL PHOTOPROTECTEUR ANTI TACHES SPF 50 50 ML,280.00,En stock,N/A,https://beautymarket.ma/products/bella-aurora-ultra-mat-photoprotecteur-anti-taches-spf-50-50-ml
BeautyMarket,Solaire,Solaire,PATYKA PACK DUO SOLAIRE SPF30,285.00,En stock,N/A,https://beautymarket.ma/products/patyka-pack-duo-solaire-spf30
BeautyMarket,Solaire,Solaire,LIERAC SUNISSIME LE FLUIDE VELOUTÉ SOLAIRE SPF50+ 40ML,399.00,En stock,N/A,https://beautymarket.ma/products/lierac-sunissime-le-fluide-veloute-solaire-spf50-40ml
BeautyMarket,Solaire,Solaire,DERMEDIC SUNBRELLA 50+ PEAUX SENSIBLE 50 ML,260.00,En stock,N/A,https://beautymarket.ma/products/dermedic-sunbrella-50-peaux-sensible-50-ml
BeautyMarket,Solaire,Solaire,NEROLA SUN SPF50+ ANTI-TACHES 50 ML,223.00,En stock,N/A,https://beautymarket.ma/products/nerola-sun-spf50-anti-taches-50-ml
BeautyMarket,Solaire,Solaire,BIOREGENA ECRAN SOLAIRE INVISIBLE EN CRÈME SPF50 – 40ML = LAIT APRÈS SOLEIL 125ML OFFERT,234.00,En stock,N/A,https://beautymarket.ma/products/bioregena-ecran-solaire-invisible-en-creme-spf50-40ml
BeautyMarket,Solaire,Solaire,NUXE SUN SPRAY SOLAIRE DELICIEUX SPF50 50ML,220.00,En stock,N/A,https://beautymarket.ma/products/nuxe-sun-spray-solaire-delicieux-spf50-50ml
BeautyMarket,Solaire,Solaire,NUXE SUN LAIT SOLAIRE FONDANT SPF 30 - 150 ML,290.00,En stock,N/A,https://beautymarket.ma/products/nuxe-sun-lait-solaire-fondant-spf-30-150-ml
BeautyMarket,Solaire,Solaire,NUXE LAIT SOLAIRE FONDANT HAUTE PROTECTION SPF50 VISAGE ET CORPS150ML + NUXE SHAMPOOING DOUCHE APRES SOLEIL 100ML,270.00,En stock,N/A,https://beautymarket.ma/products/nuxe-lait-solaire-fondant-haute-protection-spf50-visage-et-corps150ml-nuxe-shampooing-douche-apres-soleil-100ml
BeautyMarket,Solaire,Solaire,MATIS REPONSE PREVENTIVE CITY MOOD + BPOUCLIER PROTECTEUR 30ML,490.00,En stock,N/A,https://beautymarket.ma/products/matis-reponse-preventive-city-mood-bpouclier-protecteur-30ml
BeautyMarket,Solaire,Solaire,CAUDALIE VINOSUN PROTECT CRÈME HAUTE PROTECTION SPF30 50ML,370.00,En stock,N/A,https://beautymarket.ma/products/caudalie-vinosun-protect-creme-haute-protection-spf30-50ml
BeautyMarket,Solaire,Solaire,RILASTIL SUN SYSTEM DRY TOUCH SPF 50+ 200 ML,255.00,En stock,N/A,https://beautymarket.ma/products/rilastil-sun-system-dry-touch-spf-50-200-ml
BeautyMarket,Solaire,Solaire,NOVADERM ECRAN TEINTE SPF50+ 50ML,221.00,En stock,N/A,https://beautymarket.ma/products/novaderm-ecran-teinte-spf50-50ml
BeautyMarket,Solaire,Solaire,BIODERMA – PHOTODERM APRÈS-SOLEIL LAIT FRAÎCHEUR – 200ML,88.00,En stock,N/A,https://beautymarket.ma/products/bioderma-photoderm-apres-soleil-lait-fraicheur-200ml
BeautyMarket,Solaire,Solaire,MESOESTETIC MESOPROTECH HYDRA CREAM SPF50+ 50ML,299.00,En stock,N/A,https://beautymarket.ma/products/mesoestetic-mesoprotech-hydra-cream-spf50-50ml
BeautyMarket,Solaire,Solaire,COVERMARK RAYBLOCK FACE VISIBLE SPF60 50ML,290.00,En stock,N/A,https://beautymarket.ma/products/covermark-rayblock-face-visible-spf60-50ml
BeautyMarket,Solaire,Solaire,NUXE SUN LAIT SOLAIRE FONDANT HAUTE PROTECTION SPF50 VISAGE ET CORPS 150ML,245.00,En stock,N/A,https://beautymarket.ma/products/nuxe-sun-lait-solaire-fondant-haute-protection-spf50-visage-et-corps-150ml
BeautyMarket,Solaire,Solaire,HTDERM MINERAL TINTED 50+ 50ML,216.00,En stock,N/A,https://beautymarket.ma/products/htderm-mineral-tinted-50-50ml
BeautyMarket,Solaire,Solaire,BIOREGENA LAIT VELOUTÉ APRÈS-SOLEIL – 125ML,168.00,En stock,N/A,https://beautymarket.ma/products/bioregena-lait-veloute-apres-soleil-125ml
BeautyMarket,Solaire,Solaire,FLOXIA EMULSION TEINTEE SPF 50 PORCELAINE 50 ML,188.00,En stock,N/A,https://beautymarket.ma/products/floxia-emulsion-teintee-spf-50-porcelaine-50-ml
BeautyMarket,Solaire,Solaire,NUXE CRÈME SOLAIRE FONDANTE HAUTE PROTECTION SPF30 VISAGE 50ML,190.00,En stock,N/A,https://beautymarket.ma/products/creme-solaire-fondante-haute-protection-spf30-visage-50ml
BeautyMarket,Solaire,Solaire,CAUDALIE SPRAY SOLAIRE LACTÉ SPF30,304.00,En stock,N/A,https://beautymarket.ma/products/caudalie-spray-solaire-lacte-spf30
BeautyMarket,Solaire,Solaire,SYNBIONYME – MEDACNYL FLUIDE SOLAIRE SPF50 – 40 ML,285.00,En stock,N/A,https://beautymarket.ma/products/synbionyme-medacnyl-fluide-solaire-spf50-40-ml
BeautyMarket,Solaire,Solaire,SESDERMA REPASKIN DEFENSE MIST 50ML,390.00,En stock,N/A,https://beautymarket.ma/products/sesderma-repaskin-defense-mist-50ml
BeautyMarket,Solaire,Solaire,SESDERMA REPASKIN PEDIATRICS MINERAL BABY,375.00,En stock,N/A,https://beautymarket.ma/products/sesderma-repaskin-pediatrics-mineral-baby
BeautyMarket,Solaire,Solaire,PLACENTOR CREME SOLAIRE TEINTE SPF50 40ML,222.00,En stock,N/A,https://beautymarket.ma/products/placentor-creme-solaire-teinte-spf50-40ml
BeautyMarket,Solaire,Solaire,NOREVA NORESUN GRADUAL UV CRÈME TEINTÉE SPF 50+ 40ML,210.00,En stock,N/A,https://beautymarket.ma/products/noreva-noresun-gradual-uv-creme-teintee-spf-50-40ml
BeautyMarket,Solaire,Solaire,INSTITUT ESTHEDERM – PHOTO REVERSE HAUTE PROTECTION – SOIN PROTECTEUR ÉCLAIRCISSANT ANTI-TACHES – 50 ML,839.00,En stock,N/A,https://beautymarket.ma/products/institut-esthederm-photo-reverse-haute-protection-soin-protecteur-eclaircissant-anti-taches-50-ml
BeautyMarket,Solaire,Solaire,INSTITUT ESTHEDERM L’HUILE SOLAIRE SOIN PROTECTEUR CORPS ET CHEVEUX SO,659.00,En stock,N/A,https://beautymarket.ma/products/institut-esthederm-l-huile-solaire-soin-protecteur-corps-et-cheveux-soleil-fort-150-ml
BeautyMarket,Solaire,Solaire,FILORGA UV BRONZE CORPS SPRAY SOLAIRE ANTI-ÂGE SPF50+ – 150 ML,342.00,En stock,N/A,https://beautymarket.ma/products/filorga-uv-bronze-corps-spray-solaire-anti-age-spf50-150-ml
BeautyMarket,Solaire,Solaire,L'ORÉAL PARIS UV DEFENDER INVISIBLE RESISTE -ECRAN SOLAIRE SPF 50+ 50ML,120.00,En stock,N/A,https://beautymarket.ma/products/loreal-paris-uv-defender-invisible-resiste-ecran-solaire-spf-50-50ml
BeautyMarket,Solaire,Solaire,MAVIDERMA ECRAN FLUIDE MATIFIANT SPF50+ 50ML,219.00,En stock,N/A,https://beautymarket.ma/products/maviderma-ecran-fluide-matifiant-spf50-50ml
BeautyMarket,Solaire,Solaire,D-WHITE SPRAY SOLAIRE BIPHASIQUE SPF50+ 200ML,279.00,En stock,N/A,https://beautymarket.ma/products/d-white-spray-solaire-biphasique-spf50-200ml
BeautyMarket,Solaire,Solaire,D-WHITE LAIT SOLAIRE HYDRATANT SPF 50+ 200 ML,269.00,En stock,N/A,https://beautymarket.ma/products/d-white-lait-solaire-hydratant-spray-biphasique-spf-50-200-ml
BeautyMarket,Solaire,Solaire,EPTADERM EPTA SUN SPF50+ FLUIDE TEINTE MEDIUM 50ML,225.00,En stock,N/A,https://beautymarket.ma/products/eptaderm-epta-sun-spf50-fluide-teinte-medium-50ml
BeautyMarket,Solaire,Solaire,EPTADERM EPTA SUN SPF50+ FLUIDE TEINTE LIGHT 50ML,225.00,En stock,N/A,https://beautymarket.ma/products/eptaderm-epta-sun-spf50-fluide-teinte-light-50ml
BeautyMarket,Solaire,Solaire,EPTADERM EPTA AC SPF50+ 50ML,229.00,En stock,N/A,https://beautymarket.ma/products/eptaderm-epta-ac-spf50-50ml
BeautyMarket,Solaire,Solaire,AUSTRALIAN GOLD LOTION SOLAIRE VISAGE TEINTE BOTANIQUE SPF 50 MOYENNE A BRUNE 89 ML,360.00,En stock,N/A,https://beautymarket.ma/products/https-universparadiscount-ma-accueil-6887-australian-gold-lotion-solaire-visage-teinte-botanique-spf-50-moyenne-a-brune-89-ml-html-text-australian-20gold-20lotion-20solaire-20visage-20teinte-20botanique-20spf-2050-20moyenne-20a-20brune-2089-20ml
BeautyMarket,Solaire,Solaire,AUSTRALIAN GOLD ULTIMATE HYDRATATION SPF 50 100ML,250.00,En stock,N/A,https://beautymarket.ma/products/australian-gold-ultimate-hydratation-spf-50-100ml
BeautyMarket,Solaire,Solaire,AUSTRALIAN GOLD PLANT BASED SUNSCREEN LOTION SPF50 177ML,300.00,En stock,N/A,https://beautymarket.ma/products/australian-gold-plant-based-sunscreen-lotion-spf50-177ml
BeautyMarket,Solaire,Solaire,AUSTRALIAN GOLD LOTION SOLAIRE VÉGÉTALE SPF50 88 ML,219.00,En stock,N/A,https://beautymarket.ma/products/australian-gold-lotion-solaire-vegetale-spf50-88-ml
BeautyMarket,Solaire,Solaire,ESTHEDERM ADAPTASUN SPRAY LACTE SOLEIL FORT 150 ML,519.00,En stock,N/A,https://beautymarket.ma/products/esthederm-adaptasun-spray-lacte-soleil-fort-150-ml
BeautyMarket,Solaire,Solaire,BIONIKE DEFENCE SUN MELTING FACE CREAM 50+ 50ML,189.00,En stock,N/A,https://beautymarket.ma/products/bionike-defence-sun-melting-face-cream-50-50ml
BeautyMarket,Solaire,Solaire,BIONIKE DEFENCE SUN LOTION SPRAY APRES SOLEIL 200 ML,229.00,En stock,N/A,https://beautymarket.ma/products/bionike-defence-sun-lotion-spray-apres-soleil-200-ml
BeautyMarket,Solaire,Solaire,BIONIKE DEFENCE B LUCENT CREME PROTECTRICE ANTI TACHES SPF50 40ML,269.00,En stock,N/A,https://beautymarket.ma/products/bionike-defence-b-lucent-creme-protectrice-anti-taches-spf50-40ml
BeautyMarket,Solaire,Solaire,HEI POA MONOI DE TAHITI AU MONOI ORCHIDEE TROPICALE 100 ML,139.00,En stock,N/A,https://beautymarket.ma/products/hei-poa-monoi-de-tahiti-au-monoi-orchidee-tropicale-100-ml
BeautyMarket,Solaire,Solaire,FILORGA UV CELLULAR PROTECT GEL APRES SOLEIL BOOSTER DE BRONZAGE 125ML,379.00,En stock,N/A,https://beautymarket.ma/products/filorga-uv-cellular-protect-gel-apres-soleil-booster-de-bronzage-125ml
BeautyMarket,Solaire,Solaire,BIODERMA PHOTODERM XDEFENSE ULTRA FLUID SPF 50+ TEINTE 03 40ML,209.00,En stock,N/A,https://beautymarket.ma/products/bioderma-photoderm-xdefense-ultra-fluid-spf-50-teinte-03-40ml
BeautyMarket,Solaire,Solaire,REJUVASKIN SKIN RECOVERY CREAM 100ML,269.00,En stock,N/A,https://beautymarket.ma/products/rejuvaskin-skin-recovery-cream-100ml
BeautyMarket,Solaire,Solaire,DERMEDIC SUNBRELLA 50+ PEAUX NORMALE À SÈCHE 50ML,215.00,En stock,N/A,https://beautymarket.ma/products/dermedic-sunbrella-50-peaux-normale-a-seche-50ml
BeautyMarket,Solaire,Solaire,LADOZE ÉCRAN TEINTÉ SPF 50+,164.00,En stock,N/A,https://beautymarket.ma/products/ladoze-ecran-teinte-spf-50
BeautyMarket,Solaire,Solaire,NATURE'S ISOLARI EMULSIONE APRES SOLEIL HYDRATANTE 200ML,195.00,En stock,N/A,https://beautymarket.ma/products/natures-isolari-emulsione-apres-soleil-hydratante-200ml
BeautyMarket,Solaire,Solaire,HELIXIUM CRÈME SOLAIRE UIRAGE SPF 50+ 50 ML,253.00,En stock,N/A,https://beautymarket.ma/products/helixium-creme-solaire-uirage-spf-50-50-ml
BeautyMarket,Solaire,Solaire,BIOREGENA ECRAN SOLAIRE EN SPRAY SPF30 – 90ML,288.00,En stock,N/A,https://beautymarket.ma/products/bioregena-ecran-solaire-en-spray-spf30-90ml
BeautyMarket,Solaire,Solaire,HELIABRINE ECRAN SOLAIRE DEFENSE SPF50+ 75ML,399.00,En stock,N/A,https://beautymarket.ma/products/heliabrine-ecran-solaire-defense-spf50-75ml
BeautyMarket,Solaire,Solaire,DALTON BRIGHT PERFECTION PIGMENTATION CONTROL SPF 50+,775.00,En stock,N/A,https://beautymarket.ma/products/dalton-bright-perfection-pigmentation-control-spf-50
BeautyMarket,Solaire,Solaire,ZIAJA SUN LOTION SPRAY SPF30 170ML,148.00,En stock,N/A,https://beautymarket.ma/products/ziaja-sun-lotion-spray-spf30-170ml
BeautyMarket,Solaire,Solaire,CAUDALIE VINOSUN PROTECT LAIT RÉPARATEUR APRÈS-SOLEIL 400 ML,390.00,En stock,N/A,https://beautymarket.ma/products/caudalie-vinosun-protect-lait-reparateur-apres-soleil-400-ml
BeautyMarket,Solaire,Solaire,ULTRASUN BABY EMULSION SOLAIRE SPF 50+ 50ML,210.00,En stock,N/A,https://beautymarket.ma/products/ultrasun-baby-emulsion-solaire-spf-50-50ml
BeautyMarket,Solaire,Solaire,NEOSTRATA SHEER PHYSICAL PROTECTION SPF50+ 50ML,329.00,En stock,N/A,https://beautymarket.ma/products/neostrata-sheer-physical-protection-spf50-50ml
BeautyMarket,Solaire,Solaire,MESOESTETIC MESOPROTECH HUILE ANTI-ÂGE SPF50+ – 50 ML,440.00,En stock,N/A,https://beautymarket.ma/products/mesoestetic-mesoprotech-huile-anti-age-spf50-50-ml
BeautyMarket,Solaire,Solaire,MESOESTETIC MESOPROTECH SUN PROTECTIVE BODY LOTION SPF30 – 200 ML,345.00,En stock,N/A,https://beautymarket.ma/products/mesoestetic-mesoprotech-sun-protective-body-lotion-spf30-200-ml
BeautyMarket,Solaire,Solaire,JANSSEN COSMETICS LOTION APRÈS SOLEIL 200ML,399.00,En stock,N/A,https://beautymarket.ma/products/janssen-cosmetics-lotion-apres-soleil-200ml
BeautyMarket,Solaire,Solaire,JANSSEN COSMETICS ECRAN SOLAIRE HIGH SPF30 150ML,465.00,En stock,N/A,https://beautymarket.ma/products/janssen-cosmetics-ecran-solaire-high-spf30-150ml
BeautyMarket,Solaire,Solaire,INSTITUT ESTHEDERM – NO SUN 100% ÉCRANS MINÉRAUX – 50 ML,644.00,En stock,N/A,https://beautymarket.ma/products/institut-esthederm-no-sun-100-ecrans-mineraux-50-ml
BeautyMarket,Solaire,Solaire,INSTITUT ESTHEDERM BRONZ REPAIR SOIN PROTECTEUR TEINTÉ ANTI-RIDES FERMETÉ SOLEIL FORT 50 ML,734.00,En stock,N/A,https://beautymarket.ma/products/institut-esthederm-bronz-repair-soin-protecteur-teinte-anti-rides-fermete-soleil-fort-50-ml
BeautyMarket,Solaire,Solaire,FILORGA UV-BRONZE BRUME SPF50 – 60ML,342.00,En stock,N/A,https://beautymarket.ma/products/filorga-uv-bronze-brume-spf50-60ml
BeautyMarket,Solaire,Solaire,DERMETIK NUTRISUN SPF 50+ CRÈME SOLAIRE INVISIBLE – 50 ML,224.00,En stock,N/A,https://beautymarket.ma/products/dermetik-nutrisun-spf-50-creme-solaire-invisible-50-ml
BeautyMarket,Solaire,Solaire,DERMEDEN CRÈME DE JOUR ANTI-ÂGE TEINTÉE MEDIUM SPF50 – 50 ML,475.00,En stock,N/A,https://beautymarket.ma/products/dermeden-creme-de-jour-anti-age-teintee-medium-spf50-50-ml
BeautyMarket,Solaire,Solaire,DERMACEUTIC – DERMA DEFENSE CRÈME TEINTE MEDIUM SPF50 – 40 ML,420.00,En stock,N/A,https://beautymarket.ma/products/dermaceutic-derma-defense-creme-teinte-medium-spf50-40-ml
BeautyMarket,Solaire,Solaire,LCP ACNE CREME SOLAIRE MATIFIANTE SPF50+ 75ML,99.00,En stock,N/A,https://beautymarket.ma/products/lcp-acne-creme-solaire-matifiante-spf50-75ml
BeautyMarket,Solaire,Solaire,MEDICUBE ZERO PORE MOISTURE SUN SERUM 50ML SPF 50+PA+++,300.00,En stock,N/A,https://beautymarket.ma/products/medicube-zero-pore-moisture-sun-serum-50ml-spf-50-pa
BeautyMarket,Solaire,Solaire,EMBRYOLISSE STICK SOLAIRE SPF50+ STICK 15 G,190.00,En stock,N/A,https://beautymarket.ma/products/embryolisse-stick-solaire-spf50-stick-15-g
BeautyMarket,Solaire,Solaire,HARUHARU WONDER BLACK RICE MOISTURE AIRYFIT SPF50+PA++ 50ML,310.00,En stock,N/A,https://beautymarket.ma/products/haruharu-wonder-black-rice-moisture-airyfit-spf50-pa-50ml
BeautyMarket,Solaire,Solaire,HARUHARU WONDER - BLACK RICE PURE MINERAL RELIEF DAILY SUNSCREEN SPF50+PA++++ - FOR SENSIVE SKIN.,310.00,En stock,N/A,https://beautymarket.ma/products/haruharu-wonder-black-rice-pure-mineral-relief-daily-sunscreen-spf50-pa-for-sensive-skin
BeautyMarket,Solaire,Solaire,MEDICUBE COLLAGEN FIRMING SUN CREAM SPF 50 + 50ML,335.00,En stock,N/A,https://beautymarket.ma/products/medicube-collagen-firming-sun-cream-spf-50-50ml
BeautyMarket,Solaire,Solaire,SVR DENSITIUM CREME SPF30 50ML,489.00,En stock,N/A,https://beautymarket.ma/products/svr-densitium-creme-spf30-50ml
BeautyMarket,Solaire,Solaire,MARUDERM SPF50+ PA++++ CRÈME SOLAIRE HYDRATANTE 50 ML – PROTECTION MAX & PEAUX SENSIBLES,149.00,En stock,N/A,https://beautymarket.ma/products/maruderm-spf50-pa-creme-solaire-hydratante-50ml
BeautyMarket,Solaire,Solaire,MARUDERM SPF50+ PA++++ CRÈME SOLAIRE TON ROSE 50ML – PROTECTION MAX & TEINT UNIFORME,149.00,En stock,N/A,https://beautymarket.ma/products/maruderm-spf50-pa-creme-solaire-ton-rose-50ml
BeautyMarket,Solaire,Solaire,MARUDERM SPF50+ PA++++ CREME SOLAIRE ANTI BLEMISH 50ML – PROTECTION & PEAU UNIFORME,149.00,En stock,N/A,https://beautymarket.ma/products/maruderm-spf50-pa-creme-solaire-anti-blemish-50ml
BeautyMarket,Solaire,Solaire,MARUDERM SPF50+ PA++++ CREME SOLAIRE VITAMINE C 50ML – PROTECTION & ÉCLAT,149.00,En stock,N/A,https://beautymarket.ma/products/maruderm-spf50-pa-creme-solaire-vitamine-c-50ml
BeautyMarket,Solaire,Solaire,DERMALIUM CRÈME SOLAIRE SPF 50+POUR PEAUX GRASSES À IMPERFECTIONS,220.00,En stock,N/A,https://beautymarket.ma/products/dermalium-creme-solaire-spf-50-pour-peaux-grasses-a-imperfections
BeautyMarket,Solaire,Solaire,DERMALIUM CRÈME SOLAIRE SPF 50+POUR PEAUX SENSIBLE SECHES,220.00,En stock,N/A,https://beautymarket.ma/products/dermalium-creme-solaire-spf-50-pour-peaux-sensible-seches
BeautyMarket,Solaire,Solaire,MARTIDERM PROTEOS CRÈME SOLAIRE SPF 50+ 40ML – PROTECTION & HYDRATATION ANTI-ÂGE,290.00,En stock,N/A,https://beautymarket.ma/products/martiderm-proteos-creme-solaire-spf-50-40-ml
BeautyMarket,Solaire,Solaire,EVAWIN WHITEWIN ÉCRAN SOLAIRE INVISIBLE ANTI-TACHES SPF 50+ 50 ML – PROTECTION ÉCLAT ET TEINT UNIFORME,209.00,En stock,N/A,https://beautymarket.ma/products/evawin-whitewin-ecran-solaire-invisible-antitache-spf-50-50ml
BeautyMarket,Solaire,Solaire,ECLADERM PROTECT GLOW ÉCRAN SOLAIRE SPF50+ 50ML – FLUIDE INVISIBLE HAUTE PROTECTION & ÉCLAT NATUREL,219.00,En stock,N/A,https://beautymarket.ma/products/ecladerm-protect-glow-ecran-solaire-spf50-fluide-invisible-50ml
BeautyMarket,Solaire,Solaire,SKIN1004 MADAGASCAR CENTELLA HYALU-CICA WATER-FIT SUN SERUM SPF50+ 15ML – ÉCRAN SOLAIRE HYDRATANT & APAISANT,89.00,En stock,N/A,https://beautymarket.ma/products/skin-1004-madagascar-centella-hyalu-cica-water-fit-sun-serum-spf-50-15-ml
BeautyMarket,Solaire,Solaire,SKIN1004 CENTELLA HYALU-CICA WATER-FIT SUN SERUM SPF50+ 100ML,399.00,En stock,N/A,https://beautymarket.ma/products/skin-1004centella-hyalu-cica-water-fit-sun-serum-spf-50-100-ml
BeautyMarket,Solaire,Solaire,ANUA HEARTLEAF SILKY MOISTURE SUN CREAM SPF 50+ 50 ML – CRÈME SOLAIRE HYDRATANTE CORÉENNE,289.00,En stock,N/A,https://beautymarket.ma/products/anua-heartleaf-silky-moisture-sun-cream-spf-50-50ml
BeautyMarket,Solaire,Solaire,SENSILIS PHOTOCORRECTION AR SPF 50+ 40ML – CRÈME SOLAIRE ANTI-ROUGEURS & HAUTE PROTECTION PEAUX SENSIBLES,329.00,En stock,N/A,https://beautymarket.ma/products/sensilis-photocorrection-ar-spf-50-40ml-creme-solaire-anti-rougeurs-haute-protection-peaux-sensibles
BeautyMarket,Solaire,Solaire,SKIN 1004 PACK TWIN CENTELLA HYALU CICA WATER FIT SUN SERUM SPF 50+ PA 50+ ML *2,509.00,En stock,N/A,https://beautymarket.ma/products/skin-1004-pack-twin-centella-hyalu-cica-water-fit-sun-serum-spf-50-pa-50-ml-2
BeautyMarket,Solaire,Solaire,SENSILIS PHOTOCORRECTION [D-PIGMENT] SPF 50+ – CRÈME SOLAIRE ANTI-TACHES & ÉCLAT DU TEINT,269.00,En stock,N/A,https://beautymarket.ma/products/sensilis-photocorrection-d-pigment-spf-50-creme-solaire-anti-taches-eclat-du-teint
BeautyMarket,Solaire,Solaire,KALINE K-SUN PEAUX MIXTES À GRASSES NATURELLE CLAIRE SPF 50 = K-AQUA COLD CREA OFFERT,85.00,En stock,N/A,https://beautymarket.ma/products/kaline-k-sun-peaux-mixtes-a-grasses-naturelle-claire-spf-50-k-aqua-cold-cream-offerte
BeautyMarket,Solaire,Solaire,KALINE K-SUN PEAUX NORMALES À SÈCHES NATURELLE CLAIRE SPF 50 = K-AQUA COLD CREAM OFFERT,89.00,En stock,N/A,https://beautymarket.ma/products/kaline-k-sun-peaux-normales-a-seches-naturelle-claire-spf-50-k-aqua-cold-cream-offerte
BeautyMarket,Solaire,Solaire,KALINE K-SUN PEAUX NORMALES À SÈCHES BONNE MINE SPF 50 + K-AQUA COLD CREAM OFFERT,89.00,En stock,N/A,https://beautymarket.ma/products/kaline-k-sun-peaux-normales-a-seches-bonne-mine-spf-50-k-aqua-cold-cream-offerte
BeautyMarket,Solaire,Solaire,KALINE K-SUN PEAUX NORMALES À SÈCHES NATURELLE DORÉE SPF 50 + K-AQUA COLD CREAM OFFERT,89.00,En stock,N/A,https://beautymarket.ma/products/kaline-k-sun-peaux-normales-a-seches-naturelle-doree-spf-50-k-aqua-cold-cream-offerte
BeautyMarket,Solaire,Solaire,CURASKIN UV RESTORE CREME CICATRISANTE 50ML SPF50,209.00,En stock,N/A,https://beautymarket.ma/products/curaskin-uv-restore-creme-cicatrisante-50ml-spf50
BeautyMarket,Solaire,Solaire,K-SECRET SEOUL 1998 SUN PINE TREE + CERAMIDE 50ML SPF50,259.00,En stock,N/A,https://beautymarket.ma/products/k-secret-seoul-1998-sun-pine-tree-ceramide-50ml-spf50
BeautyMarket,Solaire,Solaire,GARNIER ULTRA DOUX BOX HAIR FOOD MASQUE NOURISSANT MULTI- USAGES À LA BANANE 390ML + SUPER UV INVISIBLE AIR-MIST SUNSCREEN 75ML,150.00,En stock,N/A,https://beautymarket.ma/products/garnier-ultra-doux-box-hair-food-masque-nourissant-multi-usages-a-la-banane-390ml-super-uv-invisible-air-mist-sunscreen-75ml
BeautyMarket,Solaire,Solaire,PHOTOWHITE ÉCRAN SOLAIRE OPALE SPF50+ – 50ML | PROTECTION UV HAUTE & TEINT UNIFIÉ,179.00,En stock,N/A,https://beautymarket.ma/products/photowhite-ecran-solaire-opale-spf50-50ml-protection-uv-haute-teint-unifie
BeautyMarket,Solaire,Solaire,ISISPHARMA UVEBLOCK SUN SERUM TRIPLE ACTION SPF50 28ML – ANTI-TACHES ANTI-ÂGE,359.00,En stock,N/A,https://beautymarket.ma/products/isispharma-uveblock-sun-serum-triple-action-spf50-28ml-anti-taches-anti-age-haute-protection
BeautyMarket,Solaire,Solaire,PACK ISISPHARMA UVEBLOCK FLUIDE 50+ TEINTE CLAIRE 40ML,270.00,En stock,N/A,https://beautymarket.ma/products/isis-pharma-uveblock-fluide-50-teinte-40ml
BeautyMarket,Solaire,Solaire,PACK PROMO ISISPHARMA UVEBLOCK FLUIDE TEINTÉ SPF50+ CLAIRE X2 (OFFRE PROMOTIONNELLE),318.00,En stock,N/A,https://beautymarket.ma/products/pack-isispharma-uveblock-fluide-teinte-spf-50-claire-40-ml-x2-promo
BeautyMarket,Solaire,Solaire,BRANDOC SUN PROTECT SPF 50+ TOUS TYPES DE PEAUX 50ML,150.00,En stock,N/A,https://beautymarket.ma/products/brandoc-sun-protect-spf-50-tous-types-de-peaux-50ml
BeautyMarket,Solaire,Solaire,COVERMARK RAYBLOCK FACE PLUS VISIBLE DRY SENSITIVE SPF50+ 50ML,219.00,En stock,N/A,https://beautymarket.ma/products/covermark-rayblock-face-plus-visible-dry-sensitive-spf50-50ml
BeautyMarket,Solaire,Solaire,NUXE SUN SPRAY SOLAIRE DELICIEUX SPF 30 150ML,329.00,En stock,N/A,https://beautymarket.ma/products/nuxe-sun-spray-solaire-delicieux-spf-30-150ml
BeautyMarket,Solaire,Solaire,ACNEWIN ECRAN FLUIDE INVISIBLE SPF50+ 50ML,135.00,En stock,N/A,https://beautymarket.ma/products/acnewin-ecran-fluide-invisible-spf50-50ml
BeautyMarket,Solaire,Solaire,MACADAMIA ENDLESS SUMMER AFTER SUN LEAVE & REPAIR 125 ML,299.00,En stock,N/A,https://beautymarket.ma/products/macadamia-endless-summer-after-sun-leave-repair-125-ml
BeautyMarket,Solaire,Solaire,GARNIER SUPER UV COOLING GEL 30ML,49.00,En stock,N/A,https://beautymarket.ma/products/garnier-super-uv-cooling-gel-30ml
BeautyMarket,Solaire,Solaire,ALPHASCIENCE ULTRA SHIELD SPF50+ – 40 ML,440.00,En stock,N/A,https://beautymarket.ma/products/alphascience-ultra-shield-spf50-40-ml
BeautyMarket,Solaire,Solaire,LA ROCHE POSAY ANTHELIOS UVMUNE 400 FLUIDE ANTI-TACHES SPF 50+,305.00,En stock,N/A,https://beautymarket.ma/products/la-roche-posay-anthelios-uvmune-400-fluide-anti-taches-spf-50-mela-b3-10ml-offert
BeautyMarket,Solaire,Solaire,BIODERMA PHOTODERM CRÈME SPF50+ TEINTÉE CLAIRE 40ML,199.00,En stock,N/A,https://beautymarket.ma/products/bioderma-photoderm-creme-spf50-teintee-claire-40ml
BeautyMarket,Solaire,Solaire,BIODERMA CICABIO CRÈME+ SPF50+ – SOIN ULTRA-RÉPARATEUR APAISANT – 40 ML,219.00,En stock,N/A,https://beautymarket.ma/products/bioderma-cicabio-creme-spf50-soin-ultra-reparateur-apaisant-40-ml
BeautyMarket,Solaire,Solaire,D-BIOTIC ECLABIOTIC SOLAIRE INVISIBLE SPF50+ 50 ML,240.00,En stock,N/A,https://beautymarket.ma/products/d-biotic-eclabiotic-solaire-spf50-50-ml
BeautyMarket,Solaire,Solaire,ISISPHARMA PACK PROMOTION RUBORIL EXPERT SPF 50+ TEINTE 40ML *2,418.00,En stock,N/A,https://beautymarket.ma/products/isispharma-pack-promotion-ruboril-expert-spf-50-teinte-40ml-2
BeautyMarket,Solaire,Solaire,D-BIOTIC ECLABIOTIC SOLAIRE TEINTÉ TRÈS CLAIRE SPF50+ – 50 ML,240.00,En stock,N/A,https://beautymarket.ma/products/d-biotic-eclabiotic-solaire-teinte-tres-claire-spf50-50-ml
BeautyMarket,Solaire,Solaire,CASTALIA HELIODERM FLUIDE SPF 50+,175.00,En stock,N/A,https://beautymarket.ma/products/castalia-helioderm-creme-sans-parfum-spf-50
BeautyMarket,Solaire,Solaire,ZENSKA PACK PROMO ÉCRAN SOLAIRE INVISIBLE 50ML,400.00,En stock,N/A,https://beautymarket.ma/products/zenska-pack-promo-ecran-solaire-invisible-50ml
BeautyMarket,Solaire,Solaire,"REVUELE HYDRALIFT HYALURON DAY CREAM-FLUID, 50 ML",35.00,En stock,N/A,https://beautymarket.ma/products/revuele-hydralift-hyaluron-day-cream-fluid-50-ml
BeautyMarket,Solaire,Solaire,ISISPHARMA UVEBLOCK MINERAL INVISIBLE SPF50 40ML-*2PROMOTION,340.00,En stock,N/A,https://beautymarket.ma/products/isispharma-uveblock-mineral-invisible-spf50-40ml-2promotion
BeautyMarket,Solaire,Solaire,ISISPHARMA UVEBLOCK 50 DRY TOUCH TEINTE CLAIRE 40 ML-*2PROMOTION,326.00,En stock,N/A,https://beautymarket.ma/products/isispharma-uveblock-50-dry-touch-teinte-claire-40-ml-2promotion
BeautyMarket,Solaire,Solaire,ISISPHARMA NEOTONE RADIANCE SPF 50+-30ML-*2PROMOTION,632.00,En stock,N/A,https://beautymarket.ma/products/isispharma-neotone-radiance-spf-50-30ml-2promotion
BeautyMarket,Solaire,Solaire,FILORGA UV CELLULAR PROTECT CREME SOLAIRE ANTI AGE SPF 50+ 40ML = FILORGA TROUSSE OFFERTE,420.00,En stock,N/A,https://beautymarket.ma/products/filorga-uv-cellular-protect-creme-solaire-anti-age-spf-50-40ml-filorga-trousse-offerte
BeautyMarket,Solaire,Solaire,"REVUELE ANTI PIGMENT DAY CREAM TINTED SPF 50, 40 ML",65.00,En stock,N/A,https://beautymarket.ma/products/revuele-anti-pigment-day-cream-tinted-spf-50-40-ml
BeautyMarket,Solaire,Solaire,"REVUELE SUNPROTECT DAILY FACE CREAM – OIL CONTROL, SPF 50+, 50 ML",65.00,En stock,N/A,https://beautymarket.ma/products/revuele-sunprotect-daily-face-cream-oil-control-spf-50-50-ml
BeautyMarket,Solaire,Solaire,"REVUELE SUNPROTECT DAILY FACE CREAM – MOISTURE BOOST, SPF 50+, 50 ML",65.00,En stock,N/A,https://beautymarket.ma/products/revuele-sunprotect-daily-face-cream-moisture-boost-spf-50-50-ml
BeautyMarket,Solaire,Solaire,"REVUELE DAILY SUN BARRIER SPF 50+, 50 ML",65.00,En stock,N/A,https://beautymarket.ma/products/revuele-daily-sun-barrier-spf-50-50-ml
BeautyMarket,Solaire,Solaire,"REVUELE ALOE DAILY SUN BARRIER SPF 50+, 50 ML",65.00,En stock,N/A,https://beautymarket.ma/products/revuele-aloe-daily-sun-barrier-spf-50-50-ml-c6-c7
BeautyMarket,Solaire,Solaire,ISISPHARMA PACK UVEBLOCK DRYTOUCH INVISIBLE SEC SPF50 40ML = UVEBLOCK DRYTOUCH INVISIBLE SEC SPF50 40ML OFFERT,350.00,En stock,N/A,https://beautymarket.ma/products/isispharma-uveblock-drytouch-invisible-sec-spf50-40ml-uveblock-drytouch-invisible-sec-spf50-40ml-offert
BeautyMarket,Solaire,Solaire,MDC SYNERGY ANTI-DARK SPOT-LESS SPF50+ 50ML,285.00,En stock,N/A,https://beautymarket.ma/products/mdc-synergy-anti-dark-spot-less-spf50-50ml
BeautyMarket,Solaire,Solaire,DUCRAY MELASCREEN FLUIDE ANTITACHES PROTECTEUR SPF50+-30ML,306.00,En stock,N/A,https://beautymarket.ma/products/ducray-melascreen-fluide-antitaches-protecteur-spf50-30ml
BeautyMarket,Solaire,Solaire,URIAGE BARIÉSUN CRÈME TEINTÉE SPF50+ TEINTE CLAIRE = CRÈME SPF50+ OFFERTE,319.00,En stock,N/A,https://beautymarket.ma/products/uriage-bariesun-creme-teintee-spf50-teinte-claire-bariesun-creme-spf50
BeautyMarket,Solaire,Solaire,URIAGE BARIÉSUN STICK MINÉRAL SPF50+ 18G = CRÈME SPF50+ OFFERTE,335.00,En stock,N/A,https://beautymarket.ma/products/uriage-bariesun-stick-mineral-spf50-18g-creme-spf50-offerte
BeautyMarket,Solaire,Solaire,ISISPHARMA UVEBLOCK FLUIDE INVISIBLE SPF50+ 40ML X2 (OFFRE PROMOTIONNELLE),318.00,En stock,N/A,https://beautymarket.ma/products/isispharma-uveblock-fluide-invisible-spf50-40ml-x2-offre-promotionnelle
BeautyMarket,Solaire,Auto Bronzant,AUSTRALIAN GOLD BRONZANT INSTANTANE SPRAY GEL ECRAN SOLAIRE SPF30- 237ML,300.00,En stock,N/A,https://beautymarket.ma/products/australian-gold-bronzant-instantane-spray-gel-ecran-solaire-spf30-237ml
BeautyMarket,Solaire,Auto Bronzant,AUSTRALIAN GOLD SPRAY GEL AVEC AGENT BRONZANT SPF 15 - 237 ML,300.00,En stock,N/A,https://beautymarket.ma/products/australian-gold-exotic-blend-spf-15-sunscreen-spray-gel-with-instant-bronzer-237-ml
BeautyMarket,Solaire,Auto Bronzant,LITENS COOL TANNING HUILE SOLAIRE SPF 6 COCO 250ML,132.00,En stock,N/A,https://beautymarket.ma/products/litens-cool-tanning-huile-solaire-spf-6-coco-250ml
BeautyMarket,Solaire,Auto Bronzant,HEI POA SOINS TRADITIONNELES MONOÏ SPECIFIQUE DE TAHITI NACRES OR 100ML,162.00,En stock,N/A,https://beautymarket.ma/products/hei-poa-soins-traditionneles-monoi-specifique-de-tahiti-nacres-or-100ml
BeautyMarket,Solaire,Auto Bronzant,FORTE PHARMA EXPERT AUTOBRONZ 60 GUMMIES 3EN1,278.00,En stock,N/A,https://beautymarket.ma/products/forte-pharma-expert-autobronz-60-gummies-3en1
BeautyMarket,Solaire,Auto Bronzant,MIELII HUILE BRONZANTE COCO VANILLE 100 ML,156.00,En stock,N/A,https://beautymarket.ma/products/mielii-huile-bronzante-coco-vanille
BeautyMarket,Solaire,Auto Bronzant,NUXE SUN PACK HUILE SOLAIRE BRONZANTE SPF30 150ML + LAIT FRAICHEUR APRES-SOLEIL 100ML,385.00,En stock,N/A,https://beautymarket.ma/products/nuxe-sun-pack-huile-solaire-bronzante-spf30-150ml-lait-fraicheur-apres-soleil-100ml
BeautyMarket,Solaire,Auto Bronzant,CAUDALIE VINOCRUSH POUDRE BRONZANTE LONGUE TENUE -8G,474.00,En stock,N/A,https://beautymarket.ma/products/caudalie-vinocrush-poudre-bronzante-longue-tenue
BeautyMarket,Solaire,Auto Bronzant,CAUDALIE GOUTTES SOLAIRES AUTOBRONZANTES 15ML,260.00,En stock,N/A,https://beautymarket.ma/products/caudalie-gouttes-solaires-autobronzantes-15ml
BeautyMarket,Solaire,Auto Bronzant,NIVEA SUN HUILE BRONZAGE PROTECTRICE CAROTÈNE SPF 6 200 ML,159.00,En stock,N/A,https://beautymarket.ma/products/nivea-huile-protectrice-en-spray-fps-6
BeautyMarket,Solaire,Auto Bronzant,NIVEA SUN SPRAY HUILE SOLAIRE CAROTÈNE 200 ML,109.00,En stock,N/A,https://beautymarket.ma/products/nivea-huile-bronzage-protectrice-carotene-200-ml
BeautyMarket,Solaire,Auto Bronzant,NIVEA LAIT PROTECTEUR INTENSE BRONZE SPF 6,89.00,En stock,N/A,https://beautymarket.ma/products/nivea-lait-protecteur-intense-bronze-spf-6
BeautyMarket,Solaire,Auto Bronzant,NUXE SUN HUILE SOLAIRE GOLD HAUTE PROTECTION SPF30,360.00,En stock,N/A,https://beautymarket.ma/products/nuxe-sun-huile-solaire-or-haute-protection-spf30
BeautyMarket,Solaire,Auto Bronzant,NUXE SUN HUILE SOLAIRE GOLD HAUTE PROTECTION SPF50 150ML,380.00,En stock,N/A,https://beautymarket.ma/products/nuxe-sun-huile-solaire-or-haute-protection-spf50
BeautyMarket,Solaire,Auto Bronzant,VAHEMA MONOI DE TAHITI HUILE COCO 100 ML,139.00,En stock,N/A,https://beautymarket.ma/products/vahema-monoi-de-tahiti-huile-coco-100-ml
BeautyMarket,Solaire,Auto Bronzant,VAHEMA MONOI DE TAHITI VANILLE 100 ML,139.00,En stock,N/A,https://beautymarket.ma/products/vahema-monoi-de-tahiti-vanille
BeautyMarket,Solaire,Auto Bronzant,VAHÉMA MONOI HUILE SÈCHE TIARÉ - 30% MONOÏ 100ML,149.00,En stock,N/A,https://beautymarket.ma/products/vahema-monoi-huile-seche-tiare-30-monoi-100ml
BeautyMarket,Solaire,Auto Bronzant,VAHEMA MONOI DE TAHITI GRAISSE A TRAIRE PAILLETEE 125 ML,149.00,En stock,N/A,https://beautymarket.ma/products/vahema-monoi-de-tahiti-graisse-a-traire-pailletee-125-ml
BeautyMarket,Solaire,Auto Bronzant,VAHEMA MANOI DE TAHITI EAU SOLAIRE SPF 30 ULTRA LEGERE 140 ML,199.00,En stock,N/A,https://beautymarket.ma/products/vahema-manoi-de-tahiti-eau-solaire-spf-30-ultra-legere-140-ml
BeautyMarket,Solaire,Auto Bronzant,VAHEMA MANOI DE TAHITI EAU SOLAIRE SPF 50 ULTRA LEGERE 140 ML,210.00,En stock,N/A,https://beautymarket.ma/products/vahema-manoi-de-tahiti-eau-solaire-spf-50-ultra-legere-140-ml
BeautyMarket,Solaire,Auto Bronzant,VAHEMA MANOI DE TAIHITI GRAISSE A TAIRE BRONZAGE SPRAY 100 ML,149.00,En stock,N/A,https://beautymarket.ma/products/vahema-manoi-de-taihiti-graisse-a-taire-bronzage-spray-100-ml
BeautyMarket,Solaire,Auto Bronzant,AUSTRALIAN GOLD EU SPF 15 SPRAY GEL BRONZER 100ML,180.00,En stock,N/A,https://beautymarket.ma/products/australian-gold-eu-spf-15-spray-gel-bronzer-100ml
BeautyMarket,Solaire,Auto Bronzant,AUSTRALIAN GOLD SPRAY HUILE SECHE INTENSIFICATRICE DE BRONZAGE 237 ML,300.00,En stock,N/A,https://beautymarket.ma/products/australian-gold-spray-huile-seche-intensificatrice-de-bronzage-237-ml-1
BeautyMarket,Solaire,Auto Bronzant,AUSTRALIAN GOLD LOTION INTENSIFIANTE DE BRONZAGE RAPIDE 250ML,360.00,En stock,N/A,https://beautymarket.ma/products/australian-gold-lotion-intensifiante-de-bronzage-rapide-250ml
BeautyMarket,Solaire,Auto Bronzant,VAHEMA MONOI DE TAHITI MACADAMIA,149.00,En stock,N/A,https://beautymarket.ma/products/vahema-monoi-de-tahiti-macadamia
BeautyMarket,Solaire,Auto Bronzant,LITENS HYDRATANT APRES SOLEIL CALMANT A L'ALOE VERA 250 ML,101.00,En stock,N/A,https://beautymarket.ma/products/litens-hydratant-apres-soleil-calmant-a-laloe-vera-250-ml
BeautyMarket,Solaire,Auto Bronzant,MIELII MONOÏ HUILE BRONZANTE 50 ML,107.00,En stock,N/A,https://beautymarket.ma/products/mielii-monoi-huile-bronzante
BeautyMarket,Solaire,Soin Apres Soleil,VICHY IDEAL SOLEIL SOIN LACTÉ QUOTIDIEN – LAIT APAISANT APRÈS SOLEIL – 300ML,180.00,En stock,N/A,https://beautymarket.ma/products/vichy-ideal-soleil-soin-lacte-quotidien-lait-apaisant-apres-soleil-300-ml
BeautyMarket,Solaire,Soin Apres Soleil,SVR SUN SECURE FLUIDE SPF 50+50ML,219.00,En stock,N/A,https://beautymarket.ma/products/svr-sun-secure-fluide-spf50-50ml
BeautyMarket,Solaire,Soin Apres Soleil,SVR SUN SECURE CRÈME SPF 50+ 50ML,267.94,En stock,N/A,https://beautymarket.ma/products/svr-sun-secure-creme-spf-50-50ml
BeautyMarket,Solaire,Soin Apres Soleil,ZIAJA APRÈS SOLAIRE GEL APAISANT 200ML,66.00,En stock,N/A,https://beautymarket.ma/products/ziaja-sun-brulure-solaire-gel-apaisant-200ml
BeautyMarket,Solaire,Soin Apres Soleil,CAMOMILLA BLU CRÈME HYDRATANTE – 200 ML,203.00,En stock,N/A,https://beautymarket.ma/products/camomilla-blu-creme-hydratante-200-ml
BeautyMarket,Solaire,Soin Apres Soleil,SVR SUN SECURE SPRAY APRES SOLEIL RAFRAICHISSANT APAISANT ET HYDRATANT 200 ML,255.00,En stock,N/A,https://beautymarket.ma/products/svr-sun-secure-spray-apres-soleil-rafraichissant-apaisant-et-hydratant-200-ml
BeautyMarket,Solaire,Soin Apres Soleil,HEI POA SPRAY LACTE APRES SOLEIL 150ML,160.00,En stock,N/A,https://beautymarket.ma/products/hei-poa-spray-lacte-apres-soleil-150ml
BeautyMarket,Solaire,Soin Apres Soleil,FILORGA UV-BRONZE APRES SOLEIL 200ML,343.00,En stock,N/A,https://beautymarket.ma/products/filorga-uv-bronze-apres-soleil-200ml
BeautyMarket,Solaire,Soin Apres Soleil,NUXE SUN LAIT FRAICHEUR APRES-SOLEIL VISAGE ET CORPS 400ML,290.00,En stock,N/A,https://beautymarket.ma/products/nuxe-sun-lait-fraicheur-apres-soleil-visage-et-corps-400ml
BeautyMarket,Solaire,Soin Apres Soleil,AUSTRALIAN GOLD SOOTHING ALOE GEL APRES SOLEIL 237 ML,192.00,En stock,N/A,https://beautymarket.ma/products/australian-gold-soothing-aloe-237-ml-gel-apres-soleil
BeautyMarket,Solaire,Soin Apres Soleil,CAUDALIE VINOSUN PROTECT LAIT APRÈS-SOLEIL 200ML,290.00,En stock,N/A,https://beautymarket.ma/products/caudalie-lait-apres-soleil-prolongateur-de-bronzage
BeautyMarket,Solaire,Soin Apres Soleil,AUSTRALIAN GOLD ALOE FREEZE SPRAY GEL 237G,240.00,En stock,N/A,https://beautymarket.ma/products/australian-gold-aloe-freeze-spray-gel-237g
BeautyMarket,Corps,Nettoyant Corps,CERAVE GEL MOUSSANT – 236 ML,102.00,En stock,N/A,https://beautymarket.ma/products/cerave-gel-moussant-236-ml
BeautyMarket,Corps,Nettoyant Corps,CERAVE CRÈME LAVANTE HYDRATANTE – 236 ML,89.00,En stock,N/A,https://beautymarket.ma/products/cerave-creme-lavante-hydratante-236-ml
BeautyMarket,Corps,Nettoyant Corps,VICHY NORMADERM PHYTOSOLUTION GEL PURIFIANT INTENSE – 400 ML,235.00,En stock,N/A,https://beautymarket.ma/products/vichy-normaderm-phytosolution-gel-purifiant-intense-400-ml
BeautyMarket,Corps,Nettoyant Corps,AVÈNE CLEANANCE GEL NETTOYANT 200ML,189.00,En stock,N/A,https://beautymarket.ma/products/avene-cleanance-gel-nettoyant-200ml
BeautyMarket,Corps,Nettoyant Corps,SVR SEBIACLEAR GEL MOUSSANT 400 ML,239.00,En stock,N/A,https://beautymarket.ma/products/svr-sebiaclear-gel-moussant-400-ml
BeautyMarket,Corps,Nettoyant Corps,SVR GEL LAVANT TOPIALYSE,135.00,En stock,N/A,https://beautymarket.ma/products/svr-gel-lavant-topialyse
BeautyMarket,Corps,Nettoyant Corps,LA ROCHE POSAY EFFACLAR GEL MICRO-PEELING PURIFIANT 400ML,255.00,En stock,N/A,https://beautymarket.ma/products/la-roche-posay-effaclar-gel-micro-peeling-purifiant-400ml
BeautyMarket,Corps,Nettoyant Corps,LA ROCHE-POSAY EFFACLAR GEL MOUSSANT PURIFIANT - ÉCO-RECHARGE 400ML,195.00,En stock,N/A,https://beautymarket.ma/products/la-roche-posay-effaclar-gel-moussant-purifiant-eco-recharge-400ml-1
BeautyMarket,Corps,Nettoyant Corps,PANOXYL NETTOYANT VISAGE CREMEUX 4% CONTROLE QUOTIDIEN 170 G,280.00,En stock,N/A,https://beautymarket.ma/products/panoxyl-nettoyant-visage-cremeux-4-controle-quotidien-170-g
BeautyMarket,Corps,Nettoyant Corps,DUCRAY - KERACNYL GEL MOUSSANT - 200 ML,179.00,En stock,N/A,https://beautymarket.ma/products/ducray-keracnyl-gel-moussant-200-ml-1
BeautyMarket,Corps,Nettoyant Corps,MIXA GEL DOUCHE DERMO-APAISANT 400ML,60.00,En stock,N/A,https://beautymarket.ma/products/mixa-gel-douche-dermo-apaisant-400ml
BeautyMarket,Corps,Nettoyant Corps,URIAGE BARIÉDERM CICA-CRÈME RÉPARATRICE AU CU-ZN 40ML,149.00,En stock,N/A,https://beautymarket.ma/products/uriage-bariederm-cica-creme-reparatrice-au-cu-zn-40ml
BeautyMarket,Corps,Nettoyant Corps,DERMOCARE GEL NETTOYANT ECLAIRÇISSANT 400ML,175.00,En stock,N/A,https://beautymarket.ma/products/dermocare-gel-nettoyant-eclaircissant-400ml
BeautyMarket,Corps,Nettoyant Corps,OFFRE GILBERT LINIDERM LINIMENT OLÉO-CALCAIRE FLACON-POMPE – 1 L + GILBERT CARRÉS DE SOIN VISAGE & CORPS – 100 PIÉCES,350.00,En stock,N/A,https://beautymarket.ma/products/offre-gilbert-liniderm-liniment-oleo-calcaire-flacon-pompe-1-l-gilbert-carres-de-soin-visage-corps-100-pieces
BeautyMarket,Corps,Nettoyant Corps,CAMOMILLA BLU GEL NETTOYANT SURGRAS – 500 ML,240.00,En stock,N/A,https://beautymarket.ma/products/camomilla-blu-gel-nettoyant-surgras-500-ml
BeautyMarket,Corps,Nettoyant Corps,LA ROCHE-POSAY LIPIKAR SYNDET AP+ – 400 ML,289.00,En stock,N/A,https://beautymarket.ma/products/la-roche-posay-lipikar-syndet-ap-400-ml
BeautyMarket,Corps,Nettoyant Corps,ACM SÉBIONEX GEL NETTOYANT – 200 ML,164.00,En stock,N/A,https://beautymarket.ma/products/acm-sebionex-gel-moussant-200-ml
BeautyMarket,Corps,Nettoyant Corps,NEW DERM GEL SURGRAS 500ML,198.00,En stock,N/A,https://beautymarket.ma/products/new-derm-gel-surgras-500ml-1
BeautyMarket,Corps,Nettoyant Corps,CAMOMILLA BLU GEL NETTOYANT SURGRAS – 300 ML,168.00,En stock,N/A,https://beautymarket.ma/products/camomilla-blu-gel-nettoyant-surgras-300-ml
BeautyMarket,Corps,Nettoyant Corps,HT CEUTIC HT CEUTIC MOUSSE NETTOYANT BOOSTER ECLAT 150ML,290.00,En stock,N/A,https://beautymarket.ma/products/ht-ceutic-ht-ceutic-mousse-nettoyant-booster-eclat-150ml
BeautyMarket,Corps,Nettoyant Corps,URIAGE – HYSÉAC – GEL NETTOYANT – 150 ML,215.00,En stock,N/A,https://beautymarket.ma/products/uriage-hyseac-gel-nettoyant-150-ml
BeautyMarket,Corps,Nettoyant Corps,LA ROCHE-POSAY CICAPLAST LAVANT B5 – 200 ML,144.00,En stock,N/A,https://beautymarket.ma/products/la-roche-posay-cicaplast-lavant-b5-200-ml
BeautyMarket,Corps,Nettoyant Corps,A-DERMA EXOMEGA HUILE LAVANTE ÉMOLLIENTE ANTI-GRATTAGE 200 ML,113.00,En stock,N/A,https://beautymarket.ma/products/a-derma-exomega-huile-lavante-emolliente-anti-grattage-200-ml
BeautyMarket,Corps,Nettoyant Corps,CURASKIN CURAWHITE MOUSSE NETTOYANT ECLAT 150ML,227.00,En stock,N/A,https://beautymarket.ma/products/curaskin-curawhite-mousse-nettoyant-eclat-150ml
BeautyMarket,Corps,Nettoyant Corps,A-DERMA BIOLOGY AC GEL MOUSSANT PURIFIANT 200 ML,189.00,En stock,N/A,https://beautymarket.ma/products/lightbox-a-derma-phys-ac-gel-moussant-purifiant-gel-moussant-phys-ac-200-ml
BeautyMarket,Corps,Nettoyant Corps,URIAGE BÉBÉ 1ERE EAU NETTOYANTE 500ML,139.00,En stock,N/A,https://beautymarket.ma/products/uriage-bebe-1ere-eau-nettoyante-500ml
BeautyMarket,Corps,Nettoyant Corps,JONZAC EAU THERMALE HUILE LAVANTE ATO RELIPIDANTE 500ML,190.00,En stock,N/A,https://beautymarket.ma/products/jonzac-eau-thermale-huile-lavante-relipidante-500ml
BeautyMarket,Corps,Nettoyant Corps,ISDIN ACNIBEN GEL NETTOYANTE PURIFIANTE 400ML,255.00,En stock,N/A,https://beautymarket.ma/products/isdin-acniben-mousse-nettoyante-purifiante-400ml
BeautyMarket,Corps,Nettoyant Corps,SVR SEBIACLEAR CREME LAVANTE 200 ML,202.00,En stock,N/A,https://beautymarket.ma/products/svr-sebiaclear-creme-lavante-200-ml
BeautyMarket,Corps,Nettoyant Corps,MIXA CRÈME DOUCHE SURGRAS 400ML,60.00,En stock,N/A,https://beautymarket.ma/products/mixa-creme-douche-surgras-400ml
BeautyMarket,Corps,Nettoyant Corps,BIODERMA ABCDERM GEL NETTOYANT MOUSSANT DOUX 200 ML,129.00,En stock,N/A,https://beautymarket.ma/products/abcderm-gel-moussant-200ml
BeautyMarket,Corps,Nettoyant Corps,SVR SEBIACLEAR CREME LAVANTE 400 ML,279.00,En stock,N/A,https://beautymarket.ma/products/svr-sebiaclear-creme-lavante-400-ml
BeautyMarket,Corps,Nettoyant Corps,URIAGE CREME LAVANTE 500ML = LAIT VELOUTÉ 200 ML OFFERT,229.00,En stock,N/A,https://beautymarket.ma/products/uriage-creme-lavante-500ml
BeautyMarket,Corps,Nettoyant Corps,LA ROCHE-POSAY LIPIKAR SYNDET AP+ – 200 ML,155.00,En stock,N/A,https://beautymarket.ma/products/la-roche-posay-lipikar-syndet-ap-200-ml
BeautyMarket,Corps,Nettoyant Corps,DERMOCARE GEL NETTOYANT ECLAIRÇISSANT 200ML,124.00,En stock,N/A,https://beautymarket.ma/products/dermocare-gel-nettoyant-eclaircissant-200ml
BeautyMarket,Corps,Nettoyant Corps,AVÈNE - CLEANANCE HYDRA CRÈME LAVANTE APAISANTE 200 ML,190.00,En stock,N/A,https://beautymarket.ma/products/avene-cleanance-hydra-creme-lavante-apaisante-200-ml
BeautyMarket,Corps,Nettoyant Corps,HYFAC GEL NETTOYANT PURIFIANT 300 ML,184.00,En stock,N/A,https://beautymarket.ma/products/hyfac-gel-nettoyant-purifiant-300-ml
BeautyMarket,Corps,Nettoyant Corps,A-DERMA EXOMEGA HUILE LAVANTE ÉMOLLIENTE ANTI-GRATTAGE 500 ML,233.00,En stock,N/A,https://beautymarket.ma/products/a-derma-exomega-huile-lavante-emolliente-anti-grattage-500-ml
BeautyMarket,Corps,Nettoyant Corps,CHOLLEY GEL-CREME ECLAIRCISSANT 50ML,479.00,En stock,N/A,https://beautymarket.ma/products/cholley-gel-creme-eclaircissant-50ml
BeautyMarket,Corps,Nettoyant Corps,ACM SENSITÉLIAL GEL NETTOYANT SURGRAS 500 ML,218.00,En stock,N/A,https://beautymarket.ma/products/acm-sensitelial-gel-nettoyant-surgras-500-ml
BeautyMarket,Corps,Nettoyant Corps,AVÈNE XERACALM NUTRITION GEL NETTOYANT 500ML,259.00,En stock,N/A,https://beautymarket.ma/products/avene-xeracalm-nutrition-gel-nettoyant-500ml
BeautyMarket,Corps,Nettoyant Corps,SOMEBYMI AHA-BHA-PHA 30 DAYS MIRACLE ACNE CLEAR BODY CLEANSER 400G,312.00,En stock,N/A,https://beautymarket.ma/products/some-by-mi-aha-bha-pha-30-days-miracle-acne-clear-body-cleanser-400g
BeautyMarket,Corps,Nettoyant Corps,CENTAUREA GEL NETTOYANT SURGRAS 500ML,175.00,En stock,N/A,https://beautymarket.ma/products/centaurea-gel-nettoyant-surgras-500ml
BeautyMarket,Corps,Nettoyant Corps,CETAPHIL LOTION NETTOYANTE VISAGE/CORPS PEAU SENSIBLE 200 ML,99.00,En stock,N/A,https://beautymarket.ma/products/cetaphil-lotion-nettoyante-visage-corps-peau-sensible-200-ml
BeautyMarket,Corps,Nettoyant Corps,LA ROCHE-POSAY LIPIKAR PAIN PHYSIOLOGIQUE PEAU SENSIBLE SÈCHE | 150G,99.00,En stock,N/A,https://beautymarket.ma/products/la-roche-posay-lipikar-pain-physiologique-peau-sensible-seche-150g
BeautyMarket,Corps,Nettoyant Corps,SVR GEL LAVANT TOPIALYSE 1L,300.00,En stock,N/A,https://beautymarket.ma/products/svr-gel-lavant-topialyse-1l-format-voyage-55ml-offert
BeautyMarket,Corps,Nettoyant Corps,URIAGE BÉBÉ 1ERE EAU NETTOYANTE 1 L,295.00,En stock,N/A,https://beautymarket.ma/products/uriage-bebe-1ere-eau-nettoyante-1-l
BeautyMarket,Corps,Nettoyant Corps,URIAGE – HUILE LAVANTE – 500 ML,258.00,En stock,N/A,https://beautymarket.ma/products/uriage-huile-lavante-500-ml
BeautyMarket,Corps,Nettoyant Corps,NATURALIA ALOE VERA GEL NETTOYANT VISAGE ET CORPS 200 ML,150.00,En stock,N/A,https://beautymarket.ma/products/naturalia-aloe-vera-gel-nettoyant-visage-et-corps-200-ml-1
BeautyMarket,Corps,Nettoyant Corps,CHOLLEY PHYTOBIOTECH SATIN ACE CREAM 50ML,524.00,En stock,N/A,https://beautymarket.ma/products/cholley-phytobiotech-satin-ace-cream-50ml
BeautyMarket,Corps,Nettoyant Corps,LAINO GEL DOUCHE HYDRATANT 3 EN 1 AU MONOÏ DE TAHITI 200 ML,43.00,En stock,N/A,https://beautymarket.ma/products/laino-gel-douche-hydratant-3-en-1-au-monoi-de-tahiti-200-ml
BeautyMarket,Corps,Nettoyant Corps,URIAGE BARIÉDERM GEL NETTOYANT – 200 ML,139.00,En stock,N/A,https://beautymarket.ma/products/uriage-bariederm-gel-nettoyant-200-ml-1
BeautyMarket,Corps,Nettoyant Corps,URIAGE CRÈME LAVANTE 200 ML,179.00,En stock,N/A,https://beautymarket.ma/products/uriage-creme-lavante-200-ml
BeautyMarket,Corps,Nettoyant Corps,CENTIFOLIA GEL LAVANT NEUTRE 3EN1,81.00,En stock,N/A,https://beautymarket.ma/products/gel-lavant-neutre-3en1-250ml
BeautyMarket,Corps,Nettoyant Corps,DEPILIA DEPICALM GEL SURGRAS 200ML,108.00,En stock,N/A,https://beautymarket.ma/products/depilia-depicalm-gel-surgras-200ml
BeautyMarket,Corps,Nettoyant Corps,CAVAILLES MA ROUTINE NOURRISSANTE,245.00,En stock,N/A,https://beautymarket.ma/products/roges-cavailles-ma-routine-nourrissante
BeautyMarket,Corps,Nettoyant Corps,AVENE TRIXERA NETTOYANT 400ML,220.00,En stock,N/A,https://beautymarket.ma/products/avene-trixera-nettoyant
BeautyMarket,Corps,Nettoyant Corps,EVAWIN PHARMA ACNEWIN GEL NETTOYANT PURIFIANT 200ML,155.00,En stock,N/A,https://beautymarket.ma/products/evawin-pharma-acnewin-gel-nettoyant-purifiant-200ml
BeautyMarket,Corps,Nettoyant Corps,CKS GEL LAVANT SURGRAS 750ML,210.00,En stock,N/A,https://beautymarket.ma/products/cks-gel-lavant-surgras-750ml
BeautyMarket,Corps,Nettoyant Corps,BIODERMA ATODERM GEL DOUCHE 1L,380.00,En stock,N/A,https://beautymarket.ma/products/bioderma-atoderm-gel-douche-1l
BeautyMarket,Corps,Nettoyant Corps,NUXE RÊVE DE MIEL GEL LAVANT SURGRAS VISAGE ET CORPS 750 ML,299.00,En stock,N/A,https://beautymarket.ma/products/nuxe-reve-de-miel-gel-lavant-surgras-visage-et-corps-750-ml
BeautyMarket,Corps,Nettoyant Corps,LCA PHARMA AKNORM GEL MOUSSANT PURIFIANT 200ML,239.00,En stock,N/A,https://beautymarket.ma/products/lca-pharma-aknorm-gel-moussant-purifiant-200ml
BeautyMarket,Corps,Nettoyant Corps,EUCERIN ATOPICONTROL HUILE BAIN ET DOUCHE 400ML,248.00,En stock,N/A,https://beautymarket.ma/products/eucerin-atopicontrol-huile-bain-et-douche-400ml
BeautyMarket,Corps,Nettoyant Corps,ECLIN GEL NETTOYANT SURGRAS 200ML,150.00,En stock,N/A,https://beautymarket.ma/products/eclin-gel-nettoyant-surgras-200ml
BeautyMarket,Corps,Nettoyant Corps,ADDAX SEPTIDOL GEL INTIME PH5 – 125 ML,87.00,En stock,N/A,https://beautymarket.ma/products/addax-septidol-gel-intime-ph5-125-ml
BeautyMarket,Corps,Nettoyant Corps,SVR XERIAL GOMMAGE CORPS 100 G = TOPIALYSE HUILE LAVANTE 55ML OFFERTE,239.00,En stock,N/A,https://beautymarket.ma/products/svr-xerial-gommage-corps-100-g-topialyse-huile-lavante-55ml-offerte-copy
BeautyMarket,Corps,Nettoyant Corps,NEUTRADERM REIPID+ HUILE LAVANTE RELIPIDANTE 1L,209.00,En stock,N/A,https://beautymarket.ma/products/neutraderm-reipid-huile-lavante-relipidante-1l
BeautyMarket,Corps,Nettoyant Corps,ACM SENSITÉLIAL GEL NETTOYANT SURGRAS 200 ML,179.00,En stock,N/A,https://beautymarket.ma/products/acm-sensitelial-gel-nettoyant-surgras
BeautyMarket,Corps,Nettoyant Corps,BIORGA MYCOGEL GEL NETTOYANT MOUSSANT 150ML,179.00,En stock,N/A,https://beautymarket.ma/products/biorga-mycogel-gel-nettoyant-moussant-150ml
BeautyMarket,Corps,Nettoyant Corps,CENTAUREA GEL NETTOYANT SURGRAS 200ML,165.00,En stock,N/A,https://beautymarket.ma/products/centaurea-gel-nettoyant-surgras-200ml
BeautyMarket,Corps,Nettoyant Corps,ADDAX SEPTIDOL GEL INTIME PH5 – 250 ML,135.00,En stock,N/A,https://beautymarket.ma/products/addax-septidol-gel-intime-ph5-250-ml
BeautyMarket,Corps,Nettoyant Corps,CAVAILLES GEL BAIN ET DOUCHE SURGRAS FLEUR DE COTON 400 ML,145.00,En stock,N/A,https://beautymarket.ma/products/roge-cavailles-gel-bain-et-douche-surgras-fleur-de-coton-400-ml
BeautyMarket,Corps,Nettoyant Corps,BETER COFFEE O CLOCK EPONGE EN MAILLE GOMMAGE 22225,39.00,En stock,N/A,https://beautymarket.ma/products/beter-coffee-o-clock-eponge-en-maille-gommage
BeautyMarket,Corps,Nettoyant Corps,LA ROCHE POSAY PACK EFFACLAR GEL MOUSSANT 200 ML + ÉCO-RECHARGE 400ML,360.00,En stock,N/A,https://beautymarket.ma/products/la-roche-posay-pack-effaclar-gel-moussant-200-ml-eco-recharge-400ml
BeautyMarket,Corps,Nettoyant Corps,CAMOMILLA BLU GEL LAVANTE PREMIERE PEAU 300ML,119.00,En stock,N/A,https://beautymarket.ma/products/camomilla-blu-gel-lavante-premiere-peau-300ml
BeautyMarket,Corps,Nettoyant Corps,CAVAILLES GEL BAIN DOUCHE HUILLE DE MACADAMIA PEAUX SÈCHES 400 ML,157.00,En stock,N/A,https://beautymarket.ma/products/roge-cavailles-gel-bain-douche-huille-de-macadamia-peaux-seches-400-ml
BeautyMarket,Corps,Nettoyant Corps,DERMALIFT SÉBOLIFT GEL NETTOYANT PURIFIANT 500 ML,261.00,En stock,N/A,https://beautymarket.ma/products/dermalift-sebolift-gel-nettoyant-purifiant-200-ml
BeautyMarket,Corps,Nettoyant Corps,HYFAC GEL NETTOYANT PURIFIANT ANTI-IMPERFECTIONS – 150 ML,180.00,En stock,N/A,https://beautymarket.ma/products/hyfac-gel-nettoyant-purifiant-anti-imperfections-150-ml
BeautyMarket,Corps,Nettoyant Corps,BIODERMA – ATODERM INTENSIVE GEL MOUSSANT – 200 ML,179.00,En stock,N/A,https://beautymarket.ma/products/bioderma-atoderm-intensive-gel-moussant-200-ml
BeautyMarket,Corps,Nettoyant Corps,NEUTRADERM RELIPID+ HUILE LAVANTE RELIPIDANTE 400ML,153.00,En stock,N/A,https://beautymarket.ma/products/neutraderm-relipid-huile-lavante-relipidante-400ml
BeautyMarket,Corps,Nettoyant Corps,LCA PHARMA GEL LAVANT SURGRAS 200ML,164.00,En stock,N/A,https://beautymarket.ma/products/lca-pharma-gel-lavant-surgras-200ml
BeautyMarket,Corps,Nettoyant Corps,A-DERMA EXOMEGA GEL MOUSSANT ÉMOLLIENT ANTI-GRATTAGE 500 ML,230.00,En stock,N/A,https://beautymarket.ma/products/a-derma-exomega-gel-moussant-emollient-anti-grattage-500-ml
BeautyMarket,Corps,Nettoyant Corps,CUMLAUDE LAB PREBIOTIC MOUSSE 150ML – MOUSSE INTIME PRÉBIOTIQUE & ÉQUILIBRANTE,145.00,En stock,N/A,https://beautymarket.ma/products/cumlaude-lab-prebiotic-mousse-150ml
BeautyMarket,Corps,Nettoyant Corps,PHOTOWHITE MOUSSE NETTOYANTE PURIFIANTE 200ML,186.00,En stock,N/A,https://beautymarket.ma/products/photowhite-mousse-nettoyante-purifiante-200ml
BeautyMarket,Corps,Nettoyant Corps,MAGICLEAR SAVON CLARIFIANT EXFOLIANT,130.00,En stock,N/A,https://beautymarket.ma/products/magiclear-savon-clarifiant-exfoliant
BeautyMarket,Corps,Nettoyant Corps,KLORANE BÉBÉ SAVON SURGRAS DOUX – 250 G,76.00,En stock,N/A,https://beautymarket.ma/products/klorane-bebe-savon-surgras-doux-250-g
BeautyMarket,Corps,Nettoyant Corps,BIODERMA ATODERM CREME DE DOUCHE 1L,339.00,En stock,N/A,https://beautymarket.ma/products/bioderma-atoderm-creme-de-douche-1l
BeautyMarket,Corps,Nettoyant Corps,A-DERMA EXOMEGA GEL MOUSSANT ÉMOLLIENT ANTI-GRATTAGE 200 ML,129.00,En stock,N/A,https://beautymarket.ma/products/a-derma-exomega-gel-moussant-emollient-anti-grattage-200-ml
BeautyMarket,Corps,Nettoyant Corps,URIAGE D.S GEL MOUSSANT RÉGULATEUR – 150 ML,199.00,En stock,N/A,https://beautymarket.ma/products/uriage-d-s-gel-moussant-regulateur-150-ml
BeautyMarket,Corps,Nettoyant Corps,ADDAX SEPTIDOL GEL INTIME PH8 – 250 ML,134.00,En stock,N/A,https://beautymarket.ma/products/addax-septidol-gel-intime-ph8-250-ml
BeautyMarket,Corps,Nettoyant Corps,ISISPHARMA URELIA GEL NETTOYANT EXFOLIANT – 200ML,213.75,En stock,N/A,https://beautymarket.ma/products/isispharma-urelia-gel-nettoyant-exfoliant-200ml
BeautyMarket,Corps,Nettoyant Corps,ATODERM INTENSIVE GEL MOUSSANT 500 ML,257.00,En stock,N/A,https://beautymarket.ma/products/atoderm-intensive-gel-moussant-500-ml
BeautyMarket,Corps,Nettoyant Corps,FLOXIA GEL NETTOYANT DOUCEUR 200 ML,128.00,En stock,N/A,https://beautymarket.ma/products/floxia-gel-nettoyant-douceur-200-ml
BeautyMarket,Corps,Nettoyant Corps,DERMETIK NUTRIVA CRÈME HYDRATANTE – 100ML,155.00,En stock,N/A,https://beautymarket.ma/products/dermetik-nutriva-creme-hydratante-100ml
BeautyMarket,Corps,Nettoyant Corps,NOVADERM SOIN LAVANT SURGRAS 200ML,143.00,En stock,N/A,https://beautymarket.ma/products/novaderm-soin-lavant-surgras-200ml
BeautyMarket,Corps,Nettoyant Corps,CETAPHIL PRO ECZEMA PRONE SKIN - BODYWASH295ML,200.00,En stock,N/A,https://beautymarket.ma/products/galderma-cetaphil-pro-eczema-prone-wash-295-ml
BeautyMarket,Corps,Nettoyant Corps,DUCRAY DEXYANE GEL NETTOYANT VISAGE & CORPS 400ML,249.00,En stock,N/A,https://beautymarket.ma/products/duc-dexyane-gel-nettoyant-visage-corps-400ml
BeautyMarket,Corps,Nettoyant Corps,BIODERMA – ATODERM GEL DOUCHE 500 ML,319.00,En stock,N/A,https://beautymarket.ma/products/bioderma-atoderm-gel-douche-500-ml
BeautyMarket,Corps,Nettoyant Corps,DERMALIFT HYDRALIFT GEL NETTOYANT SURGRAS 500 ML,210.00,En stock,N/A,https://beautymarket.ma/products/dermalift-hydralift-gel-nettoyant-surgras-500-ml
BeautyMarket,Corps,Nettoyant Corps,CAVAILLES GEL BAIN DOUCHE HUILE DE MACADAMIA 1L,284.00,En stock,N/A,https://beautymarket.ma/products/cavailles-gel-bain-douche-huile-de-macadamia-1l
BeautyMarket,Corps,Nettoyant Corps,BIOSEPT 7.5 GEL NETTOYANT TRAITANT EXTRA-DOUX À L’ALOE VERA 200 ML,72.00,En stock,N/A,https://beautymarket.ma/products/biosept-7-5-gel-nettoyant-traitant-extra-doux-a-l-aloe-vera-200-ml
BeautyMarket,Corps,Nettoyant Corps,ADDAX SEPTIDOL GEL INTIME PH8 – 125 ML,103.00,En stock,N/A,https://beautymarket.ma/products/addax-septidol-gel-intime-ph8-125-ml
BeautyMarket,Corps,Nettoyant Corps,NOVASKIN CREME LAVANTE CORPS SANS SAVON 400ML,294.00,En stock,N/A,https://beautymarket.ma/products/novaskin-creme-lavante-corps-sans-savon-400ml
BeautyMarket,Corps,Nettoyant Corps,ISISPHARMA SECALIA CREME DE DOUCHE NOURRISSANTE 200 ML,198.00,En stock,N/A,https://beautymarket.ma/products/isispharma-secalia-creme-de-douche-nourrissante-200-ml
BeautyMarket,Corps,Nettoyant Corps,ISISPHARMA SECALIA ATO SOIN LAVANT EFFET BARRIERE 400 ML,199.00,En stock,N/A,https://beautymarket.ma/products/isispharma-secalia-ato-soin-lavant-effet-barriere-400-ml
BeautyMarket,Corps,Nettoyant Corps,CAVAILLES GEL SURGRAS BAIN & DOUCHE LAIT ET MIEL 400ML – PEAUX SENSIBLES & SÈCHES,115.00,En stock,N/A,https://beautymarket.ma/products/roge-cavailles-gel-surgras-bain-douche-lait-et-miel-400ml-peaux-sensibles-seches
BeautyMarket,Corps,Nettoyant Corps,BIODERMA – ATODERM GEL DOUCHE 200 ML,209.00,En stock,N/A,https://beautymarket.ma/products/bioderma-atoderm-gel-douche-200-ml
BeautyMarket,Corps,Nettoyant Corps,AVEENO DAILY MOISTURISING BODY WASH – 500 ML,113.00,En stock,N/A,https://beautymarket.ma/products/aveeno-daily-moisturising-body-wash-500-ml
BeautyMarket,Corps,Nettoyant Corps,NIVEA GEL DOUCHE PURE FRESH 250 ML,36.00,En stock,N/A,https://beautymarket.ma/products/nivea-gel-douche-pure-fresh-250-ml
BeautyMarket,Corps,Nettoyant Corps,CAMOMILLA BLU NETTOYANT VISAGE & CORPS FLEUR DE CAMOMILLE 500 ML – DOUX & APAISANT,179.00,En stock,N/A,https://beautymarket.ma/products/camomilla-blu-nettoyant-visage-et-corps-fleur-de-camomille-500ml
BeautyMarket,Corps,Nettoyant Corps,FIDERMA HYDRAFID GEL NETTOYANT 200ML,160.00,En stock,N/A,https://beautymarket.ma/products/fiderma-hydrafid-gel-nettoyant-200ml
BeautyMarket,Corps,Nettoyant Corps,DERMAGOR – GEL PY-ZN NETTOYANT ASSAINISSANT SANS SAVON – 200 ML,135.00,En stock,N/A,https://beautymarket.ma/products/dermagor-gel-py-zn-nettoyant-assainissant-sans-savon-200-ml
BeautyMarket,Corps,Nettoyant Corps,DERMAGOR PSOCALM GEL 250 ML,165.00,En stock,N/A,https://beautymarket.ma/products/dermagor-psocalm-gel-250-ml
BeautyMarket,Corps,Nettoyant Corps,ATOLYS GEL NETTOYANT SURGRAS 200ML,164.00,En stock,N/A,https://beautymarket.ma/products/atolys-gel-nettoyant-surgras-200ml
BeautyMarket,Corps,Nettoyant Corps,ECOTOOLS FOOT BRUSH & PUMICE,59.00,En stock,N/A,https://beautymarket.ma/products/ecotools-foot-brush-pumice
BeautyMarket,Corps,Nettoyant Corps,ECOTOOLS BATH + SHOWER GLOVES GREEN,115.00,En stock,N/A,https://beautymarket.ma/products/ecotools-bath-shower-gloves-green
BeautyMarket,Corps,Nettoyant Corps,MDC TONE CORRECTOR LAIT DEPIGMENTANT CORPS 500 ML,285.00,En stock,N/A,https://beautymarket.ma/products/mdc-tone-corrector-lait-depigmentant-corps-500-ml
BeautyMarket,Corps,Nettoyant Corps,RILASTIL ACNESTIL GEL NETTOYANT 250ML,180.00,En stock,N/A,https://beautymarket.ma/products/rilastil-acnestil-gel-nettoyant-250ml
BeautyMarket,Corps,Nettoyant Corps,ENEOMEY PURIFY CLEANSER 150 ML,579.00,En stock,N/A,https://beautymarket.ma/products/eneomey-purify-cleanser-150-ml
BeautyMarket,Corps,Nettoyant Corps,ALGOLOGIE HYDRA ECUME MOUSSE NETTOYANTE OXYGENANTE,226.00,En stock,N/A,https://beautymarket.ma/products/algologie-hydra-ecume-mousse-nettoyante-oxygenante
BeautyMarket,Corps,Nettoyant Corps,BIODERMA CICABIO – BAUME LAVANT NETTOYANT APAISANT PROTECTEUR – 200 ML,179.00,En stock,N/A,https://beautymarket.ma/products/bioderma-cicabio-baume-lavant-nettoyant-apaisant-protecteur-200-ml
BeautyMarket,Corps,Nettoyant Corps,ROGÉ CAVAILLÈS SAVON SURGRAS AMANDE VERTE – 250 G,55.00,En stock,N/A,https://beautymarket.ma/products/roge-cavailles-savon-surgras-amande-verte-250-g
BeautyMarket,Corps,Nettoyant Corps,NOREVA XERODIANE AP+ GEL SURGRAS LIQUIDE – 745 ML,279.00,En stock,N/A,https://beautymarket.ma/products/noreva-xerodiane-ap-gel-surgras-liquide-745-ml
BeautyMarket,Corps,Nettoyant Corps,FIDERMA GEL NETTOYANT DEPIGMENTANT 150ML,311.00,En stock,N/A,https://beautymarket.ma/products/fiderma-gel-nettoyant-depigmentant-150ml
BeautyMarket,Corps,Nettoyant Corps,DESERT DROPS HUILE DE PÉPINS DE FIGUES DE BARBARIE BIO ET PURE 30ML,420.00,En stock,N/A,https://beautymarket.ma/products/desert-drops-huile-de-pepins-de-figues-de-barbarie-bio-et-pure-30ml
BeautyMarket,Corps,Nettoyant Corps,BIODERMA ATODERM CREME DE DOUCHE 200ML,169.00,En stock,N/A,https://beautymarket.ma/products/bioderma-atoderm-creme-de-douche-200ml
BeautyMarket,Corps,Nettoyant Corps,ECOTOOLS EXFOLIATING ECOPOUF,35.00,En stock,N/A,https://beautymarket.ma/products/ecotools-exfoliating-ecopouf
BeautyMarket,Corps,Nettoyant Corps,AVEENO SKIN RELIEF BODY WASH – 500 ML,125.00,En stock,N/A,https://beautymarket.ma/products/aveeno-skin-relief-body-wash-500-ml
BeautyMarket,Corps,Nettoyant Corps,NUHANCIAM GEL-DOUCHE DOUCEUR SANS SAVON – 200ML,142.00,En stock,N/A,https://beautymarket.ma/products/nuhanciam-gel-douche-douceur-sans-savon-200ml
BeautyMarket,Corps,Nettoyant Corps,NOREVA XERODIANE AP+ HUILE NETTOYANTE – 400 ML,249.00,En stock,N/A,https://beautymarket.ma/products/noreva-xerodiane-ap-huile-nettoyante-400-ml
BeautyMarket,Corps,Nettoyant Corps,NOREVA LOTION UNIVERSELLE DERMO-NETTOYANT MICELLAIRE 500 ML,259.00,En stock,N/A,https://beautymarket.ma/products/noreva-lotion-universelle-dermo-nettoyant-micellaire-500-ml
BeautyMarket,Corps,Nettoyant Corps,HYDRAX LAIT HYDRATANT MOISTURIZING MILK 200ML,170.00,En stock,N/A,https://beautymarket.ma/products/hydrax-lait-hydratant-moisturizing-milk-200ml
BeautyMarket,Corps,Nettoyant Corps,GIFRER PACK LINGETTES NETTOYANTES À L’HUILE D’OLIVE VIERGE 70 PIÉCES =LINGETTES 70 P OFFERTES,141.00,En stock,N/A,https://beautymarket.ma/products/gifrer-lingettes-nettoyantes-a-l-huile-d-olive-vierge-70-pieces-lot-de-2
BeautyMarket,Corps,Nettoyant Corps,EPTADERM EPTA CRÈME NETTOYANTE PEAUX SÈCHES CORPS 200ML,165.00,En stock,N/A,https://beautymarket.ma/products/epta-creme-nettoyant-ps-corps-200ml
BeautyMarket,Corps,Nettoyant Corps,DERASTYLE GEL NETTOYANT SURGRAS 500ML,237.00,En stock,N/A,https://beautymarket.ma/products/derastyle-gel-nettoyant-surgras-500ml
BeautyMarket,Corps,Nettoyant Corps,APIVITA GEL NETTOYANT INTIME DOUX – USAGE QUOTIDIEN 200ML,122.00,En stock,N/A,https://beautymarket.ma/products/apivita-gel-nettoyant-intime-doux-usage-quotidien-200ml
BeautyMarket,Corps,Nettoyant Corps,ECOTOOLS DEEP CLEANSING BRUSH PINK,95.00,En stock,N/A,https://beautymarket.ma/products/ecotools-deep-cleansing-brush-pink
BeautyMarket,Corps,Nettoyant Corps,"REVUELE SHOWER GEL PURE REVITALIZING, 400 ML",45.00,En stock,N/A,https://beautymarket.ma/products/revuele-shower-gel-pure-revitalizing-400-ml
BeautyMarket,Corps,Nettoyant Corps,"REVUELE SHOWER GEL NOURISHING MAGIC, 400 ML",45.00,En stock,N/A,https://beautymarket.ma/products/revuele-shower-gel-nourishing-magic-400-ml
BeautyMarket,Corps,Nettoyant Corps,ROGÉ CAVAILLÈS SAVON SURGRAS EXTRA-DOUX FLEUR DE COTON 2×250 G – PEAUX SENSIBLES & SÉCHERESSE,109.00,En stock,N/A,https://beautymarket.ma/products/savon-surgras-extra-doux-fleur-de-coton-2-250-g-peaux-sensibles-secheresse
BeautyMarket,Corps,Nettoyant Corps,ROGÉ CAVAILLÈS SAVON SURGRAS AMANDE VERTE – 250 G X2,116.00,En stock,N/A,https://beautymarket.ma/products/roge-cavailles-savon-surgras-amande-verte-250-g-x2
BeautyMarket,Corps,Nettoyant Corps,URIAGE HYSÉAC PAIN DERMATOLOGIQUE NETTOYANT PURIFIANT – 100G,119.00,En stock,N/A,https://beautymarket.ma/products/uriage-hyseac-pain-dermatologique-nettoyant-purifiant-100g
BeautyMarket,Corps,Nettoyant Corps,RILASTIL XEROLACT ATOPIC HUILE NETTOYANTE 400ML,199.00,En stock,N/A,https://beautymarket.ma/products/rilastil-xerolact-atopic-huile-nettoyante-400ml
BeautyMarket,Corps,Nettoyant Corps,HYFAC ORIGINAL SAVON PAIN NETTOYANT PURIFIANT 100G,78.00,En stock,N/A,https://beautymarket.ma/products/hyfac-original-savon-pain-nettoyant-purifiant-100g
BeautyMarket,Corps,Nettoyant Corps,MKL AQUA CREME DE DOUCHE DERMO NOURRISSANTE 1L= GEL DOUCHE SURGRAS - JASMIN 100 ML OFFERT,273.00,En stock,N/A,https://beautymarket.ma/products/mkl-aqua-creme-de-douche-dermo-nourrissante-1l-gel-douche-surgras-jasmin-100-ml-offert
BeautyMarket,Corps,Nettoyant Corps,MKL GEL DOUCHE DERMO-NETTOYANT BIO AQUA 1L = GEL DOUCHE SURGRAS JASMIN 100ML OFFERT,266.00,En stock,N/A,https://beautymarket.ma/products/mkl-gel-douche-dermo-nettoyant-bio-aqua-1l-gel-douche-surgras-jasmin-100-ml-offert
BeautyMarket,Corps,Nettoyant Corps,AQUA HUILE DE DOUCHE DERMO-APAISANTE 1L = GEL DOUCHE SURGRAS JASMIN 100ML OFFERT,280.00,En stock,N/A,https://beautymarket.ma/products/mkl-aqua-huile-de-douche-dermo-apaisante-1-l-gel-douche-surgras-jasmin-100-ml-offert
BeautyMarket,Corps,Nettoyant Corps,MKL GEL DOUCHE DERMO-NETTOYANT BIO ** AQUA 100 ML,75.00,En stock,N/A,https://beautymarket.ma/products/mkl-gel-douche-dermo-nettoyant-bio-aqua-100-ml
BeautyMarket,Corps,Nettoyant Corps,MIXA PACK GEL DOUCHE DERMO-APAISANT 400ML *2,119.00,En stock,N/A,https://beautymarket.ma/products/mixa-gel-douche-dermo-apaisant-400ml-2
BeautyMarket,Corps,Nettoyant Corps,"REVUELE SHOWER GEL FRESHNESS BOOST, 400 ML",45.00,En stock,N/A,https://beautymarket.ma/products/revuele-shower-gel-freshness-boost-400-ml
BeautyMarket,Corps,Nettoyant Corps,WAAM GEL LAVANT DOUX BIO 400ML,113.00,En stock,N/A,https://beautymarket.ma/products/waam-gel-lavant-doux-bio-400ml
BeautyMarket,Corps,Nettoyant Corps,AVEENO DERMEXA DAILY EMOLLIENT BODY WASH – 300 ML,142.00,En stock,N/A,https://beautymarket.ma/products/aveeno-dermexa-daily-emollient-body-wash-300-ml
BeautyMarket,Corps,Nettoyant Corps,PACK ISISPHARMA SECALIA ATO SHOWER CREAM 200ML ×2 (OFFRE PROMOTIONNELLE),258.00,En stock,N/A,https://beautymarket.ma/products/pack-isispharma-secalia-ato-shower-cream-200ml-2-promo
BeautyMarket,Corps,Nettoyant Corps,ROGER & GALLET BOIS D'ORANGE GEL DOUCHE BIENFAISANT 200ML,130.00,En stock,N/A,https://beautymarket.ma/products/roger-gallet-gel-douche-bienfaisant-200ml
BeautyMarket,Corps,Nettoyant Corps,RILASTIL XEROLACT EMULSION 12% 400ML,259.00,En stock,N/A,https://beautymarket.ma/products/rilastil-xerolact-emulsion-12-400ml
BeautyMarket,Corps,Nettoyant Corps,RILASTIL XEROLACT 18% BAUME 100ML,174.00,En stock,N/A,https://beautymarket.ma/products/rilastil-xerolact-18-baume-100ml
BeautyMarket,Corps,Nettoyant Corps,DERMAGOR – GEL SURGRAS SANS SAVON – 200 ML,143.00,En stock,N/A,https://beautymarket.ma/products/dermagor-gel-surgras-sans-savon-200-ml
BeautyMarket,Corps,Nettoyant Corps,CODEXIAL – SOIN LAVANT SURGRAS – 400 ML,228.00,En stock,N/A,https://beautymarket.ma/products/codexial-soin-lavant-surgras-400-ml
BeautyMarket,Corps,Nettoyant Corps,APIVITA PURE JASMINE GEL DOUCHE AUX HUILES ESSENTIELLES 250ML,173.00,En stock,N/A,https://beautymarket.ma/products/apivita-pure-jasmine-gel-douche-aux-huiles-essentielles-250ml
BeautyMarket,Corps,Nettoyant Corps,APIVITA GEL CHEVEUX & CORPS POUR ENFANTS MANDARINE/MIEL 250 ML,159.00,En stock,N/A,https://beautymarket.ma/products/apivita-gel-cheveux-corps-pour-enfants-mandarine-miel-250-ml
BeautyMarket,Corps,Hydratant Corps,LA ROCHE-POSAY CICAPLAST BAUME CICATRISANT B5+ 40 ML,138.00,En stock,N/A,https://beautymarket.ma/products/la-roche-posay-cicaplast-baume-b5-40-ml
BeautyMarket,Corps,Hydratant Corps,DAYLONG EXTRÊME LAIT SOLAIRE LIPOSOMAL SPF50 100ML,235.00,En stock,N/A,https://beautymarket.ma/products/daylong-extreme-lait-solaire-liposomal-spf50-100ml
BeautyMarket,Corps,Hydratant Corps,CERAVE LAIT HYDRATANT – 473 ML,165.00,En stock,N/A,https://beautymarket.ma/products/cerave-lait-hydratant-473-ml
BeautyMarket,Corps,Hydratant Corps,CERAVE LAIT HYDRATANT PS 236ML,125.00,En stock,N/A,https://beautymarket.ma/products/cerave-lait-hydratant-ps-236ml
BeautyMarket,Corps,Hydratant Corps,CERAVE BAUME HYDRATANT – 454 G,175.00,En stock,N/A,https://beautymarket.ma/products/cerave-baume-hydratant-454-g
BeautyMarket,Corps,Hydratant Corps,CERAVE BAUME HYDRATANT – 50 ML,62.00,En stock,N/A,https://beautymarket.ma/products/cerave-baume-hydratant-50-ml
BeautyMarket,Corps,Hydratant Corps,CERAVE BAUME HYDRATANT – 340 G,145.00,En stock,N/A,https://beautymarket.ma/products/cerave-baume-hydratant-340-g
BeautyMarket,Corps,Hydratant Corps,LA ROCHE POSAY LIPIKAR BAUME AP+ M 400ML,270.00,En stock,N/A,https://beautymarket.ma/products/la-roche-posay-lipikar-baume-ap-m400ml
BeautyMarket,Corps,Hydratant Corps,DUCRAY ICTYANE CRÈME ÉMOLLIENTE NUTRITIVE 200 ML,199.00,En stock,N/A,https://beautymarket.ma/products/ducray-ictyane-creme-emolliente-nutritive-200-ml
BeautyMarket,Corps,Hydratant Corps,HERÔME CRÈME MAINS ANTI-ÂGE ANTI-PIGMENTATION 120 ML,246.00,En stock,N/A,https://beautymarket.ma/products/herome-creme-mains-anti-age-anti-pigmentation-120-ml
BeautyMarket,Corps,Hydratant Corps,EUCERIN UREAREPAIR PLUS CRÈME PIEDS 10% D’URÉE 100ML,161.00,En stock,N/A,https://beautymarket.ma/products/eucerin-urearepair-plus-creme-pieds-10-d-uree-100ml
BeautyMarket,Corps,Hydratant Corps,CETAPHIL – LOTION HYDRATANTE – 236 ML,143.00,En stock,N/A,https://beautymarket.ma/products/cetaphil-lotion-hydratante-236-ml
BeautyMarket,Corps,Hydratant Corps,BIO-OIL HUILE ANTI-VERGETURES – 25 ML,72.00,En stock,N/A,https://beautymarket.ma/products/bio-oil-huile-anti-vergetures-25-ml
BeautyMarket,Corps,Hydratant Corps,CERAVE SA CREME ANTI-RUGOSITES 340G,229.00,En stock,N/A,https://beautymarket.ma/products/cerave-sa-creme-anti-rugosites-340g
BeautyMarket,Corps,Hydratant Corps,NEUTROGENA FORMULE NORVÉGIENNE CRÈME MAINS HYDRATANTE CONCENTRÉE,49.00,En stock,N/A,https://beautymarket.ma/products/neutrogena-formule-norvegienne-creme-mains-hydratante-concentree
BeautyMarket,Corps,Hydratant Corps,CÉTAPHIL – LOTION HYDRATANTE – 473 ML,240.00,En stock,N/A,https://beautymarket.ma/products/cetaphil-lotion-hydratante-500-ml
BeautyMarket,Corps,Hydratant Corps,BIO-OIL HUILE ANTI-VERGETURES – 60 ML,101.00,En stock,N/A,https://beautymarket.ma/products/bio-oil-huile-anti-vergetures-60-ml
BeautyMarket,Corps,Hydratant Corps,CERAVE BAUME HYDRATANT AVEC POMPE PEAU SÈCHE À TRÈS SÈCHE 454G,261.00,En stock,N/A,https://beautymarket.ma/products/cerave-baume-hydratant-avec-pompe-peau-seche-a-tres-seche-454g
BeautyMarket,Corps,Hydratant Corps,BIODERMA ATODERM CREME ULTRA NOURISSANTE 200ML,209.00,En stock,N/A,https://beautymarket.ma/products/bioderma-atoderm-creme-200-ml
BeautyMarket,Corps,Hydratant Corps,NEUTROGENA FORMULE NORVÉGIENNE CRÈME MAINS APAISANTE SANS PARFUM,49.00,En stock,N/A,https://beautymarket.ma/products/neutrogena-formule-norvegienne-creme-mains-apaisante-sans-parfum
BeautyMarket,Corps,Hydratant Corps,NUXE REVE DE MIEL OFFRE CRÈME MAINS ET ONGLES 30 ML+ STICK LÈVRES HYDRATANT 4 G,150.00,En stock,N/A,https://beautymarket.ma/products/nuxe-reve-de-miel-offre-decouverte
BeautyMarket,Corps,Hydratant Corps,LA ROCHE-POSAY LIPIKAR BAUME AP+M TUBE ECO RESPONSABLE PEAU TRÈS SÈCHE 200ML,229.00,En stock,N/A,https://beautymarket.ma/products/la-roche-posay-lipikar-baume-apm-tube-eco-responsable-peau-tres-seche-200ml
BeautyMarket,Corps,Hydratant Corps,CERAVE SA CRÈME PIEDS RÉGÉNÉRANTE – 88 ML,69.00,En stock,N/A,https://beautymarket.ma/products/cerave-sa-creme-pieds-regenerante-88-ml
BeautyMarket,Corps,Hydratant Corps,LA ROCHE POSAY LIPIKAR LAIT UREA 10% 400 ML,245.00,En stock,N/A,https://beautymarket.ma/products/la-roche-posay-lipikar-lait-urea-10-400-ml
BeautyMarket,Corps,Hydratant Corps,BIO-OIL 200ML,300.00,En stock,N/A,https://beautymarket.ma/products/bio-oil-200ml
BeautyMarket,Corps,Hydratant Corps,CÉTAPHIL – DAILYADVANCE LOTION ULTRA HYDRATANTE – 225 G,195.00,En stock,N/A,https://beautymarket.ma/products/cetaphil-dailyadvance-lotion-ultra-hydratante-225-g
BeautyMarket,Corps,Hydratant Corps,HERÔME CRÈME MAIN ANTI-GERÇURE – 120 ML,236.00,En stock,N/A,https://beautymarket.ma/products/herome-creme-main-anti-gercure-120-ml
BeautyMarket,Corps,Hydratant Corps,DAYLONG EXTREME LOTION SOLAIRE SPF50+ 50 ML,225.00,En stock,N/A,https://beautymarket.ma/products/daylong-extreme-lotion-solaire-spf50-50-ml
BeautyMarket,Corps,Hydratant Corps,NUXE RÊVE DE MIEL CRÈME MAINS ET ONGLES 2X50ML,165.00,En stock,N/A,https://beautymarket.ma/products/nuxe-reve-de-miel-creme-mains-et-ongles-50ml
BeautyMarket,Corps,Hydratant Corps,DERMAGOR – ATOPICALM CRÈME NOURRISSANTE CORPS – 250 ML,165.00,En stock,N/A,https://beautymarket.ma/products/dermagor-atopicalm-creme-nourrissante-corps-250-ml
BeautyMarket,Corps,Hydratant Corps,BIO OIL HUILE DE SOIN NATURELLE 125 ML,149.00,En stock,N/A,https://beautymarket.ma/products/bio-oil-huile-se-doin-naturelle-125-ml
BeautyMarket,Corps,Hydratant Corps,CERAVE CRÈME MAINS RÉPARATRICE – 50 ML,59.00,En stock,N/A,https://beautymarket.ma/products/cerave-sa-creme-mains-reparatrice-50-ml
BeautyMarket,Corps,Hydratant Corps,AVÈNE - COLD CREAM CRÈME 100 ML,239.00,En stock,N/A,https://beautymarket.ma/products/avene-cold-cream-creme-peaux-sensibles-100-ml
BeautyMarket,Corps,Hydratant Corps,AVÈNE - COLD CREAM CRÈME 40 ML,129.00,En stock,N/A,https://beautymarket.ma/products/avene-cold-cream-creme-peaux-sensibles-40-ml
BeautyMarket,Corps,Hydratant Corps,EPTADERM EPTA SPOT LAIT DÉPIGMENTANT INTENSIF 100ML,480.00,En stock,N/A,https://beautymarket.ma/products/eptaderm-epta-spot-lait-depigmentant-intensif-100ml
BeautyMarket,Corps,Hydratant Corps,LA ROCHE-POSAY LIPIKAR LAIT – 400 ML,239.00,En stock,N/A,https://beautymarket.ma/products/la-roche-posay-lipikar-lait-400-ml
BeautyMarket,Corps,Hydratant Corps,BIO OIL HUILE DE SOIN NATURELLE 200 ML,179.00,En stock,N/A,https://beautymarket.ma/products/bio-oil-huile-de-soin-naturelle-200-ml
BeautyMarket,Corps,Hydratant Corps,APOSECHE CRÈME EMOLLIENTE 250ML,165.00,En stock,N/A,https://beautymarket.ma/products/aposeche-creme-emolliente-250ml
BeautyMarket,Corps,Hydratant Corps,AVÈNE - CICALFATE MAINS CRÈME RÉPARATRICE ISOLANTE 100 ML,185.00,En stock,N/A,https://beautymarket.ma/products/avene-cicalfate-main-creme-reparatrice-isolante-100ml
BeautyMarket,Corps,Hydratant Corps,LCA PHARMA CRÈME RÉPARATRICE 120ML,199.00,En stock,N/A,https://beautymarket.ma/products/lca-pharma-creme-reparatrice-120ml
BeautyMarket,Corps,Hydratant Corps,CERAVE CREME MAINS REPARATRICE 100 ML,72.00,En stock,N/A,https://beautymarket.ma/products/cerave-creme-mains-reparatrice-100-ml
BeautyMarket,Corps,Hydratant Corps,DERMACIA MELAWHITE LAIT DÉPIGMENTANT INTENSIF – 150 ML,390.00,En stock,N/A,https://beautymarket.ma/products/dermacia-melawhite-lait-depigmentant-intensif-150-ml
BeautyMarket,Corps,Hydratant Corps,ADDAX CRÈME KÉRATORÉGULATRICE ET HYDRATANTE PIEDS – 100 ML,131.00,En stock,N/A,https://beautymarket.ma/products/addax-creme-keratoregulatrice-et-hydratante-pieds-100-ml
BeautyMarket,Corps,Hydratant Corps,AVENE CICALFATE SOIN HYDRATANT RÉPARATEUR POST ACTE 40ML,229.00,En stock,N/A,https://beautymarket.ma/products/avene-cicalfate-emulsion-reparatrice-post-acte-40ml
BeautyMarket,Corps,Hydratant Corps,ACTIWHITE LAIT ECLAIRCISSANT 200ML,284.00,En stock,N/A,https://beautymarket.ma/products/actiwhite-lait-eclaircissant-200ml-1
BeautyMarket,Corps,Hydratant Corps,NEW DERM CREME HYDRA S SENSIBLE PEAUX NORMALES A SECHES 50 ML,149.00,En stock,N/A,https://beautymarket.ma/products/new-derm-creme-hydra-s-sensible-peaux-normales-a-seches-50-ml
BeautyMarket,Corps,Hydratant Corps,PURIADERM PURIACTIV LAIT CORPOREL ÉCLAIRCISSANT HYDRATANT INTENSE 150ML,486.00,En stock,N/A,https://beautymarket.ma/products/puriaderm-puriactiv-lait-corporel-eclaircissant-hydratant-intense-150ml
BeautyMarket,Corps,Hydratant Corps,CAUDALIE SOIN CORPS NOURRISSANT THÉ DES VIGNES 200ML,265.00,En stock,N/A,https://beautymarket.ma/products/caudalie-soin-corps-nourrissant-the-des-vignes-200ml
BeautyMarket,Corps,Hydratant Corps,CAVAILLÈS CRÈME MAINS RICHE 50 ML,82.00,En stock,N/A,https://beautymarket.ma/products/roge-cavailles-creme-mains-riche
BeautyMarket,Corps,Hydratant Corps,NUHANCIAM LAIT CORPS ÉCLAIRCISSANT TACHES HYDRATANT CORRECTEUR – 500ML,570.00,En stock,N/A,https://beautymarket.ma/products/nuhanciam-lait-corps-eclaircissant-taches-hydratant-correcteur-500ml
BeautyMarket,Corps,Hydratant Corps,LA ROCHE POSAY LIPIKAR LAIT UREA 10% 200ML,186.00,En stock,N/A,https://beautymarket.ma/products/la-roche-posay-lipikar-lait-urea-10-200ml
BeautyMarket,Corps,Hydratant Corps,ISISPHARMA BODYTONE WHITE DEPIGMENTANT ET HYDRATANT LAIT CORPS 100ML,479.00,En stock,N/A,https://beautymarket.ma/products/isispharma-bodytone-white-depigmentant-et-hydratant-lait-corps-100ml
BeautyMarket,Corps,Hydratant Corps,CAPIDERMA – LAIT CORPOREL DÉPIGMENTANT INTENSIF HYDRATANT – 150 ML,524.00,En stock,N/A,https://beautymarket.ma/products/capiderma-lait-corporel-depigmentant-intensif-hydratant-150-ml
BeautyMarket,Corps,Hydratant Corps,AVÈNE TRIXÉRA NUTRITION LAIT NUTRI-FLUIDE – 200ML,211.00,En stock,N/A,https://beautymarket.ma/products/avene-trixera-nutrition-lait-nutri-fluide-200ml
BeautyMarket,Corps,Hydratant Corps,RACINE VITA LAIT ECLAIRCISSANT 400ML,143.00,En stock,N/A,https://beautymarket.ma/products/racine-vita-lait-eclaircissant-400ml
BeautyMarket,Corps,Hydratant Corps,CENTAUREA LAIT DEPIGMANTANT HQ 200ML,459.00,En stock,N/A,https://beautymarket.ma/products/centaurea-lait-depigmantant-hq-200ml
BeautyMarket,Corps,Hydratant Corps,CAVAILLES GEL DOUCHE CREME DE LAIT PEAUX SECHES 200 ML,79.00,En stock,N/A,https://beautymarket.ma/products/roge-cavailles-gel-douche-creme-de-lait-peaux-seches-200-ml
BeautyMarket,Corps,Hydratant Corps,MAGICLEAR LOTION CORPORELLE CLARIFIANTE ACTION RAPIDE 250ML,473.00,En stock,N/A,https://beautymarket.ma/products/magiclear-lotion-corporelle-clarifiante-action-rapide-250ml
BeautyMarket,Corps,Hydratant Corps,CAVAILLES GEL BAIN DOUCHE L'HYDRATANT PEAUX SÈCHES 400 ML,159.00,En stock,N/A,https://beautymarket.ma/products/cavailles-gel-bain-douche-lhydratant-peaux-seches-400-ml
BeautyMarket,Corps,Hydratant Corps,BIODERMA ABCDERM COLD CREAM CRÈME CORPS – 200ML,199.00,En stock,N/A,https://beautymarket.ma/products/abcderm-cold-cream-creme-corps-200ml
BeautyMarket,Corps,Hydratant Corps,ACM SENSITÉLIAL SOIN EMOLLIENT 500ML,237.00,En stock,N/A,https://beautymarket.ma/products/acm-sensitelial-soin-emollient-500ml
BeautyMarket,Corps,Hydratant Corps,HERÔME CRÈME POUR LES MAINS 24 HEURES SPF 15 – 75 ML,207.00,En stock,N/A,https://beautymarket.ma/products/herome-creme-pour-les-mains-24-heures-75-ml
BeautyMarket,Corps,Hydratant Corps,GILBERT COLD CREAM – 50 ML,69.00,En stock,N/A,https://beautymarket.ma/products/gilbert-cold-cream-50-ml
BeautyMarket,Corps,Hydratant Corps,DERMALIFT HYDRALIFT CRÈME HYDRATANTE PEAUX SÈCHES À TRÈS SÈCHES 40 ML,179.00,En stock,N/A,https://beautymarket.ma/products/dermalift-hydralift-creme-hydratante-peaux-seches-a-tres-seches-40-ml
BeautyMarket,Corps,Hydratant Corps,EUCERIN COMPLETE REPAIR EMOLLIENT REPARATEUR 5% UREE,250.00,En stock,N/A,https://beautymarket.ma/products/eucerin-emollient-corps-reparateur-10-duree-250ml
BeautyMarket,Corps,Hydratant Corps,LCA PHARMA CRÈME RÉPARATRICE 50ML,128.00,En stock,N/A,https://beautymarket.ma/products/lca-pharma-creme-reparatrice-50ml
BeautyMarket,Corps,Hydratant Corps,BIODERMA ATODERM GEL CREME 500 ML,399.00,En stock,N/A,https://beautymarket.ma/products/bioderma-atoderm-gel-creme-500-ml
BeautyMarket,Corps,Hydratant Corps,ADDAX HYCALIA CRÈME MAINS HYDRATANTE INTENSIVE – 75 ML,109.00,En stock,N/A,https://beautymarket.ma/products/addax-hycalia-creme-mains-hydratante-intensive-75-ml
BeautyMarket,Corps,Hydratant Corps,CAVAILLÈS BEURRE FONDANT NOURRISSANT 200ML,238.00,En stock,N/A,https://beautymarket.ma/products/roge-cavailles-beurre-fondant-nourrissant-200ml
BeautyMarket,Corps,Hydratant Corps,LCA PHARMA LAIT ÉCLAIRCISSANT 200ML,366.00,En stock,N/A,https://beautymarket.ma/products/lca-pharma-lait-eclaircissant-200ml
BeautyMarket,Corps,Hydratant Corps,ADDAX KERACID GEL KÉRATOLYTIQUE PIEDS – 50 ML,149.00,En stock,N/A,https://beautymarket.ma/products/addax-keracid-creme-keratolytique-pieds-50-ml
BeautyMarket,Corps,Hydratant Corps,EXCIPIAL PRURI LOTION 200ML,225.00,En stock,N/A,https://beautymarket.ma/products/excipial-pruri-lotion-200ml
BeautyMarket,Corps,Hydratant Corps,NUXE SUN LAIT FRAICHEUR APRES-SOLEIL 200ML,285.00,En stock,N/A,https://beautymarket.ma/products/nuxe-sun-lait-fraicheur-apres-soleil-200ml
BeautyMarket,Corps,Hydratant Corps,LA ROCHE-POSAY LIPIKAR LAIT – 200 ML,162.00,En stock,N/A,https://beautymarket.ma/products/la-roche-posay-lipikar-lait-200-ml
BeautyMarket,Corps,Hydratant Corps,CAVAILLES CREME MIRACULEUSE MULTI USAGE 100ML,143.00,En stock,N/A,https://beautymarket.ma/products/roge-cavailles-creme-miraculeuse-multi-usage-100ml
BeautyMarket,Corps,Hydratant Corps,AVÈNE XERACALM A.D BAUME RELIPIDANT – 200 ML,305.00,En stock,N/A,https://beautymarket.ma/products/avene-xeracalm-a-d-baume-relipidant-200-ml
BeautyMarket,Corps,Hydratant Corps,D-BIOTIC GEL RUGOSITÉS 240 ML,148.00,En stock,N/A,https://beautymarket.ma/products/d-biotic-gel-rugosites-240-ml
BeautyMarket,Corps,Hydratant Corps,AVÈNE XERACALM A.D CRÈME RELIPIDANTE – 200 ML,305.00,En stock,N/A,https://beautymarket.ma/products/avene-xeracalm-a-d-creme-relipidante-200-ml
BeautyMarket,Corps,Hydratant Corps,M&D REPAIR H CREME HYDRATANTE 200ML,218.00,En stock,N/A,https://beautymarket.ma/products/m-d-repair-h-creme-hydratante-200ml
BeautyMarket,Corps,Hydratant Corps,CEBELIA – SOIN EXTRÊME – 75 ML,285.00,En stock,N/A,https://beautymarket.ma/products/cebelia-soin-extreme-75-ml
BeautyMarket,Corps,Hydratant Corps,LAINO CRÈME MAINS SÈCHES À GERCÉES – 50 ML,60.00,En stock,N/A,https://beautymarket.ma/products/laino-creme-mains-seches-a-gercees-50-ml
BeautyMarket,Corps,Hydratant Corps,LA ROCHE-POSAY LIPIKAR LAIT UREA 5% – 200 ML,174.00,En stock,N/A,https://beautymarket.ma/products/la-roche-posay-lipikar-lait-urea-5-200-ml
BeautyMarket,Corps,Hydratant Corps,NUXE BODY REVE DE THE LAIT HYDRATANT 400ML,349.00,En stock,N/A,https://beautymarket.ma/products/nuxe-body-reve-de-the-lait-hydratant-400ml
BeautyMarket,Corps,Hydratant Corps,ISISPHARMA URELIA 10 CRÈME HYDRATANTE – 150ML,240.00,En stock,N/A,https://beautymarket.ma/products/isispharma-urelia-10-creme-hydratante-150ml
BeautyMarket,Corps,Hydratant Corps,DERMAGOR – ATOPICALM COLD CREAM SOIN ADOUCISSANT NUTRITIF – 100 ML,149.00,En stock,N/A,https://beautymarket.ma/products/dermagor-atopicalm-cold-cream-soin-adoucissant-nutritif-100-ml
BeautyMarket,Corps,Hydratant Corps,PHOTO WHITE LAIT CORPS ECLAIRCISSANT 200ML,330.00,En stock,N/A,https://beautymarket.ma/products/photo-white-lait-corps-eclaircissant-200ml
BeautyMarket,Corps,Hydratant Corps,BIODERMA ATODERM GEL CREME 200 ML,284.00,En stock,N/A,https://beautymarket.ma/products/bioderma-atoderm-gel-creme-200-ml
BeautyMarket,Corps,Hydratant Corps,ISDIN UREADIN 10 LOTION PLUS 200ML,225.00,En stock,N/A,https://beautymarket.ma/products/ureadin-rx10-lotion-plus
BeautyMarket,Corps,Hydratant Corps,DERMAGOR – ATOPICALM COLD CREAM SOIN ADOUCISSANT NUTRITIF – 40 ML,109.00,En stock,N/A,https://beautymarket.ma/products/dermagor-atopicalm-cold-cream-soin-adoucissant-nutritif-40-ml
BeautyMarket,Corps,Hydratant Corps,CENTAUREA LAIT CORPOREL HYDRATANT 24H 500ML,255.00,En stock,N/A,https://beautymarket.ma/products/centaurea-lait-corporel-hydratant-24h-500ml
BeautyMarket,Corps,Hydratant Corps,DUCRAY – ICTYANE CRÈME MAINS – 50 ML,92.00,En stock,N/A,https://beautymarket.ma/products/ducray-ictyane-creme-mains-50-ml
BeautyMarket,Corps,Hydratant Corps,ADDAX HYDRAFEET CRÈME HYDRATANTE ET REVITALISANTE – 100 ML,131.00,En stock,N/A,https://beautymarket.ma/products/addax-hydrafeet-creme-hydratante-et-revitalisante-100-ml
BeautyMarket,Corps,Hydratant Corps,CAVAILLÈS CRÈME CORPS PERLÉE ULTRA HYDRT 400 ML,287.00,En stock,N/A,https://beautymarket.ma/products/roge-cavailles-creme-corps-perlee-ultra-hydrt-400-ml
BeautyMarket,Corps,Hydratant Corps,RACINE VITA CRÈME HYDRATANTE AU CONCOMBRE,38.00,En stock,N/A,https://beautymarket.ma/products/racine-vita-creme-hydratante-au-concombre
BeautyMarket,Corps,Hydratant Corps,D-BIOTIC BAUME HYDRATANT RÉGÉNÉRANT 150 ML,285.00,En stock,N/A,https://beautymarket.ma/products/d-biotic-baume-hydratant-regenerant-150-ml
BeautyMarket,Corps,Hydratant Corps,CETAPHIL PRO LOTION HYDRATANTE POUR LA PEAU À SUCCÈS DE L'ECZÉMA 295ML,240.00,En stock,N/A,https://beautymarket.ma/products/cetaphil-pro-eczema-prone-lotion-hydratante-295-ml
BeautyMarket,Corps,Hydratant Corps,CENTIFOLIA CREME HYDRATANTE VISAGE ET CORPS 250 ML,190.00,En stock,N/A,https://beautymarket.ma/products/centifolia-creme-hydratante-visage-et-corps-250-ml
BeautyMarket,Corps,Hydratant Corps,ACM SENSITELIAL SOIN ÉMOLLIENT – 200 ML,176.00,En stock,N/A,https://beautymarket.ma/products/acm-sensitelial-soin-emollient-200-ml
BeautyMarket,Corps,Hydratant Corps,NUXE BODY LAIT FLUIDE CORPS 400ML,286.00,En stock,N/A,https://beautymarket.ma/products/nuxe-body-lait-fluide-corps-200ml
BeautyMarket,Corps,Hydratant Corps,CAMOMILLA BLU CRÈME HYDRATANTE – 200 ML,203.00,En stock,N/A,https://beautymarket.ma/products/camomilla-blu-creme-hydratante-200-ml
BeautyMarket,Corps,Hydratant Corps,BIODERMA ATODERM MAINS & ONGLES 50ML,129.00,En stock,N/A,https://beautymarket.ma/products/bioderma-atoderm-mains-ongles-50ml
BeautyMarket,Corps,Hydratant Corps,DCP CICAPLUS ZONES LARGES LAIT REPARATEUR ASEPTISANT 200ML,190.00,En stock,N/A,https://beautymarket.ma/products/dcp-cicaplus-zones-larges-lait-reparateur-aseptisant-200ml
BeautyMarket,Corps,Hydratant Corps,CAVAILLES GEL BAIN DOUCHE ALOE VERA PEAUX SENSIBLES 400 ML,159.00,En stock,N/A,https://beautymarket.ma/products/cavailles-gel-bain-douche-aloe-vera-peaux-sensibles-400-ml
BeautyMarket,Corps,Hydratant Corps,EPTADERM EPTA PSO 30 CRÈME CUIR CHEVELU-CORPS 100 ML,225.00,En stock,N/A,https://beautymarket.ma/products/eptaderm-epta-pso-30-creme-cuir-chevelu-corps-75-ml
BeautyMarket,Corps,Hydratant Corps,NUHANCIAM LAIT HYDRATANT 24 HEURES 500 ML,300.00,En stock,N/A,https://beautymarket.ma/products/nuhanciam-lait-hydratant-24-heures-500ml
BeautyMarket,Corps,Hydratant Corps,LA ROCHE-POSAY LIPIKAR XERAND CRÉME MAIN – 50 ML,66.00,En stock,N/A,https://beautymarket.ma/products/la-roche-posay-lipikar-xerand-50-ml
BeautyMarket,Corps,Hydratant Corps,FLOXIA LAIT UNIFIANT HYDRATANTE 200ML,239.00,En stock,N/A,https://beautymarket.ma/products/floxia-lait-unifiant-hydratante-200ml
BeautyMarket,Corps,Hydratant Corps,ADDAX HYDROXIA CRÈME MAINS – 75ML,164.00,En stock,N/A,https://beautymarket.ma/products/addax-hydroxia-creme-mains-75ml
BeautyMarket,Corps,Hydratant Corps,NUHANCIAM CRÈME HYDRA INTENSE 8H – 50ML,360.00,En stock,N/A,https://beautymarket.ma/products/nuhanciam-creme-hydra-intense-8h-50ml
BeautyMarket,Corps,Hydratant Corps,NATUREESOIN HYDRASKIN SOIN HYDRATANT 50 ML,95.00,En stock,N/A,https://beautymarket.ma/products/nature-soin-hydraskin-soin-hydratant-50-ml
BeautyMarket,Corps,Hydratant Corps,ISDIN UREADIN HAND CREAM PROTECT 50ML,119.00,En stock,N/A,https://beautymarket.ma/products/ureadin-hand-cream-protect-50ml
BeautyMarket,Corps,Hydratant Corps,LITENS HYDRATANT APRES SOLEIL CALMANT A L'ALOE VERA 250 ML,101.00,En stock,N/A,https://beautymarket.ma/products/litens-hydratant-apres-soleil-calmant-a-laloe-vera-250-ml
BeautyMarket,Corps,Hydratant Corps,CAUDALIE SOIN CORPS NOURRISSANT THÉ DES VIGNES 400ML,469.00,En stock,N/A,https://beautymarket.ma/products/caudalie-soin-corps-nourrissant-the-des-vignes-400ml
BeautyMarket,Corps,Hydratant Corps,EXCIPIAL REPAIR CRÈME MAINS 50ML,128.00,En stock,N/A,https://beautymarket.ma/products/excipial-repair-creme-mains-50ml
BeautyMarket,Corps,Hydratant Corps,CHOLLEY CREME TENSEUR SURACTIVEE 50ML,524.00,En stock,N/A,https://beautymarket.ma/products/cholley-creme-tenseur-suractivee-50ml
BeautyMarket,Corps,Hydratant Corps,DERMALIFT UREA ADVANCED CRÈME MAINS 75 ML,90.00,En stock,N/A,https://beautymarket.ma/products/dermalift-urea-advanced-creme-mains-75-ml
BeautyMarket,Corps,Hydratant Corps,AQUAREVA CREME MAIN,104.00,En stock,N/A,https://beautymarket.ma/products/aquareva-creme-main
BeautyMarket,Corps,Hydratant Corps,CKS REPAIR CREME REPARATRICE 120ML,189.00,En stock,N/A,https://beautymarket.ma/products/cks-repair-creme-reparatrice-120ml
BeautyMarket,Corps,Hydratant Corps,AVEENO SKIN RELIEF LOTION 300ML,112.00,En stock,N/A,https://beautymarket.ma/products/aveeno-skin-relief-lotion-300ml
BeautyMarket,Corps,Hydratant Corps,CICABIAFINE – CRÈME CORPORELLE ANTI-IRRITATION HYDRATANTE – 200 ML,189.00,En stock,N/A,https://beautymarket.ma/products/cicabiafine-creme-corporelle-anti-irritation-hydratante-200-ml
BeautyMarket,Corps,Hydratant Corps,CETAPHIL CREME HYDRATANTE 250 G,238.00,En stock,N/A,https://beautymarket.ma/products/cetaphil-creme-hydratante-250-g
BeautyMarket,Corps,Hydratant Corps,NOREVA CICADIANE CRÈME RÉPARATRICE APAISANTE – 40 ML,180.00,En stock,N/A,https://beautymarket.ma/products/noreva-cicadiane-creme-reparatrice-apaisante-40-ml
BeautyMarket,Corps,Hydratant Corps,LCA PHARMALAIT HYDRATANT 200ML,230.00,En stock,N/A,https://beautymarket.ma/products/lca-pharmalait-hydratant-200ml
BeautyMarket,Corps,Hydratant Corps,BIODERMA – ATODERM PP BAUME – 200 ML,259.00,En stock,N/A,https://beautymarket.ma/products/bioderma-atoderm-pp-baume-200-ml
BeautyMarket,Corps,Hydratant Corps,BLANIX LAIT ECLAIRCISSANT 200ML,203.00,En stock,N/A,https://beautymarket.ma/products/blanix-lait-eclaircissant-200ml
BeautyMarket,Corps,Hydratant Corps,AVEENO SKIN RELIEF MOISTURISING HAND CREAM – 75 ML,56.00,En stock,N/A,https://beautymarket.ma/products/aveeno-skin-relief-moisturising-hand-cream-75-ml
BeautyMarket,Corps,Hydratant Corps,AVEENO DERMEXA EMOLLIENT CREAM – 200 ML,132.00,En stock,N/A,https://beautymarket.ma/products/aveeno-dermexa-emollient-cream-200-ml
BeautyMarket,Corps,Hydratant Corps,PLACENTOR LAIT CORPOREL 400ML,231.00,En stock,N/A,https://beautymarket.ma/products/placentor-lait-corporel-400ml
BeautyMarket,Corps,Hydratant Corps,K-AQUA LAIT CORPS HYDRATANT 200 ML – SOIN NOURRISSANT ET PROTECTEUR,145.00,En stock,N/A,https://beautymarket.ma/products/kaline-k-aqua-lait-hydratant-200ml
BeautyMarket,Corps,Hydratant Corps,CODEXIAL ENOCARE GEL LAVANT SURGRAS 400 ML,205.00,En stock,N/A,https://beautymarket.ma/products/codexial-enocare-gel-lavant-surgras-400-ml
BeautyMarket,Corps,Hydratant Corps,CETAPHIL – RESTORADERM EMULSION HYDRATANTE – 295 ML,240.00,En stock,N/A,https://beautymarket.ma/products/cetaphil-restoraderm-emulsion-hydratante-295-ml
BeautyMarket,Corps,Hydratant Corps,BIO-OIL HUILE ANTI-VERGETURES – 125 ML TROUSSE,226.00,En stock,N/A,https://beautymarket.ma/products/bio-oil-huile-anti-vergetures-125-ml-trousse
BeautyMarket,Corps,Hydratant Corps,AVÈNE TRIXÉRA NUTRITION BAUME NUTRI-FLUIDE – 200ML,211.00,En stock,N/A,https://beautymarket.ma/products/avene-trixera-nutrition-baume-nutri-fluide-200ml
BeautyMarket,Corps,Hydratant Corps,"CENTIFOLIA NECTAR DORÉ HUILE SÈCHE 100ML – SOIN SUBLIMATEUR CORPS, VISAGE & CHEVEUX",279.00,En stock,N/A,https://beautymarket.ma/products/centifolia-nectar-dore-huile-seche-105-ml
BeautyMarket,Corps,Hydratant Corps,FILORGA NUTRI-MODELING BAUME NUTRI-AFFINANT QUOTIDIEN 200ML,458.00,En stock,N/A,https://beautymarket.ma/products/filorga-nutri-modeling-baume-nutri-affinant-quotidien-200ml
BeautyMarket,Corps,Hydratant Corps,CUMLAUDE LAB LUBRIPIÙ HYGIÈNE INTIME 200ML – HUILE INTIME HYDRATANTE & DOUCE POUR SÉCHERESSE INTIME,145.00,En stock,N/A,https://beautymarket.ma/products/cumlaude-lab-lubripiu-hygiene-intime-200ml
BeautyMarket,Corps,Hydratant Corps,CODEXIAL – CRÈME CALAMINE HYDRATANTE ANTI-GRATTAGE – 200 ML,300.00,En stock,N/A,https://beautymarket.ma/products/codexial-creme-calamine-hydratante-anti-grattage-200-ml
BeautyMarket,Corps,Hydratant Corps,CICABIAFINE – LAIT CORPOREL HYDRATANT QUOTIDIEN – 200 ML,145.00,En stock,N/A,https://beautymarket.ma/products/cicabiafine-lait-corporel-hydratant-quotidien-200-ml
BeautyMarket,Corps,Hydratant Corps,CENTIFOLIA BAUME NOURRISSANT BÉBÉ BIO 100 ML,129.00,En stock,N/A,https://beautymarket.ma/products/centifolia-baume-nourrissant-bebe-bio-100-ml
BeautyMarket,Corps,Hydratant Corps,BIODERMA – ATODERM PREVENTIVE – 200 ML,239.00,En stock,N/A,https://beautymarket.ma/products/bioderma-atoderm-preventive-200-ml
BeautyMarket,Corps,Hydratant Corps,NUBIANCE HRB-3 LAIT CORPS HYDRATANT & UNIFIANT 250ML,350.00,En stock,N/A,https://beautymarket.ma/products/nubiance-hrb-3-lait-corps-hydratant-unifiant-250ml
BeautyMarket,Corps,Hydratant Corps,HELIABRINE HELIXIENCE LAIT CORPS 200ML,518.00,En stock,N/A,https://beautymarket.ma/products/heliabrine-helixience-lait-corps-200ml
BeautyMarket,Corps,Hydratant Corps,FIDERMA LAIT DEPIGMENTANT INTENSIF 100ML,473.00,En stock,N/A,https://beautymarket.ma/products/fiderma-lait-depigmentant-intensif-100ml
BeautyMarket,Corps,Hydratant Corps,CODEXIAL COLD CREME 100 ML,171.00,En stock,N/A,https://beautymarket.ma/products/codexial-cold-cream-100-ml
BeautyMarket,Corps,Hydratant Corps,CODEXIAL ENOCARE CREME CORPS HYDRATANTE 200 ML,277.00,En stock,N/A,https://beautymarket.ma/products/codexial-enocare-creme-corps-hydratante-200-ml
BeautyMarket,Corps,Hydratant Corps,CAUDALIE VINOTHERAPIST SOIN CORPS NOURRISSANT 400ML,390.00,En stock,N/A,https://beautymarket.ma/products/caudalie-vinotherapist-soin-corps-nourrissant-400ml
BeautyMarket,Corps,Hydratant Corps,MKL AQUA CREME FAMILLE DERMO HYDRATANTE 400ML,266.00,En stock,N/A,https://beautymarket.ma/products/mkl-aqua-creme-famille-dermo-hydratante-400ml
BeautyMarket,Corps,Hydratant Corps,PLACENTOR CREME ULTRA-HYDRA ET REGENERATRICE 200ML,285.00,En stock,N/A,https://beautymarket.ma/products/placentor-creme-ultra-hydra-et-regeneratrice-200ml
BeautyMarket,Corps,Hydratant Corps,NATURALIA ALOE VERA LAIT HYDRATANT POUR LE CORPS 370ML,236.00,En stock,N/A,https://beautymarket.ma/products/naturalia-aloe-vera-lait-hydratant-pour-le-corps-370ml
BeautyMarket,Corps,Hydratant Corps,LAINO LAIT NUTRITIF DOUCEUR – 400 ML,150.00,En stock,N/A,https://beautymarket.ma/products/laino-lait-nutritif-douceur-400-ml
BeautyMarket,Corps,Hydratant Corps,DERMALIFT UREA ADVANCED CRÉME PIEDS RÉGÉNÉRANTE 100 ML,160.00,En stock,N/A,https://beautymarket.ma/products/dermalift-urea-advanced-creme-pieds-regenerante-100-ml
BeautyMarket,Corps,Hydratant Corps,CODEXIAL ENOCARE PRO EMULSION RELIPIDANTE 400ML,290.00,En stock,N/A,https://beautymarket.ma/products/codexial-enocare-pro-emulsion-relipidante-400ml
BeautyMarket,Corps,Hydratant Corps,CODEXIAL EMULKERA CANULE 75ML,252.00,En stock,N/A,https://beautymarket.ma/products/codexial-emulkera-canule-75ml
BeautyMarket,Corps,Hydratant Corps,CEBELIA LAIT APAISANT CORPS&JAMBES 200ML,315.00,En stock,N/A,https://beautymarket.ma/products/cebelia-lait-apaisant-corps-jambes-200ml
BeautyMarket,Corps,Hydratant Corps,CAVAILLES LAIT BAIN & DOUCHE HYDRATANT FIGUE 400ML – PEAUX SÈCHES & SENSIBLES,115.00,En stock,N/A,https://beautymarket.ma/products/roge-cavailles-lait-bain-douche-hydratant-figue-400ml-peaux-seches-sensibles
BeautyMarket,Corps,Hydratant Corps,DERMOPHIL CRÈME MAINS ANTI-TACHES / ANTI-ÂGE 75ML,180.00,En stock,N/A,https://beautymarket.ma/products/dermophil-creme-mains-anti-taches-anti-age-75ml
BeautyMarket,Corps,Hydratant Corps,BIO SEASONS – CRÈME MAINS NOURRISSANTE BIO,104.00,En stock,N/A,https://beautymarket.ma/products/bio-seasons-creme-mains-nourrissante-bio
BeautyMarket,Corps,Hydratant Corps,APOLOGIE HUILE SÈCHE 3 EN 1 VISAGE ET CORPS & CHEVEUX 104 ML,337.00,En stock,N/A,https://beautymarket.ma/products/apologie-huile-seche-3-en-1-visage-et-corps-cheveux-104-ml
BeautyMarket,Corps,Hydratant Corps,ALLERGIKA LIPOLOTIO 5% D'UREE LOTION CORPORELLE 200ML,326.00,En stock,N/A,https://beautymarket.ma/products/allergika-lipolotio-5-duree-lotion-corporelle-200ml
BeautyMarket,Corps,Hydratant Corps,MKL CRÈME FAMILLE BIO ** AQUA 100 ML,109.00,En stock,N/A,https://beautymarket.ma/products/mkl-creme-famille-bio-aqua-100-ml
BeautyMarket,Corps,Hydratant Corps,CERAVE PACK SA GEL NETTOYANT ANTI-RUGOSITES 236 ML + CRÈME ANTI-RUGOSITÉS 177ML,269.00,En stock,N/A,https://beautymarket.ma/products/cerave-sa-gel-nettoyant-anti-rugosites-236-ml-creme-anti-rugosites-177ml
BeautyMarket,Corps,Hydratant Corps,NUXE NUXURIANCE ULTRA - LE LAIT CORPS FERMETÉ 400ML,450.00,En stock,N/A,https://beautymarket.ma/products/nuxe-nuxuriance-ultra-le-lait-corps-fermete
BeautyMarket,Corps,Hydratant Corps,PLACENTOR CREME REGENERANTE ET HYDRATANTE PS 40ML,153.00,En stock,N/A,https://beautymarket.ma/products/placentor-creme-regenerante-et-hydratante-ps-40ml
BeautyMarket,Corps,Hydratant Corps,ISISPHARMA KELOPLAST CRACKS CRÈME RÉPARATRICE MAINS ET PIEDS,117.00,En stock,N/A,https://beautymarket.ma/products/isispharma-keloplast-cracks-creme-reparatrice-mains-et-pieds
BeautyMarket,Corps,Hydratant Corps,INSTITUT ESTHEDERM MINCEUR LAIT HYDRATANT ANTI-RELACHEMENT 200 ML,674.00,En stock,N/A,https://beautymarket.ma/products/institut-esthederm-minceur-lait-hydratant-anti-relachement-200-ml
BeautyMarket,Corps,Hydratant Corps,HERÔME CURE ANTI-GERÇURE – 75 ML,246.00,En stock,N/A,https://beautymarket.ma/products/herome-cure-anti-gercure-75-ml
BeautyMarket,Corps,Hydratant Corps,EXCIPIAL U 10 LIPOLOTION 200ML,240.00,En stock,N/A,https://beautymarket.ma/products/excipial-u-10-lipolotion-200ml
BeautyMarket,Corps,Hydratant Corps,CODEXIAL ONGUENT KARITÉ FISSURES ET CREVASSES 40 ML,210.00,En stock,N/A,https://beautymarket.ma/products/codexial-onguent-karite-fissures-et-crevasses-40-ml
BeautyMarket,Corps,Hydratant Corps,CODEXIAL ENOCARE PRO EMULKERA EMULSION LISSANTE 75 ML,191.00,En stock,N/A,https://beautymarket.ma/products/enocare-pro-emulkera-40-75-ml
BeautyMarket,Corps,Hydratant Corps,CICABIAFINE – BAUME CORPOREL HYDRATANT QUOTIDIEN – 200 ML,178.00,En stock,N/A,https://beautymarket.ma/products/cicabiafine-baume-corporel-hydratant-quotidien-200-ml
BeautyMarket,Corps,Hydratant Corps,BABYHEART LOTION POUR LE CORPS 250ML,59.00,En stock,N/A,https://beautymarket.ma/products/babyheart-lotion-pour-le-corps-250ml
BeautyMarket,Corps,Gommage Peeling Corps,LA ROCHE-POSAY EFFACLAR GEL PURIFIANT MICRO PEELING 200ML,180.00,En stock,N/A,https://beautymarket.ma/products/la-roche-posay-effaclar-gel-purifiant-micro-peeling-200ml
BeautyMarket,Corps,Gommage Peeling Corps,REVOX B77 JUST OIL CONTROL SKINCAREROUTINE 3*30ML,203.00,En stock,N/A,https://beautymarket.ma/products/revox-b77-just-oil-control-skincareroutine-3-30ml
BeautyMarket,Corps,Gommage Peeling Corps,NATURESOIN ARGILE ROUGE – 100 G,35.00,En stock,N/A,https://beautymarket.ma/products/naturesoin-argile-rouge-100-g
BeautyMarket,Corps,Gommage Peeling Corps,NATURESOIN ARGISOIN SAVON À L’ARGILE NOIRE- 125 G,23.00,En stock,N/A,https://beautymarket.ma/products/naturesoin-argisoin-savon-a-l-argile-noire-125-g
BeautyMarket,Corps,Gommage Peeling Corps,EVOLUDERM GOMMAGE MONOI A LA FOLIE COPRS 150ML,65.00,En stock,N/A,https://beautymarket.ma/products/evoluderm-gommage-monoi-a-la-folie-coprs-150ml
BeautyMarket,Corps,Gommage Peeling Corps,SVR XERIAL PEEL MASQUE EXFOLIANT PIEDS 1 PAIRE,227.00,En stock,N/A,https://beautymarket.ma/products/svr-xerial-peel-masque-exfoliant-pieds-1-paire
BeautyMarket,Corps,Gommage Peeling Corps,NATURESOIN GHASSOUL POUDRE SURFINE – 100 G,23.00,En stock,N/A,https://beautymarket.ma/products/naturesoin-ghassoul-poudre-surfine-100-g
BeautyMarket,Corps,Gommage Peeling Corps,MEDICUBE RED ACNE BODY PEELING SHOT – 110 G,315.00,En stock,N/A,https://beautymarket.ma/products/medicube-red-acne-body-peeling-shot-110-g
BeautyMarket,Corps,Gommage Peeling Corps,ISISPHARMA GLYCO-A BODY PEELING CORPS 200 ML,362.00,En stock,N/A,https://beautymarket.ma/products/isispharma-glyco-a-body-peeling-corps-200-ml
BeautyMarket,Corps,Gommage Peeling Corps,NUXE COFFRET RÊVE RESSOURÇANT,420.00,En stock,N/A,https://beautymarket.ma/products/coffret-reve-ressourcant
BeautyMarket,Corps,Gommage Peeling Corps,NUXE RÊVE DE MIEL GOMMAGE GOURMAND NOURRISSANT CORPS 175 ML,299.00,En stock,N/A,https://beautymarket.ma/products/nuxe-reve-de-miel-gommage-gourmand-nourrissant-corps-175-ml
BeautyMarket,Corps,Gommage Peeling Corps,ZIAJA LEMON CAKE GOMMAGE CORPS 300 ML,311.00,En stock,N/A,https://beautymarket.ma/products/ziaja-lemon-cake-gommage-corps-300-ml
BeautyMarket,Corps,Gommage Peeling Corps,EVOLUDERM LAIT COPRS MONOI A LA FOLIE 500ML,115.00,En stock,N/A,https://beautymarket.ma/products/evoluderm-lait-coprs-monoi-a-la-folie-150ml
BeautyMarket,Corps,Gommage Peeling Corps,CAUDALIE VINOSCULPT GOMMAGE CCRUSHED CABERNET,350.00,En stock,N/A,https://beautymarket.ma/products/caudalie-vinosculpt-gommage-ccrushed-cabernet
BeautyMarket,Corps,Gommage Peeling Corps,NUHANCIAM GOMMAGE CORPS ÉCLAT GEL EXFOLIANT MOUSSANT – 200ML,313.00,En stock,N/A,https://beautymarket.ma/products/nuhanciam-gommage-corps-eclat-gel-exfoliant-moussant-200ml
BeautyMarket,Corps,Gommage Peeling Corps,URIAGE CRÈME GOMMANTE CORPS 200 ML,259.00,En stock,N/A,https://beautymarket.ma/products/uriage-creme-gommante-corps-50-ml
BeautyMarket,Corps,Gommage Peeling Corps,NUBIANCE EXFOCLEAR GEL EXFOLIANT GOMMAGE VISAGE & CORPS AUX AHA 200ML,240.00,En stock,N/A,https://beautymarket.ma/products/nubiance-exfoclear-gel-exfoliant-gommage-visage-corps-aux-aha-200ml
BeautyMarket,Corps,Gommage Peeling Corps,NUXE BODY DUO RÊVE DE THÉ GELÉE DE DOUCHE 200ML + GOMMAGE GRANITÉ 150ML,220.00,En stock,N/A,https://beautymarket.ma/products/nuxe-body-duo-reve-de-the-gelee-de-douche-200ml-gommage-granite-150ml
BeautyMarket,Corps,Gommage Peeling Corps,CAVAILLES COFFRET L ART DU RECONFORT,445.00,En stock,N/A,https://beautymarket.ma/products/cavailles-coffret-l-art-du-reconfort
BeautyMarket,Corps,Gommage Peeling Corps,SOULSISTERS KIT NOUVELLES RÉSOLUTIONS,700.00,En stock,N/A,https://beautymarket.ma/products/soulsisters-kit-nouvelles-resolutions
BeautyMarket,Corps,Gommage Peeling Corps,SYS COSMETICS BOULES DE GOMMAGE ORIENTAL SHINE NOURRISSANT & SENSORIEL 200G,160.00,En stock,N/A,https://beautymarket.ma/products/sys-cosmetics-boules-de-gommage-oriental-shine-nourrissant-sensoriel-200g
BeautyMarket,Corps,Gommage Peeling Corps,EVOLUDERM LAIT COPRS SURGRAS 500ML,115.00,En stock,N/A,https://beautymarket.ma/products/evoluderm-lait-coprs-surgras-150ml
BeautyMarket,Corps,Gommage Peeling Corps,FILORGA SCRUB & PEEL CRÈME EXFOLIANTE RESURFAÇANTE EFFET PEAU NEUVE IMMÉDIAT 150ML,300.00,En stock,N/A,https://beautymarket.ma/products/filorga-scrub-peel-creme-exfoliante-resurfacante-effet-peau-neuve-immediat-150ml
BeautyMarket,Corps,Gommage Peeling Corps,MATIS - GOMMAGE - GRANITÉ EXFOLIANT AU CAVIAR 50ML,559.00,En stock,N/A,https://beautymarket.ma/products/matis-le-gommage-granite-exfoliante-au-caviar-50-ml
BeautyMarket,Corps,Gommage Peeling Corps,NUXE RÊVE DE THÉ GOMMAGE GRANITÉ RESSOURÇANT 150 ML,265.00,En stock,N/A,https://beautymarket.ma/products/nuxe-reve-de-the-gommage-granite-ressourcant-150-ml
BeautyMarket,Corps,Gommage Peeling Corps,ROGE CAVAILLES COFFRET L ART DE LA DOUCEUR,445.00,En stock,N/A,https://beautymarket.ma/products/roge-cavailles-coffret-l-art-de-la-douceur
BeautyMarket,Corps,Gommage Peeling Corps,LUCIA RAPETTI AQUAPEEL PEELING VÉGÉTAL NATUREL 100 ML,810.00,En stock,N/A,https://beautymarket.ma/products/lucia-rapetti-aquapeel-peeling-vegetal-naturel-100-ml
BeautyMarket,Corps,Gommage Peeling Corps,ALGOLOGIE SCRUB LITTORAL GOMMAGE CORPS AU SEL MARIN & HUILES ESSENTIELLES 150ML,359.00,En stock,N/A,https://beautymarket.ma/products/algologie-scrub-littoral-gommage-corps-au-sel-marin-huiles-essentielles-150ml
BeautyMarket,Corps,Huile Corps,NUXE HUILE PRODIGIEUSE OR – 50 ML,290.00,En stock,N/A,https://beautymarket.ma/products/nuxe-huile-prodigieuse-or-50-ml
BeautyMarket,Corps,Huile Corps,SVR TOPIALYSE HUILE LAVANTE MICELLAIRE,195.00,En stock,N/A,https://beautymarket.ma/products/svr-topialyse-huile-lavante-micellaire
BeautyMarket,Corps,Huile Corps,NUXE HUILE PRODIGIEUSE FLORALE – 100 ML,330.00,En stock,N/A,https://beautymarket.ma/products/nuxe-huile-prodigieuse-florale-100-ml
BeautyMarket,Corps,Huile Corps,CAVAILLES DERMATO HUILE LAVANTE HAUTE TOLÉRANCE 500ML,221.00,En stock,N/A,https://beautymarket.ma/products/roge-cavailles-dermo-uht-huile-lavante-surgras-500ml
BeautyMarket,Corps,Huile Corps,URIAGE BARIÉDERM CICA HUILE DERMATOLOGIQUE 100ML,179.00,En stock,N/A,https://beautymarket.ma/products/uriage-bariederm-cica-huile-dermatologique-vergetures-marques-100ml
BeautyMarket,Corps,Huile Corps,NUXE HUILE PRODIGIEUSE OR – 100 ML,528.00,En stock,N/A,https://beautymarket.ma/products/nuxe-huile-prodigieuse-or-100-ml
BeautyMarket,Corps,Huile Corps,AVÈNE XERACALM A.D HUILE LAVANTE RELIPIDANTE – 400 ML,261.00,En stock,N/A,https://beautymarket.ma/products/avene-xeracalm-a-d-huile-lavante-relipidante-400-ml
BeautyMarket,Corps,Huile Corps,MUSTELA HUILE DE MASSAGE À L'HUILE D'AVOCAT 100ML,139.00,En stock,N/A,https://beautymarket.ma/products/mustela-huile-de-massage-a-lhuile-davocat
BeautyMarket,Corps,Huile Corps,LITENS COOL TANNING HUILE SOLAIRE 125ML,91.00,En stock,N/A,https://beautymarket.ma/products/litens-cool-tanning-huile-solaire-125ml
BeautyMarket,Corps,Huile Corps,HEI POA PUR MONOI DE TAHITI HEI POA VANILLE 100ML,150.00,En stock,N/A,https://beautymarket.ma/products/pur-monoi-de-tahiti-hei-poa-vanille-100ml
BeautyMarket,Corps,Huile Corps,MIELII MONOÏ HUILE BRONZANTE 50 ML,107.00,En stock,N/A,https://beautymarket.ma/products/mielii-monoi-huile-bronzante
BeautyMarket,Corps,Huile Corps,LITENS COOL SUN BLOCK LAIT SOLAIRE ALOE VERRA 100ML,68.00,En stock,N/A,https://beautymarket.ma/products/litens-cool-sun-block-lait-solaire-aloe-verra-100ml
BeautyMarket,Corps,Huile Corps,CAVAILLÈS HUILE DOUCHE SURGRAS SATINANTE ARGAN & ROSE 250ML,169.00,En stock,N/A,https://beautymarket.ma/products/roge-cavailles-huile-douche-surgras-satinante-argan-rose-250ml
BeautyMarket,Corps,Huile Corps,HEI POA HUILE DE MONOI MORINGA 100ML,187.00,En stock,N/A,https://beautymarket.ma/products/hei-poa-huile-de-monoi-moringa-100ml
BeautyMarket,Corps,Huile Corps,RITUELESSENCE HUILE D’AMANDE DOUCE 100ML,72.00,En stock,N/A,https://beautymarket.ma/products/rituelessence-huile-d-amande-douce-100ml
BeautyMarket,Corps,Huile Corps,RITUELESSENCE HUILE DE COCO 50ML,52.00,En stock,N/A,https://beautymarket.ma/products/rituelessence-huile-de-coco-50ml
BeautyMarket,Corps,Huile Corps,RITUELESSENCE HUILE DE RICIN 50ML,38.00,En stock,N/A,https://beautymarket.ma/products/rituelessence-huile-de-ricin-50ml
BeautyMarket,Corps,Huile Corps,RACINE VITA HUILE D'AMANDES DOUCES 1L,199.00,En stock,N/A,https://beautymarket.ma/products/racine-vita-huile-damandes-douces-1l
BeautyMarket,Corps,Huile Corps,LITENS COOL TANNING HUILE SOLAIRE SPF 6 COCO 250ML,132.00,En stock,N/A,https://beautymarket.ma/products/litens-cool-tanning-huile-solaire-spf-6-coco-250ml
BeautyMarket,Corps,Huile Corps,CAVAILLÈS HUILE DOUCHE SURGRAS SATINANTE ARGAN & ROSE 750ML,195.00,En stock,N/A,https://beautymarket.ma/products/roge-cavailles-huile-douche-surgras-satinante-argan-rose-750ml
BeautyMarket,Corps,Huile Corps,HEI POA PUR MONOI TAHITI COCO 100ML,158.00,En stock,N/A,https://beautymarket.ma/products/hei-poa-pur-monoi-tahiti-coco-100ml
BeautyMarket,Corps,Huile Corps,RITUELESSENCE HUILE DE COCO 100ML,81.00,En stock,N/A,https://beautymarket.ma/products/rituelessence-huile-de-coco-100ml
BeautyMarket,Corps,Huile Corps,LAFORME HUILE DE MASSAGE CAMPHRE EUCALYPTUS 200ML,140.00,En stock,N/A,https://beautymarket.ma/products/laforme-huile-de-massage-camphre-eucalyptus-200ml
BeautyMarket,Corps,Huile Corps,PURESSENTIEL ARTICULATIONS PATCHS CHAUFFANTS AUX 14 HUILES 3,220.00,En stock,N/A,https://beautymarket.ma/products/puressentiel-articulations-patchs-chauffants-aux-14-huiles-3
BeautyMarket,Corps,Huile Corps,LITENS HUILE SOLAIRE SPF 2 NOIX DE COCO 250 ML,132.00,En stock,N/A,https://beautymarket.ma/products/litens-huile-solaire-spf-2-noix-de-coco-250-ml
BeautyMarket,Corps,Huile Corps,RITUELESSENCE HUILE D’AMANDE DOUCE 50ML,45.00,En stock,N/A,https://beautymarket.ma/products/rituelessence-huile-d-amande-douce-50ml
BeautyMarket,Corps,Huile Corps,LAFORME HUILE DE MASSAGE NEUTRE 200ML,121.00,En stock,N/A,https://beautymarket.ma/products/laforme-huile-de-massage-neutre-200ml
BeautyMarket,Corps,Huile Corps,LAFORME HUILE DE MASSAGE RELAXANTE 200ML,178.00,En stock,N/A,https://beautymarket.ma/products/laforme-huile-de-massage-relaxante-200ml
BeautyMarket,Corps,Huile Corps,HEI POA BEURRE CORPOREL AU MONOI 200 ML,173.00,En stock,N/A,https://beautymarket.ma/products/hei-poa-beurre-corporel-au-monoi-200-ml
BeautyMarket,Corps,Huile Corps,LITEN'S LAIT SOLAIRE ALOE VERA SPRAY SPF15 250ML,119.00,En stock,N/A,https://beautymarket.ma/products/litens-lait-solaire-aloe-vera-spray-spf15-250ml
BeautyMarket,Corps,Huile Corps,CENTIFOLIA HUILE LAVANTE RELIPIDANTE NEUTRE POUR LE CORPS,110.00,En stock,N/A,https://beautymarket.ma/products/cebtifolia-huile-lavante-relipidante-neutre-pour-le-corps
BeautyMarket,Corps,Huile Corps,RITUELESSENCE HUILE DE FENUGREC 50ML,68.00,En stock,N/A,https://beautymarket.ma/products/rituelessence-huile-de-fenugrec-50ml
BeautyMarket,Corps,Huile Corps,RITUELESSENCE HUILE DE RICIN 100ML,63.00,En stock,N/A,https://beautymarket.ma/products/rituelessence-huile-de-ricin-100ml
BeautyMarket,Corps,Huile Corps,RITUELESSENCE HUILE D’AVOCAT 50ML,59.00,En stock,N/A,https://beautymarket.ma/products/rituelessence-huile-d-avocat-50ml
BeautyMarket,Corps,Huile Corps,RITUELESSENCE HUILE DE GLYCERINE 100ML,52.00,En stock,N/A,https://beautymarket.ma/products/rituelessence-huile-de-glycerine-100ml
BeautyMarket,Corps,Huile Corps,RITUELESSENCE HUILE DE SESAME 50ML,47.00,En stock,N/A,https://beautymarket.ma/products/rituelessence-huile-de-sesame-50ml
BeautyMarket,Corps,Huile Corps,RITUELESSENCE HUILE DE GLYCERINE 50ML,34.00,En stock,N/A,https://beautymarket.ma/products/rituelessence-huile-de-glycerine-50ml
BeautyMarket,Corps,Huile Corps,PURESSENTIEL HUILE DE SOIN CAPILLAIRE BIO 100ML,236.00,En stock,N/A,https://beautymarket.ma/products/puressentiel-huile-de-soin-capillaire-bio-100ml
BeautyMarket,Corps,Huile Corps,NUHANCIAM HUILE SOIN MÉTAMORPHOSE 100 ML,300.00,En stock,N/A,https://beautymarket.ma/products/nuhanciam-huile-soin-metamorphose-100ml
BeautyMarket,Corps,Huile Corps,PANIER DES SENS CREME DE LA REINE ULTRA NOURRISSANTE CORPS REGENERANT 250 ML,409.00,En stock,N/A,https://beautymarket.ma/products/panier-des-sens-creme-de-la-reine-ultra-nourrissante-corps-regenerant-250-ml
BeautyMarket,Corps,Huile Corps,PANIER DES SENS GEL DOUCHE HUILE ESSENTIELLE FLEUR D'ORANGER 250 ML,144.00,En stock,N/A,https://beautymarket.ma/products/panier-des-sens-gel-douche-huile-essentielle-fleur-doranger-250-ml
BeautyMarket,Corps,Huile Corps,PURESSENTIEL ARTICULATION & MUSC HUILE DE MASSAGE EFFORT 100ML,159.00,En stock,N/A,https://beautymarket.ma/products/puressentiel-articulation-musc-huile-de-massage-effort-100ml
BeautyMarket,Corps,Huile Corps,NIVEA GEL DOUCHE LEMONGRASS & OIL 250ML – FRAÎCHEUR TONIFIANTE & MICRO-HUILES NOURRISSANTES,69.00,En stock,N/A,https://beautymarket.ma/products/nivea-gel-douche-lemongrass-oil-250ml
BeautyMarket,Corps,Huile Corps,NIVEA DOUCHE DE SOIN PEACH & APRICOT SEED OIL 250 ML,69.00,En stock,N/A,https://beautymarket.ma/products/nivea-douche-de-soin-peach-apricot-seed-oil-250-ml
BeautyMarket,Corps,Huile Corps,LIERAC PHYTOLASTIL HUILE DE MASSAGE 100ML,349.00,En stock,N/A,https://beautymarket.ma/products/lierac-phytolastil-huile-de-massage-100ml
BeautyMarket,Corps,Huile Corps,CAVAILLES SAVON HUILE SATINANTE 100G,79.00,En stock,N/A,https://beautymarket.ma/products/cavailles-savon-huile-satinante-100g
BeautyMarket,Corps,Huile Corps,CAVAILLES HUILE BAIN ET DOUCHE VELOUTANTE 750 ML,225.00,En stock,N/A,https://beautymarket.ma/products/cavailles-huile-bain-et-douche-veloutante-750-ml
BeautyMarket,Corps,Huile Corps,NATURESOIN HUILE DE GLYCERINE 1L,75.00,En stock,N/A,https://beautymarket.ma/products/naturesoin-huile-de-glycerine-1l
BeautyMarket,Corps,Huile Corps,NATURESOIN SOLARIUM HUILE SOLAIRE FPS6 100ML,29.00,En stock,N/A,https://beautymarket.ma/products/nature-soin-solarium-huile-solaire-fps6-100ml
BeautyMarket,Corps,Huile Corps,VAHEMA MONOI DE TAHITI HUILE COCO 100 ML,139.00,En stock,N/A,https://beautymarket.ma/products/vahema-monoi-de-tahiti-huile-coco-100-ml
BeautyMarket,Corps,Huile Corps,VAHEMA MONOI DE TAHITI VANILLE 100 ML,139.00,En stock,N/A,https://beautymarket.ma/products/vahema-monoi-de-tahiti-vanille
BeautyMarket,Corps,Huile Corps,PURESSENTIEL MASSAGE VENTRE HUILE 15 HUILES ESSENTIELLES 50ML,179.00,En stock,N/A,https://beautymarket.ma/products/puressentiel-massage-ventre-huile-15-huiles-essentielles-50ml
BeautyMarket,Corps,Huile Corps,NUXE HUILE PRODIGIEUSE ROLL ON 60ML,340.00,En stock,N/A,https://beautymarket.ma/products/nuxe-huile-prodigieuse-roll-on-60ml
BeautyMarket,Corps,Huile Corps,NUXE BIO ORGANIC HUILE CORPS NOURISSANT 100ML,300.00,En stock,N/A,https://beautymarket.ma/products/nuxe-bio-organic-huile-corps-nourissant-100ml
BeautyMarket,Corps,Huile Corps,CAUDALIE HUILE DE SOIN SOLEIL DES VIGNES OIL ELIXIR 100ML,460.00,En stock,N/A,https://beautymarket.ma/products/caudalie-huile-de-soin-soleil-des-vignes-oil-elixir-100ml
BeautyMarket,Corps,Huile Corps,CAUDALIE HUILE DE SOIN LISSAGE ET GLOW OIL ELIXIR 50 ML,295.00,En stock,N/A,https://beautymarket.ma/products/caudalie-huile-de-soin-lissage-et-glow-oil-elixir-50-ml
BeautyMarket,Corps,Huile Corps,RACINE VITA SAVON DOUX A L HUILE ARGANE 80G,13.00,En stock,N/A,https://beautymarket.ma/products/racine-vita-savon-doux-a-l-huile-argane-80g
BeautyMarket,Corps,Huile Corps,CAUDALIE HUILE DE SOIN SOLEIL DES VIGNES OIL ELIXIR 50ML,295.00,En stock,N/A,https://beautymarket.ma/products/caudalie-huile-de-soin-soleil-des-vignes-100ml
BeautyMarket,Corps,Huile Corps,NUXE HUILE PRODIGIEUSE – 50 ML,230.00,En stock,N/A,https://beautymarket.ma/products/nuxe-huile-prodigieuse-50-ml
BeautyMarket,Corps,Huile Corps,DERMINA ATOLINA INTENSE HUILE LAVANTE RELIPIDANTE 400ML,219.00,En stock,N/A,https://beautymarket.ma/products/dermina-atolina-intense-huile-lavante-relipidante-400ml
BeautyMarket,Corps,Huile Corps,NUXE HUILE PRODIGIEUSE ROLL ON OR 60ML,340.00,En stock,N/A,https://beautymarket.ma/products/nuxe-huile-prodigieuse-roll-on-or-60ml
BeautyMarket,Corps,Huile Corps,CAUDALIE HUILE ELIXIR FIGUR 100ML,460.00,En stock,N/A,https://beautymarket.ma/products/caudalie-huile-elixir-figur-100ml
BeautyMarket,Corps,Huile Corps,PURESSENTIEL HUILE ESSENTIELLE CANNELLE DE CEYLAN BIO 5ML,185.00,En stock,N/A,https://beautymarket.ma/products/puressentiel-huile-essentielle-cannelle-de-ceylan-bio-5ml
BeautyMarket,Corps,Huile Corps,SANTE BIO HUILE DE GLYCÉRINE 1L,119.00,En stock,N/A,https://beautymarket.ma/products/sante-bio-huile-de-glycerine-1l
BeautyMarket,Corps,Eau De Soin,MUSTELA MUSTI EAU DE SOIN PARFUMÉE – 50 ML,149.00,En stock,N/A,https://beautymarket.ma/products/mustela-musti-eau-de-soin-parfumee-50-ml
BeautyMarket,Corps,Eau De Soin,NATUREESOIN INCA EAU DE ROSE 125ML,35.00,En stock,N/A,https://beautymarket.ma/products/nature-soin-inca-eau-de-rose-125ml
BeautyMarket,Corps,Eau De Soin,KLORANE BÉBÉ EAU FRAÎCHE PARFUMÉE – 500ML,202.00,En stock,N/A,https://beautymarket.ma/products/klorane-bebe-eau-fraiche-parfumee-500ml
BeautyMarket,Corps,Eau De Soin,CAUDALIE COFFRET TRIO PARFUMÉ THÉ DES VIGNES,479.00,En stock,N/A,https://beautymarket.ma/products/caudalie-coffret-the-des-vignes
BeautyMarket,Corps,Eau De Soin,CAUDALIE COFFRET EAU DE BEAUTÉ DETOX & GLOW BESTSELLERS TRIO,670.00,En stock,N/A,https://beautymarket.ma/products/caudalie-eau-de-beaute-detox-glow-bestsellers-trio
BeautyMarket,Corps,Eau De Soin,"NUXE EAU DÉLICIEUSE PARFUMANTE, SUN 100 ML",420.00,En stock,N/A,https://beautymarket.ma/products/eau-delicieuse-parfumante-nuxe-sun-100-ml
BeautyMarket,Corps,Eau De Soin,NATURESOIN ROSE DE MAI – EAU DE ROSE 100% NATURELLE – 100 ML,77.00,En stock,N/A,https://beautymarket.ma/products/naturesoin-rose-de-mai-eau-de-rose-100-naturelle-100-ml
BeautyMarket,Corps,Eau De Soin,CAUDALIE COFFRET ROSE DE VIGNE,479.00,En stock,N/A,https://beautymarket.ma/products/caudalie-coffret-rose-de-vigne
BeautyMarket,Corps,Eau De Soin,PANIER DES SENS EAU DE TOILETTE ELIXIR FLORAL ABSOLUE FLEUR D'ORANGER,372.00,En stock,N/A,https://beautymarket.ma/products/panier-des-sens-eau-de-toilette-elixir-floral-absolue-fleur-doranger-50-ml
BeautyMarket,Corps,Eau De Soin,NUXE BODY EAU DÉLASSANTE PARFUMANTE – 100 ML,399.00,En stock,N/A,https://beautymarket.ma/products/nuxe-body-eau-delassante-parfumante-100-ml
BeautyMarket,Corps,Eau De Soin,NATURESOIN ROSE DE MAI – 50 ML,47.00,En stock,N/A,https://beautymarket.ma/products/naturesoin-rose-de-mai-50-ml
BeautyMarket,Corps,Eau De Soin,CAUDALIE EAU FRAÎCHE THÉ DES VIGNES 50 ML,487.00,En stock,N/A,https://beautymarket.ma/products/caudalie-eau-fraiche-the-des-vignes-50-ml
BeautyMarket,Corps,Eau De Soin,MUSTELA EAU NETTOYANTE APAISANTE 300ML,189.00,En stock,N/A,https://beautymarket.ma/products/mustela-eau-nettoyante-apaisante-300ml
BeautyMarket,Corps,Eau De Soin,GAMARDE EAU THERMALE SPRAY 100ML,85.00,En stock,N/A,https://beautymarket.ma/products/gamarde-eau-thermale-spray-100ml
BeautyMarket,Corps,Eau De Soin,NUXE BODY REVE DE THE EAU EXALTANTE PARFUMANTE 100ML,380.00,En stock,N/A,https://beautymarket.ma/products/nuxe-body-reve-de-the-eau-exaltante-parfumante-100ml
BeautyMarket,Corps,Eau De Soin,PANIER DES SENS CREME MAINS HUILE ESSENTIELLE ROSE 75 ML,180.00,En stock,N/A,https://beautymarket.ma/products/panier-des-sens-creme-mains-huile-essentielle-rose-75-ml
BeautyMarket,Corps,Eau De Soin,PANIER DES SENS ESSENTIELS EAU DE TOILETTE - ROSE ENVOÛTANTE 50ML,372.00,En stock,N/A,https://beautymarket.ma/products/eau-de-toilette-rose-envoutante-50ml
BeautyMarket,Corps,Eau De Soin,CAUDALIE EAU FRAÎCHE EAU DES VIGNES - 50 ML,489.00,En stock,N/A,https://beautymarket.ma/products/caudalie-eau-fraiche-eau-des-vignes-50-ml
BeautyMarket,Corps,Eau De Soin,PANIER DES SENS EAU DE TOILETTE - JASMIN PRÉCIEUX 50ML,310.00,En stock,N/A,https://beautymarket.ma/products/panier-des-sens-eau-de-toilette-jasmin-precieux-50ml
BeautyMarket,Corps,Eau De Soin,CAUDALIE EAU FRAÎCHE THÉ DES VIGNES 100 ML,860.00,En stock,N/A,https://beautymarket.ma/products/caudalie-eau-fraiche-the-des-vignes-100-ml
BeautyMarket,Corps,Eau De Soin,PANIER DES SENS GEL DOUCHE HUILE ESSENTIELLE VERVEINE 250 ML,145.00,En stock,N/A,https://beautymarket.ma/products/panier-des-sens-gel-douche-huile-essentielle-verveine-250-ml
BeautyMarket,Corps,Eau De Soin,CAUDALIE EAU FRAÎCHE ROSE DE VIGNE - 50 ML,489.00,En stock,N/A,https://beautymarket.ma/products/caudalie-eau-fraiche-rose-de-vigne-50-ml
BeautyMarket,Corps,Eau De Soin,ROGER & GALLET GINGEMBRE ROUGE EAU PARFUMÉE BIENFAISANTE 100 ML,560.00,En stock,N/A,https://beautymarket.ma/products/roger-gallet-gingembre-rouge-eau-parfumee-bienfaisante-100-ml
BeautyMarket,Corps,Eau De Soin,ROGER & GALLET FEUILLE DE THE EAU PARFUMEE 100ML,560.00,En stock,N/A,https://beautymarket.ma/products/roger-gallet-feuille-de-the-eau-parfumee-100ml
BeautyMarket,Corps,Eau De Soin,ROGER & GALLET CEDRAT EAU PARFUMEE 100ML,560.00,En stock,N/A,https://beautymarket.ma/products/roger-gallet-cedrat-eau-parfumee-100ml
BeautyMarket,Corps,Eau De Soin,CAUDALIE SOLEIL DES VIGNES FRESH FRAGRANCE 50ML,489.00,En stock,N/A,https://beautymarket.ma/products/caudalie-soleil-des-vignes-fresh-fragrance
BeautyMarket,Corps,Eau De Soin,CAUDALIE PARFUM DIVIN - 50 ML,522.00,En stock,N/A,https://beautymarket.ma/products/caudalie-parfum-divin-50-ml
BeautyMarket,Corps,Eau De Soin,ROGER & GALLET JEAN MARIE FARINA EAU DE COLOGNE 100ML,639.00,En stock,N/A,https://beautymarket.ma/products/roger-gallet-jean-marie-farina-eau-de-cologne-100ml
BeautyMarket,Corps,Eau De Soin,PANIER DES SENS EAU DE TOILETTE HUILE ESSENTIELLE VERVEINE 50 ML,372.00,En stock,N/A,https://beautymarket.ma/products/panier-des-sens-eau-de-toilette-huile-essentielle-verveine-50-ml
BeautyMarket,Corps,Eau De Soin,ROGET & GALLET FLEUR DE FIGUIER EAU PARFUMÉE BIENFAISANTE 100ML,560.00,En stock,N/A,https://beautymarket.ma/products/roget-gallet-fleur-de-figuier-eau-parfumee-bienfaisante-100ml
BeautyMarket,Corps,Eau De Soin,ROGER & GALLET BOIS D'ORANGE EAU PARFUMEE 100ML,560.00,En stock,N/A,https://beautymarket.ma/products/roger-gallet-bois-dorange-eau-parfumee-100ml
BeautyMarket,Corps,Eau De Soin,CAUDALIE EAU FRAÎCHE FLEUR DE VIGNE 50ML,489.00,En stock,N/A,https://beautymarket.ma/products/caudalie-eau-fraiche-fleur-de-vigne
BeautyMarket,Corps,Gel Douche,L'ORÉAL PARIS MEN EXPERT ROUTINE BARBER (GEL WASH + CREME COIFFANTE +GEL DOUCHE + DEO RO) = TONDEUSE OFFERTE,250.00,En stock,N/A,https://beautymarket.ma/products/loreal-paris-men-expert-routine-barber-gel-wash-creme-coiffante-gel-douche-deo-ro-tondeuse-offerte
BeautyMarket,Corps,Gel Douche,NIVEA BODY WASH CARE LILY OIL 250ML – GEL DOUCHE SOIN À L’HUILE DE LYS & HYDRATATION INTENSE,59.00,En stock,N/A,https://beautymarket.ma/products/nivea-gel-douche-waterlily-oil-250ml
BeautyMarket,Corps,Gel Douche,L'ORÉAL PARIS MEN EXPERT GEL DOUCHE CRÈME MAGNESIUM + GEL DOUCHE HYPOALLERGÉNIQUE,79.00,En stock,N/A,https://beautymarket.ma/products/loreal-paris-men-expert-gel-douche-creme-magnesium-gel-douche-hypoallergenique
BeautyMarket,Corps,Gel Douche,L'ORÉAL PARIS MEN EXPERT GEL DOUCHE MAGNESIUM HYPOALLERGÉNIQUE 300 ML,59.00,En stock,N/A,https://beautymarket.ma/products/loreal-paris-men-expert-gel-douche-magnesium-hypoallergenique-300-ml
BeautyMarket,Corps,Gel Douche,LAINO GEL DOUCHE AU PUPLE DE PECHE BLANCHE 200ML,43.00,En stock,N/A,https://beautymarket.ma/products/laino-gel-douche-au-puple-de-peche-blanche-200ml
BeautyMarket,Corps,Gel Douche,CAVAILLÈS GEL DOUCHE SOUVENIR D’ENFANCE 200ML,79.00,En stock,N/A,https://beautymarket.ma/products/roge-cavailles-gel-douche-souvenir-d-enfance-200ml
BeautyMarket,Corps,Gel Douche,NEUTRADERM GEL DOUCHE SURGRAS DERMO-PROTECTEUR – 1 L,153.00,En stock,N/A,https://beautymarket.ma/products/neutraderm-gel-douche-surgras-dermo-protecteur-1-l
BeautyMarket,Corps,Gel Douche,NEUTRADERM GEL DOUCHE SURGRAS DERMO PROTECTEUR POMPE 500ML,99.00,En stock,N/A,https://beautymarket.ma/products/neutraderm-gel-douche-surgras-dermo-protecteur-pompe-500ml
BeautyMarket,Corps,Gel Douche,L'ORÉAL PARIS MEN EXPERT GEL DOUCHE CRÈME MAGNESIUM + BARBER CLUB GEL 300 ML,89.00,En stock,N/A,https://beautymarket.ma/products/loreal-paris-men-expert-gel-douche-creme-magnesium-barber-club-gel-300-ml
BeautyMarket,Corps,Gel Douche,CAVAILLÈS GEL DOUCHE SURGRAS EXTRA-DOUX NECTAR DE ROSE 200 ML,79.00,En stock,N/A,https://beautymarket.ma/products/roge-cavailles-gel-douche-surgras-extra-doux-nectar-de-rose-200-ml
BeautyMarket,Corps,Gel Douche,L'ORÉAL PARIS MEN EXPERT GEL DOUCHE COOL POWER + GEL DOUCHE STOP STRESS,79.00,En stock,N/A,https://beautymarket.ma/products/loreal-paris-men-expert-gel-douche-cool-power-gel-douche-stop-stress
BeautyMarket,Corps,Gel Douche,CAUDALIE GEL DOUCHE THÉ DES VIGNES - 200 ML,119.00,En stock,N/A,https://beautymarket.ma/products/caudalie-gel-douche-the-des-vignes-200-ml
BeautyMarket,Corps,Gel Douche,SO BIO GEL DOUCHE AGRUMES FLEURS D'ORANGER 450ML,85.00,En stock,N/A,https://beautymarket.ma/products/so-bio-gel-douche-agrumes-fleurs-doranger-450ml
BeautyMarket,Corps,Gel Douche,DERMINA GEL DOUCHE ATOLINA 1L,262.00,En stock,N/A,https://beautymarket.ma/products/dermina-gel-douche-atolina-1l
BeautyMarket,Corps,Gel Douche,LAINO GEL DOUCHE 3EN1 HYDRATANT ENVIE D'AILLEURS THE VERT 200ML,59.00,En stock,N/A,https://beautymarket.ma/products/laino-gel-douche-3-en-1-hydratant-au-the-vert-bio
BeautyMarket,Corps,Gel Douche,SO BIO GEL DOUCHE PÊCHE FLEURS BLANCHES 450ML,95.00,En stock,N/A,https://beautymarket.ma/products/so-bio-gel-douche-peche-fleurs-blanches-450ml
BeautyMarket,Corps,Gel Douche,SO BIO GEL DOUCHE ALOE VERA EXTRA DOUX 450ML,85.00,En stock,N/A,https://beautymarket.ma/products/so-bio-gel-douche-aloe-vera-extra-doux-450ml
BeautyMarket,Corps,Gel Douche,CAUDALIE GEL DOUCHE THÉ DES VIGNES - 400ML,180.00,En stock,N/A,https://beautymarket.ma/products/caudalie-gel-douche-the-des-vignes-400ml
BeautyMarket,Corps,Gel Douche,ZIAJA BABY GEL DOUCHE CORPS & CHEVEUX BÉBÉ À PARTIR DE 6 MOIS 400 ML,95.00,En stock,N/A,https://beautymarket.ma/products/ziaja-baby-gel-douche-corps-cheveux-bebe-a-partir-de-6-mois-400-ml
BeautyMarket,Corps,Gel Douche,"NIVEA MEN GEL DOUCHE 3 EN 1 DEEP MAXX TECH – NETTOYANT CORPS, VISAGE & CHEVEUX 250ML",29.00,En stock,N/A,https://beautymarket.ma/products/nivea-men-gel-douche-3-en-1-deep-maxx-tech-nettoyant-corps-visage-cheveux-250ml
BeautyMarket,Corps,Gel Douche,L'ORÉAL PARIS MEN EXPERT GEL DOUCHE PURE CARBON + GEL DOUCHE HYDRA ENERGETIC,79.00,En stock,N/A,https://beautymarket.ma/products/loreal-paris-men-expert-gel-douche-pure-carbon-gel-douche-hydra-energetic
BeautyMarket,Corps,Gel Douche,NIVEA MEN GEL DOUCHE DEEP CLEAN 250ML,69.00,En stock,N/A,https://beautymarket.ma/products/nivea-men-gel-douche-deep-clean-250ml
BeautyMarket,Corps,Gel Douche,LAINO GEL DOUCHE HYDRATANT PULPE DE FRUITS ROUGES BIO – 200 ML,54.00,En stock,N/A,https://beautymarket.ma/products/laino-gel-douche-hydratant-pulpe-de-fruits-rouges-bio-200-ml
BeautyMarket,Corps,Gel Douche,NUXE MEN GEL DOUCHE MULTI-USAGES 200ML,127.00,En stock,N/A,https://beautymarket.ma/products/nuxe-men-gel-douche-multi-usages-200ml
BeautyMarket,Corps,Gel Douche,NEUTRADERM GEL DOUCHE SURGRAS DERMO-PROTECTEUR 200 ML,69.00,En stock,N/A,https://beautymarket.ma/products/neutraderm-gel-douche-surgras-dermo-protecteur-200-ml
BeautyMarket,Corps,Gel Douche,NIVEA MEN GEL DOUCHE 3EN1 SPORT 250ML,69.00,En stock,N/A,https://beautymarket.ma/products/nivea-men-gel-douche-3en1-sport-250ml
BeautyMarket,Corps,Gel Douche,SO BIO GEL DOUCHE HYDRATANT MIEL DE FLEURS ET ABRICOT 450 ML,89.00,En stock,N/A,https://beautymarket.ma/products/so-bio-gel-douche-hydratant-miel-de-fleurs-et-abricot
BeautyMarket,Corps,Gel Douche,SO BIO GEL DOUCHE VERVEINE CITRON 450ML,85.00,En stock,N/A,https://beautymarket.ma/products/so-bio-gel-douche-verveine-citron-450ml
BeautyMarket,Corps,Gel Douche,L'ORÉAL PARIS MEN EXPERT GEL DOUCHE HYDRA ENERGETIC EXTREME SPORT 300ML,45.00,En stock,N/A,https://beautymarket.ma/products/loreal-paris-men-expert-gel-douche-hydra-energetic-extreme-sport-300ml
BeautyMarket,Corps,Gel Douche,SO BIO GEL DOUCHE MEN 3 EN 1 GINGEMBRE BIO,49.00,En stock,N/A,https://beautymarket.ma/products/so-bio-gel-douche-men-3-en-1-gingembre-bio
BeautyMarket,Corps,Gel Douche,ZIAJA OLIVE OIL GEL DOUCHE 500ML + CRÈME MAINS 80ML,99.00,En stock,N/A,https://beautymarket.ma/products/ziaja-olive-oil-gel-douche-500ml-creme-mains
BeautyMarket,Corps,Gel Douche,EVOLUDERM GEL DOUCHE EXALTANT MONOI A LA FOLIE 500ML,95.00,En stock,N/A,https://beautymarket.ma/products/evoluderm-gel-douche-exaltant-monoi-a-la-folie-500ml
BeautyMarket,Corps,Gel Douche,NIVEA MEN GEL DOUCHE VITALITY FRESH EFFECT 24H 250 ML,69.00,En stock,N/A,https://beautymarket.ma/products/nivea-men-gel-douche-vitality-fresh-effect-24h-250-ml
BeautyMarket,Corps,Gel Douche,LAINO GEL DOUCHE HYDRATANT PULPE DE FIGUE BIO – 200 ML,54.00,En stock,N/A,https://beautymarket.ma/products/laino-gel-douche-hydratant-pulpe-de-figue-bio-200-ml
BeautyMarket,Corps,Gel Douche,EVOLUDERM GEL DOUCHE HUILE PRECIEUSE 500ML,95.00,En stock,N/A,https://beautymarket.ma/products/evoluderm-gel-douche-huile-precieuse-500ml
BeautyMarket,Corps,Gel Douche,CAUDALIE EAU DE PARFUM ANGE DES VIGNES 50 ML = GEL DOUCHE OFFERT,480.00,En stock,N/A,https://beautymarket.ma/products/caudalie-eau-de-parfum-ange-des-vignes-50-ml
BeautyMarket,Corps,Gel Douche,CAUDALIE GEL DOUCHE ROSE DE VIGNE - 200 ML,119.00,En stock,N/A,https://beautymarket.ma/products/caudalie-gel-douche-rose-de-vigne-200-ml
BeautyMarket,Corps,Gel Douche,NEUTRADERM GEL DOUCHE MICELLAIRE DERMO-PROTECTEUR – 1 L,204.00,En stock,N/A,https://beautymarket.ma/products/neutraderm-gel-douche-micellaire-dermo-protecteur-1-l
BeautyMarket,Corps,Gel Douche,CAVAILLES PACK GEL DOUCHE SOUVENIR D'ENFANCE 200ML + CREME MAINS DOUCEUR 50ML + BAUME LEVRES GOURMAND,189.00,En stock,N/A,https://beautymarket.ma/products/roge-cavailles-pack-gel-douche-souvenir-denfance-200ml-creme-mains-douceur-50ml-baume-levres-gourmand
BeautyMarket,Corps,Gel Douche,ZIAJA NATURAL CARE GEL DOUCHE RAFRAICHISSANT 400 ML,105.00,En stock,N/A,https://beautymarket.ma/products/ziaja-natural-care-gel-douche-rafraichissant-400-ml
BeautyMarket,Corps,Gel Douche,NIVEA MEN GEL DOUCHE SENSITIVE 250 ML,69.00,En stock,N/A,https://beautymarket.ma/products/nivea-men-gel-douche-sensitive-250-ml
BeautyMarket,Corps,Gel Douche,PANIER DES SENS GEL DOUCHE HUILE ESSENTIELLE ROSE 250 ML,144.00,En stock,N/A,https://beautymarket.ma/products/panier-des-sens-gel-douche-huile-essentielle-rose-250-ml
BeautyMarket,Corps,Gel Douche,EVOLUDERM GEL DOUCHE SURGRAS HYDRATANT 500ML,95.00,En stock,N/A,https://beautymarket.ma/products/evoluderm-gel-douche-surgras-hydratant-500ml
BeautyMarket,Corps,Gel Douche,CAUDALIE GEL DOUCHE EAU DES VIGNES - 200 ML,119.00,En stock,N/A,https://beautymarket.ma/products/caudalie-gel-douche-eau-des-vignes-200-ml
BeautyMarket,Corps,Gel Douche,CAVAILLES PACK GEL DOUCHE SOUVENIR D'ENFANCE 200ML + CREME MAINS VELOUTANTE 50ML + BAUME LEVRES GOURMAND,189.00,En stock,N/A,https://beautymarket.ma/products/cavailles-pack-gel-douche-souvenir-denfance-200ml-creme-mains-veloutante-50ml-baume-levres-gourmand
BeautyMarket,Corps,Gel Douche,HEI POA GEL DOUCHE AU MONOI DE TAHITI 150 ML,65.00,En stock,N/A,https://beautymarket.ma/products/hei-poa-3-en-1-gel-douche-au-monoi-de-tahiti-150-ml
BeautyMarket,Corps,Gel Douche,CAUDALIE GEL DOUCHE SOLEIL DES VIGNES,119.00,En stock,N/A,https://beautymarket.ma/products/caudalie-gel-douche-soleil-des-vignes
BeautyMarket,Corps,Gel Douche,MKL COSMETHIK GEL DOUCHE SURGRAS BEURRE DE KARITE AFRIQUE 1L,150.00,En stock,N/A,https://beautymarket.ma/products/mkl-cosmethik-gel-douche-surgras-beurre-de-karite-afrique-1l
BeautyMarket,Corps,Gel Douche,CAUDALIE ANGE DES VIGNES GEL DOUCHE 200 ML,149.00,En stock,N/A,https://beautymarket.ma/products/caudalie-ange-des-vignes-gel-douche-200-ml
BeautyMarket,Corps,Gel Douche,NIVEA MEN GEL DOUCHE BOOST 24H FRESH EFFECT 250ML,59.00,En stock,N/A,https://beautymarket.ma/products/nivea-men-gel-douche-boost-24h-fresh-effect-250ml
BeautyMarket,Corps,Gel Douche,CAVAILLES PACK GEL DOUCHE CREME DE LAIT 200ML + CREME MAINS DOUCEUR 50ML + BAUME LEVRES GOURMAND,189.00,En stock,N/A,https://beautymarket.ma/products/roge-cavailles-pack-gel-douche-creme-de-lait-200ml-creme-mains-douceur-50ml-baume-levres-gourmand
BeautyMarket,Corps,Gel Douche,ROGER & GALLET FEUILLE DE THE GEL DOUCHE 200ML,130.00,En stock,N/A,https://beautymarket.ma/products/roger-gallet-feuille-de-the-gel-douche-200ml
BeautyMarket,Corps,Gel Douche,MKL COSMETHIK GEL DOUCHE SURGRAS MONOI DES ILES 1L,150.00,En stock,N/A,https://beautymarket.ma/products/mkl-cosmethik-gel-douche-surgras-monoi-des-iles-1l
BeautyMarket,Corps,Gel Douche,ROGER & GALLET GINGEMBRE ROUGE GEL DOUCHE BIENFAISANT 200 ML,130.00,En stock,N/A,https://beautymarket.ma/products/roger-gallet-gingembre-rouge-gel-douche-bienfaisant-200-ml
BeautyMarket,Corps,Gel Douche,CAVAILLÈS PACK: CRÈME BEURRE FONDANT NOURRISSANT 200ML +CAVAILLÈS GEL DOUCHE FRAÎCHEUR DE LOTUS – 200ML = CRME MAINS OFFERTE,257.00,En stock,N/A,https://beautymarket.ma/products/cavailles-pack-creme-beurre-fondant-nourrissant-200ml-cavailles-gel-douche-fraicheur-de-lotus-200ml-crme-mains-offerte
BeautyMarket,Corps,Gel Douche,CAVAILLES PACK GEL DOUCHE CREME DE LAIT 200ML + CREME MAINS VELOUTANTE 50ML + BAUME LEVRES GOURMAND,189.00,En stock,N/A,https://beautymarket.ma/products/roge-cavailles-pack-gel-douche-creme-de-lait-200ml-creme-mains-veloutante-50ml-baume-levres-gourmand
BeautyMarket,Corps,Gel Douche,LIERAC HOMME GEL DOUCHE INTÉGRAL 200ML,195.00,En stock,N/A,https://beautymarket.ma/products/lierac-homme-gel-douche-integral-200ml
BeautyMarket,Corps,Gel Douche,PANIER DES SENS GEL DOUCHE HUILE ESSENTIELLE JASMIN PRECIEUX 250 ML,144.00,En stock,N/A,https://beautymarket.ma/products/panier-des-sens-gel-douche-huile-essentielle-jasmin-precieux-250-ml
BeautyMarket,Corps,Gel Douche,ROGER & GALLET CEDRAT GEL DOUCHE 200ML,130.00,En stock,N/A,https://beautymarket.ma/products/roger-gallet-cedrat-gel-douche-200ml
BeautyMarket,Corps,Gel Douche,ZIAJA KIDS GEL DOUCHE BUBBLE COLA 500ML – GEL LAVANT ENFANT PARFUM COLA,90.00,En stock,N/A,https://beautymarket.ma/products/ziaja-kids-gel-douche-bubble-cola-500ml-gel-lavant-enfant-parfum-cola
BeautyMarket,Corps,Gel Douche,CAUDALIE GEL DOUCHE FLEUR DE VIGNE - 200ML,119.00,En stock,N/A,https://beautymarket.ma/products/caudalie-gel-douche-fleur-de-vigne-200ml
BeautyMarket,Corps,Gel Douche,APIVITA GEL DOUCHE RAFRAICHISSANT FIGUE 250ML,149.00,En stock,N/A,https://beautymarket.ma/products/apivita-gel-douche-rafraichissant-figue-300ml
BeautyMarket,Corps,Gel Douche,LIERAC COFFRET HOMME FLUIDE ANTI-ÂGE + GEL DOUCHE INTÉGRAL 200ML OFFERT,595.00,En stock,N/A,https://beautymarket.ma/products/lierac-coffret-homme-fluide-anti-age-deodorant-offert-copie
BeautyMarket,Corps,Gel Douche,ROGER & GALLET GEL DOUCHE JEAN MARIE FARINA 200 ML,169.00,En stock,N/A,https://beautymarket.ma/products/roger-gallet-gel-douche-jean-marie-farina-200-ml
BeautyMarket,Corps,Gel Douche,CAMOMILLA BLU GEL DOUCHE ULTRA DOUX – 300 ML,187.00,En stock,N/A,https://beautymarket.ma/products/camomilla-blu-gel-douche-ultra-doux-300-ml
BeautyMarket,Corps,Gel Douche,BIO SEASONS – GEL DOUCHE EXTRA DOUX AU MIEL – (POMPE 1L),257.00,En stock,N/A,https://beautymarket.ma/products/bio-seasons-gel-douche-extra-doux-au-miel-pompe-1l
BeautyMarket,Corps,Gel Douche,BIO SEASONS – GEL DOUCHE EXTRA DOUX AU THÉ VERT – (POMPE 1L),257.00,En stock,N/A,https://beautymarket.ma/products/bio-seasons-gel-douche-extra-doux-au-the-vert-pompe-1l
BeautyMarket,Corps,Gel Douche,BIO SEASONS GEL DOUCHE AGRUMES 300ML,98.00,En stock,N/A,https://beautymarket.ma/products/bio-seasons-gel-douche-agrumes-300ml
BeautyMarket,Corps,Gel Douche,SYS COSMETICS GEL DOUCHE PAILLETÉ FRESH BERRY 200 ML,130.00,En stock,N/A,https://beautymarket.ma/products/sys-cosmetics-gel-douche-paillete-fresh-berry-200-ml
BeautyMarket,Corps,Gel Douche,SYS COSMETICS GEL DOUCHE ORIENTAL DREAM 200ML,130.00,En stock,N/A,https://beautymarket.ma/products/sys-cosmetics-gel-douche-oriental-dream-200ml
BeautyMarket,Corps,Gel Douche,KLORANE GEL DOUCHE REVEIL MATINAL 200ML,170.00,En stock,N/A,https://beautymarket.ma/products/klorane-gel-douche-reveil-matinal-200ml
BeautyMarket,Corps,Gel Douche,KLORANE GEL DOUCHE INSTANT BOISE 200ML,170.00,En stock,N/A,https://beautymarket.ma/products/klorane-gel-douche-instant-boise-200ml
BeautyMarket,Corps,Gel Douche,BIO SEASONS – GEL DOUCHE EXTRA DOUX AUX AGRUMES – (POMPE 1L),257.00,En stock,N/A,https://beautymarket.ma/products/bio-seasons-gel-douche-extra-doux-aux-agrumes-pompe-1l
BeautyMarket,Corps,Gel Douche,BIO SEASONS – GEL DOUCHE EXTRA DOUX À LA MANGUE – (POMPE 1L),257.00,En stock,N/A,https://beautymarket.ma/products/bio-seasons-gel-douche-extra-doux-a-la-mangue-pompe-1l
BeautyMarket,Corps,Gel Douche,BIO SEASONS – GEL DOUCHE EXTRA DOUX À L’ARGAN – (POMPE 1L),257.00,En stock,N/A,https://beautymarket.ma/products/bio-seasons-gel-douche-extra-doux-a-l-argan-pompe-1l
BeautyMarket,Corps,Gel Douche,BIO SEASONS – GEL DOUCHE BIO À L’HUILE D’ARGAN – 300 ML,98.00,En stock,N/A,https://beautymarket.ma/products/bio-seasons-gel-douche-bio-a-l-huile-d-argan-300-ml
BeautyMarket,Corps,Gel Douche,APIVITA GEL DOUCHE LAVANDE PEAUX SENSIBLES 300ML,170.00,En stock,N/A,https://beautymarket.ma/products/apivita-gel-douche-lavande-peaux-sensibles-300ml
BeautyMarket,Corps,Gel Douche,APIVITA GEL DOUCHE MIEL 300ML,161.00,En stock,N/A,https://beautymarket.ma/products/apivita-gel-douche-miel-300ml
BeautyMarket,Corps,Savon Solide,PRODERM SAVON DERMATOLOGIQUE90 G,49.00,En stock,N/A,https://beautymarket.ma/products/proderm-savon-dermatologique90-g
BeautyMarket,Corps,Savon Solide,RACINE VITA SAVON SECRET BOTANIQUE 80G,29.00,En stock,N/A,https://beautymarket.ma/products/racine-vita-savon-secret-botanique-80g
BeautyMarket,Corps,Savon Solide,PRODERM SAVON AU SOUFRE 90 G,29.00,En stock,N/A,https://beautymarket.ma/products/proderm-savon-au-soufre-90-g
BeautyMarket,Corps,Savon Solide,D-WHITE SAVON PAIN EXFOLIANT PEAUX GRASSES – 200G,119.00,En stock,N/A,https://beautymarket.ma/products/d-white-savon-pain-exfoliant-peaux-grasses-200g
BeautyMarket,Corps,Savon Solide,CAVAILLES SAVON SURGRAS EXTRA-DOUX FLEUR DE COTON 3+ 1 OFFERT,199.00,En stock,N/A,https://beautymarket.ma/products/cavailles-savon-surgras-extra-doux-fleur-de-coton-3-1-offert
BeautyMarket,Corps,Savon Solide,CAVAILLES SAVON SURGRAS EXTRA DOUX AMANDE VERTE 3+1 OFFERT,199.00,En stock,N/A,https://beautymarket.ma/products/roge-cavailles-savon-surgras-extra-doux-amande-verte-3-1-offert
BeautyMarket,Corps,Savon Solide,CAVAILLES MOUSSE APAISANTE HUILE D'OLIVE BIO 70G,135.00,En stock,N/A,https://beautymarket.ma/products/roge-cavailles-mousse-apaisante-huile-dolive-bio-70g
BeautyMarket,Corps,Savon Solide,CAVAILLES GOMMANT DOUX RIZ BIO 70G,135.00,En stock,N/A,https://beautymarket.ma/products/roge-cavailles-gommant-doux-riz-bio-70g
BeautyMarket,Corps,Savon Solide,ROGER & GALLET FLEUR D'OSMANTHUS SAVON BIENFAISANT - 100 G,95.00,En stock,N/A,https://beautymarket.ma/products/roger-gallet-fleur-dosmanthus-savon-bienfaisant-100-g
BeautyMarket,Corps,Savon Solide,ROGER & GALLET ROSE SAVON BOITE 3* 100G,249.00,En stock,N/A,https://beautymarket.ma/products/roger-gallet-rose-savon-boite-3-100g
BeautyMarket,Corps,Savon Solide,ROGER & GALLET FLEUR DE FIGUIER SAVON 3X100G,249.00,En stock,N/A,https://beautymarket.ma/products/roger-gallet-fleur-de-figuier-savon-3x100g
BeautyMarket,Corps,Savon Solide,SAVONS SOLIDES SAVON SURGRAS DÉLICE DE FIGUE PEAUX SÈCHES 3X200G,245.00,En stock,N/A,https://beautymarket.ma/products/savons-solides-savon-surgras-delice-de-figue-peaux-seches-3x200g
BeautyMarket,Corps,Savon Solide,CAVAILLÈS SAVON SOLIDE AMANDE LACTÉE 3X200G,245.00,En stock,N/A,https://beautymarket.ma/products/cavailles-savon-solide-amande-lactee-3x200g
BeautyMarket,Corps,Savon Solide,ROGER & GALLET BOIS D’ORANGE SAVON BIENFAISANT 3X100G,249.00,En stock,N/A,https://beautymarket.ma/products/roger-gallet-bois-d-orange-savon-bienfaisant-3x100g
BeautyMarket,Corps,Savon Solide,ROGER & GALLET NEROLI FACETIE SAVON 100G,95.00,En stock,N/A,https://beautymarket.ma/products/roger-gallet-neroli-facetie-savon-100g
BeautyMarket,Corps,Huile De Bain,LA ROCHE-POSAY LIPIKAR HUILE LAVANTE AP+,125.00,En stock,N/A,https://beautymarket.ma/products/la-roche-posay-lipikar-huile-lavante-ap
BeautyMarket,Corps,Huile De Bain,URIAGE – XEMOSE – HUILE LAVANTE APAISANTE – 500 ML,209.00,En stock,N/A,https://beautymarket.ma/products/uriage-xemose-huile-lavante-apaisante-500-ml
BeautyMarket,Corps,Huile De Bain,BIODERMA ATODERM HUILE DE DOUCHE 1 LITRE,440.00,En stock,N/A,https://beautymarket.ma/products/bioderma-atoderm-huile-de-douche-1-litre
BeautyMarket,Corps,Huile De Bain,BIODERMA PHOTODERM CRÈME SPF50+,200.00,En stock,N/A,https://beautymarket.ma/products/photoderm-creme-spf50
BeautyMarket,Corps,Huile De Bain,URIAGE XEMOSE HUILE LAVANTE APAISANTE – 200 ML,139.00,En stock,N/A,https://beautymarket.ma/products/uriage-xemose-huile-lavante-apaisante-200-ml
BeautyMarket,Corps,Huile De Bain,NUXE DUO HUILES DE DOUCHE PRODIGIEUX 2X200ML,199.00,En stock,N/A,https://beautymarket.ma/products/nuxe-duo-huiles-de-douche-prodigieux-2x200ml
BeautyMarket,Corps,Huile De Bain,"KUORA DERMO-GEL À L'HUILE OMEGA 3, 6 & 9 400 ML",312.00,En stock,N/A,https://beautymarket.ma/products/kuora-dermo-gel-a-lhuile-omega-3-6-9-400-ml
BeautyMarket,Corps,Huile De Bain,CAVAILLES HUILE BAIN ET DOUCHE VELOUTANTE 250ML,169.00,En stock,N/A,https://beautymarket.ma/products/roge-cavailles-huile-bain-et-douche-veloutante-250ml
BeautyMarket,Corps,Huile De Bain,NUXE PRODIGIEUX HUILE DE DOUCHE PRECIEUSE PARFUMEE 200 ML,139.00,En stock,N/A,https://beautymarket.ma/products/nuxe-prodigieux-huile-de-douche-precieuse-parfumee-200-ml
BeautyMarket,Corps,Huile De Bain,BIODERMA – ATODERM HUILE DE DOUCHE – 200 ML,162.00,En stock,N/A,https://beautymarket.ma/products/bioderma-atoderm-huile-de-douche-200-ml
BeautyMarket,Corps,Huile De Bain,NUXE PACK RÊVE DE THÉ GELÉE DE DOUCHE 200 ML = PRODEGIEUX HUILE DE DOUCHE 100 ML OFFERTE,169.00,En stock,N/A,https://beautymarket.ma/products/nuxe-pack-reve-de-the-gelee-de-douche-200-ml-prodegieux-huile-de-douche-100-ml-offerte
BeautyMarket,Corps,Huile De Bain,PANIER DES SENS BOUGIE PARFUMÉE CIRE VÉGÉTALE PARFUM COTON POUDRÉ 275G,432.00,En stock,N/A,https://beautymarket.ma/products/panier-des-sens-bougie-parfumee-cire-vegetale-parfum-coton-poudre-275g
BeautyMarket,Corps,Huile De Bain,PANIER DES SENS BOUGIE PARFUMÉE CÈDRE SAUVAGE 275G,432.00,En stock,N/A,https://beautymarket.ma/products/panier-des-sens-bougie-parfumee-cire-vegetale-275g-parfum-cedre-sauvage
BeautyMarket,Corps,Huile De Bain,PANIER DES SENS BOUGIE PARFUMÉE CERISIER EN FLEURS 275G,432.00,En stock,N/A,https://beautymarket.ma/products/bougie-parfumee-cire-vegetale-275g-parfum-cerisier-en-fleurs
BeautyMarket,Corps,Huile De Bain,PANIER DES SENS - BOUGIE FORÊT ENCHANTÉE,276.00,En stock,N/A,https://beautymarket.ma/products/panier-des-sens-bougie-foret-enchantee
BeautyMarket,Corps,Huile De Bain,BABYHEART HUILE ADOUCISSANTE 250ML,74.00,En stock,N/A,https://beautymarket.ma/products/babyheart-huile-adoucissante-250ml
BeautyMarket,Corps,Huile De Bain,ALGOLOGIE BAIN ORIGINEL HUILE CORPS DRAINANTE DOUCHE & BAIN,480.00,En stock,N/A,https://beautymarket.ma/products/algologie-bain-originel-huile-corps-drainante-douche-bain
BeautyMarket,Corps,Huiles Lavantes,CERAVE HUILE LAVANTE MOUSSANTE HYDRATANTE 236ML,109.00,En stock,N/A,https://beautymarket.ma/products/cerave-huile-lavante-moussante-hydratante-236ml
BeautyMarket,Corps,Huiles Lavantes,CERAVE HUILE LAVANTE MOUSSANTE HYDRATANTE 473ML,160.00,En stock,N/A,https://beautymarket.ma/products/cerave-huile-lavante-moussante-hydratante-473ml
BeautyMarket,Corps,Huiles Lavantes,URIAGE HUILE LAVANTE 1L,289.00,En stock,N/A,https://beautymarket.ma/products/uriage-huile-lavante-1l
BeautyMarket,Corps,Huiles Lavantes,URIAGE BÉBÉ 1ÈRE HUILE LAVANTE 500 ML,219.00,En stock,N/A,https://beautymarket.ma/products/uriage-bebe-1ere-huile-lavante-500-ml
BeautyMarket,Corps,Huiles Lavantes,SVR TOPIALYSE HUILE LAVANTE 1L,299.00,En stock,N/A,https://beautymarket.ma/products/svr-topialyse-huile-lavante-1l
BeautyMarket,Maquillage,Fond De Teint,MAYBELLINE - FIT ME PWD 110 FAIR IVORY,113.00,En stock,N/A,https://beautymarket.ma/products/maybelline-fit-me-pwd-110
BeautyMarket,Maquillage,Fond De Teint,MAYBELLINE - FIT ME PWD 115 IVORY,129.00,En stock,N/A,https://beautymarket.ma/products/maybelline-fit-me-pwd-115-ivory
BeautyMarket,Maquillage,Fond De Teint,MAYBELLINE - FIT ME CONCEALER,202.00,En stock,N/A,https://beautymarket.ma/products/maybelline-fit-me-concealer-2
BeautyMarket,Maquillage,Fond De Teint,MAYBELLINE INSTANT ANTI-ÂGE L’EFFACEUR CORRECTEUR 2 NUDE,139.00,En stock,N/A,https://beautymarket.ma/products/maybelline-instant-anti-age-l-effaceur-correcteur-02-nude
BeautyMarket,Maquillage,Fond De Teint,MAYBELLINE SUPERSTAY LUMI MATTE FOND DE TEINT 115,150.00,En stock,N/A,https://beautymarket.ma/products/maybelline-superstay-lumi-matte-fond-de-teint-115
BeautyMarket,Maquillage,Fond De Teint,MAYBELLINE INSTANT ANTI-ÂGE L’EFFACEUR CORRECTEUR 6 NEUTRALIZER,139.00,En stock,N/A,https://beautymarket.ma/products/maybelline-instant-anti-age-l-effaceur-correcteur-6-neutralizer
BeautyMarket,Maquillage,Fond De Teint,MAYBELLINE SUPERSTAY LUMI MATTE FOND DE TEINT 119,150.00,En stock,N/A,https://beautymarket.ma/products/maybelline-superstay-lumi-matte-fond-de-teint-119
BeautyMarket,Maquillage,Fond De Teint,L'ORÉAL PARIS -INFAILLIBLE FRESH WEAR,225.00,En stock,N/A,https://beautymarket.ma/products/infaillible-fresh-wear-ivory-20
BeautyMarket,Maquillage,Fond De Teint,L'ORÉAL PARIS -INFAILLBLE POWDER,190.00,En stock,N/A,https://beautymarket.ma/products/infaillble-powder-120
BeautyMarket,Maquillage,Fond De Teint,MAYBELLINE NEW YORK FIT ME FRESH TINT SPF50 10.8,132.00,En stock,N/A,https://beautymarket.ma/products/maybelline-new-york-fit-me-fresh-tint-spf50-10-8
BeautyMarket,Maquillage,Fond De Teint,LA ROCHE-POSAY TOLERIANE TEINT FLUIDE – N°11 BEIGE CLAIR – 30 ML,215.00,En stock,N/A,https://beautymarket.ma/products/la-roche-posay-toleriane-teint-fluide-n-11-beige-clair-30-ml
BeautyMarket,Maquillage,Fond De Teint,LA ROCHE-POSAY TOLERIANE TEINT FLUIDE – N°10 IVOIRE – 30 ML,215.00,En stock,N/A,https://beautymarket.ma/products/la-roche-posay-toleriane-teint-fluide-n-10-ivoire-30-ml
BeautyMarket,Maquillage,Fond De Teint,LA ROCHE-POSAY TOLERIANE TEINT FLUIDE – N°13 SABLE – 30 ML,215.00,En stock,N/A,https://beautymarket.ma/products/la-roche-posay-toleriane-teint-fluide-n-13-sable-30-ml
BeautyMarket,Maquillage,Fond De Teint,LA ROCHE-POSAY TOLERIANE TEINT FLUIDE – N°9.5 – 30 ML,215.00,En stock,N/A,https://beautymarket.ma/products/la-roche-posay-toleriane-fluide-correcteur-haute-couvrance-teinte-9-5-spf-25-previous-product-back-to-home-next-product
BeautyMarket,Maquillage,Fond De Teint,MAYBELLINE NEW YORK FIT ME FRESH TINT SPF50 03,132.00,En stock,N/A,https://beautymarket.ma/products/maybelline-new-york-fond-de-teint-fit-me-fresh-tint-02-spf-50
BeautyMarket,Maquillage,Fond De Teint,CAUDALIE VINOCRUSH CC CRÈME TEINTÉE 2,474.00,En stock,N/A,https://beautymarket.ma/products/caudalie-vinocrush-cc-creme-teintee-2
BeautyMarket,Maquillage,Fond De Teint,MAYBELLINE EFFACEUR INSTANT AGE REWIND CORRECTEUR DE COULEUR GREEN,150.00,En stock,N/A,https://beautymarket.ma/products/effaceur-instant-age-rewind-correcteur-de-couleur-green
BeautyMarket,Maquillage,Fond De Teint,LA ROCHE-POSAY TOLERIANE TEINT FLUIDE – N°14– 30 ML,215.00,En stock,N/A,https://beautymarket.ma/products/la-roche-posay-toleriane-teint-fluide-n-14-30-ml
BeautyMarket,Maquillage,Fond De Teint,CAUDALIE VINOCRUSH CC CRÈME TEINTÉE 1,474.00,En stock,N/A,https://beautymarket.ma/products/caudalie-vinocrush-cc-creme-teintee-1
BeautyMarket,Maquillage,Fond De Teint,MAYBELLINE NEW YORK FIT ME FRESH TINT SPF50 01,132.00,En stock,N/A,https://beautymarket.ma/products/maybelline-new-york-fit-me-fresh-tint-spf50-01
BeautyMarket,Maquillage,Fond De Teint,CAUDALIE VINOCRUSH CC CRÈME TEINTÉE 3,474.00,En stock,N/A,https://beautymarket.ma/products/caudalie-vinocrush-cc-creme-teintee-3
BeautyMarket,Maquillage,Fond De Teint,CAUDALIE VINOCRUSH CC CRÈME TEINTÉE 4,474.00,En stock,N/A,https://beautymarket.ma/products/caudalie-vinocrush-cc-creme-teintee-4
BeautyMarket,Maquillage,Fond De Teint,MAYBELLINE NEW YORK FIT ME FRESH TINT SPF50 02,132.00,En stock,N/A,https://beautymarket.ma/products/maybelline-new-york-fit-me-fresh-tint-spf50-02
BeautyMarket,Maquillage,Fond De Teint,MAYBELLINE NEW YORK FIT ME FRESH TINT SPF50 2.5,132.00,En stock,N/A,https://beautymarket.ma/products/maybelline-new-york-fit-me-fresh-tint-spf50-2-5
BeautyMarket,Maquillage,Fond De Teint,MAYBELLINE NEW YORK FIT ME FRESH TINT SPF50 5.6,132.00,En stock,N/A,https://beautymarket.ma/products/maybelline-new-york-fit-me-fresh-tint-spf50-5-6
BeautyMarket,Maquillage,Fond De Teint,MAYBELLINE NEW YORK FIT ME FRESH TINT SPF50 5.8,132.00,En stock,N/A,https://beautymarket.ma/products/maybelline-new-york-fit-me-fresh-tint-spf50-5-8
BeautyMarket,Maquillage,Fond De Teint,MAYBELLINE NEW YORK FIT ME FRESH TINT SPF50 06,132.00,En stock,N/A,https://beautymarket.ma/products/maybelline-new-york-fit-me-fresh-tint-spf50-06
BeautyMarket,Maquillage,Fond De Teint,MAYBELLINE NEW YORK FIT ME FRESH TINT SPF50 9.5,132.00,En stock,N/A,https://beautymarket.ma/products/maybelline-new-york-fit-me-fresh-tint-spf50-9-5
BeautyMarket,Maquillage,Fond De Teint,MAYBELLINE NEW YORK FIT ME FRESH TINT SPF50 10.5,132.00,En stock,N/A,https://beautymarket.ma/products/maybelline-new-york-fit-me-fresh-tint-spf50-10-5
BeautyMarket,Maquillage,Fond De Teint,MAYBELLINE INSTANT ANTI-ÂGE L’EFFACEUR CORRECTEUR 00 IVORY,139.00,En stock,N/A,https://beautymarket.ma/products/maybelline-instant-anti-age-l-effaceur-correcteur-00
BeautyMarket,Maquillage,Fond De Teint,MAYBELLINE INSTANT ANTI-ÂGE L’EFFACEUR CORRECTEUR 4 HONEY,139.00,En stock,N/A,https://beautymarket.ma/products/maybelline-instant-anti-age-l-effaceur-correcteur-04-honey
BeautyMarket,Maquillage,Fond De Teint,MAYBELLINE INSTANT ANTI-ÂGE L’EFFACEUR CORRECTEUR 7 SAND,139.00,En stock,N/A,https://beautymarket.ma/products/maybelline-instant-anti-age-l-effaceur-correcteur-7-sand
BeautyMarket,Maquillage,Fond De Teint,MAYBELLINE INSTANT ANTI-ÂGE L’EFFACEUR CORRECTEUR 10 CARAMEL,139.00,En stock,N/A,https://beautymarket.ma/products/maybelline-instant-anti-age-l-effaceur-correcteur-10-caramel
BeautyMarket,Maquillage,Fond De Teint,MAYBELLINE - FIT ME CONCEALER 05,115.00,En stock,N/A,https://beautymarket.ma/products/maybelline-fit-me-concealer-05
BeautyMarket,Maquillage,Fond De Teint,MAYBELLINE - FIT ME CONCEALER 10,115.00,En stock,N/A,https://beautymarket.ma/products/maybelline-fit-me-concealer-10
BeautyMarket,Maquillage,Fond De Teint,MAYBELLINE - FIT ME CONCEALER 20,115.00,En stock,N/A,https://beautymarket.ma/products/maybelline-fit-me-concealer-20
BeautyMarket,Maquillage,Fond De Teint,MAYBELLINE - FIT ME CONCEALER 25,115.00,En stock,N/A,https://beautymarket.ma/products/maybelline-fit-me-concealer-25
BeautyMarket,Maquillage,Fond De Teint,MAYBELLINE - FIT ME CONCEALER 30,115.00,En stock,N/A,https://beautymarket.ma/products/maybelline-fit-me-concealer-31
BeautyMarket,Maquillage,Fond De Teint,MAYBELLINE - FIT ME CONCEALER 40,115.00,En stock,N/A,https://beautymarket.ma/products/maybelline-fit-me-concealer-41
BeautyMarket,Maquillage,Fond De Teint,MAYBELLINE - FDT FIT ME DS 125,142.00,En stock,N/A,https://beautymarket.ma/products/maybelline-fdt-fit-me-ds-125
BeautyMarket,Maquillage,Fond De Teint,MAYBELLINE - FDT FIT ME DS 130,142.00,En stock,N/A,https://beautymarket.ma/products/maybelline-fdt-fit-me-ds-130
BeautyMarket,Maquillage,Fond De Teint,MAYBELLINE - FDT FIT ME DS 220,142.00,En stock,N/A,https://beautymarket.ma/products/maybelline-fdt-fit-me-ds-220
BeautyMarket,Maquillage,Fond De Teint,MAYBELLINE - FIT ME PWD 120 CLASSIC IVORY,129.00,En stock,N/A,https://beautymarket.ma/products/maybelline-fit-me-pwd-120-classic-ivory
BeautyMarket,Maquillage,Fond De Teint,MAYBELLINE - FIT ME PWD 130 BUFF BEIGE,129.00,En stock,N/A,https://beautymarket.ma/products/maybelline-fit-me-pwd-130-buff-beige
BeautyMarket,Maquillage,Fond De Teint,MAYBELLINE - FIT ME PWD 220 NATURAL BEIGE,129.00,En stock,N/A,https://beautymarket.ma/products/maybelline-fit-me-pwd-220-natural-beige
BeautyMarket,Maquillage,Fond De Teint,MAYBELLINE - FIT ME PWD 330 TOFFEE,129.00,En stock,N/A,https://beautymarket.ma/products/maybelline-fit-me-pwd-330-toffee
BeautyMarket,Maquillage,Fond De Teint,NUXE PRODIGIEUX LE TEINT ECLAT 01 BB CREME HYDRATANTE CLAIRE 30 ML,240.00,En stock,N/A,https://beautymarket.ma/products/nuxe-prodigieux-le-teint-eclat-01-bb-creme-hydratante-claire-30-ml
BeautyMarket,Maquillage,Fond De Teint,NUXE PRODIGIEUX LE TEINT ECLAT 02 BB CREME HYDRATANTE MEDIUM 30 ML,240.00,En stock,N/A,https://beautymarket.ma/products/nuxe-prodigieux-le-teint-eclat-01-bb-creme-hydratante-medium-30-ml
BeautyMarket,Maquillage,Fond De Teint,NUXE PRODIGIEUX LE TEINT ECLAT 03 BB CREME HYDRATANTE FONCE 30 ML,240.00,En stock,N/A,https://beautymarket.ma/products/nuxe-prodigieux-le-teint-eclat-03-bb-creme-hydratante-fonce-30-ml
BeautyMarket,Maquillage,Fond De Teint,MAYBELLINE - FIT ME FDT MAT PORE SPF 22 110,143.00,En stock,N/A,https://beautymarket.ma/products/maybelline-fit-me-fdt-mat-pore-spf-22-110
BeautyMarket,Maquillage,Fond De Teint,MAYBELLINE - FIT ME FDT MAT PORE SPF 22 121,143.00,En stock,N/A,https://beautymarket.ma/products/maybelline-fit-me-fdt-mat-pore-spf-22-119
BeautyMarket,Maquillage,Fond De Teint,MAYBELLINE - FIT ME FDT MAT PORE SPF 22 125,143.00,En stock,N/A,https://beautymarket.ma/products/maybelline-fit-me-fdt-mat-pore-spf-22-125
BeautyMarket,Maquillage,Fond De Teint,MAYBELLINE - FIT ME FDT MAT PORE SPF 22 128,143.00,En stock,N/A,https://beautymarket.ma/products/maybelline-fit-me-fdt-mat-pore-spf-22-128
BeautyMarket,Maquillage,Fond De Teint,MAYBELLINE - FIT ME FDT MAT PORE SPF 22 130,143.00,En stock,N/A,https://beautymarket.ma/products/maybelline-fit-me-fdt-mat-pore-spf-22-130
BeautyMarket,Maquillage,Fond De Teint,MAYBELLINE - FIT ME FDT MAT PORE SPF 22 136,143.00,En stock,N/A,https://beautymarket.ma/products/maybelline-fit-me-fdt-mat-pore-spf-22-136
BeautyMarket,Maquillage,Fond De Teint,MAYBELLINE - FIT ME FDT MAT PORE SPF 22 221,143.00,En stock,N/A,https://beautymarket.ma/products/maybelline-fit-me-fdt-mat-pore-spf-22-221
BeautyMarket,Maquillage,Fond De Teint,MAYBELLINE - FIT ME FDT MAT PORE SPF 22 230,143.00,En stock,N/A,https://beautymarket.ma/products/maybelline-fit-me-fdt-mat-pore-spf-22-230
BeautyMarket,Maquillage,Fond De Teint,MAYBELLINE - FIT ME FDT MAT PORE SPF 22 311,143.00,En stock,N/A,https://beautymarket.ma/products/maybelline-fit-me-fdt-mat-pore-spf-22-311
BeautyMarket,Maquillage,Fond De Teint,MAYBELLINE - FIT ME FDT MAT PORE SPF 22 111,143.00,En stock,N/A,https://beautymarket.ma/products/maybelline-fit-me-fdt-mat-pore-spf-22-111
BeautyMarket,Maquillage,Fond De Teint,MAYBELLINE - FIT ME FDT MAT PORE SPF 22 119,143.00,En stock,N/A,https://beautymarket.ma/products/maybelline-fit-me-fdt-mat-pore-spf-22-120
BeautyMarket,Maquillage,Fond De Teint,MAYBELLINE - FIT ME FDT MAT PORE SPF 22 122,143.00,En stock,N/A,https://beautymarket.ma/products/maybelline-fit-me-fdt-mat-pore-spf-22-122
BeautyMarket,Maquillage,Fond De Teint,CAUDALIE VINOCRUSH CC CRÈME TEINTÉE 5,474.00,En stock,N/A,https://beautymarket.ma/products/caudalie-vinocrush-cc-creme-teintee-5
BeautyMarket,Maquillage,Fond De Teint,L'ORÉAL PARIS -INFAILLIBLE WEAR CONCEALER,140.00,En stock,N/A,https://beautymarket.ma/products/infaillible-wear-concealer-oatmeal-324
BeautyMarket,Maquillage,Fond De Teint,PASTEL MAGIC MILK CC SPF15 LIGHT MEDIUM N*50,189.00,En stock,N/A,https://beautymarket.ma/products/ppastel-magic-milk-cc-spf15-light-medium-n-50
BeautyMarket,Maquillage,Fond De Teint,PASTEL MAGIC MILK CC SPF15 MEDIUM DEEP N* 51,189.00,En stock,N/A,https://beautymarket.ma/products/pastel-magic-milk-cc-spf15-medium-deep-n-51
BeautyMarket,Maquillage,Fond De Teint,L'ORÉAL PARIS -INFAILLBLE POWDER 260,190.00,En stock,N/A,https://beautymarket.ma/products/loreal-paris-infaillble-powder-260
BeautyMarket,Maquillage,Fond De Teint,L'ORÉAL PARIS INFAILLIBLE 24H SERUM TEINTEE LIGHT MEDIUM 3-4 30 ML,199.00,En stock,N/A,https://beautymarket.ma/products/loreal-paris-infaillible-24h-serum-teintee-lghtmed-3-4-30-ml
BeautyMarket,Maquillage,Fond De Teint,L'ORÉAL PARIS INFAILLIBLE 24H SERUM TEINTEE MEDIUM 4-5 30 ML,199.00,En stock,N/A,https://beautymarket.ma/products/loreal-paris-infaillible-24h-serum-teintee-medium-4-5-30-ml
BeautyMarket,Maquillage,Fond De Teint,L'ORÉAL PARIS INFAILLIBLE 24H SERUM TEINTEE ROSY LIGHT 1-2 30 ML,199.00,En stock,N/A,https://beautymarket.ma/products/loreal-paris-infaillible-24h-serum-teintee-rosy-light-1-2-30-ml
BeautyMarket,Maquillage,Fond De Teint,L'ORÉAL PARIS INFAILLIBLE 24H SERUM TEINTEE TAN 6-7 30 ML,199.00,En stock,N/A,https://beautymarket.ma/products/loreal-paris-infaillible-24h-serum-teintee-tan-6-7-30-ml
BeautyMarket,Maquillage,Fond De Teint,ABSOLUTE NEW YORK 2-IN-1 FOUNDATION AND CONCEALER,150.00,En stock,N/A,https://beautymarket.ma/products/absolute-new-york-2-in-1-foundation-and-concealer
BeautyMarket,Maquillage,Fond De Teint,ABSOLUTE NEW YORK FULL COVERAGE NEUTRAL LINEM,150.00,En stock,N/A,https://beautymarket.ma/products/absolute-new-york-full-coverage
BeautyMarket,Maquillage,Fond De Teint,MAYBELLINE SUPERSTAY LUMI MATTE FOND DE TEINT 108,150.00,En stock,N/A,https://beautymarket.ma/products/maybelline-superstay-lumi-matte-fond-de-teint-108
BeautyMarket,Maquillage,Fond De Teint,MAYBELLINE SUPERSTAY LUMI MATTE FOND DE TEINT 126,150.00,En stock,N/A,https://beautymarket.ma/products/maybelline-superstay-lumi-matte-fond-de-teint-126
BeautyMarket,Maquillage,Fond De Teint,MAYBELLINE SUPERSTAY LUMI MATTE FOND DE TEINT 128,150.00,En stock,N/A,https://beautymarket.ma/products/maybelline-superstay-lumi-matte-fond-de-teint-128
BeautyMarket,Maquillage,Fond De Teint,MAYBELLINE SUPERSTAY LUMI MATTE FOND DE TEINT 248,150.00,En stock,N/A,https://beautymarket.ma/products/maybelline-superstay-lumi-matte-fond-de-teint-248
BeautyMarket,Maquillage,Fond De Teint,MAYBELLINE SUPERSTAY LUMI MATTE FOND DE TEINT 250,150.00,En stock,N/A,https://beautymarket.ma/products/maybelline-superstay-lumi-matte-fond-de-teint-250
BeautyMarket,Maquillage,Fond De Teint,MAYBELLINE SUPERSTAY LUMI MATTE FOND DE TEINT 327,150.00,En stock,N/A,https://beautymarket.ma/products/maybelline-superstay-lumi-matte-fond-de-teint-327
BeautyMarket,Maquillage,Fond De Teint,RELOVE SUPER SERUM FOUNDATION F10.5,95.00,En stock,N/A,https://beautymarket.ma/products/relove-super-serum-foundation-f105
BeautyMarket,Maquillage,Fond De Teint,RELOVE SUPER SERUM FOUNDATION F3,95.00,En stock,N/A,https://beautymarket.ma/products/relove-super-serum-foundation-f3
BeautyMarket,Maquillage,Fond De Teint,RELOVE SUPER SERUM FOUNDATION F4,95.00,En stock,N/A,https://beautymarket.ma/products/relove-super-serum-foundation-f4
BeautyMarket,Maquillage,Fond De Teint,RELOVE SUPER SERUM FOUNDATION F6,95.00,En stock,N/A,https://beautymarket.ma/products/relove-super-serum-foundation-f6
BeautyMarket,Maquillage,Fond De Teint,RELOVE SUPERMATTE FOUNDATION F10.5,99.00,En stock,N/A,https://beautymarket.ma/products/relove-supermatte-foundation-f105
BeautyMarket,Maquillage,Fond De Teint,RELOVE SUPERMATTE FOUNDATION F12.5,75.00,En stock,N/A,https://beautymarket.ma/products/relove-supermatte-foundation-f125
BeautyMarket,Maquillage,Fond De Teint,RELOVE SUPERMATTE FOUNDATION F8.5,99.00,En stock,N/A,https://beautymarket.ma/products/relove-supermatte-foundation-f85
BeautyMarket,Maquillage,Fond De Teint,ABSOLUTE NEW YORK FULL COVER LIQUID MATTE FOUNDATION COOL NUDE,149.00,En stock,N/A,https://beautymarket.ma/products/absolute-new-york-full-cover-liquid-matte-foundation
BeautyMarket,Maquillage,Fond De Teint,TIRTIR MASK FIT RED CUSHION ENRICH COVERAGE 18G 17N VANILLA,320.00,En stock,N/A,https://beautymarket.ma/products/tirtir-mask-fit-red-cushion-enrich-coverage-18g-17n-vanilla
BeautyMarket,Maquillage,Fond De Teint,TIRTIR MASK FIT RED CUSHION ENRICH COVERAGE 18G 21N IVORY,320.00,En stock,N/A,https://beautymarket.ma/products/tirtir-mask-fit-red-cushion-enrich-coverage-18g-21n-ivory
BeautyMarket,Maquillage,Fond De Teint,TIRTIR MASK FIT RED CUSHION ENRICH COVERAGE 18G 23N SAND,320.00,En stock,N/A,https://beautymarket.ma/products/tirtir-mask-fit-red-cushion-enrich-coverage-18g-23n-sand
BeautyMarket,Maquillage,Fond De Teint,TIRTIR MASK FIT RED CUSHION ENRICH COVERAGE 18G 24N LATTE,320.00,En stock,N/A,https://beautymarket.ma/products/tirtir-mask-fit-red-cushion-enrich-coverage-18g-24n-latte
BeautyMarket,Maquillage,Fond De Teint,TIRTIR MASK FIT RED CUSHION ENRICH COVERAGE 18G 29N NATUREL BEIGE,320.00,En stock,N/A,https://beautymarket.ma/products/tirtir-mask-fit-red-cushion-enrich-coverage-18g-29n-naturel-beige
BeautyMarket,Maquillage,Fond De Teint,TIRTIR MASK FIT RED CUSHION ENRICH COVERAGE 18G 25N MOCHA,320.00,En stock,N/A,https://beautymarket.ma/products/tirtir-mask-fit-red-cushion-enrich-coverage-18g-25n-mocha
BeautyMarket,Maquillage,Fond De Teint,TIRTIR MASK FIT RED CUSHION ENRICH COVERAGE 18G 27N CAMEL,320.00,En stock,N/A,https://beautymarket.ma/products/tirtir-mask-fit-red-cushion-enrich-coverage-18g-27n-camel
BeautyMarket,Maquillage,Fond De Teint,TIRTIR MASK FIT RED CUSHION ENRICH COVERAGE 18G 13N FAIR IVORY,320.00,En stock,N/A,https://beautymarket.ma/products/tirtir-mask-fit-red-cushion-enrich-coverage-18g-13n-fair-ivory
BeautyMarket,Maquillage,Fond De Teint,TIRTIR MASK FIT RED CUSHION ENRICH COVERAGE 18G 15C FAIR PORCELAIN,320.00,En stock,N/A,https://beautymarket.ma/products/tirtir-mask-fit-red-cushion-enrich-coverage-18g-15c-fair-porcelain
BeautyMarket,Maquillage,Fond De Teint,DR. JART+ BB PREMIUM BAUME DE BEAUTÉ SPF50 TEINTE 01 FAIR LIGHT 40ML – SOIN ÉCLAT & HAUTE PROTECTION,474.00,En stock,N/A,https://beautymarket.ma/products/dr-jart-bb-premium-baume-de-beaute-spf50
BeautyMarket,Maquillage,Fond De Teint,DR. JART+ BB PREMIUM BAUME DE BEAUTÉ SPF50 TEINTE 02 LIGHT MEDIUM–MEDIUM 40ML – SOIN UNIFIANT & HAUTE PROTECTION,474.00,En stock,N/A,https://beautymarket.ma/products/dr-jart-bb-premium-baume-de-beaute-spf50-claires-02-light-medium-medium-40ml
BeautyMarket,Maquillage,Fond De Teint,DR. JART+ BB PREMIUM BAUME DE BEAUTÉ SPF50 TEINTE 03 MEDIUM-TAN 40ML – SOIN UNIFIANT & HAUTE PROTECTION,474.00,En stock,N/A,https://beautymarket.ma/products/dr-jart-bb-premium-baume-de-beaute-spf50-claires-03-medium-tan-40ml
BeautyMarket,Maquillage,Fond De Teint,DR. JART+ BB PREMIUM BAUME DE BEAUTÉ SPF50 TEINTE 04 DEEP TAN-DEEP 40ML – SOIN MULTI-ACTION & HAUTE PROTECTION,474.00,En stock,N/A,https://beautymarket.ma/products/dr-jart-bb-premium-baume-de-beaute-spf50-claires-04-deep-tan-deep-40ml
BeautyMarket,Maquillage,Fond De Teint,TIRTIR MINI MASK FIT RED CUSHION ENRICH COVERAGE 4.5G – TEINTE 13N FAIR IVORY – CUSHION HAUTE COUVRANCE & ÉCLAT NATUREL,235.00,En stock,N/A,https://beautymarket.ma/products/tirtir-mini-mask-fit-red-cushion-enrich-coverage-4-5g-13n-fair-ivory
BeautyMarket,Maquillage,Fond De Teint,TIRTIR MINI MASK FIT RED CUSHION ENRICH COVERAGE 4.5G – TEINTE 21N FAIR IVORY – CUSHION HAUTE COUVRANCE & ÉCLAT NATUREL,235.00,En stock,N/A,https://beautymarket.ma/products/tirtir-mini-mask-fit-red-cushion-enrich-coverage-4-5g-teinte-21n-fair-ivory-cushion-haute-couvrance-eclat-naturel
BeautyMarket,Maquillage,Fond De Teint,ABSOLUTE NEW YORK FULL COVER LIQUID MATTE FOUNDATION WARM GOLDEN,149.00,En stock,N/A,https://beautymarket.ma/products/absolute-new-york-full-cover-liquid-matte-foundation-warm-golden
BeautyMarket,Maquillage,Fond De Teint,MAYBELLINE - FIT ME FDT MAT PORE SPF 22 228,143.00,En stock,N/A,https://beautymarket.ma/products/maybelline-fit-me-fdt-mat-pore-spf-22-228
BeautyMarket,Maquillage,Fond De Teint,ABSOLUTE NEW YORK FULL COVER LIQUID MATTE FOUNDATION WARM PRALINE,149.00,En stock,N/A,https://beautymarket.ma/products/absolute-new-york-full-cover-liquid-matte-foundation-warm-praline
BeautyMarket,Maquillage,Fond De Teint,L'ORÉAL PARIS INFAILLIBLE 24H SERUM TEINTEE LIGHT MEDIUM 2-3 30 ML,199.00,En stock,N/A,https://beautymarket.ma/products/loreal-paris-infaillible-24h-serum-teintee-light-medium-2-3-30-ml
BeautyMarket,Maquillage,Fond De Teint,EYE CARE FOND DE TEINT CREME 26G BEIGE,212.00,En stock,N/A,https://beautymarket.ma/products/eye-care-fond-de-teint-creme-26g-beige
BeautyMarket,Maquillage,Fond De Teint,EYE CARE FOND DE TEINT CREME 26G BEIGE ROSÉ,212.00,En stock,N/A,https://beautymarket.ma/products/eye-care-fond-de-teint-creme-26g-beige-rose
BeautyMarket,Maquillage,Fond De Teint,EYE CARE FOND DE TEINT CREME 26G BEIGE CLAIR,212.00,En stock,N/A,https://beautymarket.ma/products/eye-care-fond-de-teint-creme-26g-beige-clair
BeautyMarket,Maquillage,Fond De Teint,EYE CARE SOIN CRÈME ECLAT DU TEINT 30 ML,205.00,En stock,N/A,https://beautymarket.ma/products/eye-care-soin-creme-eclat-du-teint-30-ml
BeautyMarket,Maquillage,Fond De Teint,MAYBELLINE FIT ME FOND DE TEINT LIQUIDE MATTE + PORELESS 30ML 120 BEIGE ROSÉ,119.00,En stock,N/A,https://beautymarket.ma/products/maybelline-fit-me-fond-de-teint-liquide-matte-poreless-30ml-120
BeautyMarket,Maquillage,Fond De Teint,MAYBELLINE FIT ME FOND DE TEINT LIQUIDE MATTE + PORELESS 30ML 110 PORCELAINE,119.00,En stock,N/A,https://beautymarket.ma/products/maybelline-fit-me-fond-de-teint-liquide-matte-poreless-30ml-110
BeautyMarket,Maquillage,Fond De Teint,MAYBELLINE FIT ME FOND DE TEINT LIQUIDE MATTE + PORELESS 30ML 115 IVOIRE,119.00,En stock,N/A,https://beautymarket.ma/products/maybelline-fit-me-fond-de-teint-liquide-matte-poreless-30ml-115
BeautyMarket,Maquillage,Fond De Teint,MAYBELLINE FIT ME FOND DE TEINT LIQUIDE MATTE + PORELESS 30ML 130 BUFF BEIGE,119.00,En stock,N/A,https://beautymarket.ma/products/maybelline-fit-me-fond-de-teint-liquide-matte-poreless-30ml-130-buff-beige
BeautyMarket,Maquillage,Fond De Teint,MAYBELLINE FIT ME FOND DE TEINT LIQUIDE MATTE + PORELESS 30ML 220 NATUREL BEIGE,119.00,En stock,N/A,https://beautymarket.ma/products/maybelline-fit-me-fond-de-teint-liquide-matte-poreless-30ml-220-naturel-beige
BeautyMarket,Maquillage,Fond De Teint,MAYBELLINE LIFTER STIX MULTI-USE FACE STICK 05,139.00,En stock,N/A,https://beautymarket.ma/products/maybelline-lifter-stix-multi-use-face-stick-05
BeautyMarket,Maquillage,Fond De Teint,MAYBELLINE LIFTER STIX MULTI-USE FACE STICK 20,139.00,En stock,N/A,https://beautymarket.ma/products/maybelline-lifter-stix-multi-use-face-stick-20
BeautyMarket,Maquillage,Fond De Teint,MAYBELLINE LIFTER STIX MULTI-USE FACE STICK 30,139.00,En stock,N/A,https://beautymarket.ma/products/maybelline-lifter-stix-multi-use-face-stick-30
BeautyMarket,Maquillage,Fond De Teint,MAYBELLINE LIFTER STIX MULTI-USE FACE STICK 45,139.00,En stock,N/A,https://beautymarket.ma/products/maybelline-lifter-stix-multi-use-face-stick-45
BeautyMarket,Maquillage,Fond De Teint,MAYBELLINE LIFTER STIX MULTI-USE FACE STICK 55,139.00,En stock,N/A,https://beautymarket.ma/products/maybelline-lifter-stix-multi-use-face-stick-55
BeautyMarket,Maquillage,Fond De Teint,MAYBELLINE LIFTER STIX MULTI-USE FACE STICK 65,139.00,En stock,N/A,https://beautymarket.ma/products/maybelline-lifter-stix-multi-use-face-stick-65
BeautyMarket,Maquillage,Fond De Teint,MAYBELLINE FIT ME FOND DE TEINT LIQUIDE MATTE + PORELESS 30ML 105 NATURAL IVORY,119.00,En stock,N/A,https://beautymarket.ma/products/maybelline-fit-me-fond-de-teint-liquide-matte-poreless-30ml-105-natural-ivory
BeautyMarket,Maquillage,Fond De Teint,RELOVE SUPER SERUM FOUNDATION F8.5,90.00,En stock,N/A,https://beautymarket.ma/products/relove-super-serum-foundation-f8-5
BeautyMarket,Maquillage,Fond De Teint,REVOLUTION CONCEAL & DEFINE FOUNDATION F6.5,145.00,En stock,N/A,https://beautymarket.ma/products/revolution-conceal-define-foundation-f6-5
BeautyMarket,Maquillage,Fond De Teint,REVOLUTION CONCEAL AND DEFINE FULL COVER TUBE FOUNDATION F8.5,109.00,En stock,N/A,https://beautymarket.ma/products/revolution-conceal-and-define-full-cover-tube-foundation-8-5
BeautyMarket,Maquillage,Fond De Teint,REVOLUTION CONCEAL AND DEFINE FULL COVER TUBE FOUNDATION F7.2,109.00,En stock,N/A,https://beautymarket.ma/products/revolution-conceal-and-define-full-cover-tube-foundation-f7-2
BeautyMarket,Maquillage,Anti Cernes Correcteur,DERMADOC CREME ANTI CERNES 30ML,135.00,En stock,N/A,https://beautymarket.ma/products/dermadoc-creme-anti-cernes-30ml
BeautyMarket,Maquillage,Anti Cernes Correcteur,ABSOLUTE NEW YORK 3D COVER CONCEALER,100.00,En stock,N/A,https://beautymarket.ma/products/absolute-new-york-3d-cover-concealer
BeautyMarket,Maquillage,Anti Cernes Correcteur,RELOVE CONCEAL ME PALETTE MEDIUM,45.00,En stock,N/A,https://beautymarket.ma/products/relove-conceal-me-palette-medium
BeautyMarket,Maquillage,Anti Cernes Correcteur,RELOVE CORRECT ME PALETTE,45.00,En stock,N/A,https://beautymarket.ma/products/relove-correct-me-palette
BeautyMarket,Maquillage,Anti Cernes Correcteur,PASTEL PROFASHION LIQUID CONCEALER,59.00,En stock,N/A,https://beautymarket.ma/products/pastel-profashion-liquid-concealer
BeautyMarket,Maquillage,Anti Cernes Correcteur,RELOVE SUPER CONCEALER RADIANT MATTE C6,59.00,En stock,N/A,https://beautymarket.ma/products/relove-super-concealer-radiant-matte-c6
BeautyMarket,Maquillage,Anti Cernes Correcteur,RELOVE SUPER CONCEALER RADIANT MATTE C3,59.00,En stock,N/A,https://beautymarket.ma/products/relove-super-concealer-radiant-matte-c3
BeautyMarket,Maquillage,Anti Cernes Correcteur,RELOVE SUPER CONCEALER RADIANT MATTE C8.5,59.00,En stock,N/A,https://beautymarket.ma/products/relove-super-concealer-radiant-matte-c85
BeautyMarket,Maquillage,Anti Cernes Correcteur,EYE CARE CRÈME CONTOUR DES YEUX ANTI CERNES 10 G,164.00,En stock,N/A,https://beautymarket.ma/products/eye-care-creme-contour-des-yeux-anti-cernes-10-g
BeautyMarket,Maquillage,Anti Cernes Correcteur,EMBRYOLISSE SOIN CORRECTEUR ANTI-CERNES TEINTE ROSE TUBE 8 ML,210.00,En stock,N/A,https://beautymarket.ma/products/embryolisse-soin-correcteur-anti-cernes-teinte-rose-tube-8-ml
BeautyMarket,Maquillage,Anti Cernes Correcteur,PATYKA AGE SPECIFIC COMBLEUR RIDES INSTANTANE 15ML,445.00,En stock,N/A,https://beautymarket.ma/products/patyka-age-specific-combleur-rides-instantane-15ml
BeautyMarket,Maquillage,Rougir,MAYBELLINE NEW YORK SUPERSTAY TEDDY TINT BLUSH À LÈVRES LIQUIDE FINI MAT FONDU SKINNYDIP 15,120.00,En stock,N/A,https://beautymarket.ma/products/maybelline-new-york-superstay-teddy-tint-blush-a-levres-liquide-fini-mat-fondu-skinnydip-15
BeautyMarket,Maquillage,Rougir,MAYBELLINE NEW YORK SUPERSTAY TEDDY TINT BLUSH À LÈVRES LIQUIDE FINI MAT FONDU KNEEHIGH 55,120.00,En stock,N/A,https://beautymarket.ma/products/maybelline-new-york-superstay-teddy-tint-blush-a-levres-liquide-fini-mat-fondu-kneehigh-55
BeautyMarket,Maquillage,Rougir,MAYBELLINE NEW YORK SUPERSTAY TEDDY TINT BLUSH À LÈVRES LIQUIDE FINI MAT FONDU WILD AT HEART 50,120.00,En stock,N/A,https://beautymarket.ma/products/maybelline-new-york-superstay-teddy-tint-blush-a-levres-liquide-fini-mat-fondu-wild-at-heart-50
BeautyMarket,Maquillage,Rougir,MAYBELLINE NEW YORK SUPERSTAY TEDDY TINT BLUSH À LÈVRES LIQUIDE FINI MAT FONDU MASCARA TEAR 20,120.00,En stock,N/A,https://beautymarket.ma/products/maybelline-new-york-superstay-teddy-tint-blush-a-levres-liquide-fini-mat-fondu-mascara-tear-20
BeautyMarket,Maquillage,Rougir,PASTEL PROFASHION CREAM BLUSH DAZZLING N 41,49.00,En stock,N/A,https://beautymarket.ma/products/pastel-profashion-cream-blush-dazzling-n-41
BeautyMarket,Maquillage,Rougir,PASTEL SHOW YOUR MOOD BLUSH SET 442 DREAMY,69.00,En stock,N/A,https://beautymarket.ma/products/show-by-pastel-show-your-mood-blush-set-442-dreamy
BeautyMarket,Maquillage,Rougir,MAYBELLINE NEW YORK SUPERSTAY TEDDY TINT BLUSH À LÈVRES LIQUIDE FINI MAT FONDU CURRENT MOOD 10,120.00,En stock,N/A,https://beautymarket.ma/products/maybelline-new-york-superstay-teddy-tint-blush-a-levres-liquide-fini-mat-fondu-current-mood-10
BeautyMarket,Maquillage,Rougir,PASTEL PROFASHION CREAM BLUSH 42,49.00,En stock,N/A,https://beautymarket.ma/products/pastel-profashion-cream-blush-42
BeautyMarket,Maquillage,Rougir,MAYBELLINE NEW YORK SUPERSTAY TEDDY TINT BLUSH À LÈVRES LIQUIDE FINI MAT FONDU JULY FOREVER 35,120.00,En stock,N/A,https://beautymarket.ma/products/maybelline-new-york-superstay-teddy-tint-blush-a-levres-liquide-fini-mat-fondu-pinky-promise-45
BeautyMarket,Maquillage,Rougir,MAYBELLINE FIT ME BLUSH BERRY 55,72.00,En stock,N/A,https://beautymarket.ma/products/maybelline-fit-me-blush-berry-55
BeautyMarket,Maquillage,Rougir,PASTEL PROFASHION CREAM BLUSH 48,49.00,En stock,N/A,https://beautymarket.ma/products/pastel-profashion-cream-blush-48
BeautyMarket,Maquillage,Rougir,PASTEL LIP TO CHEEK TINT 01 CARMEN,79.00,En stock,N/A,https://beautymarket.ma/products/pastel-lip-to-cheek-tint-01-carmen
BeautyMarket,Maquillage,Rougir,MAYBELLINE NEW YORK SUPERSTAY TEDDY TINT BLUSH À LÈVRES LIQUIDE FINI MAT FONDU PINKY PROMISE 45,120.00,En stock,N/A,https://beautymarket.ma/products/maybelline-new-york-superstay-teddy-tint-blush-a-levres-liquide-fini-mat-fondu-pinky-promise-46
BeautyMarket,Maquillage,Rougir,PASTEL PROFASHION CREAM BLUSH 43,49.00,En stock,N/A,https://beautymarket.ma/products/pastel-profashion-cream-blush-43
BeautyMarket,Maquillage,Rougir,MAYBELLINE SUNKISSER BLUSH 05 BLASING BLUSH,139.00,En stock,N/A,https://beautymarket.ma/products/maybelline-sunkisser-blush-05-blasing-blush
BeautyMarket,Maquillage,Rougir,MAYBELLINE FIT ME BLUSH NUDE 15,72.00,En stock,N/A,https://beautymarket.ma/products/maybelline-fit-me-blush-15
BeautyMarket,Maquillage,Rougir,MAYBELLINE SUNKISSER BLUSH 06 CITY SIZZEL,139.00,En stock,N/A,https://beautymarket.ma/products/maybelline-sunkisser-blush-06-city-sizzel
BeautyMarket,Maquillage,Rougir,PASTEL PROFASHION CREAM BLUSH 49,49.00,En stock,N/A,https://beautymarket.ma/products/pastel-profashion-cream-blush-49
BeautyMarket,Maquillage,Rougir,ABSOLUTE NEW YORK BERRY TINT 10 ML,89.00,En stock,N/A,https://beautymarket.ma/products/absolute-new-york-berry-tint-10-ml
BeautyMarket,Maquillage,Rougir,PASTEL PROFASHION CREAM BLUSH 47,49.00,En stock,N/A,https://beautymarket.ma/products/pastel-profashion-cream-blush-47
BeautyMarket,Maquillage,Rougir,MAYBELLINE FIT ME BLUSH PEACH 40,72.00,En stock,N/A,https://beautymarket.ma/products/maybelline-fit-me-blush-40
BeautyMarket,Maquillage,Rougir,PASTEL PROFASHION CREAM BLUSH 46,49.00,En stock,N/A,https://beautymarket.ma/products/pastel-profashion-cream-blush-46
BeautyMarket,Maquillage,Rougir,PASTEL SHOW BY PASTEL LIP LINER,39.00,En stock,N/A,https://beautymarket.ma/products/pastel-show-by-pastel-lip-liner
BeautyMarket,Maquillage,Rougir,PASTEL PROFASHION CREAM BLUSH 44,49.00,En stock,N/A,https://beautymarket.ma/products/pastel-profashion-cream-blush-44
BeautyMarket,Maquillage,Rougir,PASTEL LIP TO CHEEK TINT 02 LOLITA,79.00,En stock,N/A,https://beautymarket.ma/products/pastel-lip-to-cheek-tint-02-lolita
BeautyMarket,Maquillage,Rougir,PASTEL SHOW BY PASTEL SHOW YOUR JOY LIQUID BLUSH 55,59.00,En stock,N/A,https://beautymarket.ma/products/pastel-show-by-pastel-show-your-joy-liquid-blush-55
BeautyMarket,Maquillage,Rougir,REVOLUTION JELLY BLUSH STICK LIP AND CHEEK STAIN CHERRY RED,99.00,En stock,N/A,https://beautymarket.ma/products/revolution-jelly-blush-stick-lip-and-cheek-stain-cherry-red
BeautyMarket,Maquillage,Rougir,MAYBELLINE SUNKISSER BLUSH 01 DOWNTOWN RUSH,139.00,En stock,N/A,https://beautymarket.ma/products/maybelline-sunkisser-blush-01-downtown-rush
BeautyMarket,Maquillage,Rougir,PASTEL PROFASHION DUO BLUSH SET CHEEK TO CHEEK 10,75.00,En stock,N/A,https://beautymarket.ma/products/pastel-profashion-duo-blush-set-cheek-to-cheek-10
BeautyMarket,Maquillage,Rougir,"MAYBELLINE NEW YORK SUPERSTAY TEDDY TINT BLUSH À LÈVRES – PACK DE 4 TEINTES 35,40,45,50",450.00,En stock,N/A,https://beautymarket.ma/products/maybelline-new-york-superstay-teddy-tint-blush-a-levres-teddy-vibes-coffret-de-4-teintes-profondes
BeautyMarket,Maquillage,Rougir,ABSOLUTE NEW YORK CHEEKY BLOOM BLUSH SOFT HIBISCUS 02,99.00,En stock,N/A,https://beautymarket.ma/products/absolute-new-york-cheeky-bloom-blush-soft-hibiscus
BeautyMarket,Maquillage,Rougir,ABSOLUTE NEW YORK MULTIFACETED STICK CONTOUR VISAGE,119.00,En stock,N/A,https://beautymarket.ma/products/absolute-new-york-multifaceted-stick-contour-visage
BeautyMarket,Maquillage,Rougir,MAYBELLINE FIT ME BLUSH CORAL 35,72.00,En stock,N/A,https://beautymarket.ma/products/maybelline-fit-me-blush-coral-35
BeautyMarket,Maquillage,Rougir,EQQUAL BERRY LUSH BLUSH NAD+PEPTIDE BOOSTING SERUM 30 ML,314.00,En stock,N/A,https://beautymarket.ma/products/eqqual-berry-lush-blush-nad-peptide-boosting-serum-30-ml
BeautyMarket,Maquillage,Rougir,PASTEL SHOW YOUR HAPPINESS BLUSH,39.00,En stock,N/A,https://beautymarket.ma/products/pastel-show-your-happiness-blush
BeautyMarket,Maquillage,Rougir,REVOLUTION BLUSHER RELODED PINK LADY,59.00,En stock,N/A,https://beautymarket.ma/products/revolution-blusher-reloded-pink-lady
BeautyMarket,Maquillage,Rougir,ABSOLUTE NEW YORK MATCH MAKER LOVE YOU'S,99.00,En stock,N/A,https://beautymarket.ma/products/absolute-new-york-match-maker-love-yous
BeautyMarket,Maquillage,Rougir,CAUDALIE BAUME A LEVRES TEINTE 4.5 G,99.00,En stock,N/A,https://beautymarket.ma/products/caudalie-baume-a-levres-teinte-4-5-g
BeautyMarket,Maquillage,Rougir,REVOLUTION JELLY BLUSH STICK LIP AND CHEEK STAIN STRAWBERRY PINK,99.00,En stock,N/A,https://beautymarket.ma/products/revolution-jelly-blush-stick-lip-and-cheek-stain-strawberry-pink
BeautyMarket,Maquillage,Rougir,MAYBELLINE SUNKISSER BLUSH 12 SUMMER IN THE CITY,139.00,En stock,N/A,https://beautymarket.ma/products/maybelline-sunkisser-blush-12-summer-in-the-city
BeautyMarket,Maquillage,Rougir,MAYBELLINE SUNKISSER BLUSH 05 BLASING BLUSH = RAL SENSATIONNEL LIQUID MATT N°8,170.00,En stock,N/A,https://beautymarket.ma/products/maybelline-sunkisser-blush-05-blasing-blush-ral-sensationnel-liquid-matt-n-8
BeautyMarket,Maquillage,Rougir,PASTEL PROFASHION DUO BLUSH SET CHEEK TO CHEEK 20,75.00,En stock,N/A,https://beautymarket.ma/products/pastel-profashion-duo-blush-set-cheek-to-cheek-20
BeautyMarket,Maquillage,Rougir,MAYBELLINE SUNKISSER BLUSH 08 SHADES ON,139.00,En stock,N/A,https://beautymarket.ma/products/maybelline-sunkisser-blush-08-shades-on
BeautyMarket,Maquillage,Rougir,MAYBELLINE SUNKISSER HIGHLIGHTER 20 KISS OF SHIMMER,139.00,En stock,N/A,https://beautymarket.ma/products/maybelline-sunkisser-highlighter-20-kiss-of-shimmer
BeautyMarket,Maquillage,Rougir,MAYBELLINE SUNKISSER BLUSH 02 UPTOWN GLOW,139.00,En stock,N/A,https://beautymarket.ma/products/maybelline-sunkisser-blush-02-uptown-glow
BeautyMarket,Maquillage,Rougir,MAYBELLINE SUNKISSER MATTE 30 MIRAGE,139.00,En stock,N/A,https://beautymarket.ma/products/maybelline-sunkisser-matte-30-mirag
BeautyMarket,Maquillage,Rougir,MAYBELLINE SUNKISSER MATTE 32 CLOUDS,139.00,En stock,N/A,https://beautymarket.ma/products/maybelline-sunkisser-matte-32-clouds
BeautyMarket,Maquillage,Rougir,ABSOLUTE NEW YORK CHEEKY BLOOM BLUSH MUTED ORCHID 03,99.00,En stock,N/A,https://beautymarket.ma/products/absolute-new-york-cheeky-bloom-blush-muted-orchid
BeautyMarket,Maquillage,Rougir,MAYBELLINE SUNKISSER HIGHLIGHTER 22,139.00,En stock,N/A,https://beautymarket.ma/products/maybelline-sunkisser-highlighter-22
BeautyMarket,Maquillage,Rougir,ABSOLUTE NEW YORK CHEEKY BLOOM BLUSH RICH AZALEA 04,99.00,En stock,N/A,https://beautymarket.ma/products/absolute-new-york-cheeky-bloom-blush-rich-azalea
BeautyMarket,Maquillage,Rougir,REVOLUTION SUPERDEWY LIQUID BLUSHER FLUSHING FOR YOU,99.00,En stock,N/A,https://beautymarket.ma/products/revolution-superdewy-liquid-blusher-flushing-for-you
BeautyMarket,Maquillage,Rougir,MAYBELLINE PACK - TROPICAL BLOOM,389.00,En stock,N/A,https://beautymarket.ma/products/maybelline-pack-tropical-bloom
BeautyMarket,Maquillage,Rougir,PASTEL SHOW BY PASTEL SHOW YOUR JOY LIQUID BLUSH 52,59.00,En stock,N/A,https://beautymarket.ma/products/pastel-show-by-pastel-show-your-joy-liquid-blush-52
BeautyMarket,Maquillage,Rougir,ABSOLUTE NEW YORK MATCH MAKER DATE NIGHT,99.00,En stock,N/A,https://beautymarket.ma/products/absolute-new-york-match-maker-date-night
BeautyMarket,Maquillage,Rougir,ABSOLUTE NEW YORK CHEEKY BLOOM BLUSH FLUSHED POPPY 01,99.00,En stock,N/A,https://beautymarket.ma/products/absolute-new-york-cheeky-bloom-blush-flushed-poppy
BeautyMarket,Maquillage,Rougir,PASTEL SHOW BY PASTEL SHOW YOUR JOY LIQUID BLUSH 53,59.00,En stock,N/A,https://beautymarket.ma/products/pastel-show-by-pastel-show-your-joy-liquid-blush-53
BeautyMarket,Maquillage,Rougir,PASTEL - PROFASHION CRUSH BLUSH,79.00,En stock,N/A,https://beautymarket.ma/products/pastel-profashion-crush-blush
BeautyMarket,Maquillage,Rougir,ABSOLUTE NEW YORK CHEEKY BLOOM BLUSH MELLOW DAHLIA 06,99.00,En stock,N/A,https://beautymarket.ma/products/absolute-new-york-cheeky-bloom-blush-mellow-dahlia
BeautyMarket,Maquillage,Rougir,MAYBELLINE SUNKISSER HIGHLIGHTER 21 ALL STAR,139.00,En stock,N/A,https://beautymarket.ma/products/maybelline-sunkisser-highlighter-21-all-star
BeautyMarket,Maquillage,Rougir,PASTEL SHOW BY PASTEL SHOW YOUR JOY LIQUID BLUSH 58,59.00,En stock,N/A,https://beautymarket.ma/products/pastel-show-by-pastel-show-your-joy-liquid-blush-58
BeautyMarket,Maquillage,Rougir,MAYBELLINE SUNKISSER BLUSH 31 HOT PINK SUMMER,139.00,En stock,N/A,https://beautymarket.ma/products/maybelline-sunkisser-blush-31-hot-pink-summer
BeautyMarket,Maquillage,Rougir,ABSOLUTE NEW YORK CHEEKY BLOOM BLUSH RUSTIC CARNATION 05,99.00,En stock,N/A,https://beautymarket.ma/products/absolute-new-york-cheeky-bloom-blush-rustic-carnation
BeautyMarket,Maquillage,Rougir,REVOLUTION SUPERDEWY LIQUID BLUSHER BLUSH ME UP,99.00,En stock,N/A,https://beautymarket.ma/products/revolution-superdewy-liquid-blusher-blush-me-up
BeautyMarket,Maquillage,Rougir,PASTEL SHOW BY PASTEL SHOW YOUR JOY LIQUID BLUSH 56,59.00,En stock,N/A,https://beautymarket.ma/products/pastel-show-by-pastel-show-your-joy-liquid-blush-56
BeautyMarket,Maquillage,Rougir,PASTEL SHOW BY PASTEL SHOW YOUR JOY LIQUID BLUSH 57,59.00,En stock,N/A,https://beautymarket.ma/products/pastel-show-by-pastel-show-your-joy-liquid-blush-57
BeautyMarket,Maquillage,Rougir,MAYBELLINE SUNKISSER BLUSH 35 SPRITZY ORANGE,139.00,En stock,N/A,https://beautymarket.ma/products/maybelline-sunkisser-blush-35-spritzy-orange
BeautyMarket,Maquillage,Rougir,MAYBELLINE SUNKISSER BLUSH 34 PEACHY QUENCH,139.00,En stock,N/A,https://beautymarket.ma/products/maybelline-sunkisser-blush-34-peachy-quench
BeautyMarket,Maquillage,Rougir,RELOVE SUPER HIGHLIGHT BLUSHED,59.00,En stock,N/A,https://beautymarket.ma/products/relove-super-highlight-blushed
BeautyMarket,Maquillage,Rougir,EYE CARE FARD À JOUES 2.5G ABRICOT,178.00,En stock,N/A,https://beautymarket.ma/products/eye-care-fard-a-joues-2-5g-abricot
BeautyMarket,Maquillage,Rougir,REVOLUTION BLUSH ICON PALETTE MY CHERRY TRUTH,149.00,En stock,N/A,https://beautymarket.ma/products/revolution-blush-icon-palette-my-cherry-truth
BeautyMarket,Maquillage,Rougir,REVOLUTION BLUSH ICON PALETTE HOT PINK FLAG,149.00,En stock,N/A,https://beautymarket.ma/products/revolution-blush-icon-palette-hot-pink-flag
BeautyMarket,Maquillage,Rougir,MAYBELLINE NEW YORK BLUSH CLOUDTOPIA CHEEK & LIP MOUSSE TOASTED SKY 12,100.00,En stock,N/A,https://beautymarket.ma/products/maybelline-new-york-blush-cloudtopia-cheek-lip-mousse-toasted-sky-12
BeautyMarket,Maquillage,Rougir,MAYBELLINE NEW YORK BLUSH CLOUDTOPIA CHEEK & LIP MOUSSE DREAMY DAWN 09,100.00,En stock,N/A,https://beautymarket.ma/products/maybelline-new-york-blush-cloudtopia-cheek-lip-mousse-dreamy-dawn-09
BeautyMarket,Maquillage,Rougir,MAYBELLINE NEW YORK BLUSH CLOUDTOPIA CHEEK & LIP MOUSSE ENCHANTED MAUVE 08,100.00,En stock,N/A,https://beautymarket.ma/products/maybelline-new-york-blush-cloudtopia-cheek-lip-mousse-enchanted-mauve-08
BeautyMarket,Maquillage,Rougir,MAYBELLINE NEW YORK BLUSH CLOUDTOPIA CHEEK & LIP MOUSSE CORAL ILLUSION 05,100.00,En stock,N/A,https://beautymarket.ma/products/maybelline-new-york-blush-cloudtopia-cheek-lip-mousse-coral-illusion
BeautyMarket,Maquillage,Rougir,MAYBELLINE NEW YORK BLUSH CLOUDTOPIA CHEEK & LIP MOUSSE TWILIGHT BERRY 01,100.00,En stock,N/A,https://beautymarket.ma/products/maybelline-new-york-blush-cloudtopia-cheek-lip-mousse-twilight-berry
BeautyMarket,Maquillage,Rougir,EYE CARE FARD À JOUES 2.5G CYCLAMEN,178.00,En stock,N/A,https://beautymarket.ma/products/eye-care-fard-a-joues-2-5g-cyclamen
BeautyMarket,Maquillage,Rougir,ABSOLUTE NEW YORK MATCH MAKER ROMANTIC DRIVE,119.00,En stock,N/A,https://beautymarket.ma/products/absolute-new-york-match-maker-romantic-drive
BeautyMarket,Maquillage,Palette,REVOLUTION EVERYTHING BASE FACE ICON COMPLEXION PALETTE LIGHT,215.00,En stock,N/A,https://beautymarket.ma/products/revolution-everything-base-face-icon-complexion-palette-light-1
BeautyMarket,Maquillage,Palette,REVOLUTION EVERYTHING BASE FACE ICON COMPLEXION PALETTE MEDIUM,215.00,En stock,N/A,https://beautymarket.ma/products/revolution-everything-base-face-icon-complexion-palette-medium
BeautyMarket,Maquillage,Palette,REVOLUTION EVERYTHING BASE FACE ICON COMPLEXION PALETTE DARK,215.00,En stock,N/A,https://beautymarket.ma/products/revolution-everything-base-face-icon-complexion-palette-dark
BeautyMarket,Maquillage,Palette,RELOVE COLOUR PLAY EMPOWER SHADOW PALETTE,59.00,En stock,N/A,https://beautymarket.ma/products/relove-colour-play-empower-shadow-palette
BeautyMarket,Maquillage,Palette,RELOVE COLOUR PLAY CONTOUR TRIO PALETTE SUGAR,59.00,En stock,N/A,https://beautymarket.ma/products/relove-colour-play-contour-trio-palette-sugar
BeautyMarket,Maquillage,Highlight,PASTEL PROFASHION BRONZER & HIGHLIGHTER SET SUN KISSED 01,66.00,En stock,N/A,https://beautymarket.ma/products/pastel-profashion-bronzer-highlighter-set-sun-kissed-01
BeautyMarket,Maquillage,Highlight,PASTEL PROFASHION BRONZER & HIGHLIGHTER SET SUN KISSED 02,66.00,En stock,N/A,https://beautymarket.ma/products/pastel-profashion-bronzer-highlighter-set-sun-kissed-02
BeautyMarket,Maquillage,Highlight,RELOVE SUPER MATTE PRESSED POWDER TRANSLUCENT,59.00,En stock,N/A,https://beautymarket.ma/products/relove-super-matte-pressed-powder-translucent
BeautyMarket,Maquillage,Highlight,"EYE CARE POUDRE ILLUMINATRICE HIGHLIGHTER 8,5G CHAMPAGNE",248.00,En stock,N/A,https://beautymarket.ma/products/eye-care-poudre-illuminatrice-8-5g-champagne
BeautyMarket,Maquillage,Highlight,"EYE CARE POUDRE ILLUMINATRICE HIGHLIGHTER 8,5G NUDE",248.00,En stock,N/A,https://beautymarket.ma/products/eye-care-poudre-illuminatrice-8-5g-nude
BeautyMarket,Maquillage,Palette Yeux,REVOLUTION THE TRUE ICON BRONZE PALETTE,119.00,En stock,N/A,https://beautymarket.ma/products/revolution-the-true-icon-bronze-palette
BeautyMarket,Maquillage,Palette Yeux,REVOLUTION THE ENCHANTED ICON SOFT PINK NUDES PALETTE,119.00,En stock,N/A,https://beautymarket.ma/products/revolution-the-enchanted-icon-soft-pink-nudes-palette
BeautyMarket,Maquillage,Palette Yeux,RELOVE EYE LIGHT QUEEN METALLIC EYESHADOWS,55.00,En stock,N/A,https://beautymarket.ma/products/relove-eye-light-queen-metallic-eyeshadows
BeautyMarket,Maquillage,Palette Yeux,REVOLUTION RELOADED MARVELLOUS MATTES,99.00,En stock,N/A,https://beautymarket.ma/products/revolution-reloaded-marvellous-mattes
BeautyMarket,Maquillage,Palette Yeux,REVOLUTION RE-LOADED PALETTE PASSION FOR COLOUR,99.00,En stock,N/A,https://beautymarket.ma/products/revolution-re-loaded-palette-passion-for-colour
BeautyMarket,Maquillage,Palette Yeux,RELOVE EYE LIGHT SHINE METALLIC EYESHADOWS,59.00,En stock,N/A,https://beautymarket.ma/products/relove-eye-light-shine-metallic-eyeshadows
BeautyMarket,Maquillage,Palette Yeux,REVOLUTION PALETTE EYESHADOW FOREVER FLAWLESS ALLURE,269.00,En stock,N/A,https://beautymarket.ma/products/revolution-palette-eyeshadow-forever-flawless-allure
BeautyMarket,Maquillage,Palette Yeux,RELOVE EYE LIGHT LIGHT UP METTALIC EYESHADOWS,55.00,En stock,N/A,https://beautymarket.ma/products/relove-eye-light-light-up-mettalic-eyeshadows
BeautyMarket,Maquillage,Palette Yeux,RELOVE EYE LIGHT BLING METALLIC EYESHADOWS,59.00,En stock,N/A,https://beautymarket.ma/products/relove-eye-light-bling-metallic-eyeshadows
BeautyMarket,Maquillage,Palette Yeux,RELOVE COLOUR PLAY SOULFUL SHADOW PALETTE,45.00,En stock,N/A,https://beautymarket.ma/products/relove-colour-play-soulful-shadow-palette
BeautyMarket,Maquillage,Palette Yeux,RELOVE EYE LIGHT DAZED METALLIC EYESHADOWS,79.00,En stock,N/A,https://beautymarket.ma/products/relove-eye-light-dazed-metallic-eyeshadows
BeautyMarket,Maquillage,Palette Yeux,MAYBELLINE COLOR RIVALS ASSERTIVE X COY DUO DE PALETTES D'OMBRES À PAUPIÈRES,114.00,En stock,N/A,https://beautymarket.ma/products/maybelline-duo-de-palettes-dombres-a-paupieres-color-rivals-assertive-x-coy
BeautyMarket,Maquillage,Palette Yeux,MAYBELLINE COLOR RIVALS URBAN X WILD DUO DE PALETTES D'OMBRES À PAUPIÈRES,114.00,En stock,N/A,https://beautymarket.ma/products/maybelline-color-rivals-urban-x-wild-duo-de-palettes-dombres-a-paupieres-1
BeautyMarket,Maquillage,Palette Yeux,MAYBELLINE COLOR RIVALS SPICY X SUAVE DUO DE PALETTES D'OMBRES À PAUPIÈRES,114.00,En stock,N/A,https://beautymarket.ma/products/maybelline-color-rivals-spicy-x-suave-duo-de-palettes-dombres-a-paupieres
BeautyMarket,Maquillage,Palette Yeux,MAYBELLINE COLOR RIVALS CHILL X DARING DUO DE PALETTES D'OMBRES À PAUPIÈRES,114.00,En stock,N/A,https://beautymarket.ma/products/maybelline-color-rivals-chill-x-daring-duo-de-palettes-dombres-a-paupieres
BeautyMarket,Maquillage,Palette Yeux,REVOLUTION RE-LOADED PALETTE VELVET ROSE,99.00,En stock,N/A,https://beautymarket.ma/products/revolution-re-loaded-palette-velvet-rose
BeautyMarket,Maquillage,Palette Yeux,REVOLUTION RE-LOADED PALETTE BASIC MATTES,99.00,En stock,N/A,https://beautymarket.ma/products/revolution-re-loaded-palette-basic-mattes
BeautyMarket,Maquillage,Palette Yeux,REVOLUTION RE-LOADED PALETTE OF 15 PROVOCATIVE,99.00,En stock,N/A,https://beautymarket.ma/products/revolution-re-loaded-palette-of-15-provocative
BeautyMarket,Maquillage,Palette Yeux,REVOLUTION RELOADED ICONIC 3.0,99.00,En stock,N/A,https://beautymarket.ma/products/revolution-reloaded-iconic-30
BeautyMarket,Maquillage,Mascara,MAYBELLINE NEW YORK – MASCARA LASH SENSATIONAL SKY HIGH = TATTOO LINER OFFERT,199.00,En stock,N/A,https://beautymarket.ma/products/maybelline-new-york-mascara-lash-sensational-sky-high
BeautyMarket,Maquillage,Mascara,MAYBELLINE NEW YORK LASH SENSATIONAL SKY HIGH NOIR - MASCARA LONGUEUR = TATTOO LINER OFFERT,199.00,En stock,N/A,https://beautymarket.ma/products/maybelline-new-york-lash-sensational-sky-high-noir-mascara-longueur
BeautyMarket,Maquillage,Mascara,MAYBELLINE - FALSIES LASH LIFT WSH NU 01 BLACK,145.00,En stock,N/A,https://beautymarket.ma/products/maybelline-falsies-lash-lift-wsh-nu-01-black
BeautyMarket,Maquillage,Mascara,L'ORÉAL PARIS -MASCARA PARADISE,211.00,En stock,N/A,https://beautymarket.ma/products/mascara-paradise
BeautyMarket,Maquillage,Mascara,"LA ROCHE POSAY TOLERIANE MASCARA VOLUME 7,6 G",175.00,En stock,N/A,https://beautymarket.ma/products/la-roche-posay-toleriane-mascara-volume-7-6-g
BeautyMarket,Maquillage,Mascara,L'ORÉAL PARIS -TELESCOPIC LIFT MASCARA - WASHABLE,169.00,En stock,N/A,https://beautymarket.ma/products/telescopic-lift-mascara-washable
BeautyMarket,Maquillage,Mascara,MAYBELLINE FALSIES SURREAL LASH EXTENSION MASCARA,159.00,En stock,N/A,https://beautymarket.ma/products/maybelline-falsies-surreal-lash-extension-mascara
BeautyMarket,Maquillage,Mascara,MAYBELLINE SKY HIGH MASCARA VOLUME & LONGUEUR BRUME BOURGOGNE,170.00,En stock,N/A,https://beautymarket.ma/products/maybelline-sky-high-mascara-volume-longueur-1
BeautyMarket,Maquillage,Mascara,MAYBELLINE SKY HIGH MASCARA VOLUME & LONGUEUR AIR ROSE = TATTOO LINER,199.00,En stock,N/A,https://beautymarket.ma/products/maybelline-sky-high-mascara-volume-longueur-air-rose
BeautyMarket,Maquillage,Mascara,MAYBELLINE SKY HIGH MASCARA VOLUME & LONGUEUR BLEU + TATTOO LINER GALACTIC COBALT,179.00,En stock,N/A,https://beautymarket.ma/products/maybelline-sky-high-mascara-volume-longueur-bleu
BeautyMarket,Maquillage,Mascara,L'ORÉAL PARIS - MASCARA PANORAMA VOLUME MILLIONS DE CILS,180.00,En stock,N/A,https://beautymarket.ma/products/loreal-paris-mascara-panorama-volume-millions-de-cils
BeautyMarket,Maquillage,Mascara,MAYBELLINE NEW YORK – MASCARA LASH SENSATIONAL SKY HIGH,159.00,En stock,N/A,https://beautymarket.ma/products/maybelline-new-york-mascara-lash-sensational-sky-high-1
BeautyMarket,Maquillage,Mascara,MAYBELLINE NEW YORK SKY HIGH WATERPROOF MASCARA,189.00,En stock,N/A,https://beautymarket.ma/products/maybelline-new-york-sky-high-waterproof-mascara
BeautyMarket,Maquillage,Mascara,MAYBELLINE MASCARA FIREWORK = KAJAL À L'HUILE D'ARGAN - BLACK OFFERTE,179.00,En stock,N/A,https://beautymarket.ma/products/maybelline-mascara-firework-mini-tattoo-liner-offert
BeautyMarket,Maquillage,Mascara,MAYBELLINE NEW YORK LASH SENSATIONAL SKY HIGH NOIR - MASCARA LONGUEUR,155.00,En stock,N/A,https://beautymarket.ma/products/maybelline-new-york-lash-sensational-sky-high-noir-mascara-longueur-1
BeautyMarket,Maquillage,Mascara,MAYBELLINE SKY HIGH MASCARA VOLUME & LONGUEUR BLEU,170.00,En stock,N/A,https://beautymarket.ma/products/maybelline-sky-high-mascara-volume-longueur-bleu-1
BeautyMarket,Maquillage,Mascara,MAYBELLINE SKY HIGH MASCARA VOLUME & LONGUEUR AIR ROSE,170.00,En stock,N/A,https://beautymarket.ma/products/maybelline-sky-high-mascara-volume-longueur-air-rose-1
BeautyMarket,Maquillage,Mascara,MAYBELLINE SKY HIGH MASCARA VOLUME & LONGUEUR BRUME BOURGOGNE = TATTOO LINER OFFERT,199.00,En stock,N/A,https://beautymarket.ma/products/maybelline-sky-high-mascara-volume-longueur-brume-bourgogne
BeautyMarket,Maquillage,Mascara,L'ORÉAL PARIS - MASCARA PANORAMA VOLUME MILLIONS DE CILS ALL NIGHT BLACK,192.00,En stock,N/A,https://beautymarket.ma/products/loreal-paris-mascara-panorama-volume-millions-de-cils-all-night-black
BeautyMarket,Maquillage,Mascara,PASTEL MULTIDIMENSIONAL VOLUME & CURL MASCARA,139.00,En stock,N/A,https://beautymarket.ma/products/pastel-multidimensional-volume-curl-mascara
BeautyMarket,Maquillage,Mascara,MAYBELLINE SKY HIGH MASCARA CILS SENSATIONNAL SPACE DIAMOND,170.00,En stock,N/A,https://beautymarket.ma/products/maybelline-sky-high-mascara-cils-sensationnal-space-diamond
BeautyMarket,Maquillage,Mascara,MAYBELLINE SKY HIGH MASCARA CILS SENSATIONNAL CHERRY SKY,170.00,En stock,N/A,https://beautymarket.ma/products/maybelline-sky-high-mascara-cils-sensationnal-cherry-sky
BeautyMarket,Maquillage,Mascara,MAYBELLINE SKY HIGH MASCARA CILS SENSATIONNAL GREEN ALTITUDE,170.00,En stock,N/A,https://beautymarket.ma/products/maybelline-sky-high-mascara-cils-sensationnal-green-altitude
BeautyMarket,Maquillage,Mascara,ABSOLUTE NEW YORK MASCARA TWIST BRUSH VOLUMIZING VEGAN,120.00,En stock,N/A,https://beautymarket.ma/products/absolute-new-york-mascara-twist-brush-volumizing-vegan
BeautyMarket,Maquillage,Mascara,RELOVE POWER LASH WATERPROOF VOLUME MASCARA,49.00,En stock,N/A,https://beautymarket.ma/products/relove-power-lash-waterproof-volume-mascara
BeautyMarket,Maquillage,Mascara,RELOVE HIGH RISE MASCARA,45.00,En stock,N/A,https://beautymarket.ma/products/relove-high-rise-mascara
BeautyMarket,Maquillage,Mascara,PASTEL EXPRESS VOLUME +LENGHT MASCARA,89.00,En stock,N/A,https://beautymarket.ma/products/pastel-express-volume-lenght-mascara
BeautyMarket,Maquillage,Mascara,ABSOLUTE NEW YORK TOTAL SOLUTION ALL-IN-1 MASCARA BLACK,109.00,En stock,N/A,https://beautymarket.ma/products/absolute-new-york-abny-total-solution-all-in-1-mascara-black
BeautyMarket,Maquillage,Mascara,ABSOLUTE NEW YORK HIGH IMPACT LENGTH & CURL MASCARA,109.00,En stock,N/A,https://beautymarket.ma/products/absolute-new-york-high-impact-length-curl-mascara
BeautyMarket,Maquillage,Mascara,ABSOLUTE NEW YORK VOLUME BOOSTER INFUSED MASCARA,109.00,En stock,N/A,https://beautymarket.ma/products/absolute-new-york-volume-booster-infused-mascara
BeautyMarket,Maquillage,Mascara,REVOLUTION 5D LASH MASCARA,149.00,En stock,N/A,https://beautymarket.ma/products/revolution-5d-lash-mascara
BeautyMarket,Maquillage,Mascara,RELOVE LONG LASH LENGTHENING MASCARA,55.00,En stock,N/A,https://beautymarket.ma/products/relove-long-lash-lengthening-mascara
BeautyMarket,Maquillage,Mascara,REVOLUTION BIG LASH WATERPROOF VOLUME MASCARA,99.00,En stock,N/A,https://beautymarket.ma/products/revolution-big-lash-waterproof-volume-mascara
BeautyMarket,Maquillage,Mascara,RELOVE SLICK FLICK EYELINER BLACK,59.00,En stock,N/A,https://beautymarket.ma/products/revolution-relove-slick-flick-eyeliner-black
BeautyMarket,Maquillage,Mascara,L'ORÉAL PARIS MASCARA TELESCOPIC EXTENSIONIST,160.00,En stock,N/A,https://beautymarket.ma/products/loreal-paris-mascara-telescopic-extensionist
BeautyMarket,Maquillage,Mascara,MAYBELLINE NEW YORK COFFRET TWO ICONS ONE LOVE STORY – ÉDITION LIMITÉE SKY HIGH MASCARA + TEDDY TINT 55,237.00,En stock,N/A,https://beautymarket.ma/products/maybelline-coffret-saint-valentin-two-icons-one-love-story
BeautyMarket,Maquillage,Mascara,EYE CARE MEIBOCLEAN MASCARA PURIFIANT 5ML (MASCARA SOIN),152.00,En stock,N/A,https://beautymarket.ma/products/eye-care-meiboclean-mascara-purifiant-5mlmascara-soin
BeautyMarket,Maquillage,Mascara,EYE CARE MASCARA VOLUMATEUR-PUR BLACK 9G,183.00,En stock,N/A,https://beautymarket.ma/products/eye-care-mascara-volumateur-pur-black-9g
BeautyMarket,Maquillage,Mascara,EYE CARE MASCARA VOLUMATEUR 9G ULTRA BRUN,183.00,En stock,N/A,https://beautymarket.ma/products/eye-care-mascara-volumateur-9g-ultra-brun
BeautyMarket,Maquillage,Mascara,EYE CARE MASCARA VOLUMATEUR 9G BLUE NOTE,183.00,En stock,N/A,https://beautymarket.ma/products/eye-care-mascara-volumateur-9g-blue-note
BeautyMarket,Maquillage,Mascara,EYE CARE MASCARA VOLUMATEUR WATERPROOF 11G NOIR,248.00,En stock,N/A,https://beautymarket.ma/products/eye-care-mascara-volumateur-waterproof-11g-noir
BeautyMarket,Maquillage,Mascara,MAYBELLINE NEW YORK – COFFRET EID READY SET,308.00,En stock,N/A,https://beautymarket.ma/products/maybelline-new-york-coffret-eid-ready-set
BeautyMarket,Maquillage,Mascara,MAYBELLINE NEW YORK – RAMADAN NIGHT GLAM SET,222.00,En stock,N/A,https://beautymarket.ma/products/maybelline-new-york-ramadan-night-glam-set
BeautyMarket,Maquillage,Mascara,MAYBELLINE RAMADAN GLOW SET – COFFRET MAQUILLAGE ÉDITION SPÉCIALE RAMADAN,202.00,En stock,N/A,https://beautymarket.ma/products/maybelline-ramadan-glow-set-coffret-maquillage-edition-speciale-ramadan
BeautyMarket,Maquillage,Mascara,PASTEL SHOW YOUR PEACE TRANSPARENT EYEBROW & EYELASH MASCARA,50.00,En stock,N/A,https://beautymarket.ma/products/pastel-show-your-peace-transparent-eyebrow-eyelash-mascara
BeautyMarket,Maquillage,Mascara,RELOVE POWER LASH VOLUME MASCARA,59.00,En stock,N/A,https://beautymarket.ma/products/relove-power-lash-volume-mascara
BeautyMarket,Maquillage,Eyeliner,MAYBELLINE TATTOO STUDIO SHARPENABLE GEL PENCIL 900 DEEP ONYX,57.00,En stock,N/A,https://beautymarket.ma/products/maybelline-new-york-crayon-tattoo-liner-900-deep-onyx
BeautyMarket,Maquillage,Eyeliner,MAYBELLINE NEW YORK TATTOO LINER INK PEN BLACK,99.00,En stock,N/A,https://beautymarket.ma/products/maybelline-new-york-tattoo-liner-ink-pen-black
BeautyMarket,Maquillage,Eyeliner,RELOVE KOHL EYELINER BLACK,49.00,En stock,N/A,https://beautymarket.ma/products/relove-kohl-eyeliner-black
BeautyMarket,Maquillage,Eyeliner,RELOVE DIP EYELINER BLACK,55.00,En stock,N/A,https://beautymarket.ma/products/relove-dip-eyeliner-black
BeautyMarket,Maquillage,Eyeliner,L'ORÉAL PARIS -LINER PERFECT SLIM 01 BLACK,127.00,En stock,N/A,https://beautymarket.ma/products/liner-perfect-slim
BeautyMarket,Maquillage,Eyeliner,MAYBELLINE NEW YORK TATTOO LINER INK PEN NU 882 PITCH BROW,99.00,En stock,N/A,https://beautymarket.ma/products/maybelline-new-york-tattoo-liner-ink-pen-nu-882-pitch-brow
BeautyMarket,Maquillage,Eyeliner,ABSOLUTE NEW YORK PRO INK PEN LIQUID EYELINER MEIP01 JET BLACK,69.00,En stock,N/A,https://beautymarket.ma/products/absolute-new-york-pro-ink-pen-liquid-eyeliner-black-1
BeautyMarket,Maquillage,Eyeliner,MAYBELLINE TATTOO LINER GEL BLACK 950,140.00,En stock,N/A,https://beautymarket.ma/products/maybelline-gel-liner-black
BeautyMarket,Maquillage,Eyeliner,ABSOLUTE NEW YORK PRO INK PEN LIQUID EYELINER DARK BROWN,89.00,En stock,N/A,https://beautymarket.ma/products/absolute-new-york-pro-ink-pen-liquid-eyeliner-dark-brown
BeautyMarket,Maquillage,Eyeliner,ABSOLUTE NEW YORK PRO INK PEN LIQUID EYELINER MEIP02 BLACK,69.00,En stock,N/A,https://beautymarket.ma/products/absolute-new-york-pro-ink-pen-liquid-eyeliner-black
BeautyMarket,Maquillage,Eyeliner,RELOVE KOHL EYELINER NUDE,49.00,En stock,N/A,https://beautymarket.ma/products/relove-kohl-eyeliner-nude
BeautyMarket,Maquillage,Eyeliner,REVOLUTION KOHL EYELINER BROWN,79.00,En stock,N/A,https://beautymarket.ma/products/revolution-kohl-eyeliner-brown
BeautyMarket,Maquillage,Eyeliner,REVOLUTION KOHL BLACK,79.00,En stock,N/A,https://beautymarket.ma/products/revolution-kohl-black
BeautyMarket,Maquillage,Eyeliner,ABSOLUTE NEW YORK GLIDE ET GLAM GEL EYE LINER 01 NOIR,49.00,En stock,N/A,https://beautymarket.ma/products/absolute-new-york-glide-et-glam-gel-eye-liner-01-noir
BeautyMarket,Maquillage,Eyeliner,L’ORÉAL PARIS – GEL CRAYON INFAILLIBLE EYELINER – BLACK TO BLACK 01,180.00,En stock,N/A,https://beautymarket.ma/products/l-oreal-paris-gel-crayon-infaillible-eyeliner-black-to-black
BeautyMarket,Maquillage,Eyeliner,ABSOLUTE NEW YORK WATERPROOF GEL EYELINER BLACK,70.00,En stock,N/A,https://beautymarket.ma/products/absolute-new-york-waterproof-gel-eyeliner
BeautyMarket,Maquillage,Eyeliner,RELOVE KOHL EYELINER WHITE,49.00,En stock,N/A,https://beautymarket.ma/products/relove-kohl-eyeliner-white
BeautyMarket,Maquillage,Eyeliner,ABSOLUTE NEW YORK PRO INK PEN LIQUID EYELINER OCEAN BLUE,69.00,En stock,N/A,https://beautymarket.ma/products/absolute-new-york-pro-ink-pen-liquid-eyeliner-ocean-blue
BeautyMarket,Maquillage,Eyeliner,ABSOLUTE NEW YORK WATERPROOF GEL EYE LINER - NAVY NFB86,59.00,En stock,N/A,https://beautymarket.ma/products/absolute-new-york-waterproof-gel-eye-liner-navy
BeautyMarket,Maquillage,Eyeliner,ABSOLUTE NEW YORK INSANELY BLACK MICRO ANGLED TIP EYELINER,139.00,En stock,N/A,https://beautymarket.ma/products/absolute-new-york-insanely-black-micro-angled-tip-eyeliner
BeautyMarket,Maquillage,Eyeliner,ABSOLUTE NEW YORK WATERPROOF GEL EYE LINER - TEAL NFB85,59.00,En stock,N/A,https://beautymarket.ma/products/absolute-new-york-waterproof-gel-eye-liner-teal
BeautyMarket,Maquillage,Eyeliner,MAYBELLINE NEW YORK TATTOO LINER PLAY SWITCH AS,93.00,En stock,N/A,https://beautymarket.ma/products/maybelline-new-york-tattoo-liner-play-switch-as
BeautyMarket,Maquillage,Eyeliner,MAYBELLINE NEW YORK TATTOO LINER PLAY PUNCH AS,93.00,En stock,N/A,https://beautymarket.ma/products/maybelline-new-york-tattoo-liner-play-punch-as
BeautyMarket,Maquillage,Eyeliner,REVOLUTION KOHL EYELINER WHITE,79.00,En stock,N/A,https://beautymarket.ma/products/revolution-kohl-eyeliner-white
BeautyMarket,Maquillage,Eyeliner,PASTEL - MATTE WP LASTING EYELINER 333,59.00,En stock,N/A,https://beautymarket.ma/products/pastel-matte-wp-lasting-eyeliner-333
BeautyMarket,Maquillage,Eyeliner,MAYBELLINE NEW YORK TATTOO LINER PLAY DEFEND AS,93.00,En stock,N/A,https://beautymarket.ma/products/maybelline-new-york-tattoo-liner-play-defend
BeautyMarket,Maquillage,Eyeliner,REVITALASH EYELINER DEFINING LINER NOIR,339.00,En stock,N/A,https://beautymarket.ma/products/revitalash-eyeliner-defining-liner-noir
BeautyMarket,Maquillage,Eyeliner,ABSOLUTE NEW YORK GLIDE ET GLAM GEL EYE LINER BRONW,49.00,En stock,N/A,https://beautymarket.ma/products/absolute-new-york-glide-et-glam-gel-eye-liner-bronw
BeautyMarket,Maquillage,Eyeliner,ABSOLUTE NEW YORK WATERPROOF GEL EYE LINER - DARK BROWN NFB83,59.00,En stock,N/A,https://beautymarket.ma/products/absolute-new-york-waterproof-gel-eye-liner-dark-brown-nfb83
BeautyMarket,Maquillage,Eyeliner,PASTEL - MATTE WP LASTING EYELINER 330,59.00,En stock,N/A,https://beautymarket.ma/products/pastel-matte-wp-lasting-eyeliner-330
BeautyMarket,Maquillage,Eyeliner,EYE CARE EYELINER FEUTRE NOIR,138.00,En stock,N/A,https://beautymarket.ma/products/eye-care-eyeliner-feutre-noir
BeautyMarket,Maquillage,Eyeliner,PASTEL PROFASHION ARTLINER PEN 01,89.00,En stock,N/A,https://beautymarket.ma/products/pastel-profashion-artliner-pen-01
BeautyMarket,Maquillage,Eyeliner,MAYBELLINE NEW YORK TATTOO LINER PLAY RIDE AS,93.00,En stock,N/A,https://beautymarket.ma/products/maybelline-new-york-tattoo-liner-play-ride-as
BeautyMarket,Maquillage,Eyeliner,MAYBELLINE NEW YORK TATTOO LINER PLAY DROP AS,93.00,En stock,N/A,https://beautymarket.ma/products/maybelline-new-york-tattoo-liner-play-drop-as
BeautyMarket,Maquillage,Eyeliner,ABSOLUTE NEW YORK INSANELY BLACK DRAWING FELT EYLINER FIRM TIP 0.8 ML,99.00,En stock,N/A,https://beautymarket.ma/products/absolute-new-york-insanely-black-drawing-felt-eyliner-mell01-firm-tip-0-8-ml
BeautyMarket,Maquillage,Eyeliner,PASTEL - MATTE WP LASTING EYELINER 336,59.00,En stock,N/A,https://beautymarket.ma/products/pastel-matte-wp-lasting-eyeliner-336
BeautyMarket,Maquillage,Eyeliner,PASTEL - MATTE WP LASTING EYELINER 334,59.00,En stock,N/A,https://beautymarket.ma/products/pastel-matte-wp-lasting-eyeliner-334
BeautyMarket,Maquillage,Eyeliner,ABSOLUTE NEW YORK WATERPROOF GEL EYELINER WHITE PEARL,65.00,En stock,N/A,https://beautymarket.ma/products/absolute-new-york-waterproof-gel-eyeliner-white-pearl
BeautyMarket,Maquillage,Eyeliner,ABSOLUTE NEW YORK GLIDE & GLAM GEL EYELINER WHITE PEARL,65.00,En stock,N/A,https://beautymarket.ma/products/absolute-new-york-glide-glam-gel-eyeliner-white-pearl
BeautyMarket,Maquillage,Eyeliner,MAYBELLINE NEW YORK TATTOO LINER PLAY SHAKE AS,93.00,En stock,N/A,https://beautymarket.ma/products/maybelline-new-york-tattoo-liner-play-shake-as
BeautyMarket,Maquillage,Eyeliner,ABSOLUTE NEW YORK INSANELY BLACK FLEX BRUSH EYELINER 0.8 ML,99.00,En stock,N/A,https://beautymarket.ma/products/absolute-new-york-insanely-black-flex-brush-eyeliner-0-8-ml
BeautyMarket,Maquillage,Eyeliner,ABSOLUTE NEW YORK GLIDE & GLAM GEL EYELINER ROSE GOLD,65.00,En stock,N/A,https://beautymarket.ma/products/absolute-new-york-glide-glam-gel-eyeliner-rose-gold
BeautyMarket,Maquillage,Eyeliner,REVITALASH EYELINER DEFINING LINER ARDOISE,300.00,En stock,N/A,https://beautymarket.ma/products/revitalash-eyeliner-defining-liner-ardoise
BeautyMarket,Maquillage,Crayon Yeux,MAYBELLINE NEW YORK - CRAYON THE COLOSSAL KAJAL - BLACK,45.00,En stock,N/A,https://beautymarket.ma/products/maybelline-new-york-crayon-the-colossal-kajal-black
BeautyMarket,Maquillage,Crayon Yeux,"LA ROCHE POSAY TOLERIANE CRAYON DOUCEUR YEUX SENSIBLES 1,0G",109.00,En stock,N/A,https://beautymarket.ma/products/la-roche-posay-toleriane-crayon-douceur-1-0-g
BeautyMarket,Maquillage,Crayon Yeux,MAYBELLINE NEW YORK - CRAYON THE COLOSSAL KAJAL À L'HUILE D'ARGAN - BLACK,65.00,En stock,N/A,https://beautymarket.ma/products/maybelline-new-york-crayon-the-colossal-kajal-a-lhuile-dargan-black
BeautyMarket,Maquillage,Crayon Yeux,MAYBELLINE TATTOO STUDIO SHARPENABLE GEL PENCIL BERRY BLISS,51.00,En stock,N/A,https://beautymarket.ma/products/maybelline-tattoo-studio-sharpenable-gel-pencil-berry-bliss
BeautyMarket,Maquillage,Crayon Yeux,MAYBELLINE TATTOO STUDIO SHARPENABLE GEL PENCIL GALACTIC COBALT,51.00,En stock,N/A,https://beautymarket.ma/products/maybelline-tattoo-studio-sharpenable-gel-pencil-galactic-cobalt
BeautyMarket,Maquillage,Crayon Yeux,MAYBELLINE TATTOO STUDIO SHARPENABLE GEL PENCIL VERT,51.00,En stock,N/A,https://beautymarket.ma/products/maybelline-tattoo-studio-sharpenable-gel-pencil-vert-1
BeautyMarket,Maquillage,Crayon Yeux,MAYBELLINE TATTOO LINER SHARPANABLE CRAYON GEL 823 AURORA FLIP,59.00,En stock,N/A,https://beautymarket.ma/products/maybelline-tattoo-liner-sharpanable-crayon-gel-823-aurora-flip
BeautyMarket,Maquillage,Crayon Yeux,MAYBELLINE TATTOO STUDIO SHARPENABLE GEL PENCIL POLISHED WHITE,51.00,En stock,N/A,https://beautymarket.ma/products/maybelline-tattoo-studio-sharpenable-gel-pencil
BeautyMarket,Maquillage,Crayon Yeux,MAYBELLINE TATTOO STUDIO SHARPENABLE GEL PENCIL BISCOTTI CREAM,51.00,En stock,N/A,https://beautymarket.ma/products/maybelline-tattoo-studio-sharpenable-gel-pencil-biscotti-cream
BeautyMarket,Maquillage,Crayon Yeux,MAYBELLINE TATTOO LINER GEL PENCIL EYELINER 822 SPACE GRAPH,59.00,En stock,N/A,https://beautymarket.ma/products/maybelline-tattoo-liner-gel-pencil-eyeliner-822-space-graph
BeautyMarket,Maquillage,Crayon Yeux,MAYBELLINE TATTOO LINER SHARPENABLE CRAYON GEL STARDUST CHROME 821,59.00,En stock,N/A,https://beautymarket.ma/products/maybelline-tattoo-liner-sharpenable-crayon-gel-stardust-chrome-821
BeautyMarket,Maquillage,Crayon Yeux,SO BIO CRAYON POUR LES YEUX N 1 NOIR INTENSE,109.00,En stock,N/A,https://beautymarket.ma/products/so-bio-crayon-pour-les-yeux-n-1-noir-intense
BeautyMarket,Maquillage,Crayon Yeux,MAYBELLINE TATTOO STUDIO SHARPENABLE GEL PENCIL 806 ARCTIC SKIES,51.00,En stock,N/A,https://beautymarket.ma/products/maybelline-tattoo-studio-sharpenable-gel-pencil-806-arctic-skies
BeautyMarket,Maquillage,Crayon Yeux,MAYBELLINE TATTOO STUDIO SHARPENABLE GEL PENCIL ULTRA PINK,51.00,En stock,N/A,https://beautymarket.ma/products/maybelline-tattoo-studio-sharpenable-gel-pencil-ultra-pink
BeautyMarket,Maquillage,Crayon Yeux,EYE CARE CRAYON LINER CONTOUR DES YEUX NOIR,99.00,En stock,N/A,https://beautymarket.ma/products/eye-care-crayon-noir
BeautyMarket,Maquillage,Crayon Yeux,EYE CARE CRAYON LINER CONTOUR DES YEUX BRUN,99.00,En stock,N/A,https://beautymarket.ma/products/eye-care-crayon-brun
BeautyMarket,Maquillage,Crayon Yeux,ABSOLUTE NEW YORK PACK MASCARA + LIPSTICK = EYEBROW OFFERT,249.00,En stock,N/A,https://beautymarket.ma/products/absolute-new-york-pack-eyeliner-mascara-lipstick-eyebrow-offert
BeautyMarket,Maquillage,Crayon Yeux,EYE CARE CRAYON LINER CONTOUR DES YEUX OLIVE,99.00,En stock,N/A,https://beautymarket.ma/products/eye-care-crayon-olive
BeautyMarket,Maquillage,Crayon Yeux,EYE CARE CRAYON LINER CONTOUR DES YEUX VERT JAD,99.00,En stock,N/A,https://beautymarket.ma/products/eye-care-crayon-vert-jad
BeautyMarket,Maquillage,Crayon Yeux,EYE CARE TAILLE CRAYON COSMÉTIQUE JUMBO,56.00,En stock,N/A,https://beautymarket.ma/products/eye-care-taille-crayon-cosmetique-jumbo
BeautyMarket,Maquillage,Crayon Yeux,EYE CARE CRAYON LINER CONTOUR DES YEUX OUTREMER,99.00,En stock,N/A,https://beautymarket.ma/products/eye-care-crayon-outremer
BeautyMarket,Maquillage,Crayon Yeux,EYE CARE CRAYON LINER CONTOUR DES YEUX AIGUE MARINE,99.00,En stock,N/A,https://beautymarket.ma/products/eye-care-crayon-aigue-marine
BeautyMarket,Maquillage,Crayon Yeux,EYE CARE CRAYON LINER CONTOUR DES YEUX TURQUOISE,99.00,En stock,N/A,https://beautymarket.ma/products/eye-care-crayon-turquoise
BeautyMarket,Maquillage,Crayon Yeux,EYE CARE CRAYON LINER CONTOUR DES YEUX EMERAUDE,99.00,En stock,N/A,https://beautymarket.ma/products/eye-care-crayon-emeraude
BeautyMarket,Maquillage,Crayon Yeux,EYE CARE CRAYON LINER CONTOUR DES YEUX BLANC,99.00,En stock,N/A,https://beautymarket.ma/products/eye-care-crayon-blanc
BeautyMarket,Maquillage,Crayon Yeux,EYE CARE CRAYON LINER CONTOUR DES YEUX LILAS,99.00,En stock,N/A,https://beautymarket.ma/products/eye-care-crayon-lilas
BeautyMarket,Maquillage,Crayon Yeux,EYE CARE CRAYON LINER CONTOUR DES YEUX CIEL,99.00,En stock,N/A,https://beautymarket.ma/products/eye-care-crayon-ciel
BeautyMarket,Maquillage,Rouge A Levres,L'ORÉAL PARIS-INFAILLIBLE MATTE RESISTANCE - ROUGE À LÈVRES,169.00,En stock,N/A,https://beautymarket.ma/products/loreal-paris-infaillible-matte-resistance-rouge-a-levres
BeautyMarket,Maquillage,Rouge A Levres,L'ORÉAL PARIS-INFAILLIBLE LIQUIDE RESISTANCE - ROUGE À LÈVRES 520 BERRY BORDEAUX = MINI MASCARA + TROUSSE OFFERTES,169.00,En stock,N/A,https://beautymarket.ma/products/loreal-paris-infaillible-matte-resistance-rouge-a-levres-520-berry-bordeaux-mini-mascara-trousse-offertes
BeautyMarket,Maquillage,Rouge A Levres,MAYBELLINE NEW YORK - BRILLANT À LÈVRES SUPERSTAY VINYL INK 120 PUNCHY,145.00,En stock,N/A,https://beautymarket.ma/products/maybelline-new-york-brillant-a-levres-superstay-vinyl-ink-120-punchy-mascara-offert
BeautyMarket,Maquillage,Rouge A Levres,L’ORÉAL PARIS COLOR RICHE INTENSE VOLUME MATTE,139.00,En stock,N/A,https://beautymarket.ma/products/color-rich-volume-matte-188-rose-activist
BeautyMarket,Maquillage,Rouge A Levres,MAYBELLINE NEW YORK - BRILLANT À LÈVRES SUPERSTAY VINYL INK 35 CHEEKY,145.00,En stock,N/A,https://beautymarket.ma/products/maybelline-new-york-brillant-a-levres-superstay-vinyl-ink-35-cheeky-mascara-offert
BeautyMarket,Maquillage,Rouge A Levres,MAYBELLINE NEW YORK - ROUGE À LÈVRE MAT LIQUIDE SUPERSTAY MATTE INK 65 SEDUCTRES,149.00,En stock,N/A,https://beautymarket.ma/products/maybelline-new-york-rouge-a-levre-mat-liquide-superstay-matte-ink-seductres-mini-mascara-offert
BeautyMarket,Maquillage,Rouge A Levres,L'ORÉAL PARIS-INFAILLIBLE LIQUIDE RESISTANCE - ROUGE À LÈVRES 601 WORTH IT = MINI MASCARA + TROUSSE OFFERTES,169.00,En stock,N/A,https://beautymarket.ma/products/loreal-paris-infaillible-matte-resistance-rouge-a-levres-601-worth-it-mini-mascara-offert
BeautyMarket,Maquillage,Rouge A Levres,MAYBELLINE NEW YORK - BRILLANT À LÈVRES SUPERSTAY VINYL INK 15 PEACHY,145.00,En stock,N/A,https://beautymarket.ma/products/maybelline-new-york-brillant-a-levres-superstay-vinyl-ink-15-peachy-mascara-offert
BeautyMarket,Maquillage,Rouge A Levres,MAYBELLINE NEW YORK - ROUGE À LÈVRE MAT LIQUIDE SUPERSTAY MATTE INK 15 LOVER,149.00,En stock,N/A,https://beautymarket.ma/products/maybelline-new-york-rouge-a-levre-mat-liquide-superstay-matte-ink-lover-mini-mascara-offert
BeautyMarket,Maquillage,Rouge A Levres,L'ORÉAL PARIS-INFAILLIBLE LIQUIDE RESISTANCE - ROUGE À LÈVRES 420 TRUE ROMANCE = MINI MASCARA + TROUSSE OFFERTES,169.00,En stock,N/A,https://beautymarket.ma/products/loreal-paris-infaillible-matte-resistance-rouge-a-levres-420-true-romance-mini-mascara-offert
BeautyMarket,Maquillage,Rouge A Levres,MAYBELLINE NEW YORK - ROUGE À LÈVRE MAT LIQUIDE SUPER STAY MATTE INK 20 PIONNER,149.00,En stock,N/A,https://beautymarket.ma/products/maybelline-new-york-rouge-a-levre-mat-liquide-superstay-matte-ink-pionner-mini-mascara-offert
BeautyMarket,Maquillage,Rouge A Levres,MAYBELLINE NEW YORK - BRILLANT À LÈVRES SUPERSTAY VINYL INK 10 LIPPY,145.00,En stock,N/A,https://beautymarket.ma/products/maybelline-new-york-brillant-a-levres-superstay-vinyl-ink-10-lippy-1
BeautyMarket,Maquillage,Rouge A Levres,MAYBELLINE NEW YORK - BRILLANT À LÈVRES SUPERSTAY VINYL INK 20 COY,145.00,En stock,N/A,https://beautymarket.ma/products/maybelline-new-york-brillant-a-levres-superstay-vinyl-ink-20-coy-mascara-offert
BeautyMarket,Maquillage,Rouge A Levres,MAYBELLINE NEW YORK - BRILLANT À LÈVRES SUPERSTAY VINYL INK 100 CHARMED,145.00,En stock,N/A,https://beautymarket.ma/products/maybelline-new-york-brillant-a-levres-superstay-vinyl-ink-100-charmed
BeautyMarket,Maquillage,Rouge A Levres,MAYBELLINE NEW YORK - BRILLANT À LÈVRES SUPERSTAY VINYL INK 110 AWESTRUCK,145.00,En stock,N/A,https://beautymarket.ma/products/maybelline-new-york-brillant-a-levres-superstay-vinyl-ink-110-awestruck
BeautyMarket,Maquillage,Rouge A Levres,MAYBELLINE SUPER STAY VINYL INK LIQUID LIP COLOR LTD EDITION MUSIC COL,148.00,En stock,N/A,https://beautymarket.ma/products/maybelline-super-stay-vinyl-ink-liquid-lip-color-ltd-edition-music-collection
BeautyMarket,Maquillage,Rouge A Levres,ABSOLUTE NEW YORK MATCH MAKER FIRST MOVE,99.00,En stock,N/A,https://beautymarket.ma/products/absolute-new-york-match-maker-first-move
BeautyMarket,Maquillage,Rouge A Levres,MAYBELLINE NEW YORK - ROUGE À LÈVRE MAT LIQUIDE SUPERSTAY MATTE INK 70 AMAZONIAN,149.00,En stock,N/A,https://beautymarket.ma/products/maybelline-new-york-rouge-a-levre-mat-liquide-superstay-matte-ink-amazonian-mini-mascara-offert
BeautyMarket,Maquillage,Rouge A Levres,MAYBELLINE NEW YORK - BRILLANT À LÈVRES SUPERSTAY VINYL INK 55 ROYAL,145.00,En stock,N/A,https://beautymarket.ma/products/maybelline-new-york-brillant-a-levres-superstay-vinyl-ink-55-royal
BeautyMarket,Maquillage,Rouge A Levres,MAYBELLINE NEW YORK - BRILLANT À LÈVRES SUPERSTAY VINYL INK 40 WITTY,145.00,En stock,N/A,https://beautymarket.ma/products/maybelline-new-york-brillant-a-levres-superstay-vinyl-ink-40-witty-1
BeautyMarket,Maquillage,Rouge A Levres,MAYBELLINE NEW YORK - ROUGE À LÈVRE MAT LIQUIDE SUPERSTAY MATTE INK 175 RINGLE,149.00,En stock,N/A,https://beautymarket.ma/products/maybelline-new-york-rouge-a-levre-mat-liquide-superstay-matte-ink-175-ringle
BeautyMarket,Maquillage,Rouge A Levres,"MAYBELLINE NEW YORK, SUPERSTAY MATTE INK LIPSTICK - MUSIC COLLECTION LIMITED EDITION",109.00,En stock,N/A,https://beautymarket.ma/products/maybelline-new-york-superstay-matte-ink-lipstick-music-collection-limited-edition
BeautyMarket,Maquillage,Rouge A Levres,MAYBELLINE NEW YORK - BRILLANT À LÈVRES SUPERSTAY VINYL INK 135 FEARLESS,145.00,En stock,N/A,https://beautymarket.ma/products/maybelline-new-york-brillant-a-levres-superstay-vinyl-ink-135-fearless
BeautyMarket,Maquillage,Rouge A Levres,MAYBELLINE NEW YORK - BRILLANT À LÈVRES SUPERSTAY VINYL INK 125 KEEN,145.00,En stock,N/A,https://beautymarket.ma/products/maybelline-new-york-brillant-a-levres-superstay-vinyl-ink-125-keen
BeautyMarket,Maquillage,Rouge A Levres,ABSOLUTE NEW YORK MATCH MAKER FIRST KISS,99.00,En stock,N/A,https://beautymarket.ma/products/absolute-new-york-match-maker-first-kiss
BeautyMarket,Maquillage,Rouge A Levres,MAYBELLINE NEW YORK - ROUGE À LÈVRE MAT LIQUIDE SUPERSTAY MATTE INK 75 FIGHTER,149.00,En stock,N/A,https://beautymarket.ma/products/maybelline-new-york-rouge-a-levre-mat-liquide-superstay-matte-ink-75-fighter
BeautyMarket,Maquillage,Rouge A Levres,MAYBELLINE NEW YORK - BRILLANT À LÈVRES SUPERSTAY VINYL INK 155 UPBEAT,145.00,En stock,N/A,https://beautymarket.ma/products/maybelline-new-york-brillant-a-levres-superstay-vinyl-ink-155-upbeat
BeautyMarket,Maquillage,Rouge A Levres,ABSOLUTE NEW YORK MATCH MAKER BLIND DATE,99.00,En stock,N/A,https://beautymarket.ma/products/absolute-new-york-match-maker-blind-date
BeautyMarket,Maquillage,Rouge A Levres,MAYBELLINE NEW YORK - ROUGE À LÈVRE MAT LIQUIDE SUPERSTAY MATTE INK 155 SAVANT,149.00,En stock,N/A,https://beautymarket.ma/products/maybelline-new-york-rouge-a-levre-mat-liquide-superstay-matte-ink-155-savant
BeautyMarket,Maquillage,Rouge A Levres,MAYBELLINE NEW YORK - BRILLANT À LÈVRES SUPERSTAY VINYL INK 160 SULTRY,145.00,En stock,N/A,https://beautymarket.ma/products/maybelline-new-york-brillant-a-levres-superstay-vinyl-ink-160-sultry
BeautyMarket,Maquillage,Rouge A Levres,MAYBELLINE NEW YORK - ROUGE À LÈVRE MAT LIQUIDE SUPERSTAY MATTE INK 180 REVOLU,149.00,En stock,N/A,https://beautymarket.ma/products/maybelline-new-york-rouge-a-levre-mat-liquide-superstay-matte-ink-180-revolu
BeautyMarket,Maquillage,Rouge A Levres,MAYBELLINE NEW YORK - ROUGE À LÈVRE MAT LIQUIDE SUPERSTAY MATTE INK 165 SUCCESSFUL,149.00,En stock,N/A,https://beautymarket.ma/products/maybelline-new-york-rouge-a-levre-mat-liquide-superstay-matte-ink-165-successful
BeautyMarket,Maquillage,Rouge A Levres,MAYBELLINE NEW YORK - BRILLANT À LÈVRES SUPERSTAY VINYL INK 145 ROGUE,145.00,En stock,N/A,https://beautymarket.ma/products/maybelline-new-york-brillant-a-levres-superstay-vinyl-ink-145-rogue
BeautyMarket,Maquillage,Rouge A Levres,MAYBELLINE NEW YORK - ROUGE À LÈVRE MAT LIQUIDE SUPERSTAY MATTE INK 50 VOYAGER,149.00,En stock,N/A,https://beautymarket.ma/products/maybelline-new-york-rouge-a-levre-mat-liquide-superstay-matte-ink-50-voyager
BeautyMarket,Maquillage,Rouge A Levres,MAYBELLINE NEW YORK - BRILLANT À LÈVRES SUPERSTAY VINYL INK 30 UNRIVALED,145.00,En stock,N/A,https://beautymarket.ma/products/maybelline-new-york-brillant-a-levres-superstay-vinyl-ink-30-unrivaled-1
BeautyMarket,Maquillage,Rouge A Levres,MAYBELLINE NEW YORK - BRILLANT À LÈVRES SUPERSTAY VINYL INK 105 GOLDEN,145.00,En stock,N/A,https://beautymarket.ma/products/maybelline-new-york-brillant-a-levres-superstay-vinyl-ink-105-golden
BeautyMarket,Maquillage,Rouge A Levres,MAYBELLINE NEW YORK - ROUGE À LÈVRE MAT LIQUIDE SUPERSTAY MATTE INK 170 INITIATIATOR,149.00,En stock,N/A,https://beautymarket.ma/products/maybelline-new-york-rouge-a-levre-mat-liquide-superstay-matte-ink-170-initiatiator-mini-mascara-offert
BeautyMarket,Maquillage,Rouge A Levres,MAYBELLINE NEW YORK - BRILLANT À LÈVRES SUPERSTAY VINYL INK 25 RED-HOT,145.00,En stock,N/A,https://beautymarket.ma/products/maybelline-new-york-brillant-a-levres-superstay-vinyl-ink-25-red-hot
BeautyMarket,Maquillage,Rouge A Levres,MAYBELLINE NEW YORK - ROUGE À LÈVRE MAT LIQUIDE SUPERSTAY MATTE INK 340 EXHILARATOR,149.00,En stock,N/A,https://beautymarket.ma/products/maybelline-new-york-rouge-a-levre-mat-liquide-superstay-matte-ink-340-exhilarator
BeautyMarket,Maquillage,Rouge A Levres,ABSOLUTE NEW YORK LIP DUO OLD HOLLYWOOD,89.00,En stock,N/A,https://beautymarket.ma/products/absolute-new-york-lip-duo-old-hollywood
BeautyMarket,Maquillage,Rouge A Levres,ABSOLUTE NEW YORK LIP DUO SUGAR & SPICE,89.00,En stock,N/A,https://beautymarket.ma/products/absolute-new-york-lip-duo-sugar-spice
BeautyMarket,Maquillage,Rouge A Levres,MAYBELLINE NEW YORK - ROUGE À LÈVRE MAT LIQUIDE SUPERSTAY MATTE INK 35 CREATOR,149.00,En stock,N/A,https://beautymarket.ma/products/maybelline-new-york-rouge-a-levre-mat-liquide-superstay-matte-ink-35-creator
BeautyMarket,Maquillage,Rouge A Levres,MAYBELLINE COFFRET NEW YORK – PLAY IT BOLD,155.00,En stock,N/A,https://beautymarket.ma/products/maybelline-coffret-new-york-play-it-bold
BeautyMarket,Maquillage,Rouge A Levres,MAYBELLINE NEW YORK - ROUGE À LÈVRE MAT LIQUIDE SUPERSTAY MATTE INK 130 SELF-STARTER,149.00,En stock,N/A,https://beautymarket.ma/products/maybelline-new-york-rouge-a-levre-mat-liquide-superstay-matte-ink-130-self-starter
BeautyMarket,Maquillage,Rouge A Levres,ABSOLUTE NEW YORK LIP DUO SWEET HAZE,89.00,En stock,N/A,https://beautymarket.ma/products/absolute-new-york-lip-duo-sweet-haze
BeautyMarket,Maquillage,Rouge A Levres,MAYBELLINE NEW YORK - ROUGE À LÈVRE MAT LIQUIDE SUPERSTAY MATTE INK 80,149.00,En stock,N/A,https://beautymarket.ma/products/maybelline-new-york-rouge-a-levre-mat-liquide-superstay-matte-ink-80-ruller
BeautyMarket,Maquillage,Rouge A Levres,MAYBELLINE NEW YORK - ROUGE À LÈVRE MAT LIQUIDE SUPERSTAY MATTE INK 150 PATHFINDER,149.00,En stock,N/A,https://beautymarket.ma/products/maybelline-new-york-rouge-a-levre-mat-liquide-superstay-matte-ink-150-pathfinder
BeautyMarket,Maquillage,Rouge A Levres,MAYBELLINE NEW YORK - ROUGE À LÈVRE MAT LIQUIDE SUPERSTAY MATTE INK 125 INSPIRER,149.00,En stock,N/A,https://beautymarket.ma/products/maybelline-new-york-rouge-a-levre-mat-liquide-superstay-matte-ink-125-inspirer
BeautyMarket,Maquillage,Rouge A Levres,MAYBELLINE NEW YORK - ROUGE À LÈVRE MAT LIQUIDE SUPERSTAY MATTE INK 325 SHOTCALLER,149.00,En stock,N/A,https://beautymarket.ma/products/maybelline-new-york-rouge-a-levre-mat-liquide-superstay-matte-ink-325-shotcaller
BeautyMarket,Maquillage,Rouge A Levres,PASTEL DAYLONG LIPCOLOR KISSPROOF 29,119.00,En stock,N/A,https://beautymarket.ma/products/pastel-daylong-lipcolor-kissproof-29
BeautyMarket,Maquillage,Rouge A Levres,MAYBELLINE NEW YORK - ROUGE À LÈVRE MAT LIQUIDE SUPERSTAY MATTE INK 140 SOLOIST,149.00,En stock,N/A,https://beautymarket.ma/products/maybelline-new-york-rouge-a-levre-mat-liquide-superstay-matte-ink-140-soloist
BeautyMarket,Maquillage,Rouge A Levres,MAYBELLINE NEW YORK - BRILLANT À LÈVRES SUPERSTAY VINYL INK 150 STRIKI,145.00,En stock,N/A,https://beautymarket.ma/products/maybelline-new-york-brillant-a-levres-superstay-vinyl-ink-150-striking
BeautyMarket,Maquillage,Rouge A Levres,MAYBELLINE NEW YORK - ROUGE À LÈVRE MAT LIQUIDE SUPERSTAY MATTE INK 515 RENEGADE,149.00,En stock,N/A,https://beautymarket.ma/products/maybelline-new-york-rouge-a-levre-mat-liquide-superstay-matte-ink-515-renegade
BeautyMarket,Maquillage,Rouge A Levres,ABSOLUTE NEW YORK LIP DUO NAKED OMBRE,89.00,En stock,N/A,https://beautymarket.ma/products/absolute-new-york-lip-duo-naked-ombre
BeautyMarket,Maquillage,Rouge A Levres,MAYBELLINE NEW YORK - ROUGE À LÈVRE MAT LIQUIDE SUPERSTAY MATTE INK 320 INDIVIDUALIST,149.00,En stock,N/A,https://beautymarket.ma/products/maybelline-new-york-rouge-a-levre-mat-liquide-superstay-matte-ink-320-individualist
BeautyMarket,Maquillage,Rouge A Levres,PASTEL DAYLONG LIPCOLOR KISSPROOF 51,119.00,En stock,N/A,https://beautymarket.ma/products/pastel-daylong-lipcolor-kissproof-51
BeautyMarket,Maquillage,Rouge A Levres,MAYBELLINE NEW YORK - ROUGE À LÈVRE MAT LIQUIDE SUPERSTAY MATTE INK 520 CHAMPION,149.00,En stock,N/A,https://beautymarket.ma/products/maybelline-new-york-rouge-a-levre-mat-liquide-superstay-matte-ink-520-champion
BeautyMarket,Maquillage,Rouge A Levres,ABSOLUTE NEW YORK LIP DUO ROSE WOOD,89.00,En stock,N/A,https://beautymarket.ma/products/absolute-new-york-lip-duo-rose-wood
BeautyMarket,Maquillage,Rouge A Levres,REVOLUTION LIP ALLURE SOFT SATIN LIPSTICK MATERIAL GIRL WINE,99.00,En stock,N/A,https://beautymarket.ma/products/revolution-lip-allure-soft-satin-lipstick-material-girl-wine
BeautyMarket,Maquillage,Rouge A Levres,REVOLUTION LIP ALLURE SOFT SATIN LIPSTICK DIVINE BROWN,99.00,En stock,N/A,https://beautymarket.ma/products/revolution-lip-allure-soft-satin-lipstick-divine-brown
BeautyMarket,Maquillage,Rouge A Levres,MAYBELLINE NEW YORK - BRILLANT À LÈVRES SUPERSTAY VINYL SAUCE LTD 190,145.00,En stock,N/A,https://beautymarket.ma/products/maybelline-new-york-brillant-a-levres-superstay-vinyl-sauce-ltd-190
BeautyMarket,Maquillage,Rouge A Levres,ABSOLUTE NEW YORK LIP DUO CANDIED APPLE,89.00,En stock,N/A,https://beautymarket.ma/products/absolute-new-york-lip-duo-candied-apple
BeautyMarket,Maquillage,Rouge A Levres,PASTEL DAYLONG LIPCOLOR KISSPROOF 28,119.00,En stock,N/A,https://beautymarket.ma/products/pastel-daylong-lipcolor-kissproof-28
BeautyMarket,Maquillage,Rouge A Levres,ABSOLUTE NEW YORK LIP DUO MALTED CHAI,89.00,En stock,N/A,https://beautymarket.ma/products/absolute-new-york-lip-duo-malted-chai
BeautyMarket,Maquillage,Rouge A Levres,MAYBELLINE SUPERSTAY MATTE INK CHARMER N°510,139.00,En stock,N/A,https://beautymarket.ma/products/maybelline-superstay-matte-ink-charmer-n-510
BeautyMarket,Maquillage,Rouge A Levres,MAYBELLINE NEW YORK - BRILLANT À LÈVRES SUPERSTAY VINYL SAUCE LTD 210,145.00,En stock,N/A,https://beautymarket.ma/products/maybelline-new-york-brillant-a-levres-superstay-vinyl-sauce-ltd-210
BeautyMarket,Maquillage,Rouge A Levres,ABSOLUTE NEW YORK LIP DUO LUSH LILAC,89.00,En stock,N/A,https://beautymarket.ma/products/absolute-new-york-lip-duo-lush-lilac
BeautyMarket,Maquillage,Rouge A Levres,EYE CARE ROUGE À LÈVRES JUMBO 3.15G DESIR,159.00,En stock,N/A,https://beautymarket.ma/products/eye-care-rouge-a-levres-jumbo-3-15g-desir
BeautyMarket,Maquillage,Rouge A Levres,MAYBELLINE NEW YORK - BRILLANT À LÈVRES SUPERSTAY VINYL SAUCE LTD 195,145.00,En stock,N/A,https://beautymarket.ma/products/maybelline-new-york-brillant-a-levres-superstay-vinyl-sauce-ltd-195
BeautyMarket,Maquillage,Rouge A Levres,MAYBELLINE NEW YORK - BRILLANT À LÈVRES SUPERSTAY VINYL SAUCE 185 CARAMEL,145.00,En stock,N/A,https://beautymarket.ma/products/maybelline-new-york-brillant-a-levres-superstay-vinyl-sauce-ltd-185-caramel
BeautyMarket,Maquillage,Rouge A Levres,EYE CARE ROUGE À LÈVRES JUMBO 3.15G PITAYA,159.00,En stock,N/A,https://beautymarket.ma/products/eye-care-rouge-a-levres-jumbo-3-15g-pitaya
BeautyMarket,Maquillage,Rouge A Levres,EYE CARE ROUGE À LÈVRES JUMBO 3.15G COGNAC,159.00,En stock,N/A,https://beautymarket.ma/products/eye-care-rouge-a-levres-jumbo-3-15g-cognac
BeautyMarket,Maquillage,Rouge A Levres,EYE CARE ROUGE À LÈVRES JUMBO 3.15G GROSEILLE,159.00,En stock,N/A,https://beautymarket.ma/products/eye-care-rouge-a-levres-jumbo-3-15g-groseille
BeautyMarket,Maquillage,Rouge A Levres,EYE CARE ROUGE À LÈVRES JUMBO 3.15G SIENNA,159.00,En stock,N/A,https://beautymarket.ma/products/eye-care-rouge-a-levres-jumbo-3-15g-sienna
BeautyMarket,Maquillage,Rouge A Levres,EYE CARE ROUGE À LÈVRES JUMBO 3.15G MYSTERE,159.00,En stock,N/A,https://beautymarket.ma/products/eye-care-rouge-a-levres-jumbo-3-15g-mystere
BeautyMarket,Maquillage,Rouge A Levres,"MAYBELLINE NEW YORK SUPERSTAY TEDDY TINT BLUSH À LÈVRES – PACK DE 3 TEINTES 25,40,55",297.00,En stock,N/A,https://beautymarket.ma/products/maybelline-new-york-superstay-teddy-tint-blush-a-levres-pack-de-3-teintes-25-40-55
BeautyMarket,Maquillage,Rouge A Levres,"MAYBELLINE NEW YORK SUPERSTAY TEDDY TINT BLUSH À LÈVRES – PACK DE 3 TEINTES 25,30,35",297.00,En stock,N/A,https://beautymarket.ma/products/maybelline-new-york-superstay-teddy-tint-blush-a-levres-pack-de-3-teintes-25-30-35
BeautyMarket,Maquillage,Rouge A Levres,MAYBELLINE NEW YORK - ROUGE À LÈVRE MAT LIQUIDE SUPERSTAY MATTE INK 118 DANCER,149.00,En stock,N/A,https://beautymarket.ma/products/maybelline-new-york-rouge-a-levre-mat-liquide-superstay-matte-ink-118-dancer
BeautyMarket,Maquillage,Rouge A Levres,MAYBELLINE NEW YORK - BRILLANT À LÈVRES SUPERSTAY VINYL SAUCE LTD 205,145.00,En stock,N/A,https://beautymarket.ma/products/maybelline-new-york-brillant-a-levres-superstay-vinyl-sauce-ltd-205
BeautyMarket,Maquillage,Rouge A Levres,MAYBELLINE NEW YORK - BRILLANT À LÈVRES SUPERSTAY VINYL SAUCE LTD 200,145.00,En stock,N/A,https://beautymarket.ma/products/maybelline-new-york-brillant-a-levres-superstay-vinyl-sauce-ltd-200
BeautyMarket,Maquillage,Gloss,MAYBELLINE LIFTER GLOSS À LÈVRES REPULPANT 005 PETAL,159.00,En stock,N/A,https://beautymarket.ma/products/maybelline-lifter-gloss-a-levres-repulpant-005-petal
BeautyMarket,Maquillage,Gloss,MAYBELLINE LIFTER GLOSS À LÈVRES REPULPANT 004 SILK,159.00,En stock,N/A,https://beautymarket.ma/products/maybelline-lifter-gloss-a-levres-repulpant-004-silk
BeautyMarket,Maquillage,Gloss,L'ORÉAL PARIS -GLOSS BRILLIANT SIGNATURE PLUMP,169.00,En stock,N/A,https://beautymarket.ma/products/gloss-brilliant-signature-plump
BeautyMarket,Maquillage,Gloss,MAYBELLINE LIFTER GLOSS À LÈVRES REPULPANT 008 STONE,159.00,En stock,N/A,https://beautymarket.ma/products/maybelline-lifter-gloss-a-levres-repulpant-008-stone-1
BeautyMarket,Maquillage,Gloss,MAYBELLINE LIFTER PLUMP 006 HOT CHILI,139.00,En stock,N/A,https://beautymarket.ma/products/maybelline-lifter-plump-006-hot-chili
BeautyMarket,Maquillage,Gloss,MAYBELLINE LIFTER GLOSS À LÈVRES REPULPANT 007 AMBER,159.00,En stock,N/A,https://beautymarket.ma/products/maybelline-lifter-gloss-a-levres-repulpant-007-amber
BeautyMarket,Maquillage,Gloss,MAYBELLINE LIFTER GLOSS À LÈVRES REPULPANT 004 SILK + LIFTER LINER OUT OF LINE 04,198.00,En stock,N/A,https://beautymarket.ma/products/maybelline-lifter-gloss-a-levres-repulpant-004-silk-lifter-liner-out-of-line-04
BeautyMarket,Maquillage,Gloss,SHOW BY PASTEL SHOW YOUR MAGIC GLOSS COLOR CHANGING 01,49.00,En stock,N/A,https://beautymarket.ma/products/pastel-show-your-magic-gloss-color-changing
BeautyMarket,Maquillage,Gloss,MAYBELLINE LIFTER PLUMP 005 PEACH FEVER,139.00,En stock,N/A,https://beautymarket.ma/products/maybelline-lifter-plump-005-peach-fever
BeautyMarket,Maquillage,Gloss,MAYBELLINE LIFTER PLUMP 003 PINK STING,139.00,En stock,N/A,https://beautymarket.ma/products/maybelline-lifter-plump-003-pink-sting
BeautyMarket,Maquillage,Gloss,MAYBELLINE LIFTER GLOSS À LÈVRES REPULPANT 029,159.00,En stock,N/A,https://beautymarket.ma/products/maybelline-lifter-gloss-a-levres-repulpant-029
BeautyMarket,Maquillage,Gloss,MAYBELLINE COFFRET GLOW IN LOVE LIFTER GLOSS 005 + SUNKISSER 06 + MINI FIREWORK,219.00,En stock,N/A,https://beautymarket.ma/products/maybelline-coffret-glow-in-love-lifter-gloss-005-sunkisser-06-mini-firework
BeautyMarket,Maquillage,Gloss,MAYBELLINE LIFTER PLUMP 001 BLUSH BLAZE,139.00,En stock,N/A,https://beautymarket.ma/products/maybelline-lifter-plump-001-blush-blaze
BeautyMarket,Maquillage,Gloss,MAYBELLINE LIFTER GLOSS À LÈVRES REPULPANT 027,159.00,En stock,N/A,https://beautymarket.ma/products/maybelline-lifter-gloss-a-levres-repulpant-027
BeautyMarket,Maquillage,Gloss,MAYBELLINE LIFTER GLOSS À LÈVRES REPULPANT 002 ICE,159.00,En stock,N/A,https://beautymarket.ma/products/maybelline-lifter-gloss-a-levres-repulpant-002-ice
BeautyMarket,Maquillage,Gloss,MAYBELLINE LIFTER GLOSS À LÈVRES REPULPANT 028,159.00,En stock,N/A,https://beautymarket.ma/products/maybelline-lifter-gloss-a-levres-repulpant-028
BeautyMarket,Maquillage,Gloss,MAYBELLINE LIFTER GLOSS À LÈVRES REPULPANT 007 AMBER + LIFTER LINER NU 001 CROSS THE LINE,200.00,En stock,N/A,https://beautymarket.ma/products/maybelline-lifter-gloss-a-levres-repulpant-007-amber-lifter-liner-nu-001-cross-the-line
BeautyMarket,Maquillage,Gloss,PASTEL SHOW YOUR LUMOS CLEAR GLOSS,49.00,En stock,N/A,https://beautymarket.ma/products/pastel-show-your-lumos-clear-gloss
BeautyMarket,Maquillage,Gloss,MAYBELLINE LIFTER GLOSS À LÈVRES REPULPANT 026,159.00,En stock,N/A,https://beautymarket.ma/products/maybelline-lifter-gloss-a-levres-repulpant-02506
BeautyMarket,Maquillage,Gloss,MAYBELLINE LIFTER GLOSS À LÈVRES REPULPANT 002 ICE = LIP LINER 006 LINE LEADER,199.00,En stock,N/A,https://beautymarket.ma/products/maybelline-lifter-gloss-a-levres-repulpant-002-ice-lip-liner-006-line-leader
BeautyMarket,Maquillage,Gloss,MAYBELLINE PACK LIFTER GLOSS À LÈVRES REPULPANT 005 PETAL + LIFTER LIP LINER 009 PEAKING,199.00,En stock,N/A,https://beautymarket.ma/products/maybelline-pack-lifter-gloss-a-levres-repulpant-005-petal-lifter-lip-liner-009-peaking-1
BeautyMarket,Maquillage,Gloss,L'ORÉAL PARIS LIP OIL PLUMP AMBITION 601 WORTH IT,179.00,En stock,N/A,https://beautymarket.ma/products/loreal-paris-lip-oil-plump-ambition-601-worth-it
BeautyMarket,Maquillage,Gloss,L'ORÉAL PARIS LIP OIL PLUMP AMBITION 201 MILKY NU,179.00,En stock,N/A,https://beautymarket.ma/products/loreal-paris-lip-oil-plump-ambition-201-milky-nu
BeautyMarket,Maquillage,Gloss,ABSOLUTE NEW YORK GLOSS SLICK BAUME TEINTE BUBBLEGUM 12ML,119.00,En stock,N/A,https://beautymarket.ma/products/absolute-new-york-gloss-slick-baume-teinte-bubblegum-12ml
BeautyMarket,Maquillage,Gloss,L'ORÉAL PARIS LIP OIL PLUMP AMBITION 101 CRISTAL CLEAR,179.00,En stock,N/A,https://beautymarket.ma/products/loreal-paris-plump-ambition-101-cristal-clear
BeautyMarket,Maquillage,Gloss,L'ORÉAL PARIS LIP OIL PLUMP AMBITION 485 WINE O'CLOCK,179.00,En stock,N/A,https://beautymarket.ma/products/loreal-paris-lip-oil-plump-ambition-485-wine-oclock
BeautyMarket,Maquillage,Gloss,L'ORÉAL PARIS LIP OIL PLUMP AMBITION 380 ROUGE IN LOVE,179.00,En stock,N/A,https://beautymarket.ma/products/loreal-paris-lip-oil-plump-ambition-380-rouge-in-love
BeautyMarket,Maquillage,Gloss,L'ORÉAL PARIS LIP OIL PLUMP AMBITION 641 LATTE GLACE,179.00,En stock,N/A,https://beautymarket.ma/products/loreal-paris-lip-oil-plump-ambition-641-latte-glace
BeautyMarket,Maquillage,Gloss,ABSOLUTE NEW YORK GLOSS SLICK BAUME TEINTE VANILLA BEAN 12ML,119.00,En stock,N/A,https://beautymarket.ma/products/absolute-new-york-gloss-slick-baume-teinte-vanilla-12ml
BeautyMarket,Maquillage,Gloss,L'ORÉAL PARIS LIP OIL PLUMP AMBITION 650 NUDE MACARON,179.00,En stock,N/A,https://beautymarket.ma/products/loreal-paris-lip-oil-plump-ambition-650-nude-macaron
BeautyMarket,Maquillage,Gloss,L'ORÉAL PARIS LIP OIL PLUMP AMBITION 490 BERRY JOLIE,179.00,En stock,N/A,https://beautymarket.ma/products/loreal-paris-lip-oil-plump-ambition-490-berry-jolie
BeautyMarket,Maquillage,Gloss,ABSOLUTE NEW YORK LIP PLUMP HIGH-SHINE GLOSS CLEAR,89.00,En stock,N/A,https://beautymarket.ma/products/absolute-new-york-lip-plump-high-shine-gloss-clear
BeautyMarket,Maquillage,Gloss,ABSOLUTE NEW YORK LIP PLUMP HIGH-SHINE GLOSS- CHERRY,89.00,En stock,N/A,https://beautymarket.ma/products/absolute-new-york-lip-plump-high-shine-gloss-cherry
BeautyMarket,Maquillage,Gloss,ABSOLUTE NEW YORK LIP PLUMP HIGH-SHINE GLOSS ROSEWOOD,89.00,En stock,N/A,https://beautymarket.ma/products/absolute-new-york-lip-plump-high-shine-gloss-rosewood
BeautyMarket,Maquillage,Gloss,L'ORÉAL PARIS LIP OIL PLUMP AMBITION 510 LA NUIT SPARKLE,179.00,En stock,N/A,https://beautymarket.ma/products/loreal-paris-lip-oil-plump-ambition-510-la-nuit-sparkle
BeautyMarket,Maquillage,Gloss,ABSOLUTE NEW YORK GLASSY DEW TINTED LIP BALM RASPBERRY,89.00,En stock,N/A,https://beautymarket.ma/products/absolute-new-york-glassy-dew-tinted-lip-balm-raspberry
BeautyMarket,Maquillage,Gloss,MAYBELLINE LIFTER GLOSS À LÈVRES REPULPANT 020 SUN,159.00,En stock,N/A,https://beautymarket.ma/products/maybelline-lifter-gloss-a-levres-repulpant-020-sun
BeautyMarket,Maquillage,Gloss,ABSOLUTE NEW YORK GLOSS SLICK BAUME TEINTE STRAWBERRY CRUSH 12ML,119.00,En stock,N/A,https://beautymarket.ma/products/absolute-new-york-gloss-slick-baume-teinte-strawberry-12ml
BeautyMarket,Maquillage,Gloss,ABSOLUTE NEW YORK GLOSS SLICK BAUME TEINTE RASPBERRY 12ML,119.00,En stock,N/A,https://beautymarket.ma/products/absolute-new-york-gloss-slick-baume-teinte-raspberry-12ml
BeautyMarket,Maquillage,Gloss,L'ORÉAL PARIS LIP OIL PLUMP AMBITION 390 CHERRY CHERIE,179.00,En stock,N/A,https://beautymarket.ma/products/loreal-paris-lip-oil-plump-ambition-390-cherry-cherie
BeautyMarket,Maquillage,Gloss,ABSOLUTE NEW YORK LIP PLUMP GLOSS TARO,89.00,En stock,N/A,https://beautymarket.ma/products/absolute-new-york-lip-plump-gloss-taro
BeautyMarket,Maquillage,Gloss,ABSOLUTE NEW YORK LIP PLUMP GLOSS HOT PEPPER,89.00,En stock,N/A,https://beautymarket.ma/products/absolute-new-york-lip-plump-gloss-hot-pepper
BeautyMarket,Maquillage,Gloss,ABSOLUTE NEW YORK GLOSS SLICK BAUME TEINTE MACADAMIA ROAST 12ML,119.00,En stock,N/A,https://beautymarket.ma/products/absolute-new-york-gloss-slick-baume-teinte-macadamia-roast-12ml
BeautyMarket,Maquillage,Gloss,ABSOLUTE NEW YORK LIP PERFECT PLUMPING GLOSS SANGRIA,119.00,En stock,N/A,https://beautymarket.ma/products/absolute-new-york-lip-perfect-plumping-gloss-sangria
BeautyMarket,Maquillage,Gloss,ABSOLUTE NEW YORK GLASSY DEW TINTED LIP BALM PEACH,89.00,En stock,N/A,https://beautymarket.ma/products/absolute-new-york-glassy-dew-tinted-lip-balm-pea
BeautyMarket,Maquillage,Gloss,ABSOLUTE NEW YORK LIP PLUMP JEWEL GLIMMER GLOSS SUNSTONE,129.00,En stock,N/A,https://beautymarket.ma/products/absolute-new-york-lip-plump-jewel-glimmer-gloss-sunst
BeautyMarket,Maquillage,Gloss,ABSOLUTE NEW YORK LIP PLUMP JEWEL GLIMMER GLOSS OPAL,129.00,En stock,N/A,https://beautymarket.ma/products/absolute-new-york-lip-plump-jewel-glimmer-gloss-opal
BeautyMarket,Maquillage,Gloss,ABSOLUTE NEW YORK LIP PLUMPING GLOSS BROWN SUGAR 608,119.00,En stock,N/A,https://beautymarket.ma/products/absolute-new-york-lip-plumping-gloss-brown-sugar-608
BeautyMarket,Maquillage,Gloss,ABSOLUTE NEW YORK LIP PLUMP GLOSS BROWN SUGAR,89.00,En stock,N/A,https://beautymarket.ma/products/absolute-new-york-lip-plump-gloss-brown-sugar
BeautyMarket,Maquillage,Gloss,ABSOLUTE NEW YORK GLASSY DEW TINTED LIP BALM LYCHEE,89.00,En stock,N/A,https://beautymarket.ma/products/absolute-new-york-glassy-dew-tinted-lip-balm-lychee
BeautyMarket,Maquillage,Gloss,RELOVE ROLL BABY LIP OIL GOJI BERRY,69.00,En stock,N/A,https://beautymarket.ma/products/relove-roll-baby-lip-oil-goji-berry
BeautyMarket,Maquillage,Gloss,ABSOLUTE NEW YORK GLOSS SLICK BAUME TEINTE PEPPERMINT 12ML,119.00,En stock,N/A,https://beautymarket.ma/products/absolute-new-york-gloss-slick-baume-teinte-peppermint-12ml
BeautyMarket,Maquillage,Gloss,ABSOLUTE NEW YORK LIP PLUMP JEWEL GLIMMER GLOSS TOPAZ,129.00,En stock,N/A,https://beautymarket.ma/products/absolute-new-york-lip-plump-jewel-glimmer-gloss-topaz
BeautyMarket,Maquillage,Gloss,ABSOLUTE NEW YORK LIP PLUMP JEWEL GLIMMER GLOSS QUARTZ,129.00,En stock,N/A,https://beautymarket.ma/products/absolute-new-york-lip-plump-jewel-glimmer-gloss-quart
BeautyMarket,Maquillage,Gloss,ABSOLUTE NEW YORK LIP PLUMP GLOSS TURKISH DELIGHT,89.00,En stock,N/A,https://beautymarket.ma/products/absolute-new-york-lip-plump-gloss-turkish-delight
BeautyMarket,Maquillage,Gloss,ABSOLUTE NEW YORK LIP PLUMP HIGH-SHINE GLOSS NUDE,89.00,En stock,N/A,https://beautymarket.ma/products/absolute-new-york-lip-plump-high-shine-gloss-nude
BeautyMarket,Maquillage,Gloss,ABSOLUTE NEW YORK GLASSY DEW TINTED LIP BALM APRICOT,89.00,En stock,N/A,https://beautymarket.ma/products/absolute-new-york-glassy-dew-tinted-lip-balm-apricot
BeautyMarket,Maquillage,Gloss,ABSOLUTE NEW YORK GLASSY DEW TINTED LIP BALM ROSE,89.00,En stock,N/A,https://beautymarket.ma/products/absolute-new-york-glassy-dew-tinted-lip-balm-ros
BeautyMarket,Maquillage,Gloss,ABSOLUTE NEW YORK GLASSY DEW TINTED LIP BALM COCONUT,89.00,En stock,N/A,https://beautymarket.ma/products/absolute-new-york-glassy-dew-tinted-lip-balm-coc
BeautyMarket,Maquillage,Crayon A Levres,MAYBELLINE LIFTER LINER LIP LINER 003 PLAYER,85.00,En stock,N/A,https://beautymarket.ma/products/maybelline-lifter-liner-lip-liner-003-player
BeautyMarket,Maquillage,Crayon A Levres,MAYBELLINE LIFTER LINER LIP LINER 007 BIG LIFT,85.00,En stock,N/A,https://beautymarket.ma/products/maybelline-lifter-liner-lip-liner-007-big-lift
BeautyMarket,Maquillage,Crayon A Levres,MAYBELLINE LIFTER LINER LIP LINER 001 CROSS THE LINE,85.00,En stock,N/A,https://beautymarket.ma/products/maybelline-lifter-liner-lip-liner-contour-des-levres-001-cross-the-line
BeautyMarket,Maquillage,Crayon A Levres,MAYBELLINE LIFTER LINER LIP LINER 004 OUT OF LINE,85.00,En stock,N/A,https://beautymarket.ma/products/maybelline-lifter-liner-lip-liner-004-out-of-line
BeautyMarket,Maquillage,Crayon A Levres,MAYBELLINE LIFTER LINER LIP LINER 009 PEAKING,85.00,En stock,N/A,https://beautymarket.ma/products/maybelline-lifter-liner-lip-liner-009-peaking
BeautyMarket,Maquillage,Crayon A Levres,MAYBELLINE LIFTER LINER LIP LINER 006 LINE LEADER,85.00,En stock,N/A,https://beautymarket.ma/products/maybelline-lifter-liner-lip-liner-006-line-leader
BeautyMarket,Maquillage,Crayon A Levres,RELOVE LIPLINER SUGAR,49.00,En stock,N/A,https://beautymarket.ma/products/relove-lipliner-sugar
BeautyMarket,Maquillage,Crayon A Levres,RELOVE LIPLINER BABE,45.00,En stock,N/A,https://beautymarket.ma/products/relove-lipliner-babe
BeautyMarket,Maquillage,Crayon A Levres,MAYBELLINE LIFTER LINER LIP LINER 010 MAIN CHARACTER,85.00,En stock,N/A,https://beautymarket.ma/products/maybelline-lifter-liner-lip-liner-010-main-charac
BeautyMarket,Maquillage,Crayon A Levres,RELOVE LIPLINER CREAM,45.00,En stock,N/A,https://beautymarket.ma/products/relove-lipliner-cream
BeautyMarket,Maquillage,Crayon A Levres,RELOVE LIPLINER SUPER,45.00,En stock,N/A,https://beautymarket.ma/products/relove-lipliner-super
BeautyMarket,Maquillage,Crayon A Levres,RELOVE LIPLINER DREAM,45.00,En stock,N/A,https://beautymarket.ma/products/relove-lipliner-dream
BeautyMarket,Maquillage,Crayon A Levres,ABSOLUTE NEW YORK GLIDE ET GLAM GEL LIP LINER NUDE PINK,49.00,En stock,N/A,https://beautymarket.ma/products/absolute-new-york-glide-et-glam-gel-lip-liner-nude-pink
BeautyMarket,Maquillage,Crayon A Levres,ABSOLUTE NEW YORK GLIDE ET GLAM GEL LIP LINER TERRACO,49.00,En stock,N/A,https://beautymarket.ma/products/absolute-new-york-glide-et-glam-gel-lip-liner-terraco
BeautyMarket,Maquillage,Crayon A Levres,ABSOLUTE NEW YORK GLIDE ET GLAM GEL LIP LINER ROSE,49.00,En stock,N/A,https://beautymarket.ma/products/absolute-new-york-glide-et-glam-gel-lip-liner-rose
BeautyMarket,Maquillage,Crayon A Levres,RELOVE LIPLINER SWEET,45.00,En stock,N/A,https://beautymarket.ma/products/relove-lipliner-sweet
BeautyMarket,Maquillage,Crayon A Levres,RELOVE LIPLINER GLAM,45.00,En stock,N/A,https://beautymarket.ma/products/relove-lipliner-glam
BeautyMarket,Maquillage,Levres Plump,NOVEXPERT ACIDE HYALURONIQUE LIP’UP SOIN VOLUMATEUR LÈVRES – 8 ML,249.00,En stock,N/A,https://beautymarket.ma/products/novexpert-acide-hyaluronique-lip-up-soin-volumateur-levres-8-ml
BeautyMarket,Maquillage,Levres Plump,BIOTOPIX SPECIFIC BAUME REPULPANT LÈVRES,280.00,En stock,N/A,https://beautymarket.ma/products/biotopix-specific-baume-repulpant-levres
BeautyMarket,Maquillage,Levres Plump,NUXE VERY ROSE SÉRUM LÈVRES REPULPANT 8ML,230.00,En stock,N/A,https://beautymarket.ma/products/nuxe-very-rose-serum-levres-repulpant-8ml
BeautyMarket,Maquillage,Ongles,HEROME PACK DURCISSEUR EXTRA FORT POUR ONGLES + DISSOLVANT SOIGNANT,318.00,En stock,N/A,https://beautymarket.ma/products/herome-pack-dissolvant-soignant-durcisseur-extra-fort-pour-ongles
BeautyMarket,Maquillage,Ongles,HEROME PACK DURCISSEUR FORT POUR ONGLES + DISSOLVANT SOIGNANT,308.00,En stock,N/A,https://beautymarket.ma/products/herome-pack-durcisseur-fort-pour-ongles-dissolvant-soignant
BeautyMarket,Maquillage,Ongles,HERÔME DURCISSEUR EXTRA FORT POUR ONGLES 10 ML,278.00,En stock,N/A,https://beautymarket.ma/products/herome-durcisseur-extra-fort-pour-ongles-10-ml
BeautyMarket,Maquillage,Ongles,HERÔME DURCISSEUR FORT POUR ONGLES – 10 ML,263.00,En stock,N/A,https://beautymarket.ma/products/herome-durcisseur-fort-pour-ongles-10-ml
BeautyMarket,Maquillage,Ongles,HERÔME CRÈME MAIN ANTI-GERÇURE – 120 ML,236.00,En stock,N/A,https://beautymarket.ma/products/herome-creme-main-anti-gercure-120-ml
BeautyMarket,Maquillage,Ongles,PASTEL NAIL POLISH 19,25.00,En stock,N/A,https://beautymarket.ma/products/pastel-nail-polish-19
BeautyMarket,Maquillage,Ongles,MAELYS ORTIE PRELE BOITE 60 GELULES+ SHAMPOING 100ML,165.00,En stock,N/A,https://beautymarket.ma/products/maelys-ortie-prele-boite-60-gelules-shampoing-100ml
BeautyMarket,Maquillage,Ongles,HERÔME HUILE NOURRISSANTE POUR ONGLES FLACON – 10 ML,221.00,En stock,N/A,https://beautymarket.ma/products/herome-huile-nourrissante-pour-ongles-flacon-10-ml
BeautyMarket,Maquillage,Ongles,HERÔME DISSOLVANT SOIGNANT SANS ACÉTONE – 120ML,165.00,En stock,N/A,https://beautymarket.ma/products/herome-dissolvant-soignant-sans-acetone-120ml
BeautyMarket,Maquillage,Ongles,BETER COUPE ONGLES LIME CHROMÉE 24094,29.00,En stock,N/A,https://beautymarket.ma/products/beter-coupe-ongles-lime-chromee-24094
BeautyMarket,Maquillage,Ongles,SVR XERIAL 50 EXTREME CREME PIEDS 50 ML,179.00,En stock,N/A,https://beautymarket.ma/products/svr-xerial-50-extreme-creme-pieds-50-ml-1
BeautyMarket,Maquillage,Ongles,PASTEL NUDE NAIL POLISH 762,49.00,En stock,N/A,https://beautymarket.ma/products/pastel-nude-nail-polish-762
BeautyMarket,Maquillage,Ongles,BETER LIME A ONGLES FIBRE DE VERRE 24962,29.00,En stock,N/A,https://beautymarket.ma/products/beter-lime-a-ongles-fibre-de-verre-24962
BeautyMarket,Maquillage,Ongles,KUORA CRÈME MAINS RÉPARATRICE À L'URÉE 5% 50ML,69.00,En stock,N/A,https://beautymarket.ma/products/kuora-creme-mains-reparatrice-a-luree-5-50ml
BeautyMarket,Maquillage,Ongles,PASTEL NAIL POLISH 54,25.00,En stock,N/A,https://beautymarket.ma/products/pastel-nail-polish-54
BeautyMarket,Maquillage,Ongles,PASTEL NAIL POLISH 08,25.00,En stock,N/A,https://beautymarket.ma/products/pastel-nail-polish-08
BeautyMarket,Maquillage,Ongles,PASTEL NAIL POLISH 39,25.00,En stock,N/A,https://beautymarket.ma/products/pastel-nail-polish-40
BeautyMarket,Maquillage,Ongles,BETER COUPE-ONGLES 5.8 AVEC LIME CHROMÉE 24006,39.00,En stock,N/A,https://beautymarket.ma/products/beter-coupe-ongles-5-8-avec-lime-chromee-24006
BeautyMarket,Maquillage,Ongles,BETER LIME DE PEDICURE POUR DURILLONS EN FIBRE VERRE 08152,35.00,En stock,N/A,https://beautymarket.ma/products/beter-lime-de-pedicure-pour-durillons-en-fibre-verre-08152
BeautyMarket,Maquillage,Ongles,HEROME SOIN CUTICULES,194.00,En stock,N/A,https://beautymarket.ma/products/herome-soin-cuticules
BeautyMarket,Maquillage,Ongles,HERÔME SÉRUM DE CROISSANCE POUR ONGLES – 7 ML,249.00,En stock,N/A,https://beautymarket.ma/products/herome-serum-de-croissance-pour-ongles-7-ml
BeautyMarket,Maquillage,Ongles,BETER COUPE-ONGLES LIME CHROMÉE 24038,39.00,En stock,N/A,https://beautymarket.ma/products/beter-coupe-ongles-lime-chromee-24038
BeautyMarket,Maquillage,Ongles,BETER 4 LIMES A ONGLES CORINDON 24004,19.00,En stock,N/A,https://beautymarket.ma/products/beter-4-limes-a-ongles-corindon-24004
BeautyMarket,Maquillage,Ongles,HEROME STYLO MAGIQUE,273.00,En stock,N/A,https://beautymarket.ma/products/herome-stylo-magique
BeautyMarket,Maquillage,Ongles,HERÔME DURCISSEUR DOUX POUR ONGLES – 10 ML,260.00,En stock,N/A,https://beautymarket.ma/products/herome-durcisseur-doux-pour-ongles-10-ml
BeautyMarket,Maquillage,Ongles,EPTADERM EPTA PSO ONGLES 12ML,259.00,En stock,N/A,https://beautymarket.ma/products/eptaderm-epta-pso-ongles-12ml
BeautyMarket,Maquillage,Ongles,LA ROCHE-POSAY TOLERIANE VERNIS À ONGLES FORTIFIANT SILICIUM COLOR CARE 6ML,115.00,En stock,N/A,https://beautymarket.ma/products/la-roche-posay-toleriane-vernis-a-ongles-fortifiant-silicium-color-care-6ml
BeautyMarket,Maquillage,Ongles,ZIAJA CREME MAINS REPARATRICE HUILE D'ARGAN 100 ML,79.00,En stock,N/A,https://beautymarket.ma/products/ziaja-creme-mains-reparatrice-huile-dargan-100-ml
BeautyMarket,Maquillage,Ongles,PASTEL NUDE NAIL POLISH 751,25.00,En stock,N/A,https://beautymarket.ma/products/pastel-nude-nail-polish-751
BeautyMarket,Maquillage,Ongles,RACINE VITA BAUME HYDRATANT À LA ROSE 150G,45.00,En stock,N/A,https://beautymarket.ma/products/racine-vita-baume-hydratant-a-la-rose-150g
BeautyMarket,Maquillage,Ongles,PASTEL NUDE NAIL POLISH 763,25.00,En stock,N/A,https://beautymarket.ma/products/pastel-nude-nail-polish-763
BeautyMarket,Maquillage,Ongles,BETER 5 BATONNETS EN BOIS ORANGER 24026,29.00,En stock,N/A,https://beautymarket.ma/products/beter-5-batonnets-en-bois-oranger
BeautyMarket,Maquillage,Ongles,PASTEL NAIL POLISH 07,25.00,En stock,N/A,https://beautymarket.ma/products/pastel-nail-polish-07
BeautyMarket,Maquillage,Ongles,ZIAJA CERAMIDES CRÈME MAINS 100ML,59.00,En stock,N/A,https://beautymarket.ma/products/ziaja-ceramides-creme-mains-100ml
BeautyMarket,Maquillage,Ongles,BETER LIME À ONGLES SAPHIR 24022,39.00,En stock,N/A,https://beautymarket.ma/products/beter-lime-a-ongles-saphir-24022
BeautyMarket,Maquillage,Ongles,PASTEL NAIL POLISH 27,25.00,En stock,N/A,https://beautymarket.ma/products/pastel-nail-polish-27
BeautyMarket,Maquillage,Ongles,SKINOR HUILE D ARGAN 50 ML,99.00,En stock,N/A,https://beautymarket.ma/products/skinor-huile-d-argan-50-ml
BeautyMarket,Maquillage,Ongles,PASTEL PURE NAIL POLISH 756,49.00,En stock,N/A,https://beautymarket.ma/products/pastel-pure-nail-polish-756
BeautyMarket,Maquillage,Ongles,PASTEL NAIL POLISH 139,39.00,En stock,N/A,https://beautymarket.ma/products/pastel-nail-polish-139
BeautyMarket,Maquillage,Ongles,HERÔME VERNIS AMER – 10 ML,191.00,En stock,N/A,https://beautymarket.ma/products/herome-vernis-amer-10-ml
BeautyMarket,Maquillage,Ongles,PASTEL NAIL POLISH 88,25.00,En stock,N/A,https://beautymarket.ma/products/pastel-nail-polish-88
BeautyMarket,Maquillage,Ongles,PASTEL NAIL POLISH 80,25.00,En stock,N/A,https://beautymarket.ma/products/pastel-nail-polish-80
BeautyMarket,Maquillage,Ongles,PASTEL NUDE NAIL POLISH 755,25.00,En stock,N/A,https://beautymarket.ma/products/pastel-nude-nail-polish-755
BeautyMarket,Maquillage,Ongles,CAVAILLÈS CRÈME MAINS ET ONGLES DOUCEUR SURGRAS SENSIBLES 50ML,75.00,En stock,N/A,https://beautymarket.ma/products/cavailles-creme-mains-et-ongles-douceur-surgras-sensibles-50ml
BeautyMarket,Maquillage,Ongles,PASTEL NAIL POLISH 10,25.00,En stock,N/A,https://beautymarket.ma/products/pastel-nail-polish-10
BeautyMarket,Maquillage,Ongles,PASTEL NAIL POLISH 312,25.00,En stock,N/A,https://beautymarket.ma/products/pastel-nail-polish-312
BeautyMarket,Maquillage,Ongles,PANIER DES SENS CREME MAINS ABSOLUE FLEUR D'ORANGER 75 ML,180.00,En stock,N/A,https://beautymarket.ma/products/panier-des-sens-creme-mains-absolue-fleur-doranger-75-ml
BeautyMarket,Maquillage,Ongles,LA ROCHE-POSAY SILICIUM COLOR CARE N°00 TOP COAT 6 ML,129.00,En stock,N/A,https://beautymarket.ma/products/la-roche-posay-silicium-color-care-n-00-top-coat-6-ml
BeautyMarket,Maquillage,Ongles,MIELII GREEN ULTRA COLLAGENE MARIN 60 GELULES,149.00,En stock,N/A,https://beautymarket.ma/products/mielii-green-ultra-collagene-marin-60-gelules
BeautyMarket,Maquillage,Ongles,PASTEL NAIL POLISH 28,25.00,En stock,N/A,https://beautymarket.ma/products/pastel-nail-polish-28
BeautyMarket,Maquillage,Ongles,PASTEL NAIL POLISH 310,39.00,En stock,N/A,https://beautymarket.ma/products/pastel-nail-polish-310
BeautyMarket,Maquillage,Ongles,PASTEL NAIL POLISH 357,25.00,En stock,N/A,https://beautymarket.ma/products/pastel-nail-polish-357
BeautyMarket,Maquillage,Ongles,BETER COUPE CUTICULES A TRIPLE USAGE AVEC REPOUSSOIR ET LIME 24018,69.00,En stock,N/A,https://beautymarket.ma/products/beter-coupe-cuticules-a-triple-usage-avec-repoussoir-et-lime-24018
BeautyMarket,Maquillage,Ongles,PASTEL NAIL POLISH 04,25.00,En stock,N/A,https://beautymarket.ma/products/absolute-new-york-pastel-profashion-cream-blush-41
BeautyMarket,Maquillage,Ongles,ZIAJA CREME MAINS REPARATRICE PROTEINES DE CACHEMIRE 100 ML,59.00,En stock,N/A,https://beautymarket.ma/products/ziaja-creme-mains-reparatrice-proteines-de-cachemire-100-ml
BeautyMarket,Maquillage,Ongles,PASTEL NAIL POLISH 296,25.00,En stock,N/A,https://beautymarket.ma/products/pastel-nail-polish-296
BeautyMarket,Maquillage,Ongles,NUXE SWEET LEMON CREME MAINS 50ML,130.00,En stock,N/A,https://beautymarket.ma/products/nuxe-sweet-lemon-creme-mains-50ml
BeautyMarket,Maquillage,Ongles,PASTEL PURE NAIL POLISH 609,49.00,En stock,N/A,https://beautymarket.ma/products/pastel-pure-nail-polish-609
BeautyMarket,Maquillage,Ongles,CAVAILLES PACK GEL DOUCHE SOUVENIR D'ENFANCE 200ML + CREME MAINS DOUCEUR 50ML + BAUME LEVRES GOURMAND,189.00,En stock,N/A,https://beautymarket.ma/products/roge-cavailles-pack-gel-douche-souvenir-denfance-200ml-creme-mains-douceur-50ml-baume-levres-gourmand
BeautyMarket,Maquillage,Ongles,PANIER DES SENS CREME MAINS RAISIN MILLESIME 30 ML,109.00,En stock,N/A,https://beautymarket.ma/products/panier-des-sens-creme-mains-raisin-millesime-30-ml
BeautyMarket,Maquillage,Ongles,PASTEL NAIL POLISH 380,25.00,En stock,N/A,https://beautymarket.ma/products/pastel-nail-polish-380
BeautyMarket,Maquillage,Ongles,PASTEL NAIL POLISH 37,25.00,En stock,N/A,https://beautymarket.ma/products/pastel-nail-polish-37
BeautyMarket,Maquillage,Ongles,HERÔME SOIN BLANCHISSANT FRENCH MANUCURE – 10ML,231.00,En stock,N/A,https://beautymarket.ma/products/herome-soin-blanchissant-french-manucure-10ml
BeautyMarket,Maquillage,Ongles,PASTEL NUDE NAIL POLISH 767,39.00,En stock,N/A,https://beautymarket.ma/products/pastel-nude-nail-polish-767
BeautyMarket,Maquillage,Ongles,CAVAILLES PACK CREME MAINS VELOUTANTE 50ML + BAUME LEVRES GOURMAND,115.00,En stock,N/A,https://beautymarket.ma/products/cavailles-pack-creme-mains-veloutante-50ml-baume-levres-gourmand
BeautyMarket,Maquillage,Ongles,PASTEL NAIL POLISH 38,25.00,En stock,N/A,https://beautymarket.ma/products/pastel-nail-polish-39
BeautyMarket,Maquillage,Ongles,LUXEOL SOIN ONGLES FORTIFIANT 11ML,159.00,En stock,N/A,https://beautymarket.ma/products/luxeol-soin-ongles-fortifiant-11ml
BeautyMarket,Maquillage,Ongles,LA ROCHE-POSAY SILICIUM 24 ROUGE 6ML,115.00,En stock,N/A,https://beautymarket.ma/products/la-roche-posay-silicium-24-rouge-6ml
BeautyMarket,Maquillage,Ongles,CUCCIO HIGH GLOSS TOP COAT 13ML,100.00,En stock,N/A,https://beautymarket.ma/products/cuccio-high-gloss-top-coat-13ml
BeautyMarket,Maquillage,Ongles,PASTEL NAIL POLISH 242,39.00,En stock,N/A,https://beautymarket.ma/products/pastel-nail-polish-242
BeautyMarket,Maquillage,Ongles,PASTEL PURE NAIL POLISH 610,25.00,En stock,N/A,https://beautymarket.ma/products/pastel-nude-nail-polish-766
BeautyMarket,Maquillage,Ongles,CAVAILLES PACK GEL DOUCHE SOUVENIR D'ENFANCE 200ML + CREME MAINS VELOUTANTE 50ML + BAUME LEVRES GOURMAND,189.00,En stock,N/A,https://beautymarket.ma/products/cavailles-pack-gel-douche-souvenir-denfance-200ml-creme-mains-veloutante-50ml-baume-levres-gourmand
BeautyMarket,Maquillage,Ongles,BETER BROSSE DOUBLE À ONGLE 24091,35.00,En stock,N/A,https://beautymarket.ma/products/beter-brosse-double-a-ongle-24091
BeautyMarket,Maquillage,Ongles,PASTEL NAIL POLISH 271,25.00,En stock,N/A,https://beautymarket.ma/products/pastel-nail-polish-271
BeautyMarket,Maquillage,Ongles,PASTEL NAIL POLISH 98,25.00,En stock,N/A,https://beautymarket.ma/products/pastel-nail-polish-98
BeautyMarket,Maquillage,Ongles,PANIER DES SENS CRÈME POUR LES MAINS - JASMIN PRÉCIEUX 30ML,109.00,En stock,N/A,https://beautymarket.ma/products/panier-des-sens-creme-pour-les-mains-jasmin-precieux-30ml
BeautyMarket,Maquillage,Ongles,CUCCIO CUTICLE OIL 13ML,100.00,En stock,N/A,https://beautymarket.ma/products/cuccio-cuticle-oil-13ml
BeautyMarket,Maquillage,Ongles,PANIER DES SENS CRÈME POUR LES MAINS - FLEUR D'ORANGER 30ML,109.00,En stock,N/A,https://beautymarket.ma/products/panier-des-sens-creme-pour-les-mains-fleur-doranger-30ml
BeautyMarket,Maquillage,Ongles,NUTRILAB MEGA PEPTIDE COLLAGÈNE 200 G,330.00,En stock,N/A,https://beautymarket.ma/products/nutrilab-mega-peptide-collagene-200-g
BeautyMarket,Maquillage,Ongles,PASTEL NAIL POLISH 307,25.00,En stock,N/A,https://beautymarket.ma/products/pastel-nail-polish-307
BeautyMarket,Maquillage,Ongles,BETER PINCE À MANUCURE À ONGLES SUPERPOSÉS 24009,129.00,En stock,N/A,https://beautymarket.ma/products/beter-pince-a-manucure-a-ongles-superposes-24009
BeautyMarket,Maquillage,Ongles,CAVAILLES PACK GEL DOUCHE CREME DE LAIT 200ML + CREME MAINS DOUCEUR 50ML + BAUME LEVRES GOURMAND,189.00,En stock,N/A,https://beautymarket.ma/products/roge-cavailles-pack-gel-douche-creme-de-lait-200ml-creme-mains-douceur-50ml-baume-levres-gourmand
BeautyMarket,Maquillage,Ongles,CAVAILLES PACK CREME MAINS DOUCEUR 50ML + BAUME LEVRES GOURMAND,115.00,En stock,N/A,https://beautymarket.ma/products/roge-cavailles-duo-mains-douces-baume-levres
BeautyMarket,Maquillage,Ongles,ROGER & GALLET COFFRET 3 CREMES MAINS FLEUR DE FIGUIER ROSE ET GINGEMBRE ROUGE,305.00,En stock,N/A,https://beautymarket.ma/products/roger-gallet-coffret-3-cremes-mains-fleur-de-figuier-rose-et-gingembre-rouge
BeautyMarket,Maquillage,Ongles,HERÔME BASE SOIN LISSANTE POUR ONGLES – 10 ML,170.00,En stock,N/A,https://beautymarket.ma/products/herome-base-soin-lissante-pour-ongles-10-ml
BeautyMarket,Maquillage,Ongles,HEROME POLISSOIR 2 PHASES,120.00,En stock,N/A,https://beautymarket.ma/products/herome-polissoir-2-phases
BeautyMarket,Maquillage,Ongles,EYE CARE VERNIS SOIN FORTIFIANT LISSANT,110.00,En stock,N/A,https://beautymarket.ma/products/eye-care-vernis-soin-fortifiant-lissant
BeautyMarket,Maquillage,Ongles,PASTEL NAIL POLISH 244,39.00,En stock,N/A,https://beautymarket.ma/products/pastel-nail-polish-244
BeautyMarket,Maquillage,Ongles,BETER PINCE À CUTICULES POUR ONGLES CHROMEE 24010,150.00,En stock,N/A,https://beautymarket.ma/products/beter-pince-a-cuticules-pour-ongles-chromee-24010
BeautyMarket,Maquillage,Ongles,PANIER DES SENS CREME MAINS HUILE ESSENTIELLE VERVEINE 75 ML,180.00,En stock,N/A,https://beautymarket.ma/products/panier-des-sens-creme-mains-huile-essentielle-verveine-75-ml
BeautyMarket,Maquillage,Ongles,PANIER DES SENS COFFRET HAND SET COLLECTION ORANGER,300.00,En stock,N/A,https://beautymarket.ma/products/panier-des-sens-coffret-essentiels-soin-des-mains
BeautyMarket,Maquillage,Ongles,CUCCIO NAIL STRENGTHENER NAIL SOLUTIONS 13ML,100.00,En stock,N/A,https://beautymarket.ma/products/cuccio-nail-strengthener-nail-solutions
BeautyMarket,Maquillage,Ongles,EYE CARE DISSOLVANT SANS ACÉTONE,86.00,En stock,N/A,https://beautymarket.ma/products/eye-care-dissolvant-sans-acetone
BeautyMarket,Maquillage,Ongles,A-DERMA DERMALIBOUR+ BARRIÈRE CRÈME ISOLANTE MAINS PROTECTRICE 50 ML,119.00,En stock,N/A,https://beautymarket.ma/products/a-derma-dermalibour-barriere-creme-isolante-mains-protectrice-50-ml
BeautyMarket,Maquillage,Ongles,PASTEL NAIL POLISH 304,25.00,En stock,N/A,https://beautymarket.ma/products/pastel-nail-polish-304
BeautyMarket,Maquillage,Ongles,BETER CISEAUX A POINTE EMOUSSEE INOXYDABLES REF 24153,59.00,En stock,N/A,https://beautymarket.ma/products/beter-ciseaux-a-pointe-emoussee-inoxydables-ref-24153
BeautyMarket,Maquillage,Ongles,PASTEL NAIL POLISH 33,25.00,En stock,N/A,https://beautymarket.ma/products/pastel-nail-polish-33
BeautyMarket,Maquillage,Ongles,PANIER DES SENS COFFRET INTEMPORELS JOLIES MAINS AMANDE APAISANTE,228.00,En stock,N/A,https://beautymarket.ma/products/panier-des-sens-coffret-jolies-mains-amande-apaisante
BeautyMarket,Maquillage,Ongles,NEW DERM ONYCOM PHASE 1 + PHASE 2,160.00,En stock,N/A,https://beautymarket.ma/products/new-derm-onycom-phase-1-phase-2
BeautyMarket,Maquillage,Ongles,PASTEL PURE NAIL POLISH 765,49.00,En stock,N/A,https://beautymarket.ma/products/pastel-pure-nail-polish-765
BeautyMarket,Maquillage,Ongles,ALPHANOVA CRÈME MAINS RÉPARATRICE HYDRA+ 50ML,89.00,En stock,N/A,https://beautymarket.ma/products/alphanova-creme-mains-reparatrice-hydra-50ml
BeautyMarket,Maquillage,Ongles,ZIAJA GOATS MILK CREME MAINS ET ONGLES 80 ML,89.00,En stock,N/A,https://beautymarket.ma/products/ziaja-goats-milk-creme-mains-et-ongles-80-ml
BeautyMarket,Maquillage,Ongles,BETER POLISSOIR À ONGLES 2 ETAPES 24960,99.00,En stock,N/A,https://beautymarket.ma/products/beter-polissoir-a-ongles-2-etapes-24960
BeautyMarket,Maquillage,Ongles,CAVAILLES PACK GEL DOUCHE CREME DE LAIT 200ML + CREME MAINS VELOUTANTE 50ML + BAUME LEVRES GOURMAND,189.00,En stock,N/A,https://beautymarket.ma/products/roge-cavailles-pack-gel-douche-creme-de-lait-200ml-creme-mains-veloutante-50ml-baume-levres-gourmand
BeautyMarket,Maquillage,Ongles,ROGER & GALLET COFFRET 3 CREMES MAINS BOIS DORANGE NEROLI ET FLEUR DOSMANTHUS,305.00,En stock,N/A,https://beautymarket.ma/products/roger-gallet-coffret-3-cremes-mains-bois-dorange-neroli-et-fleur-dosmanthus
BeautyMarket,Maquillage,Ongles,BETER LIME ET POLISSOIR À ONGLES 6 ÉTAPES 05135,56.00,En stock,N/A,https://beautymarket.ma/products/beter-lime-et-polissoir-a-ongles-6-etapes-05135
BeautyMarket,Maquillage,Ongles,PASTEL NAIL POLISH 251,25.00,En stock,N/A,https://beautymarket.ma/products/pastel-nail-polish-251
BeautyMarket,Maquillage,Ongles,LA ROCHE-POSAY SILICIUM COLOR CARE N°02 ROSE 6 ML,129.00,En stock,N/A,https://beautymarket.ma/products/la-roche-posay-silicium-color-care-n-02-rose-6-ml
BeautyMarket,Maquillage,Ongles,PASTEL PURE NAIL POLISH 617,49.00,En stock,N/A,https://beautymarket.ma/products/pastel-pure-nail-polish-617
BeautyMarket,Maquillage,Ongles,PASTEL PURE NAIL POLISH 606,49.00,En stock,N/A,https://beautymarket.ma/products/pastel-pure-nail-polish-606
BeautyMarket,Maquillage,Ongles,PASTEL NAIL POLISH 387,25.00,En stock,N/A,https://beautymarket.ma/products/pastel-nail-polish-387
BeautyMarket,Maquillage,Ongles,BETER LIME ONGLES EN VERRE TREMPÉ 24505,119.00,En stock,N/A,https://beautymarket.ma/products/beter-lime-ongles-en-verre-trempe-24505
BeautyMarket,Maquillage,Ongles,PANIER DES SENS CRÈME POUR LES MAINS - LAVANDE APAISANTE 30ML,109.00,En stock,N/A,https://beautymarket.ma/products/panier-des-sens-creme-pour-les-mains-lavande-apaisante-30ml
BeautyMarket,Maquillage,Ongles,PANIER DES SENS CRÈME POUR LES MAINS - PROVENCE ÉNERGISANTE 30ML,109.00,En stock,N/A,https://beautymarket.ma/products/panier-des-sens-creme-pour-les-mains-provence-energisante-30ml
BeautyMarket,Maquillage,Ongles,PANIER DES SENS INTEMPORELS CRÈME MAIN MIEL 30ML,109.00,En stock,N/A,https://beautymarket.ma/products/panier-des-sens-intemporels-creme-main-miel-30ml
BeautyMarket,Maquillage,Ongles,PANIER DES SENS COFFRET SOIN DES MAINS RAISIN AMANDE MIEL,300.00,En stock,N/A,https://beautymarket.ma/products/panier-des-sens-coffret-soin-des-mains-amande-raisin-et-miel
BeautyMarket,Maquillage,Ongles,HEROME EAU EMOLLIENTE,195.00,En stock,N/A,https://beautymarket.ma/products/herome-eau-emolliente
BeautyMarket,Maquillage,Ongles,EYE CARE VERNIS SOIN ANTI-DÉDOUBLEMENT,110.00,En stock,N/A,https://beautymarket.ma/products/eye-care-vernis-soin-anti-dedoublement
BeautyMarket,Maquillage,Ongles,PANIER DES SENS COFFRET HAND CARE COLLECTION ROSE LAVANDE,300.00,En stock,N/A,https://beautymarket.ma/products/panier-des-sens-coffret-hand-care-collection-rose-lavande
BeautyMarket,Maquillage,Ongles,PASTEL PURE NAIL POLISH 618,49.00,En stock,N/A,https://beautymarket.ma/products/pastel-pure-nail-polish-618
BeautyMarket,Maquillage,Ongles,PASTEL NAIL POLISH 313,25.00,En stock,N/A,https://beautymarket.ma/products/pastel-nail-polish-313
BeautyMarket,Maquillage,Ongles,BETER CISEAUX DE PEDICURE SPECIAL ONGLES DURS REF 24034,125.00,En stock,N/A,https://beautymarket.ma/products/beter-ciseaux-de-pedicure-special-ongles-durs-ref-24034
BeautyMarket,Maquillage,Ongles,BETER CISEAUX DE MANUCURE POUR PEAUX CHROMES REF 24110,85.00,En stock,N/A,https://beautymarket.ma/products/beter-ciseaux-de-manucure-pour-peaux-chromes-ref-24110
BeautyMarket,Maquillage,Ongles,PANIER DES SENS CRÈME POUR LES MAINS - AMANDE APAISANTE 30ML,109.00,En stock,N/A,https://beautymarket.ma/products/panier-des-sens-creme-pour-les-mains-amande-apaisante-30ml
BeautyMarket,Maquillage,Ongles,BETER LIME EN VERRE TREMPÉ RÉTRACTABLE 05115,95.00,En stock,N/A,https://beautymarket.ma/products/beter-lime-en-verre-trempe-retractable
BeautyMarket,Maquillage,Ongles,BETER PINCE À CUTICULES POUR PEAUX CHROMEE ASSEMB LE 24071,129.00,En stock,N/A,https://beautymarket.ma/products/beter-pince-a-cuticules-pour-peaux-chromee-assemb-le-24071
BeautyMarket,Maquillage,Ongles,BETER CISEAUX DE MANUCURE POUR PEAUX CHROMES REF 24011,99.00,En stock,N/A,https://beautymarket.ma/products/beter-ciseaux-de-manucure-pour-peaux-chromes-ref-24011
BeautyMarket,Maquillage,Ongles,BETER CISEAUX DE MANUCURE POUR LES ONGLES CHROMES POINTE COURBE 24111,79.00,En stock,N/A,https://beautymarket.ma/products/beter-ciseaux-de-manucure-pour-les-ongles-chromes-pointe-courbe-24111
BeautyMarket,Maquillage,Ongles,PANIER DES SENS CREME FERMETE ACTIVE RAISIN MILLESIME 140 ML,300.00,En stock,N/A,https://beautymarket.ma/products/panier-des-sens-creme-fermete-active-raisin-millesime-140-ml
BeautyMarket,Maquillage,Ongles,PANIER DES SENS CRÈME POUR LES MAINS - GÉRANIUM ROSAT 30ML,109.00,En stock,N/A,https://beautymarket.ma/products/panier-des-sens-creme-pour-les-mains-geranium-rosat-30ml
BeautyMarket,Maquillage,Ongles,EYE CARE CRÈME MAINS ET PIEDS AQUALISS 50 ML,120.00,En stock,N/A,https://beautymarket.ma/products/eye-care-creme-mains-et-pieds-aqualiss-50-ml
BeautyMarket,Maquillage,Ongles,PASTEL NAIL POLISH 09,39.00,En stock,N/A,https://beautymarket.ma/products/pastel-nail-polish-09
BeautyMarket,Maquillage,Ongles,BETER PINCE À MANUCURE À ONGLES SUPERPOSÉS 24155,199.00,En stock,N/A,https://beautymarket.ma/products/beter-pince-a-manucure-a-ongles-superposes-24155
BeautyMarket,Maquillage,Ongles,PANIER DES SENS HUILE ONGLES ET CUTICULES 7.5 ML,144.00,En stock,N/A,https://beautymarket.ma/products/panier-des-sens-huile-ongles-et-cuticules-7-5-ml
BeautyMarket,Maquillage,Ongles,CUCCIO QUICK DRY DROPS 13ML,100.00,En stock,N/A,https://beautymarket.ma/products/cuccio-quick-dry-drops-13ml
BeautyMarket,Maquillage,Outils Et Accessoires De Beaute,PASTEL PROFASHION FOUNDATION BRUSH 02 – PINCEAU FOND DE TEINT PRÉCIS & FINITION PARFAITE,69.00,En stock,N/A,https://beautymarket.ma/products/pastel-proashion-foundation-brush-02
BeautyMarket,Maquillage,Outils Et Accessoires De Beaute,BETER RECOURBE-CILS AUTOMATIQUE 24020,59.00,En stock,N/A,https://beautymarket.ma/products/beter-recourbe-cils-automatique-24020
BeautyMarket,Maquillage,Outils Et Accessoires De Beaute,PASTEL FOUNDATION SPONGE Q-SOFT,35.00,En stock,N/A,https://beautymarket.ma/products/pastel-foundation-sponge-q-soft
BeautyMarket,Maquillage,Outils Et Accessoires De Beaute,PASTEL PROASHION BLUSH BRUSH 04,65.00,En stock,N/A,https://beautymarket.ma/products/pastel-proashion-blush-brush-04
BeautyMarket,Maquillage,Outils Et Accessoires De Beaute,PASTEL FOUNDATION & CONCEALER BRUSH 03 – PINCEAU FOND DE TEINT ET CORRECTEUR PRÉCIS,49.00,En stock,N/A,https://beautymarket.ma/products/pastel-foundation-concealer-brush-03-pinceau-fond-de-teint-et-correcteur-precis
BeautyMarket,Maquillage,Outils Et Accessoires De Beaute,"STUDIO17 PANG PANG TRIANGLE PUFF 1U – ÉPONGE DE MAQUILLAGE TRIANGULAIRE PROFESSIONNELLE POUR FOND DE TEINT, BB CRÈME & POUDRE",70.00,En stock,N/A,https://beautymarket.ma/products/pang-pang-triangle-puff-1u
BeautyMarket,Maquillage,Outils Et Accessoires De Beaute,REAL TECHNIQUES EVERYDAY ESSENTIALS,279.00,En stock,N/A,https://beautymarket.ma/products/real-technique-everyday-essentials
BeautyMarket,Maquillage,Outils Et Accessoires De Beaute,PASTEL PROFASHION POWDER BRUSH 01,79.00,En stock,N/A,https://beautymarket.ma/products/pastel-profashion-powder-brush-01
BeautyMarket,Maquillage,Outils Et Accessoires De Beaute,ABSOLUTE NEW YORK PINK ESSENTIALS MAKEUP BRUSH SET,299.00,En stock,N/A,https://beautymarket.ma/products/absolute-new-york-pink-essentials-makeup-brush-set
BeautyMarket,Maquillage,Outils Et Accessoires De Beaute,STUDIO17 EYE MAKEUP BRUSH SET 5U – SET DE 5 PINCEAUX YEUX PROFESSIONNELS POUR MAQUILLAGE PRÉCIS & INTENSE,156.00,En stock,N/A,https://beautymarket.ma/products/eye-makeup-brush-set-5u
BeautyMarket,Maquillage,Outils Et Accessoires De Beaute,STUDIO17 BLUSH BRUSH 833 1U – PINCEAU BLUSH PROFESSIONNEL POUR APPLICATION NATURELLE & LUMINEUSE,84.00,En stock,N/A,https://beautymarket.ma/products/blush-brush-833-1u
BeautyMarket,Maquillage,Outils Et Accessoires De Beaute,ABSOLUTE NEW YORK NUDE ESSENTIALS MAKEUP BRUSH SE,279.00,En stock,N/A,https://beautymarket.ma/products/absolute-new-york-nude-essentials-makeup-brush-se
BeautyMarket,Maquillage,Outils Et Accessoires De Beaute,PASTEL PROFASHION HIGHLIGHTER BRUSH 05 – PINCEAU ILLUMINATEUR PRÉCIS & LUMINEUX,49.00,En stock,N/A,https://beautymarket.ma/products/pastel-profashion-highlighter-brush-05-pinceau-illuminateur-precis-lumineux
BeautyMarket,Maquillage,Outils Et Accessoires De Beaute,REAL TECHNIQUES EYE SHADE + BLEND,129.00,En stock,N/A,https://beautymarket.ma/products/rt-eye-shade-blend
BeautyMarket,Maquillage,Outils Et Accessoires De Beaute,STUDIO17 POWDER BRUSH 812 1U – GRAND PINCEAU POUDRE PROFESSIONNEL POUR FINI NATUREL & LUMINEUX,84.00,En stock,N/A,https://beautymarket.ma/products/powder-brush-812-1u
BeautyMarket,Maquillage,Outils Et Accessoires De Beaute,REAL TECHNIQUES BLUSH BRUSH,124.00,En stock,N/A,https://beautymarket.ma/products/real-technique-blush-brush
BeautyMarket,Maquillage,Outils Et Accessoires De Beaute,STUDIO17 CORRECTOR & CONCEALER BRUSH 482 1U – PINCEAU PROFESSIONNEL DOUBLE USAGE POUR CORRECTEUR & ANTICERNES,99.00,En stock,N/A,https://beautymarket.ma/products/corrector-concealer-brush-482-1u
BeautyMarket,Maquillage,Outils Et Accessoires De Beaute,PASTEL PROFASHION EYESHADOW BRUSH 06 – PINCEAU FARD À PAUPIÈRES PRÉCIS & DOUX,39.00,En stock,N/A,https://beautymarket.ma/products/pastel-profashion-eyeshadow-brush-06-pinceau-fard-a-paupieres-precis-doux
BeautyMarket,Maquillage,Outils Et Accessoires De Beaute,STUDIO17 GLIDE FOUNDATION BRUSH 1U – PINCEAU PROFESSIONNEL POUR FOND DE TEINT LIQUIDE & CRÈME,142.00,En stock,N/A,https://beautymarket.ma/products/glide-foundation-brush-1u
BeautyMarket,Maquillage,Outils Et Accessoires De Beaute,STUDIO17 CONCEALER BRUSH 484 1U – PINCEAU ANTICERNES PROFESSIONNEL POUR APPLICATION & ESTOMPE PRÉCISE,79.00,En stock,N/A,https://beautymarket.ma/products/concealer-brush-484-1u
BeautyMarket,Maquillage,Outils Et Accessoires De Beaute,STUDIO17 PORTABLE MAKEUP BRUSH SET – SET DE 5 PINCEAUX DE MAQUILLAGE PROFESSIONNELS,228.00,En stock,N/A,https://beautymarket.ma/products/portable-makeup-brush-set-5u
BeautyMarket,Maquillage,Outils Et Accessoires De Beaute,ECOTOOLS START THE DAY KIT,239.00,En stock,N/A,https://beautymarket.ma/products/ecotools-start-the-day-kit
BeautyMarket,Maquillage,Outils Et Accessoires De Beaute,REAL TECHNIQUES EVERYDAY - EYE - ESSENTIALS,279.00,En stock,N/A,https://beautymarket.ma/products/real-technique-everyday-eye-essentials
BeautyMarket,Maquillage,Outils Et Accessoires De Beaute,STUDIO17 SKIN FIT BASE MAKEUP KIT 3U,190.00,En stock,N/A,https://beautymarket.ma/products/skin-fit-base-makeup-kit-3u
BeautyMarket,Maquillage,Outils Et Accessoires De Beaute,STUDIO17 FOUNDATION BRUSH 823 1U – PINCEAU FOND DE TEINT PROFESSIONNEL POUR APPLICATION LISSE & NATURELLE,84.00,En stock,N/A,https://beautymarket.ma/products/foundation-brush-823-1u
BeautyMarket,Maquillage,Outils Et Accessoires De Beaute,REAL TECHNIQUES EXPERT FACE BRUSH,114.00,En stock,N/A,https://beautymarket.ma/products/real-technique-expert-face-brush
BeautyMarket,Maquillage,Outils Et Accessoires De Beaute,REAL TECHNIQUES 2 MIRACLE COMPLEXIONSPONGES,154.00,En stock,N/A,https://beautymarket.ma/products/real-technique-2-miracle-complexion-sponges
BeautyMarket,Maquillage,Outils Et Accessoires De Beaute,REAL TECHNIQUES MIRACLE AIRBLEND SPONGE,90.00,En stock,N/A,https://beautymarket.ma/products/real-technique-miracle-airblend-sponge
BeautyMarket,Maquillage,Outils Et Accessoires De Beaute,PASTEL PROFASHION SMUDGE BRUSH 08 – PINCEAU ESTOMPEUR PRÉCIS POUR CONTOUR DES YEUX,39.00,En stock,N/A,https://beautymarket.ma/products/pastel-profashion-smudge-brush-08-pinceau-estompeur-precis-pour-contour-des-yeux
BeautyMarket,Maquillage,Outils Et Accessoires De Beaute,STUDIO17 BRUSH & PUFF CLEANSER – NETTOYANT PROFESSIONNEL POUR PINCEAUX & ÉPONGES DE MAQUILLAGE,128.00,En stock,N/A,https://beautymarket.ma/products/brush-puff-cleanser-1u
BeautyMarket,Maquillage,Outils Et Accessoires De Beaute,REAL TECHNIQUES FACE BASE SET,279.00,En stock,N/A,https://beautymarket.ma/products/real-technique-face-base-set
BeautyMarket,Maquillage,Outils Et Accessoires De Beaute,"STUDIO17 BRUSH SET CONTOURING 3U – SET DE PINCEAUX PROFESSIONNELS POUR SCULPTING, BRONZER & HIGHLIGHTER",185.00,En stock,N/A,https://beautymarket.ma/products/shading-brush-set-3u
BeautyMarket,Maquillage,Outils Et Accessoires De Beaute,STUDIO17 PANG PANG BIG PUFF 1U – GRANDE ÉPONGE DE MAQUILLAGE PROFESSIONNELLE POUR FOND DE TEINT & CUSHION,70.00,En stock,N/A,https://beautymarket.ma/products/pang-pang-big-puff-1u
BeautyMarket,Maquillage,Outils Et Accessoires De Beaute,REAL TECHNIQUES SETTING BRUSH MULTILINGUAL,72.00,En stock,N/A,https://beautymarket.ma/products/real-technique-setting-brush-multilingual
BeautyMarket,Maquillage,Outils Et Accessoires De Beaute,STUDIO17 SPOT CONCEALER BRUSH 474 1U – PINCEAU CORRECTEUR PRÉCISION POUR CERNES & IMPERFECTIONS,64.00,En stock,N/A,https://beautymarket.ma/products/spot-concealer-brush-474-1u
BeautyMarket,Maquillage,Outils Et Accessoires De Beaute,STUDIO17 SMALL FAN BRUSH 463 1U – PINCEAU ÉVENTAIL FIN PROFESSIONNEL POUR HIGHLIGHTER & POUDRE,56.00,En stock,N/A,https://beautymarket.ma/products/small-fan-brush-463-1u
BeautyMarket,Maquillage,Outils Et Accessoires De Beaute,REAL TECHNIQUES MIRACLE POWDER SPONGE,90.00,En stock,N/A,https://beautymarket.ma/products/rt-miracle-powder-sponge
BeautyMarket,Maquillage,Outils Et Accessoires De Beaute,REAL TECHNIQUES EVERYTHING FACE BRUSH,140.00,En stock,N/A,https://beautymarket.ma/products/real-technique-everything-face-brush
BeautyMarket,Maquillage,Outils Et Accessoires De Beaute,REAL TECHNIQUES MIRACLE COMPLEX SPNGMULTILING,90.00,En stock,N/A,https://beautymarket.ma/products/real-technique-miracle-complex-spng-multiling
BeautyMarket,Maquillage,Outils Et Accessoires De Beaute,ECOTOOLS BIOBLENDER BIODEGRADABLE MAKEUP SPONGE,105.00,En stock,N/A,https://beautymarket.ma/products/ecotools-bioblender-biodegradable-makeup-sponge
BeautyMarket,Maquillage,Outils Et Accessoires De Beaute,ECOTOOLS ENHANCING DUO SET,135.00,En stock,N/A,https://beautymarket.ma/products/ecotools-enhancing-duo-set
BeautyMarket,Maquillage,Outils Et Accessoires De Beaute,STUDIO17 CHIN SHADING BRUSH 492 1U – PINCEAU PROFESSIONNEL DE CONTOURING POUR LE MENTON & LES CONTOURS DU VISAGE,113.00,En stock,N/A,https://beautymarket.ma/products/chin-shading-brush-492-1u
BeautyMarket,Maquillage,Outils Et Accessoires De Beaute,STUDIO17 VELVET POWDER BRUSH 423F 1U – PINCEAU POUDRE PROFESSIONNEL POUR FINI VELOUTÉ & NATUREL,113.00,En stock,N/A,https://beautymarket.ma/products/velvet-powder-brush-423f-1u
BeautyMarket,Maquillage,Outils Et Accessoires De Beaute,STUDIO17 POWDER BRUSH 423 1U – PINCEAU POUDRE PROFESSIONNEL GRAND FORMAT POUR APPLICATION HOMOGÈNE,113.00,En stock,N/A,https://beautymarket.ma/products/velvet-powder-brush-423-1u
BeautyMarket,Maquillage,Outils Et Accessoires De Beaute,REAL TECHNIQUES ARTIST ESSENTIALS,279.00,En stock,N/A,https://beautymarket.ma/products/real-technique-artist-essentials
BeautyMarket,Maquillage,Outils Et Accessoires De Beaute,REAL TECHNIQUES 6 MIRACLE COMPLEXIONSPONGES,299.00,En stock,N/A,https://beautymarket.ma/products/real-technique-6-miracle-complexion-sponges
BeautyMarket,Maquillage,Outils Et Accessoires De Beaute,ECOTOOLS DAILY DEFINED EYE KIT,229.00,En stock,N/A,https://beautymarket.ma/products/ecotools-daily-defined-eye-kit
BeautyMarket,Maquillage,Outils Et Accessoires De Beaute,ECOTOOLS FULL POWDER,135.00,En stock,N/A,https://beautymarket.ma/products/ecotools-full-powder
BeautyMarket,Maquillage,Outils Et Accessoires De Beaute,ECOTOOLS 360 ULTIMATE BLEND 360° ULTIMATE BLEND,289.00,En stock,N/A,https://beautymarket.ma/products/ecotools-360-ultimate-blend-360-ultimate-blend
BeautyMarket,Maquillage,Outils Et Accessoires De Beaute,ECOTOOLS FLAT/CLASSIC FOUNDATION BRUSH,85.00,En stock,N/A,https://beautymarket.ma/products/ecotools-flat-classic-foundation-brush
BeautyMarket,Maquillage,Outils Et Accessoires De Beaute,STUDIO17 PORTABLE LIP BRUSH 223 ROUND 1U – PINCEAU LÈVRES PROFESSIONNEL RÉTRACTABLE POUR APPLICATION PRÉCISE,70.00,En stock,N/A,https://beautymarket.ma/products/portable-lip-brush-223-round-1u
BeautyMarket,Maquillage,Outils Et Accessoires De Beaute,STUDIO17 MAKEUP SPATULA 1U – SPATULE DE MAQUILLAGE PROFESSIONNELLE POUR MÉLANGE & APPLICATION HYGIÉNIQUE,113.00,En stock,N/A,https://beautymarket.ma/products/makeup-spatula-1u
BeautyMarket,Maquillage,Outils Et Accessoires De Beaute,STUDIO17 MAKEUP SPATULA 1U – SPATULE DE MAQUILLAGE PROFESSIONNELLE POUR MÉLANGE & APPLICATION HYGIÉNIQUE,99.00,En stock,N/A,https://beautymarket.ma/products/makeup-tweezer-duo-2u
