shop,categorie,sous_categorie,produit,marque,prix,ancien_prix,remise_pct,stock,rating,url_produit
Justyol,Ventes Flash,All Best Selling,"Set de 12 pots à épices avec support, couvercle auto-adhésif, cuillère intégrée et étiquettes – Pots à épices avec poignée - Gris",JHOME,179.00,258.70,31,En stock,N/A,
Justyol,Ventes Flash,All Best Selling,"Tenue Élégante 3 Pièces pour Fille - Jupe Chic, Blouse Blanche et Veste Tricotée - Rose / 2y",JUSTYOL,199.00,428.40,54,En stock,N/A,
Justyol,Ventes Flash,All Best Selling,Chaussons Orthopédiques Unisexes - Confortables - blanc / 42,JUSTYOL,179.00,343.40,48,En stock,N/A,
Justyol,Ventes Flash,All Best Selling,"Enveloppe Téléphone et Boîtes de Pièces - Cuir Synthétique, Design Élégant et Pratique - rouge",JUSTYOL,129.00,258.40,50,En stock,N/A,
Justyol,Ventes Flash,All Best Selling,Porte-cartes slim en cuir véritable Crazy Leather – Taba Nahita - Tabac crazy / STD,GARBALIA,136.00,222.98,39,En stock,N/A,
Justyol,Ventes Flash,All Best Selling,Sandales Compensées Femme en Cuir Véritable Orthopédiques 7 cm - beyaz / 41,JWOMEN,139.00,357.00,61,En stock,N/A,
Justyol,Ventes Flash,All Best Selling,Chemise en muslin oversize à col mandarin à demi-boutonnage - noir / S,JUSTYOL,189.00,360.40,48,En stock,N/A,
Justyol,Ventes Flash,All Best Selling,"Hoodie Doux en Fleece Brossé - Confortable et Pré-Lavé, Idéal pour Toutes Occasions - noir / S/M",JUSTYOL,259.00,479.40,46,En stock,N/A,
Justyol,Ventes Flash,All Best Selling,Portefeuille homme en cuir véritable RFID avec porte-monnaie – Noir naturel - Crazy noir / STD,GARBALIA,157.00,252.34,38,En stock,N/A,
Justyol,Ventes Flash,All Best Selling,Sneakers Homme Casual avec Design Moderne et Confortable – Idéales pour l’Usage Quotidien - Black / 43,MU GROUP,179.00,278.60,36,En stock,N/A,
Justyol,Ventes Flash,All Best Selling,"Pantoufles Birkenstock pour femme, modèle quotidien avec double boucle, 1,5 cm de talon - siyah / 39",JWOMEN,247.00,350.00,29,En stock,N/A,
Justyol,Ventes Flash,All Best Selling,JUSTYOL Short homme été coupe ajustée style casual tendance - bleu / S,JMEN,119.00,283.60,58,En stock,N/A,
Justyol,Ventes Flash,All Best Selling,"Set de Sacs à Main Femme – Sac à Main en Cuir PU de Luxe, Sac Tote Grande Capacité, Sac à Main Mode - Brown",MU GROUP,125.00,203.00,38,En stock,N/A,
Justyol,Ventes Flash,All Best Selling,"Sac à Main Femme – Sac à Bandoulière PU Cuir à Motif Lattice, Sac Small Crossbody Élégant et Tendance - beige",MU GROUP,115.00,189.00,39,En stock,N/A,
Justyol,Ventes Flash,All Best Selling,"Petit Sac Messenger Femme – Sac à Bandoulière avec Broderie, Sac à Main Mode avec Chaîne Tendance - white",MU GROUP,79.00,139.00,43,En stock,N/A,
Justyol,Ventes Flash,All Best Selling,"Tenue Élégante 3 Pièces pour Fille - Jupe Chic, Blouse Blanche et Veste Tricotée - Rose / 4y",JUSTYOL,199.00,428.40,54,En stock,N/A,
Justyol,Ventes Flash,All Best Selling,Chaussons Orthopédiques Unisexes - Confortables - blanc / 43,JUSTYOL,179.00,343.40,48,En stock,N/A,
Justyol,Ventes Flash,All Best Selling,"Enveloppe Téléphone et Boîtes de Pièces - Cuir Synthétique, Design Élégant et Pratique - prune",JUSTYOL,129.00,258.40,50,En stock,N/A,
Justyol,Ventes Flash,All Best Selling,Porte-cartes slim en cuir véritable Crazy Leather – Taba Nahita - Bleu pétrole / STD,GARBALIA,136.00,222.98,39,En stock,N/A,
Justyol,Ventes Flash,All Best Selling,Sandales Compensées Femme en Cuir Véritable Orthopédiques 7 cm - bej / 41,JWOMEN,139.00,357.00,61,En stock,N/A,
Justyol,Ventes Flash,All Best Selling,Chemise en muslin oversize à col mandarin à demi-boutonnage - noir / M,JUSTYOL,189.00,360.40,48,En stock,N/A,
Justyol,Ventes Flash,All Best Selling,"Hoodie Doux en Fleece Brossé - Confortable et Pré-Lavé, Idéal pour Toutes Occasions - noir / L/XL",JUSTYOL,259.00,479.40,46,En stock,N/A,
Justyol,Ventes Flash,All Best Selling,Portefeuille homme en cuir véritable RFID avec porte-monnaie – Noir naturel - Crazy vert / STD,GARBALIA,157.00,252.34,38,En stock,N/A,
Justyol,Ventes Flash,All Best Selling,Sneakers Homme Casual avec Design Moderne et Confortable – Idéales pour l’Usage Quotidien - Beige / 41,MU GROUP,179.00,278.60,36,En stock,N/A,
Justyol,Ventes Flash,All Best Selling,"Pantoufles Birkenstock pour femme, modèle quotidien avec double boucle, 1,5 cm de talon - bej / 40",JWOMEN,247.00,350.00,29,En stock,N/A,
Justyol,Ventes Flash,All Best Selling,JUSTYOL Short homme été coupe ajustée style casual tendance - bleu / M,JMEN,119.00,283.60,58,En stock,N/A,
Justyol,Ventes Flash,All Best Selling,"Tenue Élégante 3 Pièces pour Fille - Jupe Chic, Blouse Blanche et Veste Tricotée - Rose / 5y",JUSTYOL,199.00,428.40,54,En stock,N/A,
Justyol,Ventes Flash,All Best Selling,Chaussons Orthopédiques Unisexes - Confortables - blanc / 44,JUSTYOL,179.00,343.40,48,En stock,N/A,
Justyol,Ventes Flash,All Best Selling,"Enveloppe Téléphone et Boîtes de Pièces - Cuir Synthétique, Design Élégant et Pratique - lilas",JUSTYOL,129.00,258.40,50,En stock,N/A,
Justyol,Ventes Flash,All Best Selling,Chemise en muslin oversize à col mandarin à demi-boutonnage - noir / L,JUSTYOL,189.00,360.40,48,En stock,N/A,
Justyol,Ventes Flash,All Best Selling,"Hoodie Doux en Fleece Brossé - Confortable et Pré-Lavé, Idéal pour Toutes Occasions - bordeaux / S/M",JUSTYOL,259.00,479.40,46,En stock,N/A,
Justyol,Ventes Flash,All Best Selling,Portefeuille homme en cuir véritable RFID avec porte-monnaie – Noir naturel - bleu marine / STD,GARBALIA,157.00,252.34,38,En stock,N/A,
Justyol,Ventes Flash,All Best Selling,"Pantoufles Birkenstock pour femme, modèle quotidien avec double boucle, 1,5 cm de talon - bej / 39",JWOMEN,247.00,350.00,29,En stock,N/A,
Justyol,Ventes Flash,All Best Selling,JUSTYOL Short homme été coupe ajustée style casual tendance - bleu / L,JMEN,119.00,283.60,58,En stock,N/A,
Justyol,Ventes Flash,All Best Selling,"Tenue Élégante 3 Pièces pour Fille - Jupe Chic, Blouse Blanche et Veste Tricotée - Rose / 6y",JUSTYOL,199.00,428.40,54,En stock,N/A,
Justyol,Ventes Flash,All Best Selling,Chaussons Orthopédiques Unisexes - Confortables - blanc / 45,JUSTYOL,179.00,343.40,48,En stock,N/A,
Justyol,Ventes Flash,All Best Selling,"Enveloppe Téléphone et Boîtes de Pièces - Cuir Synthétique, Design Élégant et Pratique - vison",JUSTYOL,129.00,258.40,50,En stock,N/A,
Justyol,Ventes Flash,All Best Selling,Chemise en muslin oversize à col mandarin à demi-boutonnage - noir / XL,JUSTYOL,189.00,360.40,48,En stock,N/A,
Justyol,Ventes Flash,All Best Selling,"Hoodie Doux en Fleece Brossé - Confortable et Pré-Lavé, Idéal pour Toutes Occasions - bordeaux / M/L",JUSTYOL,259.00,479.40,46,En stock,N/A,
Justyol,Ventes Flash,All Best Selling,"Pantoufles Birkenstock pour femme, modèle quotidien avec double boucle, 1,5 cm de talon - bej / 37",JWOMEN,247.00,350.00,29,En stock,N/A,
Justyol,Ventes Flash,All Best Selling,JUSTYOL Short homme été coupe ajustée style casual tendance - vert / S,JMEN,119.00,283.60,58,En stock,N/A,
Justyol,Ventes Flash,All Best Selling,"Tenue Élégante 3 Pièces pour Fille - Jupe Chic, Blouse Blanche et Veste Tricotée - Rose / 7y",JUSTYOL,199.00,428.40,54,En stock,N/A,
Justyol,Ventes Flash,All Best Selling,Chaussons Orthopédiques Unisexes - Confortables - tabac / 36,JUSTYOL,179.00,343.40,48,En stock,N/A,
Justyol,Ventes Flash,All Best Selling,"Enveloppe Téléphone et Boîtes de Pièces - Cuir Synthétique, Design Élégant et Pratique - noir",JUSTYOL,129.00,258.40,50,En stock,N/A,
Justyol,Ventes Flash,All Best Selling,Chemise en muslin oversize à col mandarin à demi-boutonnage - blanc / S,JUSTYOL,189.00,360.40,48,En stock,N/A,
Justyol,Ventes Flash,All Best Selling,"Hoodie Doux en Fleece Brossé - Confortable et Pré-Lavé, Idéal pour Toutes Occasions - bordeaux / L/XL",JUSTYOL,259.00,479.40,46,En stock,N/A,
Justyol,Ventes Flash,All Best Selling,"Pantoufles Birkenstock pour femme, modèle quotidien avec double boucle, 1,5 cm de talon - vizon / 40",JWOMEN,247.00,350.00,29,En stock,N/A,
Justyol,Ventes Flash,All Best Selling,JUSTYOL Short homme été coupe ajustée style casual tendance - vert / L,JMEN,119.00,283.60,58,En stock,N/A,
Justyol,Ventes Flash,All Best Selling,"Tenue Élégante 3 Pièces pour Fille - Jupe Chic, Blouse Blanche et Veste Tricotée - Rose / 8y",JUSTYOL,199.00,428.40,54,En stock,N/A,
Justyol,Ventes Flash,All Best Selling,Chaussons Orthopédiques Unisexes - Confortables - tabac / 37,JUSTYOL,179.00,343.40,48,En stock,N/A,
Justyol,Ventes Flash,All Best Selling,Chemise en muslin oversize à col mandarin à demi-boutonnage - blanc / M,JUSTYOL,189.00,360.40,48,En stock,N/A,
Justyol,Ventes Flash,All Best Selling,"Hoodie Doux en Fleece Brossé - Confortable et Pré-Lavé, Idéal pour Toutes Occasions - blanc / S/M",JUSTYOL,259.00,479.40,46,En stock,N/A,
Justyol,Ventes Flash,All Best Selling,"Pantoufles Birkenstock pour femme, modèle quotidien avec double boucle, 1,5 cm de talon - vizon / 36",JWOMEN,247.00,350.00,29,En stock,N/A,
Justyol,Ventes Flash,All Best Selling,JUSTYOL Short homme été coupe ajustée style casual tendance - vert / XL,JMEN,119.00,283.60,58,En stock,N/A,
Justyol,Ventes Flash,All Best Selling,"Tenue Élégante 3 Pièces pour Fille - Jupe Chic, Blouse Blanche et Veste Tricotée - violet / 3y",JUSTYOL,199.00,428.40,54,En stock,N/A,
Justyol,Ventes Flash,All Best Selling,Chemise en muslin oversize à col mandarin à demi-boutonnage - blanc / XL,JUSTYOL,189.00,360.40,48,En stock,N/A,
Justyol,Ventes Flash,All Best Selling,"Hoodie Doux en Fleece Brossé - Confortable et Pré-Lavé, Idéal pour Toutes Occasions - blanc / M/L",JUSTYOL,259.00,479.40,46,En stock,N/A,
Justyol,Ventes Flash,All Best Selling,"Pantoufles Birkenstock pour femme, modèle quotidien avec double boucle, 1,5 cm de talon - vizon / 37",JWOMEN,247.00,350.00,29,En stock,N/A,
Justyol,Ventes Flash,All Best Selling,JUSTYOL Short homme été coupe ajustée style casual tendance - orange / S,JMEN,119.00,283.60,58,En stock,N/A,
Justyol,Ventes Flash,All Best Selling,"Tenue Élégante 3 Pièces pour Fille - Jupe Chic, Blouse Blanche et Veste Tricotée - violet / 4y",JUSTYOL,199.00,428.40,54,En stock,N/A,
Justyol,Ventes Flash,All Best Selling,Chemise en muslin oversize à col mandarin à demi-boutonnage - orange / M,JUSTYOL,189.00,360.40,48,En stock,N/A,
Justyol,Ventes Flash,All Best Selling,"Hoodie Doux en Fleece Brossé - Confortable et Pré-Lavé, Idéal pour Toutes Occasions - blanc / L/XL",JUSTYOL,259.00,479.40,46,En stock,N/A,
Justyol,Ventes Flash,All Best Selling,"Pantoufles Birkenstock pour femme, modèle quotidien avec double boucle, 1,5 cm de talon - vizon / 38",JWOMEN,247.00,350.00,29,En stock,N/A,
Justyol,Ventes Flash,All Best Selling,JUSTYOL Short homme été coupe ajustée style casual tendance - orange / M,JMEN,119.00,283.60,58,En stock,N/A,
Justyol,Ventes Flash,All Best Selling,"Tenue Élégante 3 Pièces pour Fille - Jupe Chic, Blouse Blanche et Veste Tricotée - violet / 5y",JUSTYOL,199.00,428.40,54,En stock,N/A,
Justyol,Ventes Flash,All Best Selling,Chemise en muslin oversize à col mandarin à demi-boutonnage - orange / XL,JUSTYOL,189.00,360.40,48,En stock,N/A,
Justyol,Ventes Flash,All Best Selling,"Hoodie Doux en Fleece Brossé - Confortable et Pré-Lavé, Idéal pour Toutes Occasions - bleu marine / S/M",JUSTYOL,259.00,479.40,46,En stock,N/A,
Justyol,Ventes Flash,All Best Selling,"Pantoufles Birkenstock pour femme, modèle quotidien avec double boucle, 1,5 cm de talon - taba / 40",JWOMEN,247.00,350.00,29,En stock,N/A,
Justyol,Ventes Flash,All Best Selling,JUSTYOL Short homme été coupe ajustée style casual tendance - orange / L,JMEN,119.00,283.60,58,En stock,N/A,
Justyol,Ventes Flash,All Best Selling,"Tenue Élégante 3 Pièces pour Fille - Jupe Chic, Blouse Blanche et Veste Tricotée - violet / 6y",JUSTYOL,199.00,428.40,54,En stock,N/A,
Justyol,Ventes Flash,All Best Selling,Chemise en muslin oversize à col mandarin à demi-boutonnage - bleu froid / S,JUSTYOL,189.00,360.40,48,En stock,N/A,
Justyol,Ventes Flash,All Best Selling,"Hoodie Doux en Fleece Brossé - Confortable et Pré-Lavé, Idéal pour Toutes Occasions - bleu marine / L/XL",JUSTYOL,259.00,479.40,46,En stock,N/A,
Justyol,Ventes Flash,All Best Selling,"Pantoufles Birkenstock pour femme, modèle quotidien avec double boucle, 1,5 cm de talon - taba / 39",JWOMEN,247.00,350.00,29,En stock,N/A,
Justyol,Ventes Flash,All Best Selling,JUSTYOL Short homme été coupe ajustée style casual tendance - orange / XL,JMEN,119.00,283.60,58,En stock,N/A,
Justyol,Ventes Flash,All Best Selling,"Tenue Élégante 3 Pièces pour Fille - Jupe Chic, Blouse Blanche et Veste Tricotée - violet / 7y",JUSTYOL,199.00,428.40,54,En stock,N/A,
Justyol,Ventes Flash,All Best Selling,"Hoodie Doux en Fleece Brossé - Confortable et Pré-Lavé, Idéal pour Toutes Occasions - kaki / S/M",JUSTYOL,259.00,479.40,46,En stock,N/A,
Justyol,Ventes Flash,All Best Selling,"Pantoufles Birkenstock pour femme, modèle quotidien avec double boucle, 1,5 cm de talon - taba / 38",JWOMEN,247.00,350.00,29,En stock,N/A,
Justyol,Ventes Flash,All Best Selling,JUSTYOL Short homme été coupe ajustée style casual tendance - jaune / S,JMEN,119.00,283.60,58,En stock,N/A,
Justyol,Ventes Flash,All Best Selling,"Tenue Élégante 3 Pièces pour Fille - Jupe Chic, Blouse Blanche et Veste Tricotée - noir / 5y",JUSTYOL,199.00,428.40,54,En stock,N/A,
Justyol,Ventes Flash,All Best Selling,JUSTYOL Short homme été coupe ajustée style casual tendance - jaune / L,JMEN,119.00,283.60,58,En stock,N/A,
Justyol,Ventes Flash,All Best Selling,"Tenue Élégante 3 Pièces pour Fille - Jupe Chic, Blouse Blanche et Veste Tricotée - noir / 6y",JUSTYOL,199.00,428.40,54,En stock,N/A,
Justyol,Ventes Flash,All Best Selling,Boîte repas carrée à 2 niveaux – lunch box – set de rangement – gamelle alimentaire - Pink,JHOME,59.00,96.00,39,En stock,N/A,
Justyol,Ventes Flash,All Best Selling,Ensemble jupe plissée avec détail nœud pour fille - Rouge / 3/6 M,JKIDS,169.00,338.00,50,En stock,N/A,
Justyol,Ventes Flash,All Best Selling,Baskets Sportives à Lacets pour Homme - Détails en Cuir Synthétique et Filet - haki / 41,JMEN,132.60,N/A,N/A,En stock,N/A,
Justyol,Ventes Flash,All Best Selling,Chaussure Homme Sportive avec Semelle Blanche Élevée – Légère et Confortable pour l'Usage Quotidien - Black / 41,MU GROUP,179.00,278.60,36,En stock,N/A,
Justyol,Ventes Flash,All Best Selling,Sac à Main Femme Imprimé Léopard – Sac Bandoulière Chic - black,MU GROUP,119.00,194.60,39,En stock,N/A,
Justyol,Ventes Flash,All Best Selling,"Chaussures Homme Blancs – Sneakers Tendances et Respirantes, Baskets de Sport et Loisirs, Chaussures Printemps Été 2025 - Beige / 41",MU GROUP,175.00,273.00,36,En stock,N/A,
Justyol,Ventes Flash,All Best Selling,Sac à Bandoulière Femme Décontracté Grande Capacité - black / (30cmx50cm),MU GROUP,149.00,236.60,37,En stock,N/A,
Justyol,Ventes Flash,All Best Selling,"Bottes Homme Noires – Bottines en Cuir Mode, Chaussures à Plateforme et à Fermeture Éclair, Bottes Moto Confortables - black / 41",MU GROUP,189.00,294.00,36,En stock,N/A,
Justyol,Ventes Flash,All Best Selling,"Ensemble de 11pcs Organisateurs de Voyage – Sacs de Rangement pour Vêtements, Articles de Toilette, Chaussures, et Accessoires - Blue",MU GROUP,219.00,343.00,36,En stock,N/A,
Justyol,Ventes Flash,All Best Selling,"Sac à Main Femme en Forme de Seau – Sac Picotin avec Motif Lychee, Sac à Bandoulière Tendance - Camel",MU GROUP,219.00,343.00,36,En stock,N/A,
Justyol,Ventes Flash,All Best Selling,"Sac à Main Femme en PU – Sac Bandoulière en Cuir Synthétique avec Fermeture à Rabat, Sac à Main Mode Tendance - Camel / 20X8X15cm",MU GROUP,105.00,175.00,40,En stock,N/A,
Justyol,Ventes Flash,All Best Selling,Sac à Main Femme Sous l’Aisselle avec Noeud – Sac Bandoulière Tendance et Polyvalent 2024 - Beige,MU GROUP,169.00,265.00,36,En stock,N/A,
Justyol,Ventes Flash,All Best Selling,"Sac à Main Femme Simple et Tendance – Sac à Bandoulière PU Cuir, Grand Sac Tote Multifonction - Brown",MU GROUP,110.00,180.60,39,En stock,N/A,
Justyol,Ventes Flash,All Best Selling,Combinaison fille Unicorn Cup – Tulum coton élastique confortable - gri / 3y,JKIDS,112.00,N/A,N/A,En stock,N/A,
Justyol,Ventes Flash,All Best Selling,"Chaussures de Randonnée Homme 2023 – Baskets de Course Outdoor, Loafers Antidérapants et Confortables pour Hiking. - Black / 42",MU GROUP,205.00,315.00,35,En stock,N/A,
Justyol,Ventes Flash,All Best Selling,Sac à Main Femme Vintage –Grande Capacité et Sac Bandoulière Pratique - Camel,MU GROUP,159.00,259.00,39,En stock,N/A,
Justyol,Ventes Flash,All Best Selling,"Housse de Chaise Lycra Élastique - Facile à Installer, Anti-Glisse et Lavable - petrol mavi / tek ebat",JUSTYOL,45.00,N/A,N/A,En stock,N/A,
Justyol,Ventes Flash,All Best Selling,"Sac à Main Femme Rétro – Sac à Bandoulière et Hobo Grand Capacité, Sac Soft Luxe et Pratique - Camel",MU GROUP,125.00,203.00,38,En stock,N/A,
Justyol,Ventes Flash,All Best Selling,Portefeuille unisexe en cuir véritable Crazy Leather zippé avec porte-monnaie – Taba Sydney - anthracite / STD,GARBALIA,183.00,289.02,37,En stock,N/A,
Justyol,Ventes Flash,All Best Selling,"Sac à Main Femme Été – Sac à Poignée Plissée PU, Sac Hobo de Mode et Sac à Bandoulière - Black / 28x17x7cm",MU GROUP,75.00,133.00,44,En stock,N/A,
Justyol,Ventes Flash,All Best Selling,"Sac à Maquillage Femme – Sac Cosmétique en Corduroy Doux, Sac Tendance Large Capacité avec Poignée - Camel",MU GROUP,65.00,118.00,45,En stock,N/A,
Justyol,Ventes Flash,All Best Selling,Sac à Main Femme Mini Selle – Sac Bandoulière Tendance avec Fermeture à Boucle et Zip - Green,MU GROUP,110.00,180.60,39,En stock,N/A,
Justyol,Ventes Flash,All Best Selling,Ensemble Lumia 2-5 Ans – Veste en Fourrure et Jupe à Carreaux - brown / 2Y,JUSTYOL,199.00,259.00,23,En stock,N/A,
Justyol,Ventes Flash,All Best Selling,Bottes Femme Casual Modernes avec Broderie Élégante – Talon Large à Hauteur Moyenne - green / 39,MU GROUP,125.00,203.00,38,En stock,N/A,
Justyol,Ventes Flash,All Best Selling,"Escarpins Slingback Femme à Talon 7,5 cm – Modèle Felya - beyaz / 42",JWOMEN,187.80,N/A,N/A,En stock,N/A,
Justyol,Ventes Flash,All Best Selling,Portefeuille femme vegan zippé avec porte-monnaie et multi-compartiments – Peru - Vison / STD,GARBALIA,79.00,142.27,44,En stock,N/A,
Justyol,Ventes Flash,All Best Selling,"Mocassins Homme Classiques – Chaussures Décontractées en Cuir Souple, Loafers Confortables et Respirants pour Homme - brown / 40",MU GROUP,169.00,264.60,36,En stock,N/A,
Justyol,Ventes Flash,All Best Selling,Set de 3 paniers organisateurs rétro multi-usages avec poignées en bois - STD,JHOME,142.00,204.00,30,En stock,N/A,
Justyol,Ventes Flash,All Best Selling,t‑shirt homme polo demi‑zip extensible - café / s,JMEN,161.00,322.00,50,En stock,N/A,
Justyol,Ventes Flash,All Best Selling,"Chaussures Homme en Cuir Classiques – Baskets à Semelle Épaisse, Chaussures de Marche Tendances et Confortables - Brown / 40",MU GROUP,189.00,285.60,34,En stock,N/A,
Justyol,Ventes Flash,All Best Selling,Ensemble jupe plissée avec détail nœud pour fille - NOIR / 3/6 M,JKIDS,169.00,338.00,50,En stock,N/A,
Justyol,Ventes Flash,All Best Selling,Chaussure Homme Sportive avec Semelle Blanche Élevée – Légère et Confortable pour l'Usage Quotidien - Black / 44,MU GROUP,179.00,278.60,36,En stock,N/A,
Justyol,Ventes Flash,All Best Selling,"Bottes Homme Noires – Bottines en Cuir Mode, Chaussures à Plateforme et à Fermeture Éclair, Bottes Moto Confortables - black / 43",MU GROUP,189.00,294.00,36,En stock,N/A,
Justyol,Ventes Flash,All Best Selling,"Sac à Main Femme en Forme de Seau – Sac Picotin avec Motif Lychee, Sac à Bandoulière Tendance - Black",MU GROUP,219.00,343.00,36,En stock,N/A,
Justyol,Ventes Flash,All Best Selling,"Sac à Main Femme Simple et Tendance – Sac à Bandoulière PU Cuir, Grand Sac Tote Multifonction - Black",MU GROUP,110.00,180.60,39,En stock,N/A,
Justyol,Ventes Flash,All Best Selling,Combinaison fille Unicorn Cup – Tulum coton élastique confortable - gri / 4y,JKIDS,112.00,N/A,N/A,En stock,N/A,
Justyol,Ventes Flash,All Best Selling,"Housse de Chaise Lycra Élastique - Facile à Installer, Anti-Glisse et Lavable - siyah / tek ebat",JUSTYOL,45.00,N/A,N/A,En stock,N/A,
Justyol,Ventes Flash,All Best Selling,Portefeuille unisexe en cuir véritable Crazy Leather zippé avec porte-monnaie – Taba Sydney - Crazy gris / STD,GARBALIA,183.00,289.02,37,En stock,N/A,
Justyol,Ventes Flash,All Best Selling,"Sac à Maquillage Femme – Sac Cosmétique en Corduroy Doux, Sac Tendance Large Capacité avec Poignée - black",MU GROUP,65.00,118.00,45,En stock,N/A,
Justyol,Ventes Flash,All Best Selling,Sac à Main Femme Mini Selle – Sac Bandoulière Tendance avec Fermeture à Boucle et Zip - Black,MU GROUP,110.00,180.60,39,En stock,N/A,
Justyol,Ventes Flash,All Best Selling,Ensemble Lumia 2-5 Ans – Veste en Fourrure et Jupe à Carreaux - brown / 3Y,JUSTYOL,199.00,259.00,23,En stock,N/A,
Justyol,Ventes Flash,All Best Selling,"Escarpins Slingback Femme à Talon 7,5 cm – Modèle Felya - platin / 37",JWOMEN,187.80,N/A,N/A,En stock,N/A,
Justyol,Ventes Flash,All Best Selling,"Mocassins Homme Classiques – Chaussures Décontractées en Cuir Souple, Loafers Confortables et Respirants pour Homme - black / 41",MU GROUP,169.00,264.60,36,En stock,N/A,
Justyol,Ventes Flash,All Best Selling,Set de 3 paniers organisateurs rétro multi-usages avec poignées en bois - beyaz,JHOME,142.00,204.00,30,En stock,N/A,
Justyol,Ventes Flash,All Best Selling,t‑shirt homme polo demi‑zip extensible - café / m,JMEN,161.00,322.00,50,En stock,N/A,
Justyol,Ventes Flash,All Best Selling,Ensemble jupe plissée avec détail nœud pour fille - NOIR / 2y,JKIDS,169.00,338.00,50,En stock,N/A,
Justyol,Ventes Flash,All Best Selling,Combinaison fille Unicorn Cup – Tulum coton élastique confortable - gri / 5y,JKIDS,112.00,N/A,N/A,En stock,N/A,
Justyol,Ventes Flash,All Best Selling,"Housse de Chaise Lycra Élastique - Facile à Installer, Anti-Glisse et Lavable - vizon / tek ebat",JUSTYOL,45.00,N/A,N/A,En stock,N/A,
Justyol,Ventes Flash,All Best Selling,Portefeuille unisexe en cuir véritable Crazy Leather zippé avec porte-monnaie – Taba Sydney - Crazy vert / STD,GARBALIA,183.00,289.02,37,En stock,N/A,
Justyol,Ventes Flash,All Best Selling,Sac à Main Femme Mini Selle – Sac Bandoulière Tendance avec Fermeture à Boucle et Zip - Camel,MU GROUP,110.00,180.60,39,En stock,N/A,
Justyol,Ventes Flash,All Best Selling,Ensemble Lumia 2-5 Ans – Veste en Fourrure et Jupe à Carreaux - brown / 4Y,JUSTYOL,199.00,259.00,23,En stock,N/A,
Justyol,Ventes Flash,All Best Selling,"Escarpins Slingback Femme à Talon 7,5 cm – Modèle Felya - beyaz / 38",JWOMEN,187.80,N/A,N/A,En stock,N/A,
Justyol,Ventes Flash,All Best Selling,t‑shirt homme polo demi‑zip extensible - café / xl,JMEN,161.00,322.00,50,En stock,N/A,
Justyol,Ventes Flash,All Best Selling,Ensemble jupe plissée avec détail nœud pour fille - Rose / 3/6 M,JKIDS,169.00,338.00,50,En stock,N/A,
Justyol,Ventes Flash,All Best Selling,Combinaison fille Unicorn Cup – Tulum coton élastique confortable - gri / 6y,JKIDS,112.00,N/A,N/A,En stock,N/A,
Justyol,Ventes Flash,All Best Selling,Ensemble Lumia 2-5 Ans – Veste en Fourrure et Jupe à Carreaux - brown / 5Y,JUSTYOL,199.00,259.00,23,En stock,N/A,
Justyol,Ventes Flash,All Best Selling,"Escarpins Slingback Femme à Talon 7,5 cm – Modèle Felya - leopar / 42",JWOMEN,187.80,N/A,N/A,En stock,N/A,
Justyol,Ventes Flash,All Best Selling,t‑shirt homme polo demi‑zip extensible - noir / s,JMEN,161.00,322.00,50,En stock,N/A,
Justyol,Ventes Flash,All Best Selling,Ensemble jupe plissée avec détail nœud pour fille - Rose / 2y,JKIDS,169.00,338.00,50,En stock,N/A,
Justyol,Ventes Flash,All Best Selling,Combinaison fille Unicorn Cup – Tulum coton élastique confortable - gri / 8y,JKIDS,112.00,N/A,N/A,En stock,N/A,
Justyol,Ventes Flash,All Best Selling,Ensemble Lumia 2-5 Ans – Veste en Fourrure et Jupe à Carreaux - black / 2Y,JUSTYOL,199.00,259.00,23,En stock,N/A,
Justyol,Ventes Flash,All Best Selling,"Escarpins Slingback Femme à Talon 7,5 cm – Modèle Felya - siyah / 41",JWOMEN,187.80,N/A,N/A,En stock,N/A,
Justyol,Ventes Flash,All Best Selling,t‑shirt homme polo demi‑zip extensible - noir / m,JMEN,161.00,322.00,50,En stock,N/A,
Justyol,Ventes Flash,All Best Selling,Combinaison fille Unicorn Cup – Tulum coton élastique confortable - gri / 9y,JKIDS,112.00,N/A,N/A,En stock,N/A,
Justyol,Ventes Flash,All Best Selling,Ensemble Lumia 2-5 Ans – Veste en Fourrure et Jupe à Carreaux - black / 3Y,JUSTYOL,199.00,259.00,23,En stock,N/A,
Justyol,Ventes Flash,All Best Selling,t‑shirt homme polo demi‑zip extensible - noir / xl,JMEN,161.00,322.00,50,En stock,N/A,
Justyol,Ventes Flash,All Best Selling,Ensemble Lumia 2-5 Ans – Veste en Fourrure et Jupe à Carreaux - black / 4Y,JUSTYOL,199.00,259.00,23,En stock,N/A,
Justyol,Ventes Flash,All Best Selling,t‑shirt homme polo demi‑zip extensible - bleu marine / xl,JMEN,161.00,322.00,50,En stock,N/A,
Justyol,Ventes Flash,All Best Selling,Ensemble Lumia 2-5 Ans – Veste en Fourrure et Jupe à Carreaux - black / 5Y,JUSTYOL,199.00,259.00,23,En stock,N/A,
Justyol,Ventes Flash,All Best Selling,Ensemble Lumia 2-5 Ans – Veste en Fourrure et Jupe à Carreaux - beige / 2Y,JUSTYOL,199.00,259.00,23,En stock,N/A,
Justyol,Ventes Flash,All Best Selling,Ensemble Lumia 2-5 Ans – Veste en Fourrure et Jupe à Carreaux - beige / 3Y,JUSTYOL,199.00,259.00,23,En stock,N/A,
Justyol,Ventes Flash,All Best Selling,Ensemble Lumia 2-5 Ans – Veste en Fourrure et Jupe à Carreaux - beige / 4Y,JUSTYOL,199.00,259.00,23,En stock,N/A,
Justyol,Ventes Flash,All Best Selling,Ensemble Lumia 2-5 Ans – Veste en Fourrure et Jupe à Carreaux - beige / 5Y,JUSTYOL,199.00,259.00,23,En stock,N/A,
Justyol,Ventes Flash,All Best Selling,"Chaussures Homme Respirantes et Légères – Baskets Casual et Outils, Chaussures de Travail et de Loisirs, Modèle 2025 - green / 42",MU GROUP,185.00,287.00,36,En stock,N/A,
Justyol,Ventes Flash,All Best Selling,"Ensemble bébé fille 3 pièces – Blouse, short et bandeau - red / 18 m",JKIDS,89.40,224.80,60,En stock,N/A,
Justyol,Ventes Flash,All Best Selling,Nappe en tissu polyester imprimé à motifs kilim (140 × 180 cm) - gris,JUSTYOL,129.00,507.00,75,En stock,N/A,
Justyol,Ventes Flash,All Best Selling,"Sac de Rangement Brodé Femme – Sac Cosmétiques Grand Volume, Sac de Voyage Portable, Étui à Crayons Élégant - Beige",MU GROUP,159.00,251.00,37,En stock,N/A,
Justyol,Ventes Flash,All Best Selling,Ballerines sneakers fille holographiques Unicorn 3D – Chaussures confort enfant - gri hologram / 34,JKIDS,167.40,409.00,59,En stock,N/A,
Justyol,Ventes Flash,All Best Selling,"Organisateur de Maquillage Femme – Trousse de Voyage Cosmétique de Luxe, Sac de Rangement pour Cosmétiques avec Fermeture à Zip - black",MU GROUP,75.00,133.00,44,En stock,N/A,
Justyol,Ventes Flash,All Best Selling,Ensemble bébé fille été robe et bloomer avec nœud - SAUMON / 6M,JKIDS,77.40,200.80,61,En stock,N/A,
Justyol,Ventes Flash,All Best Selling,Sneakers Femme Sportives et Casual avec Design Moderne – Confort et Élégance pour l'Usage Quotidien - Beige / 38,MU GROUP,169.00,264.60,36,En stock,N/A,
Justyol,Ventes Flash,All Best Selling,"Sac à Main Femme – Sac Sous l'Aisselle Plissé, Sac Bandoulière en Silhouette Selle - Pink",MU GROUP,115.00,189.00,39,En stock,N/A,
Justyol,Ventes Flash,All Best Selling,Ensemble tricoté avec broderie de nounours - beige / 2Y,JUSTYOL,205.00,266.00,23,En stock,N/A,
Justyol,Ventes Flash,All Best Selling,"Sac à Main Femme – Sac à Bandoulière et Sous l'Aisselle avec Nœud, Sac Mode PU Élégant et Léger - Coffee / 22x9x17cm",MU GROUP,215.00,334.60,36,En stock,N/A,
Justyol,Ventes Flash,All Best Selling,Pull Homme en Tricot Selanik Oversize à Demi-Fermeture - écru / m,JMEN,164.00,374.68,56,En stock,N/A,
Justyol,Ventes Flash,All Best Selling,Ensemble en simili-cuir avec gilet en fourrure pour fille - brown / 4Y,JUSTYOL,189.00,245.00,23,En stock,N/A,
Justyol,Ventes Flash,All Best Selling,Sac à Main Femme Petit Sac Armpit en Cuir PU – Sac Bandoulière Chaîne Tendance pour l'Été - beige,MU GROUP,125.00,203.00,38,En stock,N/A,
Justyol,Ventes Flash,All Best Selling,Sac à Main Femme Luxe – Sac Tote Élégant - black,MU GROUP,159.00,250.60,37,En stock,N/A,
Justyol,Ventes Flash,All Best Selling,Sneakers Femme Confortables et Pratiques avec Semelle en Caoutchouc Antidérapante - Grey / 38,MU GROUP,165.00,264.60,38,En stock,N/A,
Justyol,Ventes Flash,All Best Selling,"Chaussures Baskets Homme Été – Sneakers Respirantes et Casual, Chaussures Outdoor Fashion avec Lacets - Beige / 42",MU GROUP,199.00,306.60,35,En stock,N/A,
Justyol,Ventes Flash,All Best Selling,Bottes Femme Longues avec Fermeture Éclair Latérale – Confort et Élégance avec Talon Bas - Camel / 37,MU GROUP,279.00,418.60,33,En stock,N/A,
Justyol,Ventes Flash,All Best Selling,Ensemble Bébé Salopette et Chemise avec Chapeau Motif Ourson - orange / 18m,JKIDS,94.80,235.60,60,En stock,N/A,
Justyol,Ventes Flash,All Best Selling,"Sac à Main Femme Vintage en Cuir PU – Sac Bandoulière Retro, Sac Croisé à Couleur Unie - Black",MU GROUP,175.00,273.00,36,En stock,N/A,
Justyol,Ventes Flash,All Best Selling,"Boîte de Rangement Silicone Joie – Contenant Fraîcheur pour Fruits et Légumes, Anti-Oxydation, Étanchéité - Onion Pod",MU GROUP,49.00,96.60,49,En stock,N/A,
Justyol,Ventes Flash,All Best Selling,Gilet homme sport déperlant et coupe-vent - noir / xxl,JMEN,211.10,422.20,50,En stock,N/A,
Justyol,Ventes Flash,All Best Selling,Chaussure Femme Classique à Semelle Basse – Design Moderne et Élégant - black / 39,MU GROUP,175.00,278.60,37,En stock,N/A,
Justyol,Ventes Flash,All Best Selling,Sac Messenger Homme Vertical en Cuir PU – Sac Bandoulière Business Casual Style Coréen - Brown,MU GROUP,95.00,159.60,40,En stock,N/A,
Justyol,Ventes Flash,All Best Selling,103901 Chemise oversize basique modeste pour femme - Vert / 38,JWOMEN,144.00,407.00,65,En stock,N/A,
Justyol,Ventes Flash,All Best Selling,Bottes Femme Luxueuses et Modernes avec Semelle Épaisse – Look Puissant et Tendance - black / 40,MU GROUP,199.00,306.60,35,En stock,N/A,
Justyol,Ventes Flash,All Best Selling,Housse parure de Lit imprimés - 4 Pièces - Bohème / 90/190/35,MAISON GOOD AND WELL,340.00,511.00,33,En stock,N/A,
Justyol,Ventes Flash,All Best Selling,Bottes Femme Hiver Élégantes et Imperméables – Design Pratique pour Tous les Looks - Suede beige / 38,MU GROUP,199.00,315.00,37,En stock,N/A,
Justyol,Ventes Flash,All Best Selling,Chemise homme rayée en coton manches longues Carina - blanc-noir / S,JMEN,147.00,294.00,50,En stock,N/A,
Justyol,Ventes Flash,All Best Selling,"Sac à Main Femme Vintage en Cuir PU – Sac à Bandoulière à Double Poignées, Sac Crossbody Solide et Élégant - Khaki / 23x15x8cm",MU GROUP,129.00,208.60,38,En stock,N/A,
Justyol,Ventes Flash,All Best Selling,"Sac à Main Femme Été – Sac à Bandoulière Noir, Sac Tote Grande Capacité, Sac Commuter Tendance - black / 38*13*26",MU GROUP,149.00,236.00,37,En stock,N/A,
Justyol,Ventes Flash,All Best Selling,Ensemble 2/5 Ans – Robe à Manches Longues et Jupe à Carreaux pour Enfant - black / 2Y,JUSTYOL,135.00,176.00,23,En stock,N/A,
Justyol,Ventes Flash,All Best Selling,Poncho cardigan homme uni en maille avec capuche - bordeaux / L/XL,JMEN,211.10,422.20,50,En stock,N/A,
Justyol,Ventes Flash,All Best Selling,"Mini Sac à Main Femme – Sac Rétro Carré, Sac à Bandoulière et Messenger Élégant et Polyvalent - Black",MU GROUP,105.00,175.00,40,En stock,N/A,
Justyol,Ventes Flash,All Best Selling,"Chaussures Homme Respirantes et Légères – Baskets Casual et Outils, Chaussures de Travail et de Loisirs, Modèle 2025 - gray / 40",MU GROUP,185.00,287.00,36,En stock,N/A,
Justyol,Ventes Flash,All Best Selling,"Ensemble bébé fille 3 pièces – Blouse, short et bandeau - red / 12 m",JKIDS,89.40,224.80,60,En stock,N/A,
Justyol,Ventes Flash,All Best Selling,"Sac de Rangement Brodé Femme – Sac Cosmétiques Grand Volume, Sac de Voyage Portable, Étui à Crayons Élégant - Pink",MU GROUP,159.00,251.00,37,En stock,N/A,
Justyol,Ventes Flash,All Best Selling,"Organisateur de Maquillage Femme – Trousse de Voyage Cosmétique de Luxe, Sac de Rangement pour Cosmétiques avec Fermeture à Zip - pink",MU GROUP,75.00,133.00,44,En stock,N/A,
Justyol,Ventes Flash,All Best Selling,Ensemble bébé fille été robe et bloomer avec nœud - SAUMON / 12M,JKIDS,77.40,200.80,61,En stock,N/A,
Justyol,Ventes Flash,All Best Selling,"Sac à Main Femme – Sac Sous l'Aisselle Plissé, Sac Bandoulière en Silhouette Selle - black",MU GROUP,115.00,189.00,39,En stock,N/A,
Justyol,Ventes Flash,All Best Selling,Ensemble tricoté avec broderie de nounours - beige / 3Y,JUSTYOL,205.00,266.00,23,En stock,N/A,
Justyol,Ventes Flash,All Best Selling,"Sac à Main Femme – Sac à Bandoulière et Sous l'Aisselle avec Nœud, Sac Mode PU Élégant et Léger - Black / 22x9x17cm",MU GROUP,215.00,334.60,36,En stock,N/A,
Justyol,Ventes Flash,All Best Selling,Pull Homme en Tricot Selanik Oversize à Demi-Fermeture - noir / m,JMEN,164.00,374.68,56,En stock,N/A,
Justyol,Ventes Flash,All Best Selling,Ensemble en simili-cuir avec gilet en fourrure pour fille - dried rose / 2Y,JUSTYOL,189.00,245.00,23,En stock,N/A,
Justyol,Ventes Flash,All Best Selling,Sac à Main Femme Petit Sac Armpit en Cuir PU – Sac Bandoulière Chaîne Tendance pour l'Été - black,MU GROUP,125.00,203.00,38,En stock,N/A,
Justyol,Ventes Flash,All Best Selling,Sac à Main Femme Luxe – Sac Tote Élégant - red,MU GROUP,159.00,250.60,37,En stock,N/A,
Justyol,Ventes Flash,All Best Selling,Sneakers Femme Confortables et Pratiques avec Semelle en Caoutchouc Antidérapante - Grey / 39,MU GROUP,165.00,264.60,38,En stock,N/A,
Justyol,Ventes Flash,All Best Selling,Ensemble Bébé Salopette et Chemise avec Chapeau Motif Ourson - BLUE / 6M,JKIDS,94.80,235.60,60,En stock,N/A,
Justyol,Ventes Flash,All Best Selling,"Boîte de Rangement Silicone Joie – Contenant Fraîcheur pour Fruits et Légumes, Anti-Oxydation, Étanchéité - Avocado Pod",MU GROUP,49.00,96.60,49,En stock,N/A,
Justyol,Ventes Flash,All Best Selling,Gilet homme sport déperlant et coupe-vent - kaki / xxl,JMEN,211.10,422.20,50,En stock,N/A,
Justyol,Ventes Flash,All Best Selling,Sac Messenger Homme Vertical en Cuir PU – Sac Bandoulière Business Casual Style Coréen - Black,MU GROUP,95.00,159.60,40,En stock,N/A,
Justyol,Ventes Flash,All Best Selling,103901 Chemise oversize basique modeste pour femme - Vert / 36,JWOMEN,144.00,407.00,65,En stock,N/A,
Justyol,Ventes Flash,All Best Selling,Housse parure de Lit imprimés - 4 Pièces - Bohème / 140/200/35,MAISON GOOD AND WELL,340.00,511.00,33,En stock,N/A,
Justyol,Ventes Flash,All Best Selling,Chemise homme rayée en coton manches longues Carina - blanc-bleu / XL,JMEN,147.00,294.00,50,En stock,N/A,
Justyol,Ventes Flash,All Best Selling,"Sac à Main Femme Vintage en Cuir PU – Sac à Bandoulière à Double Poignées, Sac Crossbody Solide et Élégant - Beige / 23x15x8cm",MU GROUP,129.00,208.60,38,En stock,N/A,
Justyol,Ventes Flash,All Best Selling,"Sac à Main Femme Été – Sac à Bandoulière Noir, Sac Tote Grande Capacité, Sac Commuter Tendance - brown / 38*13*26",MU GROUP,149.00,236.00,37,En stock,N/A,
Justyol,Ventes Flash,All Best Selling,Ensemble 2/5 Ans – Robe à Manches Longues et Jupe à Carreaux pour Enfant - black / 4Y,JUSTYOL,135.00,176.00,23,En stock,N/A,
Justyol,Ventes Flash,All Best Selling,"Mini Sac à Main Femme – Sac Rétro Carré, Sac à Bandoulière et Messenger Élégant et Polyvalent - White",MU GROUP,105.00,175.00,40,En stock,N/A,
Justyol,Ventes Flash,All Best Selling,"Ensemble bébé fille 3 pièces – Blouse, short et bandeau - fuchsia / 18 m",JKIDS,89.40,224.80,60,En stock,N/A,
Justyol,Ventes Flash,All Best Selling,"Sac de Rangement Brodé Femme – Sac Cosmétiques Grand Volume, Sac de Voyage Portable, Étui à Crayons Élégant - Red",MU GROUP,159.00,251.00,37,En stock,N/A,
Justyol,Ventes Flash,All Best Selling,Ensemble bébé fille été robe et bloomer avec nœud - SAUMON / 18M,JKIDS,77.40,200.80,61,En stock,N/A,
Justyol,Ventes Flash,All Best Selling,"Sac à Main Femme – Sac Sous l'Aisselle Plissé, Sac Bandoulière en Silhouette Selle - Green",MU GROUP,115.00,189.00,39,En stock,N/A,
Justyol,Ventes Flash,All Best Selling,Ensemble tricoté avec broderie de nounours - beige / 5Y,JUSTYOL,205.00,266.00,23,En stock,N/A,
Justyol,Ventes Flash,All Best Selling,Ensemble en simili-cuir avec gilet en fourrure pour fille - dried rose / 3Y,JUSTYOL,189.00,245.00,23,En stock,N/A,
Justyol,Ventes Flash,All Best Selling,Sac à Main Femme Petit Sac Armpit en Cuir PU – Sac Bandoulière Chaîne Tendance pour l'Été - White,MU GROUP,125.00,203.00,38,En stock,N/A,
Justyol,Ventes Flash,All Best Selling,Ensemble Bébé Salopette et Chemise avec Chapeau Motif Ourson - BLUE / 18m,JKIDS,94.80,235.60,60,En stock,N/A,
Justyol,Ventes Flash,All Best Selling,"Boîte de Rangement Silicone Joie – Contenant Fraîcheur pour Fruits et Légumes, Anti-Oxydation, Étanchéité - Tomato Pod",MU GROUP,49.00,96.60,49,En stock,N/A,
Justyol,Ventes Flash,All Best Selling,Sac Messenger Homme Vertical en Cuir PU – Sac Bandoulière Business Casual Style Coréen - Camel,MU GROUP,95.00,159.60,40,En stock,N/A,
Justyol,Ventes Flash,All Best Selling,103901 Chemise oversize basique modeste pour femme - Vert émeraude / 36,JWOMEN,144.00,407.00,65,En stock,N/A,
Justyol,Ventes Flash,All Best Selling,Housse parure de Lit imprimés - 4 Pièces - Bohème / 160/200/35,MAISON GOOD AND WELL,340.00,511.00,33,En stock,N/A,
Justyol,Ventes Flash,All Best Selling,Chemise homme rayée en coton manches longues Carina - jaune / M,JMEN,147.00,294.00,50,En stock,N/A,
Justyol,Ventes Flash,All Best Selling,"Sac à Main Femme Vintage en Cuir PU – Sac à Bandoulière à Double Poignées, Sac Crossbody Solide et Élégant - Brown / 23x15x8cm",MU GROUP,129.00,208.60,38,En stock,N/A,
Justyol,Ventes Flash,All Best Selling,"Sac à Main Femme Été – Sac à Bandoulière Noir, Sac Tote Grande Capacité, Sac Commuter Tendance - camel / 38*13*26",MU GROUP,149.00,236.00,37,En stock,N/A,
Justyol,Ventes Flash,All Best Selling,Ensemble 2/5 Ans – Robe à Manches Longues et Jupe à Carreaux pour Enfant - black / 5Y,JUSTYOL,135.00,176.00,23,En stock,N/A,
Justyol,Ventes Flash,All Best Selling,Ensemble tricoté avec broderie de nounours - black / 2Y,JUSTYOL,205.00,266.00,23,En stock,N/A,
Justyol,Ventes Flash,All Best Selling,Ensemble en simili-cuir avec gilet en fourrure pour fille - dried rose / 4Y,JUSTYOL,189.00,245.00,23,En stock,N/A,
Justyol,Ventes Flash,All Best Selling,103901 Chemise oversize basique modeste pour femme - Rose / 36,JWOMEN,144.00,407.00,65,En stock,N/A,
Justyol,Ventes Flash,All Best Selling,Housse parure de Lit imprimés - 4 Pièces - Brise florale / 90/190/35,MAISON GOOD AND WELL,340.00,511.00,33,En stock,N/A,
Justyol,Ventes Flash,All Best Selling,"Sac à Main Femme Vintage en Cuir PU – Sac à Bandoulière à Double Poignées, Sac Crossbody Solide et Élégant - Black / 23x15x8cm",MU GROUP,129.00,208.60,38,En stock,N/A,
Justyol,Ventes Flash,All Best Selling,"Sac à Main Femme Été – Sac à Bandoulière Noir, Sac Tote Grande Capacité, Sac Commuter Tendance - beige / 38*13*26",MU GROUP,149.00,236.00,37,En stock,N/A,
Justyol,Ventes Flash,All Best Selling,Ensemble 2/5 Ans – Robe à Manches Longues et Jupe à Carreaux pour Enfant - khaki / 3Y,JUSTYOL,135.00,176.00,23,En stock,N/A,
Justyol,Ventes Flash,All Best Selling,Ensemble tricoté avec broderie de nounours - black / 3Y,JUSTYOL,205.00,266.00,23,En stock,N/A,
Justyol,Ventes Flash,All Best Selling,Ensemble en simili-cuir avec gilet en fourrure pour fille - dried rose / 5Y,JUSTYOL,189.00,245.00,23,En stock,N/A,
Justyol,Ventes Flash,All Best Selling,103901 Chemise oversize basique modeste pour femme - Rose / 42,JWOMEN,144.00,407.00,65,En stock,N/A,
Justyol,Ventes Flash,All Best Selling,Housse parure de Lit imprimés - 4 Pièces - Brise florale / 140/200/35,MAISON GOOD AND WELL,340.00,511.00,33,En stock,N/A,
Justyol,Ventes Flash,All Best Selling,Ensemble 2/5 Ans – Robe à Manches Longues et Jupe à Carreaux pour Enfant - khaki / 4Y,JUSTYOL,135.00,176.00,23,En stock,N/A,
Justyol,Ventes Flash,All Best Selling,Ensemble tricoté avec broderie de nounours - black / 5Y,JUSTYOL,205.00,266.00,23,En stock,N/A,
Justyol,Ventes Flash,All Best Selling,103901 Chemise oversize basique modeste pour femme - Vert d’eau / 36,JWOMEN,144.00,407.00,65,En stock,N/A,
Justyol,Ventes Flash,All Best Selling,Housse parure de Lit imprimés - 4 Pièces - Brise florale / 160/200/35,MAISON GOOD AND WELL,340.00,511.00,33,En stock,N/A,
Justyol,Ventes Flash,All Best Selling,Ensemble 2/5 Ans – Robe à Manches Longues et Jupe à Carreaux pour Enfant - khaki / 5Y,JUSTYOL,135.00,176.00,23,En stock,N/A,
Justyol,Ventes Flash,All Best Selling,Ensemble tricoté avec broderie de nounours - gray / 2Y,JUSTYOL,205.00,266.00,23,En stock,N/A,
Justyol,Ventes Flash,All Best Selling,103901 Chemise oversize basique modeste pour femme - g.Vert / 38,JWOMEN,144.00,407.00,65,En stock,N/A,
Justyol,Ventes Flash,All Best Selling,Housse parure de Lit imprimés - 4 Pièces - Brise florale / 180/200/35,MAISON GOOD AND WELL,340.00,511.00,33,En stock,N/A,
Justyol,Ventes Flash,All Best Selling,Ensemble 2/5 Ans – Robe à Manches Longues et Jupe à Carreaux pour Enfant - red / 2Y,JUSTYOL,135.00,176.00,23,En stock,N/A,
Justyol,Ventes Flash,All Best Selling,Ensemble tricoté avec broderie de nounours - gray / 3Y,JUSTYOL,205.00,266.00,23,En stock,N/A,
Justyol,Ventes Flash,All Best Selling,Housse parure de Lit imprimés - 4 Pièces - Floralia / 90/190/35,MAISON GOOD AND WELL,340.00,511.00,33,En stock,N/A,
Justyol,Ventes Flash,All Best Selling,Ensemble 2/5 Ans – Robe à Manches Longues et Jupe à Carreaux pour Enfant - red / 3Y,JUSTYOL,135.00,176.00,23,En stock,N/A,
Justyol,Ventes Flash,All Best Selling,Ensemble tricoté avec broderie de nounours - gray / 4Y,JUSTYOL,205.00,266.00,23,En stock,N/A,
Justyol,Ventes Flash,All Best Selling,Housse parure de Lit imprimés - 4 Pièces - Floralia / 140/200/35,MAISON GOOD AND WELL,340.00,511.00,33,En stock,N/A,
Justyol,Ventes Flash,All Best Selling,Ensemble 2/5 Ans – Robe à Manches Longues et Jupe à Carreaux pour Enfant - red / 4Y,JUSTYOL,135.00,176.00,23,En stock,N/A,
Justyol,Ventes Flash,All Best Selling,Ensemble tricoté avec broderie de nounours - gray / 5Y,JUSTYOL,205.00,266.00,23,En stock,N/A,
Justyol,Ventes Flash,All Best Selling,Housse parure de Lit imprimés - 4 Pièces - Floralia / 160/200/35,MAISON GOOD AND WELL,340.00,511.00,33,En stock,N/A,
Justyol,Ventes Flash,All Best Selling,Ensemble 2/5 Ans – Robe à Manches Longues et Jupe à Carreaux pour Enfant - red / 5Y,JUSTYOL,135.00,176.00,23,En stock,N/A,
Justyol,Ventes Flash,All Best Selling,Housse parure de Lit imprimés - 4 Pièces - Floralia / 180/200/35,MAISON GOOD AND WELL,340.00,511.00,33,En stock,N/A,
Justyol,Ventes Flash,All Best Selling,Housse parure de Lit imprimés - 4 Pièces - White flowers / 90/190/35,MAISON GOOD AND WELL,340.00,511.00,33,En stock,N/A,
Justyol,Ventes Flash,All Best Selling,Housse parure de Lit imprimés - 4 Pièces - White flowers / 140/200/35,MAISON GOOD AND WELL,340.00,511.00,33,En stock,N/A,
Justyol,Ventes Flash,All Best Selling,Housse parure de Lit imprimés - 4 Pièces - White flowers / 160/200/35,MAISON GOOD AND WELL,340.00,511.00,33,En stock,N/A,
Justyol,Ventes Flash,All Best Selling,Housse parure de Lit imprimés - 4 Pièces - White flowers / 180/200/35,MAISON GOOD AND WELL,340.00,511.00,33,En stock,N/A,
Justyol,Ventes Flash,All Best Selling,chemise homme oxford lycra manches longues élégante - beige / XL,JMEN,147.00,294.00,50,En stock,N/A,
Justyol,Ventes Flash,All Best Selling,Chaussure Femme Hiver avec Doublure en Fourrure – Pratique et Confortable - Brown / 38,MU GROUP,149.00,236.60,37,En stock,N/A,
Justyol,Ventes Flash,All Best Selling,"Polo pour homme en tricot à col polo avec logo sur la poitrine, coupe standard - 87768 - blanc / xxl",JMEN,111.00,N/A,N/A,En stock,N/A,
Justyol,Ventes Flash,All Best Selling,Ensemble Garçon 2/5 Ans – T-shirt et Veste à Capuche avec Jean - beige / 2Y,JUSTYOL,265.00,345.00,23,En stock,N/A,
Justyol,Ventes Flash,All Best Selling,Pot à Huile en Céramique Sous-Émaillée avec Couvercle en Bois - Green,MU GROUP,135.00,217.00,38,En stock,N/A,
Justyol,Ventes Flash,All Best Selling,Chaussure Femme Hiver Ouverte – Parfaite pour un Usage Quotidien - Powder / 40-41,MU GROUP,89.00,154.00,42,En stock,N/A,
Justyol,Ventes Flash,All Best Selling,"Ensemble 3 pièces pour fille avec gilet, jupe à volants et haut - red / 2Y",JUSTYOL,189.00,245.00,23,En stock,N/A,
Justyol,Ventes Flash,All Best Selling,Sweatshirt pour Homme en Tricot Selanik avec Demi-Fermeture Éclair - noir / S,JMEN,206.15,412.30,50,En stock,N/A,
Justyol,Ventes Flash,All Best Selling,"Chaussons Femme Fermés – Sandales à Semelle Plate, Sabots Vintage de Jardin, Tongs Mode 2024 - Camel / 38-39",MU GROUP,159.00,250.60,37,En stock,N/A,
Justyol,Ventes Flash,All Best Selling,"Ensemble de survêtement pour homme à col montant et fermeture éclair, style jogger - indigo/indigo / l",JMEN,261.36,N/A,N/A,En stock,N/A,
Justyol,Ventes Flash,All Best Selling,Ensemble Fille 2 Pièces Sweat Unicorn 3D & Legging Rayé – Style Tendance - pembe - siyah / 5 yaş,JKIDS,134.00,328.00,59,En stock,N/A,
Justyol,Ventes Flash,All Best Selling,Sac à Main Femme – Sac Bandoulière et Crossbody Tendance - Beige / 22.5x10x11cm,MU GROUP,189.00,301.00,37,En stock,N/A,
Justyol,Ventes Flash,All Best Selling,Porte-cartes unisexe fin en cuir véritable motif tressé – Noir Cape - vert menthe / STD,GARBALIA,110.00,186.28,41,En stock,N/A,
Justyol,Ventes Flash,All Best Selling,Baskets Sportives à Semelle Épaisse et Haut Bilan pour Homme - siyah / 43,JMEN,160.38,427.00,62,En stock,N/A,
Justyol,Ventes Flash,All Best Selling,Ensemble Sweatshirt & Legging Fille Motif Alphabet – Confort & Style Dynamique - siyah / 6 yaş,JKIDS,143.00,350.00,59,En stock,N/A,
Justyol,Ventes Flash,All Best Selling,Sac Poignet Unisexe Retro en Cuir PU – Petit Sac - s,MU GROUP,79.00,138.60,43,En stock,N/A,
Justyol,Ventes Flash,All Best Selling,Jean fille gris délavé avec broderie 3D licorne – Pantalon denim tendance et confortable - gri / 5 yaş,JKIDS,96.00,234.00,59,En stock,N/A,
Justyol,Ventes Flash,All Best Selling,Ensemble 6017 2/5 Ans – Tenue Trois Pièces pour Garçon avec Chemise Meublée - beige / 5Y,JUSTYOL,269.00,350.00,23,En stock,N/A,
Justyol,Ventes Flash,All Best Selling,Chemise homme bûcheron rayée coupe fit en coton tricoté - orange / XXL,JMEN,129.00,303.40,57,En stock,N/A,
Justyol,Ventes Flash,All Best Selling,"Sweatshirt pour homme en polaire à capuche, coupe standard, avec demi-zip et bloc de couleurs - 88300 - noir / l",JMEN,162.60,N/A,N/A,En stock,N/A,
Justyol,Ventes Flash,All Best Selling,Porte-cartes femme zippé avec porte-monnaie et fermeture à sangle – Helsinki - Bej / STD,GARBALIA,147.00,237.65,38,En stock,N/A,
Justyol,Ventes Flash,All Best Selling,T-shirt Homme Basique Oversize en Coton Épais et Doux - açik mavi / l,JMEN,97.80,N/A,N/A,En stock,N/A,
Justyol,Ventes Flash,All Best Selling,Pantalon homme fit texturé à double ourlet premium - noir / XL,JMEN,164.00,328.00,50,En stock,N/A,
Justyol,Ventes Flash,All Best Selling,Ensemble de nuit 138 -Ensemble de nuit en satin avec dentelle pour femme - BORDO / L,EROTICA,101.00,161.00,37,En stock,N/A,
Justyol,Ventes Flash,All Best Selling,Sac Le Pliage Original M Longchamp – Sac Tote en Toile Recyclée avec Anses en Cuir - Brown,MU GROUP,209.00,321.00,35,En stock,N/A,
Justyol,Ventes Flash,All Best Selling,"Chiffon de Cuisine en Microfibre – Tissu Absorbant, Réutilisable pour Vaisselle et Nettoyage Multisurface - Blue",MU GROUP,49.00,96.60,49,En stock,N/A,
Justyol,Ventes Flash,All Best Selling,Nuisette Satin Femme avec Dentelle et Bretelles Fines - siyah / s,JWOMEN,180.00,285.00,37,En stock,N/A,
Justyol,Ventes Flash,All Best Selling,Veste homme d’hiver matelassée avec capuche - JAC24WFWP28376TS1 - Olive / BS3,TOWN TEAM,389.00,1.559,N/A,En stock,N/A,
Justyol,Ventes Flash,All Best Selling,Veste d’hiver garçon matelassée avec capuche au design pratique et chaud – JAC24WFWP28804TB1 - Navy / 12,TOWN TEAM,319.00,1.299,N/A,En stock,N/A,
Justyol,Ventes Flash,All Best Selling,"Capri pour homme à lacets, coupe standard avec poches zippées, pour activité sportive - 83096 - haki / l",JMEN,119.40,N/A,N/A,En stock,N/A,
Justyol,Ventes Flash,All Best Selling,"Polo pour homme en tricot à col polo avec logo sur la poitrine, coupe standard - 87768 - bleu glace / xxl",JMEN,111.00,N/A,N/A,En stock,N/A,
Justyol,Ventes Flash,All Best Selling,Ensemble Garçon 2/5 Ans – T-shirt et Veste à Capuche avec Jean - beige / 3Y,JUSTYOL,265.00,345.00,23,En stock,N/A,
Justyol,Ventes Flash,All Best Selling,Pot à Huile en Céramique Sous-Émaillée avec Couvercle en Bois - Blue,MU GROUP,135.00,217.00,38,En stock,N/A,
Justyol,Ventes Flash,All Best Selling,"Ensemble 3 pièces pour fille avec gilet, jupe à volants et haut - red / 3Y",JUSTYOL,189.00,245.00,23,En stock,N/A,
Justyol,Ventes Flash,All Best Selling,"Chaussons Femme Fermés – Sandales à Semelle Plate, Sabots Vintage de Jardin, Tongs Mode 2024 - Camel / 40-41",MU GROUP,159.00,250.60,37,En stock,N/A,
Justyol,Ventes Flash,All Best Selling,Sac à Main Femme – Sac Bandoulière et Crossbody Tendance - Black / 22.5x10x11cm,MU GROUP,189.00,301.00,37,En stock,N/A,
Justyol,Ventes Flash,All Best Selling,Sac Poignet Unisexe Retro en Cuir PU – Petit Sac - l,MU GROUP,79.00,138.60,43,En stock,N/A,
Justyol,Ventes Flash,All Best Selling,Ensemble 6017 2/5 Ans – Tenue Trois Pièces pour Garçon avec Chemise Meublée - beige / 3Y,JUSTYOL,269.00,350.00,23,En stock,N/A,
Justyol,Ventes Flash,All Best Selling,"Sweatshirt pour homme en polaire à capuche, coupe standard, avec demi-zip et bloc de couleurs - 88300 - gb mélangé / s",JMEN,162.60,N/A,N/A,En stock,N/A,
Justyol,Ventes Flash,All Best Selling,Porte-cartes femme zippé avec porte-monnaie et fermeture à sangle – Helsinki - Kırmızı / STD,GARBALIA,147.00,237.65,38,En stock,N/A,
Justyol,Ventes Flash,All Best Selling,T-shirt Homme Basique Oversize en Coton Épais et Doux - kaktüs / l,JMEN,97.80,N/A,N/A,En stock,N/A,
Justyol,Ventes Flash,All Best Selling,Pantalon homme fit texturé à double ourlet premium - bleu / 38,JMEN,164.00,328.00,50,En stock,N/A,
Justyol,Ventes Flash,All Best Selling,Sac Le Pliage Original M Longchamp – Sac Tote en Toile Recyclée avec Anses en Cuir - Red,MU GROUP,209.00,321.00,35,En stock,N/A,
Justyol,Ventes Flash,All Best Selling,Nuisette Satin Femme avec Dentelle et Bretelles Fines - bordo / m,JWOMEN,180.00,285.00,37,En stock,N/A,
Justyol,Ventes Flash,All Best Selling,Veste homme d’hiver matelassée avec capuche - JAC24WFWP28376TS1 - Olive / BS1,TOWN TEAM,389.00,1.559,N/A,En stock,N/A,
Justyol,Ventes Flash,All Best Selling,Veste d’hiver garçon matelassée avec capuche au design pratique et chaud – JAC24WFWP28804TB1 - Navy / 10,TOWN TEAM,319.00,1.299,N/A,En stock,N/A,
Justyol,Ventes Flash,All Best Selling,"Capri pour homme à lacets, coupe standard avec poches zippées, pour activité sportive - 83096 - siyah / s",JMEN,119.40,N/A,N/A,En stock,N/A,
Justyol,Ventes Flash,All Best Selling,"Polo pour homme en tricot à col polo avec logo sur la poitrine, coupe standard - 87768 - bleu glace / m",JMEN,111.00,N/A,N/A,En stock,N/A,
Justyol,Ventes Flash,All Best Selling,Ensemble Garçon 2/5 Ans – T-shirt et Veste à Capuche avec Jean - beige / 4Y,JUSTYOL,265.00,345.00,23,En stock,N/A,
Justyol,Ventes Flash,All Best Selling,"Ensemble 3 pièces pour fille avec gilet, jupe à volants et haut - red / 4Y",JUSTYOL,189.00,245.00,23,En stock,N/A,
Justyol,Ventes Flash,All Best Selling,"Chaussons Femme Fermés – Sandales à Semelle Plate, Sabots Vintage de Jardin, Tongs Mode 2024 - Beige / 38-39",MU GROUP,159.00,250.60,37,En stock,N/A,
Justyol,Ventes Flash,All Best Selling,Ensemble 6017 2/5 Ans – Tenue Trois Pièces pour Garçon avec Chemise Meublée - blue / 2Y,JUSTYOL,269.00,350.00,23,En stock,N/A,
Justyol,Ventes Flash,All Best Selling,Porte-cartes femme zippé avec porte-monnaie et fermeture à sangle – Helsinki - Taba / STD,GARBALIA,147.00,237.65,38,En stock,N/A,
Justyol,Ventes Flash,All Best Selling,T-shirt Homme Basique Oversize en Coton Épais et Doux - koyu gri / xxl,JMEN,97.80,N/A,N/A,En stock,N/A,
Justyol,Ventes Flash,All Best Selling,Pantalon homme fit texturé à double ourlet premium - bleu / S,JMEN,164.00,328.00,50,En stock,N/A,
Justyol,Ventes Flash,All Best Selling,Sac Le Pliage Original M Longchamp – Sac Tote en Toile Recyclée avec Anses en Cuir - Blue,MU GROUP,209.00,321.00,35,En stock,N/A,
Justyol,Ventes Flash,All Best Selling,Nuisette Satin Femme avec Dentelle et Bretelles Fines - lacivert / l,JWOMEN,180.00,285.00,37,En stock,N/A,
Justyol,Ventes Flash,All Best Selling,Veste homme d’hiver matelassée avec capuche - JAC24WFWP28376TS1 - Olive / BS2,TOWN TEAM,389.00,1.559,N/A,En stock,N/A,
Justyol,Ventes Flash,All Best Selling,Veste d’hiver garçon matelassée avec capuche au design pratique et chaud – JAC24WFWP28804TB1 - Navy / 6,TOWN TEAM,319.00,1.299,N/A,En stock,N/A,
Justyol,Ventes Flash,All Best Selling,"Capri pour homme à lacets, coupe standard avec poches zippées, pour activité sportive - 83096 - haki / xxl",JMEN,119.40,N/A,N/A,En stock,N/A,
Justyol,Ventes Flash,All Best Selling,"Polo pour homme en tricot à col polo avec logo sur la poitrine, coupe standard - 87768 - noir / l",JMEN,111.00,N/A,N/A,En stock,N/A,
Justyol,Ventes Flash,All Best Selling,Ensemble Garçon 2/5 Ans – T-shirt et Veste à Capuche avec Jean - beige / 5Y,JUSTYOL,265.00,345.00,23,En stock,N/A,
Justyol,Ventes Flash,All Best Selling,"Ensemble 3 pièces pour fille avec gilet, jupe à volants et haut - red / 5Y",JUSTYOL,189.00,245.00,23,En stock,N/A,
Justyol,Ventes Flash,All Best Selling,Ensemble 6017 2/5 Ans – Tenue Trois Pièces pour Garçon avec Chemise Meublée - gray / 4Y,JUSTYOL,269.00,350.00,23,En stock,N/A,
Justyol,Ventes Flash,All Best Selling,T-shirt Homme Basique Oversize en Coton Épais et Doux - siyah / xl,JMEN,97.80,N/A,N/A,En stock,N/A,
Justyol,Ventes Flash,All Best Selling,Veste homme d’hiver matelassée avec capuche - JAC24WFWP28376TS1 - Grey / BS1,TOWN TEAM,389.00,1.559,N/A,En stock,N/A,
Justyol,Ventes Flash,All Best Selling,Veste d’hiver garçon matelassée avec capuche au design pratique et chaud – JAC24WFWP28804TB1 - Dark Olive / 12,TOWN TEAM,319.00,1.299,N/A,En stock,N/A,
Justyol,Ventes Flash,All Best Selling,"Polo pour homme en tricot à col polo avec logo sur la poitrine, coupe standard - 87768 - noir / xxl",JMEN,111.00,N/A,N/A,En stock,N/A,
Justyol,Ventes Flash,All Best Selling,Ensemble Garçon 2/5 Ans – T-shirt et Veste à Capuche avec Jean - blue / 2Y,JUSTYOL,265.00,345.00,23,En stock,N/A,
Justyol,Ventes Flash,All Best Selling,"Ensemble 3 pièces pour fille avec gilet, jupe à volants et haut - beige / 4Y",JUSTYOL,189.00,245.00,23,En stock,N/A,
Justyol,Ventes Flash,All Best Selling,Ensemble 6017 2/5 Ans – Tenue Trois Pièces pour Garçon avec Chemise Meublée - gray / 2Y,JUSTYOL,269.00,350.00,23,En stock,N/A,
Justyol,Ventes Flash,All Best Selling,Veste homme d’hiver matelassée avec capuche - JAC24WFWP28376TS1 - Grey / BS2,TOWN TEAM,389.00,1.559,N/A,En stock,N/A,
Justyol,Ventes Flash,All Best Selling,Veste d’hiver garçon matelassée avec capuche au design pratique et chaud – JAC24WFWP28804TB1 - Dark Olive / 10,TOWN TEAM,319.00,1.299,N/A,En stock,N/A,
Justyol,Ventes Flash,All Best Selling,"Polo pour homme en tricot à col polo avec logo sur la poitrine, coupe standard - 87768 - vert amande / l",JMEN,111.00,N/A,N/A,En stock,N/A,
Justyol,Ventes Flash,All Best Selling,Ensemble Garçon 2/5 Ans – T-shirt et Veste à Capuche avec Jean - blue / 3Y,JUSTYOL,265.00,345.00,23,En stock,N/A,
Justyol,Ventes Flash,All Best Selling,"Ensemble 3 pièces pour fille avec gilet, jupe à volants et haut - dried rose / 2Y",JUSTYOL,189.00,245.00,23,En stock,N/A,
Justyol,Ventes Flash,All Best Selling,Ensemble 6017 2/5 Ans – Tenue Trois Pièces pour Garçon avec Chemise Meublée - gray / 3Y,JUSTYOL,269.00,350.00,23,En stock,N/A,
Justyol,Ventes Flash,All Best Selling,Veste d’hiver garçon matelassée avec capuche au design pratique et chaud – JAC24WFWP28804TB1 - Dark Olive / 4,TOWN TEAM,319.00,1.299,N/A,En stock,N/A,
Justyol,Ventes Flash,All Best Selling,Ensemble Garçon 2/5 Ans – T-shirt et Veste à Capuche avec Jean - blue / 4Y,JUSTYOL,265.00,345.00,23,En stock,N/A,
Justyol,Ventes Flash,All Best Selling,"Ensemble 3 pièces pour fille avec gilet, jupe à volants et haut - dried rose / 3Y",JUSTYOL,189.00,245.00,23,En stock,N/A,
Justyol,Ventes Flash,All Best Selling,Ensemble 6017 2/5 Ans – Tenue Trois Pièces pour Garçon avec Chemise Meublée - gray / 5Y,JUSTYOL,269.00,350.00,23,En stock,N/A,
Justyol,Ventes Flash,All Best Selling,Ensemble Garçon 2/5 Ans – T-shirt et Veste à Capuche avec Jean - blue / 5Y,JUSTYOL,265.00,345.00,23,En stock,N/A,
Justyol,Ventes Flash,All Best Selling,"Ensemble 3 pièces pour fille avec gilet, jupe à volants et haut - dried rose / 4Y",JUSTYOL,189.00,245.00,23,En stock,N/A,
Justyol,Ventes Flash,All Best Selling,Ensemble 6017 2/5 Ans – Tenue Trois Pièces pour Garçon avec Chemise Meublée - stone / 5Y,JUSTYOL,269.00,350.00,23,En stock,N/A,
Justyol,Ventes Flash,All Best Selling,Ensemble Garçon 2/5 Ans – T-shirt et Veste à Capuche avec Jean - green / 2Y,JUSTYOL,265.00,345.00,23,En stock,N/A,
Justyol,Ventes Flash,All Best Selling,"Ensemble 3 pièces pour fille avec gilet, jupe à volants et haut - dried rose / 5Y",JUSTYOL,189.00,245.00,23,En stock,N/A,
Justyol,Ventes Flash,All Best Selling,Ensemble Garçon 2/5 Ans – T-shirt et Veste à Capuche avec Jean - green / 3Y,JUSTYOL,265.00,345.00,23,En stock,N/A,
Justyol,Ventes Flash,All Best Selling,"Ensemble 3 pièces pour fille avec gilet, jupe à volants et haut - pink / 2Y",JUSTYOL,189.00,245.00,23,En stock,N/A,
Justyol,Ventes Flash,All Best Selling,Ensemble Garçon 2/5 Ans – T-shirt et Veste à Capuche avec Jean - green / 4Y,JUSTYOL,265.00,345.00,23,En stock,N/A,
Justyol,Ventes Flash,All Best Selling,"Ensemble 3 pièces pour fille avec gilet, jupe à volants et haut - pink / 3Y",JUSTYOL,189.00,245.00,23,En stock,N/A,
Justyol,Ventes Flash,All Best Selling,Ensemble Garçon 2/5 Ans – T-shirt et Veste à Capuche avec Jean - green / 5Y,JUSTYOL,265.00,345.00,23,En stock,N/A,
Justyol,Ventes Flash,All Best Selling,"Ensemble 3 pièces pour fille avec gilet, jupe à volants et haut - pink / 4Y",JUSTYOL,189.00,245.00,23,En stock,N/A,
Justyol,Ventes Flash,All Best Selling,"Ensemble 3 pièces pour fille avec gilet, jupe à volants et haut - pink / 5Y",JUSTYOL,189.00,245.00,23,En stock,N/A,
Justyol,Ventes Flash,All Best Selling,t‑shirt homme tricot oversize à demi‑zip rayé - blanc / S,JMEN,215.00,430.00,50,En stock,N/A,
Justyol,Ventes Flash,All Best Selling,Chaussure de Football Homme et Enfant Légère avec Conception Antidérapante – Confort et Vitesse - Blue / 44,MU GROUP,175.00,278.60,37,En stock,N/A,
Justyol,Ventes Flash,All Best Selling,"Tayt pour homme à taille haute, slim fit, avec imprimé au niveau des chevilles, pour activité sportive - 84988 - antrasit / l",JMEN,93.00,225.00,59,En stock,N/A,
Justyol,Ventes Flash,All Best Selling,Sac à dos scolaire casual – Couleurs variées & petit accessoire tendance ! - BLUE,POUR ELLE,179.00,263.00,32,En stock,N/A,
Justyol,Ventes Flash,All Best Selling,"Lot de 15 Serrures de Sécurité pour Armoire et Tiroir Bébé - Multi-Usage, Protection Enfant",JUSTYOL,99.00,N/A,N/A,En stock,N/A,https://justyol.com/products/15-pieces-baby-child-safety-cabinet-and-drawer-lock-multi-purpose
Justyol,Ventes Flash,All Best Selling,Baskets Orthopédiques Garçon Tigre 3D | Sneakers Enfant - turuncu / 25,JKIDS,160.20,394.00,59,En stock,N/A,
Justyol,Ventes Flash,All Best Selling,"Ensemble 3 pièces avec cardigan, chemise à col en dentelle et jupe à strass - black / 2Y",JUSTYOL,269.00,350.00,23,En stock,N/A,
Justyol,Ventes Flash,All Best Selling,Ensemble bébé garçon 3 pièces t-shirt rayé salopette ours et chapeau - Kaki / 18M,JKIDS,89.40,224.80,60,En stock,N/A,
Justyol,Ventes Flash,All Best Selling,Chemise homme en tissu Şile avec poches utilitaires-31747 - vert / L,JMEN,117.00,279.64,58,En stock,N/A,
Justyol,Ventes Flash,All Best Selling,Athlète de basketball pour homme en polyester respirant et flexible - beyaz / m,JMEN,91.20,216.00,58,En stock,N/A,
Justyol,Ventes Flash,All Best Selling,"Ensemble de survêtement pour femme à capuche, détails de poches cachées, coupe standard - 95306 - siyah/siyah / xl",JWOMEN,151.20,348.00,57,En stock,N/A,
Justyol,Ventes Flash,All Best Selling,Ensemble Fille Sweat Cœurs et Jupe Short Élégante - Beige / 6-7y,JUSTYOL,225.00,293.00,23,En stock,N/A,
Justyol,Ventes Flash,All Best Selling,polo homme à rayures tricotées confortable - bleu marine / xl,JMEN,119.00,283.60,58,En stock,N/A,
Justyol,Ventes Flash,All Best Selling,Gilet Poncho Homme Archer - rouge clair / L/XL,JMEN,199.22,398.44,50,En stock,N/A,
Justyol,Ventes Flash,All Best Selling,Sac scolaire multifonction – Design Snoopy irrésistible ! - MINT,POUR ELLE,199.00,289.00,31,En stock,N/A,
Justyol,Ventes Flash,All Best Selling,Ensemble Garçon T-shirt et Short en Coton Motif Hawaï - lacivert / 10 y,JKIDS,117.60,281.20,58,En stock,N/A,
Justyol,Ventes Flash,All Best Selling,Maillot de bain modeste sportif sans manches avec leggings - Noir / 38,JWOMEN,149.40,379.00,61,En stock,N/A,
Justyol,Ventes Flash,All Best Selling,Veste d'hiver Garçon avec Capuche et Poches- JAC23WFWP28805TB1 - Navy / 6,TOWN TEAM,269.00,1.099,N/A,En stock,N/A,
Justyol,Ventes Flash,All Best Selling,"Sweatshirt pour homme à col rond, coupe décontractée - 88053 - kirmizi / l",JMEN,82.20,188.00,56,En stock,N/A,
Justyol,Ventes Flash,All Best Selling,Sandales femme en cuir véritable - taba / 38,JWOMEN,285.00,677.60,58,En stock,N/A,
Justyol,Ventes Flash,All Best Selling,Sweat polaire homme demi-zip tricolore - Beige / M,JMEN,186.00,418.00,56,En stock,N/A,
Justyol,Ventes Flash,All Best Selling,Lviv Vegan Deri Akordiyon Kadın Cüzdan Kartlık - bleu bébé / STD,GARBALIA,48.00,99.71,52,En stock,N/A,
Justyol,Ventes Flash,All Best Selling,Ensemble nuisette satin femme avec détails dentelle et robe - poudré / M,EROTICA,287.00,403.00,29,En stock,N/A,
Justyol,Ventes Flash,All Best Selling,Veste homme en cuir synthétique mat avec capuche - beige / M,JMEN,548.00,1.096,N/A,En stock,N/A,
Justyol,Ventes Flash,All Best Selling,Ensemble Oysho pour fille avec nœud décoratif et strass - Navy Blue / 4Y,JUSTYOL,219.00,285.00,23,En stock,N/A,
Justyol,Ventes Flash,All Best Selling,Sac à dos scolaire – Décoré de motifs fun et colorés ! - Cinnamoroll,POUR ELLE,99.00,159.00,38,En stock,N/A,
Justyol,Ventes Flash,All Best Selling,Manteau en Cuir Puffer Homme Oversize avec Capuche Amovible – Modèle Valiberta - noir / XL,JMEN,479.39,958.78,50,En stock,N/A,
Justyol,Ventes Flash,All Best Selling,t‑shirt homme tricot oversize à demi‑zip rayé - bleu ciel / M,JMEN,215.00,430.00,50,En stock,N/A,
Justyol,Ventes Flash,All Best Selling,Sac à dos scolaire casual – Couleurs variées & petit accessoire tendance ! - MINT,POUR ELLE,179.00,263.00,32,En stock,N/A,
Justyol,Ventes Flash,All Best Selling,"Ensemble 3 pièces avec cardigan, chemise à col en dentelle et jupe à strass - brown / 2Y",JUSTYOL,269.00,350.00,23,En stock,N/A,
Justyol,Ventes Flash,All Best Selling,Ensemble bébé garçon 3 pièces t-shirt rayé salopette ours et chapeau - Gris / 18M,JKIDS,89.40,224.80,60,En stock,N/A,
Justyol,Ventes Flash,All Best Selling,Ensemble Fille Sweat Cœurs et Jupe Short Élégante - Beige / 8-9y,JUSTYOL,225.00,293.00,23,En stock,N/A,
Justyol,Ventes Flash,All Best Selling,Veste d'hiver Garçon avec Capuche et Poches- JAC23WFWP28805TB1 - Black / 10,TOWN TEAM,269.00,1.099,N/A,En stock,N/A,
Justyol,Ventes Flash,All Best Selling,Ensemble nuisette satin femme avec détails dentelle et robe - poudré / L,EROTICA,287.00,403.00,29,En stock,N/A,
Justyol,Ventes Flash,All Best Selling,Veste homme en cuir synthétique mat avec capuche - beige / XL,JMEN,548.00,1.096,N/A,En stock,N/A,
Justyol,Ventes Flash,All Best Selling,Ensemble Oysho pour fille avec nœud décoratif et strass - Navy Blue / 5Y,JUSTYOL,219.00,285.00,23,En stock,N/A,
Justyol,Ventes Flash,All Best Selling,Sac à dos scolaire casual – Couleurs variées & petit accessoire tendance ! - PINK,POUR ELLE,179.00,263.00,32,En stock,N/A,
Justyol,Ventes Flash,All Best Selling,"Ensemble 3 pièces avec cardigan, chemise à col en dentelle et jupe à strass - brown / 4Y",JUSTYOL,269.00,350.00,23,En stock,N/A,
Justyol,Ventes Flash,All Best Selling,Ensemble Fille Sweat Cœurs et Jupe Short Élégante - Beige / 10-11y,JUSTYOL,225.00,293.00,23,En stock,N/A,
Justyol,Ventes Flash,All Best Selling,Veste d'hiver Garçon avec Capuche et Poches- JAC23WFWP28805TB1 - Black / 8,TOWN TEAM,269.00,1.099,N/A,En stock,N/A,
Justyol,Ventes Flash,All Best Selling,Ensemble nuisette satin femme avec détails dentelle et robe - poudré / XL,EROTICA,287.00,403.00,29,En stock,N/A,
Justyol,Ventes Flash,All Best Selling,"Ensemble 3 pièces avec cardigan, chemise à col en dentelle et jupe à strass - pink / 2Y",JUSTYOL,269.00,350.00,23,En stock,N/A,
Justyol,Ventes Flash,All Best Selling,Ensemble Fille Sweat Cœurs et Jupe Short Élégante - Beige / 12-13y,JUSTYOL,225.00,293.00,23,En stock,N/A,
Justyol,Ventes Flash,All Best Selling,Veste d'hiver Garçon avec Capuche et Poches- JAC23WFWP28805TB1 - Navy / 10,TOWN TEAM,269.00,1.099,N/A,En stock,N/A,
Justyol,Ventes Flash,All Best Selling,Ensemble nuisette satin femme avec détails dentelle et robe - poudré / 2XL,EROTICA,287.00,403.00,29,En stock,N/A,
Justyol,Ventes Flash,All Best Selling,"Ensemble 3 pièces avec cardigan, chemise à col en dentelle et jupe à strass - pink / 3Y",JUSTYOL,269.00,350.00,23,En stock,N/A,
Justyol,Ventes Flash,All Best Selling,Ensemble Fille Sweat Cœurs et Jupe Short Élégante - Beige / 14-15y,JUSTYOL,225.00,293.00,23,En stock,N/A,
Justyol,Ventes Flash,All Best Selling,Veste d'hiver Garçon avec Capuche et Poches- JAC23WFWP28805TB1 - Black / 11,TOWN TEAM,269.00,1.099,N/A,En stock,N/A,
Justyol,Ventes Flash,All Best Selling,"Ensemble 3 pièces avec cardigan, chemise à col en dentelle et jupe à strass - pink / 4Y",JUSTYOL,269.00,350.00,23,En stock,N/A,
Justyol,Ventes Flash,All Best Selling,Ensemble Fille Sweat Cœurs et Jupe Short Élégante - khaki / 6-7y,JUSTYOL,225.00,293.00,23,En stock,N/A,
Justyol,Ventes Flash,All Best Selling,"Ensemble 3 pièces avec cardigan, chemise à col en dentelle et jupe à strass - pink / 5Y",JUSTYOL,269.00,350.00,23,En stock,N/A,
Justyol,Ventes Flash,All Best Selling,Ensemble Fille Sweat Cœurs et Jupe Short Élégante - khaki / 8-9y,JUSTYOL,225.00,293.00,23,En stock,N/A,
Justyol,Ventes Flash,All Best Selling,Ensemble Fille Sweat Cœurs et Jupe Short Élégante - khaki / 10-11y,JUSTYOL,225.00,293.00,23,En stock,N/A,
Justyol,Ventes Flash,All Best Selling,Ensemble Fille Sweat Cœurs et Jupe Short Élégante - khaki / 12-13y,JUSTYOL,225.00,293.00,23,En stock,N/A,
Justyol,Ventes Flash,All Best Selling,Ensemble Fille Sweat Cœurs et Jupe Short Élégante - khaki / 14-15y,JUSTYOL,225.00,293.00,23,En stock,N/A,
Justyol,Ventes Flash,All Best Selling,Ensemble Fille Sweat Cœurs et Jupe Short Élégante - Lilac / 6-7y,JUSTYOL,225.00,293.00,23,En stock,N/A,
Justyol,Ventes Flash,All Best Selling,Ensemble Fille Sweat Cœurs et Jupe Short Élégante - Lilac / 8-9y,JUSTYOL,225.00,293.00,23,En stock,N/A,
Justyol,Ventes Flash,All Best Selling,Ensemble Fille Sweat Cœurs et Jupe Short Élégante - Lilac / 10-11y,JUSTYOL,225.00,293.00,23,En stock,N/A,
Justyol,Ventes Flash,All Best Selling,Ensemble Fille Sweat Cœurs et Jupe Short Élégante - Lilac / 12-13y,JUSTYOL,225.00,293.00,23,En stock,N/A,
Justyol,Ventes Flash,All Best Selling,Ensemble Fille Sweat Cœurs et Jupe Short Élégante - Lilac / 14-15y,JUSTYOL,225.00,293.00,23,En stock,N/A,
Justyol,Ventes Flash,All Best Selling,Gilet Homme Oversize à Rayures avec Boutons - café / s,JMEN,183.00,412.00,56,En stock,N/A,
Justyol,Ventes Flash,All Best Selling,t‑shirt oversize homme tricot rayé - vert / L,JMEN,119.00,283.60,58,En stock,N/A,
Justyol,Ventes Flash,All Best Selling,Veste homme d’hiver matelassée avec capuche – JAC24WWBP28455TM1 - Brown / 2XL,TOWN TEAM,469.00,1.899,N/A,En stock,N/A,
Justyol,Ventes Flash,All Best Selling,Escarpins femme en similicuir – Chaussures chic à talon confortable 5 cm - a.larci / 39,JWOMEN,70.80,147.00,52,En stock,N/A,
Justyol,Ventes Flash,All Best Selling,"Ensemble 1/4 Ans – Tenue Sportive avec Imprimé ""SPORT"" pour Enfant - beige / 4y",JUSTYOL,269.00,350.00,23,En stock,N/A,
Justyol,Ventes Flash,All Best Selling,Chemise homme à motif gaufré style casual - BLACK / M,JMEN,73.00,192.52,62,En stock,N/A,
Justyol,Ventes Flash,All Best Selling,Sweatshirt Homme Oversize à Capuche avec Poches Kangourou - noir / S,JMEN,119.03,238.06,50,En stock,N/A,
Justyol,Ventes Flash,All Best Selling,Polo homme performance respirant en polyester stretch - 88392 - noir / m,JMEN,107.00,259.60,59,En stock,N/A,
Justyol,Ventes Flash,All Best Selling,Sac scolaire multifonction – Couleurs douces & design épuré ! - BEJ,POUR ELLE,179.00,263.00,32,En stock,N/A,
Justyol,Ventes Flash,All Best Selling,"Collagen, Vitamine C, la peau, les cheveux, les ongles et les articulations.",CHRISTELLE PARIS,60.00,N/A,N/A,En stock,N/A,https://justyol.com/products/collagen-vitamine-c-la-peau-les-cheveux-les-ongles-et-les-articulations
Justyol,Ventes Flash,All Best Selling,Sac à dos scolaire pour filles – Couleurs pastel & plein de poches ! - BLACK,POUR ELLE,169.00,250.00,32,En stock,N/A,
Justyol,Ventes Flash,All Best Selling,Robe femme courte sans manches boutonnée en viscose 2571 - Poudre / 38,JWOMEN,170.00,309.00,45,En stock,N/A,
Justyol,Ventes Flash,All Best Selling,Ballerines Femme Noir Suédine Doublure Chaude - a siyah süet / 38,JWOMEN,89.00,112.00,21,En stock,N/A,
Justyol,Ventes Flash,All Best Selling,Robe bébé en maille côtelée avec détails dentelle et bandeau assorti - rose / 0-3 m,JKIDS,81.00,258.00,69,En stock,N/A,
Justyol,Ventes Flash,All Best Selling,2423 Robe longue à motif authentique femme en viscose - a. fuchsia / 38,JWOMEN,238.00,433.00,45,En stock,N/A,
Justyol,Ventes Flash,All Best Selling,Kimono en satin luxe - bordeaux / XL,EROTICA,120.00,185.00,35,En stock,N/A,
Justyol,Ventes Flash,All Best Selling,pyjama 317 -Ensemble pyjama satin 3 pièces femme motif cachemire - LEOPAR / M,EROTICA,278.00,391.00,29,En stock,N/A,
Justyol,Ventes Flash,All Best Selling,T-shirt Homme Basique Oversize en Coton Doux - koyu gri / m,JMEN,91.80,219.00,58,En stock,N/A,
Justyol,Ventes Flash,All Best Selling,T-shirt performante pour femme en polyester respirant et flexible - koyu gri / s,JWOMEN,75.60,174.00,57,En stock,N/A,
Justyol,Ventes Flash,All Best Selling,"Propolis 60 Gélules – Tonus, Vitalité et Renforcement du Système Immunitaire",CHRISTELLE PARIS,73.00,N/A,N/A,En stock,N/A,https://justyol.com/products/propolis-60-gelules-tonus-vitalite-et-renforcement-du-systeme-immunitaire
Justyol,Ventes Flash,All Best Selling,chemise homme mousseline coton respirante manches longues - blanc / XL,JMEN,147.00,294.00,50,En stock,N/A,
Justyol,Ventes Flash,All Best Selling,Ensemble pyjama satin raffiné avec détails en dentelle - blanc / XL,EROTICA,264.00,644.00,59,En stock,N/A,
Justyol,Ventes Flash,All Best Selling,Veste légère pour homme matelassée avec capuche pratique - JAC24WWBP28454TM1 - Red / 4XL,TOWN TEAM,479.00,1.199,N/A,En stock,N/A,
Justyol,Ventes Flash,All Best Selling,"Ensemble Garçon T-Rex Flamme T-Shirt & Short – Look Dynamique & Confort Estival - turuncu, gri / 6 y",JKIDS,130.00,N/A,N/A,En stock,N/A,
Justyol,Ventes Flash,All Best Selling,Chemise homme velours côtelé bicolore contrasté - marron / L,JMEN,128.00,301.42,58,En stock,N/A,
Justyol,Ventes Flash,All Best Selling,Chemise homme oversize en mousseline col mao demi-patte - turquoise / XL,JMEN,107.00,259.84,59,En stock,N/A,
Justyol,Ventes Flash,All Best Selling,"Ashwagandha - Stress, Sommeil, Énergie, Bien-Être - Qualité 100% Pure - (Ginseng indien) - Antioxydant naturel - 60 Gélules 360mg",CHRISTELLE PARIS,74.00,N/A,N/A,En stock,N/A,https://justyol.com/products/ashwagandha-stress-sommeil-energie-bien-etre-qualite-100-pure-ginseng-indien-antioxydant-naturel-60-gelules-360mg
Justyol,Ventes Flash,All Best Selling,chemise homme col mao en oxford manches longues - bleu / M,JMEN,147.00,294.00,50,En stock,N/A,
Justyol,Ventes Flash,All Best Selling,Pantalon homme baggy en mousseline coton léger - marron / S,JMEN,164.00,328.00,50,En stock,N/A,
Justyol,Ventes Flash,All Best Selling,Veste homme d’hiver matelassée au design élégant - JAC24WWBP28457TM1 - Beige / 3XL,TOWN TEAM,339.00,1.359,N/A,En stock,N/A,
Justyol,Ventes Flash,All Best Selling,Pull homme en laine douce à col V aux couleurs élégantes – PUL24WTWO27425TM1 - Café / 4XL,TOWN TEAM,219.00,899.00,76,En stock,N/A,
Justyol,Ventes Flash,All Best Selling,Jean homme coupe droite – denim bleu - JNS25GBBW22146TM1 - Blue / 36,TOWN TEAM,299.00,599.00,50,En stock,N/A,
Justyol,Ventes Flash,All Best Selling,Chemise Homme en Velours Côtelé avec Poches Doubles et Détails de Garnissage - noir / M,JMEN,127.00,299.44,58,En stock,N/A,
Justyol,Ventes Flash,All Best Selling,t‑shirt oversize homme tricot rayé - beige / M,JMEN,119.00,283.60,58,En stock,N/A,
Justyol,Ventes Flash,All Best Selling,Veste homme d’hiver matelassée avec capuche – JAC24WWBP28455TM1 - Brown / 3XL,TOWN TEAM,469.00,1.899,N/A,En stock,N/A,
Justyol,Ventes Flash,All Best Selling,Escarpins femme en similicuir – Chaussures chic à talon confortable 5 cm - a.siyah / 36,JWOMEN,70.80,147.00,52,En stock,N/A,
Justyol,Ventes Flash,All Best Selling,"Ensemble 1/4 Ans – Tenue Sportive avec Imprimé ""SPORT"" pour Enfant - beige / 5y",JUSTYOL,269.00,350.00,23,En stock,N/A,
Justyol,Ventes Flash,All Best Selling,Polo homme performance respirant en polyester stretch - 88392 - bleu marine / l,JMEN,107.00,259.60,59,En stock,N/A,
Justyol,Ventes Flash,All Best Selling,Sac scolaire multifonction – Couleurs douces & design épuré ! - BLUE,POUR ELLE,179.00,263.00,32,En stock,N/A,
Justyol,Ventes Flash,All Best Selling,Sac à dos scolaire pour filles – Couleurs pastel & plein de poches ! - PINK,POUR ELLE,169.00,250.00,32,En stock,N/A,
Justyol,Ventes Flash,All Best Selling,Robe femme courte sans manches boutonnée en viscose 2571 - Poudre / 36,JWOMEN,170.00,309.00,45,En stock,N/A,
Justyol,Ventes Flash,All Best Selling,2423 Robe longue à motif authentique femme en viscose - a. fuchsia / 40,JWOMEN,238.00,433.00,45,En stock,N/A,
Justyol,Ventes Flash,All Best Selling,Kimono en satin luxe - prune / M,EROTICA,120.00,185.00,35,En stock,N/A,
Justyol,Ventes Flash,All Best Selling,T-shirt Homme Basique Oversize en Coton Doux - kaktüs / m,JMEN,91.80,219.00,58,En stock,N/A,
Justyol,Ventes Flash,All Best Selling,T-shirt performante pour femme en polyester respirant et flexible - siyah / s,JWOMEN,75.60,174.00,57,En stock,N/A,
Justyol,Ventes Flash,All Best Selling,chemise homme mousseline coton respirante manches longues - bleu froid / M,JMEN,147.00,294.00,50,En stock,N/A,
Justyol,Ventes Flash,All Best Selling,Ensemble pyjama satin raffiné avec détails en dentelle - blanc / 2XL,EROTICA,264.00,644.00,59,En stock,N/A,
Justyol,Ventes Flash,All Best Selling,Veste légère pour homme matelassée avec capuche pratique - JAC24WWBP28454TM1 - Red / 2XL,TOWN TEAM,479.00,1.199,N/A,En stock,N/A,
Justyol,Ventes Flash,All Best Selling,"Ensemble Garçon T-Rex Flamme T-Shirt & Short – Look Dynamique & Confort Estival - turuncu, gri / 10 y",JKIDS,130.00,N/A,N/A,En stock,N/A,
Justyol,Ventes Flash,All Best Selling,chemise homme col mao en oxford manches longues - bleu / XL,JMEN,147.00,294.00,50,En stock,N/A,
Justyol,Ventes Flash,All Best Selling,Pantalon homme baggy en mousseline coton léger - blanc / S,JMEN,164.00,328.00,50,En stock,N/A,
Justyol,Ventes Flash,All Best Selling,Veste homme d’hiver matelassée au design élégant - JAC24WWBP28457TM1 - Beige / 2XL,TOWN TEAM,339.00,1.359,N/A,En stock,N/A,
Justyol,Ventes Flash,All Best Selling,Pull homme en laine douce à col V aux couleurs élégantes – PUL24WTWO27425TM1 - Café / 6XL,TOWN TEAM,219.00,899.00,76,En stock,N/A,
Justyol,Ventes Flash,All Best Selling,Jean homme coupe droite – denim bleu - JNS25GBBW22146TM1 - Blue / 32,TOWN TEAM,299.00,599.00,50,En stock,N/A,
Justyol,Ventes Flash,All Best Selling,t‑shirt oversize homme tricot rayé - noir / M,JMEN,119.00,283.60,58,En stock,N/A,
Justyol,Ventes Flash,All Best Selling,Veste homme d’hiver matelassée avec capuche – JAC24WWBP28455TM1 - Navy / L,TOWN TEAM,469.00,1.899,N/A,En stock,N/A,
Justyol,Ventes Flash,All Best Selling,"Ensemble 1/4 Ans – Tenue Sportive avec Imprimé ""SPORT"" pour Enfant - brown / 1y",JUSTYOL,269.00,350.00,23,En stock,N/A,
Justyol,Ventes Flash,All Best Selling,Polo homme performance respirant en polyester stretch - 88392 - bleu marine / xl,JMEN,107.00,259.60,59,En stock,N/A,
Justyol,Ventes Flash,All Best Selling,Sac scolaire multifonction – Couleurs douces & design épuré ! - GREEN,POUR ELLE,179.00,263.00,32,En stock,N/A,
Justyol,Ventes Flash,All Best Selling,2423 Robe longue à motif authentique femme en viscose - a. fuchsia / 42,JWOMEN,238.00,433.00,45,En stock,N/A,
Justyol,Ventes Flash,All Best Selling,Kimono en satin luxe - prune / XL,EROTICA,120.00,185.00,35,En stock,N/A,
Justyol,Ventes Flash,All Best Selling,T-shirt Homme Basique Oversize en Coton Doux - siyah / m,JMEN,91.80,219.00,58,En stock,N/A,
Justyol,Ventes Flash,All Best Selling,Veste légère pour homme matelassée avec capuche pratique - JAC24WWBP28454TM1 - Red / 3XL,TOWN TEAM,479.00,1.199,N/A,En stock,N/A,
Justyol,Ventes Flash,All Best Selling,chemise homme col mao en oxford manches longues - bleu / L,JMEN,147.00,294.00,50,En stock,N/A,
Justyol,Ventes Flash,All Best Selling,Pantalon homme baggy en mousseline coton léger - noir / M,JMEN,164.00,328.00,50,En stock,N/A,
Justyol,Ventes Flash,All Best Selling,Pull homme en laine douce à col V aux couleurs élégantes – PUL24WTWO27425TM1 - Café / 7XL,TOWN TEAM,219.00,899.00,76,En stock,N/A,
Justyol,Ventes Flash,All Best Selling,Jean homme coupe droite – denim bleu - JNS25GBBW22146TM1 - Blue / 34,TOWN TEAM,299.00,599.00,50,En stock,N/A,
Justyol,Ventes Flash,All Best Selling,t‑shirt oversize homme tricot rayé - indigo bleu / M,JMEN,119.00,283.60,58,En stock,N/A,
Justyol,Ventes Flash,All Best Selling,Veste homme d’hiver matelassée avec capuche – JAC24WWBP28455TM1 - Navy / XL,TOWN TEAM,469.00,1.899,N/A,En stock,N/A,
Justyol,Ventes Flash,All Best Selling,"Ensemble 1/4 Ans – Tenue Sportive avec Imprimé ""SPORT"" pour Enfant - brown / 2y",JUSTYOL,269.00,350.00,23,En stock,N/A,
Justyol,Ventes Flash,All Best Selling,Polo homme performance respirant en polyester stretch - 88392 - rouge / m,JMEN,107.00,259.60,59,En stock,N/A,
Justyol,Ventes Flash,All Best Selling,Sac scolaire multifonction – Couleurs douces & design épuré ! - LILA,POUR ELLE,179.00,263.00,32,En stock,N/A,
Justyol,Ventes Flash,All Best Selling,2423 Robe longue à motif authentique femme en viscose - a. fuchsia / 46,JWOMEN,238.00,433.00,45,En stock,N/A,
Justyol,Ventes Flash,All Best Selling,Veste légère pour homme matelassée avec capuche pratique - JAC24WWBP28454TM1 - Wine / 2XL,TOWN TEAM,479.00,1.199,N/A,En stock,N/A,
Justyol,Ventes Flash,All Best Selling,chemise homme col mao en oxford manches longues - beige / XL,JMEN,147.00,294.00,50,En stock,N/A,
Justyol,Ventes Flash,All Best Selling,Pull homme en laine douce à col V aux couleurs élégantes – PUL24WTWO27425TM1 - Café / 5XL,TOWN TEAM,219.00,899.00,76,En stock,N/A,
Justyol,Ventes Flash,All Best Selling,t‑shirt oversize homme tricot rayé - indigo bleu / L,JMEN,119.00,283.60,58,En stock,N/A,
Justyol,Ventes Flash,All Best Selling,Veste homme d’hiver matelassée avec capuche – JAC24WWBP28455TM1 - Navy / 2XL,TOWN TEAM,469.00,1.899,N/A,En stock,N/A,
Justyol,Ventes Flash,All Best Selling,"Ensemble 1/4 Ans – Tenue Sportive avec Imprimé ""SPORT"" pour Enfant - brown / 3y",JUSTYOL,269.00,350.00,23,En stock,N/A,
Justyol,Ventes Flash,All Best Selling,Polo homme performance respirant en polyester stretch - 88392 - blanc / l,JMEN,107.00,259.60,59,En stock,N/A,
Justyol,Ventes Flash,All Best Selling,2423 Robe longue à motif authentique femme en viscose - Vert1 / 38,JWOMEN,238.00,433.00,45,En stock,N/A,
Justyol,Ventes Flash,All Best Selling,Veste légère pour homme matelassée avec capuche pratique - JAC24WWBP28454TM1 - Yellow / 3XL,TOWN TEAM,479.00,1.199,N/A,En stock,N/A,
Justyol,Ventes Flash,All Best Selling,Pull homme en laine douce à col V aux couleurs élégantes – PUL24WTWO27425TM1 - Red / 2XL,TOWN TEAM,219.00,899.00,76,En stock,N/A,
Justyol,Ventes Flash,All Best Selling,Veste homme d’hiver matelassée avec capuche – JAC24WWBP28455TM1 - Navy / 3XL,TOWN TEAM,469.00,1.899,N/A,En stock,N/A,
Justyol,Ventes Flash,All Best Selling,"Ensemble 1/4 Ans – Tenue Sportive avec Imprimé ""SPORT"" pour Enfant - brown / 4y",JUSTYOL,269.00,350.00,23,En stock,N/A,
Justyol,Ventes Flash,All Best Selling,2423 Robe longue à motif authentique femme en viscose - Vert1 / 40,JWOMEN,238.00,433.00,45,En stock,N/A,
Justyol,Ventes Flash,All Best Selling,Veste légère pour homme matelassée avec capuche pratique - JAC24WWBP28454TM1 - Yellow / 4XL,TOWN TEAM,479.00,1.199,N/A,En stock,N/A,
Justyol,Ventes Flash,All Best Selling,Pull homme en laine douce à col V aux couleurs élégantes – PUL24WTWO27425TM1 - Red / S,TOWN TEAM,219.00,899.00,76,En stock,N/A,
Justyol,Ventes Flash,All Best Selling,Veste homme d’hiver matelassée avec capuche – JAC24WWBP28455TM1 - Black / XL,TOWN TEAM,469.00,1.899,N/A,En stock,N/A,
Justyol,Ventes Flash,All Best Selling,"Ensemble 1/4 Ans – Tenue Sportive avec Imprimé ""SPORT"" pour Enfant - brown / 5y",JUSTYOL,269.00,350.00,23,En stock,N/A,
Justyol,Ventes Flash,All Best Selling,2423 Robe longue à motif authentique femme en viscose - Vert1 / 42,JWOMEN,238.00,433.00,45,En stock,N/A,
Justyol,Ventes Flash,All Best Selling,Veste légère pour homme matelassée avec capuche pratique - JAC24WWBP28454TM1 - Red / XL,TOWN TEAM,479.00,1.199,N/A,En stock,N/A,
Justyol,Ventes Flash,All Best Selling,Pull homme en laine douce à col V aux couleurs élégantes – PUL24WTWO27425TM1 - Red / 4XL,TOWN TEAM,219.00,899.00,76,En stock,N/A,
Justyol,Ventes Flash,All Best Selling,Veste homme d’hiver matelassée avec capuche – JAC24WWBP28455TM1 - Black / 3XL,TOWN TEAM,469.00,1.899,N/A,En stock,N/A,
Justyol,Ventes Flash,All Best Selling,2423 Robe longue à motif authentique femme en viscose - Vert1 / 46,JWOMEN,238.00,433.00,45,En stock,N/A,
Justyol,Ventes Flash,All Best Selling,Veste légère pour homme matelassée avec capuche pratique - JAC24WWBP28454TM1 - Red / L,TOWN TEAM,479.00,1.199,N/A,En stock,N/A,
Justyol,Ventes Flash,All Best Selling,Pull homme en laine douce à col V aux couleurs élégantes – PUL24WTWO27425TM1 - Red / 6XL,TOWN TEAM,219.00,899.00,76,En stock,N/A,
Justyol,Ventes Flash,All Best Selling,Veste homme d’hiver matelassée avec capuche – JAC24WWBP28455TM1 - Silver / XL,TOWN TEAM,469.00,1.899,N/A,En stock,N/A,
Justyol,Ventes Flash,All Best Selling,2423 Robe longue à motif authentique femme en viscose - c. Violet / 38,JWOMEN,238.00,433.00,45,En stock,N/A,
Justyol,Ventes Flash,All Best Selling,Veste légère pour homme matelassée avec capuche pratique - JAC24WWBP28454TM1 - Yellow / XL,TOWN TEAM,479.00,1.199,N/A,En stock,N/A,
Justyol,Ventes Flash,All Best Selling,Pull homme en laine douce à col V aux couleurs élégantes – PUL24WTWO27425TM1 - Red / 7XL,TOWN TEAM,219.00,899.00,76,En stock,N/A,
Justyol,Ventes Flash,All Best Selling,Veste légère pour homme matelassée avec capuche pratique - JAC24WWBP28454TM1 - Yellow / 2XL,TOWN TEAM,479.00,1.199,N/A,En stock,N/A,
Justyol,Ventes Flash,All Best Selling,Pull homme en laine douce à col V aux couleurs élégantes – PUL24WTWO27425TM1 - Red / 5XL,TOWN TEAM,219.00,899.00,76,En stock,N/A,
Justyol,Ventes Flash,All Best Selling,Veste légère pour homme matelassée avec capuche pratique - JAC24WWBP28454TM1 - Yellow / L,TOWN TEAM,479.00,1.199,N/A,En stock,N/A,
Justyol,Ventes Flash,All Best Selling,Pull homme en laine douce à col V aux couleurs élégantes – PUL24WTWO27425TM1 - Burgundy / 2XL,TOWN TEAM,219.00,899.00,76,En stock,N/A,
Justyol,Ventes Flash,All Best Selling,Pull homme en laine douce à col V aux couleurs élégantes – PUL24WTWO27425TM1 - Burgundy / 4XL,TOWN TEAM,219.00,899.00,76,En stock,N/A,
Justyol,Ventes Flash,All Best Selling,Pull homme en laine douce à col V aux couleurs élégantes – PUL24WTWO27425TM1 - Burgundy / 6XL,TOWN TEAM,219.00,899.00,76,En stock,N/A,
Justyol,Ventes Flash,All Best Selling,Pull homme en laine douce à col V aux couleurs élégantes – PUL24WTWO27425TM1 - Burgundy / 7XL,TOWN TEAM,219.00,899.00,76,En stock,N/A,
Justyol,Ventes Flash,All Best Selling,Pull homme en laine douce à col V aux couleurs élégantes – PUL24WTWO27425TM1 - Burgundy / 5XL,TOWN TEAM,219.00,899.00,76,En stock,N/A,
Justyol,Ventes Flash,All Best Selling,Pull homme en laine douce à col V aux couleurs élégantes – PUL24WTWO27425TM1 - Mustard / 2XL,TOWN TEAM,219.00,899.00,76,En stock,N/A,
Justyol,Ventes Flash,All Best Selling,Pull homme en laine douce à col V aux couleurs élégantes – PUL24WTWO27425TM1 - Mustard / S,TOWN TEAM,219.00,899.00,76,En stock,N/A,
Justyol,Ventes Flash,All Best Selling,Pull homme en laine douce à col V aux couleurs élégantes – PUL24WTWO27425TM1 - Mustard / 3XL,TOWN TEAM,219.00,899.00,76,En stock,N/A,
Justyol,Ventes Flash,All Best Selling,Pull homme en laine douce à col V aux couleurs élégantes – PUL24WTWO27425TM1 - Mustard / 4XL,TOWN TEAM,219.00,899.00,76,En stock,N/A,
Justyol,Ventes Flash,All Best Selling,Pull homme en laine douce à col V aux couleurs élégantes – PUL24WTWO27425TM1 - Mustard / 6XL,TOWN TEAM,219.00,899.00,76,En stock,N/A,
Justyol,Ventes Flash,All Best Selling,Pull homme en laine douce à col V aux couleurs élégantes – PUL24WTWO27425TM1 - Mustard / 7XL,TOWN TEAM,219.00,899.00,76,En stock,N/A,
Justyol,Ventes Flash,All Best Selling,Pull homme en laine douce à col V aux couleurs élégantes – PUL24WTWO27425TM1 - Mustard / 5XL,TOWN TEAM,219.00,899.00,76,En stock,N/A,
Justyol,Ventes Flash,All Best Selling,Pull homme en laine douce à col V aux couleurs élégantes – PUL24WTWO27425TM1 - Mustard / XL,TOWN TEAM,219.00,899.00,76,En stock,N/A,
Justyol,Ventes Flash,All Best Selling,Pull homme en laine douce à col V aux couleurs élégantes – PUL24WTWO27425TM1 - Navy / 2XL,TOWN TEAM,219.00,899.00,76,En stock,N/A,
Justyol,Ventes Flash,All Best Selling,Pull homme en laine douce à col V aux couleurs élégantes – PUL24WTWO27425TM1 - Navy / 4XL,TOWN TEAM,219.00,899.00,76,En stock,N/A,
Justyol,Ventes Flash,All Best Selling,Pull homme en laine douce à col V aux couleurs élégantes – PUL24WTWO27425TM1 - Navy / 6XL,TOWN TEAM,219.00,899.00,76,En stock,N/A,
Justyol,Ventes Flash,All Best Selling,Pull homme en laine douce à col V aux couleurs élégantes – PUL24WTWO27425TM1 - Navy / 7XL,TOWN TEAM,219.00,899.00,76,En stock,N/A,
Justyol,Ventes Flash,All Best Selling,Pull homme en laine douce à col V aux couleurs élégantes – PUL24WTWO27425TM1 - Navy / 5XL,TOWN TEAM,219.00,899.00,76,En stock,N/A,
Justyol,Ventes Flash,All Best Selling,Pull homme en laine douce à col V aux couleurs élégantes – PUL24WTWO27425TM1 - Ca / 5XL,TOWN TEAM,219.00,899.00,76,En stock,N/A,
Justyol,Ventes Flash,All Best Selling,Pull homme en laine douce à col V aux couleurs élégantes – PUL24WTWO27425TM1 - Charcoal / 2XL,TOWN TEAM,219.00,899.00,76,En stock,N/A,
Justyol,Ventes Flash,All Best Selling,Pull homme en laine douce à col V aux couleurs élégantes – PUL24WTWO27425TM1 - Charcoal / 4XL,TOWN TEAM,219.00,899.00,76,En stock,N/A,
Justyol,Ventes Flash,All Best Selling,Pull homme en laine douce à col V aux couleurs élégantes – PUL24WTWO27425TM1 - Charcoal / 6XL,TOWN TEAM,219.00,899.00,76,En stock,N/A,
Justyol,Ventes Flash,All Best Selling,Pull homme en laine douce à col V aux couleurs élégantes – PUL24WTWO27425TM1 - Charcoal / 7XL,TOWN TEAM,219.00,899.00,76,En stock,N/A,
Justyol,Ventes Flash,All Best Selling,Pull homme en laine douce à col V aux couleurs élégantes – PUL24WTWO27425TM1 - Charcoal / 5XL,TOWN TEAM,219.00,899.00,76,En stock,N/A,
Justyol,Ventes Flash,All Best Selling,Pull homme en laine douce à col V aux couleurs élégantes – PUL24WTWO27425TM1 - Charcoal / XL,TOWN TEAM,219.00,899.00,76,En stock,N/A,
Justyol,Ventes Flash,All Best Selling,Pull homme en laine douce à col V aux couleurs élégantes – PUL24WTWO27425TM1 - Light Grey / 2XL,TOWN TEAM,219.00,899.00,76,En stock,N/A,
Justyol,Ventes Flash,All Best Selling,Pull homme en laine douce à col V aux couleurs élégantes – PUL24WTWO27425TM1 - Light Grey / 4XL,TOWN TEAM,219.00,899.00,76,En stock,N/A,
Justyol,Ventes Flash,All Best Selling,Pull homme en laine douce à col V aux couleurs élégantes – PUL24WTWO27425TM1 - Light Grey / 6XL,TOWN TEAM,219.00,899.00,76,En stock,N/A,
Justyol,Ventes Flash,All Best Selling,Pull homme en laine douce à col V aux couleurs élégantes – PUL24WTWO27425TM1 - Light Grey / 7XL,TOWN TEAM,219.00,899.00,76,En stock,N/A,
Justyol,Ventes Flash,All Best Selling,Pull homme en laine douce à col V aux couleurs élégantes – PUL24WTWO27425TM1 - Light Grey / 5XL,TOWN TEAM,219.00,899.00,76,En stock,N/A,
Justyol,Ventes Flash,All Best Selling,Pull homme en laine douce à col V aux couleurs élégantes – PUL24WTWO27425TM1 - Olive / 3XL,TOWN TEAM,219.00,899.00,76,En stock,N/A,
Justyol,Ventes Flash,All Best Selling,Pull homme en laine douce à col V aux couleurs élégantes – PUL24WTWO27425TM1 - Olive / 4XL,TOWN TEAM,219.00,899.00,76,En stock,N/A,
Justyol,Ventes Flash,All Best Selling,Pull homme en laine douce à col V aux couleurs élégantes – PUL24WTWO27425TM1 - Olive / 6XL,TOWN TEAM,219.00,899.00,76,En stock,N/A,
Justyol,Ventes Flash,All Best Selling,Pull homme en laine douce à col V aux couleurs élégantes – PUL24WTWO27425TM1 - Olive / 7XL,TOWN TEAM,219.00,899.00,76,En stock,N/A,
Justyol,Ventes Flash,All Best Selling,Pull homme en laine douce à col V aux couleurs élégantes – PUL24WTWO27425TM1 - Olive / 5XL,TOWN TEAM,219.00,899.00,76,En stock,N/A,
Justyol,Ventes Flash,All Best Selling,pantalon homme coton naturel cordon et zip - noir / m,JMEN,219.00,438.00,50,En stock,N/A,
Justyol,Ventes Flash,All Best Selling,Pull Homme en Tricot avec Motif en Tresse et Col Rond - noir / l,JMEN,147.00,339.04,57,En stock,N/A,
Justyol,Ventes Flash,All Best Selling,T-shirt homme oversize imprimé en coton épais 100 % au toucher doux- 88355 - bleu marine / xl,JMEN,108.00,262.00,59,En stock,N/A,
Justyol,Ventes Flash,All Best Selling,Veste pour homme doublée avec capuche – Design moderne et chaud – JAC24WWBP28419TM1 - L-BROWN / 5XL,TOWN TEAM,449.00,1.799,N/A,En stock,N/A,
Justyol,Ventes Flash,All Best Selling,Housse de lit coton satiné 300 fils - 4 pièces (sans couette) - Blanc / 140/200/35,MAISON GOOD AND WELL,650.00,875.00,26,En stock,N/A,
Justyol,Ventes Flash,All Best Selling,Pack 5 produits Cuisine Eid – Composez le vôtre,JHOME,0.00,N/A,N/A,En stock,N/A,https://justyol.com/products/pack-cuisine-eid-composez-le-votre-pack-de-5-produits
Justyol,Ventes Flash,All Best Selling,Veste homme en tissu peluche doux effet fourrure-40979 - noir / S,JMEN,389.00,778.00,50,En stock,N/A,
Justyol,Ventes Flash,All Best Selling,Pull homme en laine à col rond élégant – PUL24WTWO27442TM1 - Charcoal / 2XL,TOWN TEAM,219.00,899.00,76,En stock,N/A,
Justyol,Ventes Flash,All Best Selling,Robe mini femme avec détails en tulle élégants 2485 - noir / 36,JWOMEN,153.00,299.00,49,En stock,N/A,
Justyol,Ventes Flash,All Best Selling,Ensemble Bébé Barboteuse avec Col Dentelle et Bandana Lydie - orange / 18 m,JKIDS,97.20,240.40,60,En stock,N/A,
Justyol,Ventes Flash,All Best Selling,Robe fille Unicorn ailes 3D – Robe hiver épaisse avec détails scintillants - siyah / 3 y,JKIDS,137.00,391.00,65,En stock,N/A,
Justyol,Ventes Flash,All Best Selling,"Tayt pour homme à logo, taille haute, coupe slim fit, pour activité sportive - 84989 - antrasit / m",JMEN,96.00,235.00,59,En stock,N/A,
Justyol,Ventes Flash,All Best Selling,Chardon-Marie 350 mg – Complément Alimentaire Soutien du Foie,CHRISTELLE PARIS,74.00,N/A,N/A,En stock,N/A,https://justyol.com/products/chardon-marie-350-mg-complement-alimentaire-soutien-du-foie
Justyol,Ventes Flash,All Best Selling,Pantalon cargo homme confortable avec poches – JOG23SGBL24254TM1 - Cafe / 34,TOWN TEAM,259.00,659.00,61,En stock,N/A,
Justyol,Ventes Flash,All Best Selling,Pantalon homme en tissu à coupe droite moderne et confortable – JOG23GFGA24240TM1 - Cafe / 34,TOWN TEAM,249.00,499.00,50,En stock,N/A,
Justyol,Ventes Flash,All Best Selling,Ensemble jogging garçon hiver motif dinosaures Dino Park - lacivert / 3 y,JKIDS,124.80,295.60,58,En stock,N/A,
Justyol,Ventes Flash,All Best Selling,UN SYSTÈME COMPLET POUR LE SOIN DU VISAGE 30ML de chaque flacon,CHRISTELLE PARIS,96.00,N/A,N/A,En stock,N/A,https://justyol.com/products/un-systeme-complet-pour-le-soin-du-visage-30ml-de-chaque-flacon
Justyol,Ventes Flash,All Best Selling,"Ensemble Garçon 2 Pièces Dino – T-shirt Imprimé + Bermuda Capri Baggy - gri,lacivert / 6 y",JKIDS,227.00,N/A,N/A,En stock,N/A,
Justyol,Ventes Flash,All Best Selling,Sweat-shirt pour garçon à rayures avec des couleurs chaudes et modernes - PUL23WAYC27506TB1 - Charcoal / 14,TOWN TEAM,119.00,499.00,76,En stock,N/A,
Justyol,Ventes Flash,All Best Selling,Veste d’hiver homme matelassée avec capuche - JAC24WFWP28374TM1 - Yellow / 3XL,TOWN TEAM,349.00,1.399,N/A,En stock,N/A,
Justyol,Ventes Flash,All Best Selling,Ensemble bébé garçon salopette en mousseline brodée koala - beige / 6m,JKIDS,77.40,200.80,61,En stock,N/A,
Justyol,Ventes Flash,All Best Selling,Sandale en Cuir Véritable - siyah / 37,JWOMEN,163.20,N/A,N/A,En stock,N/A,
Justyol,Ventes Flash,All Best Selling,"Ensemble 2 pièces pour garçon - T-shirt à manches longues et pantalon - siyah,gri / 8 y",JKIDS,134.60,269.20,50,En stock,N/A,
Justyol,Ventes Flash,All Best Selling,chemise oversize homme bambou manches courtes - beige / S,JMEN,137.00,319.24,57,En stock,N/A,
Justyol,Ventes Flash,All Best Selling,Ensemble nuisette satin femme avec kimono floral et dentelle - beige / M,EROTICA,265.00,375.00,29,En stock,N/A,
Justyol,Ventes Flash,All Best Selling,Pack serviette de bain - 3 pièces 100% coton - Beige / Carré de main 35x35 cm Serviette faciale 35x75 cm Drap de bain 70x140 cm,MAISON GOOD AND WELL,235.00,325.00,28,En stock,N/A,
Justyol,Ventes Flash,All Best Selling,Tunique Chemise Longue Rayée Femme – Fluide & Élégante - beyaz / 36,JWOMEN,105.00,398.00,74,En stock,N/A,
Justyol,Ventes Flash,All Best Selling,"Robe Chemise Imprimée 2455 – 100 % Viscose, Élégance Estivale - yeşil / 40",JWOMEN,72.00,248.00,71,En stock,N/A,
Justyol,Ventes Flash,All Best Selling,Jupe satin femme – Jupe midi fluide élégante 100% polyester - siyah / 42,JWOMEN,46.20,160.00,71,En stock,N/A,
Justyol,Ventes Flash,All Best Selling,9091 Trench-Coat Femme à Capuche avec Taille Ajustable - haki / 42,JWOMEN,237.60,573.32,59,En stock,N/A,
Justyol,Ventes Flash,All Best Selling,"Housse de Canapé 3 Places - Housse Élastique de Protection, Facile à Installer, Pratique et Esthétique - gri / 180 x 220",JUSTYOL,350.00,634.10,45,En stock,N/A,
Justyol,Ventes Flash,All Best Selling,pantalon homme coton naturel cordon et zip - beige / s,JMEN,219.00,438.00,50,En stock,N/A,
Justyol,Ventes Flash,All Best Selling,Veste pour homme doublée avec capuche – Design moderne et chaud – JAC24WWBP28419TM1 - L-BROWN / 4XL,TOWN TEAM,449.00,1.799,N/A,En stock,N/A,
Justyol,Ventes Flash,All Best Selling,Housse de lit coton satiné 300 fils - 4 pièces (sans couette) - Blanc / 90/190/35,MAISON GOOD AND WELL,650.00,875.00,26,En stock,N/A,
Justyol,Ventes Flash,All Best Selling,Pull homme en laine à col rond élégant – PUL24WTWO27442TM1 - Charcoal / 4XL,TOWN TEAM,219.00,899.00,76,En stock,N/A,
Justyol,Ventes Flash,All Best Selling,Robe mini femme avec détails en tulle élégants 2485 - noir / 44,JWOMEN,153.00,299.00,49,En stock,N/A,
Justyol,Ventes Flash,All Best Selling,Ensemble Bébé Barboteuse avec Col Dentelle et Bandana Lydie - orange / 12 m,JKIDS,97.20,240.40,60,En stock,N/A,
Justyol,Ventes Flash,All Best Selling,Pantalon cargo homme confortable avec poches – JOG23SGBL24254TM1 - Cafe / 36,TOWN TEAM,259.00,659.00,61,En stock,N/A,
Justyol,Ventes Flash,All Best Selling,Pantalon homme en tissu à coupe droite moderne et confortable – JOG23GFGA24240TM1 - Dark Grey / 34,TOWN TEAM,249.00,499.00,50,En stock,N/A,
Justyol,Ventes Flash,All Best Selling,Sweat-shirt pour garçon à rayures avec des couleurs chaudes et modernes - PUL23WAYC27506TB1 - Charcoal / 11,TOWN TEAM,119.00,499.00,76,En stock,N/A,
Justyol,Ventes Flash,All Best Selling,Veste d’hiver homme matelassée avec capuche - JAC24WFWP28374TM1 - Yellow / L,TOWN TEAM,349.00,1.399,N/A,En stock,N/A,
Justyol,Ventes Flash,All Best Selling,Ensemble bébé garçon salopette en mousseline brodée koala - beige / 12m,JKIDS,77.40,200.80,61,En stock,N/A,
Justyol,Ventes Flash,All Best Selling,Ensemble nuisette satin femme avec kimono floral et dentelle - beige / XL,EROTICA,265.00,375.00,29,En stock,N/A,
Justyol,Ventes Flash,All Best Selling,Pack serviette de bain - 3 pièces 100% coton - Bleu / Carré de main 35x35 cm Serviette faciale 35x75 cm Drap de bain 70x140 cm,MAISON GOOD AND WELL,235.00,325.00,28,En stock,N/A,
Justyol,Ventes Flash,All Best Selling,Jupe satin femme – Jupe midi fluide élégante 100% polyester - m. kahverengi / 42,JWOMEN,46.20,160.00,71,En stock,N/A,
Justyol,Ventes Flash,All Best Selling,9091 Trench-Coat Femme à Capuche avec Taille Ajustable - LACIVERT / 40,JWOMEN,237.60,573.32,59,En stock,N/A,
Justyol,Ventes Flash,All Best Selling,pantalon homme coton naturel cordon et zip - écru / m,JMEN,219.00,438.00,50,En stock,N/A,
Justyol,Ventes Flash,All Best Selling,Veste pour homme doublée avec capuche – Design moderne et chaud – JAC24WWBP28419TM1 - L-BROWN / 7XL,TOWN TEAM,449.00,1.799,N/A,En stock,N/A,
Justyol,Ventes Flash,All Best Selling,Housse de lit coton satiné 300 fils - 4 pièces (sans couette) - Blanc / 160/200/35,MAISON GOOD AND WELL,650.00,875.00,26,En stock,N/A,
Justyol,Ventes Flash,All Best Selling,Pull homme en laine à col rond élégant – PUL24WTWO27442TM1 - Navy / 4XL,TOWN TEAM,219.00,899.00,76,En stock,N/A,
Justyol,Ventes Flash,All Best Selling,Pantalon cargo homme confortable avec poches – JOG23SGBL24254TM1 - Cafe / 33,TOWN TEAM,259.00,659.00,61,En stock,N/A,
Justyol,Ventes Flash,All Best Selling,Pantalon homme en tissu à coupe droite moderne et confortable – JOG23GFGA24240TM1 - Dark Grey / 38,TOWN TEAM,249.00,499.00,50,En stock,N/A,
Justyol,Ventes Flash,All Best Selling,Sweat-shirt pour garçon à rayures avec des couleurs chaudes et modernes - PUL23WAYC27506TB1 - Wine / 4,TOWN TEAM,119.00,499.00,76,En stock,N/A,
Justyol,Ventes Flash,All Best Selling,Veste d’hiver homme matelassée avec capuche - JAC24WFWP28374TM1 - Yellow / XL,TOWN TEAM,349.00,1.399,N/A,En stock,N/A,
Justyol,Ventes Flash,All Best Selling,Ensemble bébé garçon salopette en mousseline brodée koala - beige / 18m,JKIDS,77.40,200.80,61,En stock,N/A,
Justyol,Ventes Flash,All Best Selling,Pack serviette de bain - 3 pièces 100% coton - Caramel / Carré de main 35x35 cm Serviette faciale 35x75 cm Drap de bain 70x140 cm,MAISON GOOD AND WELL,235.00,325.00,28,En stock,N/A,
Justyol,Ventes Flash,All Best Selling,pantalon homme coton naturel cordon et zip - noir / xl,JMEN,219.00,438.00,50,En stock,N/A,
Justyol,Ventes Flash,All Best Selling,Veste pour homme doublée avec capuche – Design moderne et chaud – JAC24WWBP28419TM1 - L-BROWN / 6XL,TOWN TEAM,449.00,1.799,N/A,En stock,N/A,
Justyol,Ventes Flash,All Best Selling,Housse de lit coton satiné 300 fils - 4 pièces (sans couette) - Bleu / 90/190/35,MAISON GOOD AND WELL,650.00,875.00,26,En stock,N/A,
Justyol,Ventes Flash,All Best Selling,Pull homme en laine à col rond élégant – PUL24WTWO27442TM1 - Navy / 2XL,TOWN TEAM,219.00,899.00,76,En stock,N/A,
Justyol,Ventes Flash,All Best Selling,Pantalon cargo homme confortable avec poches – JOG23SGBL24254TM1 - Cafe / 38,TOWN TEAM,259.00,659.00,61,En stock,N/A,
Justyol,Ventes Flash,All Best Selling,Sweat-shirt pour garçon à rayures avec des couleurs chaudes et modernes - PUL23WAYC27506TB1 - Wine / 16,TOWN TEAM,119.00,499.00,76,En stock,N/A,
Justyol,Ventes Flash,All Best Selling,Veste d’hiver homme matelassée avec capuche - JAC24WFWP28374TM1 - Yellow / 4XL,TOWN TEAM,349.00,1.399,N/A,En stock,N/A,
Justyol,Ventes Flash,All Best Selling,Ensemble bébé garçon salopette en mousseline brodée koala - BLEU / 6m,JKIDS,77.40,200.80,61,En stock,N/A,
Justyol,Ventes Flash,All Best Selling,Pack serviette de bain - 3 pièces 100% coton - Jaune / Carré de main 35x35 cm Serviette faciale 35x75 cm Drap de bain 70x140 cm,MAISON GOOD AND WELL,235.00,325.00,28,En stock,N/A,
Justyol,Ventes Flash,All Best Selling,pantalon homme coton naturel cordon et zip - écru / l,JMEN,219.00,438.00,50,En stock,N/A,
Justyol,Ventes Flash,All Best Selling,Veste pour homme doublée avec capuche – Design moderne et chaud – JAC24WWBP28419TM1 - Navy / 5XL,TOWN TEAM,449.00,1.799,N/A,En stock,N/A,
Justyol,Ventes Flash,All Best Selling,Housse de lit coton satiné 300 fils - 4 pièces (sans couette) - Bleu / 140/200/35,MAISON GOOD AND WELL,650.00,875.00,26,En stock,N/A,
Justyol,Ventes Flash,All Best Selling,Pull homme en laine à col rond élégant – PUL24WTWO27442TM1 - Charcoal / 3XL,TOWN TEAM,219.00,899.00,76,En stock,N/A,
Justyol,Ventes Flash,All Best Selling,Pantalon cargo homme confortable avec poches – JOG23SGBL24254TM1 - Olive / 36,TOWN TEAM,259.00,659.00,61,En stock,N/A,
Justyol,Ventes Flash,All Best Selling,Sweat-shirt pour garçon à rayures avec des couleurs chaudes et modernes - PUL23WAYC27506TB1 - Wine / 11,TOWN TEAM,119.00,499.00,76,En stock,N/A,
Justyol,Ventes Flash,All Best Selling,Veste d’hiver homme matelassée avec capuche - JAC24WFWP28374TM1 - Yellow / 2XL,TOWN TEAM,349.00,1.399,N/A,En stock,N/A,
Justyol,Ventes Flash,All Best Selling,Ensemble bébé garçon salopette en mousseline brodée koala - BLEU / 12m,JKIDS,77.40,200.80,61,En stock,N/A,
Justyol,Ventes Flash,All Best Selling,Pack serviette de bain - 3 pièces 100% coton - Vert / Carré de main 35x35 cm Serviette faciale 35x75 cm Drap de bain 70x140 cm,MAISON GOOD AND WELL,235.00,325.00,28,En stock,N/A,
Justyol,Ventes Flash,All Best Selling,pantalon homme coton naturel cordon et zip - beige / l,JMEN,219.00,438.00,50,En stock,N/A,
Justyol,Ventes Flash,All Best Selling,Veste pour homme doublée avec capuche – Design moderne et chaud – JAC24WWBP28419TM1 - Navy / XL,TOWN TEAM,449.00,1.799,N/A,En stock,N/A,
Justyol,Ventes Flash,All Best Selling,Housse de lit coton satiné 300 fils - 4 pièces (sans couette) - Bleu / 160/200/35,MAISON GOOD AND WELL,650.00,875.00,26,En stock,N/A,
Justyol,Ventes Flash,All Best Selling,Pull homme en laine à col rond élégant – PUL24WTWO27442TM1 - Charcoal / XL,TOWN TEAM,219.00,899.00,76,En stock,N/A,
Justyol,Ventes Flash,All Best Selling,Pantalon cargo homme confortable avec poches – JOG23SGBL24254TM1 - Olive / 33,TOWN TEAM,259.00,659.00,61,En stock,N/A,
Justyol,Ventes Flash,All Best Selling,Ensemble bébé garçon salopette en mousseline brodée koala - BLEU / 18m,JKIDS,77.40,200.80,61,En stock,N/A,
Justyol,Ventes Flash,All Best Selling,Veste pour homme doublée avec capuche – Design moderne et chaud – JAC24WWBP28419TM1 - Navy / 2XL,TOWN TEAM,449.00,1.799,N/A,En stock,N/A,
Justyol,Ventes Flash,All Best Selling,Housse de lit coton satiné 300 fils - 4 pièces (sans couette) - Caramel / 90/190/35,MAISON GOOD AND WELL,650.00,875.00,26,En stock,N/A,
Justyol,Ventes Flash,All Best Selling,Pull homme en laine à col rond élégant – PUL24WTWO27442TM1 - Beige / 2XL,TOWN TEAM,219.00,899.00,76,En stock,N/A,
Justyol,Ventes Flash,All Best Selling,Veste pour homme doublée avec capuche – Design moderne et chaud – JAC24WWBP28419TM1 - Navy / 4XL,TOWN TEAM,449.00,1.799,N/A,En stock,N/A,
Justyol,Ventes Flash,All Best Selling,Housse de lit coton satiné 300 fils - 4 pièces (sans couette) - Caramel / 140/200/35,MAISON GOOD AND WELL,650.00,875.00,26,En stock,N/A,
Justyol,Ventes Flash,All Best Selling,Veste pour homme doublée avec capuche – Design moderne et chaud – JAC24WWBP28419TM1 - Navy / 3XL,TOWN TEAM,449.00,1.799,N/A,En stock,N/A,
Justyol,Ventes Flash,All Best Selling,Housse de lit coton satiné 300 fils - 4 pièces (sans couette) - Caramel / 160/200/35,MAISON GOOD AND WELL,650.00,875.00,26,En stock,N/A,
Justyol,Ventes Flash,All Best Selling,Veste pour homme doublée avec capuche – Design moderne et chaud – JAC24WWBP28419TM1 - Navy / 7XL,TOWN TEAM,449.00,1.799,N/A,En stock,N/A,
Justyol,Ventes Flash,All Best Selling,Housse de lit coton satiné 300 fils - 4 pièces (sans couette) - Gris / 140/200/35,MAISON GOOD AND WELL,650.00,875.00,26,En stock,N/A,
Justyol,Ventes Flash,All Best Selling,Veste pour homme doublée avec capuche – Design moderne et chaud – JAC24WWBP28419TM1 - Navy / 6XL,TOWN TEAM,449.00,1.799,N/A,En stock,N/A,
Justyol,Ventes Flash,All Best Selling,Housse de lit coton satiné 300 fils - 4 pièces (sans couette) - Gris / 160/200/35,MAISON GOOD AND WELL,650.00,875.00,26,En stock,N/A,
Justyol,Ventes Flash,All Best Selling,Housse de lit coton satiné 300 fils - 4 pièces (sans couette) - Gris / 90/190/35,MAISON GOOD AND WELL,650.00,875.00,26,En stock,N/A,
Justyol,Ventes Flash,All Best Selling,Housse de lit coton satiné 300 fils - 4 pièces (sans couette) - Vert / 90/190/35,MAISON GOOD AND WELL,650.00,875.00,26,En stock,N/A,
Justyol,Ventes Flash,All Best Selling,Housse de lit coton satiné 300 fils - 4 pièces (sans couette) - Vert / 160/200/35,MAISON GOOD AND WELL,650.00,875.00,26,En stock,N/A,
Justyol,Ventes Flash,All Best Selling,Housse de lit coton satiné 300 fils - 4 pièces (sans couette) - Vert / 140/200/35,MAISON GOOD AND WELL,650.00,875.00,26,En stock,N/A,
Justyol,Ventes Flash,All Best Selling,Housse de lit coton satiné 300 fils - 4 pièces (sans couette) - Vert / 180/200/35,MAISON GOOD AND WELL,650.00,875.00,26,En stock,N/A,
Justyol,Ventes Flash,All Best Selling,T-shirt homme performance respirant en polyester stretch - 88396 - blanc / s,JMEN,96.00,238.00,60,En stock,N/A,
Justyol,Ventes Flash,All Best Selling,Escarpins femme avec dos ouvert - leopar / 42,JWOMEN,238.00,432.00,45,En stock,N/A,
Justyol,Ventes Flash,All Best Selling,T-shirt Homme Noir Oversized Imprimé Fearless – Style Streetwear - TSH25SPRO20524TM1 - Black / M,TOWN TEAM,189.00,479.00,61,En stock,N/A,
Justyol,Ventes Flash,All Best Selling,Housse de couette + 2 taies d'oreiller Percale 100% coton - Gris / lit 140 et 160 cm (240x220 cm),MAISON GOOD AND WELL,680.00,914.00,26,En stock,N/A,
Justyol,Ventes Flash,All Best Selling,Legging Femme Slim Fit Taille Haute avec Imprimé Détails - koyu gri / m,JWOMEN,114.00,301.40,62,En stock,N/A,
Justyol,Ventes Flash,All Best Selling,Ensemble Garçon 2 Pièces T-Shirt Imprimé Dinosaure & Pantalon Baggy avec Détail 3D - laci desenli / 3 yaş,JKIDS,106.00,258.00,59,En stock,N/A,
Justyol,Ventes Flash,All Best Selling,"Sweatshirt pour homme à col rond avec broderie, coupe décontractée - 88020 - ekru / xl",JMEN,81.60,188.00,57,En stock,N/A,
Justyol,Ventes Flash,All Best Selling,Shilajit 500mg Extrait Naturel Hautement Concentré 60 gélules,CHRISTELLE PARIS,99.00,N/A,N/A,En stock,N/A,https://justyol.com/products/shilajit-500mg-extrait-naturel-hautement-concentre-60-gelules
Justyol,Ventes Flash,All Best Selling,t‑shirt oversize homme coton imprimé poches - siyah / s,JMEN,97.00,239.20,59,En stock,N/A,
Justyol,Ventes Flash,All Best Selling,"Sweatshirt pour homme à capuche avec poche kangourou et broderie, coupe standard - 87839 - gb mélangé / s",JMEN,147.60,N/A,N/A,En stock,N/A,
Justyol,Ventes Flash,All Best Selling,Oreiller silicone Pierre Cardin 950 gr - Beyaz / 650 gr,PIERRE CARDIN,96.00,155.00,38,En stock,N/A,
Justyol,Ventes Flash,All Best Selling,Bottines femme nude suédine fourrées - h siyah süet / 36,JWOMEN,158.40,399.08,60,En stock,N/A,
Justyol,Ventes Flash,All Best Selling,Pantalon garçon beige en toile – Taille et chevilles élastiques - coton - bej / 4 y,JKIDS,125.00,250.00,50,En stock,N/A,
Justyol,Ventes Flash,All Best Selling,Ensemble Garçon TFB-04435 2/5 Ans – Chemise à Boutons et Pantalon Décontracté - beige / 2Y,JUSTYOL,265.00,345.00,23,En stock,N/A,
Justyol,Ventes Flash,All Best Selling,Sweat-shirt homme hiver à col montant chaud et confortable - PUL23WCOT27445TM1 - Indigo / 2XL,TOWN TEAM,219.00,559.00,61,En stock,N/A,
Justyol,Ventes Flash,All Best Selling,sweatshirt homme Rubystandart polaire confort - 88300 - gris foncé / XXL,JMEN,179.00,N/A,N/A,En stock,N/A,
Justyol,Ventes Flash,All Best Selling,chemise homme col mao coton mousseline manches courtes - rouge / M,JMEN,137.00,319.24,57,En stock,N/A,
Justyol,Ventes Flash,All Best Selling,pull viscose homme col V confort - kaki / L,JMEN,119.00,283.60,58,En stock,N/A,
Justyol,Ventes Flash,All Best Selling,Polo homme performance respirant en polyester stretch - 88393 - noir / xl,JMEN,107.00,259.60,59,En stock,N/A,
Justyol,Ventes Flash,All Best Selling,Robe femme sans manches ceinturée en ayrobin 2568 - Crème / 40,JWOMEN,179.00,325.00,45,En stock,N/A,
Justyol,Ventes Flash,All Best Selling,Pantalon de sport pour homme avec poches latérales – Design moderne et confortable – JOG24GGPL24268TM1 - OFF WHIT / 36,TOWN TEAM,219.00,559.00,61,En stock,N/A,
Justyol,Ventes Flash,All Best Selling,Jeans Homme Bleu Clair avec Design Moderne – Style Tendance - JNS23SKSW22653TM1 - Ice Blue / 34,TOWN TEAM,199.00,499.00,60,En stock,N/A,
Justyol,Ventes Flash,All Best Selling,Jean homme regular fit – Confort quotidien et style intemporel - JNS23GRBW22693TM1 - Blue / 36,TOWN TEAM,249.00,499.00,50,En stock,N/A,
Justyol,Ventes Flash,All Best Selling,Doudoune Femme à Capuche Courte Matelassée - orange / 38,JWOMEN,186.00,459.80,60,En stock,N/A,
Justyol,Ventes Flash,All Best Selling,Manteau garçon à capuche imperméable motif voitures - lacivert / 5 y,JKIDS,222.80,445.60,50,En stock,N/A,
Justyol,Ventes Flash,All Best Selling,Jean cargo homme en denim avec poches latérales pratiques - JOG25GDWL24276TM1 - D-BLUE / 40,TOWN TEAM,349.00,699.00,50,En stock,N/A,
Justyol,Ventes Flash,All Best Selling,Pack 3 produits Cuisine Eid – Composez le vôtre,JHOME,0.00,N/A,N/A,En stock,N/A,https://justyol.com/products/pack-cuisine-eid-composez-le-votre
Justyol,Ventes Flash,All Best Selling,Crème au Rétinol - Anti-Âge - 50ML - Réduit les rides - Améliore le teint - Non comédogène,CHRISTELLE PARIS,57.00,N/A,N/A,En stock,N/A,https://justyol.com/products/creme-au-retinol-anti-age-50ml-reduit-les-rides-ameliore-le-teint-non-comedogene
Justyol,Ventes Flash,All Best Selling,Short pour homme à jambes classiques avec détail sur la poche avant – 83092 - gb mélangé / l,JMEN,122.00,290.80,58,En stock,N/A,
Justyol,Ventes Flash,All Best Selling,chemise homme coton lin légère confortable - noir / s,JMEN,164.00,328.00,50,En stock,N/A,
Justyol,Ventes Flash,All Best Selling,t‑shirt oversize homme rayé col enveloppe - noir / S,JMEN,91.00,228.16,60,En stock,N/A,
Justyol,Ventes Flash,All Best Selling,T-shirt homme basique col V manches courtes coupe standard- 87912 - bleu marine / m,JMEN,99.00,244.00,59,En stock,N/A,
Justyol,Ventes Flash,All Best Selling,169-160 Tongs femme en cuir véritable avec semelle orthopédique - blanc / 37,JWOMEN,177.00,322.00,45,En stock,N/A,
Justyol,Ventes Flash,All Best Selling,T-shirt homme performance respirant en polyester stretch - 88396 - bleu marine / s,JMEN,96.00,238.00,60,En stock,N/A,
Justyol,Ventes Flash,All Best Selling,T-shirt Homme Noir Oversized Imprimé Fearless – Style Streetwear - TSH25SPRO20524TM1 - Black / L,TOWN TEAM,189.00,479.00,61,En stock,N/A,
Justyol,Ventes Flash,All Best Selling,Housse de couette + 2 taies d'oreiller Percale 100% coton - Gris / lit 180 cm (260x240 cm),MAISON GOOD AND WELL,680.00,914.00,26,En stock,N/A,
Justyol,Ventes Flash,All Best Selling,Ensemble Garçon 2 Pièces T-Shirt Imprimé Dinosaure & Pantalon Baggy avec Détail 3D - laci desenli / 6 yaş,JKIDS,106.00,258.00,59,En stock,N/A,
Justyol,Ventes Flash,All Best Selling,"Sweatshirt pour homme à col rond avec broderie, coupe décontractée - 88020 - indigo / xxl",JMEN,81.60,188.00,57,En stock,N/A,
Justyol,Ventes Flash,All Best Selling,Ensemble Garçon TFB-04435 2/5 Ans – Chemise à Boutons et Pantalon Décontracté - beige / 3Y,JUSTYOL,265.00,345.00,23,En stock,N/A,
Justyol,Ventes Flash,All Best Selling,chemise homme col mao coton mousseline manches courtes - rouge / XL,JMEN,137.00,319.24,57,En stock,N/A,
Justyol,Ventes Flash,All Best Selling,Polo homme performance respirant en polyester stretch - 88393 - blanc / m,JMEN,107.00,259.60,59,En stock,N/A,
Justyol,Ventes Flash,All Best Selling,Robe femme sans manches ceinturée en ayrobin 2568 - Crème / 42,JWOMEN,179.00,325.00,45,En stock,N/A,
Justyol,Ventes Flash,All Best Selling,Jeans Homme Bleu Clair avec Design Moderne – Style Tendance - JNS23SKSW22653TM1 - Ice Blue / 33,TOWN TEAM,199.00,499.00,60,En stock,N/A,
Justyol,Ventes Flash,All Best Selling,Jean homme regular fit – Confort quotidien et style intemporel - JNS23GRBW22693TM1 - Blue / 34,TOWN TEAM,249.00,499.00,50,En stock,N/A,
Justyol,Ventes Flash,All Best Selling,Jean cargo homme en denim avec poches latérales pratiques - JOG25GDWL24276TM1 - D-BLUE / 36,TOWN TEAM,349.00,699.00,50,En stock,N/A,
Justyol,Ventes Flash,All Best Selling,T-shirt homme basique col V manches courtes coupe standard- 87912 - noir / m,JMEN,99.00,244.00,59,En stock,N/A,
Justyol,Ventes Flash,All Best Selling,"Sweatshirt pour homme à col rond avec broderie, coupe décontractée - 88020 - zümrüt / xxl",JMEN,81.60,188.00,57,En stock,N/A,
Justyol,Ventes Flash,All Best Selling,Ensemble Garçon TFB-04435 2/5 Ans – Chemise à Boutons et Pantalon Décontracté - beige / 4Y,JUSTYOL,265.00,345.00,23,En stock,N/A,
Justyol,Ventes Flash,All Best Selling,Robe femme sans manches ceinturée en ayrobin 2568 - Crème / 36,JWOMEN,179.00,325.00,45,En stock,N/A,
Justyol,Ventes Flash,All Best Selling,T-shirt homme basique col V manches courtes coupe standard- 87912 - beige / m,JMEN,99.00,244.00,59,En stock,N/A,
Justyol,Ventes Flash,All Best Selling,Ensemble Garçon TFB-04435 2/5 Ans – Chemise à Boutons et Pantalon Décontracté - beige / 5Y,JUSTYOL,265.00,345.00,23,En stock,N/A,
Justyol,Ventes Flash,All Best Selling,Robe femme sans manches ceinturée en ayrobin 2568 - Noir / 40,JWOMEN,179.00,325.00,45,En stock,N/A,
Justyol,Ventes Flash,All Best Selling,Ensemble Garçon TFB-04435 2/5 Ans – Chemise à Boutons et Pantalon Décontracté - black / 2Y,JUSTYOL,265.00,345.00,23,En stock,N/A,
Justyol,Ventes Flash,All Best Selling,Robe femme sans manches ceinturée en ayrobin 2568 - Noir / 42,JWOMEN,179.00,325.00,45,En stock,N/A,
Justyol,Ventes Flash,All Best Selling,Ensemble Garçon TFB-04435 2/5 Ans – Chemise à Boutons et Pantalon Décontracté - black / 3Y,JUSTYOL,265.00,345.00,23,En stock,N/A,
Justyol,Ventes Flash,All Best Selling,Robe femme sans manches ceinturée en ayrobin 2568 - Noir / 36,JWOMEN,179.00,325.00,45,En stock,N/A,
Justyol,Ventes Flash,All Best Selling,Ensemble Garçon TFB-04435 2/5 Ans – Chemise à Boutons et Pantalon Décontracté - black / 4Y,JUSTYOL,265.00,345.00,23,En stock,N/A,
Justyol,Ventes Flash,All Best Selling,Robe femme sans manches ceinturée en ayrobin 2568 - Bleu / 38,JWOMEN,179.00,325.00,45,En stock,N/A,
Justyol,Ventes Flash,All Best Selling,Ensemble Garçon TFB-04435 2/5 Ans – Chemise à Boutons et Pantalon Décontracté - black / 5Y,JUSTYOL,265.00,345.00,23,En stock,N/A,
Justyol,Ventes Flash,All Best Selling,Robe femme sans manches ceinturée en ayrobin 2568 - Bleu / 40,JWOMEN,179.00,325.00,45,En stock,N/A,
Justyol,Ventes Flash,All Best Selling,Ensemble Garçon TFB-04435 2/5 Ans – Chemise à Boutons et Pantalon Décontracté - brown / 2Y,JUSTYOL,265.00,345.00,23,En stock,N/A,
Justyol,Ventes Flash,All Best Selling,Robe femme sans manches ceinturée en ayrobin 2568 - Bleu / 42,JWOMEN,179.00,325.00,45,En stock,N/A,
Justyol,Ventes Flash,All Best Selling,Ensemble Garçon TFB-04435 2/5 Ans – Chemise à Boutons et Pantalon Décontracté - brown / 3Y,JUSTYOL,265.00,345.00,23,En stock,N/A,
Justyol,Ventes Flash,All Best Selling,Robe femme sans manches ceinturée en ayrobin 2568 - Bleu / 36,JWOMEN,179.00,325.00,45,En stock,N/A,
Justyol,Ventes Flash,All Best Selling,Ensemble Garçon TFB-04435 2/5 Ans – Chemise à Boutons et Pantalon Décontracté - brown / 4Y,JUSTYOL,265.00,345.00,23,En stock,N/A,
Justyol,Ventes Flash,All Best Selling,Robe femme sans manches ceinturée en ayrobin 2568 - Poudre / 42,JWOMEN,179.00,325.00,45,En stock,N/A,
Justyol,Ventes Flash,All Best Selling,Ensemble Garçon TFB-04435 2/5 Ans – Chemise à Boutons et Pantalon Décontracté - brown / 5Y,JUSTYOL,265.00,345.00,23,En stock,N/A,
Justyol,Ventes Flash,All Best Selling,Robe femme sans manches ceinturée en ayrobin 2568 - Poudre / 36,JWOMEN,179.00,325.00,45,En stock,N/A,
Justyol,Ventes Flash,All Best Selling,Ensemble Garçon TFB-04435 2/5 Ans – Chemise à Boutons et Pantalon Décontracté - green / 2Y,JUSTYOL,265.00,345.00,23,En stock,N/A,
Justyol,Ventes Flash,All Best Selling,Ensemble Garçon TFB-04435 2/5 Ans – Chemise à Boutons et Pantalon Décontracté - green / 3Y,JUSTYOL,265.00,345.00,23,En stock,N/A,
Justyol,Ventes Flash,All Best Selling,Ensemble Garçon TFB-04435 2/5 Ans – Chemise à Boutons et Pantalon Décontracté - green / 4Y,JUSTYOL,265.00,345.00,23,En stock,N/A,
Justyol,Ventes Flash,All Best Selling,Ensemble Garçon TFB-04435 2/5 Ans – Chemise à Boutons et Pantalon Décontracté - green / 5Y,JUSTYOL,265.00,345.00,23,En stock,N/A,
Justyol,Ventes Flash,All Best Selling,Pantalon en jean pour homme au design moderne avec poches latérales spacieuses - JOG24GDEL24276TM1 - D-BLUE / 36,TOWN TEAM,349.00,699.00,50,En stock,N/A,
Justyol,Ventes Flash,All Best Selling,jogger homme baggy polaire confort - FUME / S,JMEN,146.00,292.00,50,En stock,N/A,
Justyol,Ventes Flash,All Best Selling,Housse parure de Lit - 4 Pièces - Blanc / 90/190/35,MAISON GOOD AND WELL,280.00,364.00,23,En stock,N/A,
Justyol,Ventes Flash,All Best Selling,Ensemble bébé 2 pièces t-shirt imprimé ananas avec legging assorti - fil dişi / 6-9 m,JKIDS,93.00,N/A,N/A,En stock,N/A,
Justyol,Ventes Flash,All Best Selling,Blouse femme à lacets devant en viscose et nylon 952 - Bordeaux / 40,JWOMEN,153.00,299.00,49,En stock,N/A,
Justyol,Ventes Flash,All Best Selling,Ensemble Bébé Salopette Waffle Naughty Panda – 2 Pièces - yellow / 9-12 m,JKIDS,80.00,N/A,N/A,En stock,N/A,
Justyol,Ventes Flash,All Best Selling,Pantalon de sport homme à taille élastique avec bandes latérales au design moderne - JOG23WGPS24242TM1 - DK.GREY / 34,TOWN TEAM,219.00,559.00,61,En stock,N/A,
Justyol,Ventes Flash,All Best Selling,"huile parfumée burberry her, 60ml",PARFUMORA,89.00,N/A,N/A,En stock,N/A,https://justyol.com/products/huile-parfumee-burberry-her-60ml
Justyol,Ventes Flash,All Best Selling,Ensemble de Lingerie Claret Rouge 6 Pièces - BORDO / M,JWOMEN,316.80,747.56,58,En stock,N/A,
Justyol,Ventes Flash,All Best Selling,aymod Bottes femme à bout pointu et talon bas avec fermeture éclair - Cuir noir - d nude süet / 36,JWOMEN,190.00,346.00,45,En stock,N/A,
Justyol,Ventes Flash,All Best Selling,Manteau Homme Oversize avec Détails de Poche et Capuche Amovible - noir / L,JMEN,456.00,959.00,52,En stock,N/A,
Justyol,Ventes Flash,All Best Selling,Sweat-shirt homme zippé avec capuche – SWS24WZPK26741TM1 - Charcoal / 7XL,TOWN TEAM,149.00,599.00,75,En stock,N/A,
Justyol,Ventes Flash,All Best Selling,Veste pour homme matelassée avec capuche – Design moderne et chaud - JAC24WWBP28418TM1 - baby Blue / S,TOWN TEAM,519.00,1.299,N/A,En stock,N/A,
Justyol,Ventes Flash,All Best Selling,Veste en peluche à fermeture éclair pour femme - a.bordo / 42,JWOMEN,168.60,421.52,60,En stock,N/A,
Justyol,Ventes Flash,All Best Selling,Jean homme confortable – JNS22SFDN22731TM1 - Navy / 40,TOWN TEAM,249.00,499.00,50,En stock,N/A,
Justyol,Ventes Flash,All Best Selling,Pantalon homme en tissu au design moderne - TRO22SFGA23573TM1 - Grey / 34,TOWN TEAM,259.00,529.00,51,En stock,N/A,
Justyol,Ventes Flash,All Best Selling,Veste d’hiver garçon matelassée avec capuche au design chaud et moderne – JAC23WFWP28375TB1 - Black/Brwn / 10,TOWN TEAM,249.00,999.00,75,En stock,N/A,
Justyol,Ventes Flash,All Best Selling,Jogging homme Davin avec taille élastique et coupe droite - kirçilli siyah / l,JMEN,118.20,318.00,63,En stock,N/A,
Justyol,Ventes Flash,All Best Selling,Maillot de bain modeste complet avec détails latéraux - Lycra et confort - lacivert / 40,JWOMEN,193.00,351.00,45,En stock,N/A,
Justyol,Ventes Flash,All Best Selling,Pack Visage - CHRISTELLE PARIS - Crème DÉPIGMENTANTE 50ml - Écran Solaire SPF50 - Gel Nettoyant 200ml,CHRISTELLE PARIS,107.00,N/A,N/A,En stock,N/A,https://justyol.com/products/pack-visage-christelle-paris-creme-depigmentante-50ml-ecran-solaire-spf50-gel-nettoyant-200ml
Justyol,Ventes Flash,All Best Selling,chemise homme mousseline coton rayée légère - bleu / l,JMEN,147.00,294.00,50,En stock,N/A,
Justyol,Ventes Flash,All Best Selling,T-shirt homme oversize imprimé en coton épais texturé - kaki / l,JMEN,107.00,259.60,59,En stock,N/A,
Justyol,Ventes Flash,All Best Selling,169-6100 Mules orthopédiques femme en cuir véritable - blanc / 36,JWOMEN,177.00,322.00,45,En stock,N/A,
Justyol,Ventes Flash,All Best Selling,Ensemble nuisette satin femme 2 pièces floral avec robe - vert / L,EROTICA,269.00,379.00,29,En stock,N/A,
Justyol,Ventes Flash,All Best Selling,Jeans Enfant Bleu Clair avec Détails Déchirés Élégants – Style Moderne - JNS23GSSW31378TB1 - L-BLUE / 4,TOWN TEAM,179.00,359.00,50,En stock,N/A,
Justyol,Ventes Flash,All Best Selling,Jeans Homme Noir avec Design Moderne et Coupe Skinny – Style Tendance - JNS23GPBW22660TM1 - Black / 38,TOWN TEAM,199.00,499.00,60,En stock,N/A,
Justyol,Ventes Flash,All Best Selling,Sneakers garçon montantes motif voiture 3D – Baskets enfant résistantes et confortables - gri / 29 n,JKIDS,175.20,N/A,N/A,En stock,N/A,
Justyol,Ventes Flash,All Best Selling,Débardeur sportif pour femme avec logo et bande décorative - 97255 - indigo / m,JWOMEN,92.40,254.00,64,En stock,N/A,
Justyol,Ventes Flash,All Best Selling,"Débardeur de sport pour femme à col rond, sans manches, avec détails fente - 97256 - yavruagzi / m",JWOMEN,90.60,N/A,N/A,En stock,N/A,
Justyol,Ventes Flash,All Best Selling,205-091 Sandales orthopédiques femme en cuir véritable - siyah / 37,JWOMEN,200.00,364.00,45,En stock,N/A,
Justyol,Ventes Flash,All Best Selling,"Jeans pour fille ""Black Cat"" avec applique de chat - indigo - beyaz / 5 yaş",JKIDS,98.00,229.60,57,En stock,N/A,
Justyol,Ventes Flash,All Best Selling,Housse parure de Lit - 4 Pièces - Blanc / 140/200/35,MAISON GOOD AND WELL,280.00,364.00,23,En stock,N/A,
Justyol,Ventes Flash,All Best Selling,Ensemble bébé 2 pièces t-shirt imprimé ananas avec legging assorti - pudra / 6-9 m,JKIDS,93.00,N/A,N/A,En stock,N/A,
Justyol,Ventes Flash,All Best Selling,Blouse femme à lacets devant en viscose et nylon 952 - Bordeaux / 36,JWOMEN,153.00,299.00,49,En stock,N/A,
Justyol,Ventes Flash,All Best Selling,Pantalon de sport homme à taille élastique avec bandes latérales au design moderne - JOG23WGPS24242TM1 - DK.GREY / 36,TOWN TEAM,219.00,559.00,61,En stock,N/A,
Justyol,Ventes Flash,All Best Selling,Sweat-shirt homme zippé avec capuche – SWS24WZPK26741TM1 - Charcoal / 6XL,TOWN TEAM,149.00,599.00,75,En stock,N/A,
Justyol,Ventes Flash,All Best Selling,Veste pour homme matelassée avec capuche – Design moderne et chaud - JAC24WWBP28418TM1 - baby Blue / 3XL,TOWN TEAM,519.00,1.299,N/A,En stock,N/A,
Justyol,Ventes Flash,All Best Selling,Pantalon homme en tissu au design moderne - TRO22SFGA23573TM1 - Grey / 36,TOWN TEAM,259.00,529.00,51,En stock,N/A,
Justyol,Ventes Flash,All Best Selling,Veste d’hiver garçon matelassée avec capuche au design chaud et moderne – JAC23WFWP28375TB1 - Navy/Red / 4,TOWN TEAM,249.00,999.00,75,En stock,N/A,
Justyol,Ventes Flash,All Best Selling,Ensemble nuisette satin femme 2 pièces floral avec robe - vert / 2XL,EROTICA,269.00,379.00,29,En stock,N/A,
Justyol,Ventes Flash,All Best Selling,Jeans Enfant Bleu Clair avec Détails Déchirés Élégants – Style Moderne - JNS23GSSW31378TB1 - L-BLUE / 12,TOWN TEAM,179.00,359.00,50,En stock,N/A,
Justyol,Ventes Flash,All Best Selling,Jeans Homme Noir avec Design Moderne et Coupe Skinny – Style Tendance - JNS23GPBW22660TM1 - Black / 34,TOWN TEAM,199.00,499.00,60,En stock,N/A,
Justyol,Ventes Flash,All Best Selling,Housse parure de Lit - 4 Pièces - Blanc / 160/200/35,MAISON GOOD AND WELL,280.00,364.00,23,En stock,N/A,
Justyol,Ventes Flash,All Best Selling,Blouse femme à lacets devant en viscose et nylon 952 - indigo / 38,JWOMEN,153.00,299.00,49,En stock,N/A,
Justyol,Ventes Flash,All Best Selling,Sweat-shirt homme zippé avec capuche – SWS24WZPK26741TM1 - Jeans / 6XL,TOWN TEAM,149.00,599.00,75,En stock,N/A,
Justyol,Ventes Flash,All Best Selling,Veste pour homme matelassée avec capuche – Design moderne et chaud - JAC24WWBP28418TM1 - baby Blue / XL,TOWN TEAM,519.00,1.299,N/A,En stock,N/A,
Justyol,Ventes Flash,All Best Selling,Veste d’hiver garçon matelassée avec capuche au design chaud et moderne – JAC23WFWP28375TB1 - Navy/Red / 10,TOWN TEAM,249.00,999.00,75,En stock,N/A,
Justyol,Ventes Flash,All Best Selling,Jeans Enfant Bleu Clair avec Détails Déchirés Élégants – Style Moderne - JNS23GSSW31378TB1 - L-BLUE / 16,TOWN TEAM,179.00,359.00,50,En stock,N/A,
Justyol,Ventes Flash,All Best Selling,Jeans Homme Noir avec Design Moderne et Coupe Skinny – Style Tendance - JNS23GPBW22660TM1 - Black / 36,TOWN TEAM,199.00,499.00,60,En stock,N/A,
Justyol,Ventes Flash,All Best Selling,Housse parure de Lit - 4 Pièces - Blanc / 180/200/35,MAISON GOOD AND WELL,280.00,364.00,23,En stock,N/A,
Justyol,Ventes Flash,All Best Selling,Blouse femme à lacets devant en viscose et nylon 952 - indigo / 36,JWOMEN,153.00,299.00,49,En stock,N/A,
Justyol,Ventes Flash,All Best Selling,Sweat-shirt homme zippé avec capuche – SWS24WZPK26741TM1 - Jeans / 5XL,TOWN TEAM,149.00,599.00,75,En stock,N/A,
Justyol,Ventes Flash,All Best Selling,Veste pour homme matelassée avec capuche – Design moderne et chaud - JAC24WWBP28418TM1 - baby Blue / 4XL,TOWN TEAM,519.00,1.299,N/A,En stock,N/A,
Justyol,Ventes Flash,All Best Selling,Veste d’hiver garçon matelassée avec capuche au design chaud et moderne – JAC23WFWP28375TB1 - Black/Brwn / 11,TOWN TEAM,249.00,999.00,75,En stock,N/A,
Justyol,Ventes Flash,All Best Selling,Jeans Enfant Bleu Clair avec Détails Déchirés Élégants – Style Moderne - JNS23GSSW31378TB1 - L-BLUE / 8,TOWN TEAM,179.00,359.00,50,En stock,N/A,
Justyol,Ventes Flash,All Best Selling,Jeans Homme Noir avec Design Moderne et Coupe Skinny – Style Tendance - JNS23GPBW22660TM1 - Black / 40,TOWN TEAM,199.00,499.00,60,En stock,N/A,
Justyol,Ventes Flash,All Best Selling,Housse parure de Lit - 4 Pièces - Bleu ciel / 90/190/35,MAISON GOOD AND WELL,280.00,364.00,23,En stock,N/A,
Justyol,Ventes Flash,All Best Selling,Blouse femme à lacets devant en viscose et nylon 952 - indigo / 40,JWOMEN,153.00,299.00,49,En stock,N/A,
Justyol,Ventes Flash,All Best Selling,Sweat-shirt homme zippé avec capuche – SWS24WZPK26741TM1 - Grey / 7XL,TOWN TEAM,149.00,599.00,75,En stock,N/A,
Justyol,Ventes Flash,All Best Selling,Veste pour homme matelassée avec capuche – Design moderne et chaud - JAC24WWBP28418TM1 - Grey / S,TOWN TEAM,519.00,1.299,N/A,En stock,N/A,
Justyol,Ventes Flash,All Best Selling,Jeans Enfant Bleu Clair avec Détails Déchirés Élégants – Style Moderne - JNS23GSSW31378TB1 - L-BLUE / 14,TOWN TEAM,179.00,359.00,50,En stock,N/A,
Justyol,Ventes Flash,All Best Selling,Jeans Homme Noir avec Design Moderne et Coupe Skinny – Style Tendance - JNS23GPBW22660TM1 - Black / 32,TOWN TEAM,199.00,499.00,60,En stock,N/A,
Justyol,Ventes Flash,All Best Selling,Housse parure de Lit - 4 Pièces - Bleu ciel / 140/200/35,MAISON GOOD AND WELL,280.00,364.00,23,En stock,N/A,
Justyol,Ventes Flash,All Best Selling,Veste pour homme matelassée avec capuche – Design moderne et chaud - JAC24WWBP28418TM1 - Grey / 3XL,TOWN TEAM,519.00,1.299,N/A,En stock,N/A,
Justyol,Ventes Flash,All Best Selling,Jeans Enfant Bleu Clair avec Détails Déchirés Élégants – Style Moderne - JNS23GSSW31378TB1 - L-BLUE / 10,TOWN TEAM,179.00,359.00,50,En stock,N/A,
Justyol,Ventes Flash,All Best Selling,Housse parure de Lit - 4 Pièces - Bleu ciel / 160/200/35,MAISON GOOD AND WELL,280.00,364.00,23,En stock,N/A,
Justyol,Ventes Flash,All Best Selling,Veste pour homme matelassée avec capuche – Design moderne et chaud - JAC24WWBP28418TM1 - Grey / XL,TOWN TEAM,519.00,1.299,N/A,En stock,N/A,
Justyol,Ventes Flash,All Best Selling,Housse parure de Lit - 4 Pièces - Bleu ciel / 180/200/35,MAISON GOOD AND WELL,280.00,364.00,23,En stock,N/A,
Justyol,Ventes Flash,All Best Selling,Veste pour homme matelassée avec capuche – Design moderne et chaud - JAC24WWBP28418TM1 - Grey / 4XL,TOWN TEAM,519.00,1.299,N/A,En stock,N/A,
Justyol,Ventes Flash,All Best Selling,Housse parure de Lit - 4 Pièces - Gris / 90/190/35,MAISON GOOD AND WELL,280.00,364.00,23,En stock,N/A,
Justyol,Ventes Flash,All Best Selling,Veste pour homme matelassée avec capuche – Design moderne et chaud - JAC24WWBP28418TM1 - Grey / 2XL,TOWN TEAM,519.00,1.299,N/A,En stock,N/A,
Justyol,Ventes Flash,All Best Selling,Housse parure de Lit - 4 Pièces - Gris / 140/200/35,MAISON GOOD AND WELL,280.00,364.00,23,En stock,N/A,
Justyol,Ventes Flash,All Best Selling,Veste pour homme matelassée avec capuche – Design moderne et chaud - JAC24WWBP28418TM1 - Army / S,TOWN TEAM,519.00,1.299,N/A,En stock,N/A,
Justyol,Ventes Flash,All Best Selling,Housse parure de Lit - 4 Pièces - Gris / 160/200/35,MAISON GOOD AND WELL,280.00,364.00,23,En stock,N/A,
Justyol,Ventes Flash,All Best Selling,Veste pour homme matelassée avec capuche – Design moderne et chaud - JAC24WWBP28418TM1 - Army / 4XL,TOWN TEAM,519.00,1.299,N/A,En stock,N/A,
Justyol,Ventes Flash,All Best Selling,Housse parure de Lit - 4 Pièces - Gris / 180/200/35,MAISON GOOD AND WELL,280.00,364.00,23,En stock,N/A,
Justyol,Ventes Flash,All Best Selling,Housse parure de Lit - 4 Pièces - Taupe / 90/190/35,MAISON GOOD AND WELL,280.00,364.00,23,En stock,N/A,
Justyol,Ventes Flash,All Best Selling,Housse parure de Lit - 4 Pièces - Taupe / 140/200/35,MAISON GOOD AND WELL,280.00,364.00,23,En stock,N/A,
Justyol,Ventes Flash,All Best Selling,Housse parure de Lit - 4 Pièces - Taupe / 160/200/35,MAISON GOOD AND WELL,280.00,364.00,23,En stock,N/A,
Justyol,Ventes Flash,All Best Selling,Housse parure de Lit - 4 Pièces - Taupe / 180/200/35,MAISON GOOD AND WELL,280.00,364.00,23,En stock,N/A,
Justyol,Ventes Flash,All Best Selling,Short pour homme en polyester doux avec taille élastique et insert en leggings - 81287 - noir / l,JMEN,157.40,314.80,50,En stock,N/A,
Justyol,Ventes Flash,All Best Selling,Polo homme en maille avec logo col polo coupe standard- 87748 - gris foncé / m,JMEN,101.00,248.80,59,En stock,N/A,
Justyol,Ventes Flash,All Best Selling,Robe femme à motifs manches courtes en viscose et lin 2558 - Vert amande / 40,JWOMEN,238.00,433.00,45,En stock,N/A,
Justyol,Ventes Flash,All Best Selling,Ensemble femme sans manches effet lin en viscose 6746 - bleu marine / 38,JWOMEN,196.00,356.00,45,En stock,N/A,
Justyol,Ventes Flash,All Best Selling,Chemise homme à carreaux à manches longues avec poches poitrine - OSH23ACCR19785TM1 - NVY/YLW / 6XL,TOWN TEAM,209.00,859.00,76,En stock,N/A,
Justyol,Ventes Flash,All Best Selling,Jean homme clair au style jeune et moderne – JNS22WFDN22995TM1 - Light Blue / 34,TOWN TEAM,279.00,559.00,50,En stock,N/A,
Justyol,Ventes Flash,All Best Selling,Veste Hiver Homme Matelassée – Confort et Protection Maximale contre le Froid - JAC25WWBP28477TM1 - Beige / 3XL,TOWN TEAM,559.00,1.399,N/A,En stock,N/A,
Justyol,Ventes Flash,All Best Selling,Sweat à capuche homme zippé coupe confortable avec broderie - 88035 - gb melanj / S,JMEN,181.00,408.00,56,En stock,N/A,
Justyol,Ventes Flash,All Best Selling,Veste homme matelassée avec capuche au design classique et élégant - JAC24WFWP28378TM1 - NVY/BRCK / 3XL,TOWN TEAM,349.00,1.399,N/A,En stock,N/A,
Justyol,Ventes Flash,All Best Selling,Veste homme légère avec fermeture zippée au design pratique - JAC24WWCL28394TM1 - BLK/GRY / 3XL,TOWN TEAM,309.00,1.259,N/A,En stock,N/A,
Justyol,Ventes Flash,All Best Selling,"Set Bento en Silicone 4 Pièces – Boîte à Déjeuner, Bouteille d'Eau avec Paille, Contenant Étanche - Pink",MU GROUP,295.00,441.00,33,En stock,N/A,
Justyol,Ventes Flash,All Best Selling,T-shirt Homme Oversize 100% Coton à Texture Douce et Imprimé - fiesta / m,JMEN,60.60,140.00,57,En stock,N/A,
Justyol,Ventes Flash,All Best Selling,Jeans Homme Clair avec Design Moderne – Style Tendance - JNS23GFDN22722TM1 - Li Blue / 38,TOWN TEAM,249.00,499.00,50,En stock,N/A,
Justyol,Ventes Flash,All Best Selling,La nuit de l'homme,PARFUMORA,50.00,N/A,N/A,En stock,N/A,https://justyol.com/products/la-nuit-de-lhomme
Justyol,Ventes Flash,All Best Selling,Parfum solide scandal,PARFUMORA,75.00,N/A,N/A,En stock,N/A,https://justyol.com/products/parfum-solide-scandal
Justyol,Ventes Flash,All Best Selling,Robe Fille Jaune en Coton avec Imprimé Abeille et Bretelles Élastiques - sari / 5 y,JKIDS,127.00,253.00,50,En stock,N/A,
Justyol,Ventes Flash,All Best Selling,Ensemble pour Fille avec Body à Manches Longues et Pantalon en Lycra avec Détails en Cuir et Bandeau - white / 4y,JKIDS,184.40,368.80,50,En stock,N/A,
Justyol,Ventes Flash,All Best Selling,t‑shirt homme demi‑zip poche premium - beige / m,JMEN,110.00,265.78,59,En stock,N/A,
Justyol,Ventes Flash,All Best Selling,t‑shirt homme texturé rayé fit - gris / M,JMEN,91.00,228.16,60,En stock,N/A,
Justyol,Ventes Flash,All Best Selling,Chemise homme oversize côtelée manches courtes - bleu / M,JMEN,137.00,319.24,57,En stock,N/A,
Justyol,Ventes Flash,All Best Selling,Chemise homme côtelée col bowling manches courtes noire-31769 - noir / L,JMEN,120.00,285.58,58,En stock,N/A,
Justyol,Ventes Flash,All Best Selling,Ensemble femme à manches courtes avec lacets en ayrobin 6741 - Noir / 42,JWOMEN,213.00,387.00,45,En stock,N/A,
Justyol,Ventes Flash,All Best Selling,Barboteuse bébé fille à rayures avec nœud - Rose / 18M,JKIDS,103.20,252.40,59,En stock,N/A,
Justyol,Ventes Flash,All Best Selling,Ensemble pyjama satin floral 3 pièces femme - noir / XL,EROTICA,276.00,389.00,29,En stock,N/A,
Justyol,Ventes Flash,All Best Selling,Veste homme en cuir synthétique matelassée au design jeune – JAC23WLET28262TM1 - Dark Brown / 2XL,TOWN TEAM,359.00,1.459,N/A,En stock,N/A,
Justyol,Ventes Flash,All Best Selling,Protége Matelas Imperméable Respirant 100% coton - Blanc / 140/190/30,MAISON GOOD AND WELL,169.00,250.00,32,En stock,N/A,
Justyol,Ventes Flash,All Best Selling,Short pour homme en polyester doux avec taille élastique et insert en leggings - 81287 - kaki / xl,JMEN,157.40,314.80,50,En stock,N/A,
Justyol,Ventes Flash,All Best Selling,Polo homme en maille avec logo col polo coupe standard- 87748 - noir / xl,JMEN,101.00,248.80,59,En stock,N/A,
Justyol,Ventes Flash,All Best Selling,Robe femme à motifs manches courtes en viscose et lin 2558 - Vert amande / 42,JWOMEN,238.00,433.00,45,En stock,N/A,
Justyol,Ventes Flash,All Best Selling,Ensemble femme sans manches effet lin en viscose 6746 - bleu marine / 36,JWOMEN,196.00,356.00,45,En stock,N/A,
Justyol,Ventes Flash,All Best Selling,Chemise homme à carreaux à manches longues avec poches poitrine - OSH23ACCR19785TM1 - NVY/YLW / 4XL,TOWN TEAM,209.00,859.00,76,En stock,N/A,
Justyol,Ventes Flash,All Best Selling,Veste Hiver Homme Matelassée – Confort et Protection Maximale contre le Froid - JAC25WWBP28477TM1 - Beige / XL,TOWN TEAM,559.00,1.399,N/A,En stock,N/A,
Justyol,Ventes Flash,All Best Selling,Veste homme matelassée avec capuche au design classique et élégant - JAC24WFWP28378TM1 - NVY/BRCK / 4XL,TOWN TEAM,349.00,1.399,N/A,En stock,N/A,
Justyol,Ventes Flash,All Best Selling,Veste homme légère avec fermeture zippée au design pratique - JAC24WWCL28394TM1 - BLK/YLW / XL,TOWN TEAM,309.00,1.259,N/A,En stock,N/A,
Justyol,Ventes Flash,All Best Selling,T-shirt Homme Oversize 100% Coton à Texture Douce et Imprimé - siyah / m,JMEN,60.60,140.00,57,En stock,N/A,
Justyol,Ventes Flash,All Best Selling,t‑shirt homme demi‑zip poche premium - noir / s,JMEN,110.00,265.78,59,En stock,N/A,
Justyol,Ventes Flash,All Best Selling,t‑shirt homme texturé rayé fit - gris / L,JMEN,91.00,228.16,60,En stock,N/A,
Justyol,Ventes Flash,All Best Selling,Chemise homme oversize côtelée manches courtes - bleu foncé / M,JMEN,137.00,319.24,57,En stock,N/A,
Justyol,Ventes Flash,All Best Selling,Chemise homme côtelée col bowling manches courtes noire-31769 - blanc / L,JMEN,120.00,285.58,58,En stock,N/A,
Justyol,Ventes Flash,All Best Selling,Ensemble femme à manches courtes avec lacets en ayrobin 6741 - Noir / 40,JWOMEN,213.00,387.00,45,En stock,N/A,
Justyol,Ventes Flash,All Best Selling,Barboteuse bébé fille à rayures avec nœud - Rose / 12M,JKIDS,103.20,252.40,59,En stock,N/A,
Justyol,Ventes Flash,All Best Selling,Veste homme en cuir synthétique matelassée au design jeune – JAC23WLET28262TM1 - Black / 2XL,TOWN TEAM,359.00,1.459,N/A,En stock,N/A,
Justyol,Ventes Flash,All Best Selling,Robe femme à motifs manches courtes en viscose et lin 2558 - Vert amande / 36,JWOMEN,238.00,433.00,45,En stock,N/A,
Justyol,Ventes Flash,All Best Selling,Ensemble femme sans manches effet lin en viscose 6746 - bleu marine / 40,JWOMEN,196.00,356.00,45,En stock,N/A,
Justyol,Ventes Flash,All Best Selling,Veste Hiver Homme Matelassée – Confort et Protection Maximale contre le Froid - JAC25WWBP28477TM1 - Black / 3XL,TOWN TEAM,559.00,1.399,N/A,En stock,N/A,
Justyol,Ventes Flash,All Best Selling,Veste homme matelassée avec capuche au design classique et élégant - JAC24WFWP28378TM1 - NVY/BRCK / 2XL,TOWN TEAM,349.00,1.399,N/A,En stock,N/A,
Justyol,Ventes Flash,All Best Selling,Veste homme légère avec fermeture zippée au design pratique - JAC24WWCL28394TM1 - BLK/YLW / 4XL,TOWN TEAM,309.00,1.259,N/A,En stock,N/A,
Justyol,Ventes Flash,All Best Selling,t‑shirt homme demi‑zip poche premium - noir / l,JMEN,110.00,265.78,59,En stock,N/A,
Justyol,Ventes Flash,All Best Selling,Ensemble femme à manches courtes avec lacets en ayrobin 6741 - Noir / 38,JWOMEN,213.00,387.00,45,En stock,N/A,
Justyol,Ventes Flash,All Best Selling,Barboteuse bébé fille à rayures avec nœud - beige / 6M,JKIDS,103.20,252.40,59,En stock,N/A,
Justyol,Ventes Flash,All Best Selling,Veste homme en cuir synthétique matelassée au design jeune – JAC23WLET28262TM1 - Dark Brown / 4XL,TOWN TEAM,359.00,1.459,N/A,En stock,N/A,
Justyol,Ventes Flash,All Best Selling,Robe femme à motifs manches courtes en viscose et lin 2558 - Crème / 38,JWOMEN,238.00,433.00,45,En stock,N/A,
Justyol,Ventes Flash,All Best Selling,Ensemble femme sans manches effet lin en viscose 6746 - bleu marine / 42,JWOMEN,196.00,356.00,45,En stock,N/A,
Justyol,Ventes Flash,All Best Selling,Veste Hiver Homme Matelassée – Confort et Protection Maximale contre le Froid - JAC25WWBP28477TM1 - Khaki / 2XL,TOWN TEAM,559.00,1.399,N/A,En stock,N/A,
Justyol,Ventes Flash,All Best Selling,Veste homme matelassée avec capuche au design classique et élégant - JAC24WFWP28378TM1 - OLV/BLK / 3XL,TOWN TEAM,349.00,1.399,N/A,En stock,N/A,
Justyol,Ventes Flash,All Best Selling,Veste homme légère avec fermeture zippée au design pratique - JAC24WWCL28394TM1 - BLK/YLW / 2XL,TOWN TEAM,309.00,1.259,N/A,En stock,N/A,
Justyol,Ventes Flash,All Best Selling,t‑shirt homme demi‑zip poche premium - noir / xl,JMEN,110.00,265.78,59,En stock,N/A,
Justyol,Ventes Flash,All Best Selling,Ensemble femme à manches courtes avec lacets en ayrobin 6741 - Noir / 36,JWOMEN,213.00,387.00,45,En stock,N/A,
Justyol,Ventes Flash,All Best Selling,Barboteuse bébé fille à rayures avec nœud - beige / 12M,JKIDS,103.20,252.40,59,En stock,N/A,
Justyol,Ventes Flash,All Best Selling,Veste homme en cuir synthétique matelassée au design jeune – JAC23WLET28262TM1 - Dark Brown / 3XL,TOWN TEAM,359.00,1.459,N/A,En stock,N/A,
Justyol,Ventes Flash,All Best Selling,Robe femme à motifs manches courtes en viscose et lin 2558 - Crème / 40,JWOMEN,238.00,433.00,45,En stock,N/A,
Justyol,Ventes Flash,All Best Selling,Ensemble femme sans manches effet lin en viscose 6746 - bleu marine / 44,JWOMEN,196.00,356.00,45,En stock,N/A,
Justyol,Ventes Flash,All Best Selling,Veste Hiver Homme Matelassée – Confort et Protection Maximale contre le Froid - JAC25WWBP28477TM1 - Khaki / 3XL,TOWN TEAM,559.00,1.399,N/A,En stock,N/A,
Justyol,Ventes Flash,All Best Selling,Veste homme matelassée avec capuche au design classique et élégant - JAC24WFWP28378TM1 - OLV/BLK / 4XL,TOWN TEAM,349.00,1.399,N/A,En stock,N/A,
Justyol,Ventes Flash,All Best Selling,Veste homme légère avec fermeture zippée au design pratique - JAC24WWCL28394TM1 - BLK/GRY / 2XL,TOWN TEAM,309.00,1.259,N/A,En stock,N/A,
Justyol,Ventes Flash,All Best Selling,t‑shirt homme demi‑zip poche premium - beige / xl,JMEN,110.00,265.78,59,En stock,N/A,
Justyol,Ventes Flash,All Best Selling,Ensemble femme à manches courtes avec lacets en ayrobin 6741 - Crème / 42,JWOMEN,213.00,387.00,45,En stock,N/A,
Justyol,Ventes Flash,All Best Selling,Barboteuse bébé fille à rayures avec nœud - beige / 18M,JKIDS,103.20,252.40,59,En stock,N/A,
Justyol,Ventes Flash,All Best Selling,Veste homme en cuir synthétique matelassée au design jeune – JAC23WLET28262TM1 - Black / 3XL,TOWN TEAM,359.00,1.459,N/A,En stock,N/A,
Justyol,Ventes Flash,All Best Selling,Robe femme à motifs manches courtes en viscose et lin 2558 - Crème / 42,JWOMEN,238.00,433.00,45,En stock,N/A,
Justyol,Ventes Flash,All Best Selling,Ensemble femme sans manches effet lin en viscose 6746 - beige / 38,JWOMEN,196.00,356.00,45,En stock,N/A,
Justyol,Ventes Flash,All Best Selling,Veste Hiver Homme Matelassée – Confort et Protection Maximale contre le Froid - JAC25WWBP28477TM1 - Khaki / XL,TOWN TEAM,559.00,1.399,N/A,En stock,N/A,
Justyol,Ventes Flash,All Best Selling,Veste homme matelassée avec capuche au design classique et élégant - JAC24WFWP28378TM1 - BLK/GRY / 6XL,TOWN TEAM,349.00,1.399,N/A,En stock,N/A,
Justyol,Ventes Flash,All Best Selling,Veste homme légère avec fermeture zippée au design pratique - JAC24WWCL28394TM1 - BLK/YLW / S,TOWN TEAM,309.00,1.259,N/A,En stock,N/A,
Justyol,Ventes Flash,All Best Selling,Ensemble femme à manches courtes avec lacets en ayrobin 6741 - Crème / 40,JWOMEN,213.00,387.00,45,En stock,N/A,
Justyol,Ventes Flash,All Best Selling,Robe femme à motifs manches courtes en viscose et lin 2558 - Crème / 36,JWOMEN,238.00,433.00,45,En stock,N/A,
Justyol,Ventes Flash,All Best Selling,Ensemble femme sans manches effet lin en viscose 6746 - beige / 36,JWOMEN,196.00,356.00,45,En stock,N/A,
Justyol,Ventes Flash,All Best Selling,Ensemble femme à manches courtes avec lacets en ayrobin 6741 - Crème / 38,JWOMEN,213.00,387.00,45,En stock,N/A,
Justyol,Ventes Flash,All Best Selling,Ensemble femme sans manches effet lin en viscose 6746 - beige / 40,JWOMEN,196.00,356.00,45,En stock,N/A,
Justyol,Ventes Flash,All Best Selling,Ensemble femme à manches courtes avec lacets en ayrobin 6741 - Crème / 36,JWOMEN,213.00,387.00,45,En stock,N/A,
Justyol,Ventes Flash,All Best Selling,Ensemble femme sans manches effet lin en viscose 6746 - beige / 42,JWOMEN,196.00,356.00,45,En stock,N/A,
Justyol,Ventes Flash,All Best Selling,Ensemble femme à manches courtes avec lacets en ayrobin 6741 - e.Vert / 42,JWOMEN,213.00,387.00,45,En stock,N/A,
Justyol,Ventes Flash,All Best Selling,Ensemble femme sans manches effet lin en viscose 6746 - beige / 44,JWOMEN,196.00,356.00,45,En stock,N/A,
Justyol,Ventes Flash,All Best Selling,Ensemble femme à manches courtes avec lacets en ayrobin 6741 - e.Vert / 40,JWOMEN,213.00,387.00,45,En stock,N/A,
Justyol,Ventes Flash,All Best Selling,Ensemble femme sans manches effet lin en viscose 6746 - Vert amande / 38,JWOMEN,196.00,356.00,45,En stock,N/A,
Justyol,Ventes Flash,All Best Selling,Ensemble femme à manches courtes avec lacets en ayrobin 6741 - e.Vert / 38,JWOMEN,213.00,387.00,45,En stock,N/A,
Justyol,Ventes Flash,All Best Selling,Ensemble femme sans manches effet lin en viscose 6746 - Vert amande / 36,JWOMEN,196.00,356.00,45,En stock,N/A,
Justyol,Ventes Flash,All Best Selling,Ensemble femme à manches courtes avec lacets en ayrobin 6741 - e.Vert / 36,JWOMEN,213.00,387.00,45,En stock,N/A,
Justyol,Ventes Flash,All Best Selling,Ensemble femme sans manches effet lin en viscose 6746 - Vert amande / 40,JWOMEN,196.00,356.00,45,En stock,N/A,
Justyol,Ventes Flash,All Best Selling,Ensemble femme sans manches effet lin en viscose 6746 - Vert amande / 42,JWOMEN,196.00,356.00,45,En stock,N/A,
Justyol,Ventes Flash,All Best Selling,Ensemble femme sans manches effet lin en viscose 6746 - Vert amande / 44,JWOMEN,196.00,356.00,45,En stock,N/A,
Justyol,Femme,Women,Djellaba Crème douce à fleurs brodées - Jaune / M,CAF CHIC,499.00,649.00,23,En stock,N/A,
Justyol,Femme,Women,Chemise femme oversize rayée en coton 20332 - Bleu / 40,JWOMEN,144.00,407.00,65,En stock,N/A,
Justyol,Femme,Women,Kimono Makhzania en Tissu Chanel - Bleu / M,CAF CHIC,599.00,779.00,23,En stock,N/A,
Justyol,Femme,Women,Djellaba Élégante en Crêpe Rosa – Marron Chic - Marron / M,CAF CHIC,599.00,779.00,23,En stock,N/A,
Justyol,Femme,Women,Abaya perlée signature – Élégance qui illumine - Bordo / M,CAF CHIC,399.00,519.00,23,En stock,N/A,
Justyol,Femme,Women,Djellaba Élégante Forme Simple – Tissu Chanel - Gris / L,CAF CHIC,599.00,779.00,23,En stock,N/A,
Justyol,Femme,Women,Kimono Élégant – Tissu Chanel avec Finition Sfifa - Gris / M,CAF CHIC,649.00,844.00,23,En stock,N/A,
Justyol,Femme,Women,Jellaba Spéciale Tarz Rbati – Nos Dzayri - Lavande / M,CAF CHIC,599.00,779.00,23,En stock,N/A,
Justyol,Femme,Women,Abaya Élégante Forme Simple – Tissu Crêpe Rosa - Fuchsia / XL,CAF CHIC,399.00,519.00,23,En stock,N/A,
Justyol,Femme,Women,Kimono Élégant en Tissu Chanel - Bleu / M,CAF CHIC,599.00,779.00,23,En stock,N/A,
Justyol,Femme,Women,Djellaba Makhzania en Crêpe Rosa – Vert Élégance Royale - Vert / M,CAF CHIC,599.00,779.00,23,En stock,N/A,
Justyol,Femme,Women,Djellaba Élégante en Crêpe Rosa – Bleu Royal - Bleu royal / M,CAF CHIC,599.00,779.00,23,En stock,N/A,
Justyol,Femme,Women,Abaya Élégante en Tissu Crêpe - rose / L,CAF CHIC,399.00,519.00,23,En stock,N/A,
Justyol,Femme,Women,Djellaba makhzania + Qmiss - Noir / M,CAF CHIC,990.00,1.287,N/A,En stock,N/A,
Justyol,Femme,Women,Abaya Noire Élégante en Tissu Crêpe - Noir / L,CAF CHIC,399.00,519.00,23,En stock,N/A,
Justyol,Femme,Women,CREPE EGYPT – Collection Couleur Unique - Bleu lavande / 75cm x 170cm,CAF CHIC,99.00,129.00,23,En stock,N/A,
Justyol,Femme,Women,Châle en Crêpe Égyptien – Collection Artistique Élégance Moderne - Bleu noir / 70cm x 185cm,CAF CHIC,129.00,168.00,23,En stock,N/A,
Justyol,Femme,Women,Châle en Soie Artistique – Élégance Intemporelle - Multi / 65cm x 170cm,CAF CHIC,249.00,324.00,23,En stock,N/A,
Justyol,Femme,Women,Châle Dégradé Premium en Lycra Coton – Élégance & Confort Absolu - Beige / 80cm x 220cm,CAF CHIC,129.00,168.00,23,En stock,N/A,
Justyol,Femme,Women,Châle Dégradé en Lycra – Élégance & Confort - gris / 80cm x 195cm,CAF CHIC,98.00,127.00,23,En stock,N/A,
Justyol,Femme,Women,Djellaba Crème douce à fleurs brodées - Jaune / L,CAF CHIC,499.00,649.00,23,En stock,N/A,
Justyol,Femme,Women,Chemise femme oversize rayée en coton 20332 - Rose / 40,JWOMEN,144.00,407.00,65,En stock,N/A,
Justyol,Femme,Women,Kimono Makhzania en Tissu Chanel - Bleu / L,CAF CHIC,599.00,779.00,23,En stock,N/A,
Justyol,Femme,Women,Djellaba Élégante en Crêpe Rosa – Marron Chic - Marron / L,CAF CHIC,599.00,779.00,23,En stock,N/A,
Justyol,Femme,Women,Abaya perlée signature – Élégance qui illumine - Bordo / L,CAF CHIC,399.00,519.00,23,En stock,N/A,
Justyol,Femme,Women,Djellaba Élégante Forme Simple – Tissu Chanel - Gris / XL,CAF CHIC,599.00,779.00,23,En stock,N/A,
Justyol,Femme,Women,Kimono Élégant – Tissu Chanel avec Finition Sfifa - Gris / L,CAF CHIC,649.00,844.00,23,En stock,N/A,
Justyol,Femme,Women,Jellaba Spéciale Tarz Rbati – Nos Dzayri - Lavande / L,CAF CHIC,599.00,779.00,23,En stock,N/A,
Justyol,Femme,Women,Abaya Élégante Forme Simple – Tissu Crêpe Rosa - Fuchsia / XXL,CAF CHIC,399.00,519.00,23,En stock,N/A,
Justyol,Femme,Women,Kimono Élégant en Tissu Chanel - Bleu / L,CAF CHIC,599.00,779.00,23,En stock,N/A,
Justyol,Femme,Women,Djellaba Makhzania en Crêpe Rosa – Vert Élégance Royale - Vert / L,CAF CHIC,599.00,779.00,23,En stock,N/A,
Justyol,Femme,Women,Djellaba Élégante en Crêpe Rosa – Bleu Royal - Bleu royal / L,CAF CHIC,599.00,779.00,23,En stock,N/A,
Justyol,Femme,Women,Abaya Élégante en Tissu Crêpe - rose / XL,CAF CHIC,399.00,519.00,23,En stock,N/A,
Justyol,Femme,Women,Djellaba makhzania + Qmiss - Noir / L,CAF CHIC,990.00,1.287,N/A,En stock,N/A,
Justyol,Femme,Women,Abaya Noire Élégante en Tissu Crêpe - Noir / XL,CAF CHIC,399.00,519.00,23,En stock,N/A,
Justyol,Femme,Women,CREPE EGYPT – Collection Couleur Unique - Bleu marine / 75cm x 170cm,CAF CHIC,99.00,129.00,23,En stock,N/A,
Justyol,Femme,Women,Châle en Crêpe Égyptien – Collection Artistique Élégance Moderne - Gris bleu / 70cm x 185cm,CAF CHIC,129.00,168.00,23,En stock,N/A,
Justyol,Femme,Women,Châle en Soie Artistique – Élégance Intemporelle - Orange / 65cm x 170cm,CAF CHIC,249.00,324.00,23,En stock,N/A,
Justyol,Femme,Women,Djellaba Crème douce à fleurs brodées - Jaune / XL,CAF CHIC,499.00,649.00,23,En stock,N/A,
Justyol,Femme,Women,Abaya perlée signature – Élégance qui illumine - Bordo / XL,CAF CHIC,399.00,519.00,23,En stock,N/A,
Justyol,Femme,Women,Kimono Élégant – Tissu Chanel avec Finition Sfifa - Gris / XL,CAF CHIC,649.00,844.00,23,En stock,N/A,
Justyol,Femme,Women,CREPE EGYPT – Collection Couleur Unique - Bleu pétrole / 75cm x 170cm,CAF CHIC,99.00,129.00,23,En stock,N/A,
Justyol,Femme,Women,Châle en Crêpe Égyptien – Collection Artistique Élégance Moderne - Multi floral / 70cm x 185cm,CAF CHIC,129.00,168.00,23,En stock,N/A,
Justyol,Femme,Women,Châle en Soie Artistique – Élégance Intemporelle - Vert menthe / 65cm x 170cm,CAF CHIC,249.00,324.00,23,En stock,N/A,
Justyol,Femme,Women,Abaya perlée signature – Élégance qui illumine - Vert / M,CAF CHIC,399.00,519.00,23,En stock,N/A,
Justyol,Femme,Women,CREPE EGYPT – Collection Couleur Unique - Bleu royal / 75cm x 170cm,CAF CHIC,99.00,129.00,23,En stock,N/A,
Justyol,Femme,Women,Châle en Crêpe Égyptien – Collection Artistique Élégance Moderne - Multi pastel / 70cm x 185cm,CAF CHIC,129.00,168.00,23,En stock,N/A,
Justyol,Femme,Women,Châle en Soie Artistique – Élégance Intemporelle - Violet / 65cm x 170cm,CAF CHIC,249.00,324.00,23,En stock,N/A,
Justyol,Femme,Women,Abaya perlée signature – Élégance qui illumine - Vert / L,CAF CHIC,399.00,519.00,23,En stock,N/A,
Justyol,Femme,Women,CREPE EGYPT – Collection Couleur Unique - camel / 75cm x 170cm,CAF CHIC,99.00,129.00,23,En stock,N/A,
Justyol,Femme,Women,Châle en Crêpe Égyptien – Collection Artistique Élégance Moderne - Noir beige / 70cm x 185cm,CAF CHIC,129.00,168.00,23,En stock,N/A,
Justyol,Femme,Women,Abaya perlée signature – Élégance qui illumine - Vert / XL,CAF CHIC,399.00,519.00,23,En stock,N/A,
Justyol,Femme,Women,CREPE EGYPT – Collection Couleur Unique - Gris / 75cm x 170cm,CAF CHIC,99.00,129.00,23,En stock,N/A,
Justyol,Femme,Women,Châle en Crêpe Égyptien – Collection Artistique Élégance Moderne - Orange / 70cm x 185cm,CAF CHIC,129.00,168.00,23,En stock,N/A,
Justyol,Femme,Women,Abaya perlée signature – Élégance qui illumine - Marron / M,CAF CHIC,399.00,519.00,23,En stock,N/A,
Justyol,Femme,Women,CREPE EGYPT – Collection Couleur Unique - Prune / 75cm x 170cm,CAF CHIC,99.00,129.00,23,En stock,N/A,
Justyol,Femme,Women,Châle en Crêpe Égyptien – Collection Artistique Élégance Moderne - Rose beige / 70cm x 185cm,CAF CHIC,129.00,168.00,23,En stock,N/A,
Justyol,Femme,Women,Abaya perlée signature – Élégance qui illumine - Marron / L,CAF CHIC,399.00,519.00,23,En stock,N/A,
Justyol,Femme,Women,Châle en Crêpe Égyptien – Collection Artistique Élégance Moderne - Rose noir / 70cm x 185cm,CAF CHIC,129.00,168.00,23,En stock,N/A,
Justyol,Femme,Women,Abaya perlée signature – Élégance qui illumine - Marron / XL,CAF CHIC,399.00,519.00,23,En stock,N/A,
Justyol,Femme,Women,Châle en Crêpe Égyptien – Collection Artistique Élégance Moderne - Rose poudré / 70cm x 185cm,CAF CHIC,129.00,168.00,23,En stock,N/A,
Justyol,Femme,Women,Châle en Crêpe Égyptien – Collection Artistique Élégance Moderne - violet rose / 70cm x 185cm,CAF CHIC,129.00,168.00,23,En stock,N/A,
Justyol,Femme,Women,Djellaba Mlifa Amira – Élégance naturelle - Beige / M,CAF CHIC,699.00,909.00,23,En stock,N/A,
Justyol,Femme,Women,Caftan brodé signature en khayt – Élégance qui marque - Bordo / M,CAF CHIC,499.00,649.00,23,En stock,N/A,
Justyol,Femme,Women,Djellaba à carreaux bordeaux – Charme chaleureux - Bordeau/Beige / M,CAF CHIC,499.00,649.00,23,En stock,N/A,
Justyol,Femme,Women,Djellaba Vert pomme en tissu crêpe brodé - Pistache / M,CAF CHIC,599.00,779.00,23,En stock,N/A,
Justyol,Femme,Women,Caftan noir brodé gold – Élégance royale - Noir / M,CAF CHIC,449.00,584.00,23,En stock,N/A,
Justyol,Femme,Women,Djellaba Mlifa Amira – Élégance naturelle - Beige / L,CAF CHIC,699.00,909.00,23,En stock,N/A,
Justyol,Femme,Women,Caftan brodé signature en khayt – Élégance qui marque - Bordo / L,CAF CHIC,499.00,649.00,23,En stock,N/A,
Justyol,Femme,Women,Djellaba à carreaux bordeaux – Charme chaleureux - Bordeau/Beige / L,CAF CHIC,499.00,649.00,23,En stock,N/A,
Justyol,Femme,Women,Djellaba Vert pomme en tissu crêpe brodé - Pistache / L,CAF CHIC,599.00,779.00,23,En stock,N/A,
Justyol,Femme,Women,Caftan noir brodé gold – Élégance royale - Noir / L,CAF CHIC,449.00,584.00,23,En stock,N/A,
Justyol,Femme,Women,Djellaba Mlifa Amira – Élégance naturelle - Beige / XL,CAF CHIC,699.00,909.00,23,En stock,N/A,
Justyol,Femme,Women,Caftan brodé signature en khayt – Élégance qui marque - Bordo / XL,CAF CHIC,499.00,649.00,23,En stock,N/A,
Justyol,Femme,Women,Djellaba à carreaux bordeaux – Charme chaleureux - Bordeau/Beige / XL,CAF CHIC,499.00,649.00,23,En stock,N/A,
Justyol,Femme,Women,Djellaba Vert pomme en tissu crêpe brodé - Pistache / XL,CAF CHIC,599.00,779.00,23,En stock,N/A,
Justyol,Femme,Women,Caftan noir brodé gold – Élégance royale - Noir / XL,CAF CHIC,449.00,584.00,23,En stock,N/A,
Justyol,Femme,Women,Djellaba Mlifa Amira – Élégance naturelle - Marron / M,CAF CHIC,699.00,909.00,23,En stock,N/A,
Justyol,Femme,Women,Caftan brodé signature en khayt – Élégance qui marque - Soumon / M,CAF CHIC,499.00,649.00,23,En stock,N/A,
Justyol,Femme,Women,Djellaba Mlifa Amira – Élégance naturelle - Marron / L,CAF CHIC,699.00,909.00,23,En stock,N/A,
Justyol,Femme,Women,Caftan brodé signature en khayt – Élégance qui marque - Soumon / L,CAF CHIC,499.00,649.00,23,En stock,N/A,
Justyol,Femme,Women,Djellaba Mlifa Amira – Élégance naturelle - Marron / XL,CAF CHIC,699.00,909.00,23,En stock,N/A,
Justyol,Femme,Women,Caftan brodé signature en khayt – Élégance qui marque - Soumon / XL,CAF CHIC,499.00,649.00,23,En stock,N/A,
Justyol,Femme,Women,Caftan brodé signature en khayt – Élégance qui marque - Violet / M,CAF CHIC,499.00,649.00,23,En stock,N/A,
Justyol,Femme,Women,Caftan brodé signature en khayt – Élégance qui marque - Violet / L,CAF CHIC,499.00,649.00,23,En stock,N/A,
Justyol,Femme,Women,Caftan brodé signature en khayt – Élégance qui marque - Violet / XL,CAF CHIC,499.00,649.00,23,En stock,N/A,
Justyol,Femme,Women,"Sac à Main Femme en Cuir – Sac Bandoulière et Crossbody Rétro, Design Élégant et Polyvalent - Beige",MU GROUP,89.00,152.60,42,En stock,N/A,
Justyol,Femme,Women,"Sac à Main Femme en Cuir – Sac Bandoulière et Crossbody Rétro, Design Élégant et Polyvalent - Brown",MU GROUP,89.00,152.60,42,En stock,N/A,
Justyol,Femme,Women,"Sac à Main Femme en Cuir – Sac Bandoulière et Crossbody Rétro, Design Élégant et Polyvalent - Black",MU GROUP,89.00,152.60,42,En stock,N/A,
Justyol,Femme,Women,rs-02Baskets Femme Semelle Fine Style Minimaliste - taba / 38,JWOMEN,154.20,389.84,60,En stock,N/A,
Justyol,Femme,Women,Baskets blanches et noires à lacets avec détails en simili cuir pour femme - siyah / 39,JWOMEN,133.80,344.96,61,En stock,N/A,
Justyol,Femme,Women,Ensemble nuisette satin femme 2 pièces avec dentelle - blanc / L,EROTICA,282.00,397.00,29,En stock,N/A,
Justyol,Femme,Women,Kimono en satin à volants élégant - blanc / M,EROTICA,155.00,232.00,33,En stock,N/A,
Justyol,Femme,Women,Ensemble pyjama femme Dreamy Secret Milan Bambou – Top large à bretelles et short rayé - pembe / s,JWOMEN,84.60,199.00,57,En stock,N/A,
Justyol,Femme,Women,T-shirt à col polo zippé et rayé pour femme 0497 - saks / 42,JWOMEN,60.60,184.00,67,En stock,N/A,
Justyol,Femme,Women,Pantalon Jogger Femme Taille Haute Basic en Polaire. - siyah / l,JWOMEN,129.60,307.00,58,En stock,N/A,
Justyol,Femme,Women,Maillot de bain modeste semi-couvert avec motif pied-de-poule - Vert pétrole / 38,JWOMEN,157.80,398.00,60,En stock,N/A,
Justyol,Femme,Women,Sandales femme en cuir véritable confort - siyah / 37,JWOMEN,285.00,677.60,58,En stock,N/A,
Justyol,Femme,Women,Blouse tricotée à col carré 0409 - e.Vert / 40,JWOMEN,68.40,201.00,66,En stock,N/A,
Justyol,Femme,Women,Jupe midi fendue effet sandy – Jupe élégante ajustée pour femme - kahverengi / 40,JWOMEN,75.00,245.00,69,En stock,N/A,
Justyol,Femme,Women,Ensemble Survêtement Oversize à Capuche 3 Fils - GREY / 42,JWOMEN,220.80,536.36,59,En stock,N/A,
Justyol,Femme,Women,Chemise Femme en Jean avec Nœud à la Taille - BLUE JEAN / 40,JWOMEN,60.60,183.92,67,En stock,N/A,
Justyol,Femme,Women,Maillot de bain avec jupe et leggings - Fuşya - Fuchsia / 38,JWOMEN,223.00,405.00,45,En stock,N/A,
Justyol,Femme,Women,Ensemble nuisette satin femme 2 pièces avec dentelle - blanc / XL,EROTICA,282.00,397.00,29,En stock,N/A,
Justyol,Femme,Women,Kimono en satin à volants élégant - blanc / L,EROTICA,155.00,232.00,33,En stock,N/A,
Justyol,Femme,Women,Blouse tricotée à col carré 0409 - Jaune / 40,JWOMEN,68.40,201.00,66,En stock,N/A,
Justyol,Femme,Women,Kimono en satin à volants élégant - blanc / XL,EROTICA,155.00,232.00,33,En stock,N/A,
Justyol,Femme,Women,Kimono en satin à volants élégant - blanc / 2XL,EROTICA,155.00,232.00,33,En stock,N/A,
Justyol,Femme,Women,Kimono en satin à volants élégant - poudré / M,EROTICA,155.00,232.00,33,En stock,N/A,
Justyol,Femme,Women,Kimono en satin à volants élégant - poudré / L,EROTICA,155.00,232.00,33,En stock,N/A,
Justyol,Femme,Women,Kimono en satin à volants élégant - poudré / XL,EROTICA,155.00,232.00,33,En stock,N/A,
Justyol,Femme,Women,Kimono en satin à volants élégant - poudré / 2XL,EROTICA,155.00,232.00,33,En stock,N/A,
Justyol,Femme,Women,Jupe Longue Femme en Viscose Imprimée – Coupe Fluide - bej / 42,JWOMEN,86.40,350.00,75,En stock,N/A,
Justyol,Femme,Women,T-shirt Femme Basic Imprimé en Maille – Coupe Confort - mavi / 42,JWOMEN,60.60,191.00,68,En stock,N/A,
Justyol,Femme,Women,huile parfumée Libre,PARFUMORA,89.00,N/A,N/A,En stock,N/A,https://justyol.com/products/huile-parfumee-libre
Justyol,Femme,Women,huile parfumée Black opium,PARFUMORA,89.00,N/A,N/A,En stock,N/A,https://justyol.com/products/huile-parfumee-black-opium
Justyol,Femme,Women,Parfum solide The one,PARFUMORA,75.00,N/A,N/A,En stock,N/A,https://justyol.com/products/parfum-solide-the-one
Justyol,Femme,Women,Parfum solide Paradoxe,PARFUMORA,75.00,N/A,N/A,En stock,N/A,https://justyol.com/products/parfum-solide-paradoxe
Justyol,Femme,Women,Parfum solide Black opium,PARFUMORA,75.00,N/A,N/A,En stock,N/A,https://justyol.com/products/parfum-solide-black-opium
Justyol,Femme,Women,Parfum solide Kayali vanilla 28,PARFUMORA,75.00,N/A,N/A,En stock,N/A,https://justyol.com/products/parfum-solide-kayali-vanilla-28
Justyol,Femme,Women,"huile parfumée Vert malachite, 60ml",PARFUMORA,89.00,N/A,N/A,En stock,N/A,https://justyol.com/products/huile-parfumee-vert-malachite-60ml
Justyol,Femme,Women,"huile parfumée Paradoxe, 60ml",PARFUMORA,89.00,N/A,N/A,En stock,N/A,https://justyol.com/products/huile-parfumee-paradoxe-60ml
Justyol,Femme,Women,"huile parfumée kayali vanilla 28, 60ml",PARFUMORA,89.00,N/A,N/A,En stock,N/A,https://justyol.com/products/huile-parfumee-kayali-vanilla-28-60ml
Justyol,Femme,Women,"huile parfumée the one, 60ml",PARFUMORA,89.00,N/A,N/A,En stock,N/A,https://justyol.com/products/huile-parfumee-the-one-60ml
Justyol,Femme,Women,"huile parfumée miss dior, 60ml",PARFUMORA,89.00,N/A,N/A,En stock,N/A,https://justyol.com/products/huile-parfumee-miss-dior-60ml
Justyol,Femme,Women,Oud bouq,PARFUMORA,50.00,N/A,N/A,En stock,N/A,https://justyol.com/products/oud-bouq
Justyol,Femme,Women,Coco Chanel,PARFUMORA,50.00,N/A,N/A,En stock,N/A,https://justyol.com/products/coco-chanel
Justyol,Femme,Women,Baccarat rouge Femme,PARFUMORA,50.00,N/A,N/A,En stock,N/A,https://justyol.com/products/baccarat-rouge-femme
Justyol,Femme,Women,Light Bleu,PARFUMORA,50.00,N/A,N/A,En stock,N/A,https://justyol.com/products/light-bleu
Justyol,Femme,Women,So Elixir,PARFUMORA,50.00,N/A,N/A,En stock,N/A,https://justyol.com/products/so-elixir
Justyol,Femme,Women,Nina Ricci,PARFUMORA,50.00,N/A,N/A,En stock,N/A,https://justyol.com/products/nina-ricci
Justyol,Femme,Women,Samsara,PARFUMORA,50.00,N/A,N/A,En stock,N/A,https://justyol.com/products/samsara
Justyol,Femme,Women,GABRIELLE CHANEL,PARFUMORA,50.00,N/A,N/A,En stock,N/A,https://justyol.com/products/gabrielle-chanel
Justyol,Femme,Women,Jasmin Noir,PARFUMORA,50.00,N/A,N/A,En stock,N/A,https://justyol.com/products/jasmin-noir
Justyol,Femme,Women,Angel,PARFUMORA,50.00,N/A,N/A,En stock,N/A,https://justyol.com/products/angel
Justyol,Femme,Women,MANIFESTO,PARFUMORA,50.00,N/A,N/A,En stock,N/A,https://justyol.com/products/manifesto
Justyol,Femme,Women,Yara Candy,PARFUMORA,50.00,N/A,N/A,En stock,N/A,https://justyol.com/products/yara-candy
Justyol,Femme,Women,La Petite Robe Noire,PARFUMORA,50.00,N/A,N/A,En stock,N/A,https://justyol.com/products/la-petite-robe-noire
Justyol,Femme,Women,Olympea,PARFUMORA,50.00,N/A,N/A,En stock,N/A,https://justyol.com/products/olympea
Justyol,Femme,Women,Flowerbomb,PARFUMORA,50.00,N/A,N/A,En stock,N/A,https://justyol.com/products/flowerbomb
Justyol,Femme,Women,Addict,PARFUMORA,50.00,N/A,N/A,En stock,N/A,https://justyol.com/products/addict
Justyol,Femme,Women,Lady Million,PARFUMORA,50.00,N/A,N/A,En stock,N/A,https://justyol.com/products/lady-million
Justyol,Femme,Women,Mon Paris,PARFUMORA,50.00,N/A,N/A,En stock,N/A,https://justyol.com/products/mon-paris
Justyol,Femme,Women,Ameerat Al Arab,PARFUMORA,50.00,N/A,N/A,En stock,N/A,https://justyol.com/products/ameerat-al-arab
Justyol,Femme,Women,Bloom,PARFUMORA,50.00,N/A,N/A,En stock,N/A,https://justyol.com/products/bloom
Justyol,Femme,Women,Escada Taj,PARFUMORA,50.00,N/A,N/A,En stock,N/A,https://justyol.com/products/escada-taj
Justyol,Femme,Women,Twily,PARFUMORA,50.00,N/A,N/A,En stock,N/A,https://justyol.com/products/twily
Justyol,Femme,Women,Elie Saab,PARFUMORA,50.00,N/A,N/A,En stock,N/A,https://justyol.com/products/elie-saab
Justyol,Femme,Women,Crystal Noir,PARFUMORA,50.00,N/A,N/A,En stock,N/A,https://justyol.com/products/crystal-noir
Justyol,Femme,Women,Devotion,PARFUMORA,50.00,N/A,N/A,En stock,N/A,https://justyol.com/products/devotion
Justyol,Femme,Women,La Nuit Trésor,PARFUMORA,50.00,N/A,N/A,En stock,N/A,https://justyol.com/products/la-nuit-tresor
Justyol,Femme,Women,Black Opium,PARFUMORA,50.00,N/A,N/A,En stock,N/A,https://justyol.com/products/black-opium
Justyol,Femme,Women,For Her,PARFUMORA,50.00,N/A,N/A,En stock,N/A,https://justyol.com/products/for-her
Justyol,Femme,Women,La Vie Est Belle,PARFUMORA,50.00,N/A,N/A,En stock,N/A,https://justyol.com/products/la-vie-est-belle
Justyol,Femme,Women,Idole,PARFUMORA,50.00,N/A,N/A,En stock,N/A,https://justyol.com/products/idole
Justyol,Femme,Women,The One,PARFUMORA,50.00,N/A,N/A,En stock,N/A,https://justyol.com/products/the-one
Justyol,Femme,Women,Alien,PARFUMORA,50.00,N/A,N/A,En stock,N/A,https://justyol.com/products/alien
Justyol,Femme,Women,L’IMPÉRATRICE,PARFUMORA,50.00,N/A,N/A,En stock,N/A,https://justyol.com/products/l-imperatrice
Justyol,Femme,Women,Si Passione,PARFUMORA,50.00,N/A,N/A,En stock,N/A,https://justyol.com/products/si-passione
Justyol,Femme,Women,Scandal Femme,PARFUMORA,50.00,N/A,N/A,En stock,N/A,https://justyol.com/products/scandal-femme
Justyol,Femme,Women,La Belle,PARFUMORA,50.00,N/A,N/A,En stock,N/A,https://justyol.com/products/la-belle
Justyol,Femme,Women,J'adore,PARFUMORA,50.00,N/A,N/A,En stock,N/A,https://justyol.com/products/jadore
Justyol,Femme,Women,Good Girl,PARFUMORA,50.00,N/A,N/A,En stock,N/A,https://justyol.com/products/good-girl
Justyol,Femme,Women,Delina,PARFUMORA,50.00,N/A,N/A,En stock,N/A,https://justyol.com/products/delina
Justyol,Femme,Women,Miss Dior,PARFUMORA,50.00,N/A,N/A,En stock,N/A,https://justyol.com/products/miss-dior
Justyol,Femme,Women,Flora,PARFUMORA,50.00,N/A,N/A,En stock,N/A,https://justyol.com/products/flora
Justyol,Femme,Women,Libre,PARFUMORA,50.00,N/A,N/A,En stock,N/A,https://justyol.com/products/libre
Justyol,Femme,Women,My Way,PARFUMORA,50.00,N/A,N/A,En stock,N/A,https://justyol.com/products/my-way
Justyol,Femme,Women,Paradoxe,PARFUMORA,50.00,N/A,N/A,En stock,N/A,https://justyol.com/products/paradoxe
Justyol,Femme,Women,Light Bleu Femme,PARFUMORA,50.00,N/A,N/A,En stock,N/A,https://justyol.com/products/light-bleu-femme
Justyol,Femme,Women,Kayali,PARFUMORA,50.00,N/A,N/A,En stock,N/A,https://justyol.com/products/kayali
Justyol,Femme,Women,L'interdit,PARFUMORA,50.00,N/A,N/A,En stock,N/A,https://justyol.com/products/linterdit
Justyol,Femme,Women,Parfum solide burberry her,PARFUMORA,75.00,N/A,N/A,En stock,N/A,https://justyol.com/products/parfum-solide-burberry-her
Justyol,Femme,Women,Parfum solide good girl,PARFUMORA,75.00,N/A,N/A,En stock,N/A,https://justyol.com/products/parfum-solide-good-girl
Justyol,Femme,Women,Parfum solide nini ricci,PARFUMORA,75.00,N/A,N/A,En stock,N/A,https://justyol.com/products/parfum-solide-nini-ricci
Justyol,Femme,Women,Parfum solide coco chanel,PARFUMORA,75.00,N/A,N/A,En stock,N/A,https://justyol.com/products/parfum-solide-coco-chanel
Justyol,Femme,Women,Parfum solide j'adore,PARFUMORA,75.00,N/A,N/A,En stock,N/A,https://justyol.com/products/parfum-solide-jadore
Justyol,Femme,Women,Parfum solide si armani,PARFUMORA,75.00,N/A,N/A,En stock,N/A,https://justyol.com/products/parfum-solide-si-armani
Justyol,Femme,Women,Parfum solide l'interdit,PARFUMORA,75.00,N/A,N/A,En stock,N/A,https://justyol.com/products/parfum-solide-linterdit
Justyol,Femme,Women,Parfum solide sexy 212,PARFUMORA,75.00,N/A,N/A,En stock,N/A,https://justyol.com/products/parfum-solide-sexy-212
Justyol,Femme,Women,Parfum solide gucci guilty,PARFUMORA,75.00,N/A,N/A,En stock,N/A,https://justyol.com/products/parfum-solide-gucci-guilty
Justyol,Femme,Women,Parfum solide my way,PARFUMORA,75.00,N/A,N/A,En stock,N/A,https://justyol.com/products/parfum-solide-my-way
Justyol,Femme,Women,Parfum solide baccarat rouge,PARFUMORA,75.00,N/A,N/A,En stock,N/A,https://justyol.com/products/parfum-solide-baccarat-rouge
Justyol,Femme,Women,Parfum solide jasmin mora,PARFUMORA,75.00,N/A,N/A,En stock,N/A,https://justyol.com/products/parfum-solide-jasmin-mora
Justyol,Femme,Women,Parfum solide passion mora,PARFUMORA,75.00,N/A,N/A,En stock,N/A,https://justyol.com/products/parfum-solide-passion-mora
Justyol,Femme,Women,Parfum solide exotic mora,PARFUMORA,75.00,N/A,N/A,En stock,N/A,https://justyol.com/products/parfum-solide-exotic-mora
Justyol,Femme,Women,Parfum solide dream mora,PARFUMORA,75.00,N/A,N/A,En stock,N/A,https://justyol.com/products/parfum-solide-dream-mora
Justyol,Femme,Women,"huile parfumée good girl, 60ml",PARFUMORA,89.00,N/A,N/A,En stock,N/A,https://justyol.com/products/huile-parfumee-good-girl-60ml
Justyol,Femme,Women,"huile parfumée la nuit trÃ©sor, 60ml",PARFUMORA,89.00,N/A,N/A,En stock,N/A,https://justyol.com/products/huile-parfumee-la-nuit-tra%C2%A9sor-60ml
Justyol,Femme,Women,"huile parfumée coco chanel, 60ml",PARFUMORA,89.00,N/A,N/A,En stock,N/A,https://justyol.com/products/huile-parfumee-coco-chanel-60ml
Justyol,Femme,Women,"huile parfumée nini ricci, 60ml",PARFUMORA,89.00,N/A,N/A,En stock,N/A,https://justyol.com/products/huile-parfumee-nini-ricci-60ml
Justyol,Femme,Women,"huile parfumée j'adore, 60ml",PARFUMORA,89.00,N/A,N/A,En stock,N/A,https://justyol.com/products/huile-parfumee-jadore-60ml
Justyol,Femme,Women,"huile parfumée si armani, 60ml",PARFUMORA,89.00,N/A,N/A,En stock,N/A,https://justyol.com/products/huile-parfumee-si-armani-60ml
Justyol,Femme,Women,"huile parfumée l'interdit, 60ml",PARFUMORA,89.00,N/A,N/A,En stock,N/A,https://justyol.com/products/huile-parfumee-linterdit-60ml
Justyol,Femme,Women,"huile parfumée vip 212, 60ml",PARFUMORA,89.00,N/A,N/A,En stock,N/A,https://justyol.com/products/huile-parfumee-vip-212-60ml
Justyol,Femme,Women,"huile parfumée sexy 212, 60ml",PARFUMORA,89.00,N/A,N/A,En stock,N/A,https://justyol.com/products/huile-parfumee-sexy-212-60ml
Justyol,Femme,Women,"huile parfumée gucci guilty, 60ml",PARFUMORA,89.00,N/A,N/A,En stock,N/A,https://justyol.com/products/huile-parfumee-gucci-guilty-60ml
Justyol,Femme,Women,"huile parfumée my way, 60ml",PARFUMORA,89.00,N/A,N/A,En stock,N/A,https://justyol.com/products/huile-parfumee-my-way-60ml
Justyol,Femme,Women,"huile parfumée wooden mora, 60ml",PARFUMORA,89.00,N/A,N/A,En stock,N/A,https://justyol.com/products/huile-parfumee-wooden-mora-60ml
Justyol,Femme,Women,"huile parfumée jasmin mora, 60ml",PARFUMORA,89.00,N/A,N/A,En stock,N/A,https://justyol.com/products/huile-parfumee-jasmin-mora-60ml
Justyol,Femme,Women,"huile parfumée passion mora, 60ml",PARFUMORA,89.00,N/A,N/A,En stock,N/A,https://justyol.com/products/huile-parfumee-passion-mora-60ml
Justyol,Femme,Women,"huile parfumée oud mora, 60ml",PARFUMORA,89.00,N/A,N/A,En stock,N/A,https://justyol.com/products/huile-parfumee-oud-mora-60ml
Justyol,Femme,Women,"huile parfumée musc mora, 60ml",PARFUMORA,89.00,N/A,N/A,En stock,N/A,https://justyol.com/products/huile-parfumee-musc-mora-60ml
Justyol,Femme,Women,"Huile parfumée choco mora, 60ml",PARFUMORA,89.00,N/A,N/A,En stock,N/A,https://justyol.com/products/huile-parfumee-choco-mora-60ml
Justyol,Femme,Women,"Huile parfumée coco vanilla mora, 60ml",PARFUMORA,89.00,N/A,N/A,En stock,N/A,https://justyol.com/products/huile-parfumee-coco-vanilla-mora-60ml
Justyol,Femme,Women,Blouse femme manches courtes à lacets devant 962 - Jaune / 36,JWOMEN,144.00,284.00,49,En stock,N/A,
Justyol,Femme,Women,Pantalon femme ceinturé 6556 – Pantalon élégant en tissu stretch - gri / 40,JWOMEN,107.40,409.00,74,En stock,N/A,
Justyol,Femme,Women,Blouse tricotée à col polo 4320 - blanc / 40,JWOMEN,76.20,218.00,65,En stock,N/A,
Justyol,Femme,Women,Chemise à motif avec poche unique et lien - Blanc et noir / 38,JWOMEN,109.20,291.00,62,En stock,N/A,
Justyol,Femme,Women,Fresh Musc brume perle d'orient 80ml,BDM PHARMA,169.00,N/A,N/A,En stock,N/A,https://justyol.com/products/fresh-musc-brume-perle-dorient-80ml
Justyol,Femme,Women,FRESH MUSC PARFUM PERLE D'ORIENT 50ML 6361,BDM PHARMA,298.00,N/A,N/A,En stock,N/A,https://justyol.com/products/fresh-musc-parfum-perle-dorient-50ml-6361
Justyol,Femme,Women,FRESH MUSC PARFUM OUD ENVOUTANT 50ML 6385,BDM PHARMA,298.00,N/A,N/A,En stock,N/A,https://justyol.com/products/fresh-musc-parfum-oud-envoutant-50ml-6385
Justyol,Femme,Women,FRESH MUSC PARFUM AMBRE ROUGE 50ML 6378,BDM PHARMA,298.00,N/A,N/A,En stock,N/A,https://justyol.com/products/fresh-musc-parfum-ambre-rouge-50ml-6378
Justyol,Femme,Women,FRESH MUSC PERLE D'ORIENT 20ML,BDM PHARMA,167.00,N/A,N/A,En stock,N/A,https://justyol.com/products/fresh-musc-perle-dorient-20ml
Justyol,Femme,Women,FRESH MUSC PARFUM OLD MONEY 50ML 6354,BDM PHARMA,298.00,N/A,N/A,En stock,N/A,https://justyol.com/products/fresh-musc-parfum-old-money-50ml-6354
Justyol,Femme,Women,FRESH MUSC OUD ENVOUTANT 20ML 6392,BDM PHARMA,167.00,N/A,N/A,En stock,N/A,https://justyol.com/products/fresh-musc-oud-envoutant-20ml-6392
Justyol,Femme,Women,FRESH MUSC BLANC TAHARA FRAICHEUR 20ML,BDM PHARMA,167.00,N/A,N/A,En stock,N/A,https://justyol.com/products/fresh-musc-blanc-tahara-fraicheur-20ml
Justyol,Femme,Women,RC SOIN TOILETTE INTIME GEL FRAICHEUR 500ML 5573/2909/7126,BDM PHARMA,178.00,N/A,N/A,En stock,N/A,https://justyol.com/products/rc-soin-toilette-intime-gel-fraicheur-500ml-5573-2909-7126
Justyol,Femme,Women,RC SOIN TOILETTE INTIME HYDRATANT 500 ML 7102/5566/1902,BDM PHARMA,178.00,N/A,N/A,En stock,N/A,https://justyol.com/products/rc-soin-toilette-intime-hydratant-500-ml-7102-5566-1902
Justyol,Femme,Women,RC SOIN TOILETTE INTIME HYDRATANT 100ML 5337/5597/7041,BDM PHARMA,67.00,N/A,N/A,En stock,N/A,https://justyol.com/products/rc-soin-toilette-intime-hydratant-100ml-5337-5597-7041
Justyol,Femme,Women,RC SOIN TOILETTE INTIME EXTRA DOUX 500ML 7157/5696/0882,BDM PHARMA,178.00,N/A,N/A,En stock,N/A,https://justyol.com/products/rc-soin-toilette-intime-extra-doux-500ml-7157-5696-0882
Justyol,Femme,Women,RC SOIN TOILETTE INTIME EXTRA DOUX 100ML 7188/4002/5702,BDM PHARMA,67.00,N/A,N/A,En stock,N/A,https://justyol.com/products/rc-soin-toilette-intime-extra-doux-100ml-7188-4002-5702
Justyol,Femme,Women,RC SOIN TOILETTE INTIME ANTI BACTERIEN 500ML 7119/5580/3814,BDM PHARMA,178.00,N/A,N/A,En stock,N/A,https://justyol.com/products/rc-soin-toilette-intime-anti-bacterien-500ml-7119-5580-3814
Justyol,Femme,Women,RC SOIN NATUREL TOILETTE INTIME HYDRATANT 250ML 5641/7065,BDM PHARMA,112.00,N/A,N/A,En stock,N/A,https://justyol.com/products/rc-soin-naturel-toilette-intime-hydratant-250ml-5641-7065
Justyol,Femme,Women,RC SOIN NATUREL TOILETTE INTIME EXTRA DOUX 250ML 7140/5672,BDM PHARMA,112.00,N/A,N/A,En stock,N/A,https://justyol.com/products/rc-soin-naturel-toilette-intime-extra-doux-250ml-7140-5672
Justyol,Femme,Women,RC SOIN NATUREL TOILETTE INTIME ANTI BACTERIEN 250ML 7072 5658,BDM PHARMA,112.00,N/A,N/A,En stock,N/A,https://justyol.com/products/rc-soin-naturel-toilette-intime-anti-bacterien-250ml-7072-5658
Justyol,Femme,Women,RC SOIN NATUREL TOILETTE INTIME ANTI BACTERIEN 100ML 5603/7058,BDM PHARMA,67.00,N/A,N/A,En stock,N/A,https://justyol.com/products/rc-soin-naturel-toilette-intime-anti-bacterien-100ml-5603-7058
Justyol,Femme,Women,RC MYCOLEA PLUS CREME INTIME APAISANTE 50ML 4767 / 7348,BDM PHARMA,126.00,N/A,N/A,En stock,N/A,https://justyol.com/products/rc-mycolea-plus-creme-intime-apaisante-50ml-4767-7348
Justyol,Femme,Women,RC MOUSSE INTIME SANS RINÇAGE HYDRATANT 100 ml 7591,BDM PHARMA,98.00,N/A,N/A,En stock,N/A,https://justyol.com/products/rc-mousse-intime-sans-rincage-hydratant-100-ml-7591
Justyol,Femme,Women,RC MYCOLEA PLUS SOIN TOILETTE INTIME 200ML 2930 / 7553,BDM PHARMA,126.00,N/A,N/A,En stock,N/A,https://justyol.com/products/rc-mycolea-plus-soin-toilette-intime-200ml-2930-7553
Justyol,Femme,Women,RC MOUSSE INTIME SANS RINÇAGE EXTRA DOUX 100 ml 7713,BDM PHARMA,98.00,N/A,N/A,En stock,N/A,https://justyol.com/products/rc-mousse-intime-sans-rincage-extra-doux-100-ml-7713
Justyol,Femme,Women,RC MOUSSE INTIME SANS RINÇAGE FRAICHEUR 100 ml 7577,BDM PHARMA,98.00,N/A,N/A,En stock,N/A,https://justyol.com/products/rc-mousse-intime-sans-rincage-fraicheur-100-ml-7577
Justyol,Femme,Women,Blouse femme manches courtes à lacets devant 962 - Jaune / 38,JWOMEN,144.00,284.00,49,En stock,N/A,
Justyol,Femme,Women,Chemise à motif avec poche unique et lien - Rose / 44,JWOMEN,109.20,291.00,62,En stock,N/A,
Justyol,Femme,Women,Blouse femme manches courtes à lacets devant 962 - Jaune / 40,JWOMEN,144.00,284.00,49,En stock,N/A,
Justyol,Femme,Women,Blouse femme manches courtes à lacets devant 962 - Jaune / 42,JWOMEN,144.00,284.00,49,En stock,N/A,
Justyol,Femme,Women,Blouse femme manches courtes à lacets devant 962 - Rose / 36,JWOMEN,144.00,284.00,49,En stock,N/A,
Justyol,Femme,Women,Blouse femme manches courtes à lacets devant 962 - Rose / 38,JWOMEN,144.00,284.00,49,En stock,N/A,
Justyol,Femme,Women,Blouse femme manches courtes à lacets devant 962 - Rose / 40,JWOMEN,144.00,284.00,49,En stock,N/A,
Justyol,Femme,Women,Blouse femme manches courtes à lacets devant 962 - Rose / 42,JWOMEN,144.00,284.00,49,En stock,N/A,
Justyol,Femme,Women,RC MOUSSE INTIME SANS RINÇAGE ANTI BACTERIEN 100 ml 7584,BDM PHARMA,98.00,N/A,N/A,En stock,N/A,https://justyol.com/products/rc-mousse-intime-sans-rincage-anti-bacterien-100-ml-7584
Justyol,Femme,Women,RC LINGETTES EXTRA DOUCES 15 U 5634/7300/1308,BDM PHARMA,59.00,N/A,N/A,En stock,N/A,https://justyol.com/products/rc-lingettes-extra-douces-15-u-5634-7300-1308
Justyol,Femme,Women,RC LINGETTES SPECIAL HYDRATANT 15U 5610/7287/2350,BDM PHARMA,59.00,N/A,N/A,En stock,N/A,https://justyol.com/products/rc-lingettes-special-hydratant-15u-5610-7287-2350
Justyol,Femme,Women,RC ECO RECHARGE 500 ML RC SOIN NATUREL TOILETTE INTIME EXTRA DOUX 7171,BDM PHARMA,146.00,N/A,N/A,En stock,N/A,https://justyol.com/products/rc-eco-recharge-500-ml-rc-soin-naturel-toilette-intime-extra-doux-7171
Justyol,Femme,Women,PURESS MOUSSE HYGIENE INTIME LAVANTE DOUCEUR BIO150ML 0176,BDM PHARMA,146.00,N/A,N/A,En stock,N/A,https://justyol.com/products/puress-mousse-hygiene-intime-lavante-douceur-bio150ml-0176
Justyol,Femme,Women,Eros,PARFUMORA,50.00,N/A,N/A,En stock,N/A,https://justyol.com/products/eros
Justyol,Homme,Men,Veste en Peluche à Poche Unique – Réf. 49776 - Green / S,JMEN,232.88,465.76,50,En stock,N/A,
Justyol,Homme,Men,Veste homme avec capuche et imprimés modernes – JAC24WFWP28382TM1 - DK.OLIVE / 4XL,TOWN TEAM,349.00,1.399,N/A,En stock,N/A,
Justyol,Homme,Men,Polo Homme Élégant – Design Moderne avec Détails Subtils et Logo Chic - POS24SBPR21906TM1 - Olive / 4XL,TOWN TEAM,149.00,499.00,70,En stock,N/A,
Justyol,Homme,Men,Sweat à capuche homme oversize zippé doublé chaud - TAS / S,JMEN,251.69,503.38,50,En stock,N/A,
Justyol,Homme,Men,T-shirt homme en maille texturée à manches courtes – Élégance casual moderne - TSH25SKRS20369TM1 - Brick / XL,TOWN TEAM,199.00,499.00,60,En stock,N/A,
Justyol,Homme,Men,Pull homme à motif carreaux et aux couleurs multiples – PUL24WPCR27650TM1 - BEG/BRN / 4XL,TOWN TEAM,319.00,799.00,60,En stock,N/A,
Justyol,Homme,Men,"Pantalon homme en tissu à coupe droite et confortable, idéal pour un usage quotidien – PAN22GFGA23558TS1 - Grey/Stamp / 42",TOWN TEAM,179.00,459.00,61,En stock,N/A,
Justyol,Homme,Men,Chemise homme à carreaux à manches longues avec poche poitrine - FSH23ACCR19816TM1 - BLK/WHT / 3XL,TOWN TEAM,209.00,859.00,76,En stock,N/A,
Justyol,Homme,Men,Jean homme slim bleu avec effet usé - JNS23WFDN22733TM1 - Light Blue / 38,TOWN TEAM,249.00,499.00,50,En stock,N/A,
Justyol,Homme,Men,Pull homme zippé au style moderne et élégant – PUL24WPPZ27628TM1 - Beige / 4XL,TOWN TEAM,219.00,899.00,76,En stock,N/A,
Justyol,Homme,Men,Veste pour homme matelassée avec capuche – Design moderne et chaud - JAC24WWBP28418TS1 - baby Blue / BS2,TOWN TEAM,559.00,1.399,N/A,En stock,N/A,
Justyol,Homme,Men,Hoodie Homme Moderne avec Imprimé Unique - Confortable et Stylé pour un Look Quotidien - SWS24WRNL26120TM1 - GRN/YLW / XL,TOWN TEAM,319.00,799.00,60,En stock,N/A,
Justyol,Homme,Men,Sweat-Shirt Homme Élégant avec Capuche – Confort et Style Moderne pour le Quotidien - PUL25WPRD27816TM1 - Army / S,TOWN TEAM,259.00,659.00,61,En stock,N/A,
Justyol,Homme,Men,Polo homme jacquard léger confort fit respirant - blanc / S,JMEN,110.00,265.78,59,En stock,N/A,
Justyol,Homme,Men,Chemise homme fit rayée manches courtes en coton - beige / XL,JMEN,82.00,210.34,61,En stock,N/A,
Justyol,Homme,Men,"T-shirt pour homme à col rond, coupe standard, modèle basique - 88245 - noir / s",JMEN,93.00,N/A,N/A,En stock,N/A,
Justyol,Homme,Men,Fahrenheit,PARFUMORA,50.00,N/A,N/A,En stock,N/A,https://justyol.com/products/fahrenheit
Justyol,Homme,Men,Polo homme manches courtes brodé – Style élégant et moderne - POS24SPPR21917TM1 - Black / L,TOWN TEAM,139.00,479.00,71,En stock,N/A,
Justyol,Homme,Men,"Jean homme slim fit – Longueur longue, style moderne et coupe ajustée - JNS23SSBW22648TM1 - Black / 33",TOWN TEAM,279.00,559.00,50,En stock,N/A,
Justyol,Homme,Men,Short en denim blanc pour homme - Confort et style décontracté - SHR24SDBP30197TM1 - OFF WHIT / 34,TOWN TEAM,129.00,439.00,71,En stock,N/A,
Justyol,Homme,Men,Pull homme d’hiver à motif élégant – PUL24WPSR27613TM1 - NVY/CHRL / 4XL,TOWN TEAM,199.00,799.00,75,En stock,N/A,
Justyol,Homme,Men,Pantalon homme en tissu – Design moderne et confortable pour un usage quotidien - PAN22GFGA23251TM1 - Black / 33,TOWN TEAM,239.00,479.00,50,En stock,N/A,
Justyol,Homme,Men,Veste homme avec capuche et imprimés modernes – JAC24WFWP28382TM1 - DK.OLIVE / 2XL,TOWN TEAM,349.00,1.399,N/A,En stock,N/A,
Justyol,Homme,Men,T-shirt homme en maille texturée à manches courtes – Élégance casual moderne - TSH25SKRS20369TM1 - Brick / M,TOWN TEAM,199.00,499.00,60,En stock,N/A,
Justyol,Homme,Men,"Pantalon homme en tissu à coupe droite et confortable, idéal pour un usage quotidien – PAN22GFGA23558TS1 - Khaki / 44",TOWN TEAM,179.00,459.00,61,En stock,N/A,
Justyol,Homme,Men,Chemise homme à carreaux à manches longues avec poche poitrine - FSH23ACCR19816TM1 - BLK/WHT / 5XL,TOWN TEAM,209.00,859.00,76,En stock,N/A,
Justyol,Homme,Men,Jean homme slim bleu avec effet usé - JNS23WFDN22733TM1 - Light Blue / 34,TOWN TEAM,249.00,499.00,50,En stock,N/A,
Justyol,Homme,Men,Pull homme zippé au style moderne et élégant – PUL24WPPZ27628TM1 - Beige / 7XL,TOWN TEAM,219.00,899.00,76,En stock,N/A,
Justyol,Homme,Men,Veste pour homme matelassée avec capuche – Design moderne et chaud - JAC24WWBP28418TS1 - Grey / BS3,TOWN TEAM,559.00,1.399,N/A,En stock,N/A,
Justyol,Homme,Men,Sweat-Shirt Homme Élégant avec Capuche – Confort et Style Moderne pour le Quotidien - PUL25WPRD27816TM1 - Black / M,TOWN TEAM,259.00,659.00,61,En stock,N/A,
Justyol,Homme,Men,Polo homme manches courtes brodé – Style élégant et moderne - POS24SPPR21917TM1 - Black / M,TOWN TEAM,139.00,479.00,71,En stock,N/A,
Justyol,Homme,Men,"Jean homme slim fit – Longueur longue, style moderne et coupe ajustée - JNS23SSBW22648TM1 - Black / 36",TOWN TEAM,279.00,559.00,50,En stock,N/A,
Justyol,Homme,Men,Short en denim blanc pour homme - Confort et style décontracté - SHR24SDBP30197TM1 - OFF WHIT / 36,TOWN TEAM,129.00,439.00,71,En stock,N/A,
Justyol,Homme,Men,Pantalon homme en tissu – Design moderne et confortable pour un usage quotidien - PAN22GFGA23251TM1 - Black / 36,TOWN TEAM,239.00,479.00,50,En stock,N/A,
Justyol,Homme,Men,Veste homme avec capuche et imprimés modernes – JAC24WFWP28382TM1 - Black / 3XL,TOWN TEAM,349.00,1.399,N/A,En stock,N/A,
Justyol,Homme,Men,T-shirt homme en maille texturée à manches courtes – Élégance casual moderne - TSH25SKRS20369TM1 - Brick / 2XL,TOWN TEAM,199.00,499.00,60,En stock,N/A,
Justyol,Homme,Men,"Pantalon homme en tissu à coupe droite et confortable, idéal pour un usage quotidien – PAN22GFGA23558TS1 - Khaki / 42",TOWN TEAM,179.00,459.00,61,En stock,N/A,
Justyol,Homme,Men,Chemise homme à carreaux à manches longues avec poche poitrine - FSH23ACCR19816TM1 - BLK/WHT / 6XL,TOWN TEAM,209.00,859.00,76,En stock,N/A,
Justyol,Homme,Men,Jean homme slim bleu avec effet usé - JNS23WFDN22733TM1 - Light Blue / 36,TOWN TEAM,249.00,499.00,50,En stock,N/A,
Justyol,Homme,Men,Pull homme zippé au style moderne et élégant – PUL24WPPZ27628TM1 - Beige / 5XL,TOWN TEAM,219.00,899.00,76,En stock,N/A,
Justyol,Homme,Men,Veste pour homme matelassée avec capuche – Design moderne et chaud - JAC24WWBP28418TS1 - Grey / BS2,TOWN TEAM,559.00,1.399,N/A,En stock,N/A,
Justyol,Homme,Men,Sweat-Shirt Homme Élégant avec Capuche – Confort et Style Moderne pour le Quotidien - PUL25WPRD27816TM1 - Black / L,TOWN TEAM,259.00,659.00,61,En stock,N/A,
Justyol,Homme,Men,Polo homme manches courtes brodé – Style élégant et moderne - POS24SPPR21917TM1 - Black / S,TOWN TEAM,139.00,479.00,71,En stock,N/A,
Justyol,Homme,Men,"Jean homme slim fit – Longueur longue, style moderne et coupe ajustée - JNS23SSBW22648TM1 - Black / 34",TOWN TEAM,279.00,559.00,50,En stock,N/A,
Justyol,Homme,Men,Short en denim blanc pour homme - Confort et style décontracté - SHR24SDBP30197TM1 - OFF WHIT / 38,TOWN TEAM,129.00,439.00,71,En stock,N/A,
Justyol,Homme,Men,Veste homme avec capuche et imprimés modernes – JAC24WFWP28382TM1 - Black / 4XL,TOWN TEAM,349.00,1.399,N/A,En stock,N/A,
Justyol,Homme,Men,T-shirt homme en maille texturée à manches courtes – Élégance casual moderne - TSH25SKRS20369TM1 - Beige / M,TOWN TEAM,199.00,499.00,60,En stock,N/A,
Justyol,Homme,Men,Chemise homme à carreaux à manches longues avec poche poitrine - FSH23ACCR19816TM1 - BLK/WHT / S,TOWN TEAM,209.00,859.00,76,En stock,N/A,
Justyol,Homme,Men,Jean homme slim bleu avec effet usé - JNS23WFDN22733TM1 - Light Blue / 33,TOWN TEAM,249.00,499.00,50,En stock,N/A,
Justyol,Homme,Men,Pull homme zippé au style moderne et élégant – PUL24WPPZ27628TM1 - Beige / 6XL,TOWN TEAM,219.00,899.00,76,En stock,N/A,
Justyol,Homme,Men,Veste pour homme matelassée avec capuche – Design moderne et chaud - JAC24WWBP28418TS1 - Grey / BS1,TOWN TEAM,559.00,1.399,N/A,En stock,N/A,
Justyol,Homme,Men,Sweat-Shirt Homme Élégant avec Capuche – Confort et Style Moderne pour le Quotidien - PUL25WPRD27816TM1 - Army / L,TOWN TEAM,259.00,659.00,61,En stock,N/A,
Justyol,Homme,Men,Polo homme manches courtes brodé – Style élégant et moderne - POS24SPPR21917TM1 - Black / XL,TOWN TEAM,139.00,479.00,71,En stock,N/A,
Justyol,Homme,Men,Short en denim blanc pour homme - Confort et style décontracté - SHR24SDBP30197TM1 - OFF WHIT / 30,TOWN TEAM,129.00,439.00,71,En stock,N/A,
Justyol,Homme,Men,Veste homme avec capuche et imprimés modernes – JAC24WFWP28382TM1 - Black / 2XL,TOWN TEAM,349.00,1.399,N/A,En stock,N/A,
Justyol,Homme,Men,T-shirt homme en maille texturée à manches courtes – Élégance casual moderne - TSH25SKRS20369TM1 - Brick / 3XL,TOWN TEAM,199.00,499.00,60,En stock,N/A,
Justyol,Homme,Men,Chemise homme à carreaux à manches longues avec poche poitrine - FSH23ACCR19816TM1 - BLK/WHT / 4XL,TOWN TEAM,209.00,859.00,76,En stock,N/A,
Justyol,Homme,Men,Jean homme slim bleu avec effet usé - JNS23WFDN22733TM1 - Light Blue / 40,TOWN TEAM,249.00,499.00,50,En stock,N/A,
Justyol,Homme,Men,Veste pour homme matelassée avec capuche – Design moderne et chaud - JAC24WWBP28418TS1 - baby Blue / BS1,TOWN TEAM,559.00,1.399,N/A,En stock,N/A,
Justyol,Homme,Men,Sweat-Shirt Homme Élégant avec Capuche – Confort et Style Moderne pour le Quotidien - PUL25WPRD27816TM1 - Army / M,TOWN TEAM,259.00,659.00,61,En stock,N/A,
Justyol,Homme,Men,Polo homme manches courtes brodé – Style élégant et moderne - POS24SPPR21917TM1 - Black / 4XL,TOWN TEAM,139.00,479.00,71,En stock,N/A,
Justyol,Homme,Men,Short en denim blanc pour homme - Confort et style décontracté - SHR24SDBP30197TM1 - OFF WHIT / 31,TOWN TEAM,129.00,439.00,71,En stock,N/A,
Justyol,Homme,Men,T-shirt homme en maille texturée à manches courtes – Élégance casual moderne - TSH25SKRS20369TM1 - Brick / L,TOWN TEAM,199.00,499.00,60,En stock,N/A,
Justyol,Homme,Men,Veste pour homme matelassée avec capuche – Design moderne et chaud - JAC24WWBP28418TS1 - baby Blue / BS3,TOWN TEAM,559.00,1.399,N/A,En stock,N/A,
Justyol,Homme,Men,Sweat-Shirt Homme Élégant avec Capuche – Confort et Style Moderne pour le Quotidien - PUL25WPRD27816TM1 - Black / S,TOWN TEAM,259.00,659.00,61,En stock,N/A,
Justyol,Homme,Men,Polo homme manches courtes brodé – Style élégant et moderne - POS24SPPR21917TM1 - Black / 2XL,TOWN TEAM,139.00,479.00,71,En stock,N/A,
Justyol,Homme,Men,Short en denim blanc pour homme - Confort et style décontracté - SHR24SDBP30197TM1 - OFF WHIT / 32,TOWN TEAM,129.00,439.00,71,En stock,N/A,
Justyol,Homme,Men,T-shirt homme en maille texturée à manches courtes – Élégance casual moderne - TSH25SKRS20369TM1 - Brick / S,TOWN TEAM,199.00,499.00,60,En stock,N/A,
Justyol,Homme,Men,Veste pour homme matelassée avec capuche – Design moderne et chaud - JAC24WWBP28418TS1 - Black / BS2,TOWN TEAM,559.00,1.399,N/A,En stock,N/A,
Justyol,Homme,Men,Short en denim blanc pour homme - Confort et style décontracté - SHR24SDBP30197TM1 - OFF WHIT / 33,TOWN TEAM,129.00,439.00,71,En stock,N/A,
Justyol,Homme,Men,T-shirt homme en maille texturée à manches courtes – Élégance casual moderne - TSH25SKRS20369TM1 - Beige / S,TOWN TEAM,199.00,499.00,60,En stock,N/A,
Justyol,Homme,Men,Veste pour homme matelassée avec capuche – Design moderne et chaud - JAC24WWBP28418TS1 - Black / BS1,TOWN TEAM,559.00,1.399,N/A,En stock,N/A,
Justyol,Homme,Men,Veste pour homme matelassée avec capuche – Design moderne et chaud - JAC24WWBP28418TS1 - Black / BS3,TOWN TEAM,559.00,1.399,N/A,En stock,N/A,
Justyol,Homme,Men,Veste pour homme matelassée avec capuche – Design moderne et chaud - JAC24WWBP28418TS1 - Army / BS2,TOWN TEAM,559.00,1.399,N/A,En stock,N/A,
Justyol,Homme,Men,Veste pour homme matelassée avec capuche – Design moderne et chaud - JAC24WWBP28418TS1 - Army / BS1,TOWN TEAM,559.00,1.399,N/A,En stock,N/A,
Justyol,Homme,Men,Veste pour homme matelassée avec capuche – Design moderne et chaud - JAC24WWBP28418TS1 - Army / BS3,TOWN TEAM,559.00,1.399,N/A,En stock,N/A,
Justyol,Homme,Men,"Veste d’hiver homme sans manches, dotée d’une fermeture zippée sur le devant – VST24WWCP28538TM1 - Grey/Beige / 4XL",TOWN TEAM,299.00,1.199,N/A,En stock,N/A,
Justyol,Homme,Men,Pull Homme Moderne avec Tissage Distinctif - Confort et Élégance pour l'Hiver - PUL24WPPR27668TM1 - Olive / XL,TOWN TEAM,259.00,659.00,61,En stock,N/A,
Justyol,Homme,Men,"Veste / Manteau pour Homme en Nubuck avec Doublure Intérieure, Poches Double et Fermeture Éclair - tabac / l",JMEN,329.00,703.00,53,En stock,N/A,
Justyol,Homme,Men,chemise homme col apaïs léger motif lignes - blanc / xl,JMEN,141.00,327.16,57,En stock,N/A,
Justyol,Homme,Men,chemise homme York lin coton légère - blanc / M,JMEN,147.00,294.00,50,En stock,N/A,
Justyol,Homme,Men,chemise homme col mao lin slim fit café au lait - Beige / M,JMEN,139.00,323.20,57,En stock,N/A,
Justyol,Homme,Men,chemise homme manches courtes oversize - blanc / XL,JMEN,101.00,247.96,59,En stock,N/A,
Justyol,Homme,Men,Sweat-shirt homme orange col rond – Style urbain avec logo imprimé - SWS26WRNL26581TM1 - D-ORANGE / S,TOWN TEAM,229.00,459.00,50,En stock,N/A,
Justyol,Homme,Men,Sweat homme col montant zippé avec imprimé – Style streetwear affirmé - SWS26WZNL26370TM1 - Black / S,TOWN TEAM,229.00,459.00,50,En stock,N/A,
Justyol,Homme,Men,Sneakers Homme Sportives - Confort et Style Dynamique - SHO25GCML25413TM1 - Grey / 43,TOWN TEAM,449.00,899.00,50,En stock,N/A,
Justyol,Homme,Men,Polo Noir Homme avec Col Contrasté - Urbain et Élégant - Mode Masculine - POS25SPPR21918TM1 - Black / 5XL,TOWN TEAM,189.00,479.00,61,En stock,N/A,
Justyol,Homme,Men,Pantalon de sport pour homme au design moderne avec poches latérales zippées - JOG25GGBS24254TM1 - Café / 34,TOWN TEAM,349.00,699.00,50,En stock,N/A,
Justyol,Homme,Men,Veste homme d’hiver à motif à carreaux au design élégant – JAC25WchBP19119TM1 - CML/GRY / L,TOWN TEAM,559.00,1.399,N/A,En stock,N/A,
Justyol,Homme,Men,Chemise homme classique manches longues au design élégant - SHI24SEXR19453TM1 - Navy / L,TOWN TEAM,139.00,479.00,71,En stock,N/A,
Justyol,Homme,Men,Pull homme zippé à capuche au design moderne - PUL24WPPZ27623TM1 - L-BEIGE / 6XL,TOWN TEAM,199.00,799.00,75,En stock,N/A,
Justyol,Homme,Men,Pull homme d’hiver en maille au design élégant - PUL24WPCR27600TM1 - GRY/OLV / 2XL,TOWN TEAM,169.00,699.00,76,En stock,N/A,
Justyol,Homme,Men,Chemise homme à carreaux à manches longues au design moderne - FSH23ACCR19817TM1 - NVY/YLW / 6XL,TOWN TEAM,159.00,659.00,76,En stock,N/A,
Justyol,Homme,Men,Jean homme coupe slim bleu foncé avec effets délavés – JNS23GPBW22708TM1 - D-BLUE / 38,TOWN TEAM,249.00,499.00,50,En stock,N/A,
Justyol,Homme,Men,Veste homme élégante sans capuche – JAC24WWBL28413TM1 - Black / 4XL,TOWN TEAM,349.00,1.399,N/A,En stock,N/A,
Justyol,Homme,Men,Veste sportive homme au design moderne – JAC24WWCL28425TM1 - Navy / XL,TOWN TEAM,369.00,1.499,N/A,En stock,N/A,
Justyol,Homme,Men,"Pantalon en jean pour homme au design moderne, confortable et au style décontracté - JNS24GMBW22133TM1 - Ice Blue / 36",TOWN TEAM,279.00,559.00,50,En stock,N/A,
Justyol,Homme,Men,Sweat-Shirt Homme à Imprimé Unique – Confort et Style avec Capuche Ajustable - SWS24WRAL26139TM1 - Café / 2XL,TOWN TEAM,219.00,559.00,61,En stock,N/A,
Justyol,Homme,Men,Hoodie Homme Confortable avec Fermeture Éclair – Style Pratique et Confort pour les Jours Froids - SWS25WZNS26084TM1 - Brick / S,TOWN TEAM,359.00,899.00,60,En stock,N/A,
Justyol,Homme,Men,Jean slim bleu clair homme – Look moderne et ajusté - JNS22SFDN22932TS1 - Blue / 44,TOWN TEAM,139.00,359.00,61,En stock,N/A,
Justyol,Homme,Men,Pantalon de Sport Homme Confortable – Style Moderne et Pratique pour les Activités Quotidiennes - JOG23SGPS24249TM1 - Black / 36,TOWN TEAM,199.00,499.00,60,En stock,N/A,
Justyol,Homme,Men,T-shirt Homme Casual Simple – Design Moderne avec Détail Zippé et Confort Quotidien - TSH25SPRO20447TM1 - Black / L,TOWN TEAM,189.00,479.00,61,En stock,N/A,
Justyol,Homme,Men,Hoodie homme oversize avec design moderne et imprimé unique sur le torse - SWS24WHNK26082TM1 - Green / L,TOWN TEAM,319.00,799.00,60,En stock,N/A,
Justyol,Homme,Men,Sweatshirt homme doux avec col haut - PUL24WPPH27647TM1 - GRAY / 3XL,TOWN TEAM,259.00,659.00,61,En stock,N/A,
Justyol,Homme,Men,Veste homme d’hiver casual avec capuche et doublure - JAC25WWBP28467TM1 - Silver / XL,TOWN TEAM,699.00,1.399,N/A,En stock,N/A,
Justyol,Homme,Men,"Manteau pour homme en duvet, coupe standard, résistant au froid avec fermeture éclair - bleu marine / M",JMEN,351.00,749.00,53,En stock,N/A,
Justyol,Homme,Men,chemise oversize homme gabardine velours à poche - blanc / m,JMEN,198.00,396.00,50,En stock,N/A,
Justyol,Homme,Men,jogger homme Gale casual sport- 82111 - gb mélangé / s,JMEN,131.00,307.36,57,En stock,N/A,
Justyol,Homme,Men,"Short pour homme en chino léger et légèrement extensible, coupe standard - 81290 - antrasit / m",JMEN,118.80,N/A,N/A,En stock,N/A,
Justyol,Homme,Men,"Sweatshirt en polaire pour homme avec capuche et poche kangourou, inscription brodée - siyah / xxl",JMEN,172.49,344.98,50,En stock,N/A,
Justyol,Homme,Men,"Veste d’hiver homme sans manches, dotée d’une fermeture zippée sur le devant – VST24WWCP28538TM1 - Grey/Beige / S",TOWN TEAM,299.00,1.199,N/A,En stock,N/A,
Justyol,Homme,Men,Pull Homme Moderne avec Tissage Distinctif - Confort et Élégance pour l'Hiver - PUL24WPPR27668TM1 - Black / XL,TOWN TEAM,259.00,659.00,61,En stock,N/A,
Justyol,Homme,Men,"Veste / Manteau pour Homme en Nubuck avec Doublure Intérieure, Poches Double et Fermeture Éclair - tabac / m",JMEN,329.00,703.00,53,En stock,N/A,
Justyol,Homme,Men,chemise homme col mao lin slim fit café au lait - Beige / L,JMEN,139.00,323.20,57,En stock,N/A,
Justyol,Homme,Men,Polo Noir Homme avec Col Contrasté - Urbain et Élégant - Mode Masculine - POS25SPPR21918TM1 - Black / S,TOWN TEAM,189.00,479.00,61,En stock,N/A,
Justyol,Homme,Men,Pantalon de sport pour homme au design moderne avec poches latérales zippées - JOG25GGBS24254TM1 - Café / 33,TOWN TEAM,349.00,699.00,50,En stock,N/A,
Justyol,Homme,Men,Veste homme d’hiver à motif à carreaux au design élégant – JAC25WchBP19119TM1 - CML/GRY / M,TOWN TEAM,559.00,1.399,N/A,En stock,N/A,
Justyol,Homme,Men,Chemise homme classique manches longues au design élégant - SHI24SEXR19453TM1 - Navy / 2XL,TOWN TEAM,139.00,479.00,71,En stock,N/A,
Justyol,Homme,Men,Pull homme zippé à capuche au design moderne - PUL24WPPZ27623TM1 - Charcoal / 5XL,TOWN TEAM,199.00,799.00,75,En stock,N/A,
Justyol,Homme,Men,Pull homme d’hiver en maille au design élégant - PUL24WPCR27600TM1 - GRY/OLV / 3XL,TOWN TEAM,169.00,699.00,76,En stock,N/A,
Justyol,Homme,Men,Chemise homme à carreaux à manches longues au design moderne - FSH23ACCR19817TM1 - NVY/YLW / 5XL,TOWN TEAM,159.00,659.00,76,En stock,N/A,
Justyol,Homme,Men,Jean homme coupe slim bleu foncé avec effets délavés – JNS23GPBW22708TM1 - D-BLUE / 34,TOWN TEAM,249.00,499.00,50,En stock,N/A,
Justyol,Homme,Men,Veste homme élégante sans capuche – JAC24WWBL28413TM1 - MASTIC / 3XL,TOWN TEAM,349.00,1.399,N/A,En stock,N/A,
Justyol,Homme,Men,Veste sportive homme au design moderne – JAC24WWCL28425TM1 - Navy / L,TOWN TEAM,369.00,1.499,N/A,En stock,N/A,
Justyol,Homme,Men,Hoodie Homme Confortable avec Fermeture Éclair – Style Pratique et Confort pour les Jours Froids - SWS25WZNS26084TM1 - Black / S,TOWN TEAM,359.00,899.00,60,En stock,N/A,
Justyol,Homme,Men,Jean slim bleu clair homme – Look moderne et ajusté - JNS22SFDN22932TS1 - Blue / 42,TOWN TEAM,139.00,359.00,61,En stock,N/A,
Justyol,Homme,Men,T-shirt Homme Casual Simple – Design Moderne avec Détail Zippé et Confort Quotidien - TSH25SPRO20447TM1 - Black / M,TOWN TEAM,189.00,479.00,61,En stock,N/A,
Justyol,Homme,Men,Hoodie homme oversize avec design moderne et imprimé unique sur le torse - SWS24WHNK26082TM1 - Green / 2XL,TOWN TEAM,319.00,799.00,60,En stock,N/A,
Justyol,Homme,Men,Sweatshirt homme doux avec col haut - PUL24WPPH27647TM1 - GRAY / XL,TOWN TEAM,259.00,659.00,61,En stock,N/A,
Justyol,Homme,Men,Veste homme d’hiver casual avec capuche et doublure - JAC25WWBP28467TM1 - Black / XL,TOWN TEAM,699.00,1.399,N/A,En stock,N/A,
Justyol,Homme,Men,"Veste d’hiver homme sans manches, dotée d’une fermeture zippée sur le devant – VST24WWCP28538TM1 - BLK/OLV / M",TOWN TEAM,299.00,1.199,N/A,En stock,N/A,
Justyol,Homme,Men,Pull Homme Moderne avec Tissage Distinctif - Confort et Élégance pour l'Hiver - PUL24WPPR27668TM1 - Black / S,TOWN TEAM,259.00,659.00,61,En stock,N/A,
Justyol,Homme,Men,Polo Noir Homme avec Col Contrasté - Urbain et Élégant - Mode Masculine - POS25SPPR21918TM1 - Black / 6XL,TOWN TEAM,189.00,479.00,61,En stock,N/A,
Justyol,Homme,Men,Pantalon de sport pour homme au design moderne avec poches latérales zippées - JOG25GGBS24254TM1 - Café / 36,TOWN TEAM,349.00,699.00,50,En stock,N/A,
Justyol,Homme,Men,Veste homme d’hiver à motif à carreaux au design élégant – JAC25WchBP19119TM1 - CML/GRY / S,TOWN TEAM,559.00,1.399,N/A,En stock,N/A,
Justyol,Homme,Men,Chemise homme classique manches longues au design élégant - SHI24SEXR19453TM1 - OFF WHIT / 2XL,TOWN TEAM,139.00,479.00,71,En stock,N/A,
Justyol,Homme,Men,Pull homme zippé à capuche au design moderne - PUL24WPPZ27623TM1 - L-BEIGE / 4XL,TOWN TEAM,199.00,799.00,75,En stock,N/A,
Justyol,Homme,Men,Pull homme d’hiver en maille au design élégant - PUL24WPCR27600TM1 - GRY/OLV / 4XL,TOWN TEAM,169.00,699.00,76,En stock,N/A,
Justyol,Homme,Men,Chemise homme à carreaux à manches longues au design moderne - FSH23ACCR19817TM1 - NVY/YLW / 7XL,TOWN TEAM,159.00,659.00,76,En stock,N/A,
Justyol,Homme,Men,Jean homme coupe slim bleu foncé avec effets délavés – JNS23GPBW22708TM1 - D-BLUE / 36,TOWN TEAM,249.00,499.00,50,En stock,N/A,
Justyol,Homme,Men,Veste homme élégante sans capuche – JAC24WWBL28413TM1 - MASTIC / 2XL,TOWN TEAM,349.00,1.399,N/A,En stock,N/A,
Justyol,Homme,Men,T-shirt Homme Casual Simple – Design Moderne avec Détail Zippé et Confort Quotidien - TSH25SPRO20447TM1 - Black / S,TOWN TEAM,189.00,479.00,61,En stock,N/A,
Justyol,Homme,Men,Hoodie homme oversize avec design moderne et imprimé unique sur le torse - SWS24WHNK26082TM1 - Green / XL,TOWN TEAM,319.00,799.00,60,En stock,N/A,
Justyol,Homme,Men,Sweatshirt homme doux avec col haut - PUL24WPPH27647TM1 - CAFE / XL,TOWN TEAM,259.00,659.00,61,En stock,N/A,
Justyol,Homme,Men,"Veste d’hiver homme sans manches, dotée d’une fermeture zippée sur le devant – VST24WWCP28538TM1 - Grey/Beige / 3XL",TOWN TEAM,299.00,1.199,N/A,En stock,N/A,
Justyol,Homme,Men,Pull Homme Moderne avec Tissage Distinctif - Confort et Élégance pour l'Hiver - PUL24WPPR27668TM1 - Olive / L,TOWN TEAM,259.00,659.00,61,En stock,N/A,
Justyol,Homme,Men,Polo Noir Homme avec Col Contrasté - Urbain et Élégant - Mode Masculine - POS25SPPR21918TM1 - Black / 2XL,TOWN TEAM,189.00,479.00,61,En stock,N/A,
Justyol,Homme,Men,Pantalon de sport pour homme au design moderne avec poches latérales zippées - JOG25GGBS24254TM1 - Olive / 34,TOWN TEAM,349.00,699.00,50,En stock,N/A,
Justyol,Homme,Men,Chemise homme classique manches longues au design élégant - SHI24SEXR19453TM1 - OFF WHIT / 3XL,TOWN TEAM,139.00,479.00,71,En stock,N/A,
Justyol,Homme,Men,Pull homme zippé à capuche au design moderne - PUL24WPPZ27623TM1 - L-BEIGE / 2XL,TOWN TEAM,199.00,799.00,75,En stock,N/A,
Justyol,Homme,Men,Pull homme d’hiver en maille au design élégant - PUL24WPCR27600TM1 - CHRL/NRL / 4XL,TOWN TEAM,169.00,699.00,76,En stock,N/A,
Justyol,Homme,Men,Jean homme coupe slim bleu foncé avec effets délavés – JNS23GPBW22708TM1 - D-BLUE / 33,TOWN TEAM,249.00,499.00,50,En stock,N/A,
Justyol,Homme,Men,T-shirt Homme Casual Simple – Design Moderne avec Détail Zippé et Confort Quotidien - TSH25SPRO20447TM1 - Silver / L,TOWN TEAM,189.00,479.00,61,En stock,N/A,
Justyol,Homme,Men,Sweatshirt homme doux avec col haut - PUL24WPPH27647TM1 - Black / 2XL,TOWN TEAM,259.00,659.00,61,En stock,N/A,
Justyol,Homme,Men,"Veste d’hiver homme sans manches, dotée d’une fermeture zippée sur le devant – VST24WWCP28538TM1 - BLK/OLV / L",TOWN TEAM,299.00,1.199,N/A,En stock,N/A,
Justyol,Homme,Men,Polo Noir Homme avec Col Contrasté - Urbain et Élégant - Mode Masculine - POS25SPPR21918TM1 - Black / M,TOWN TEAM,189.00,479.00,61,En stock,N/A,
Justyol,Homme,Men,Pantalon de sport pour homme au design moderne avec poches latérales zippées - JOG25GGBS24254TM1 - Olive / 36,TOWN TEAM,349.00,699.00,50,En stock,N/A,
Justyol,Homme,Men,Pull homme zippé à capuche au design moderne - PUL24WPPZ27623TM1 - L-BEIGE / 7XL,TOWN TEAM,199.00,799.00,75,En stock,N/A,
Justyol,Homme,Men,Pull homme d’hiver en maille au design élégant - PUL24WPCR27600TM1 - CHRL/NRL / 3XL,TOWN TEAM,169.00,699.00,76,En stock,N/A,
Justyol,Homme,Men,Jean homme coupe slim bleu foncé avec effets délavés – JNS23GPBW22708TM1 - D-BLUE / 40,TOWN TEAM,249.00,499.00,50,En stock,N/A,
Justyol,Homme,Men,T-shirt Homme Casual Simple – Design Moderne avec Détail Zippé et Confort Quotidien - TSH25SPRO20447TM1 - Silver / M,TOWN TEAM,189.00,479.00,61,En stock,N/A,
Justyol,Homme,Men,Sweatshirt homme doux avec col haut - PUL24WPPH27647TM1 - GRAY / 2XL,TOWN TEAM,259.00,659.00,61,En stock,N/A,
Justyol,Homme,Men,"Veste d’hiver homme sans manches, dotée d’une fermeture zippée sur le devant – VST24WWCP28538TM1 - BLK/OLV / 2XL",TOWN TEAM,299.00,1.199,N/A,En stock,N/A,
Justyol,Homme,Men,Polo Noir Homme avec Col Contrasté - Urbain et Élégant - Mode Masculine - POS25SPPR21918TM1 - Black / XL,TOWN TEAM,189.00,479.00,61,En stock,N/A,
Justyol,Homme,Men,Pull homme zippé à capuche au design moderne - PUL24WPPZ27623TM1 - L-BEIGE / 5XL,TOWN TEAM,199.00,799.00,75,En stock,N/A,
Justyol,Homme,Men,Jean homme coupe slim bleu foncé avec effets délavés – JNS23GPBW22708TM1 - D-BLUE / 31,TOWN TEAM,249.00,499.00,50,En stock,N/A,
Justyol,Homme,Men,T-shirt Homme Casual Simple – Design Moderne avec Détail Zippé et Confort Quotidien - TSH25SPRO20447TM1 - Silver / 2XL,TOWN TEAM,189.00,479.00,61,En stock,N/A,
Justyol,Homme,Men,Sweatshirt homme doux avec col haut - PUL24WPPH27647TM1 - CAFE / 2XL,TOWN TEAM,259.00,659.00,61,En stock,N/A,
Justyol,Homme,Men,"Veste d’hiver homme sans manches, dotée d’une fermeture zippée sur le devant – VST24WWCP28538TM1 - BLK/OLV / 3XL",TOWN TEAM,299.00,1.199,N/A,En stock,N/A,
Justyol,Homme,Men,"Veste d’hiver homme sans manches, dotée d’une fermeture zippée sur le devant – VST24WWCP28538TM1 - BLK/OLV / 4XL",TOWN TEAM,299.00,1.199,N/A,En stock,N/A,
Justyol,Homme,Men,"Veste d’hiver homme sans manches, dotée d’une fermeture zippée sur le devant – VST24WWCP28538TM1 - BLK/OLV / XL",TOWN TEAM,299.00,1.199,N/A,En stock,N/A,
Justyol,Homme,Men,"Veste d’hiver homme sans manches, dotée d’une fermeture zippée sur le devant – VST24WWCP28538TM1 - BLK/OLV / S",TOWN TEAM,299.00,1.199,N/A,En stock,N/A,
Justyol,Homme,Men,Sauvage,PARFUMORA,50.00,N/A,N/A,En stock,N/A,https://justyol.com/products/sauvage
Justyol,Homme,Men,Terre D'hermes,PARFUMORA,50.00,N/A,N/A,En stock,N/A,https://justyol.com/products/terre-dhermes
Justyol,Homme,Men,Allure Homme Sport,PARFUMORA,50.00,N/A,N/A,En stock,N/A,https://justyol.com/products/allure-homme-sport
Justyol,Homme,Men,Kouros,PARFUMORA,50.00,N/A,N/A,En stock,N/A,https://justyol.com/products/kouros
Justyol,Homme,Men,Stronger with you,PARFUMORA,50.00,N/A,N/A,En stock,N/A,https://justyol.com/products/stronger-with-you
Justyol,Homme,Men,Lacoste Blanc,PARFUMORA,50.00,N/A,N/A,En stock,N/A,https://justyol.com/products/lacoste-blanc
Justyol,Homme,Men,Pantalon homme coupe confortable – Style casual et polyvalent - TRO25SLKR23586TM1 - Beige / 36,TOWN TEAM,329.00,659.00,50,En stock,N/A,
Justyol,Homme,Men,Ensemble T-shirt Homme avec Short - Confort et Style Décontracté - TST25SSPT15026TM1 - Black / S,TOWN TEAM,259.00,859.00,70,En stock,N/A,
Justyol,Homme,Men,T-shirt homme à manches courtes avec imprimé graphique – Style racing urbain - TSH25SBRS20532TM1 - OFF WHIT / 2XL,TOWN TEAM,179.00,439.00,59,En stock,N/A,
Justyol,Homme,Men,Short homme imprimé – Regular fit | Style estival et confort quotidien - SHR24SGAS23167TM1 - Black / 29,TOWN TEAM,119.00,399.00,70,En stock,N/A,
Justyol,Homme,Men,Polo homme off-white à fermeture éclair – Style moderne et élégant - POS25SBPW21052TM1 - Brown / S,TOWN TEAM,149.00,499.00,70,En stock,N/A,
Justyol,Homme,Men,Polo Homme Regular Fit – Couleurs Noir et Beige – POS24SBPU21901TM1 - Black / XL,TOWN TEAM,129.00,439.00,71,En stock,N/A,
Justyol,Homme,Men,T-shirt homme en maille à blocs de couleurs - TSH25SKRS20374TM1 - WHT/BRN / L,TOWN TEAM,199.00,499.00,60,En stock,N/A,
Justyol,Homme,Men,Jean classique homme - Confort et style décontracté - JNS22SFDN22171TS1 - Dark Blue / 44,TOWN TEAM,179.00,459.00,61,En stock,N/A,
Justyol,Homme,Men,Polo homme à coupe slim - Élégance et confort - POS24SKTV21857TM1 - BEG/NVY / 2XL,TOWN TEAM,149.00,499.00,70,En stock,N/A,
Justyol,Homme,Men,Pull homme à col roulé en maille torsadée – Élégance et confort au quotidien - PUL26WPPH27922TM1 - Charcoal / L,TOWN TEAM,239.00,599.00,60,En stock,N/A,
Justyol,Homme,Men,Short en jean homme déchiré à coupe moderne – SHR24SDCP30198TM1 - White / 38,TOWN TEAM,129.00,439.00,71,En stock,N/A,
Justyol,Homme,Men,Short de sport pour homme de couleur noire avec taille élastique - SHR24SMBS15001TM1 - Black / S,TOWN TEAM,119.00,399.00,70,En stock,N/A,
Justyol,Homme,Men,Short en jean homme classique à coupe confortable – SHR24SDSP30195TM1 - Blue / 40,TOWN TEAM,129.00,439.00,71,En stock,N/A,
Justyol,Homme,Men,Jean homme au design moderne et à la coupe confortable – JNS24GMBW22140TM1 - Black / 36,TOWN TEAM,259.00,529.00,51,En stock,N/A,
Justyol,Homme,Men,Pantalon cargo homme confortable à coupe ajustée - JOG22SFGA24233TM1 - Black / 34,TOWN TEAM,199.00,499.00,60,En stock,N/A,
Justyol,Homme,Men,T-shirt homme au design moderne avec imprimé distinctif – TSH24SPRO20993TM1 - Beige / S,TOWN TEAM,179.00,439.00,59,En stock,N/A,
Justyol,Homme,Men,Chemise homme ornée au design moderne avec imprimé géométrique – SSH25SARC16166TM1 - WHT/BEG / 2XL,TOWN TEAM,199.00,499.00,60,En stock,N/A,
Justyol,Homme,Men,Veste homme zippée au design classique et élégant – JAC23WFGA28402TM1 - Black / 2XL,TOWN TEAM,299.00,1.199,N/A,En stock,N/A,
Justyol,Homme,Men,Pull homme d’hiver en matière confortable au design élégant – PUL24WPSR27611TM1 - GRY/D-G / 7XL,TOWN TEAM,199.00,799.00,75,En stock,N/A,
Justyol,Homme,Men,Sweat-shirt homme zippé au design simple - SWS24WUPS26704TM1 - Black / 6XL,TOWN TEAM,199.00,799.00,75,En stock,N/A,
Justyol,Homme,Men,Chemise homme à carreaux à manches longues avec poche poitrine - FSH23GCCR19819TM1 - BEG/NVY / 5XL,TOWN TEAM,119.00,599.00,80,En stock,N/A,
Justyol,Homme,Men,Veste homme matelassée avec capuche au design moderne - JAC24WWCP28421TM1 - BLK/WHT / XL,TOWN TEAM,499.00,1.999,N/A,En stock,N/A,
Justyol,Homme,Men,T-shirt homme à manches courtes à motif imprimé – TSH24SARO20944TM1 - CREAM / 2XL,TOWN TEAM,89.00,299.00,70,En stock,N/A,
Justyol,Homme,Men,T-shirt pour homme noir simple - TSH24SBRO20178TM1 - Olive / 3XL,TOWN TEAM,99.00,359.00,72,En stock,N/A,
Justyol,Homme,Men,Polo pour homme au design moderne - À manches courtes avec impression de logo - POS24SBPR21907TM1 - OFF WHIT / XL,TOWN TEAM,129.00,439.00,71,En stock,N/A,
Justyol,Homme,Men,Jean pour homme au design moderne – Coupe slim avec des détails élégants – JNS22GFDN22922TM1 - White / 36,TOWN TEAM,249.00,499.00,50,En stock,N/A,
Justyol,Homme,Men,Pantalon homme coupe confortable – Style casual et polyvalent - TRO25SLKR23586TM1 - Black / 34,TOWN TEAM,329.00,659.00,50,En stock,N/A,
Justyol,Homme,Men,Ensemble T-shirt Homme avec Short - Confort et Style Décontracté - TST25SSPT15026TM1 - Black / L,TOWN TEAM,259.00,859.00,70,En stock,N/A,
Justyol,Homme,Men,T-shirt homme à manches courtes avec imprimé graphique – Style racing urbain - TSH25SBRS20532TM1 - OFF WHIT / S,TOWN TEAM,179.00,439.00,59,En stock,N/A,
Justyol,Homme,Men,Short homme imprimé – Regular fit | Style estival et confort quotidien - SHR24SGAS23167TM1 - Black / 30,TOWN TEAM,119.00,399.00,70,En stock,N/A,
Justyol,Homme,Men,Polo homme off-white à fermeture éclair – Style moderne et élégant - POS25SBPW21052TM1 - Brown / L,TOWN TEAM,149.00,499.00,70,En stock,N/A,
Justyol,Homme,Men,Polo Homme Regular Fit – Couleurs Noir et Beige – POS24SBPU21901TM1 - D-BEIGE / 3XL,TOWN TEAM,129.00,439.00,71,En stock,N/A,
Justyol,Homme,Men,T-shirt homme en maille à blocs de couleurs - TSH25SKRS20374TM1 - WHT/BRN / XL,TOWN TEAM,199.00,499.00,60,En stock,N/A,
Justyol,Homme,Men,Short en jean homme déchiré à coupe moderne – SHR24SDCP30198TM1 - White / 36,TOWN TEAM,129.00,439.00,71,En stock,N/A,
Justyol,Homme,Men,Short de sport pour homme de couleur noire avec taille élastique - SHR24SMBS15001TM1 - Black / 3XL,TOWN TEAM,119.00,399.00,70,En stock,N/A,
Justyol,Homme,Men,Short en jean homme classique à coupe confortable – SHR24SDSP30195TM1 - Black / 38,TOWN TEAM,129.00,439.00,71,En stock,N/A,
Justyol,Homme,Men,Jean homme au design moderne et à la coupe confortable – JNS24GMBW22140TM1 - Black / 38,TOWN TEAM,259.00,529.00,51,En stock,N/A,
Justyol,Homme,Men,Chemise homme ornée au design moderne avec imprimé géométrique – SSH25SARC16166TM1 - WHT/BEG / M,TOWN TEAM,199.00,499.00,60,En stock,N/A,
Justyol,Homme,Men,Veste homme zippée au design classique et élégant – JAC23WFGA28402TM1 - Black / S,TOWN TEAM,299.00,1.199,N/A,En stock,N/A,
Justyol,Homme,Men,Pull homme d’hiver en matière confortable au design élégant – PUL24WPSR27611TM1 - GRY/D-G / 5XL,TOWN TEAM,199.00,799.00,75,En stock,N/A,
Justyol,Homme,Men,Chemise homme à carreaux à manches longues avec poche poitrine - FSH23GCCR19819TM1 - BEG/NVY / 7XL,TOWN TEAM,119.00,599.00,80,En stock,N/A,
Justyol,Homme,Men,Veste homme matelassée avec capuche au design moderne - JAC24WWCP28421TM1 - BLK/WHT / 4XL,TOWN TEAM,499.00,1.999,N/A,En stock,N/A,
Justyol,Homme,Men,T-shirt pour homme noir simple - TSH24SBRO20178TM1 - Stone / 3XL,TOWN TEAM,99.00,359.00,72,En stock,N/A,
Justyol,Homme,Men,Polo pour homme au design moderne - À manches courtes avec impression de logo - POS24SBPR21907TM1 - OFF WHIT / 5XL,TOWN TEAM,129.00,439.00,71,En stock,N/A,
Justyol,Homme,Men,Jean pour homme au design moderne – Coupe slim avec des détails élégants – JNS22GFDN22922TM1 - White / 34,TOWN TEAM,249.00,499.00,50,En stock,N/A,
Justyol,Homme,Men,Pantalon homme coupe confortable – Style casual et polyvalent - TRO25SLKR23586TM1 - Black / 36,TOWN TEAM,329.00,659.00,50,En stock,N/A,
Justyol,Homme,Men,T-shirt homme à manches courtes avec imprimé graphique – Style racing urbain - TSH25SBRS20532TM1 - OFF WHIT / M,TOWN TEAM,179.00,439.00,59,En stock,N/A,
Justyol,Homme,Men,Short homme imprimé – Regular fit | Style estival et confort quotidien - SHR24SGAS23167TM1 - Black / 38,TOWN TEAM,119.00,399.00,70,En stock,N/A,
Justyol,Homme,Men,Polo homme off-white à fermeture éclair – Style moderne et élégant - POS25SBPW21052TM1 - Brown / M,TOWN TEAM,149.00,499.00,70,En stock,N/A,
Justyol,Homme,Men,Polo Homme Regular Fit – Couleurs Noir et Beige – POS24SBPU21901TM1 - Black / 4XL,TOWN TEAM,129.00,439.00,71,En stock,N/A,
Justyol,Homme,Men,T-shirt homme en maille à blocs de couleurs - TSH25SKRS20374TM1 - WHT/BRN / 2XL,TOWN TEAM,199.00,499.00,60,En stock,N/A,
Justyol,Homme,Men,Short en jean homme déchiré à coupe moderne – SHR24SDCP30198TM1 - White / 34,TOWN TEAM,129.00,439.00,71,En stock,N/A,
Justyol,Homme,Men,Short de sport pour homme de couleur noire avec taille élastique - SHR24SMBS15001TM1 - Black / 4XL,TOWN TEAM,119.00,399.00,70,En stock,N/A,
Justyol,Homme,Men,Short en jean homme classique à coupe confortable – SHR24SDSP30195TM1 - Black / 40,TOWN TEAM,129.00,439.00,71,En stock,N/A,
Justyol,Homme,Men,Chemise homme ornée au design moderne avec imprimé géométrique – SSH25SARC16166TM1 - WHT/BEG / XL,TOWN TEAM,199.00,499.00,60,En stock,N/A,
Justyol,Homme,Men,Veste homme zippée au design classique et élégant – JAC23WFGA28402TM1 - Black / L,TOWN TEAM,299.00,1.199,N/A,En stock,N/A,
Justyol,Homme,Men,Pull homme d’hiver en matière confortable au design élégant – PUL24WPSR27611TM1 - GRY/D-G / 6XL,TOWN TEAM,199.00,799.00,75,En stock,N/A,
Justyol,Homme,Men,Chemise homme à carreaux à manches longues avec poche poitrine - FSH23GCCR19819TM1 - BEG/NVY / 6XL,TOWN TEAM,119.00,599.00,80,En stock,N/A,
Justyol,Homme,Men,Veste homme matelassée avec capuche au design moderne - JAC24WWCP28421TM1 - BLK/WHT / 3XL,TOWN TEAM,499.00,1.999,N/A,En stock,N/A,
Justyol,Homme,Men,T-shirt pour homme noir simple - TSH24SBRO20178TM1 - Stone / 5XL,TOWN TEAM,99.00,359.00,72,En stock,N/A,
Justyol,Homme,Men,Polo pour homme au design moderne - À manches courtes avec impression de logo - POS24SBPR21907TM1 - OFF WHIT / 3XL,TOWN TEAM,129.00,439.00,71,En stock,N/A,
Justyol,Homme,Men,Pantalon homme coupe confortable – Style casual et polyvalent - TRO25SLKR23586TM1 - Beige / 34,TOWN TEAM,329.00,659.00,50,En stock,N/A,
Justyol,Homme,Men,T-shirt homme à manches courtes avec imprimé graphique – Style racing urbain - TSH25SBRS20532TM1 - OFF WHIT / L,TOWN TEAM,179.00,439.00,59,En stock,N/A,
Justyol,Homme,Men,Short homme imprimé – Regular fit | Style estival et confort quotidien - SHR24SGAS23167TM1 - Black / 32,TOWN TEAM,119.00,399.00,70,En stock,N/A,
Justyol,Homme,Men,Polo homme off-white à fermeture éclair – Style moderne et élégant - POS25SBPW21052TM1 - OFF WHIT / M,TOWN TEAM,149.00,499.00,70,En stock,N/A,
Justyol,Homme,Men,Polo Homme Regular Fit – Couleurs Noir et Beige – POS24SBPU21901TM1 - D-BEIGE / 5XL,TOWN TEAM,129.00,439.00,71,En stock,N/A,
Justyol,Homme,Men,T-shirt homme en maille à blocs de couleurs - TSH25SKRS20374TM1 - WHT/BRN / 3XL,TOWN TEAM,199.00,499.00,60,En stock,N/A,
Justyol,Homme,Men,Short en jean homme déchiré à coupe moderne – SHR24SDCP30198TM1 - White / 32,TOWN TEAM,129.00,439.00,71,En stock,N/A,
Justyol,Homme,Men,Short de sport pour homme de couleur noire avec taille élastique - SHR24SMBS15001TM1 - Black / M,TOWN TEAM,119.00,399.00,70,En stock,N/A,
Justyol,Homme,Men,Short en jean homme classique à coupe confortable – SHR24SDSP30195TM1 - Black / 30,TOWN TEAM,129.00,439.00,71,En stock,N/A,
Justyol,Homme,Men,Chemise homme ornée au design moderne avec imprimé géométrique – SSH25SARC16166TM1 - WHT/BEG / L,TOWN TEAM,199.00,499.00,60,En stock,N/A,
Justyol,Homme,Men,Veste homme zippée au design classique et élégant – JAC23WFGA28402TM1 - Black / 4XL,TOWN TEAM,299.00,1.199,N/A,En stock,N/A,
Justyol,Homme,Men,Pull homme d’hiver en matière confortable au design élégant – PUL24WPSR27611TM1 - GRY/D-G / 4XL,TOWN TEAM,199.00,799.00,75,En stock,N/A,
Justyol,Homme,Men,Chemise homme à carreaux à manches longues avec poche poitrine - FSH23GCCR19819TM1 - BEG/NVY / 4XL,TOWN TEAM,119.00,599.00,80,En stock,N/A,
Justyol,Homme,Men,Veste homme matelassée avec capuche au design moderne - JAC24WWCP28421TM1 - BLK/BEG / 2XL,TOWN TEAM,499.00,1.999,N/A,En stock,N/A,
Justyol,Homme,Men,T-shirt pour homme noir simple - TSH24SBRO20178TM1 - OFF WHIT / 6XL,TOWN TEAM,99.00,359.00,72,En stock,N/A,
Justyol,Homme,Men,Polo pour homme au design moderne - À manches courtes avec impression de logo - POS24SBPR21907TM1 - OFF WHIT / 4XL,TOWN TEAM,129.00,439.00,71,En stock,N/A,
Justyol,Homme,Men,T-shirt homme à manches courtes avec imprimé graphique – Style racing urbain - TSH25SBRS20532TM1 - OFF WHIT / XL,TOWN TEAM,179.00,439.00,59,En stock,N/A,
Justyol,Homme,Men,Short homme imprimé – Regular fit | Style estival et confort quotidien - SHR24SGAS23167TM1 - Black / 33,TOWN TEAM,119.00,399.00,70,En stock,N/A,
Justyol,Homme,Men,Polo homme off-white à fermeture éclair – Style moderne et élégant - POS25SBPW21052TM1 - Brown / XL,TOWN TEAM,149.00,499.00,70,En stock,N/A,
Justyol,Homme,Men,Polo Homme Regular Fit – Couleurs Noir et Beige – POS24SBPU21901TM1 - D-BEIGE / S,TOWN TEAM,129.00,439.00,71,En stock,N/A,
Justyol,Homme,Men,Short en jean homme déchiré à coupe moderne – SHR24SDCP30198TM1 - White / 33,TOWN TEAM,129.00,439.00,71,En stock,N/A,
Justyol,Homme,Men,Short de sport pour homme de couleur noire avec taille élastique - SHR24SMBS15001TM1 - Black / L,TOWN TEAM,119.00,399.00,70,En stock,N/A,
Justyol,Homme,Men,Short en jean homme classique à coupe confortable – SHR24SDSP30195TM1 - Black / 33,TOWN TEAM,129.00,439.00,71,En stock,N/A,
Justyol,Homme,Men,Chemise homme ornée au design moderne avec imprimé géométrique – SSH25SARC16166TM1 - WHT/BEG / S,TOWN TEAM,199.00,499.00,60,En stock,N/A,
Justyol,Homme,Men,Veste homme zippée au design classique et élégant – JAC23WFGA28402TM1 - Black / 3XL,TOWN TEAM,299.00,1.199,N/A,En stock,N/A,
Justyol,Homme,Men,Pull homme d’hiver en matière confortable au design élégant – PUL24WPSR27611TM1 - GRY/D-G / 2XL,TOWN TEAM,199.00,799.00,75,En stock,N/A,
Justyol,Homme,Men,Veste homme matelassée avec capuche au design moderne - JAC24WWCP28421TM1 - BLK/BEG / 4XL,TOWN TEAM,499.00,1.999,N/A,En stock,N/A,
Justyol,Homme,Men,Polo pour homme au design moderne - À manches courtes avec impression de logo - POS24SBPR21907TM1 - OFF WHIT / 6XL,TOWN TEAM,129.00,439.00,71,En stock,N/A,
Justyol,Homme,Men,Short homme imprimé – Regular fit | Style estival et confort quotidien - SHR24SGAS23167TM1 - Black / 31,TOWN TEAM,119.00,399.00,70,En stock,N/A,
Justyol,Homme,Men,Polo homme off-white à fermeture éclair – Style moderne et élégant - POS25SBPW21052TM1 - OFF WHIT / 7XL,TOWN TEAM,149.00,499.00,70,En stock,N/A,
Justyol,Homme,Men,Polo Homme Regular Fit – Couleurs Noir et Beige – POS24SBPU21901TM1 - D-BEIGE / 6XL,TOWN TEAM,129.00,439.00,71,En stock,N/A,
Justyol,Homme,Men,Short en jean homme déchiré à coupe moderne – SHR24SDCP30198TM1 - White / 31,TOWN TEAM,129.00,439.00,71,En stock,N/A,
Justyol,Homme,Men,Short de sport pour homme de couleur noire avec taille élastique - SHR24SMBS15001TM1 - Black / XL,TOWN TEAM,119.00,399.00,70,En stock,N/A,
Justyol,Homme,Men,Short en jean homme classique à coupe confortable – SHR24SDSP30195TM1 - Black / 31,TOWN TEAM,129.00,439.00,71,En stock,N/A,
Justyol,Homme,Men,Veste homme matelassée avec capuche au design moderne - JAC24WWCP28421TM1 - BLK/BEG / 3XL,TOWN TEAM,499.00,1.999,N/A,En stock,N/A,
Justyol,Homme,Men,Polo pour homme au design moderne - À manches courtes avec impression de logo - POS24SBPR21907TM1 - OFF WHIT / 7XL,TOWN TEAM,129.00,439.00,71,En stock,N/A,
Justyol,Homme,Men,Short homme imprimé – Regular fit | Style estival et confort quotidien - SHR24SGAS23167TM1 - Black / 34,TOWN TEAM,119.00,399.00,70,En stock,N/A,
Justyol,Homme,Men,Polo homme off-white à fermeture éclair – Style moderne et élégant - POS25SBPW21052TM1 - Brown / 5XL,TOWN TEAM,149.00,499.00,70,En stock,N/A,
Justyol,Homme,Men,Polo Homme Regular Fit – Couleurs Noir et Beige – POS24SBPU21901TM1 - D-BEIGE / 7XL,TOWN TEAM,129.00,439.00,71,En stock,N/A,
Justyol,Homme,Men,Short en jean homme déchiré à coupe moderne – SHR24SDCP30198TM1 - White / 40,TOWN TEAM,129.00,439.00,71,En stock,N/A,
Justyol,Homme,Men,Short de sport pour homme de couleur noire avec taille élastique - SHR24SMBS15001TM1 - Black / 2XL,TOWN TEAM,119.00,399.00,70,En stock,N/A,
Justyol,Homme,Men,Short en jean homme classique à coupe confortable – SHR24SDSP30195TM1 - Black / 36,TOWN TEAM,129.00,439.00,71,En stock,N/A,
Justyol,Homme,Men,Short homme imprimé – Regular fit | Style estival et confort quotidien - SHR24SGAS23167TM1 - Black / 36,TOWN TEAM,119.00,399.00,70,En stock,N/A,
Justyol,Homme,Men,Polo Homme Regular Fit – Couleurs Noir et Beige – POS24SBPU21901TM1 - D-BEIGE / 4XL,TOWN TEAM,129.00,439.00,71,En stock,N/A,
Justyol,Homme,Men,Short en jean homme déchiré à coupe moderne – SHR24SDCP30198TM1 - Ice Blue / 38,TOWN TEAM,129.00,439.00,71,En stock,N/A,
Justyol,Homme,Men,Short en jean homme classique à coupe confortable – SHR24SDSP30195TM1 - Black / 34,TOWN TEAM,129.00,439.00,71,En stock,N/A,
Justyol,Homme,Men,Short homme imprimé – Regular fit | Style estival et confort quotidien - SHR24SGAS23167TM1 - Black / 40,TOWN TEAM,119.00,399.00,70,En stock,N/A,
Justyol,Homme,Men,Polo Homme Regular Fit – Couleurs Noir et Beige – POS24SBPU21901TM1 - Black / 7XL,TOWN TEAM,129.00,439.00,71,En stock,N/A,
Justyol,Homme,Men,Short en jean homme déchiré à coupe moderne – SHR24SDCP30198TM1 - Ice Blue / 36,TOWN TEAM,129.00,439.00,71,En stock,N/A,
Justyol,Homme,Men,Short en jean homme classique à coupe confortable – SHR24SDSP30195TM1 - Blue / 31,TOWN TEAM,129.00,439.00,71,En stock,N/A,
Justyol,Homme,Men,Short homme imprimé – Regular fit | Style estival et confort quotidien - SHR24SGAS23167TM1 - Olive / 33,TOWN TEAM,119.00,399.00,70,En stock,N/A,
Justyol,Homme,Men,Polo Homme Regular Fit – Couleurs Noir et Beige – POS24SBPU21901TM1 - Black / 6XL,TOWN TEAM,129.00,439.00,71,En stock,N/A,
Justyol,Homme,Men,Short en jean homme déchiré à coupe moderne – SHR24SDCP30198TM1 - Ice Blue / 34,TOWN TEAM,129.00,439.00,71,En stock,N/A,
Justyol,Homme,Men,Short en jean homme classique à coupe confortable – SHR24SDSP30195TM1 - Blue / 34,TOWN TEAM,129.00,439.00,71,En stock,N/A,
Justyol,Homme,Men,Short homme imprimé – Regular fit | Style estival et confort quotidien - SHR24SGAS23167TM1 - Olive / 32,TOWN TEAM,119.00,399.00,70,En stock,N/A,
Justyol,Homme,Men,Polo Homme Regular Fit – Couleurs Noir et Beige – POS24SBPU21901TM1 - Black / L,TOWN TEAM,129.00,439.00,71,En stock,N/A,
Justyol,Homme,Men,Short en jean homme déchiré à coupe moderne – SHR24SDCP30198TM1 - Ice Blue / 40,TOWN TEAM,129.00,439.00,71,En stock,N/A,
Justyol,Homme,Men,Short en jean homme classique à coupe confortable – SHR24SDSP30195TM1 - Blue / 38,TOWN TEAM,129.00,439.00,71,En stock,N/A,
Justyol,Homme,Men,Short homme imprimé – Regular fit | Style estival et confort quotidien - SHR24SGAS23167TM1 - Olive / 34,TOWN TEAM,119.00,399.00,70,En stock,N/A,
Justyol,Homme,Men,Polo Homme Regular Fit – Couleurs Noir et Beige – POS24SBPU21901TM1 - Black / 5XL,TOWN TEAM,129.00,439.00,71,En stock,N/A,
Justyol,Homme,Men,Short en jean homme déchiré à coupe moderne – SHR24SDCP30198TM1 - Ice Blue / 33,TOWN TEAM,129.00,439.00,71,En stock,N/A,
Justyol,Homme,Men,Short en jean homme classique à coupe confortable – SHR24SDSP30195TM1 - Blue / 36,TOWN TEAM,129.00,439.00,71,En stock,N/A,
Justyol,Homme,Men,Short homme imprimé – Regular fit | Style estival et confort quotidien - SHR24SGAS23167TM1 - Olive / 38,TOWN TEAM,119.00,399.00,70,En stock,N/A,
Justyol,Homme,Men,Polo Homme Regular Fit – Couleurs Noir et Beige – POS24SBPU21901TM1 - Black / 3XL,TOWN TEAM,129.00,439.00,71,En stock,N/A,
Justyol,Homme,Men,Short en jean homme classique à coupe confortable – SHR24SDSP30195TM1 - Black / 32,TOWN TEAM,129.00,439.00,71,En stock,N/A,
Justyol,Homme,Men,Short homme imprimé – Regular fit | Style estival et confort quotidien - SHR24SGAS23167TM1 - Olive / 40,TOWN TEAM,119.00,399.00,70,En stock,N/A,
Justyol,Homme,Men,Polo Homme Regular Fit – Couleurs Noir et Beige – POS24SBPU21901TM1 - Black / 2XL,TOWN TEAM,129.00,439.00,71,En stock,N/A,
Justyol,Homme,Men,Short en jean homme classique à coupe confortable – SHR24SDSP30195TM1 - Blue / 30,TOWN TEAM,129.00,439.00,71,En stock,N/A,
Justyol,Homme,Men,Short homme imprimé – Regular fit | Style estival et confort quotidien - SHR24SGAS23167TM1 - Olive / 36,TOWN TEAM,119.00,399.00,70,En stock,N/A,
Justyol,Homme,Men,Polo Homme Regular Fit – Couleurs Noir et Beige – POS24SBPU21901TM1 - D-BEIGE / L,TOWN TEAM,129.00,439.00,71,En stock,N/A,
Justyol,Homme,Men,Short homme imprimé – Regular fit | Style estival et confort quotidien - SHR24SGAS23167TM1 - Olive / 30,TOWN TEAM,119.00,399.00,70,En stock,N/A,
Justyol,Homme,Men,Polo Homme Regular Fit – Couleurs Noir et Beige – POS24SBPU21901TM1 - Black / S,TOWN TEAM,129.00,439.00,71,En stock,N/A,
Justyol,Homme,Men,Polo Homme Regular Fit – Couleurs Noir et Beige – POS24SBPU21901TM1 - D-BEIGE / XL,TOWN TEAM,129.00,439.00,71,En stock,N/A,
Justyol,Homme,Men,"Sweatshirt pour homme décoré avec impression ""VIP"" – Design moderne et élégant - SWS23WMIL26738TM1 - Navy / 5XL",TOWN TEAM,189.00,759.00,75,En stock,N/A,
Justyol,Homme,Men,"Pantalon en jean pour homme au design moderne, confortable et au style décontracté - JNS24GMBW22132TM1 - Dirty / 36",TOWN TEAM,279.00,559.00,50,En stock,N/A,
Justyol,Homme,Men,Sweat-Shirt Homme Moderne avec Imprimé Unique – Confort et Style Quotidien - SWS24WRNL26053TM1 - Black / XL,TOWN TEAM,219.00,559.00,61,En stock,N/A,
Justyol,Homme,Men,Veste Homme Matelassée Moderne – Confort et Élégance avec Fermeture Éclair et Poches Zippées - JAC24WWBP28452TM1 - Brick / 2XL,TOWN TEAM,559.00,1.399,N/A,En stock,N/A,
Justyol,Homme,Men,Pull Homme Tricoté – Confort et Élégance pour les Jours Froids - PUL24WPCR27652TM1 - OFF WHIT / 2XL,TOWN TEAM,259.00,659.00,61,En stock,N/A,
Justyol,Homme,Men,Short Homme Moderne avec Imprimé - Confortable et Pratique pour un Look Décontracté - SHR24SMAS29152TM1 - Grey / L,TOWN TEAM,139.00,479.00,71,En stock,N/A,
Justyol,Homme,Men,Jeans Homme Coupe Droite – Confort et Style Moderne pour Toutes les Occasions - JNS22SFDN22718TS1 - Black / 46,TOWN TEAM,279.00,559.00,50,En stock,N/A,
Justyol,Homme,Men,Shorts de Bain Homme – Confort et Style Moderne pour la Plage et la Piscine - SWO24SSAE11420TM1 - Orange / 4XL,TOWN TEAM,159.00,399.00,60,En stock,N/A,
Justyol,Homme,Men,Chemise Homme Classique – Élégance et Confort pour le Quotidien et les Occasions Officielles - SHI25AEPR19860TM1 - Brick / S,TOWN TEAM,259.00,659.00,61,En stock,N/A,
Justyol,Homme,Men,Polo Homme en Couleur Kaki avec Imprimé Distinctif – Style Élégant - POS24SAPR21778TM1 - Khaki / S,TOWN TEAM,189.00,479.00,61,En stock,N/A,
Justyol,Homme,Men,Veste homme matelassée avec capuche en fausse fourrure et design moderne - JAC24WWBP28417TM1 - D-GREY / 4XL,TOWN TEAM,519.00,1.299,N/A,En stock,N/A,
Justyol,Homme,Men,"Ensemble homme en coton doux avec t-shirt imprimé et short, coupe standard - beyaz/siyah / m",JMEN,100.80,231.00,56,En stock,N/A,
Justyol,Homme,Men,büyük beden pamuklu cepli kisa kollu şortlu erkek pijama takimi - siyah / 3xl,JMEN,123.20,246.40,50,En stock,N/A,
Justyol,Homme,Men,Chemise homme en coton lin froissé manches longues - Beige / L,JMEN,163.00,326.00,50,En stock,N/A,
Justyol,Homme,Men,Chemise homme slim fit en lin indigo col mao en coffret - BLUE / XXL,JMEN,117.00,279.64,58,En stock,N/A,
Justyol,Homme,Men,T-shirt homme oversize imprimé en coton épais 100 % au toucher doux - 88356 - noir / l,JMEN,104.00,254.80,59,En stock,N/A,
Justyol,Homme,Men,Polo homme col polo avec broderie et imprimé coupe standard - 88239 - indigo / xl,JMEN,110.00,265.60,59,En stock,N/A,
Justyol,Homme,Men,RC DEO SOIN DERMATO HOMME 48H SS. SEL ALUM ROLL ON 50ML 5269/6730,BDM PHARMA,109.00,N/A,N/A,En stock,N/A,https://justyol.com/products/rc-deo-soin-dermato-homme-48h-ss-sel-alum-roll-on-50ml-5269-6730
Justyol,Homme,Men,You Intensly,PARFUMORA,50.00,N/A,N/A,En stock,N/A,https://justyol.com/products/you-intensly
Justyol,Homme,Men,Scandal Homme,PARFUMORA,50.00,N/A,N/A,En stock,N/A,https://justyol.com/products/scandal-homme
Justyol,Homme,Men,ACQUA DI GIO PROFONDO PARFUM,PARFUMORA,50.00,N/A,N/A,En stock,N/A,https://justyol.com/products/acqua-di-gio-profondo-parfum
Justyol,Homme,Men,L'homme,PARFUMORA,50.00,N/A,N/A,En stock,N/A,https://justyol.com/products/lhomme
Justyol,Homme,Men,The Most Wanted,PARFUMORA,50.00,N/A,N/A,En stock,N/A,https://justyol.com/products/the-most-wanted
Justyol,Homme,Men,"Pure XS,",PARFUMORA,50.00,N/A,N/A,En stock,N/A,https://justyol.com/products/pure-xs
Justyol,Homme,Men,Fuel For Life,PARFUMORA,50.00,N/A,N/A,En stock,N/A,https://justyol.com/products/fuel-for-life
Justyol,Homme,Men,Hugo Boss,PARFUMORA,50.00,N/A,N/A,En stock,N/A,https://justyol.com/products/hugo-boss
Justyol,Homme,Men,Sexy 212 homme,PARFUMORA,50.00,N/A,N/A,En stock,N/A,https://justyol.com/products/sexy-212-homme
Justyol,Homme,Men,T-shirt homme manches courtes avec poche imprimée – Style urbain moderne - TSH25SPRO20356TM1 - Havan / 2XL,TOWN TEAM,189.00,479.00,61,En stock,N/A,
Justyol,Homme,Men,T-shirt Homme avec Impression Graphique – Style Décontracté et Moderne - TSH25SPRO20444TM1 - Café / L,TOWN TEAM,199.00,499.00,60,En stock,N/A,
Justyol,Homme,Men,Polo homme manches courtes à col zippé – Élégance moderne et confort raffiné - POS25SKTW21947TM1 - BEG/BLK / L,TOWN TEAM,219.00,559.00,61,En stock,N/A,
Justyol,Homme,Men,Polo homme imprimé manches courtes – Style casual chic - POS25SAPR21000TM1 - Army / S,TOWN TEAM,199.00,499.00,60,En stock,N/A,
Justyol,Homme,Men,Short homme cargo imprimé – Comfort Fit - SHR24SMPS29162TM1 - Black / S,TOWN TEAM,139.00,479.00,71,En stock,N/A,
Justyol,Homme,Men,T-shirt Graphique Vert pour Homme - Look Moderne et Confortable - TSH25SPR20348TM1 - Green / S,TOWN TEAM,199.00,499.00,60,En stock,N/A,
Justyol,Homme,Men,"Sweatshirt pour homme décoré avec impression ""VIP"" – Design moderne et élégant - SWS23WMIL26738TM1 - Navy / 6XL",TOWN TEAM,189.00,759.00,75,En stock,N/A,
Justyol,Homme,Men,Pull Homme Tricoté – Confort et Élégance pour les Jours Froids - PUL24WPCR27652TM1 - OFF WHIT / XL,TOWN TEAM,259.00,659.00,61,En stock,N/A,
Justyol,Homme,Men,Short Homme Moderne avec Imprimé - Confortable et Pratique pour un Look Décontracté - SHR24SMAS29152TM1 - Grey / 2XL,TOWN TEAM,139.00,479.00,71,En stock,N/A,
Justyol,Homme,Men,Jeans Homme Coupe Droite – Confort et Style Moderne pour Toutes les Occasions - JNS22SFDN22718TS1 - Black / 42,TOWN TEAM,279.00,559.00,50,En stock,N/A,
Justyol,Homme,Men,Shorts de Bain Homme – Confort et Style Moderne pour la Plage et la Piscine - SWO24SSAE11420TM1 - Orange / S,TOWN TEAM,159.00,399.00,60,En stock,N/A,
Justyol,Homme,Men,Chemise Homme Classique – Élégance et Confort pour le Quotidien et les Occasions Officielles - SHI25AEPR19860TM1 - Brick / M,TOWN TEAM,259.00,659.00,61,En stock,N/A,
Justyol,Homme,Men,Polo Homme en Couleur Kaki avec Imprimé Distinctif – Style Élégant - POS24SAPR21778TM1 - Khaki / M,TOWN TEAM,189.00,479.00,61,En stock,N/A,
Justyol,Homme,Men,Veste homme matelassée avec capuche en fausse fourrure et design moderne - JAC24WWBP28417TM1 - Black / 4XL,TOWN TEAM,519.00,1.299,N/A,En stock,N/A,
Justyol,Homme,Men,Chemise homme en coton lin froissé manches longues - vert / M,JMEN,163.00,326.00,50,En stock,N/A,
Justyol,Homme,Men,T-shirt homme manches courtes avec poche imprimée – Style urbain moderne - TSH25SPRO20356TM1 - Havan / S,TOWN TEAM,189.00,479.00,61,En stock,N/A,
Justyol,Homme,Men,T-shirt Homme avec Impression Graphique – Style Décontracté et Moderne - TSH25SPRO20444TM1 - Café / S,TOWN TEAM,199.00,499.00,60,En stock,N/A,
Justyol,Homme,Men,Polo homme manches courtes à col zippé – Élégance moderne et confort raffiné - POS25SKTW21947TM1 - OFF/GRY / L,TOWN TEAM,219.00,559.00,61,En stock,N/A,
Justyol,Homme,Men,Polo homme imprimé manches courtes – Style casual chic - POS25SAPR21000TM1 - Beige / 7XL,TOWN TEAM,199.00,499.00,60,En stock,N/A,
Justyol,Homme,Men,Short homme cargo imprimé – Comfort Fit - SHR24SMPS29162TM1 - Black / 4XL,TOWN TEAM,139.00,479.00,71,En stock,N/A,
Justyol,Homme,Men,T-shirt Graphique Vert pour Homme - Look Moderne et Confortable - TSH25SPR20348TM1 - Green / XL,TOWN TEAM,199.00,499.00,60,En stock,N/A,
Justyol,Homme,Men,Pull Homme Tricoté – Confort et Élégance pour les Jours Froids - PUL24WPCR27652TM1 - OFF WHIT / 3XL,TOWN TEAM,259.00,659.00,61,En stock,N/A,
Justyol,Homme,Men,Short Homme Moderne avec Imprimé - Confortable et Pratique pour un Look Décontracté - SHR24SMAS29152TM1 - Grey / 3XL,TOWN TEAM,139.00,479.00,71,En stock,N/A,
Justyol,Homme,Men,Shorts de Bain Homme – Confort et Style Moderne pour la Plage et la Piscine - SWO24SSAE11420TM1 - Orange / 2XL,TOWN TEAM,159.00,399.00,60,En stock,N/A,
Justyol,Homme,Men,Chemise Homme Classique – Élégance et Confort pour le Quotidien et les Occasions Officielles - SHI25AEPR19860TM1 - Brick / XL,TOWN TEAM,259.00,659.00,61,En stock,N/A,
Justyol,Homme,Men,Veste homme matelassée avec capuche en fausse fourrure et design moderne - JAC24WWBP28417TM1 - D-GREY / 2XL,TOWN TEAM,519.00,1.299,N/A,En stock,N/A,
Justyol,Homme,Men,Chemise homme en coton lin froissé manches longues - bleu pétrole / S,JMEN,163.00,326.00,50,En stock,N/A,
Justyol,Homme,Men,T-shirt homme manches courtes avec poche imprimée – Style urbain moderne - TSH25SPRO20356TM1 - Havan / L,TOWN TEAM,189.00,479.00,61,En stock,N/A,
Justyol,Homme,Men,T-shirt Homme avec Impression Graphique – Style Décontracté et Moderne - TSH25SPRO20444TM1 - Café / XL,TOWN TEAM,199.00,499.00,60,En stock,N/A,
Justyol,Homme,Men,Polo homme manches courtes à col zippé – Élégance moderne et confort raffiné - POS25SKTW21947TM1 - BEG/BLK / XL,TOWN TEAM,219.00,559.00,61,En stock,N/A,
Justyol,Homme,Men,Polo homme imprimé manches courtes – Style casual chic - POS25SAPR21000TM1 - Beige / S,TOWN TEAM,199.00,499.00,60,En stock,N/A,
Justyol,Homme,Men,Short homme cargo imprimé – Comfort Fit - SHR24SMPS29162TM1 - Black / 3XL,TOWN TEAM,139.00,479.00,71,En stock,N/A,
Justyol,Homme,Men,T-shirt Graphique Vert pour Homme - Look Moderne et Confortable - TSH25SPR20348TM1 - Green / 2XL,TOWN TEAM,199.00,499.00,60,En stock,N/A,
Justyol,Homme,Men,Pull Homme Tricoté – Confort et Élégance pour les Jours Froids - PUL24WPCR27652TM1 - OFF WHIT / L,TOWN TEAM,259.00,659.00,61,En stock,N/A,
Justyol,Homme,Men,Short Homme Moderne avec Imprimé - Confortable et Pratique pour un Look Décontracté - SHR24SMAS29152TM1 - Grey / XL,TOWN TEAM,139.00,479.00,71,En stock,N/A,
Justyol,Homme,Men,Shorts de Bain Homme – Confort et Style Moderne pour la Plage et la Piscine - SWO24SSAE11420TM1 - Orange / 3XL,TOWN TEAM,159.00,399.00,60,En stock,N/A,
Justyol,Homme,Men,Chemise Homme Classique – Élégance et Confort pour le Quotidien et les Occasions Officielles - SHI25AEPR19860TM1 - D-BEIGE / S,TOWN TEAM,259.00,659.00,61,En stock,N/A,
Justyol,Homme,Men,Veste homme matelassée avec capuche en fausse fourrure et design moderne - JAC24WWBP28417TM1 - Black / 2XL,TOWN TEAM,519.00,1.299,N/A,En stock,N/A,
Justyol,Homme,Men,Chemise homme en coton lin froissé manches longues - bleu pétrole / L,JMEN,163.00,326.00,50,En stock,N/A,
Justyol,Homme,Men,T-shirt homme manches courtes avec poche imprimée – Style urbain moderne - TSH25SPRO20356TM1 - Havan / XL,TOWN TEAM,189.00,479.00,61,En stock,N/A,
Justyol,Homme,Men,Polo homme manches courtes à col zippé – Élégance moderne et confort raffiné - POS25SKTW21947TM1 - BEG/BLK / S,TOWN TEAM,219.00,559.00,61,En stock,N/A,
Justyol,Homme,Men,Polo homme imprimé manches courtes – Style casual chic - POS25SAPR21000TM1 - Army / M,TOWN TEAM,199.00,499.00,60,En stock,N/A,
Justyol,Homme,Men,Short homme cargo imprimé – Comfort Fit - SHR24SMPS29162TM1 - Black / M,TOWN TEAM,139.00,479.00,71,En stock,N/A,
Justyol,Homme,Men,Short Homme Moderne avec Imprimé - Confortable et Pratique pour un Look Décontracté - SHR24SMAS29152TM1 - Grey / M,TOWN TEAM,139.00,479.00,71,En stock,N/A,
Justyol,Homme,Men,Chemise Homme Classique – Élégance et Confort pour le Quotidien et les Occasions Officielles - SHI25AEPR19860TM1 - D-BEIGE / M,TOWN TEAM,259.00,659.00,61,En stock,N/A,
Justyol,Homme,Men,Veste homme matelassée avec capuche en fausse fourrure et design moderne - JAC24WWBP28417TM1 - Black / 3XL,TOWN TEAM,519.00,1.299,N/A,En stock,N/A,
Justyol,Homme,Men,T-shirt homme manches courtes avec poche imprimée – Style urbain moderne - TSH25SPRO20356TM1 - Havan / M,TOWN TEAM,189.00,479.00,61,En stock,N/A,
Justyol,Homme,Men,Polo homme manches courtes à col zippé – Élégance moderne et confort raffiné - POS25SKTW21947TM1 - BEG/BLK / 4XL,TOWN TEAM,219.00,559.00,61,En stock,N/A,
Justyol,Homme,Men,Polo homme imprimé manches courtes – Style casual chic - POS25SAPR21000TM1 - Beige / 5XL,TOWN TEAM,199.00,499.00,60,En stock,N/A,
Justyol,Homme,Men,Short homme cargo imprimé – Comfort Fit - SHR24SMPS29162TM1 - Black / L,TOWN TEAM,139.00,479.00,71,En stock,N/A,
Justyol,Homme,Men,Short Homme Moderne avec Imprimé - Confortable et Pratique pour un Look Décontracté - SHR24SMAS29152TM1 - Grey / 4XL,TOWN TEAM,139.00,479.00,71,En stock,N/A,
Justyol,Homme,Men,Polo homme manches courtes à col zippé – Élégance moderne et confort raffiné - POS25SKTW21947TM1 - BEG/BLK / M,TOWN TEAM,219.00,559.00,61,En stock,N/A,
Justyol,Homme,Men,Polo homme imprimé manches courtes – Style casual chic - POS25SAPR21000TM1 - Army / 5XL,TOWN TEAM,199.00,499.00,60,En stock,N/A,
Justyol,Homme,Men,Short homme cargo imprimé – Comfort Fit - SHR24SMPS29162TM1 - Black / 2XL,TOWN TEAM,139.00,479.00,71,En stock,N/A,
Justyol,Homme,Men,Short Homme Moderne avec Imprimé - Confortable et Pratique pour un Look Décontracté - SHR24SMAS29152TM1 - Grey / S,TOWN TEAM,139.00,479.00,71,En stock,N/A,
Justyol,Homme,Men,Polo homme manches courtes à col zippé – Élégance moderne et confort raffiné - POS25SKTW21947TM1 - BEG/BLK / 2XL,TOWN TEAM,219.00,559.00,61,En stock,N/A,
Justyol,Homme,Men,Polo homme imprimé manches courtes – Style casual chic - POS25SAPR21000TM1 - Beige / 6XL,TOWN TEAM,199.00,499.00,60,En stock,N/A,
Justyol,Homme,Men,Short homme cargo imprimé – Comfort Fit - SHR24SMPS29162TM1 - Black / XL,TOWN TEAM,139.00,479.00,71,En stock,N/A,
Justyol,Homme,Men,Polo homme imprimé manches courtes – Style casual chic - POS25SAPR21000TM1 - Army / L,TOWN TEAM,199.00,499.00,60,En stock,N/A,
Justyol,Homme,Men,T-shirt Homme – Design Texturé en Noir – TSH24SBRO20085TM1 - Black / L,TOWN TEAM,119.00,399.00,70,En stock,N/A,
Justyol,Homme,Men,Chemise Homme Slim Fit – Rayures Noires et Blanches – SHI25SSLR19465TM1 - BLK/WHT / M,TOWN TEAM,149.00,499.00,70,En stock,N/A,
Justyol,Homme,Men,Polo Homme Regular Fit – Gris – POS24SNTR21833TM1 - Grey / 7XL,TOWN TEAM,179.00,439.00,59,En stock,N/A,
Justyol,Homme,Men,T-shirt Noir Graphique pour Homme - Confort et Style Épuré - TSH25SBRS20529TM1 - Black / S,TOWN TEAM,189.00,479.00,61,En stock,N/A,
Justyol,Homme,Men,Basket de sport à la mode – Confort et performance - SHO24WCML25433TM1 - White / 44,TOWN TEAM,379.00,959.00,60,En stock,N/A,
Justyol,Homme,Men,Polo Homme Slim Fit Camel – Style Élégant et Confortable - POS24SBTV21801TM1 - Camel / S,TOWN TEAM,189.00,479.00,61,En stock,N/A,
Justyol,Homme,Men,Veste à Capuche Homme Zippée - Style Décontracté et Confortable - SWS25WZPS26293TM1 - Olive / S,TOWN TEAM,229.00,759.00,70,En stock,N/A,
Justyol,Homme,Men,Chemise pour homme à manches courtes ornée de palmiers - SSH25SASC16133TM1 - NVY/WHT / M,TOWN TEAM,199.00,499.00,60,En stock,N/A,
Justyol,Homme,Men,Chemise pour homme à manches courtes noire avec impression de palmier blanche - SSH25SAER16141TM1 - BLK/WHT / M,TOWN TEAM,149.00,499.00,70,En stock,N/A,
Justyol,Homme,Men,"Chemise polo pour homme d'été au design moderne, avec impression de palmier - POS24SPPR21900TM1 - White / XL",TOWN TEAM,179.00,439.00,59,En stock,N/A,
Justyol,Homme,Men,Sweat-shirt homme à motifs décoratifs design moderne - PUL23WCOT27409TM1 - DarkOrange / 3XL,TOWN TEAM,219.00,559.00,61,En stock,N/A,
Justyol,Homme,Men,Veste homme à capuche au design moderne avec poches latérales – SWS24WZPS26033TM1 - Olive / 6XL,TOWN TEAM,359.00,899.00,60,En stock,N/A,
Justyol,Homme,Men,Polo homme au design moderne avec logo distinctif – POS25SPPR21913TM1 - OFF WHIT / S,TOWN TEAM,189.00,479.00,61,En stock,N/A,
Justyol,Homme,Men,Chemise homme à carreaux manches longues coupe confortable - SHI24SCIR17407TM1 - Beige / 2XL,TOWN TEAM,179.00,599.00,70,En stock,N/A,
Justyol,Homme,Men,Chemise homme manches longues à motifs circulaires modernes - SHI24SACR17414TM1 - Navy / 7XL,TOWN TEAM,179.00,599.00,70,En stock,N/A,
Justyol,Homme,Men,Veste légère homme zippée – Gris foncé au design moderne et confortable – SWS23WCOT26826TM1 - Charcoal / 6XL,TOWN TEAM,189.00,759.00,75,En stock,N/A,
Justyol,Homme,Men,Sweat-shirt homme matelassé avec fermeture zippée et capuche – SWS23WCOT26800TM1 - Black / 6XL,TOWN TEAM,219.00,899.00,76,En stock,N/A,
Justyol,Homme,Men,Veste homme en cuir avec fermeture zippée au design moderne - JAC24WLET28387TS1 - Brown / 5XL,TOWN TEAM,379.00,1.899,N/A,En stock,N/A,
Justyol,Homme,Men,Doudoune homme avec capuche – Chaud et élégant pour l'hiver - JAC24WFWP28376TM1 - Grey / 4XL,TOWN TEAM,369.00,1.499,N/A,En stock,N/A,
Justyol,Homme,Men,Chemise à carreaux automne homme – Style décontracté et élégant - FSH23GCCR19777TM1 - chrl/brwn / 3XL,TOWN TEAM,139.00,559.00,75,En stock,N/A,
Justyol,Homme,Men,Chemise homme à manches longues avec poche poitrine - FSH23APCR19813TM1 - Brick / 5XL,TOWN TEAM,119.00,499.00,76,En stock,N/A,
Justyol,Homme,Men,Jean homme au design moderne - JNS22SFDN22728TM1 - Blue / 34,TOWN TEAM,249.00,499.00,50,En stock,N/A,
Justyol,Homme,Men,Jean homme bleu foncé à coupe confortable au design moderne - JNS22SFDN22724TS1 - Blue/Black / 42,TOWN TEAM,299.00,599.00,50,En stock,N/A,
Justyol,Homme,Men,"Chemise homme classique unie à texture côtelée, agrémentée de poches frontales – OSH23AEUR19778TM1 - L-Olive / 5XL",TOWN TEAM,259.00,859.00,70,En stock,N/A,
Justyol,Homme,Men,Sweat-shirt homme avec détails artistiques et couleurs modernes – SWS24WRNL26122TM1 - Stone / XL,TOWN TEAM,169.00,699.00,76,En stock,N/A,
Justyol,Homme,Men,Sweat-shirt homme au design moderne – SWS24WRNL26121TM1 - L-BROWN / XL,TOWN TEAM,199.00,799.00,75,En stock,N/A,
Justyol,Homme,Men,T-shirt pour homme noir élégant - TSH24SBRO20010TM1 - Black / 3XL,TOWN TEAM,99.00,359.00,72,En stock,N/A,
Justyol,Homme,Men,Chemise homme décorée avec design géométrique - SSH24SAVC19404TM1 - BLK/BEG / 2XL,TOWN TEAM,129.00,439.00,71,En stock,N/A,
Justyol,Homme,Men,Polo homme manches courtes motif décoratif brun et noir - POS24SKTR21851TM1 - CAF/BLK / 4XL,TOWN TEAM,149.00,499.00,70,En stock,N/A,
Justyol,Homme,Men,Polo pour homme décoré à manches courtes - Design moderne avec logo - POS24SNPR21830TM1 - FADE BLU / 5XL,TOWN TEAM,129.00,439.00,71,En stock,N/A,
Justyol,Homme,Men,Chemise pour homme à carreaux à manches longues – Design moderne et confortable – FSH23GCCR19815TM1 - BEG/BLK / 5XL,TOWN TEAM,119.00,599.00,80,En stock,N/A,
Justyol,Homme,Men,Sweat-shirt pour homme décoré au design moderne - PUL23WCOT27404TM1 - Grey / 2XL,TOWN TEAM,219.00,559.00,61,En stock,N/A,
Justyol,Homme,Men,Veste pour homme matelassée avec capuche au design moderne - JAC24WWBP28416TM1 - Black / 3XL,TOWN TEAM,559.00,1.399,N/A,En stock,N/A,
Justyol,Homme,Men,T-shirt Homme – Design Texturé en Noir – TSH24SBRO20085TM1 - Black / M,TOWN TEAM,119.00,399.00,70,En stock,N/A,
Justyol,Homme,Men,Chemise Homme Slim Fit – Rayures Noires et Blanches – SHI25SSLR19465TM1 - BLK/WHT / S,TOWN TEAM,149.00,499.00,70,En stock,N/A,
Justyol,Homme,Men,Polo Homme Regular Fit – Gris – POS24SNTR21833TM1 - Grey / M,TOWN TEAM,179.00,439.00,59,En stock,N/A,
Justyol,Homme,Men,T-shirt Noir Graphique pour Homme - Confort et Style Épuré - TSH25SBRS20529TM1 - Black / L,TOWN TEAM,189.00,479.00,61,En stock,N/A,
Justyol,Homme,Men,Polo Homme Slim Fit Camel – Style Élégant et Confortable - POS24SBTV21801TM1 - Green / S,TOWN TEAM,189.00,479.00,61,En stock,N/A,
Justyol,Homme,Men,Chemise pour homme à manches courtes ornée de palmiers - SSH25SASC16133TM1 - NVY/WHT / S,TOWN TEAM,199.00,499.00,60,En stock,N/A,
Justyol,Homme,Men,Chemise pour homme à manches courtes noire avec impression de palmier blanche - SSH25SAER16141TM1 - BLK/WHT / L,TOWN TEAM,149.00,499.00,70,En stock,N/A,
Justyol,Homme,Men,"Chemise polo pour homme d'été au design moderne, avec impression de palmier - POS24SPPR21900TM1 - White / L",TOWN TEAM,179.00,439.00,59,En stock,N/A,
Justyol,Homme,Men,Veste homme à capuche au design moderne avec poches latérales – SWS24WZPS26033TM1 - Charcoal / 5XL,TOWN TEAM,359.00,899.00,60,En stock,N/A,
Justyol,Homme,Men,Chemise homme à carreaux manches longues coupe confortable - SHI24SCIR17407TM1 - Beige / 4XL,TOWN TEAM,179.00,599.00,70,En stock,N/A,
Justyol,Homme,Men,Chemise homme manches longues à motifs circulaires modernes - SHI24SACR17414TM1 - Navy / 6XL,TOWN TEAM,179.00,599.00,70,En stock,N/A,
Justyol,Homme,Men,Veste légère homme zippée – Gris foncé au design moderne et confortable – SWS23WCOT26826TM1 - Charcoal / 3XL,TOWN TEAM,189.00,759.00,75,En stock,N/A,
Justyol,Homme,Men,Veste homme en cuir avec fermeture zippée au design moderne - JAC24WLET28387TS1 - Brown / 6XL,TOWN TEAM,379.00,1.899,N/A,En stock,N/A,
Justyol,Homme,Men,Doudoune homme avec capuche – Chaud et élégant pour l'hiver - JAC24WFWP28376TM1 - Grey / 2XL,TOWN TEAM,369.00,1.499,N/A,En stock,N/A,
Justyol,Homme,Men,Chemise homme à manches longues avec poche poitrine - FSH23APCR19813TM1 - White / 7XL,TOWN TEAM,119.00,499.00,76,En stock,N/A,
Justyol,Homme,Men,Jean homme au design moderne - JNS22SFDN22728TM1 - Blue / 36,TOWN TEAM,249.00,499.00,50,En stock,N/A,
Justyol,Homme,Men,Jean homme bleu foncé à coupe confortable au design moderne - JNS22SFDN22724TS1 - Blue/Black / 44,TOWN TEAM,299.00,599.00,50,En stock,N/A,
Justyol,Homme,Men,"Chemise homme classique unie à texture côtelée, agrémentée de poches frontales – OSH23AEUR19778TM1 - Black / 6XL",TOWN TEAM,259.00,859.00,70,En stock,N/A,
Justyol,Homme,Men,T-shirt pour homme noir élégant - TSH24SBRO20010TM1 - Black / 2XL,TOWN TEAM,99.00,359.00,72,En stock,N/A,
Justyol,Homme,Men,Polo pour homme décoré à manches courtes - Design moderne avec logo - POS24SNPR21830TM1 - FADE BLU / 7XL,TOWN TEAM,129.00,439.00,71,En stock,N/A,
Justyol,Homme,Men,Chemise pour homme à carreaux à manches longues – Design moderne et confortable – FSH23GCCR19815TM1 - BEG/BLK / 6XL,TOWN TEAM,119.00,599.00,80,En stock,N/A,
Justyol,Homme,Men,Sweat-shirt pour homme décoré au design moderne - PUL23WCOT27404TM1 - Havan / 3XL,TOWN TEAM,219.00,559.00,61,En stock,N/A,
Justyol,Homme,Men,Veste pour homme matelassée avec capuche au design moderne - JAC24WWBP28416TM1 - Olive / 4XL,TOWN TEAM,559.00,1.399,N/A,En stock,N/A,
Justyol,Homme,Men,T-shirt Homme – Design Texturé en Noir – TSH24SBRO20085TM1 - Black / S,TOWN TEAM,119.00,399.00,70,En stock,N/A,
Justyol,Homme,Men,Chemise Homme Slim Fit – Rayures Noires et Blanches – SHI25SSLR19465TM1 - BLK/WHT / L,TOWN TEAM,149.00,499.00,70,En stock,N/A,
Justyol,Homme,Men,Polo Homme Regular Fit – Gris – POS24SNTR21833TM1 - Grey / 6XL,TOWN TEAM,179.00,439.00,59,En stock,N/A,
Justyol,Homme,Men,T-shirt Noir Graphique pour Homme - Confort et Style Épuré - TSH25SBRS20529TM1 - Black / 2XL,TOWN TEAM,189.00,479.00,61,En stock,N/A,
Justyol,Homme,Men,Chemise pour homme à manches courtes ornée de palmiers - SSH25SASC16133TM1 - NVY/WHT / L,TOWN TEAM,199.00,499.00,60,En stock,N/A,
Justyol,Homme,Men,Chemise pour homme à manches courtes noire avec impression de palmier blanche - SSH25SAER16141TM1 - BLK/WHT / S,TOWN TEAM,149.00,499.00,70,En stock,N/A,
Justyol,Homme,Men,Veste homme à capuche au design moderne avec poches latérales – SWS24WZPS26033TM1 - Olive / 5XL,TOWN TEAM,359.00,899.00,60,En stock,N/A,
Justyol,Homme,Men,Chemise homme à carreaux manches longues coupe confortable - SHI24SCIR17407TM1 - Beige / XL,TOWN TEAM,179.00,599.00,70,En stock,N/A,
Justyol,Homme,Men,Chemise homme manches longues à motifs circulaires modernes - SHI24SACR17414TM1 - Navy / 5XL,TOWN TEAM,179.00,599.00,70,En stock,N/A,
Justyol,Homme,Men,Veste légère homme zippée – Gris foncé au design moderne et confortable – SWS23WCOT26826TM1 - Charcoal / 5XL,TOWN TEAM,189.00,759.00,75,En stock,N/A,
Justyol,Homme,Men,Veste homme en cuir avec fermeture zippée au design moderne - JAC24WLET28387TS1 - Black / 5XL,TOWN TEAM,379.00,1.899,N/A,En stock,N/A,
Justyol,Homme,Men,Chemise homme à manches longues avec poche poitrine - FSH23APCR19813TM1 - Brick / 6XL,TOWN TEAM,119.00,499.00,76,En stock,N/A,
Justyol,Homme,Men,Jean homme au design moderne - JNS22SFDN22728TM1 - Blue / 40,TOWN TEAM,249.00,499.00,50,En stock,N/A,
Justyol,Homme,Men,"Chemise homme classique unie à texture côtelée, agrémentée de poches frontales – OSH23AEUR19778TM1 - Black / 5XL",TOWN TEAM,259.00,859.00,70,En stock,N/A,
Justyol,Homme,Men,Polo pour homme décoré à manches courtes - Design moderne avec logo - POS24SNPR21830TM1 - FADE BLU / 6XL,TOWN TEAM,129.00,439.00,71,En stock,N/A,
Justyol,Homme,Men,Chemise pour homme à carreaux à manches longues – Design moderne et confortable – FSH23GCCR19815TM1 - BEG/BLK / 7XL,TOWN TEAM,119.00,599.00,80,En stock,N/A,
Justyol,Homme,Men,Sweat-shirt pour homme décoré au design moderne - PUL23WCOT27404TM1 - Havan / 2XL,TOWN TEAM,219.00,559.00,61,En stock,N/A,
Justyol,Homme,Men,T-shirt Homme – Design Texturé en Noir – TSH24SBRO20085TM1 - Black / XL,TOWN TEAM,119.00,399.00,70,En stock,N/A,
Justyol,Homme,Men,Polo Homme Regular Fit – Gris – POS24SNTR21833TM1 - Grey / 4XL,TOWN TEAM,179.00,439.00,59,En stock,N/A,
Justyol,Homme,Men,T-shirt Noir Graphique pour Homme - Confort et Style Épuré - TSH25SBRS20529TM1 - Black / XL,TOWN TEAM,189.00,479.00,61,En stock,N/A,
Justyol,Homme,Men,Chemise pour homme à manches courtes ornée de palmiers - SSH25SASC16133TM1 - NVY/WHT / XL,TOWN TEAM,199.00,499.00,60,En stock,N/A,
Justyol,Homme,Men,Chemise pour homme à manches courtes noire avec impression de palmier blanche - SSH25SAER16141TM1 - BLK/WHT / XL,TOWN TEAM,149.00,499.00,70,En stock,N/A,
Justyol,Homme,Men,Veste homme à capuche au design moderne avec poches latérales – SWS24WZPS26033TM1 - Charcoal / 2XL,TOWN TEAM,359.00,899.00,60,En stock,N/A,
Justyol,Homme,Men,Chemise homme à carreaux manches longues coupe confortable - SHI24SCIR17407TM1 - Beige / 3XL,TOWN TEAM,179.00,599.00,70,En stock,N/A,
Justyol,Homme,Men,Chemise homme manches longues à motifs circulaires modernes - SHI24SACR17414TM1 - Navy / 4XL,TOWN TEAM,179.00,599.00,70,En stock,N/A,
Justyol,Homme,Men,Veste légère homme zippée – Gris foncé au design moderne et confortable – SWS23WCOT26826TM1 - Charcoal / 7XL,TOWN TEAM,189.00,759.00,75,En stock,N/A,
Justyol,Homme,Men,Veste homme en cuir avec fermeture zippée au design moderne - JAC24WLET28387TS1 - Black / 6XL,TOWN TEAM,379.00,1.899,N/A,En stock,N/A,
Justyol,Homme,Men,Chemise homme à manches longues avec poche poitrine - FSH23APCR19813TM1 - Olive / 5XL,TOWN TEAM,119.00,499.00,76,En stock,N/A,
Justyol,Homme,Men,Jean homme au design moderne - JNS22SFDN22728TM1 - Blue / 38,TOWN TEAM,249.00,499.00,50,En stock,N/A,
Justyol,Homme,Men,"Chemise homme classique unie à texture côtelée, agrémentée de poches frontales – OSH23AEUR19778TM1 - Caramel / M",TOWN TEAM,259.00,859.00,70,En stock,N/A,
Justyol,Homme,Men,Sweat-shirt pour homme décoré au design moderne - PUL23WCOT27404TM1 - Havan / 4XL,TOWN TEAM,219.00,559.00,61,En stock,N/A,
Justyol,Homme,Men,Polo Homme Regular Fit – Gris – POS24SNTR21833TM1 - Grey / 5XL,TOWN TEAM,179.00,439.00,59,En stock,N/A,
Justyol,Homme,Men,T-shirt Noir Graphique pour Homme - Confort et Style Épuré - TSH25SBRS20529TM1 - Black / M,TOWN TEAM,189.00,479.00,61,En stock,N/A,
Justyol,Homme,Men,Chemise pour homme à manches courtes noire avec impression de palmier blanche - SSH25SAER16141TM1 - BLK/WHT / 2XL,TOWN TEAM,149.00,499.00,70,En stock,N/A,
Justyol,Homme,Men,Veste homme à capuche au design moderne avec poches latérales – SWS24WZPS26033TM1 - Charcoal / 3XL,TOWN TEAM,359.00,899.00,60,En stock,N/A,
Justyol,Homme,Men,Chemise homme à carreaux manches longues coupe confortable - SHI24SCIR17407TM1 - Beige / S,TOWN TEAM,179.00,599.00,70,En stock,N/A,
Justyol,Homme,Men,Chemise homme manches longues à motifs circulaires modernes - SHI24SACR17414TM1 - Navy / 3XL,TOWN TEAM,179.00,599.00,70,En stock,N/A,
Justyol,Homme,Men,Chemise homme à manches longues avec poche poitrine - FSH23APCR19813TM1 - White / 6XL,TOWN TEAM,119.00,499.00,76,En stock,N/A,
Justyol,Homme,Men,"Chemise homme classique unie à texture côtelée, agrémentée de poches frontales – OSH23AEUR19778TM1 - Caramel / 6XL",TOWN TEAM,259.00,859.00,70,En stock,N/A,
Justyol,Homme,Men,Sweat-shirt pour homme décoré au design moderne - PUL23WCOT27404TM1 - Havan / L,TOWN TEAM,219.00,559.00,61,En stock,N/A,
Justyol,Homme,Men,Chemise pour homme à manches courtes noire avec impression de palmier blanche - SSH25SAER16141TM1 - BLK/WHT / 3XL,TOWN TEAM,149.00,499.00,70,En stock,N/A,
Justyol,Homme,Men,Veste homme à capuche au design moderne avec poches latérales – SWS24WZPS26033TM1 - Charcoal / 6XL,TOWN TEAM,359.00,899.00,60,En stock,N/A,
Justyol,Homme,Men,Chemise homme à carreaux manches longues coupe confortable - SHI24SCIR17407TM1 - OLV/ORG / 4XL,TOWN TEAM,179.00,599.00,70,En stock,N/A,
Justyol,Homme,Men,Chemise homme à manches longues avec poche poitrine - FSH23APCR19813TM1 - White / 5XL,TOWN TEAM,119.00,499.00,76,En stock,N/A,
Justyol,Homme,Men,"Chemise homme classique unie à texture côtelée, agrémentée de poches frontales – OSH23AEUR19778TM1 - Caramel / 5XL",TOWN TEAM,259.00,859.00,70,En stock,N/A,
Justyol,Homme,Men,Chemise homme à carreaux manches longues coupe confortable - SHI24SCIR17407TM1 - OLV/ORG / 3XL,TOWN TEAM,179.00,599.00,70,En stock,N/A,
Justyol,Homme,Men,Chemise homme à manches longues avec poche poitrine - FSH23APCR19813TM1 - Olive / 4XL,TOWN TEAM,119.00,499.00,76,En stock,N/A,
Justyol,Homme,Men,"Chemise homme classique unie à texture côtelée, agrémentée de poches frontales – OSH23AEUR19778TM1 - Caramel / 4XL",TOWN TEAM,259.00,859.00,70,En stock,N/A,
Justyol,Homme,Men,Chemise homme à carreaux manches longues coupe confortable - SHI24SCIR17407TM1 - OLV/ORG / S,TOWN TEAM,179.00,599.00,70,En stock,N/A,
Justyol,Homme,Men,Chemise homme à manches longues avec poche poitrine - FSH23APCR19813TM1 - Olive / 6XL,TOWN TEAM,119.00,499.00,76,En stock,N/A,
Justyol,Homme,Men,"Chemise homme classique unie à texture côtelée, agrémentée de poches frontales – OSH23AEUR19778TM1 - Black / 4XL",TOWN TEAM,259.00,859.00,70,En stock,N/A,
Justyol,Homme,Men,Chemise homme à manches longues avec poche poitrine - FSH23APCR19813TM1 - Olive / 7XL,TOWN TEAM,119.00,499.00,76,En stock,N/A,
Justyol,Homme,Men,"Chemise homme classique unie à texture côtelée, agrémentée de poches frontales – OSH23AEUR19778TM1 - L-Olive / 4XL",TOWN TEAM,259.00,859.00,70,En stock,N/A,
Justyol,Homme,Men,Chemise à carreaux automnale pour homme - FSH23ACCR19822TM1 - OLV/WHT / S,TOWN TEAM,199.00,499.00,60,En stock,N/A,
Justyol,Homme,Men,Sweat-shirt pour homme au design moderne avec des lignes colorées – Confortable et élégant - PUL24WPSR27655TM1 - NVY/BRN / 6XL,TOWN TEAM,259.00,659.00,61,En stock,N/A,
Justyol,Homme,Men,"Chemise Homme à Manches Longues - Design Classique, Confortable et Élégant - SHI24SPOR19537TM1 - Sky Blue / 7XL",TOWN TEAM,149.00,499.00,70,En stock,N/A,
Justyol,Homme,Men,Sweat-Shirt Homme Élégant avec Motifs Géométriques – Confort et Style en Beige et Bleu Marine - PUL24WPJH27617TM1 - BEG/NVY / 4XL,TOWN TEAM,259.00,659.00,61,En stock,N/A,
Justyol,Homme,Men,Veste Homme Matelassée Hiver – Confort et Élégance avec Capuche Ajustable - JAC24WWBP28456TM1 - L-BEIGE / 3XL,TOWN TEAM,559.00,1.399,N/A,En stock,N/A,
Justyol,Homme,Men,"Sweat-shirt Homme à Zip Complet - Confortable, Moderne et Pratique avec Capuche Ajustable - SWS24WZNK26156TM1 - Mauve / 2XL",TOWN TEAM,279.00,699.00,60,En stock,N/A,
Justyol,Homme,Men,Sweat-shirt Homme Moderne avec Imprimé Graphique - Confortable et Stylé pour un Look Quotidien - SWS24WRNL26144TM1 - L-BEIGE / 2XL,TOWN TEAM,219.00,559.00,61,En stock,N/A,
Justyol,Homme,Men,Pantalon Cargo Homme Confortable – Style Moderne et Pratique pour le Quotidien - JOG23SGBL24259TM1 - Olive / 34,TOWN TEAM,259.00,659.00,61,En stock,N/A,
Justyol,Homme,Men,Polo Homme Élégant – Design Classique et Confort pour le Quotidien et les Occasions Décontractées - POS24SCPV21903TM1 - OFF WHIT / XL,TOWN TEAM,129.00,479.00,73,En stock,N/A,
Justyol,Homme,Men,Veste Homme en Cuir Synthétique – Élégance Moderne et Confort pour les Jours Froids - JAC23WLET28363TS1 - Black / BS3,TOWN TEAM,439.00,1.099,N/A,En stock,N/A,
Justyol,Homme,Men,Veste Hiver Homme Matelassée – Confort et Style Moderne pour les Jours Froids - JAC25WWCP28465TM1 - WHT/BLK / 3XL,TOWN TEAM,559.00,1.399,N/A,En stock,N/A,
Justyol,Homme,Men,Veste Homme Style Universitaire – Élégance et Confort pour le Quotidien - JAC25WCCL26174TM1 - BLK/CHRL / 2XL,TOWN TEAM,359.00,899.00,60,En stock,N/A,
Justyol,Homme,Men,Polo Homme Élégant – Design Moderne avec Détails Colorés et Logo Distinctif - POS24SBPR21750TM1 - Mauve / 3XL,TOWN TEAM,159.00,399.00,60,En stock,N/A,
Justyol,Homme,Men,Chemise Homme à Imprimé Géométrique Bleu -SSH25SASR16113TM1 - NVY/PTRL / M,TOWN TEAM,199.00,499.00,60,En stock,N/A,
Justyol,Homme,Men,"T-shirt Homme avec Logo ""Los Angeles"" – Design Moderne et Unique - TSH25SPRO20225TM1 - White / XL",TOWN TEAM,129.00,449.00,71,En stock,N/A,
Justyol,Homme,Men,Chemise Homme avec Imprimé Moderne et Design Unique - SSH25SAUC19503TM1 - BLK/WHT / M,TOWN TEAM,149.00,499.00,70,En stock,N/A,
Justyol,Homme,Men,T-shirt homme design moderne en tissu côtelé - TSH24SERO20221TM1 - Khaki / S,TOWN TEAM,119.00,399.00,70,En stock,N/A,
Justyol,Homme,Men,Hoodie homme oversize simple avec capuche et coutures confortables - SWS25WHPK26277TM1 - D-CAF? / S,TOWN TEAM,279.00,699.00,60,En stock,N/A,
Justyol,Homme,Men,Chemise homme à manches longues au design moderne - SHI25AECR19862TM1 - Black / L,TOWN TEAM,219.00,559.00,61,En stock,N/A,
Justyol,Homme,Men,Veste homme casual avec fermeture éclair et design moderne - SWS25WUPS26218TM1 - Charcoal / M,TOWN TEAM,279.00,699.00,60,En stock,N/A,
Justyol,Homme,Men,Veste homme à carreaux moderne avec design élégant - JAC23AXXX19793TM1 - BEG/BLK / 2XL,TOWN TEAM,439.00,1.099,N/A,En stock,N/A,
Justyol,Homme,Men,T-shirt homme design moderne avec imprimé artistique - TSH24SPRO20028TM1 - Black / XL,TOWN TEAM,179.00,439.00,59,En stock,N/A,
Justyol,Homme,Men,Short en jean homme déchiré au design moderne - SHR25SDSP30207TM1 - Blue / 38,TOWN TEAM,219.00,559.00,61,En stock,N/A,
Justyol,Homme,Men,Short cargo homme noir avec taille élastique confortable - SHR25SMBC29159TM1 - Black / S,TOWN TEAM,189.00,479.00,61,En stock,N/A,
Justyol,Homme,Men,t‑shirt homme CalvinBasic casual confortable- 88245 - noir / m,JMEN,84.00,214.30,61,En stock,N/A,
Justyol,Homme,Men,Chemise homme slim fit bûcheron unie bleu marine en coton-6487 - BLUE / M,JMEN,144.00,288.00,50,En stock,N/A,
Justyol,Homme,Men,T-shirt homme oversize en coton épais avec imprimé - 88334 - koyu gri / m,JMEN,132.80,265.60,50,En stock,N/A,
Justyol,Homme,Men,RC ANTI TRANS ABSORB+ SOIN REGULATEUR HOMME ROLL ON 50ML 1377/6723,BDM PHARMA,109.00,N/A,N/A,En stock,N/A,https://justyol.com/products/rc-anti-trans-absorb-soin-regulateur-homme-roll-on-50ml-1377-6723
Justyol,Homme,Men,RC ANTI TRANS ABSORB+ SOIN REGULATEUR HOMME SPRAY 150ML 1384/6754,BDM PHARMA,109.00,N/A,N/A,En stock,N/A,https://justyol.com/products/rc-anti-trans-absorb-soin-regulateur-homme-spray-150ml-1384-6754
Justyol,Homme,Men,RC DEO SOIN DERMATO HOMME 48H SS. SEL ALUM SPRAY 150ML 6266/6761,BDM PHARMA,109.00,N/A,N/A,En stock,N/A,https://justyol.com/products/rc-deo-soin-dermato-homme-48h-ss-sel-alum-spray-150ml-6266-6761
Justyol,Homme,Men,Chemise à carreaux automnale pour homme - FSH23ACCR19822TM1 - OLV/WHT / XL,TOWN TEAM,199.00,499.00,60,En stock,N/A,
Justyol,Homme,Men,Sweat-shirt pour homme au design moderne avec des lignes colorées – Confortable et élégant - PUL24WPSR27655TM1 - NVY/BRN / 7XL,TOWN TEAM,259.00,659.00,61,En stock,N/A,
Justyol,Homme,Men,"Chemise Homme à Manches Longues - Design Classique, Confortable et Élégant - SHI24SPOR19537TM1 - Sky Blue / 5XL",TOWN TEAM,149.00,499.00,70,En stock,N/A,
Justyol,Homme,Men,Sweat-Shirt Homme Élégant avec Motifs Géométriques – Confort et Style en Beige et Bleu Marine - PUL24WPJH27617TM1 - BEG/NVY / 6XL,TOWN TEAM,259.00,659.00,61,En stock,N/A,
Justyol,Homme,Men,Veste Homme Matelassée Hiver – Confort et Élégance avec Capuche Ajustable - JAC24WWBP28456TM1 - L-BEIGE / 2XL,TOWN TEAM,559.00,1.399,N/A,En stock,N/A,
Justyol,Homme,Men,Sweat-shirt Homme Moderne avec Imprimé Graphique - Confortable et Stylé pour un Look Quotidien - SWS24WRNL26144TM1 - L-BEIGE / L,TOWN TEAM,219.00,559.00,61,En stock,N/A,
Justyol,Homme,Men,Polo Homme Élégant – Design Classique et Confort pour le Quotidien et les Occasions Décontractées - POS24SCPV21903TM1 - OFF WHIT / 2XL,TOWN TEAM,129.00,479.00,73,En stock,N/A,
Justyol,Homme,Men,Veste Homme en Cuir Synthétique – Élégance Moderne et Confort pour les Jours Froids - JAC23WLET28363TS1 - Black / BS1,TOWN TEAM,439.00,1.099,N/A,En stock,N/A,
Justyol,Homme,Men,Veste Hiver Homme Matelassée – Confort et Style Moderne pour les Jours Froids - JAC25WWCP28465TM1 - BRCK/BLK / 3XL,TOWN TEAM,559.00,1.399,N/A,En stock,N/A,
Justyol,Homme,Men,Polo Homme Élégant – Design Moderne avec Détails Colorés et Logo Distinctif - POS24SBPR21750TM1 - Mauve / L,TOWN TEAM,159.00,399.00,60,En stock,N/A,
Justyol,Homme,Men,Chemise Homme à Imprimé Géométrique Bleu -SSH25SASR16113TM1 - NVY/PTRL / S,TOWN TEAM,199.00,499.00,60,En stock,N/A,
Justyol,Homme,Men,"T-shirt Homme avec Logo ""Los Angeles"" – Design Moderne et Unique - TSH25SPRO20225TM1 - White / 3XL",TOWN TEAM,129.00,449.00,71,En stock,N/A,
Justyol,Homme,Men,Chemise Homme avec Imprimé Moderne et Design Unique - SSH25SAUC19503TM1 - BLK/WHT / S,TOWN TEAM,149.00,499.00,70,En stock,N/A,
Justyol,Homme,Men,T-shirt homme design moderne en tissu côtelé - TSH24SERO20221TM1 - Khaki / M,TOWN TEAM,119.00,399.00,70,En stock,N/A,
Justyol,Homme,Men,Chemise homme à manches longues au design moderne - SHI25AECR19862TM1 - Black / M,TOWN TEAM,219.00,559.00,61,En stock,N/A,
Justyol,Homme,Men,Veste homme casual avec fermeture éclair et design moderne - SWS25WUPS26218TM1 - Charcoal / S,TOWN TEAM,279.00,699.00,60,En stock,N/A,
Justyol,Homme,Men,T-shirt homme design moderne avec imprimé artistique - TSH24SPRO20028TM1 - Black / 3XL,TOWN TEAM,179.00,439.00,59,En stock,N/A,
Justyol,Homme,Men,Short en jean homme déchiré au design moderne - SHR25SDSP30207TM1 - Blue / 36,TOWN TEAM,219.00,559.00,61,En stock,N/A,
Justyol,Homme,Men,Chemise à carreaux automnale pour homme - FSH23ACCR19822TM1 - OLV/WHT / 3XL,TOWN TEAM,199.00,499.00,60,En stock,N/A,
Justyol,Homme,Men,Sweat-shirt pour homme au design moderne avec des lignes colorées – Confortable et élégant - PUL24WPSR27655TM1 - NVY/BRN / 5XL,TOWN TEAM,259.00,659.00,61,En stock,N/A,
Justyol,Homme,Men,"Chemise Homme à Manches Longues - Design Classique, Confortable et Élégant - SHI24SPOR19537TM1 - White / 2XL",TOWN TEAM,149.00,499.00,70,En stock,N/A,
Justyol,Homme,Men,Sweat-Shirt Homme Élégant avec Motifs Géométriques – Confort et Style en Beige et Bleu Marine - PUL24WPJH27617TM1 - BEG/NVY / 5XL,TOWN TEAM,259.00,659.00,61,En stock,N/A,
Justyol,Homme,Men,Sweat-shirt Homme Moderne avec Imprimé Graphique - Confortable et Stylé pour un Look Quotidien - SWS24WRNL26144TM1 - L-BEIGE / XL,TOWN TEAM,219.00,559.00,61,En stock,N/A,
Justyol,Homme,Men,Polo Homme Élégant – Design Classique et Confort pour le Quotidien et les Occasions Décontractées - POS24SCPV21903TM1 - OFF WHIT / 3XL,TOWN TEAM,129.00,479.00,73,En stock,N/A,
Justyol,Homme,Men,Veste Homme en Cuir Synthétique – Élégance Moderne et Confort pour les Jours Froids - JAC23WLET28363TS1 - Black / SB2,TOWN TEAM,439.00,1.099,N/A,En stock,N/A,
Justyol,Homme,Men,Veste Hiver Homme Matelassée – Confort et Style Moderne pour les Jours Froids - JAC25WWCP28465TM1 - BRCK/BLK / M,TOWN TEAM,559.00,1.399,N/A,En stock,N/A,
Justyol,Homme,Men,Polo Homme Élégant – Design Moderne avec Détails Colorés et Logo Distinctif - POS24SBPR21750TM1 - Mauve / S,TOWN TEAM,159.00,399.00,60,En stock,N/A,
Justyol,Homme,Men,"T-shirt Homme avec Logo ""Los Angeles"" – Design Moderne et Unique - TSH25SPRO20225TM1 - White / S",TOWN TEAM,129.00,449.00,71,En stock,N/A,
Justyol,Homme,Men,Chemise homme à manches longues au design moderne - SHI25AECR19862TM1 - Black / XL,TOWN TEAM,219.00,559.00,61,En stock,N/A,
Justyol,Homme,Men,Veste homme casual avec fermeture éclair et design moderne - SWS25WUPS26218TM1 - Charcoal / L,TOWN TEAM,279.00,699.00,60,En stock,N/A,
Justyol,Homme,Men,T-shirt homme design moderne avec imprimé artistique - TSH24SPRO20028TM1 - Black / L,TOWN TEAM,179.00,439.00,59,En stock,N/A,
Justyol,Homme,Men,Short en jean homme déchiré au design moderne - SHR25SDSP30207TM1 - Blue / 34,TOWN TEAM,219.00,559.00,61,En stock,N/A,
Justyol,Homme,Men,Chemise à carreaux automnale pour homme - FSH23ACCR19822TM1 - OLV/WHT / 5XL,TOWN TEAM,199.00,499.00,60,En stock,N/A,
Justyol,Homme,Men,"Chemise Homme à Manches Longues - Design Classique, Confortable et Élégant - SHI24SPOR19537TM1 - White / 3XL",TOWN TEAM,149.00,499.00,70,En stock,N/A,
Justyol,Homme,Men,Sweat-Shirt Homme Élégant avec Motifs Géométriques – Confort et Style en Beige et Bleu Marine - PUL24WPJH27617TM1 - BEG/NVY / 7XL,TOWN TEAM,259.00,659.00,61,En stock,N/A,
Justyol,Homme,Men,Polo Homme Élégant – Design Classique et Confort pour le Quotidien et les Occasions Décontractées - POS24SCPV21903TM1 - OFF WHIT / 4XL,TOWN TEAM,129.00,479.00,73,En stock,N/A,
Justyol,Homme,Men,Veste Hiver Homme Matelassée – Confort et Style Moderne pour les Jours Froids - JAC25WWCP28465TM1 - BRCK/BLK / 2XL,TOWN TEAM,559.00,1.399,N/A,En stock,N/A,
Justyol,Homme,Men,Polo Homme Élégant – Design Moderne avec Détails Colorés et Logo Distinctif - POS24SBPR21750TM1 - Mauve / 2XL,TOWN TEAM,159.00,399.00,60,En stock,N/A,
Justyol,Homme,Men,"T-shirt Homme avec Logo ""Los Angeles"" – Design Moderne et Unique - TSH25SPRO20225TM1 - White / M",TOWN TEAM,129.00,449.00,71,En stock,N/A,
Justyol,Homme,Men,Chemise homme à manches longues au design moderne - SHI25AECR19862TM1 - Olive / L,TOWN TEAM,219.00,559.00,61,En stock,N/A,
Justyol,Homme,Men,Chemise à carreaux automnale pour homme - FSH23ACCR19822TM1 - OLV/WHT / 7XL,TOWN TEAM,199.00,499.00,60,En stock,N/A,
Justyol,Homme,Men,"Chemise Homme à Manches Longues - Design Classique, Confortable et Élégant - SHI24SPOR19537TM1 - White / 5XL",TOWN TEAM,149.00,499.00,70,En stock,N/A,
Justyol,Homme,Men,Veste Hiver Homme Matelassée – Confort et Style Moderne pour les Jours Froids - JAC25WWCP28465TM1 - BRCK/BLK / 4XL,TOWN TEAM,559.00,1.399,N/A,En stock,N/A,
Justyol,Homme,Men,Polo Homme Élégant – Design Moderne avec Détails Colorés et Logo Distinctif - POS24SBPR21750TM1 - Mauve / M,TOWN TEAM,159.00,399.00,60,En stock,N/A,
Justyol,Homme,Men,"T-shirt Homme avec Logo ""Los Angeles"" – Design Moderne et Unique - TSH25SPRO20225TM1 - White / L",TOWN TEAM,129.00,449.00,71,En stock,N/A,
Justyol,Homme,Men,Chemise homme à manches longues au design moderne - SHI25AECR19862TM1 - Olive / M,TOWN TEAM,219.00,559.00,61,En stock,N/A,
Justyol,Homme,Men,Chemise à carreaux automnale pour homme - FSH23ACCR19822TM1 - OLV/WHT / 6XL,TOWN TEAM,199.00,499.00,60,En stock,N/A,
Justyol,Homme,Men,Veste Hiver Homme Matelassée – Confort et Style Moderne pour les Jours Froids - JAC25WWCP28465TM1 - BRCK/BLK / XL,TOWN TEAM,559.00,1.399,N/A,En stock,N/A,
Justyol,Homme,Men,Polo Homme Élégant – Design Moderne avec Détails Colorés et Logo Distinctif - POS24SBPR21750TM1 - Mauve / XL,TOWN TEAM,159.00,399.00,60,En stock,N/A,
Justyol,Homme,Men,"T-shirt Homme avec Logo ""Los Angeles"" – Design Moderne et Unique - TSH25SPRO20225TM1 - White / 2XL",TOWN TEAM,129.00,449.00,71,En stock,N/A,
Justyol,Homme,Men,Chemise homme à manches longues au design moderne - SHI25AECR19862TM1 - Olive / S,TOWN TEAM,219.00,559.00,61,En stock,N/A,
Justyol,Homme,Men,Polo Homme Élégant – Design Moderne avec Détails Colorés et Logo Distinctif - POS24SBPR21750TM1 - Mauve / 4XL,TOWN TEAM,159.00,399.00,60,En stock,N/A,
Justyol,Homme,Men,Chemise homme à manches longues au design moderne - SHI25AECR19862TM1 - Olive / XL,TOWN TEAM,219.00,559.00,61,En stock,N/A,
Justyol,Homme,Men,Polo Homme Élégant – Design Moderne avec Détails Colorés et Logo Distinctif - POS24SBPR21750TM1 - Mauve / 5XL,TOWN TEAM,159.00,399.00,60,En stock,N/A,
Justyol,Homme,Men,Polo Homme Élégant – Design Moderne avec Détails Colorés et Logo Distinctif - POS24SBPR21750TM1 - Mauve / 6XL,TOWN TEAM,159.00,399.00,60,En stock,N/A,
Justyol,Homme,Men,Polo Homme Élégant – Design Moderne avec Détails Colorés et Logo Distinctif - POS24SBPR21750TM1 - Black / 2XL,TOWN TEAM,159.00,399.00,60,En stock,N/A,
Justyol,Homme,Men,Polo Homme Élégant – Design Moderne avec Détails Colorés et Logo Distinctif - POS24SBPR21750TM1 - Black / M,TOWN TEAM,159.00,399.00,60,En stock,N/A,
Justyol,Homme,Men,Polo Homme Élégant – Design Moderne avec Détails Colorés et Logo Distinctif - POS24SBPR21750TM1 - Black / XL,TOWN TEAM,159.00,399.00,60,En stock,N/A,
Justyol,Homme,Men,Polo Homme Élégant – Design Moderne avec Détails Colorés et Logo Distinctif - POS24SBPR21750TM1 - Black / 5XL,TOWN TEAM,159.00,399.00,60,En stock,N/A,
Justyol,Homme,Men,Polo Homme Élégant – Design Moderne avec Détails Colorés et Logo Distinctif - POS24SBPR21750TM1 - Black / 6XL,TOWN TEAM,159.00,399.00,60,En stock,N/A,
Justyol,Homme,Men,Polo Homme Élégant – Design Moderne avec Détails Colorés et Logo Distinctif - POS24SBPR21750TM1 - White / 5XL,TOWN TEAM,159.00,399.00,60,En stock,N/A,
Justyol,Homme,Men,Polo Homme Élégant – Design Moderne avec Détails Colorés et Logo Distinctif - POS24SBPR21750TM1 - White / 7XL,TOWN TEAM,159.00,399.00,60,En stock,N/A,
Justyol,Homme,Men,Polo Homme Élégant – Design Moderne avec Détails Colorés et Logo Distinctif - POS24SBPR21750TM1 - L-BEIGE / S,TOWN TEAM,159.00,399.00,60,En stock,N/A,
Justyol,Homme,Men,Polo Homme Élégant – Design Moderne avec Détails Colorés et Logo Distinctif - POS24SBPR21750TM1 - L-BEIGE / 2XL,TOWN TEAM,159.00,399.00,60,En stock,N/A,
Justyol,Homme,Men,Polo Homme Élégant – Design Moderne avec Détails Colorés et Logo Distinctif - POS24SBPR21750TM1 - L-BEIGE / 5XL,TOWN TEAM,159.00,399.00,60,En stock,N/A,
Justyol,Homme,Men,Polo Homme Élégant – Design Moderne avec Détails Colorés et Logo Distinctif - POS24SBPR21750TM1 - L-BEIGE / 6XL,TOWN TEAM,159.00,399.00,60,En stock,N/A,
Justyol,Homme,Men,Stylo à barbe à 4 pointes black master -Stylo de Remplissage de Barbe fd,KARAWANE SHOP,80.00,N/A,N/A,En stock,N/A,https://justyol.com/products/stylo-a-barbe-a-4-pointes-black-master-stylo-de-remplissage-de-barbe-fd
Justyol,Homme,Men,Le Beau,PARFUMORA,50.00,N/A,N/A,En stock,N/A,https://justyol.com/products/le-beau
Justyol,Homme,Men,Bleu de chanel,PARFUMORA,50.00,N/A,N/A,En stock,N/A,https://justyol.com/products/bleu-de-chanel
Justyol,Homme,Men,Ultra Male,PARFUMORA,50.00,N/A,N/A,En stock,N/A,https://justyol.com/products/ultra-male
Justyol,Homme,Men,The Scent,PARFUMORA,50.00,N/A,N/A,En stock,N/A,https://justyol.com/products/the-scent
Justyol,Homme,Men,Spicebomb,PARFUMORA,50.00,N/A,N/A,En stock,N/A,https://justyol.com/products/spicebomb
Justyol,Homme,Men,givenchy PI,PARFUMORA,50.00,N/A,N/A,En stock,N/A,https://justyol.com/products/givenchy-pi
Justyol,Homme,Men,Lacoste Noir,PARFUMORA,50.00,N/A,N/A,En stock,N/A,https://justyol.com/products/lacoste-noir
Justyol,Homme,Men,Ensemble T-shirt Homme - Confort et Style Décontracté - TST25SSTT15032TM1 - Beige / XL,TOWN TEAM,339.00,859.00,61,En stock,N/A,
Justyol,Homme,Men,Ensemble homme t-shirt & short à rayures – Style casual - TST25SSSS15000TM1 - BLK/WHT / L,TOWN TEAM,189.00,959.00,80,En stock,N/A,
Justyol,Homme,Men,Surchemise homme en velours côtelé – Élégance casual et confort moderne - OSH26WJUR19211TM1 - Stone / L,TOWN TEAM,309.00,759.00,59,En stock,N/A,
Justyol,Homme,Men,Veste Puffer Hiver pour Homme - Chaude et Confortable - JAC26WWBP28057TM1 - Café / XL,TOWN TEAM,1.139,1.899,40,En stock,N/A,
Justyol,Homme,Men,Sweat à capuche homme – Confort essentiel et style urbain - SWS26WHPK26425TM1 - Black / XL,TOWN TEAM,349.00,699.00,50,En stock,N/A,
Justyol,Homme,Men,Sweat à capuche zippé homme – Style sport urbain - SWS25WZNK26230TM1 - Camel / M,TOWN TEAM,319.00,799.00,60,En stock,N/A,
Justyol,Homme,Men,Sweat homme col montant zippé avec logo – Style urbain et confort premium - SWS26WQNK26591TM1 - Brick / L,TOWN TEAM,349.00,699.00,50,En stock,N/A,
Justyol,Homme,Men,Sweat-shirt homme à col rond avec imprimé graphique – Style streetwear moderne - SWS26WRNL26449TM1 - OFF WHIT / S,TOWN TEAM,379.00,759.00,50,En stock,N/A,
Justyol,Homme,Men,T-shirt Homme avec Imprimé Motivational - Confort et Style Unique - TSH25SPRO20238TM1 - Café / S,TOWN TEAM,129.00,449.00,71,En stock,N/A,
Justyol,Homme,Men,T-shirt homme manches courtes imprimé – Style streetwear moderne - TSH25SPRO20438TM1 - Mauve / 3XL,TOWN TEAM,189.00,479.00,61,En stock,N/A,
Justyol,Homme,Men,T-shirt Homme avec Imprimé – Style Décontracté et Moderne - TSH25SPRO20257TM1 - Mauve / M,TOWN TEAM,179.00,439.00,59,En stock,N/A,
Justyol,Homme,Men,T-shirt Homme à Maille Côtelée - Élégance et Confort pour Tous les Jours - TSH24SKRR20959TM1 - Beige / XL,TOWN TEAM,199.00,499.00,60,En stock,N/A,
Justyol,Homme,Men,Ensemble T-shirt Homme - Confort et Style Décontracté - TST25SSPT15004TM1 - OFF WHIT / L,TOWN TEAM,339.00,859.00,61,En stock,N/A,
Justyol,Homme,Men,Polo Homme à Rayures – Élégance et Confort - POS25SKMR21883TM1 - BRCK/OFF / 2XL,TOWN TEAM,169.00,559.00,70,En stock,N/A,
Justyol,Homme,Men,Polo Homme Regular Fit – Élégance Décontractée - POS24SNMR21795TM1 - OFF WHIT / XL,TOWN TEAM,199.00,499.00,60,En stock,N/A,
Justyol,Homme,Men,Jean cargo homme coupe droite – Style urbain et fonctionnalité - JNS25GMGW24307TM1 - Black / 34,TOWN TEAM,349.00,699.00,50,En stock,N/A,
Justyol,Homme,Men,Chemise Homme Slim Fit - Élégance et Confort - SSH25SACR16151TM1 - WHT/BEG / 6XL,TOWN TEAM,159.00,399.00,60,En stock,N/A,
Justyol,Homme,Men,Chemise Oversized Homme - Look Détendu et Confortable - SSH24SECC19512TM1 - Beige / XL,TOWN TEAM,189.00,479.00,61,En stock,N/A,
Justyol,Homme,Men,Shorts Homme Cargo - Confort et Praticité au Quotidien - SHR24SGBC23172TM1 - Grey / 38,TOWN TEAM,199.00,499.00,60,En stock,N/A,
Justyol,Homme,Men,Shorts Cargo Homme Regular Fit – Confort et Praticité - SHR24SGBC23173TM1 - Café / 38,TOWN TEAM,139.00,479.00,71,En stock,N/A,
Justyol,Homme,Men,Short jean homme noir – Regular Fit - SHR24SDSP30194TM1 - Black / 34,TOWN TEAM,139.00,479.00,71,En stock,N/A,
Justyol,Homme,Men,Short de Bain Homme - Confortable et Stylé pour l'Été - SWO25SSTE11444TM1 - Navy / 2XL,TOWN TEAM,119.00,399.00,70,En stock,N/A,
Justyol,Homme,Men,Shorts de Bain Homme à Imprimé Dynamique - Confort et Style Estival - SWO25SSAE11443TM1 - Olive/Yell / 4XL,TOWN TEAM,119.00,399.00,70,En stock,N/A,
Justyol,Homme,Men,Short en jean homme regular fit – Style urbain imprimé - SHR24SDAP30193TM1 - White / 38,TOWN TEAM,129.00,439.00,71,En stock,N/A,
Justyol,Homme,Men,Short de Bain Homme avec Motif Graphique - Confort et Style - SWO25SSAE11445TM1 - Black / 3XL,TOWN TEAM,119.00,399.00,70,En stock,N/A,
Justyol,Homme,Men,Pantalon homme en tissu au design moderne avec ceinture ajustable – TRO25SLKR23589TM1 - L-BEIGE / 36,TOWN TEAM,329.00,659.00,50,En stock,N/A,
Justyol,Homme,Men,Chemise Homme Vert Olive à Rayures – Style Casual Chic Moderne - SHI25SSCR16030TM1 - OLV/WHT / S,TOWN TEAM,179.00,599.00,70,En stock,N/A,
Justyol,Homme,Men,T-shirt Homme Vert Foncé Imprimé – Style Casual Sportif - TSH25SPR20378TM1 - D-OLIVE / XL,TOWN TEAM,199.00,499.00,60,En stock,N/A,
Justyol,Homme,Men,Ensemble T-shirt Homme - Confort et Style Décontracté - TST25SSTT15032TM1 - Beige / S,TOWN TEAM,339.00,859.00,61,En stock,N/A,
Justyol,Homme,Men,Ensemble homme t-shirt & short à rayures – Style casual - TST25SSSS15000TM1 - BLK/WHT / S,TOWN TEAM,189.00,959.00,80,En stock,N/A,
Justyol,Homme,Men,Surchemise homme en velours côtelé – Élégance casual et confort moderne - OSH26WJUR19211TM1 - Stone / XL,TOWN TEAM,309.00,759.00,59,En stock,N/A,
Justyol,Homme,Men,Sweat à capuche zippé homme – Style sport urbain - SWS25WZNK26230TM1 - Camel / L,TOWN TEAM,319.00,799.00,60,En stock,N/A,
Justyol,Homme,Men,T-shirt Homme avec Imprimé Motivational - Confort et Style Unique - TSH25SPRO20238TM1 - Café / 3XL,TOWN TEAM,129.00,449.00,71,En stock,N/A,
Justyol,Homme,Men,T-shirt homme manches courtes imprimé – Style streetwear moderne - TSH25SPRO20438TM1 - Mauve / 2XL,TOWN TEAM,189.00,479.00,61,En stock,N/A,
Justyol,Homme,Men,T-shirt Homme avec Imprimé – Style Décontracté et Moderne - TSH25SPRO20257TM1 - Mauve / L,TOWN TEAM,179.00,439.00,59,En stock,N/A,
Justyol,Homme,Men,T-shirt Homme à Maille Côtelée - Élégance et Confort pour Tous les Jours - TSH24SKRR20959TM1 - Beige / L,TOWN TEAM,199.00,499.00,60,En stock,N/A,
Justyol,Homme,Men,Chemise Homme Slim Fit - Élégance et Confort - SSH25SACR16151TM1 - WHT/BEG / 7XL,TOWN TEAM,159.00,399.00,60,En stock,N/A,
Justyol,Homme,Men,Chemise Oversized Homme - Look Détendu et Confortable - SSH24SECC19512TM1 - Beige / L,TOWN TEAM,189.00,479.00,61,En stock,N/A,
Justyol,Homme,Men,Shorts Homme Cargo - Confort et Praticité au Quotidien - SHR24SGBC23172TM1 - Grey / 29,TOWN TEAM,199.00,499.00,60,En stock,N/A,
Justyol,Homme,Men,Shorts Cargo Homme Regular Fit – Confort et Praticité - SHR24SGBC23173TM1 - Café / 36,TOWN TEAM,139.00,479.00,71,En stock,N/A,
Justyol,Homme,Men,Short jean homme noir – Regular Fit - SHR24SDSP30194TM1 - Black / 36,TOWN TEAM,139.00,479.00,71,En stock,N/A,
Justyol,Homme,Men,Short de Bain Homme - Confortable et Stylé pour l'Été - SWO25SSTE11444TM1 - Navy / S,TOWN TEAM,119.00,399.00,70,En stock,N/A,
Justyol,Homme,Men,Shorts de Bain Homme à Imprimé Dynamique - Confort et Style Estival - SWO25SSAE11443TM1 - Olive/Yell / 3XL,TOWN TEAM,119.00,399.00,70,En stock,N/A,
Justyol,Homme,Men,Short en jean homme regular fit – Style urbain imprimé - SHR24SDAP30193TM1 - White / 36,TOWN TEAM,129.00,439.00,71,En stock,N/A,
Justyol,Homme,Men,Short de Bain Homme avec Motif Graphique - Confort et Style - SWO25SSAE11445TM1 - Black / 4XL,TOWN TEAM,119.00,399.00,70,En stock,N/A,
Justyol,Homme,Men,Pantalon homme en tissu au design moderne avec ceinture ajustable – TRO25SLKR23589TM1 - L-BEIGE / 34,TOWN TEAM,329.00,659.00,50,En stock,N/A,
Justyol,Homme,Men,T-shirt Homme Vert Foncé Imprimé – Style Casual Sportif - TSH25SPR20378TM1 - D-OLIVE / L,TOWN TEAM,199.00,499.00,60,En stock,N/A,
Justyol,Homme,Men,Ensemble T-shirt Homme - Confort et Style Décontracté - TST25SSTT15032TM1 - Beige / M,TOWN TEAM,339.00,859.00,61,En stock,N/A,
Justyol,Homme,Men,Ensemble homme t-shirt & short à rayures – Style casual - TST25SSSS15000TM1 - BLK/WHT / M,TOWN TEAM,189.00,959.00,80,En stock,N/A,
Justyol,Homme,Men,T-shirt Homme avec Imprimé Motivational - Confort et Style Unique - TSH25SPRO20238TM1 - Café / M,TOWN TEAM,129.00,449.00,71,En stock,N/A,
Justyol,Homme,Men,T-shirt homme manches courtes imprimé – Style streetwear moderne - TSH25SPRO20438TM1 - Mauve / L,TOWN TEAM,189.00,479.00,61,En stock,N/A,
Justyol,Homme,Men,T-shirt Homme avec Imprimé – Style Décontracté et Moderne - TSH25SPRO20257TM1 - Mauve / S,TOWN TEAM,179.00,439.00,59,En stock,N/A,
Justyol,Homme,Men,Chemise Oversized Homme - Look Détendu et Confortable - SSH24SECC19512TM1 - Beige / S,TOWN TEAM,189.00,479.00,61,En stock,N/A,
Justyol,Homme,Men,Shorts Homme Cargo - Confort et Praticité au Quotidien - SHR24SGBC23172TM1 - Grey / 31,TOWN TEAM,199.00,499.00,60,En stock,N/A,
Justyol,Homme,Men,Shorts Cargo Homme Regular Fit – Confort et Praticité - SHR24SGBC23173TM1 - Café / 30,TOWN TEAM,139.00,479.00,71,En stock,N/A,
Justyol,Homme,Men,Short jean homme noir – Regular Fit - SHR24SDSP30194TM1 - Black / 40,TOWN TEAM,139.00,479.00,71,En stock,N/A,
Justyol,Homme,Men,Short de Bain Homme - Confortable et Stylé pour l'Été - SWO25SSTE11444TM1 - Navy / M,TOWN TEAM,119.00,399.00,70,En stock,N/A,
Justyol,Homme,Men,Shorts de Bain Homme à Imprimé Dynamique - Confort et Style Estival - SWO25SSAE11443TM1 - Olive/Yell / M,TOWN TEAM,119.00,399.00,70,En stock,N/A,
Justyol,Homme,Men,Short en jean homme regular fit – Style urbain imprimé - SHR24SDAP30193TM1 - White / 34,TOWN TEAM,129.00,439.00,71,En stock,N/A,
Justyol,Homme,Men,Short de Bain Homme avec Motif Graphique - Confort et Style - SWO25SSAE11445TM1 - Black / 2XL,TOWN TEAM,119.00,399.00,70,En stock,N/A,
Justyol,Homme,Men,T-shirt Homme Vert Foncé Imprimé – Style Casual Sportif - TSH25SPR20378TM1 - D-OLIVE / 2XL,TOWN TEAM,199.00,499.00,60,En stock,N/A,
Justyol,Homme,Men,Ensemble T-shirt Homme - Confort et Style Décontracté - TST25SSTT15032TM1 - Beige / L,TOWN TEAM,339.00,859.00,61,En stock,N/A,
Justyol,Homme,Men,Ensemble homme t-shirt & short à rayures – Style casual - TST25SSSS15000TM1 - BLK/WHT / XL,TOWN TEAM,189.00,959.00,80,En stock,N/A,
Justyol,Homme,Men,T-shirt Homme avec Imprimé Motivational - Confort et Style Unique - TSH25SPRO20238TM1 - Café / L,TOWN TEAM,129.00,449.00,71,En stock,N/A,
Justyol,Homme,Men,T-shirt homme manches courtes imprimé – Style streetwear moderne - TSH25SPRO20438TM1 - Mauve / M,TOWN TEAM,189.00,479.00,61,En stock,N/A,
Justyol,Homme,Men,T-shirt Homme avec Imprimé – Style Décontracté et Moderne - TSH25SPRO20257TM1 - Mauve / XL,TOWN TEAM,179.00,439.00,59,En stock,N/A,
Justyol,Homme,Men,Chemise Oversized Homme - Look Détendu et Confortable - SSH24SECC19512TM1 - Black / L,TOWN TEAM,189.00,479.00,61,En stock,N/A,
Justyol,Homme,Men,Shorts Homme Cargo - Confort et Praticité au Quotidien - SHR24SGBC23172TM1 - Grey / 32,TOWN TEAM,199.00,499.00,60,En stock,N/A,
Justyol,Homme,Men,Shorts Cargo Homme Regular Fit – Confort et Praticité - SHR24SGBC23173TM1 - Café / 31,TOWN TEAM,139.00,479.00,71,En stock,N/A,
Justyol,Homme,Men,Short jean homme noir – Regular Fit - SHR24SDSP30194TM1 - Black / 30,TOWN TEAM,139.00,479.00,71,En stock,N/A,
Justyol,Homme,Men,Short de Bain Homme - Confortable et Stylé pour l'Été - SWO25SSTE11444TM1 - Navy / 4XL,TOWN TEAM,119.00,399.00,70,En stock,N/A,
Justyol,Homme,Men,Shorts de Bain Homme à Imprimé Dynamique - Confort et Style Estival - SWO25SSAE11443TM1 - Olive/Yell / L,TOWN TEAM,119.00,399.00,70,En stock,N/A,
Justyol,Homme,Men,Short en jean homme regular fit – Style urbain imprimé - SHR24SDAP30193TM1 - White / 33,TOWN TEAM,129.00,439.00,71,En stock,N/A,
Justyol,Homme,Men,Short de Bain Homme avec Motif Graphique - Confort et Style - SWO25SSAE11445TM1 - Black / S,TOWN TEAM,119.00,399.00,70,En stock,N/A,
Justyol,Homme,Men,T-shirt Homme Vert Foncé Imprimé – Style Casual Sportif - TSH25SPR20378TM1 - D-OLIVE / S,TOWN TEAM,199.00,499.00,60,En stock,N/A,
Justyol,Homme,Men,Ensemble T-shirt Homme - Confort et Style Décontracté - TST25SSTT15032TM1 - Beige / 2XL,TOWN TEAM,339.00,859.00,61,En stock,N/A,
Justyol,Homme,Men,T-shirt Homme avec Imprimé Motivational - Confort et Style Unique - TSH25SPRO20238TM1 - Café / 2XL,TOWN TEAM,129.00,449.00,71,En stock,N/A,
Justyol,Homme,Men,T-shirt homme manches courtes imprimé – Style streetwear moderne - TSH25SPRO20438TM1 - Mauve / XL,TOWN TEAM,189.00,479.00,61,En stock,N/A,
Justyol,Homme,Men,Chemise Oversized Homme - Look Détendu et Confortable - SSH24SECC19512TM1 - Black / 2XL,TOWN TEAM,189.00,479.00,61,En stock,N/A,
Justyol,Homme,Men,Shorts Homme Cargo - Confort et Praticité au Quotidien - SHR24SGBC23172TM1 - Grey / 33,TOWN TEAM,199.00,499.00,60,En stock,N/A,
Justyol,Homme,Men,Shorts Cargo Homme Regular Fit – Confort et Praticité - SHR24SGBC23173TM1 - Café / 32,TOWN TEAM,139.00,479.00,71,En stock,N/A,
Justyol,Homme,Men,Short jean homme noir – Regular Fit - SHR24SDSP30194TM1 - Black / 31,TOWN TEAM,139.00,479.00,71,En stock,N/A,
Justyol,Homme,Men,Short de Bain Homme - Confortable et Stylé pour l'Été - SWO25SSTE11444TM1 - Navy / XL,TOWN TEAM,119.00,399.00,70,En stock,N/A,
Justyol,Homme,Men,Shorts de Bain Homme à Imprimé Dynamique - Confort et Style Estival - SWO25SSAE11443TM1 - Olive/Yell / S,TOWN TEAM,119.00,399.00,70,En stock,N/A,
Justyol,Homme,Men,Short en jean homme regular fit – Style urbain imprimé - SHR24SDAP30193TM1 - White / 31,TOWN TEAM,129.00,439.00,71,En stock,N/A,
Justyol,Homme,Men,Short de Bain Homme avec Motif Graphique - Confort et Style - SWO25SSAE11445TM1 - Black / M,TOWN TEAM,119.00,399.00,70,En stock,N/A,
Justyol,Homme,Men,Ensemble T-shirt Homme - Confort et Style Décontracté - TST25SSTT15032TM1 - Beige / 4XL,TOWN TEAM,339.00,859.00,61,En stock,N/A,
Justyol,Homme,Men,T-shirt Homme avec Imprimé Motivational - Confort et Style Unique - TSH25SPRO20238TM1 - Café / XL,TOWN TEAM,129.00,449.00,71,En stock,N/A,
Justyol,Homme,Men,T-shirt homme manches courtes imprimé – Style streetwear moderne - TSH25SPRO20438TM1 - Mauve / S,TOWN TEAM,189.00,479.00,61,En stock,N/A,
Justyol,Homme,Men,Chemise Oversized Homme - Look Détendu et Confortable - SSH24SECC19512TM1 - Black / S,TOWN TEAM,189.00,479.00,61,En stock,N/A,
Justyol,Homme,Men,Shorts Homme Cargo - Confort et Praticité au Quotidien - SHR24SGBC23172TM1 - Grey / 34,TOWN TEAM,199.00,499.00,60,En stock,N/A,
Justyol,Homme,Men,Shorts Cargo Homme Regular Fit – Confort et Praticité - SHR24SGBC23173TM1 - Café / 33,TOWN TEAM,139.00,479.00,71,En stock,N/A,
Justyol,Homme,Men,Short jean homme noir – Regular Fit - SHR24SDSP30194TM1 - Black / 38,TOWN TEAM,139.00,479.00,71,En stock,N/A,
Justyol,Homme,Men,Short de Bain Homme - Confortable et Stylé pour l'Été - SWO25SSTE11444TM1 - Navy / L,TOWN TEAM,119.00,399.00,70,En stock,N/A,
Justyol,Homme,Men,Shorts de Bain Homme à Imprimé Dynamique - Confort et Style Estival - SWO25SSAE11443TM1 - Olive/Yell / XL,TOWN TEAM,119.00,399.00,70,En stock,N/A,
Justyol,Homme,Men,Short en jean homme regular fit – Style urbain imprimé - SHR24SDAP30193TM1 - White / 32,TOWN TEAM,129.00,439.00,71,En stock,N/A,
Justyol,Homme,Men,Short de Bain Homme avec Motif Graphique - Confort et Style - SWO25SSAE11445TM1 - Black / XL,TOWN TEAM,119.00,399.00,70,En stock,N/A,
Justyol,Homme,Men,Chemise Oversized Homme - Look Détendu et Confortable - SSH24SECC19512TM1 - Black / XL,TOWN TEAM,189.00,479.00,61,En stock,N/A,
Justyol,Homme,Men,Shorts Homme Cargo - Confort et Praticité au Quotidien - SHR24SGBC23172TM1 - Grey / 36,TOWN TEAM,199.00,499.00,60,En stock,N/A,
Justyol,Homme,Men,Shorts Cargo Homme Regular Fit – Confort et Praticité - SHR24SGBC23173TM1 - Café / 34,TOWN TEAM,139.00,479.00,71,En stock,N/A,
Justyol,Homme,Men,Short jean homme noir – Regular Fit - SHR24SDSP30194TM1 - Black / 33,TOWN TEAM,139.00,479.00,71,En stock,N/A,
Justyol,Homme,Men,Short de Bain Homme - Confortable et Stylé pour l'Été - SWO25SSTE11444TM1 - Navy / 3XL,TOWN TEAM,119.00,399.00,70,En stock,N/A,
Justyol,Homme,Men,Shorts de Bain Homme à Imprimé Dynamique - Confort et Style Estival - SWO25SSAE11443TM1 - Olive/Yell / 2XL,TOWN TEAM,119.00,399.00,70,En stock,N/A,
Justyol,Homme,Men,Short en jean homme regular fit – Style urbain imprimé - SHR24SDAP30193TM1 - White / 40,TOWN TEAM,129.00,439.00,71,En stock,N/A,
Justyol,Homme,Men,Shorts Homme Cargo - Confort et Praticité au Quotidien - SHR24SGBC23172TM1 - Grey / 40,TOWN TEAM,199.00,499.00,60,En stock,N/A,
Justyol,Homme,Men,Shorts Cargo Homme Regular Fit – Confort et Praticité - SHR24SGBC23173TM1 - Café / 40,TOWN TEAM,139.00,479.00,71,En stock,N/A,
Justyol,Homme,Men,Short jean homme noir – Regular Fit - SHR24SDSP30194TM1 - Black / 32,TOWN TEAM,139.00,479.00,71,En stock,N/A,
Justyol,Homme,Men,Short en jean homme regular fit – Style urbain imprimé - SHR24SDAP30193TM1 - White / 30,TOWN TEAM,129.00,439.00,71,En stock,N/A,
Justyol,Homme,Men,Polo Homme Noir et Gris à Col Zippé – Coupe Slim et Style Moderne - POS25SKTW21866TM1 - BLK/GRY / 2XL,TOWN TEAM,219.00,559.00,61,En stock,N/A,
Justyol,Homme,Men,Polo homme off-white en tricot – Style décontracté et aérien - POS25SNTV21027TM1 - OFF WHIT / L,TOWN TEAM,169.00,559.00,70,En stock,N/A,
Justyol,Homme,Men,"T-shirt noir homme avec imprimé ""TRY HARDER"" – Style sportif et motivant - TSH25SBRS20527TM1 - Black / M",TOWN TEAM,139.00,479.00,71,En stock,N/A,
Justyol,Homme,Men,"T-shirt noir homme avec imprimé ""WEEKEND"" – Style décontracté et tendance - TSH25SPR20412TM1 - Black / 2XL",TOWN TEAM,139.00,479.00,71,En stock,N/A,
Justyol,Homme,Men,Polo Homme Rouge Brique – Style Élégant et Décontracté - POS25SNTR21010TM1 - Brick / 5XL,TOWN TEAM,139.00,479.00,71,En stock,N/A,
Justyol,Homme,Men,"T-shirt Homme Noir ""NATURE WHISPERS"" – Style Minimaliste et Moderne - TSH24SBRO20173TM1 - Black / L",TOWN TEAM,189.00,479.00,61,En stock,N/A,
Justyol,Homme,Men,Polo Homme Regular Fit – Col Rayé Coloré en Noir – POS25SPPR21919TM1 - Black / L,TOWN TEAM,139.00,479.00,71,En stock,N/A,
Justyol,Homme,Men,Polo Homme Vert – Style Casual et Confortable - POS24SNTR21765TM1 - Mint / M,TOWN TEAM,179.00,439.00,59,En stock,N/A,
Justyol,Homme,Men,Polo Homme Regular Fit – POS24SNTR21770TM1 - Wine / 5XL,TOWN TEAM,199.00,499.00,60,En stock,N/A,
Justyol,Homme,Men,T-shirt Homme Texturé – Design Élégant – TSH24SBRO20084TM1 - Black / 2XL,TOWN TEAM,159.00,399.00,60,En stock,N/A,
Justyol,Homme,Men,Chemise Homme Regular Fit – Couleurs Havana et Mid Green – SHI24SEPR19474TM1 - Navy / L,TOWN TEAM,149.00,499.00,70,En stock,N/A,
Justyol,Homme,Men,T-shirt Homme Oversized Fit – Noir – TSH24SBRO20083TM1 - Black / S,TOWN TEAM,139.00,359.00,61,En stock,N/A,
Justyol,Homme,Men,Polo Homme – Imprimé ‘Sunpoint’ avec Design Unique – POS24SPPR21838TM1 - Khaki / M,TOWN TEAM,129.00,439.00,71,En stock,N/A,
Justyol,Homme,Men,T-shirt Homme Oversized Fit – Couleurs Army et Navy – TSH24SPRO20108TM1 - Navy / XL,TOWN TEAM,129.00,439.00,71,En stock,N/A,
Justyol,Homme,Men,T-shirt Homme Relaxed Fit – Style Décontracté à Rayures – TSH24SPRR20148TM1 - Olive / 3XL,TOWN TEAM,199.00,499.00,60,En stock,N/A,
Justyol,Homme,Men,"Ensemble Homme ""Authentic Leadership"" – Style Décontracté et Moderne - TST25SSNP15028TM1 - Black / M",TOWN TEAM,339.00,859.00,61,En stock,N/A,
Justyol,Homme,Men,T-shirt Homme Off-White Oversized Imprimé Guilty – Style Minimaliste - TSH25SPRO20515TM1 - OFF WHIT / XL,TOWN TEAM,179.00,439.00,59,En stock,N/A,
Justyol,Homme,Men,T-shirt Graphique Marron pour Homme - Style Moderne et Confortable - TSH25SPRO20460TM1 - Brown / M,TOWN TEAM,189.00,479.00,61,En stock,N/A,
Justyol,Homme,Men,T-shirt oversize homme – Style décontracté et moderne - TSH25STRO20267TM1 - Wine / 2XL,TOWN TEAM,159.00,399.00,60,En stock,N/A,
Justyol,Homme,Men,"T-shirt homme off-white avec imprimé ""PROGRESS"" – Style motivant et moderne - TSH25SPRO20405TM1 - OFF WHIT / S",TOWN TEAM,159.00,399.00,60,En stock,N/A,
Justyol,Homme,Men,T-shirt orange homme avec imprimé – Style décontracté et moderne - TSH25SBRS20539TM1 - D-ORANGE / M,TOWN TEAM,199.00,499.00,60,En stock,N/A,
Justyol,Homme,Men,"T-shirt Homme Off-White avec Imprimé ""CAUSE"" – Style Minimaliste et Moderne - TSH25SPRO20402TM1 - OFF WHIT / L",TOWN TEAM,159.00,399.00,60,En stock,N/A,
Justyol,Homme,Men,T-shirt Homme Oversized Fit – Imprimé ‘DO WHAT IS RIGHT’ en Noir – TSH25SPRO20392TM1 - Black / M,TOWN TEAM,179.00,439.00,59,En stock,N/A,
Justyol,Homme,Men,T-shirt Homme Oversized – Style Urbain et Confort Exceptionnel – TSH24SPRO20054TM1 - Black / S,TOWN TEAM,189.00,479.00,61,En stock,N/A,
Justyol,Homme,Men,"T-shirt Homme ""Rock & Roll"" – Style Vintage et Dynamique - TSH25SPRO20440TM1 - Wine / S",TOWN TEAM,159.00,399.00,60,En stock,N/A,
Justyol,Homme,Men,Short Homme Oversized Fit – Confort et Style Décontracté – SHR24SMBX15002TM1 - OFF WHIT / S,TOWN TEAM,119.00,399.00,70,En stock,N/A,
Justyol,Homme,Men,Short Homme Comfort Fit – Imprimé ‘Keep Simple SOME’ – SHR24SMPS29161TM1 - Beige / XL,TOWN TEAM,129.00,439.00,71,En stock,N/A,
Justyol,Homme,Men,Short Homme Comfort Fit – Imprimé ‘Naughty & Fun’ – SHR24SMPS29160TM1 - Black / M,TOWN TEAM,129.00,439.00,71,En stock,N/A,
Justyol,Homme,Men,"Ensemble T-shirt et Short pour homme – Rayures beige, confortable et décontracté - TST25SSSS15005TM1 - Beige / M",TOWN TEAM,189.00,959.00,80,En stock,N/A,
Justyol,Homme,Men,Short de Bain Homme Corail à Imprimé Crabe – Style Estival et Confortable - SWO24SSAE11429TM1 - Coral / 4XL,TOWN TEAM,79.00,359.00,78,En stock,N/A,
Justyol,Homme,Men,Short de bain tie-dye gris pour homme - Confort et style pour l'été - SWO24SSTE11396TM1 - Pink / 4XL,TOWN TEAM,79.00,399.00,80,En stock,N/A,
Justyol,Homme,Men,Pantalon Chino Homme – Élégance et Confort au Quotidien - TRO24WCKT23583TM1 - Navy / 36,TOWN TEAM,189.00,479.00,61,En stock,N/A,
Justyol,Homme,Men,Jean slim homme - Confort et style moderne - JNS22SFDN22965TM1 - Black / 29,TOWN TEAM,159.00,399.00,60,En stock,N/A,
Justyol,Homme,Men,Chemise Homme Oversized Imprimée Noir et Blanc – Style Casual Moderne - SSH24SACR19489TM1 - WHT/BLK / 5XL,TOWN TEAM,189.00,479.00,61,En stock,N/A,
Justyol,Homme,Men,Chemise oversize à rayures vertes et blanches homme – Style décontracté et moderne - SSH25SSCC16106TM1 - OLV/WHT / 2XL,TOWN TEAM,219.00,559.00,61,En stock,N/A,
Justyol,Homme,Men,Polo Homme Noir et Gris à Col Zippé – Coupe Slim et Style Moderne - POS25SKTW21866TM1 - BLK/GRY / XL,TOWN TEAM,219.00,559.00,61,En stock,N/A,
Justyol,Homme,Men,Polo homme off-white en tricot – Style décontracté et aérien - POS25SNTV21027TM1 - OFF WHIT / S,TOWN TEAM,169.00,559.00,70,En stock,N/A,
Justyol,Homme,Men,"T-shirt noir homme avec imprimé ""TRY HARDER"" – Style sportif et motivant - TSH25SBRS20527TM1 - Black / L",TOWN TEAM,139.00,479.00,71,En stock,N/A,
Justyol,Homme,Men,Polo Homme Rouge Brique – Style Élégant et Décontracté - POS25SNTR21010TM1 - Green / 6XL,TOWN TEAM,139.00,479.00,71,En stock,N/A,
Justyol,Homme,Men,Polo Homme Regular Fit – Col Rayé Coloré en Noir – POS25SPPR21919TM1 - Black / M,TOWN TEAM,139.00,479.00,71,En stock,N/A,
Justyol,Homme,Men,Polo Homme Vert – Style Casual et Confortable - POS24SNTR21765TM1 - Mint / S,TOWN TEAM,179.00,439.00,59,En stock,N/A,
Justyol,Homme,Men,Polo Homme Regular Fit – POS24SNTR21770TM1 - Wine / 6XL,TOWN TEAM,199.00,499.00,60,En stock,N/A,
Justyol,Homme,Men,T-shirt Homme Texturé – Design Élégant – TSH24SBRO20084TM1 - Black / M,TOWN TEAM,159.00,399.00,60,En stock,N/A,
Justyol,Homme,Men,Chemise Homme Regular Fit – Couleurs Havana et Mid Green – SHI24SEPR19474TM1 - Havan / 5XL,TOWN TEAM,149.00,499.00,70,En stock,N/A,
Justyol,Homme,Men,T-shirt Homme Oversized Fit – Noir – TSH24SBRO20083TM1 - Black / L,TOWN TEAM,139.00,359.00,61,En stock,N/A,
Justyol,Homme,Men,Polo Homme – Imprimé ‘Sunpoint’ avec Design Unique – POS24SPPR21838TM1 - Khaki / 3XL,TOWN TEAM,129.00,439.00,71,En stock,N/A,
Justyol,Homme,Men,T-shirt Homme Oversized Fit – Couleurs Army et Navy – TSH24SPRO20108TM1 - Navy / 2XL,TOWN TEAM,129.00,439.00,71,En stock,N/A,
Justyol,Homme,Men,T-shirt Homme Relaxed Fit – Style Décontracté à Rayures – TSH24SPRR20148TM1 - Olive / 2XL,TOWN TEAM,199.00,499.00,60,En stock,N/A,
Justyol,Homme,Men,"Ensemble Homme ""Authentic Leadership"" – Style Décontracté et Moderne - TST25SSNP15028TM1 - Orange / 4XL",TOWN TEAM,339.00,859.00,61,En stock,N/A,
Justyol,Homme,Men,T-shirt Graphique Marron pour Homme - Style Moderne et Confortable - TSH25SPRO20460TM1 - Brown / L,TOWN TEAM,189.00,479.00,61,En stock,N/A,
Justyol,Homme,Men,T-shirt oversize homme – Style décontracté et moderne - TSH25STRO20267TM1 - Wine / 3XL,TOWN TEAM,159.00,399.00,60,En stock,N/A,
Justyol,Homme,Men,"T-shirt homme off-white avec imprimé ""PROGRESS"" – Style motivant et moderne - TSH25SPRO20405TM1 - OFF WHIT / XL",TOWN TEAM,159.00,399.00,60,En stock,N/A,
Justyol,Homme,Men,T-shirt orange homme avec imprimé – Style décontracté et moderne - TSH25SBRS20539TM1 - D-ORANGE / L,TOWN TEAM,199.00,499.00,60,En stock,N/A,
Justyol,Homme,Men,"T-shirt Homme Off-White avec Imprimé ""CAUSE"" – Style Minimaliste et Moderne - TSH25SPRO20402TM1 - OFF WHIT / 2XL",TOWN TEAM,159.00,399.00,60,En stock,N/A,
Justyol,Homme,Men,T-shirt Homme Oversized Fit – Imprimé ‘DO WHAT IS RIGHT’ en Noir – TSH25SPRO20392TM1 - Black / S,TOWN TEAM,179.00,439.00,59,En stock,N/A,
Justyol,Homme,Men,T-shirt Homme Oversized – Style Urbain et Confort Exceptionnel – TSH24SPRO20054TM1 - Black / L,TOWN TEAM,189.00,479.00,61,En stock,N/A,
Justyol,Homme,Men,"T-shirt Homme ""Rock & Roll"" – Style Vintage et Dynamique - TSH25SPRO20440TM1 - Wine / L",TOWN TEAM,159.00,399.00,60,En stock,N/A,
Justyol,Homme,Men,Short Homme Oversized Fit – Confort et Style Décontracté – SHR24SMBX15002TM1 - OFF WHIT / L,TOWN TEAM,119.00,399.00,70,En stock,N/A,
Justyol,Homme,Men,Short Homme Comfort Fit – Imprimé ‘Keep Simple SOME’ – SHR24SMPS29161TM1 - Beige / M,TOWN TEAM,129.00,439.00,71,En stock,N/A,
Justyol,Homme,Men,Short Homme Comfort Fit – Imprimé ‘Naughty & Fun’ – SHR24SMPS29160TM1 - Black / XL,TOWN TEAM,129.00,439.00,71,En stock,N/A,
Justyol,Homme,Men,"Ensemble T-shirt et Short pour homme – Rayures beige, confortable et décontracté - TST25SSSS15005TM1 - Beige / S",TOWN TEAM,189.00,959.00,80,En stock,N/A,
Justyol,Homme,Men,Pantalon Chino Homme – Élégance et Confort au Quotidien - TRO24WCKT23583TM1 - Navy / 38,TOWN TEAM,189.00,479.00,61,En stock,N/A,
Justyol,Homme,Men,Jean slim homme - Confort et style moderne - JNS22SFDN22965TM1 - Black / 30,TOWN TEAM,159.00,399.00,60,En stock,N/A,
Justyol,Homme,Men,Polo Homme Noir et Gris à Col Zippé – Coupe Slim et Style Moderne - POS25SKTW21866TM1 - BLK/GRY / M,TOWN TEAM,219.00,559.00,61,En stock,N/A,
Justyol,Homme,Men,Polo homme off-white en tricot – Style décontracté et aérien - POS25SNTV21027TM1 - OFF WHIT / XL,TOWN TEAM,169.00,559.00,70,En stock,N/A,
Justyol,Homme,Men,Polo Homme Rouge Brique – Style Élégant et Décontracté - POS25SNTR21010TM1 - Brick / 7XL,TOWN TEAM,139.00,479.00,71,En stock,N/A,
Justyol,Homme,Men,Polo Homme Regular Fit – Col Rayé Coloré en Noir – POS25SPPR21919TM1 - Black / S,TOWN TEAM,139.00,479.00,71,En stock,N/A,
Justyol,Homme,Men,Polo Homme Vert – Style Casual et Confortable - POS24SNTR21765TM1 - Mint / 3XL,TOWN TEAM,179.00,439.00,59,En stock,N/A,
Justyol,Homme,Men,Polo Homme Regular Fit – POS24SNTR21770TM1 - Beige / S,TOWN TEAM,199.00,499.00,60,En stock,N/A,
Justyol,Homme,Men,T-shirt Homme Texturé – Design Élégant – TSH24SBRO20084TM1 - Black / L,TOWN TEAM,159.00,399.00,60,En stock,N/A,
Justyol,Homme,Men,T-shirt Homme Oversized Fit – Noir – TSH24SBRO20083TM1 - Black / M,TOWN TEAM,139.00,359.00,61,En stock,N/A,
Justyol,Homme,Men,Polo Homme – Imprimé ‘Sunpoint’ avec Design Unique – POS24SPPR21838TM1 - Khaki / S,TOWN TEAM,129.00,439.00,71,En stock,N/A,
Justyol,Homme,Men,T-shirt Homme Oversized Fit – Couleurs Army et Navy – TSH24SPRO20108TM1 - Navy / 4XL,TOWN TEAM,129.00,439.00,71,En stock,N/A,
Justyol,Homme,Men,T-shirt Homme Relaxed Fit – Style Décontracté à Rayures – TSH24SPRR20148TM1 - Olive / S,TOWN TEAM,199.00,499.00,60,En stock,N/A,
Justyol,Homme,Men,"Ensemble Homme ""Authentic Leadership"" – Style Décontracté et Moderne - TST25SSNP15028TM1 - Black / XL",TOWN TEAM,339.00,859.00,61,En stock,N/A,
Justyol,Homme,Men,T-shirt Graphique Marron pour Homme - Style Moderne et Confortable - TSH25SPRO20460TM1 - Brown / XL,TOWN TEAM,189.00,479.00,61,En stock,N/A,
Justyol,Homme,Men,T-shirt oversize homme – Style décontracté et moderne - TSH25STRO20267TM1 - Wine / XL,TOWN TEAM,159.00,399.00,60,En stock,N/A,
Justyol,Homme,Men,"T-shirt homme off-white avec imprimé ""PROGRESS"" – Style motivant et moderne - TSH25SPRO20405TM1 - OFF WHIT / 2XL",TOWN TEAM,159.00,399.00,60,En stock,N/A,
Justyol,Homme,Men,T-shirt Homme Oversized Fit – Imprimé ‘DO WHAT IS RIGHT’ en Noir – TSH25SPRO20392TM1 - Black / XL,TOWN TEAM,179.00,439.00,59,En stock,N/A,
Justyol,Homme,Men,T-shirt Homme Oversized – Style Urbain et Confort Exceptionnel – TSH24SPRO20054TM1 - Black / M,TOWN TEAM,189.00,479.00,61,En stock,N/A,
Justyol,Homme,Men,"T-shirt Homme ""Rock & Roll"" – Style Vintage et Dynamique - TSH25SPRO20440TM1 - Wine / 2XL",TOWN TEAM,159.00,399.00,60,En stock,N/A,
Justyol,Homme,Men,Short Homme Oversized Fit – Confort et Style Décontracté – SHR24SMBX15002TM1 - OFF WHIT / 3XL,TOWN TEAM,119.00,399.00,70,En stock,N/A,
Justyol,Homme,Men,Short Homme Comfort Fit – Imprimé ‘Keep Simple SOME’ – SHR24SMPS29161TM1 - Beige / 3XL,TOWN TEAM,129.00,439.00,71,En stock,N/A,
Justyol,Homme,Men,Short Homme Comfort Fit – Imprimé ‘Naughty & Fun’ – SHR24SMPS29160TM1 - Black / 2XL,TOWN TEAM,129.00,439.00,71,En stock,N/A,
Justyol,Homme,Men,"Ensemble T-shirt et Short pour homme – Rayures beige, confortable et décontracté - TST25SSSS15005TM1 - Beige / L",TOWN TEAM,189.00,959.00,80,En stock,N/A,
Justyol,Homme,Men,Polo Homme Noir et Gris à Col Zippé – Coupe Slim et Style Moderne - POS25SKTW21866TM1 - BLK/GRY / L,TOWN TEAM,219.00,559.00,61,En stock,N/A,
Justyol,Homme,Men,Polo homme off-white en tricot – Style décontracté et aérien - POS25SNTV21027TM1 - OFF WHIT / 4XL,TOWN TEAM,169.00,559.00,70,En stock,N/A,
Justyol,Homme,Men,Polo Homme Rouge Brique – Style Élégant et Décontracté - POS25SNTR21010TM1 - Brick / 6XL,TOWN TEAM,139.00,479.00,71,En stock,N/A,
Justyol,Homme,Men,Polo Homme Regular Fit – Col Rayé Coloré en Noir – POS25SPPR21919TM1 - Black / 3XL,TOWN TEAM,139.00,479.00,71,En stock,N/A,
Justyol,Homme,Men,Polo Homme Vert – Style Casual et Confortable - POS24SNTR21765TM1 - Mint / 4XL,TOWN TEAM,179.00,439.00,59,En stock,N/A,
Justyol,Homme,Men,Polo Homme Regular Fit – POS24SNTR21770TM1 - Beige / 4XL,TOWN TEAM,199.00,499.00,60,En stock,N/A,
Justyol,Homme,Men,T-shirt Homme Texturé – Design Élégant – TSH24SBRO20084TM1 - Black / XL,TOWN TEAM,159.00,399.00,60,En stock,N/A,
Justyol,Homme,Men,Polo Homme – Imprimé ‘Sunpoint’ avec Design Unique – POS24SPPR21838TM1 - Khaki / 2XL,TOWN TEAM,129.00,439.00,71,En stock,N/A,
Justyol,Homme,Men,T-shirt Homme Oversized Fit – Couleurs Army et Navy – TSH24SPRO20108TM1 - Army / 2XL,TOWN TEAM,129.00,439.00,71,En stock,N/A,
Justyol,Homme,Men,T-shirt Homme Relaxed Fit – Style Décontracté à Rayures – TSH24SPRR20148TM1 - Olive / L,TOWN TEAM,199.00,499.00,60,En stock,N/A,
Justyol,Homme,Men,"Ensemble Homme ""Authentic Leadership"" – Style Décontracté et Moderne - TST25SSNP15028TM1 - Black / S",TOWN TEAM,339.00,859.00,61,En stock,N/A,
Justyol,Homme,Men,T-shirt oversize homme – Style décontracté et moderne - TSH25STRO20267TM1 - Wine / S,TOWN TEAM,159.00,399.00,60,En stock,N/A,
Justyol,Homme,Men,"T-shirt homme off-white avec imprimé ""PROGRESS"" – Style motivant et moderne - TSH25SPRO20405TM1 - OFF WHIT / M",TOWN TEAM,159.00,399.00,60,En stock,N/A,
Justyol,Homme,Men,T-shirt Homme Oversized Fit – Imprimé ‘DO WHAT IS RIGHT’ en Noir – TSH25SPRO20392TM1 - Black / L,TOWN TEAM,179.00,439.00,59,En stock,N/A,
Justyol,Homme,Men,Short Homme Oversized Fit – Confort et Style Décontracté – SHR24SMBX15002TM1 - OFF WHIT / 2XL,TOWN TEAM,119.00,399.00,70,En stock,N/A,
Justyol,Homme,Men,Short Homme Comfort Fit – Imprimé ‘Keep Simple SOME’ – SHR24SMPS29161TM1 - Beige / 4XL,TOWN TEAM,129.00,439.00,71,En stock,N/A,
Justyol,Homme,Men,Short Homme Comfort Fit – Imprimé ‘Naughty & Fun’ – SHR24SMPS29160TM1 - Black / 3XL,TOWN TEAM,129.00,439.00,71,En stock,N/A,
Justyol,Homme,Men,"Ensemble T-shirt et Short pour homme – Rayures beige, confortable et décontracté - TST25SSSS15005TM1 - Beige / XL",TOWN TEAM,189.00,959.00,80,En stock,N/A,
Justyol,Homme,Men,Polo Homme Noir et Gris à Col Zippé – Coupe Slim et Style Moderne - POS25SKTW21866TM1 - BLK/GRY / S,TOWN TEAM,219.00,559.00,61,En stock,N/A,
Justyol,Homme,Men,Polo homme off-white en tricot – Style décontracté et aérien - POS25SNTV21027TM1 - OFF WHIT / M,TOWN TEAM,169.00,559.00,70,En stock,N/A,
Justyol,Homme,Men,Polo Homme Rouge Brique – Style Élégant et Décontracté - POS25SNTR21010TM1 - Green / 5XL,TOWN TEAM,139.00,479.00,71,En stock,N/A,
Justyol,Homme,Men,Polo Homme Vert – Style Casual et Confortable - POS24SNTR21765TM1 - Mint / 5XL,TOWN TEAM,179.00,439.00,59,En stock,N/A,
Justyol,Homme,Men,Polo Homme Regular Fit – POS24SNTR21770TM1 - Beige / 5XL,TOWN TEAM,199.00,499.00,60,En stock,N/A,
Justyol,Homme,Men,Polo Homme – Imprimé ‘Sunpoint’ avec Design Unique – POS24SPPR21838TM1 - Khaki / L,TOWN TEAM,129.00,439.00,71,En stock,N/A,
Justyol,Homme,Men,T-shirt Homme Oversized Fit – Couleurs Army et Navy – TSH24SPRO20108TM1 - Army / L,TOWN TEAM,129.00,439.00,71,En stock,N/A,
Justyol,Homme,Men,T-shirt Homme Relaxed Fit – Style Décontracté à Rayures – TSH24SPRR20148TM1 - Olive / XL,TOWN TEAM,199.00,499.00,60,En stock,N/A,
Justyol,Homme,Men,"Ensemble Homme ""Authentic Leadership"" – Style Décontracté et Moderne - TST25SSNP15028TM1 - Orange / 2XL",TOWN TEAM,339.00,859.00,61,En stock,N/A,
Justyol,Homme,Men,T-shirt oversize homme – Style décontracté et moderne - TSH25STRO20267TM1 - Wine / M,TOWN TEAM,159.00,399.00,60,En stock,N/A,
Justyol,Homme,Men,"T-shirt homme off-white avec imprimé ""PROGRESS"" – Style motivant et moderne - TSH25SPRO20405TM1 - OFF WHIT / L",TOWN TEAM,159.00,399.00,60,En stock,N/A,
Justyol,Homme,Men,Short Homme Oversized Fit – Confort et Style Décontracté – SHR24SMBX15002TM1 - OFF WHIT / M,TOWN TEAM,119.00,399.00,70,En stock,N/A,
Justyol,Homme,Men,Short Homme Comfort Fit – Imprimé ‘Keep Simple SOME’ – SHR24SMPS29161TM1 - Beige / 2XL,TOWN TEAM,129.00,439.00,71,En stock,N/A,
Justyol,Homme,Men,Short Homme Comfort Fit – Imprimé ‘Naughty & Fun’ – SHR24SMPS29160TM1 - Black / 4XL,TOWN TEAM,129.00,439.00,71,En stock,N/A,
Justyol,Homme,Men,"Ensemble T-shirt et Short pour homme – Rayures beige, confortable et décontracté - TST25SSSS15005TM1 - Beige / 2XL",TOWN TEAM,189.00,959.00,80,En stock,N/A,
Justyol,Homme,Men,Polo Homme Rouge Brique – Style Élégant et Décontracté - POS25SNTR21010TM1 - Green / XL,TOWN TEAM,139.00,479.00,71,En stock,N/A,
Justyol,Homme,Men,Polo Homme Regular Fit – POS24SNTR21770TM1 - Beige / 6XL,TOWN TEAM,199.00,499.00,60,En stock,N/A,
Justyol,Homme,Men,Polo Homme – Imprimé ‘Sunpoint’ avec Design Unique – POS24SPPR21838TM1 - Khaki / XL,TOWN TEAM,129.00,439.00,71,En stock,N/A,
Justyol,Homme,Men,T-shirt Homme Oversized Fit – Couleurs Army et Navy – TSH24SPRO20108TM1 - Army / XL,TOWN TEAM,129.00,439.00,71,En stock,N/A,
Justyol,Homme,Men,"Ensemble Homme ""Authentic Leadership"" – Style Décontracté et Moderne - TST25SSNP15028TM1 - Orange / M",TOWN TEAM,339.00,859.00,61,En stock,N/A,
Justyol,Homme,Men,T-shirt oversize homme – Style décontracté et moderne - TSH25STRO20267TM1 - Wine / L,TOWN TEAM,159.00,399.00,60,En stock,N/A,
Justyol,Homme,Men,"T-shirt homme off-white avec imprimé ""PROGRESS"" – Style motivant et moderne - TSH25SPRO20405TM1 - OFF WHIT / 3XL",TOWN TEAM,159.00,399.00,60,En stock,N/A,
Justyol,Homme,Men,Short Homme Oversized Fit – Confort et Style Décontracté – SHR24SMBX15002TM1 - OFF WHIT / XL,TOWN TEAM,119.00,399.00,70,En stock,N/A,
Justyol,Homme,Men,Short Homme Comfort Fit – Imprimé ‘Keep Simple SOME’ – SHR24SMPS29161TM1 - Beige / L,TOWN TEAM,129.00,439.00,71,En stock,N/A,
Justyol,Homme,Men,Short Homme Comfort Fit – Imprimé ‘Naughty & Fun’ – SHR24SMPS29160TM1 - Black / L,TOWN TEAM,129.00,439.00,71,En stock,N/A,
Justyol,Homme,Men,Polo Homme Rouge Brique – Style Élégant et Décontracté - POS25SNTR21010TM1 - Green / L,TOWN TEAM,139.00,479.00,71,En stock,N/A,
Justyol,Homme,Men,Polo Homme Regular Fit – POS24SNTR21770TM1 - Black / S,TOWN TEAM,199.00,499.00,60,En stock,N/A,
Justyol,Homme,Men,Polo Homme – Imprimé ‘Sunpoint’ avec Design Unique – POS24SPPR21838TM1 - Black / XL,TOWN TEAM,129.00,439.00,71,En stock,N/A,
Justyol,Homme,Men,"Ensemble Homme ""Authentic Leadership"" – Style Décontracté et Moderne - TST25SSNP15028TM1 - Black / L",TOWN TEAM,339.00,859.00,61,En stock,N/A,
Justyol,Homme,Men,T-shirt oversize homme – Style décontracté et moderne - TSH25STRO20267TM1 - Beige / 2XL,TOWN TEAM,159.00,399.00,60,En stock,N/A,
Justyol,Homme,Men,Short Homme Oversized Fit – Confort et Style Décontracté – SHR24SMBX15002TM1 - OFF WHIT / 4XL,TOWN TEAM,119.00,399.00,70,En stock,N/A,
Justyol,Homme,Men,Short Homme Comfort Fit – Imprimé ‘Keep Simple SOME’ – SHR24SMPS29161TM1 - Beige / S,TOWN TEAM,129.00,439.00,71,En stock,N/A,
Justyol,Homme,Men,Short Homme Comfort Fit – Imprimé ‘Naughty & Fun’ – SHR24SMPS29160TM1 - Black / S,TOWN TEAM,129.00,439.00,71,En stock,N/A,
Justyol,Homme,Men,Polo Homme Rouge Brique – Style Élégant et Décontracté - POS25SNTR21010TM1 - Green / M,TOWN TEAM,139.00,479.00,71,En stock,N/A,
Justyol,Homme,Men,Polo Homme Regular Fit – POS24SNTR21770TM1 - Black / M,TOWN TEAM,199.00,499.00,60,En stock,N/A,
Justyol,Homme,Men,Polo Homme – Imprimé ‘Sunpoint’ avec Design Unique – POS24SPPR21838TM1 - Khaki / 4XL,TOWN TEAM,129.00,439.00,71,En stock,N/A,
Justyol,Homme,Men,"Ensemble Homme ""Authentic Leadership"" – Style Décontracté et Moderne - TST25SSNP15028TM1 - Orange / XL",TOWN TEAM,339.00,859.00,61,En stock,N/A,
Justyol,Homme,Men,T-shirt oversize homme – Style décontracté et moderne - TSH25STRO20267TM1 - Beige / 3XL,TOWN TEAM,159.00,399.00,60,En stock,N/A,
Justyol,Homme,Men,Short Homme Oversized Fit – Confort et Style Décontracté – SHR24SMBX15002TM1 - Olive / S,TOWN TEAM,119.00,399.00,70,En stock,N/A,
Justyol,Homme,Men,Polo Homme Rouge Brique – Style Élégant et Décontracté - POS25SNTR21010TM1 - Brick / S,TOWN TEAM,139.00,479.00,71,En stock,N/A,
Justyol,Homme,Men,Polo Homme Regular Fit – POS24SNTR21770TM1 - Black / L,TOWN TEAM,199.00,499.00,60,En stock,N/A,
Justyol,Homme,Men,Polo Homme – Imprimé ‘Sunpoint’ avec Design Unique – POS24SPPR21838TM1 - Black / 2XL,TOWN TEAM,129.00,439.00,71,En stock,N/A,
Justyol,Homme,Men,"Ensemble Homme ""Authentic Leadership"" – Style Décontracté et Moderne - TST25SSNP15028TM1 - Orange / L",TOWN TEAM,339.00,859.00,61,En stock,N/A,
Justyol,Homme,Men,T-shirt oversize homme – Style décontracté et moderne - TSH25STRO20267TM1 - Beige / XL,TOWN TEAM,159.00,399.00,60,En stock,N/A,
Justyol,Homme,Men,Short Homme Oversized Fit – Confort et Style Décontracté – SHR24SMBX15002TM1 - Olive / L,TOWN TEAM,119.00,399.00,70,En stock,N/A,
Justyol,Homme,Men,Polo Homme Rouge Brique – Style Élégant et Décontracté - POS25SNTR21010TM1 - Green / S,TOWN TEAM,139.00,479.00,71,En stock,N/A,
Justyol,Homme,Men,Polo Homme Regular Fit – POS24SNTR21770TM1 - Black / 3XL,TOWN TEAM,199.00,499.00,60,En stock,N/A,
Justyol,Homme,Men,Polo Homme – Imprimé ‘Sunpoint’ avec Design Unique – POS24SPPR21838TM1 - Black / L,TOWN TEAM,129.00,439.00,71,En stock,N/A,
Justyol,Homme,Men,"Ensemble Homme ""Authentic Leadership"" – Style Décontracté et Moderne - TST25SSNP15028TM1 - Orange / S",TOWN TEAM,339.00,859.00,61,En stock,N/A,
Justyol,Homme,Men,T-shirt oversize homme – Style décontracté et moderne - TSH25STRO20267TM1 - Beige / S,TOWN TEAM,159.00,399.00,60,En stock,N/A,
Justyol,Homme,Men,Short Homme Oversized Fit – Confort et Style Décontracté – SHR24SMBX15002TM1 - Olive / 3XL,TOWN TEAM,119.00,399.00,70,En stock,N/A,
Justyol,Homme,Men,Polo Homme Rouge Brique – Style Élégant et Décontracté - POS25SNTR21010TM1 - Green / 2XL,TOWN TEAM,139.00,479.00,71,En stock,N/A,
Justyol,Homme,Men,Polo Homme Regular Fit – POS24SNTR21770TM1 - Black / 4XL,TOWN TEAM,199.00,499.00,60,En stock,N/A,
Justyol,Homme,Men,T-shirt oversize homme – Style décontracté et moderne - TSH25STRO20267TM1 - Beige / M,TOWN TEAM,159.00,399.00,60,En stock,N/A,
Justyol,Homme,Men,Short Homme Oversized Fit – Confort et Style Décontracté – SHR24SMBX15002TM1 - Olive / 2XL,TOWN TEAM,119.00,399.00,70,En stock,N/A,
Justyol,Homme,Men,Polo Homme Regular Fit – POS24SNTR21770TM1 - Black / 5XL,TOWN TEAM,199.00,499.00,60,En stock,N/A,
Justyol,Homme,Men,T-shirt oversize homme – Style décontracté et moderne - TSH25STRO20267TM1 - Beige / L,TOWN TEAM,159.00,399.00,60,En stock,N/A,
Justyol,Homme,Men,Short Homme Oversized Fit – Confort et Style Décontracté – SHR24SMBX15002TM1 - Olive / M,TOWN TEAM,119.00,399.00,70,En stock,N/A,
Justyol,Homme,Men,Polo Homme Regular Fit – POS24SNTR21770TM1 - Olive / S,TOWN TEAM,199.00,499.00,60,En stock,N/A,
Justyol,Homme,Men,Short Homme Oversized Fit – Confort et Style Décontracté – SHR24SMBX15002TM1 - Olive / XL,TOWN TEAM,119.00,399.00,70,En stock,N/A,
Justyol,Homme,Men,Polo Homme Regular Fit – POS24SNTR21770TM1 - Olive / 3XL,TOWN TEAM,199.00,499.00,60,En stock,N/A,
Justyol,Homme,Men,Short Homme Oversized Fit – Confort et Style Décontracté – SHR24SMBX15002TM1 - Olive / 4XL,TOWN TEAM,119.00,399.00,70,En stock,N/A,
Justyol,Homme,Men,Polo Homme Regular Fit – POS24SNTR21770TM1 - Olive / 4XL,TOWN TEAM,199.00,499.00,60,En stock,N/A,
Justyol,Homme,Men,Polo Homme Regular Fit – POS24SNTR21770TM1 - Olive / 5XL,TOWN TEAM,199.00,499.00,60,En stock,N/A,
Justyol,Homme,Men,Polo Homme Regular Fit – POS24SNTR21770TM1 - Olive / 6XL,TOWN TEAM,199.00,499.00,60,En stock,N/A,
Justyol,Homme,Men,Chemise Homme Slim Fit – Couleurs Noir et Off-White – SSH25SECR16110TM1 - Black / S,TOWN TEAM,149.00,499.00,70,En stock,N/A,
Justyol,Homme,Men,Chemise Slim Fit – Élégance et confort assurés - SSH24SERS19452TM1 - Black / 3XL,TOWN TEAM,129.00,439.00,71,En stock,N/A,
Justyol,Homme,Men,Chemise à motifs géométriques pour homme - Chemise moderne à manches courtes - SSH24SAVC19407TM1 - BLK/WHT / 2XL,TOWN TEAM,129.00,439.00,71,En stock,N/A,
Justyol,Homme,Men,Chemise à manches longues pour homme - Élégance et confort - SHI24SECX19435TM1 - Brick / 3XL,TOWN TEAM,159.00,499.00,68,En stock,N/A,
Justyol,Homme,Men,Chemise Homme à Motifs Géométriques – Coupe Décontractée et Confortable - SSH24SAEC19462TM1 - MULTICOL / XL,TOWN TEAM,129.00,439.00,71,En stock,N/A,
Justyol,Homme,Men,Chemise Homme à Motifs Tropicaux - Coupe Décontractée à Manches Courtes - SSH24SASR19436TM1 - WHT/ARM / 6XL,TOWN TEAM,129.00,439.00,71,En stock,N/A,
Justyol,Homme,Men,Chemise à Rayures Homme – Élégance et Confort Estival - SSH24SSCR19460TM1 - WHT/BEG / 2XL,TOWN TEAM,169.00,559.00,70,En stock,N/A,
Justyol,Homme,Men,Chemise à Rayures Homme – Élégance et Confort au Quotidien - SHI24SSCR17400TM1 - D-BLUE / 3XL,TOWN TEAM,179.00,599.00,70,En stock,N/A,
Justyol,Homme,Men,Pantalon Chino Homme – Confort et Style Décontracté - PAN22GFGA23193TM1 - Silver / 36,TOWN TEAM,239.00,479.00,50,En stock,N/A,
Justyol,Homme,Men,Pantalon Chino Homme – Élégance et Confort Moderne - PAN22GPAQ23191TM1 - Navy / 36,TOWN TEAM,239.00,479.00,50,En stock,N/A,
Justyol,Homme,Men,Pantalon Chino Homme – Élégance et Confort au Quotidien - PAN22GFGA23558TM1 - Grey/Stamp / 36,TOWN TEAM,159.00,399.00,60,En stock,N/A,
Justyol,Homme,Men,Shorts en jean graphique pour homme - Style décontracté et tendance - SHR24SDPP30201TM1 - Blue / 38,TOWN TEAM,139.00,479.00,71,En stock,N/A,
Justyol,Homme,Men,Baskets homme – Confort et design moderne - SHO25GCWL25624TM1 - White / 43,TOWN TEAM,349.00,699.00,50,En stock,N/A,
Justyol,Homme,Men,Baskets homme – Style décontracté avec lacets contrastés - SHO25GCML25618TM1 - White / 43,TOWN TEAM,379.00,759.00,50,En stock,N/A,
Justyol,Homme,Men,Baskets unisexes gris avec détails orange et semelle EVA - SHO25GPTL25611TM1 - Grey / 43,TOWN TEAM,349.00,699.00,50,En stock,N/A,
Justyol,Homme,Men,Baskets unisexes en mesh EVA - SHO25GCWL25625TM1 - BLU/WHT / 43,TOWN TEAM,299.00,599.00,50,En stock,N/A,
Justyol,Homme,Men,Baskets unisex en mesh avec semelle EVA - SHO25GCWL25623TM1 - White / 43,TOWN TEAM,309.00,629.00,51,En stock,N/A,
Justyol,Homme,Men,Jeans cargo ice blue homme – Confort et style décontracté - JOG25GDWL24012TM1 - Black / 2XL,TOWN TEAM,349.00,699.00,50,En stock,N/A,
Justyol,Homme,Men,T-shirt Homme Off-White à Rayures Verticales – Style Moderne et Élégant - TSH24SARO20129TM1 - OFF WHIT / 2XL,TOWN TEAM,159.00,399.00,60,En stock,N/A,
Justyol,Homme,Men,T-shirt Homme Off-White Imprimé “Life Dreams” – Style Urbain Moderne - TSH24SPRO20164TM1 - OFF WHIT / XL,TOWN TEAM,179.00,439.00,59,En stock,N/A,
Justyol,Homme,Men,T-shirt Homme Noir Coupe Droite – Style Minimaliste Casual - TSH24SPRO20103TM1 - Black / 4XL,TOWN TEAM,159.00,399.00,60,En stock,N/A,
Justyol,Homme,Men,T-shirt Homme Blanc Imprimé Graphique – Style Casual Moderne - TSH25SPRS20336TM1 - White / 4XL,TOWN TEAM,119.00,299.00,60,En stock,N/A,
Justyol,Homme,Men,T-shirt Homme Off-White Oversized Imprimé Zest Vert – Style Streetwear - TSH25SPRO20404TM1 - OFF WHIT / 3XL,TOWN TEAM,119.00,299.00,60,En stock,N/A,
Justyol,Homme,Men,T-shirt Homme Vert avec Poche – Style Casual Moderne - TSH24SPRO20160TM1 - Green / 5XL,TOWN TEAM,139.00,359.00,61,En stock,N/A,
Justyol,Homme,Men,T-shirt Homme Noir Imprimé Graphique – Style Urbain Décontracté - TSH25SPRO20324TM1 - Black / XL,TOWN TEAM,189.00,479.00,61,En stock,N/A,
Justyol,Homme,Men,"T-shirt pour homme ""It's time to shine"" – Couleur olive avec poche - TSH24SPRS20264TM1 - Olive / XL",TOWN TEAM,159.00,399.00,60,En stock,N/A,
Justyol,Homme,Men,T-shirt Oversized pour homme – Couleur camel avec coupe décontractée - TSH24SBRR20074TM1 - Camel / 2XL,TOWN TEAM,119.00,399.00,70,En stock,N/A,
Justyol,Homme,Men,T-shirt Homme Oversized Fit – Imprimé ‘ICONIC’ en Noir – TSH24SPRO20145TM1 - Black / M,TOWN TEAM,189.00,479.00,61,En stock,N/A,
Justyol,Homme,Men,T-shirt Homme Oversized Fit – Imprimé ‘Deny the Truth’ en Noir – TSH25SPRO20487TM1 - Black / S,TOWN TEAM,179.00,439.00,59,En stock,N/A,
Justyol,Homme,Men,"T-shirt décontracté ""Smiley"" Olive – Design Tie-Dye avec motif brodé - TSH24SARR20072TM1 - OLV/WHT / L",TOWN TEAM,199.00,439.00,55,En stock,N/A,
Justyol,Homme,Men,"T-shirt Oversized ""Fry and Fry Again!"" – Design amusant avec imprimé fries - TSH24SPRO20120TM1 - Black / XL",TOWN TEAM,129.00,439.00,71,En stock,N/A,
Justyol,Homme,Men,T-shirt oversize pour homme - Confort et style décontracté - TSH24SPRO20997TM1 - L-BEIGE / 3XL,TOWN TEAM,99.00,399.00,75,En stock,N/A,
Justyol,Homme,Men,"T-shirt Oversized ""Reality"" – Confort et style moderne - TSH24SPRO20049TM1 - OFF WHIT / 4XL",TOWN TEAM,119.00,399.00,70,En stock,N/A,
Justyol,Homme,Men,Chemise Homme Slim Fit – Couleurs Noir et Off-White – SSH25SECR16110TM1 - Black / M,TOWN TEAM,149.00,499.00,70,En stock,N/A,
Justyol,Homme,Men,Chemise Slim Fit – Élégance et confort assurés - SSH24SERS19452TM1 - Black / XL,TOWN TEAM,129.00,439.00,71,En stock,N/A,
Justyol,Homme,Men,Chemise à motifs géométriques pour homme - Chemise moderne à manches courtes - SSH24SAVC19407TM1 - BLK/WHT / 3XL,TOWN TEAM,129.00,439.00,71,En stock,N/A,
Justyol,Homme,Men,Chemise à manches longues pour homme - Élégance et confort - SHI24SECX19435TM1 - L-BEIGE / 2XL,TOWN TEAM,159.00,499.00,68,En stock,N/A,
Justyol,Homme,Men,Pantalon Chino Homme – Élégance et Confort au Quotidien - PAN22GFGA23558TM1 - Blue / 38,TOWN TEAM,159.00,399.00,60,En stock,N/A,
Justyol,Homme,Men,Baskets unisexes gris avec détails orange et semelle EVA - SHO25GPTL25611TM1 - Black / 43,TOWN TEAM,349.00,699.00,50,En stock,N/A,
Justyol,Homme,Men,T-shirt Homme Off-White à Rayures Verticales – Style Moderne et Élégant - TSH24SARO20129TM1 - OFF WHIT / XL,TOWN TEAM,159.00,399.00,60,En stock,N/A,
Justyol,Homme,Men,T-shirt Homme Off-White Imprimé “Life Dreams” – Style Urbain Moderne - TSH24SPRO20164TM1 - OFF WHIT / S,TOWN TEAM,179.00,439.00,59,En stock,N/A,
Justyol,Homme,Men,T-shirt Homme Off-White Oversized Imprimé Zest Vert – Style Streetwear - TSH25SPRO20404TM1 - OFF WHIT / 4XL,TOWN TEAM,119.00,299.00,60,En stock,N/A,
Justyol,Homme,Men,"T-shirt pour homme ""It's time to shine"" – Couleur olive avec poche - TSH24SPRS20264TM1 - Olive / S",TOWN TEAM,159.00,399.00,60,En stock,N/A,
Justyol,Homme,Men,T-shirt Oversized pour homme – Couleur camel avec coupe décontractée - TSH24SBRR20074TM1 - Camel / XL,TOWN TEAM,119.00,399.00,70,En stock,N/A,
Justyol,Homme,Men,T-shirt Homme Oversized Fit – Imprimé ‘ICONIC’ en Noir – TSH24SPRO20145TM1 - Black / XL,TOWN TEAM,189.00,479.00,61,En stock,N/A,
Justyol,Homme,Men,"T-shirt décontracté ""Smiley"" Olive – Design Tie-Dye avec motif brodé - TSH24SARR20072TM1 - OLV/WHT / 2XL",TOWN TEAM,199.00,439.00,55,En stock,N/A,
Justyol,Homme,Men,"T-shirt Oversized ""Fry and Fry Again!"" – Design amusant avec imprimé fries - TSH24SPRO20120TM1 - Black / 3XL",TOWN TEAM,129.00,439.00,71,En stock,N/A,
Justyol,Homme,Men,T-shirt oversize pour homme - Confort et style décontracté - TSH24SPRO20997TM1 - Black / 3XL,TOWN TEAM,99.00,399.00,75,En stock,N/A,
Justyol,Homme,Men,"T-shirt Oversized ""Reality"" – Confort et style moderne - TSH24SPRO20049TM1 - OFF WHIT / 6XL",TOWN TEAM,119.00,399.00,70,En stock,N/A,
Justyol,Homme,Men,Chemise Homme Slim Fit – Couleurs Noir et Off-White – SSH25SECR16110TM1 - Black / L,TOWN TEAM,149.00,499.00,70,En stock,N/A,
Justyol,Homme,Men,"T-shirt pour homme ""It's time to shine"" – Couleur olive avec poche - TSH24SPRS20264TM1 - Olive / 2XL",TOWN TEAM,159.00,399.00,60,En stock,N/A,
Justyol,Homme,Men,T-shirt Oversized pour homme – Couleur camel avec coupe décontractée - TSH24SBRR20074TM1 - Camel / S,TOWN TEAM,119.00,399.00,70,En stock,N/A,
Justyol,Homme,Men,T-shirt Homme Oversized Fit – Imprimé ‘ICONIC’ en Noir – TSH24SPRO20145TM1 - Black / L,TOWN TEAM,189.00,479.00,61,En stock,N/A,
Justyol,Homme,Men,"T-shirt Oversized ""Fry and Fry Again!"" – Design amusant avec imprimé fries - TSH24SPRO20120TM1 - Black / 2XL",TOWN TEAM,129.00,439.00,71,En stock,N/A,
Justyol,Homme,Men,"T-shirt Oversized ""Reality"" – Confort et style moderne - TSH24SPRO20049TM1 - OFF WHIT / 3XL",TOWN TEAM,119.00,399.00,70,En stock,N/A,
Justyol,Homme,Men,Chemise Homme Slim Fit – Couleurs Noir et Off-White – SSH25SECR16110TM1 - Black / XL,TOWN TEAM,149.00,499.00,70,En stock,N/A,
Justyol,Homme,Men,"T-shirt pour homme ""It's time to shine"" – Couleur olive avec poche - TSH24SPRS20264TM1 - Olive / L",TOWN TEAM,159.00,399.00,60,En stock,N/A,
Justyol,Homme,Men,T-shirt Oversized pour homme – Couleur camel avec coupe décontractée - TSH24SBRR20074TM1 - Camel / M,TOWN TEAM,119.00,399.00,70,En stock,N/A,
Justyol,Homme,Men,T-shirt Homme Oversized Fit – Imprimé ‘ICONIC’ en Noir – TSH24SPRO20145TM1 - Black / S,TOWN TEAM,189.00,479.00,61,En stock,N/A,
Justyol,Homme,Men,"T-shirt Oversized ""Fry and Fry Again!"" – Design amusant avec imprimé fries - TSH24SPRO20120TM1 - Black / L",TOWN TEAM,129.00,439.00,71,En stock,N/A,
Justyol,Homme,Men,Chemise Homme Slim Fit – Couleurs Noir et Off-White – SSH25SECR16110TM1 - OFF WHIT / 4XL,TOWN TEAM,149.00,499.00,70,En stock,N/A,
Justyol,Homme,Men,"T-shirt pour homme ""It's time to shine"" – Couleur olive avec poche - TSH24SPRS20264TM1 - Olive / M",TOWN TEAM,159.00,399.00,60,En stock,N/A,
Justyol,Homme,Men,T-shirt Oversized pour homme – Couleur camel avec coupe décontractée - TSH24SBRR20074TM1 - Camel / L,TOWN TEAM,119.00,399.00,70,En stock,N/A,
Justyol,Homme,Men,"T-shirt Oversized ""Fry and Fry Again!"" – Design amusant avec imprimé fries - TSH24SPRO20120TM1 - Black / S",TOWN TEAM,129.00,439.00,71,En stock,N/A,
Justyol,Homme,Men,Chemise Homme Slim Fit – Couleurs Noir et Off-White – SSH25SECR16110TM1 - Fuchsia / S,TOWN TEAM,149.00,499.00,70,En stock,N/A,
Justyol,Homme,Men,"T-shirt Oversized ""Fry and Fry Again!"" – Design amusant avec imprimé fries - TSH24SPRO20120TM1 - Black / M",TOWN TEAM,129.00,439.00,71,En stock,N/A,
Justyol,Homme,Men,Chemise Homme Slim Fit – Couleurs Noir et Off-White – SSH25SECR16110TM1 - Fuchsia / M,TOWN TEAM,149.00,499.00,70,En stock,N/A,
Justyol,Homme,Men,Chemise Homme Slim Fit – Couleurs Noir et Off-White – SSH25SECR16110TM1 - Fuchsia / L,TOWN TEAM,149.00,499.00,70,En stock,N/A,
Justyol,Homme,Men,Chemise Homme Slim Fit – Couleurs Noir et Off-White – SSH25SECR16110TM1 - Fuchsia / XL,TOWN TEAM,149.00,499.00,70,En stock,N/A,
Justyol,Homme,Men,Chemise Homme Slim Fit – Couleurs Noir et Off-White – SSH25SECR16110TM1 - Fuchsia / 2XL,TOWN TEAM,149.00,499.00,70,En stock,N/A,
Justyol,Homme,Men,Chemise Homme Slim Fit – Couleurs Noir et Off-White – SSH25SECR16110TM1 - Fuchsia / 3XL,TOWN TEAM,149.00,499.00,70,En stock,N/A,
Justyol,Homme,Men,T-shirt Homme Imprimé Flamme – Style Moderne et Décontracté - TSH24SPRO20192TM1 - Beige / 3XL,TOWN TEAM,99.00,359.00,72,En stock,N/A,
Justyol,Homme,Men,T-shirt à imprimé de personnage avec slogan - T-shirt décontracté pour homme - TSH24SPRO20032TM1 - OFF WHIT / 3XL,TOWN TEAM,119.00,399.00,70,En stock,N/A,
Justyol,Homme,Men,T-shirt Homme à Imprimé Graphique – Style Audacieux et Confort - TSH24SPRR20065TM1 - OFF WHIT / 3XL,TOWN TEAM,119.00,399.00,70,En stock,N/A,
Justyol,Homme,Men,"T-shirt Homme à Imprimé Crâne - Message Audacieux ""Leave This World"" - TSH24SPRO20096TM1 - Silver / 3XL",TOWN TEAM,109.00,359.00,70,En stock,N/A,
Justyol,Homme,Men,T-shirt Homme à Imprimé Graphique – Style Urbain et Confort - TSH24SPRS20914TM1 - Black / 3XL,TOWN TEAM,129.00,439.00,71,En stock,N/A,
Justyol,Homme,Men,T-shirt Oversized Homme – Design Moderne et Attitude - TSH23SCRO20782TM1 - BLK/MUV / 3XL,TOWN TEAM,109.00,359.00,70,En stock,N/A,
Justyol,Homme,Men,Polo Homme Vert Foncé Texturé – Style Élégant et Moderne - POS25SKTV21942TM1 - D-GREEN / S,TOWN TEAM,219.00,559.00,61,En stock,N/A,
Justyol,Homme,Men,Polo Homme Off-White à Manches Courtes – Style Élégant Casual - POS25SKMR21931TM1 - OFF WHIT / 2XL,TOWN TEAM,219.00,559.00,61,En stock,N/A,
Justyol,Homme,Men,Polo Homme Regular Fit Off-White – Style Casual Élégant - POS24SNTR21761TM1 - OFF WHIT / 3XL,TOWN TEAM,149.00,499.00,70,En stock,N/A,
Justyol,Homme,Men,Polo Homme Vert Menthe – Coupe Slim et Style Élégant Casual - POS24SNTR21762TM1 - Mint / 6XL,TOWN TEAM,199.00,499.00,60,En stock,N/A,
Justyol,Homme,Men,Polo Homme Bleu Marine Slim Fit – Design Texturé Élégant - POS24SKTW21877TM1 - Navy / 4XL,TOWN TEAM,149.00,499.00,70,En stock,N/A,
Justyol,Homme,Men,Polo homme Henley – Confort et style décontracté - POS24SAPU21825TM1 - Simon / S,TOWN TEAM,129.00,399.00,68,En stock,N/A,
Justyol,Homme,Men,Polo pour homme vert – Design élégant avec col contrasté - POS24SBTR21802TM1 - Army / 6xl,TOWN TEAM,129.00,439.00,71,En stock,N/A,
Justyol,Homme,Men,"Polo ""ROAD 149"" pour homme - Style moderne et confort - POS24SPPR21814TM1 - Black / 3XL",TOWN TEAM,129.00,479.00,73,En stock,N/A,
Justyol,Homme,Men,Polo homme à rayures avec fermeture éclair - Polo décontracté et moderne - POS24SKTW21876TM1 - BRCK/OFF / 3XL,TOWN TEAM,149.00,499.00,70,En stock,N/A,
Justyol,Homme,Men,Polo à col Henley pour homme – Confort et style classique - POS24SNTU21832TM1 - Charcoal / 5XL,TOWN TEAM,129.00,439.00,71,En stock,N/A,
Justyol,Homme,Men,Polo Homme à Rayures Subtiles – Élégance Décontractée et Confort - POS24SAPR21779TM1 - Black / 3XL,TOWN TEAM,129.00,439.00,71,En stock,N/A,
Justyol,Homme,Men,Polo Homme à Manches Courtes avec Motif Texturé - Élégant et Confortable - POS24SKMX21879TM1 - Beige / L,TOWN TEAM,199.00,499.00,60,En stock,N/A,
Justyol,Homme,Men,Polo Homme Zippé à Manches Courtes – Élégant et Confortable - POS24SNMR21794TM1 - Black / S,TOWN TEAM,199.00,499.00,60,En stock,N/A,
Justyol,Homme,Men,Doudoune Homme Slim Fit Off-White – Style Urbain Moderne - JAC25WWBG28470TM1 - OFF WHIT / 3XL,TOWN TEAM,559.00,1.399,N/A,En stock,N/A,
Justyol,Homme,Men,Veste Homme Marron Style Cuir Zippée – Look Moderne et Élégant - JAC24WLBP28360TM1 - Brown / 4XL,TOWN TEAM,519.00,1.299,N/A,En stock,N/A,
Justyol,Homme,Men,Veste à capuche beige pour homme – Style décontracté avec fermeture éclair - JAC25WWBP28009TM1 - Beige / 4XL,TOWN TEAM,439.00,1.099,N/A,En stock,N/A,
Justyol,Homme,Men,Veste homme zippée style bomber – Design minimaliste et confort moderne - JAC26WHCS28010TM1 - Beige / M,TOWN TEAM,699.00,1.399,N/A,En stock,N/A,
Justyol,Homme,Men,Veste Homme à Capuche avec Fermeture Éclair - Confortable et Moderne - JAC25WWBL28025TM1 - Beige / S,TOWN TEAM,479.00,1.199,N/A,En stock,N/A,
Justyol,Homme,Men,Veste Sans Manches Homme avec Capuche - Confort et Praticité - VST25WWBP28542TM1 - Black / L,TOWN TEAM,599.00,1.199,N/A,En stock,N/A,
Justyol,Homme,Men,Gilet rembourré sans manches pour homme – Couleur off-white avec capuche ajustable - VST25WWBP28545TM1 - OFF WHIT / 3XL,TOWN TEAM,479.00,1.199,N/A,En stock,N/A,
Justyol,Homme,Men,Sweat à Capuche Homme Vert Olive Zippé – Style Casual Urbain - SWS25WHNK26265TM1 - Olive / S,TOWN TEAM,319.00,799.00,60,En stock,N/A,
Justyol,Homme,Men,Sweat Homme Noir – Style Urbain Moderne - SWS25WRNL26271TM1 - Black / XL,TOWN TEAM,319.00,799.00,60,En stock,N/A,
Justyol,Homme,Men,"Sweat à capuche ""Stronger"" pour homme - Confort et style sportif - SWS24WHEK26030TM1 - Snow / 6XL",TOWN TEAM,219.00,559.00,61,En stock,N/A,
Justyol,Homme,Men,Hoodie Homme à Imprimé Graphique – Style Urbain et Confort - SWS24WHNK26113TM1 - Taupe / 6XL,TOWN TEAM,219.00,899.00,76,En stock,N/A,
Justyol,Homme,Men,Sweat à Capuche Homme avec Imprimé - Confortable et Tendance - SWS25WHNK26256TM1 - D-GREEN / S,TOWN TEAM,359.00,599.00,40,En stock,N/A,
Justyol,Homme,Men,"Débardeur homme sans manches à coupe ample, avec imprimé sportif moderne – TNK24SPRO20245TM1 - Beige / XL",TOWN TEAM,89.00,299.00,70,En stock,N/A,
Justyol,Homme,Men,T-shirt homme sans manches avec imprimé au dos moderne – coupe confortable – TNK25SPRO20480TM1 - TURQUOIS / 2XL,TOWN TEAM,119.00,299.00,60,En stock,N/A,
Justyol,Homme,Men,Pantalon pour homme de couleur beige avec poches latérales - JOG25GGBL24005TM1 - Beige / 34,TOWN TEAM,329.00,659.00,50,En stock,N/A,
Justyol,Homme,Men,Polo pour homme noir au design moderne - POS24SNMR21796TM1 - Black / S,TOWN TEAM,199.00,499.00,60,En stock,N/A,
Justyol,Homme,Men,Short cargo pour homme avec poches latérales et taille élastique - SHR24SMBC29159TM1 - Black / 2XL,TOWN TEAM,129.00,439.00,71,En stock,N/A,
Justyol,Homme,Men,Polo Homme Off-White à Manches Courtes – Style Élégant Casual - POS25SKMR21931TM1 - OFF WHIT / 3XL,TOWN TEAM,219.00,559.00,61,En stock,N/A,
Justyol,Homme,Men,Polo Homme Vert Menthe – Coupe Slim et Style Élégant Casual - POS24SNTR21762TM1 - Mint / S,TOWN TEAM,199.00,499.00,60,En stock,N/A,
Justyol,Homme,Men,Polo Homme à Rayures Subtiles – Élégance Décontractée et Confort - POS24SAPR21779TM1 - Navy / 2XL,TOWN TEAM,129.00,439.00,71,En stock,N/A,
Justyol,Homme,Men,Polo Homme à Manches Courtes avec Motif Texturé - Élégant et Confortable - POS24SKMX21879TM1 - Beige / 3XL,TOWN TEAM,199.00,499.00,60,En stock,N/A,
Justyol,Homme,Men,Veste Homme Marron Style Cuir Zippée – Look Moderne et Élégant - JAC24WLBP28360TM1 - Brown / 3XL,TOWN TEAM,519.00,1.299,N/A,En stock,N/A,
Justyol,Homme,Men,Veste homme zippée style bomber – Design minimaliste et confort moderne - JAC26WHCS28010TM1 - Beige / S,TOWN TEAM,699.00,1.399,N/A,En stock,N/A,
Justyol,Homme,Men,"Débardeur homme sans manches à coupe ample, avec imprimé sportif moderne – TNK24SPRO20245TM1 - Beige / 2XL",TOWN TEAM,89.00,299.00,70,En stock,N/A,
Justyol,Homme,Men,T-shirt homme sans manches avec imprimé au dos moderne – coupe confortable – TNK25SPRO20480TM1 - TURQUOIS / S,TOWN TEAM,119.00,299.00,60,En stock,N/A,
Justyol,Homme,Men,Pantalon pour homme de couleur beige avec poches latérales - JOG25GGBL24005TM1 - Beige / 33,TOWN TEAM,329.00,659.00,50,En stock,N/A,
Justyol,Homme,Men,Polo pour homme noir au design moderne - POS24SNMR21796TM1 - Black / L,TOWN TEAM,199.00,499.00,60,En stock,N/A,
Justyol,Homme,Men,Short cargo pour homme avec poches latérales et taille élastique - SHR24SMBC29159TM1 - Black / S,TOWN TEAM,129.00,439.00,71,En stock,N/A,
Justyol,Homme,Men,Polo Homme Off-White à Manches Courtes – Style Élégant Casual - POS25SKMR21931TM1 - OFF WHIT / 4XL,TOWN TEAM,219.00,559.00,61,En stock,N/A,
Justyol,Homme,Men,Veste homme zippée style bomber – Design minimaliste et confort moderne - JAC26WHCS28010TM1 - Beige / L,TOWN TEAM,699.00,1.399,N/A,En stock,N/A,
Justyol,Homme,Men,"Débardeur homme sans manches à coupe ample, avec imprimé sportif moderne – TNK24SPRO20245TM1 - Beige / S",TOWN TEAM,89.00,299.00,70,En stock,N/A,
Justyol,Homme,Men,T-shirt homme sans manches avec imprimé au dos moderne – coupe confortable – TNK25SPRO20480TM1 - TURQUOIS / L,TOWN TEAM,119.00,299.00,60,En stock,N/A,
Justyol,Homme,Men,Pantalon pour homme de couleur beige avec poches latérales - JOG25GGBL24005TM1 - Beige / 36,TOWN TEAM,329.00,659.00,50,En stock,N/A,
Justyol,Homme,Men,Polo pour homme noir au design moderne - POS24SNMR21796TM1 - Black / XL,TOWN TEAM,199.00,499.00,60,En stock,N/A,
Justyol,Homme,Men,Short cargo pour homme avec poches latérales et taille élastique - SHR24SMBC29159TM1 - Black / 3XL,TOWN TEAM,129.00,439.00,71,En stock,N/A,
Justyol,Homme,Men,Polo Homme Off-White à Manches Courtes – Style Élégant Casual - POS25SKMR21931TM1 - L-CAFÉ / 3XL,TOWN TEAM,219.00,559.00,61,En stock,N/A,
Justyol,Homme,Men,"Débardeur homme sans manches à coupe ample, avec imprimé sportif moderne – TNK24SPRO20245TM1 - Beige / 3XL",TOWN TEAM,89.00,299.00,70,En stock,N/A,
Justyol,Homme,Men,T-shirt homme sans manches avec imprimé au dos moderne – coupe confortable – TNK25SPRO20480TM1 - TURQUOIS / XL,TOWN TEAM,119.00,299.00,60,En stock,N/A,
Justyol,Homme,Men,Short cargo pour homme avec poches latérales et taille élastique - SHR24SMBC29159TM1 - Beige / 2XL,TOWN TEAM,129.00,439.00,71,En stock,N/A,
Justyol,Homme,Men,Polo Homme Off-White à Manches Courtes – Style Élégant Casual - POS25SKMR21931TM1 - L-CAFÉ / M,TOWN TEAM,219.00,559.00,61,En stock,N/A,
Justyol,Homme,Men,"Débardeur homme sans manches à coupe ample, avec imprimé sportif moderne – TNK24SPRO20245TM1 - Beige / M",TOWN TEAM,89.00,299.00,70,En stock,N/A,
Justyol,Homme,Men,Short cargo pour homme avec poches latérales et taille élastique - SHR24SMBC29159TM1 - Beige / L,TOWN TEAM,129.00,439.00,71,En stock,N/A,
Justyol,Homme,Men,Polo Homme Off-White à Manches Courtes – Style Élégant Casual - POS25SKMR21931TM1 - L-CAFÉ / L,TOWN TEAM,219.00,559.00,61,En stock,N/A,
Justyol,Homme,Men,"Débardeur homme sans manches à coupe ample, avec imprimé sportif moderne – TNK24SPRO20245TM1 - Beige / L",TOWN TEAM,89.00,299.00,70,En stock,N/A,
Justyol,Homme,Men,Short cargo pour homme avec poches latérales et taille élastique - SHR24SMBC29159TM1 - Beige / M,TOWN TEAM,129.00,439.00,71,En stock,N/A,
Justyol,Homme,Men,Short cargo pour homme avec poches latérales et taille élastique - SHR24SMBC29159TM1 - Beige / XL,TOWN TEAM,129.00,439.00,71,En stock,N/A,
Justyol,Homme,Men,Short cargo pour homme avec poches latérales et taille élastique - SHR24SMBC29159TM1 - Beige / S,TOWN TEAM,129.00,439.00,71,En stock,N/A,
Justyol,Homme,Men,Short cargo pour homme avec poches latérales et taille élastique - SHR24SMBC29159TM1 - Beige / 3XL,TOWN TEAM,129.00,439.00,71,En stock,N/A,
Justyol,Homme,Men,Short cargo pour homme avec poches latérales et taille élastique - SHR24SMBC29159TM1 - Beige / 4XL,TOWN TEAM,129.00,439.00,71,En stock,N/A,
Justyol,Homme,Men,Short cargo pour homme avec poches latérales et taille élastique - SHR24SMBC29159TM1 - D-ORANGE / 4XL,TOWN TEAM,129.00,439.00,71,En stock,N/A,
Justyol,Homme,Men,Short cargo pour homme avec poches latérales et taille élastique - SHR24SMBC29159TM1 - D-ORANGE / 2XL,TOWN TEAM,129.00,439.00,71,En stock,N/A,
Justyol,Homme,Men,Short cargo pour homme avec poches latérales et taille élastique - SHR24SMBC29159TM1 - D-ORANGE / L,TOWN TEAM,129.00,439.00,71,En stock,N/A,
Justyol,Homme,Men,Short cargo pour homme avec poches latérales et taille élastique - SHR24SMBC29159TM1 - D-ORANGE / M,TOWN TEAM,129.00,439.00,71,En stock,N/A,
Justyol,Homme,Men,Short cargo pour homme avec poches latérales et taille élastique - SHR24SMBC29159TM1 - D-ORANGE / XL,TOWN TEAM,129.00,439.00,71,En stock,N/A,
Justyol,Homme,Men,Short cargo pour homme avec poches latérales et taille élastique - SHR24SMBC29159TM1 - D-ORANGE / S,TOWN TEAM,129.00,439.00,71,En stock,N/A,
Justyol,Homme,Men,Short cargo pour homme avec poches latérales et taille élastique - SHR24SMBC29159TM1 - D-ORANGE / 3XL,TOWN TEAM,129.00,439.00,71,En stock,N/A,
Justyol,Homme,Men,Short cargo pour homme avec poches latérales et taille élastique - SHR24SMBC29159TM1 - Green / 4XL,TOWN TEAM,129.00,439.00,71,En stock,N/A,
Justyol,Homme,Men,Short cargo pour homme avec poches latérales et taille élastique - SHR24SMBC29159TM1 - Green / 2XL,TOWN TEAM,129.00,439.00,71,En stock,N/A,
Justyol,Homme,Men,Short cargo pour homme avec poches latérales et taille élastique - SHR24SMBC29159TM1 - Green / L,TOWN TEAM,129.00,439.00,71,En stock,N/A,
Justyol,Homme,Men,Short cargo pour homme avec poches latérales et taille élastique - SHR24SMBC29159TM1 - Green / M,TOWN TEAM,129.00,439.00,71,En stock,N/A,
Justyol,Homme,Men,Short cargo pour homme avec poches latérales et taille élastique - SHR24SMBC29159TM1 - Green / XL,TOWN TEAM,129.00,439.00,71,En stock,N/A,
Justyol,Homme,Men,Short cargo pour homme avec poches latérales et taille élastique - SHR24SMBC29159TM1 - Green / S,TOWN TEAM,129.00,439.00,71,En stock,N/A,
Justyol,Homme,Men,Short cargo pour homme avec poches latérales et taille élastique - SHR24SMBC29159TM1 - Green / 3XL,TOWN TEAM,129.00,439.00,71,En stock,N/A,
Justyol,Homme,Men,Short cargo pour homme avec poches latérales et taille élastique - SHR24SMBC29159TM1 - OFF WHIT / 4XL,TOWN TEAM,129.00,439.00,71,En stock,N/A,
Justyol,Homme,Men,Short cargo pour homme avec poches latérales et taille élastique - SHR24SMBC29159TM1 - OFF WHIT / 2XL,TOWN TEAM,129.00,439.00,71,En stock,N/A,
Justyol,Homme,Men,Short cargo pour homme avec poches latérales et taille élastique - SHR24SMBC29159TM1 - OFF WHIT / L,TOWN TEAM,129.00,439.00,71,En stock,N/A,
Justyol,Homme,Men,Short cargo pour homme avec poches latérales et taille élastique - SHR24SMBC29159TM1 - OFF WHIT / M,TOWN TEAM,129.00,439.00,71,En stock,N/A,
Justyol,Homme,Men,Short cargo pour homme avec poches latérales et taille élastique - SHR24SMBC29159TM1 - OFF WHIT / XL,TOWN TEAM,129.00,439.00,71,En stock,N/A,
Justyol,Homme,Men,Short cargo pour homme avec poches latérales et taille élastique - SHR24SMBC29159TM1 - OFF WHIT / S,TOWN TEAM,129.00,439.00,71,En stock,N/A,
Justyol,Homme,Men,Short cargo pour homme avec poches latérales et taille élastique - SHR24SMBC29159TM1 - OFF WHIT / 3XL,TOWN TEAM,129.00,439.00,71,En stock,N/A,
Justyol,Homme,Men,Short cargo pour homme avec poches latérales et taille élastique - SHR24SMBC29159TM1 - OFF WHIT / 6XL,TOWN TEAM,129.00,439.00,71,En stock,N/A,
Justyol,Homme,Men,Short cargo pour homme avec poches latérales et taille élastique - SHR24SMBC29159TM1 - OFF WHIT / 7XL,TOWN TEAM,129.00,439.00,71,En stock,N/A,
Justyol,Homme,Men,Short casual camouflé pour homme - SHR25SMAS29157TM1 - Army / M,TOWN TEAM,189.00,479.00,61,En stock,N/A,
Justyol,Homme,Men,Short de bain pour homme décoré avec taille élastique - SWO24SSAE11397TM1 - Red / 4XL,TOWN TEAM,139.00,359.00,61,En stock,N/A,
Justyol,Homme,Men,Short de bain pour homme de couleur jaune avec taille élastique - SWO24SSAE11424TM1 - Yellow / S,TOWN TEAM,119.00,399.00,70,En stock,N/A,
Justyol,Homme,Men,Short de bain homme à motif tropical avec taille élastique et cordon de serrage – SWO24SSAE11409TM1 - Navy / XL,TOWN TEAM,139.00,359.00,61,En stock,N/A,
Justyol,Homme,Men,Short de sport pour homme avec poches latérales et impression du logo - SHR24SMPC29151TM1 - OFF WHIT / 4XL,TOWN TEAM,139.00,479.00,71,En stock,N/A,
Justyol,Homme,Men,Short de bain pour homme avec couleurs vives et motif d'étoiles de mer – Idéal pour la baignade et la plage - SWO24SSAE11412TM1 - CYAN / XL,TOWN TEAM,109.00,359.00,70,En stock,N/A,
Justyol,Homme,Men,Short de bain pour homme avec couleurs vives et motifs innovants - Idéal pour la baignade et la plage - SWO24SSAE11386TM1 - Blue / XL,TOWN TEAM,109.00,359.00,70,En stock,N/A,
Justyol,Homme,Men,Short de sport pour homme avec taille élastique - SHR24SMBX15003TM1 - Black / 3XL,TOWN TEAM,119.00,399.00,70,En stock,N/A,
Justyol,Homme,Men,"Short homme d’été avec taille élastique, cordon de serrage et imprimé palmiers – coloris clair – SHR24SGAS23183TM1 - Mint / 34",TOWN TEAM,119.00,399.00,70,En stock,N/A,
Justyol,Homme,Men,"Short en tissu pour homme avec taille élastique et poches latérales, couleur olive - SHR24SGBC23168TM1 - Olive / 31",TOWN TEAM,199.00,499.00,60,En stock,N/A,
Justyol,Homme,Men,Short de sport pour homme noir avec impression graphique - SHR25SMWS29167TM1 - Black / S,TOWN TEAM,189.00,479.00,61,En stock,N/A,
Justyol,Homme,Men,Short en jean pour homme au design moderne de couleur bleu clair - SHR25SDSP30199TM1 - Blue / 30,TOWN TEAM,149.00,499.00,70,En stock,N/A,
Justyol,Homme,Men,Chemise homme à manches courtes bleu foncé au design casual élégant – SSH24SEOR19499TM1 - FADE BLU / S,TOWN TEAM,139.00,479.00,71,En stock,N/A,
Justyol,Homme,Men,Chemise pour homme à manches courtes avec un design géométrique unique - SSH25SJXC21959TM1 - BLK/CML / 2XL,TOWN TEAM,219.00,559.00,61,En stock,N/A,
Justyol,Homme,Men,Chemise homme rayée à manches longues avec col mao – SHI25SSIR16000TM1 - WHT/NVY / XL,TOWN TEAM,199.00,499.00,60,En stock,N/A,
Justyol,Homme,Men,Chemise pour homme à manches courtes avec design rayé - SSH25SSCC16137TM1 - OFF/BLK / L,TOWN TEAM,219.00,559.00,61,En stock,N/A,
Justyol,Homme,Men,Chemise homme d’été à manches courtes en tissu léger – SSH25SECR16155TM1 - OFF WHIT / M,TOWN TEAM,219.00,559.00,61,En stock,N/A,
Justyol,Homme,Men,Chemise pour homme à manches courtes de couleur beige avec un design simple et élégant - SSH25SECC16156TM1 - D-BEIGE / L,TOWN TEAM,199.00,499.00,60,En stock,N/A,
Justyol,Homme,Men,Chemise pour homme à motif géométrique - Idéale pour l'été - SSH25SARC16121TM1 - WHT/BLK / 2XL,TOWN TEAM,199.00,499.00,60,En stock,N/A,
Justyol,Homme,Men,Chemise pour homme à manches courtes - SSH25SAOR16138TM1 - NVY/WHT / S,TOWN TEAM,139.00,479.00,71,En stock,N/A,
Justyol,Homme,Men,T-shirt Noir Homme avec Imprimé Montagne - TSH25SPRO20543TM1 - Black / L,TOWN TEAM,199.00,499.00,60,En stock,N/A,
Justyol,Homme,Men,Jean homme au design moderne et à la coupe confortable – JNS25GMBW22139TM1 - Black / 32,TOWN TEAM,259.00,529.00,51,En stock,N/A,
Justyol,Homme,Men,Cardigan homme boutonné au design moderne – PUL24WCPR27653TM1 - Black / 2XL,TOWN TEAM,299.00,759.00,61,En stock,N/A,
Justyol,Homme,Men,Sweat à capuche homme avec capuche et logo frontal – SWS25WHNK26240TM1 - OFF WHIT / XL,TOWN TEAM,319.00,799.00,60,En stock,N/A,
Justyol,Homme,Men,Chemise homme à manches courtes avec motifs modernes – SSH25SJCR16170TM1 - Olive / 2XL,TOWN TEAM,199.00,499.00,60,En stock,N/A,
Justyol,Homme,Men,Chemise homme à manches longues au design moderne avec poche frontale – SHI24SEIH19548TM1 - OFF WHIT / M,TOWN TEAM,199.00,499.00,60,En stock,N/A,
Justyol,Homme,Men,Chemise homme à rayures horizontales au design moderne – SSH25SSCR16102TM1 - BLK/WHT / XL,TOWN TEAM,169.00,559.00,70,En stock,N/A,
Justyol,Homme,Men,Chemise homme à manches longues à rayures et au design élégant – SHI24SSIR17479TM1 - WHT/BLU / 2XL,TOWN TEAM,239.00,599.00,60,En stock,N/A,
Justyol,Homme,Men,Chemise homme ornée de boutons au design moderne – SSH24SACC19450TM1 - MULTICOL / S,TOWN TEAM,189.00,479.00,61,En stock,N/A,
Justyol,Homme,Men,T-shirt homme au design moderne avec imprimé logo distinctif – TSH24SPRS20913TM1 - Black / L,TOWN TEAM,139.00,359.00,61,En stock,N/A,
Justyol,Homme,Men,T-shirt homme avec imprimé artistique et logo distinctif – TSH24SPRO20104TM1 - Black / XL,TOWN TEAM,179.00,439.00,59,En stock,N/A,
Justyol,Homme,Men,Polo homme à coupe moderne avec demi-zip – POS24SBTR21804TM1 - L-BEIGE / 2XL,TOWN TEAM,189.00,479.00,61,En stock,N/A,
Justyol,Homme,Men,T-shirt homme casual avec logo distinctif – TSH25SPRO20253TM1 - Black / S,TOWN TEAM,189.00,479.00,61,En stock,N/A,
Justyol,Homme,Men,Polo homme manches courtes à boutons avec motifs géométriques - SSH25SAOR16153TM1 - NVY/WHT / S,TOWN TEAM,139.00,479.00,71,En stock,N/A,
Justyol,Homme,Men,Polo homme élégant au style moderne - TSH24SPRO20157TM1 - Mint / L,TOWN TEAM,179.00,439.00,59,En stock,N/A,
Justyol,Homme,Men,Polo homme style moderne noir et gris - TSH24SCRO20190TM1 - BLK/GRY / 3XL,TOWN TEAM,199.00,499.00,60,En stock,N/A,
Justyol,Homme,Men,Short casual camouflé pour homme - SHR25SMAS29157TM1 - Army / L,TOWN TEAM,189.00,479.00,61,En stock,N/A,
Justyol,Homme,Men,Short de bain pour homme décoré avec taille élastique - SWO24SSAE11397TM1 - Red / XL,TOWN TEAM,139.00,359.00,61,En stock,N/A,
Justyol,Homme,Men,Short de bain pour homme de couleur jaune avec taille élastique - SWO24SSAE11424TM1 - Yellow / 3XL,TOWN TEAM,119.00,399.00,70,En stock,N/A,
Justyol,Homme,Men,Short de bain homme à motif tropical avec taille élastique et cordon de serrage – SWO24SSAE11409TM1 - Navy / S,TOWN TEAM,139.00,359.00,61,En stock,N/A,
Justyol,Homme,Men,Short de sport pour homme avec poches latérales et impression du logo - SHR24SMPC29151TM1 - OFF WHIT / S,TOWN TEAM,139.00,479.00,71,En stock,N/A,
Justyol,Homme,Men,Short de bain pour homme avec couleurs vives et motif d'étoiles de mer – Idéal pour la baignade et la plage - SWO24SSAE11412TM1 - CYAN / 4XL,TOWN TEAM,109.00,359.00,70,En stock,N/A,
Justyol,Homme,Men,Short de bain pour homme avec couleurs vives et motifs innovants - Idéal pour la baignade et la plage - SWO24SSAE11386TM1 - Blue / L,TOWN TEAM,109.00,359.00,70,En stock,N/A,
Justyol,Homme,Men,Short de sport pour homme avec taille élastique - SHR24SMBX15003TM1 - Black / M,TOWN TEAM,119.00,399.00,70,En stock,N/A,
Justyol,Homme,Men,"Short homme d’été avec taille élastique, cordon de serrage et imprimé palmiers – coloris clair – SHR24SGAS23183TM1 - Mint / 30",TOWN TEAM,119.00,399.00,70,En stock,N/A,
Justyol,Homme,Men,"Short en tissu pour homme avec taille élastique et poches latérales, couleur olive - SHR24SGBC23168TM1 - Olive / 33",TOWN TEAM,199.00,499.00,60,En stock,N/A,
Justyol,Homme,Men,Short de sport pour homme noir avec impression graphique - SHR25SMWS29167TM1 - Black / M,TOWN TEAM,189.00,479.00,61,En stock,N/A,
Justyol,Homme,Men,Short en jean pour homme au design moderne de couleur bleu clair - SHR25SDSP30199TM1 - Black / 36,TOWN TEAM,149.00,499.00,70,En stock,N/A,
Justyol,Homme,Men,Chemise pour homme à manches courtes avec un design géométrique unique - SSH25SJXC21959TM1 - BLK/CML / L,TOWN TEAM,219.00,559.00,61,En stock,N/A,
Justyol,Homme,Men,Chemise homme rayée à manches longues avec col mao – SHI25SSIR16000TM1 - WHT/NVY / 5XL,TOWN TEAM,199.00,499.00,60,En stock,N/A,
Justyol,Homme,Men,Chemise pour homme à manches courtes avec design rayé - SSH25SSCC16137TM1 - OFF/BLK / XL,TOWN TEAM,219.00,559.00,61,En stock,N/A,
Justyol,Homme,Men,Chemise homme d’été à manches courtes en tissu léger – SSH25SECR16155TM1 - Green / 3XL,TOWN TEAM,219.00,559.00,61,En stock,N/A,
Justyol,Homme,Men,Chemise pour homme à manches courtes de couleur beige avec un design simple et élégant - SSH25SECC16156TM1 - D-BEIGE / XL,TOWN TEAM,199.00,499.00,60,En stock,N/A,
Justyol,Homme,Men,Chemise pour homme à motif géométrique - Idéale pour l'été - SSH25SARC16121TM1 - WHT/BLK / S,TOWN TEAM,199.00,499.00,60,En stock,N/A,
Justyol,Homme,Men,Chemise pour homme à manches courtes - SSH25SAOR16138TM1 - NVY/WHT / M,TOWN TEAM,139.00,479.00,71,En stock,N/A,
Justyol,Homme,Men,Jean homme au design moderne et à la coupe confortable – JNS25GMBW22139TM1 - Black / 34,TOWN TEAM,259.00,529.00,51,En stock,N/A,
Justyol,Homme,Men,Sweat à capuche homme avec capuche et logo frontal – SWS25WHNK26240TM1 - OFF WHIT / 2XL,TOWN TEAM,319.00,799.00,60,En stock,N/A,
Justyol,Homme,Men,Chemise homme à manches courtes avec motifs modernes – SSH25SJCR16170TM1 - Olive / L,TOWN TEAM,199.00,499.00,60,En stock,N/A,
Justyol,Homme,Men,Chemise homme à manches longues au design moderne avec poche frontale – SHI24SEIH19548TM1 - OFF WHIT / S,TOWN TEAM,199.00,499.00,60,En stock,N/A,
Justyol,Homme,Men,Chemise homme à rayures horizontales au design moderne – SSH25SSCR16102TM1 - BEG/WHT / XL,TOWN TEAM,169.00,559.00,70,En stock,N/A,
Justyol,Homme,Men,Chemise homme ornée de boutons au design moderne – SSH24SACC19450TM1 - MULTICOL / 2XL,TOWN TEAM,189.00,479.00,61,En stock,N/A,
Justyol,Homme,Men,T-shirt homme avec imprimé artistique et logo distinctif – TSH24SPRO20104TM1 - Black / 4XL,TOWN TEAM,179.00,439.00,59,En stock,N/A,
Justyol,Homme,Men,Polo homme à coupe moderne avec demi-zip – POS24SBTR21804TM1 - L-BEIGE / 3XL,TOWN TEAM,189.00,479.00,61,En stock,N/A,
Justyol,Homme,Men,Polo homme manches courtes à boutons avec motifs géométriques - SSH25SAOR16153TM1 - NVY/WHT / L,TOWN TEAM,139.00,479.00,71,En stock,N/A,
Justyol,Homme,Men,Polo homme élégant au style moderne - TSH24SPRO20157TM1 - Mint / M,TOWN TEAM,179.00,439.00,59,En stock,N/A,
Justyol,Homme,Men,Short casual camouflé pour homme - SHR25SMAS29157TM1 - Army / S,TOWN TEAM,189.00,479.00,61,En stock,N/A,
Justyol,Homme,Men,Short de bain pour homme décoré avec taille élastique - SWO24SSAE11397TM1 - Red / 2XL,TOWN TEAM,139.00,359.00,61,En stock,N/A,
Justyol,Homme,Men,Short de bain pour homme de couleur jaune avec taille élastique - SWO24SSAE11424TM1 - Yellow / 4XL,TOWN TEAM,119.00,399.00,70,En stock,N/A,
Justyol,Homme,Men,Short de bain homme à motif tropical avec taille élastique et cordon de serrage – SWO24SSAE11409TM1 - Navy / 3XL,TOWN TEAM,139.00,359.00,61,En stock,N/A,
Justyol,Homme,Men,Short de sport pour homme avec poches latérales et impression du logo - SHR24SMPC29151TM1 - OFF WHIT / M,TOWN TEAM,139.00,479.00,71,En stock,N/A,
Justyol,Homme,Men,Short de bain pour homme avec couleurs vives et motif d'étoiles de mer – Idéal pour la baignade et la plage - SWO24SSAE11412TM1 - CYAN / 2XL,TOWN TEAM,109.00,359.00,70,En stock,N/A,
Justyol,Homme,Men,Short de bain pour homme avec couleurs vives et motifs innovants - Idéal pour la baignade et la plage - SWO24SSAE11386TM1 - Blue / 4XL,TOWN TEAM,109.00,359.00,70,En stock,N/A,
Justyol,Homme,Men,Short de sport pour homme avec taille élastique - SHR24SMBX15003TM1 - D-Stone / 3XL,TOWN TEAM,119.00,399.00,70,En stock,N/A,
Justyol,Homme,Men,"Short homme d’été avec taille élastique, cordon de serrage et imprimé palmiers – coloris clair – SHR24SGAS23183TM1 - Beige / 33",TOWN TEAM,119.00,399.00,70,En stock,N/A,
Justyol,Homme,Men,"Short en tissu pour homme avec taille élastique et poches latérales, couleur olive - SHR24SGBC23168TM1 - Olive / 32",TOWN TEAM,199.00,499.00,60,En stock,N/A,
Justyol,Homme,Men,Short en jean pour homme au design moderne de couleur bleu clair - SHR25SDSP30199TM1 - Black / 34,TOWN TEAM,149.00,499.00,70,En stock,N/A,
Justyol,Homme,Men,Chemise pour homme à manches courtes avec un design géométrique unique - SSH25SJXC21959TM1 - BLK/CML / M,TOWN TEAM,219.00,559.00,61,En stock,N/A,
Justyol,Homme,Men,Chemise homme rayée à manches longues avec col mao – SHI25SSIR16000TM1 - WHT/NVY / 4XL,TOWN TEAM,199.00,499.00,60,En stock,N/A,
Justyol,Homme,Men,Chemise pour homme à manches courtes avec design rayé - SSH25SSCC16137TM1 - OFF/BLK / 2XL,TOWN TEAM,219.00,559.00,61,En stock,N/A,
Justyol,Homme,Men,Chemise homme d’été à manches courtes en tissu léger – SSH25SECR16155TM1 - OFF WHIT / XL,TOWN TEAM,219.00,559.00,61,En stock,N/A,
Justyol,Homme,Men,Chemise pour homme à manches courtes de couleur beige avec un design simple et élégant - SSH25SECC16156TM1 - D-BEIGE / S,TOWN TEAM,199.00,499.00,60,En stock,N/A,
Justyol,Homme,Men,Chemise pour homme à motif géométrique - Idéale pour l'été - SSH25SARC16121TM1 - WHT/BLK / XL,TOWN TEAM,199.00,499.00,60,En stock,N/A,
Justyol,Homme,Men,Chemise pour homme à manches courtes - SSH25SAOR16138TM1 - NVY/WHT / 4XL,TOWN TEAM,139.00,479.00,71,En stock,N/A,
Justyol,Homme,Men,Jean homme au design moderne et à la coupe confortable – JNS25GMBW22139TM1 - Black / 36,TOWN TEAM,259.00,529.00,51,En stock,N/A,
Justyol,Homme,Men,Chemise homme à manches courtes avec motifs modernes – SSH25SJCR16170TM1 - Olive / S,TOWN TEAM,199.00,499.00,60,En stock,N/A,
Justyol,Homme,Men,Chemise homme à manches longues au design moderne avec poche frontale – SHI24SEIH19548TM1 - OFF WHIT / L,TOWN TEAM,199.00,499.00,60,En stock,N/A,
Justyol,Homme,Men,Chemise homme à rayures horizontales au design moderne – SSH25SSCR16102TM1 - BEG/WHT / S,TOWN TEAM,169.00,559.00,70,En stock,N/A,
Justyol,Homme,Men,Chemise homme ornée de boutons au design moderne – SSH24SACC19450TM1 - MULTICOL / M,TOWN TEAM,189.00,479.00,61,En stock,N/A,
Justyol,Homme,Men,T-shirt homme avec imprimé artistique et logo distinctif – TSH24SPRO20104TM1 - Black / 2XL,TOWN TEAM,179.00,439.00,59,En stock,N/A,
Justyol,Homme,Men,Polo homme manches courtes à boutons avec motifs géométriques - SSH25SAOR16153TM1 - NVY/WHT / 6XL,TOWN TEAM,139.00,479.00,71,En stock,N/A,
Justyol,Homme,Men,Polo homme élégant au style moderne - TSH24SPRO20157TM1 - Mint / S,TOWN TEAM,179.00,439.00,59,En stock,N/A,
Justyol,Homme,Men,Short casual camouflé pour homme - SHR25SMAS29157TM1 - Army / XL,TOWN TEAM,189.00,479.00,61,En stock,N/A,
Justyol,Homme,Men,Short de bain pour homme décoré avec taille élastique - SWO24SSAE11397TM1 - Red / 3XL,TOWN TEAM,139.00,359.00,61,En stock,N/A,
Justyol,Homme,Men,Short de bain pour homme de couleur jaune avec taille élastique - SWO24SSAE11424TM1 - Yellow / 2XL,TOWN TEAM,119.00,399.00,70,En stock,N/A,
Justyol,Homme,Men,Short de bain homme à motif tropical avec taille élastique et cordon de serrage – SWO24SSAE11409TM1 - Navy / L,TOWN TEAM,139.00,359.00,61,En stock,N/A,
Justyol,Homme,Men,Short de sport pour homme avec poches latérales et impression du logo - SHR24SMPC29151TM1 - OFF WHIT / L,TOWN TEAM,139.00,479.00,71,En stock,N/A,
Justyol,Homme,Men,Short de bain pour homme avec couleurs vives et motif d'étoiles de mer – Idéal pour la baignade et la plage - SWO24SSAE11412TM1 - CYAN / 3XL,TOWN TEAM,109.00,359.00,70,En stock,N/A,
Justyol,Homme,Men,Short de bain pour homme avec couleurs vives et motifs innovants - Idéal pour la baignade et la plage - SWO24SSAE11386TM1 - Blue / 2XL,TOWN TEAM,109.00,359.00,70,En stock,N/A,
Justyol,Homme,Men,Short de sport pour homme avec taille élastique - SHR24SMBX15003TM1 - Black / XL,TOWN TEAM,119.00,399.00,70,En stock,N/A,
Justyol,Homme,Men,"Short homme d’été avec taille élastique, cordon de serrage et imprimé palmiers – coloris clair – SHR24SGAS23183TM1 - Mint / 32",TOWN TEAM,119.00,399.00,70,En stock,N/A,
Justyol,Homme,Men,"Short en tissu pour homme avec taille élastique et poches latérales, couleur olive - SHR24SGBC23168TM1 - Olive / 34",TOWN TEAM,199.00,499.00,60,En stock,N/A,
Justyol,Homme,Men,Short en jean pour homme au design moderne de couleur bleu clair - SHR25SDSP30199TM1 - Black / 40,TOWN TEAM,149.00,499.00,70,En stock,N/A,
Justyol,Homme,Men,Chemise pour homme à manches courtes avec un design géométrique unique - SSH25SJXC21959TM1 - BLK/CML / S,TOWN TEAM,219.00,559.00,61,En stock,N/A,
Justyol,Homme,Men,Chemise homme rayée à manches longues avec col mao – SHI25SSIR16000TM1 - WHT/NVY / 2XL,TOWN TEAM,199.00,499.00,60,En stock,N/A,
Justyol,Homme,Men,Chemise pour homme à manches courtes avec design rayé - SSH25SSCC16137TM1 - OFF/BLK / S,TOWN TEAM,219.00,559.00,61,En stock,N/A,
Justyol,Homme,Men,Chemise homme d’été à manches courtes en tissu léger – SSH25SECR16155TM1 - OFF WHIT / 2XL,TOWN TEAM,219.00,559.00,61,En stock,N/A,
Justyol,Homme,Men,Chemise pour homme à manches courtes de couleur beige avec un design simple et élégant - SSH25SECC16156TM1 - D-BEIGE / M,TOWN TEAM,199.00,499.00,60,En stock,N/A,
Justyol,Homme,Men,Chemise pour homme à motif géométrique - Idéale pour l'été - SSH25SARC16121TM1 - WHT/BLK / M,TOWN TEAM,199.00,499.00,60,En stock,N/A,
Justyol,Homme,Men,Chemise pour homme à manches courtes - SSH25SAOR16138TM1 - NVY/WHT / 6XL,TOWN TEAM,139.00,479.00,71,En stock,N/A,
Justyol,Homme,Men,Chemise homme à manches courtes avec motifs modernes – SSH25SJCR16170TM1 - Olive / XL,TOWN TEAM,199.00,499.00,60,En stock,N/A,
Justyol,Homme,Men,Chemise homme à manches longues au design moderne avec poche frontale – SHI24SEIH19548TM1 - OFF WHIT / 2XL,TOWN TEAM,199.00,499.00,60,En stock,N/A,
Justyol,Homme,Men,Chemise homme à rayures horizontales au design moderne – SSH25SSCR16102TM1 - BEG/WHT / L,TOWN TEAM,169.00,559.00,70,En stock,N/A,
Justyol,Homme,Men,Short de bain pour homme décoré avec taille élastique - SWO24SSAE11397TM1 - Red / S,TOWN TEAM,139.00,359.00,61,En stock,N/A,
Justyol,Homme,Men,Short de bain pour homme de couleur jaune avec taille élastique - SWO24SSAE11424TM1 - Yellow / XL,TOWN TEAM,119.00,399.00,70,En stock,N/A,
Justyol,Homme,Men,Short de bain homme à motif tropical avec taille élastique et cordon de serrage – SWO24SSAE11409TM1 - Navy / 4XL,TOWN TEAM,139.00,359.00,61,En stock,N/A,
Justyol,Homme,Men,Short de sport pour homme avec poches latérales et impression du logo - SHR24SMPC29151TM1 - OFF WHIT / 2XL,TOWN TEAM,139.00,479.00,71,En stock,N/A,
Justyol,Homme,Men,Short de bain pour homme avec couleurs vives et motifs innovants - Idéal pour la baignade et la plage - SWO24SSAE11386TM1 - Blue / 3XL,TOWN TEAM,109.00,359.00,70,En stock,N/A,
Justyol,Homme,Men,Short de sport pour homme avec taille élastique - SHR24SMBX15003TM1 - Black / S,TOWN TEAM,119.00,399.00,70,En stock,N/A,
Justyol,Homme,Men,"Short homme d’été avec taille élastique, cordon de serrage et imprimé palmiers – coloris clair – SHR24SGAS23183TM1 - Mint / 33",TOWN TEAM,119.00,399.00,70,En stock,N/A,
Justyol,Homme,Men,"Short en tissu pour homme avec taille élastique et poches latérales, couleur olive - SHR24SGBC23168TM1 - Olive / 29",TOWN TEAM,199.00,499.00,60,En stock,N/A,
Justyol,Homme,Men,Short en jean pour homme au design moderne de couleur bleu clair - SHR25SDSP30199TM1 - Black / 33,TOWN TEAM,149.00,499.00,70,En stock,N/A,
Justyol,Homme,Men,Chemise pour homme à manches courtes avec un design géométrique unique - SSH25SJXC21959TM1 - BLK/CML / XL,TOWN TEAM,219.00,559.00,61,En stock,N/A,
Justyol,Homme,Men,Chemise homme rayée à manches longues avec col mao – SHI25SSIR16000TM1 - WHT/NVY / 3XL,TOWN TEAM,199.00,499.00,60,En stock,N/A,
Justyol,Homme,Men,Chemise homme d’été à manches courtes en tissu léger – SSH25SECR16155TM1 - OFF WHIT / S,TOWN TEAM,219.00,559.00,61,En stock,N/A,
Justyol,Homme,Men,Chemise pour homme à manches courtes de couleur beige avec un design simple et élégant - SSH25SECC16156TM1 - D-BEIGE / 2XL,TOWN TEAM,199.00,499.00,60,En stock,N/A,
Justyol,Homme,Men,Chemise pour homme à motif géométrique - Idéale pour l'été - SSH25SARC16121TM1 - WHT/BLK / L,TOWN TEAM,199.00,499.00,60,En stock,N/A,
Justyol,Homme,Men,Chemise homme à manches courtes avec motifs modernes – SSH25SJCR16170TM1 - Black / 2XL,TOWN TEAM,199.00,499.00,60,En stock,N/A,
Justyol,Homme,Men,Chemise homme à rayures horizontales au design moderne – SSH25SSCR16102TM1 - BEG/WHT / 3XL,TOWN TEAM,169.00,559.00,70,En stock,N/A,
Justyol,Homme,Men,Short de bain homme à motif tropical avec taille élastique et cordon de serrage – SWO24SSAE11409TM1 - Navy / 2XL,TOWN TEAM,139.00,359.00,61,En stock,N/A,
Justyol,Homme,Men,Short de sport pour homme avec poches latérales et impression du logo - SHR24SMPC29151TM1 - Beige / 4XL,TOWN TEAM,139.00,479.00,71,En stock,N/A,
Justyol,Homme,Men,Short de sport pour homme avec taille élastique - SHR24SMBX15003TM1 - Black / L,TOWN TEAM,119.00,399.00,70,En stock,N/A,
Justyol,Homme,Men,"Short homme d’été avec taille élastique, cordon de serrage et imprimé palmiers – coloris clair – SHR24SGAS23183TM1 - Beige / 30",TOWN TEAM,119.00,399.00,70,En stock,N/A,
Justyol,Homme,Men,"Short en tissu pour homme avec taille élastique et poches latérales, couleur olive - SHR24SGBC23168TM1 - Olive / 30",TOWN TEAM,199.00,499.00,60,En stock,N/A,
Justyol,Homme,Men,Short en jean pour homme au design moderne de couleur bleu clair - SHR25SDSP30199TM1 - Black / 32,TOWN TEAM,149.00,499.00,70,En stock,N/A,
Justyol,Homme,Men,Chemise homme d’été à manches courtes en tissu léger – SSH25SECR16155TM1 - OFF WHIT / L,TOWN TEAM,219.00,559.00,61,En stock,N/A,
Justyol,Homme,Men,Chemise pour homme à manches courtes de couleur beige avec un design simple et élégant - SSH25SECC16156TM1 - D-BEIGE / 4XL,TOWN TEAM,199.00,499.00,60,En stock,N/A,
Justyol,Homme,Men,Chemise homme à manches courtes avec motifs modernes – SSH25SJCR16170TM1 - Black / L,TOWN TEAM,199.00,499.00,60,En stock,N/A,
Justyol,Homme,Men,Short de sport pour homme avec poches latérales et impression du logo - SHR24SMPC29151TM1 - Beige / S,TOWN TEAM,139.00,479.00,71,En stock,N/A,
Justyol,Homme,Men,Short de sport pour homme avec taille élastique - SHR24SMBX15003TM1 - D-Stone / M,TOWN TEAM,119.00,399.00,70,En stock,N/A,
Justyol,Homme,Men,"Short homme d’été avec taille élastique, cordon de serrage et imprimé palmiers – coloris clair – SHR24SGAS23183TM1 - Beige / 40",TOWN TEAM,119.00,399.00,70,En stock,N/A,
Justyol,Homme,Men,"Short en tissu pour homme avec taille élastique et poches latérales, couleur olive - SHR24SGBC23168TM1 - Olive / 36",TOWN TEAM,199.00,499.00,60,En stock,N/A,
Justyol,Homme,Men,Short en jean pour homme au design moderne de couleur bleu clair - SHR25SDSP30199TM1 - Blue / 34,TOWN TEAM,149.00,499.00,70,En stock,N/A,
Justyol,Homme,Men,Chemise homme d’été à manches courtes en tissu léger – SSH25SECR16155TM1 - Green / M,TOWN TEAM,219.00,559.00,61,En stock,N/A,
Justyol,Homme,Men,Chemise homme à manches courtes avec motifs modernes – SSH25SJCR16170TM1 - Black / M,TOWN TEAM,199.00,499.00,60,En stock,N/A,
Justyol,Homme,Men,Short de sport pour homme avec poches latérales et impression du logo - SHR24SMPC29151TM1 - Beige / 3XL,TOWN TEAM,139.00,479.00,71,En stock,N/A,
Justyol,Homme,Men,Short de sport pour homme avec taille élastique - SHR24SMBX15003TM1 - D-Stone / 4XL,TOWN TEAM,119.00,399.00,70,En stock,N/A,
Justyol,Homme,Men,"Short homme d’été avec taille élastique, cordon de serrage et imprimé palmiers – coloris clair – SHR24SGAS23183TM1 - Mint / 31",TOWN TEAM,119.00,399.00,70,En stock,N/A,
Justyol,Homme,Men,"Short en tissu pour homme avec taille élastique et poches latérales, couleur olive - SHR24SGBC23168TM1 - Olive / 38",TOWN TEAM,199.00,499.00,60,En stock,N/A,
Justyol,Homme,Men,Short en jean pour homme au design moderne de couleur bleu clair - SHR25SDSP30199TM1 - Blue / 38,TOWN TEAM,149.00,499.00,70,En stock,N/A,
Justyol,Homme,Men,Chemise homme d’été à manches courtes en tissu léger – SSH25SECR16155TM1 - Green / S,TOWN TEAM,219.00,559.00,61,En stock,N/A,
Justyol,Homme,Men,Chemise homme à manches courtes avec motifs modernes – SSH25SJCR16170TM1 - Black / S,TOWN TEAM,199.00,499.00,60,En stock,N/A,
Justyol,Homme,Men,Short de sport pour homme avec poches latérales et impression du logo - SHR24SMPC29151TM1 - Beige / M,TOWN TEAM,139.00,479.00,71,En stock,N/A,
Justyol,Homme,Men,Short de sport pour homme avec taille élastique - SHR24SMBX15003TM1 - Black / 4XL,TOWN TEAM,119.00,399.00,70,En stock,N/A,
Justyol,Homme,Men,"Short homme d’été avec taille élastique, cordon de serrage et imprimé palmiers – coloris clair – SHR24SGAS23183TM1 - Mint / 40",TOWN TEAM,119.00,399.00,70,En stock,N/A,
Justyol,Homme,Men,"Short en tissu pour homme avec taille élastique et poches latérales, couleur olive - SHR24SGBC23168TM1 - Olive / 40",TOWN TEAM,199.00,499.00,60,En stock,N/A,
Justyol,Homme,Men,Short en jean pour homme au design moderne de couleur bleu clair - SHR25SDSP30199TM1 - Black / 38,TOWN TEAM,149.00,499.00,70,En stock,N/A,
Justyol,Homme,Men,Chemise homme d’été à manches courtes en tissu léger – SSH25SECR16155TM1 - Green / L,TOWN TEAM,219.00,559.00,61,En stock,N/A,
Justyol,Homme,Men,Chemise homme à manches courtes avec motifs modernes – SSH25SJCR16170TM1 - Black / XL,TOWN TEAM,199.00,499.00,60,En stock,N/A,
Justyol,Homme,Men,Short de sport pour homme avec poches latérales et impression du logo - SHR24SMPC29151TM1 - Beige / L,TOWN TEAM,139.00,479.00,71,En stock,N/A,
Justyol,Homme,Men,Short de sport pour homme avec taille élastique - SHR24SMBX15003TM1 - Black / 2XL,TOWN TEAM,119.00,399.00,70,En stock,N/A,
Justyol,Homme,Men,"Short homme d’été avec taille élastique, cordon de serrage et imprimé palmiers – coloris clair – SHR24SGAS23183TM1 - Mint / 38",TOWN TEAM,119.00,399.00,70,En stock,N/A,
Justyol,Homme,Men,Short en jean pour homme au design moderne de couleur bleu clair - SHR25SDSP30199TM1 - Blue / 36,TOWN TEAM,149.00,499.00,70,En stock,N/A,
Justyol,Homme,Men,Chemise homme d’été à manches courtes en tissu léger – SSH25SECR16155TM1 - Green / XL,TOWN TEAM,219.00,559.00,61,En stock,N/A,
Justyol,Homme,Men,Short de sport pour homme avec poches latérales et impression du logo - SHR24SMPC29151TM1 - Beige / 2XL,TOWN TEAM,139.00,479.00,71,En stock,N/A,
Justyol,Homme,Men,Short de sport pour homme avec taille élastique - SHR24SMBX15003TM1 - D-Stone / XL,TOWN TEAM,119.00,399.00,70,En stock,N/A,
Justyol,Homme,Men,"Short homme d’été avec taille élastique, cordon de serrage et imprimé palmiers – coloris clair – SHR24SGAS23183TM1 - Beige / 38",TOWN TEAM,119.00,399.00,70,En stock,N/A,
Justyol,Homme,Men,Short de sport pour homme avec poches latérales et impression du logo - SHR24SMPC29151TM1 - Beige / XL,TOWN TEAM,139.00,479.00,71,En stock,N/A,
Justyol,Homme,Men,Short de sport pour homme avec taille élastique - SHR24SMBX15003TM1 - D-Stone / 2XL,TOWN TEAM,119.00,399.00,70,En stock,N/A,
Justyol,Homme,Men,"Short homme d’été avec taille élastique, cordon de serrage et imprimé palmiers – coloris clair – SHR24SGAS23183TM1 - Beige / 36",TOWN TEAM,119.00,399.00,70,En stock,N/A,
Justyol,Homme,Men,Short de sport pour homme avec poches latérales et impression du logo - SHR24SMPC29151TM1 - Black / 4XL,TOWN TEAM,139.00,479.00,71,En stock,N/A,
Justyol,Homme,Men,Short de sport pour homme avec taille élastique - SHR24SMBX15003TM1 - D-Stone / L,TOWN TEAM,119.00,399.00,70,En stock,N/A,
Justyol,Homme,Men,"Short homme d’été avec taille élastique, cordon de serrage et imprimé palmiers – coloris clair – SHR24SGAS23183TM1 - Beige / 34",TOWN TEAM,119.00,399.00,70,En stock,N/A,
Justyol,Homme,Men,Short de sport pour homme avec poches latérales et impression du logo - SHR24SMPC29151TM1 - Black / S,TOWN TEAM,139.00,479.00,71,En stock,N/A,
Justyol,Homme,Men,"Short homme d’été avec taille élastique, cordon de serrage et imprimé palmiers – coloris clair – SHR24SGAS23183TM1 - Mint / 36",TOWN TEAM,119.00,399.00,70,En stock,N/A,
Justyol,Homme,Men,Short de sport pour homme avec poches latérales et impression du logo - SHR24SMPC29151TM1 - Black / M,TOWN TEAM,139.00,479.00,71,En stock,N/A,
Justyol,Homme,Men,"Short homme d’été avec taille élastique, cordon de serrage et imprimé palmiers – coloris clair – SHR24SGAS23183TM1 - Beige / 32",TOWN TEAM,119.00,399.00,70,En stock,N/A,
Justyol,Homme,Men,Short de sport pour homme avec poches latérales et impression du logo - SHR24SMPC29151TM1 - Black / L,TOWN TEAM,139.00,479.00,71,En stock,N/A,
Justyol,Homme,Men,"Short homme d’été avec taille élastique, cordon de serrage et imprimé palmiers – coloris clair – SHR24SGAS23183TM1 - Beige / 31",TOWN TEAM,119.00,399.00,70,En stock,N/A,
Justyol,Homme,Men,Short de sport pour homme avec poches latérales et impression du logo - SHR24SMPC29151TM1 - Black / 2XL,TOWN TEAM,139.00,479.00,71,En stock,N/A,
Justyol,Homme,Men,Chemise casual homme à carreaux noir et crème design moderne - OSH25WCUR19141TM1 - BLK/BEG / L,TOWN TEAM,319.00,799.00,60,En stock,N/A,
Justyol,Homme,Men,Veste casual homme zippée avec poches avant en biais - OSH23APCR19807TM1 - Camel / 5XL,TOWN TEAM,319.00,799.00,60,En stock,N/A,
Justyol,Homme,Men,Chemise homme à motifs boutonnée manches longues marron et blanc - OSH23ACCR19797TM1 - BRN/WHT / 3XL,TOWN TEAM,319.00,799.00,60,En stock,N/A,
Justyol,Homme,Men,Chemise homme boutonnée manches longues bleu marine élégant - SHI24STCR17423TM1 - Navy / L,TOWN TEAM,179.00,599.00,70,En stock,N/A,
Justyol,Homme,Men,Chemise homme à carreaux manches longues au design moderne - SHI24SCOR17411TM1 - Ice Blue / 3XL,TOWN TEAM,159.00,559.00,72,En stock,N/A,
Justyol,Homme,Men,Chemise homme à carreaux classique manches longues - SHI24SCIR17406TM1 - L-OLIVE / S,TOWN TEAM,159.00,559.00,72,En stock,N/A,
Justyol,Homme,Men,Chemise homme manches courtes à motifs modernes coupe confortable - SSH24SAOS19522TM1 - Olive / XL,TOWN TEAM,129.00,399.00,68,En stock,N/A,
Justyol,Homme,Men,"Chemise homme à manches longues, coupe moderne et design élégant – SHI24SEIS19429TM1 - Charcoal / 2XL",TOWN TEAM,129.00,499.00,74,En stock,N/A,
Justyol,Homme,Men,Chemise homme manches longues à motifs géométriques - SHI24SAER17436TM1 - Navy / XL,TOWN TEAM,179.00,599.00,70,En stock,N/A,
Justyol,Homme,Men,Chemise homme classique manches longues au design moderne - SHI24STCR17420TM1 - L-GREY / 2XL,TOWN TEAM,159.00,559.00,72,En stock,N/A,
Justyol,Homme,Men,"Pantalon homme classique à coupe slim – Gris élégant, idéal pour les looks quotidiens – JOG22SFGA23569TM1 - Navy / 29",TOWN TEAM,179.00,439.00,59,En stock,N/A,
Justyol,Homme,Men,Pantalon homme en tissu à coupe droite moderne – Bleu marine élégant et confortable – PAN22SFGA23560TM1 - Black / 34,TOWN TEAM,159.00,399.00,60,En stock,N/A,
Justyol,Homme,Men,Sweat-shirt homme à demi-zip de couleur gris foncé au design élégant et confortable – SWS23WCOT26807TM1 - Charcoal / 6XL,TOWN TEAM,209.00,859.00,76,En stock,N/A,
Justyol,Homme,Men,Veste en jean homme noire au design jeune et moderne – JAC23WFDN28904TM1 - Black / 4XL,TOWN TEAM,299.00,1.199,N/A,En stock,N/A,
Justyol,Homme,Men,Chemise homme à manches longues avec boutons frontaux - FSH23APCR19814TM1 - FADE BLU / 3XL,TOWN TEAM,149.00,599.00,75,En stock,N/A,
Justyol,Homme,Men,Chemise homme à carreaux à manches longues avec poche poitrine - FSH23ACCR19818TM1 - BEG/NVY / 3XL,TOWN TEAM,149.00,599.00,75,En stock,N/A,
Justyol,Homme,Men,Pantalon homme en tissu coupe skinny – Classique et confortable pour un usage quotidien - PAN22SFGA22998TM1 - Black / 34,TOWN TEAM,159.00,399.00,60,En stock,N/A,
Justyol,Homme,Men,Pantalon homme en tissu coupe skinny – Design moderne et confortable - PAN22GFGA23250TM1 - Navy / 38,TOWN TEAM,239.00,479.00,50,En stock,N/A,
Justyol,Homme,Men,Pantalon homme en tissu coupe skinny – Confortable et élégant - PAN22GPAQ23253TS1 - Navy / 44,TOWN TEAM,259.00,529.00,51,En stock,N/A,
Justyol,Homme,Men,Jean homme bleu clair à coupe confortable - JNS23WFDN22760TM1 - Light Blue / 34,TOWN TEAM,279.00,559.00,50,En stock,N/A,
Justyol,Homme,Men,Jean super slim bleu clair homme – Style moderne et ajusté - JNS23WFDN22733TS1 - Light Blue / 42,TOWN TEAM,279.00,559.00,50,En stock,N/A,
Justyol,Homme,Men,Pantalon de sport homme à taille élastique avec poches latérales au design pratique - JOG23SGPS24247TM1 - Grey / 34,TOWN TEAM,239.00,599.00,60,En stock,N/A,
Justyol,Homme,Men,Chemise homme à carreaux oversize au style classique et moderne – OSH23ACCR19783TM1 - BLU/BLK / XL,TOWN TEAM,209.00,859.00,76,En stock,N/A,
Justyol,Homme,Men,"Chemise homme à carreaux classique et élégante, coupe oversize – OSH23ACCR19789TM1 - OLV/WHT / S",TOWN TEAM,209.00,859.00,76,En stock,N/A,
Justyol,Homme,Men,Chemise homme à carreaux à manches longues – design moderne et confortable – SHI24SCOR17410TM1 - Green / L,TOWN TEAM,179.00,599.00,70,En stock,N/A,
Justyol,Homme,Men,Chemise homme à carreaux à manches longues – design moderne et confortable – SHI24SCIR17404TM1 - Brick / S,TOWN TEAM,179.00,599.00,70,En stock,N/A,
Justyol,Homme,Men,Chemise homme à rayures à manches longues – design moderne en bleu clair – SHI24SSCR17401TM1 - Sky Blue / S,TOWN TEAM,179.00,599.00,70,En stock,N/A,
Justyol,Homme,Men,Chemise homme à manches longues à fines rayures – SHI24SSOR17403TM1 - Navy / L,TOWN TEAM,179.00,599.00,70,En stock,N/A,
Justyol,Homme,Men,"Chemise homme à manches longues à carreaux, classique et élégante – SHI24SCOR17408TM1 - Red / L",TOWN TEAM,179.00,599.00,70,En stock,N/A,
Justyol,Homme,Men,Chemise homme classique à manches longues à fines rayures – SHI24SSPR17445TM1 - WHT/BLU / 3XL,TOWN TEAM,179.00,599.00,70,En stock,N/A,
Justyol,Homme,Men,Chemise homme à manches longues à carreaux – SHI24SCCR17412TM1 - Blue / S,TOWN TEAM,169.00,559.00,70,En stock,N/A,
Justyol,Homme,Men,Polo homme à manches longues – coloris rose clair avec design en maille – SHI24SCCR17413TM1 - Pink / L,TOWN TEAM,179.00,599.00,70,En stock,N/A,
Justyol,Homme,Men,Chemise homme classique et élégante à manches longues – SHI24STCR17422TM1 - Black / XL,TOWN TEAM,159.00,559.00,72,En stock,N/A,
Justyol,Homme,Men,Polo homme casual – SSH24SAER19441TM1 - RED/WHT / S,TOWN TEAM,169.00,559.00,70,En stock,N/A,
Justyol,Homme,Men,Chemise casual homme à carreaux noir et crème design moderne - OSH25WCUR19141TM1 - BLK/BEG / M,TOWN TEAM,319.00,799.00,60,En stock,N/A,
Justyol,Homme,Men,Chemise homme boutonnée manches longues bleu marine élégant - SHI24STCR17423TM1 - Navy / 4XL,TOWN TEAM,179.00,599.00,70,En stock,N/A,
Justyol,Homme,Men,Chemise homme à carreaux manches longues au design moderne - SHI24SCOR17411TM1 - Ice Blue / 4XL,TOWN TEAM,159.00,559.00,72,En stock,N/A,
Justyol,Homme,Men,Chemise homme à carreaux classique manches longues - SHI24SCIR17406TM1 - D-RED / XL,TOWN TEAM,159.00,559.00,72,En stock,N/A,
Justyol,Homme,Men,Chemise homme manches courtes à motifs modernes coupe confortable - SSH24SAOS19522TM1 - White / 3XL,TOWN TEAM,129.00,399.00,68,En stock,N/A,
Justyol,Homme,Men,"Chemise homme à manches longues, coupe moderne et design élégant – SHI24SEIS19429TM1 - Off White / 3XL",TOWN TEAM,129.00,499.00,74,En stock,N/A,
Justyol,Homme,Men,Chemise homme manches longues à motifs géométriques - SHI24SAER17436TM1 - Navy / L,TOWN TEAM,179.00,599.00,70,En stock,N/A,
Justyol,Homme,Men,Chemise homme classique manches longues au design moderne - SHI24STCR17420TM1 - L-GREY / 3XL,TOWN TEAM,159.00,559.00,72,En stock,N/A,
Justyol,Homme,Men,"Pantalon homme classique à coupe slim – Gris élégant, idéal pour les looks quotidiens – JOG22SFGA23569TM1 - Navy / 33",TOWN TEAM,179.00,439.00,59,En stock,N/A,
Justyol,Homme,Men,Pantalon homme en tissu à coupe droite moderne – Bleu marine élégant et confortable – PAN22SFGA23560TM1 - Black / 36,TOWN TEAM,159.00,399.00,60,En stock,N/A,
Justyol,Homme,Men,Veste en jean homme noire au design jeune et moderne – JAC23WFDN28904TM1 - Black / 3XL,TOWN TEAM,299.00,1.199,N/A,En stock,N/A,
Justyol,Homme,Men,Chemise homme à manches longues avec boutons frontaux - FSH23APCR19814TM1 - FADE BLU / 7XL,TOWN TEAM,149.00,599.00,75,En stock,N/A,
Justyol,Homme,Men,Chemise homme à carreaux à manches longues avec poche poitrine - FSH23ACCR19818TM1 - BEG/NVY / 5XL,TOWN TEAM,149.00,599.00,75,En stock,N/A,
Justyol,Homme,Men,Pantalon homme en tissu coupe skinny – Design moderne et confortable - PAN22GFGA23250TM1 - Navy / 36,TOWN TEAM,239.00,479.00,50,En stock,N/A,
Justyol,Homme,Men,Jean super slim bleu clair homme – Style moderne et ajusté - JNS23WFDN22733TS1 - Light Blue / 46,TOWN TEAM,279.00,559.00,50,En stock,N/A,
Justyol,Homme,Men,Pantalon de sport homme à taille élastique avec poches latérales au design pratique - JOG23SGPS24247TM1 - Grey / 36,TOWN TEAM,239.00,599.00,60,En stock,N/A,
Justyol,Homme,Men,Chemise homme à carreaux oversize au style classique et moderne – OSH23ACCR19783TM1 - BLU/BLK / L,TOWN TEAM,209.00,859.00,76,En stock,N/A,
Justyol,Homme,Men,"Chemise homme à carreaux classique et élégante, coupe oversize – OSH23ACCR19789TM1 - OLV/WHT / 3XL",TOWN TEAM,209.00,859.00,76,En stock,N/A,
Justyol,Homme,Men,Chemise homme à carreaux à manches longues – design moderne et confortable – SHI24SCOR17410TM1 - Green / XL,TOWN TEAM,179.00,599.00,70,En stock,N/A,
Justyol,Homme,Men,Chemise homme à carreaux à manches longues – design moderne et confortable – SHI24SCIR17404TM1 - D-TRQOIS / XL,TOWN TEAM,179.00,599.00,70,En stock,N/A,
Justyol,Homme,Men,Chemise homme à rayures à manches longues – design moderne en bleu clair – SHI24SSCR17401TM1 - Sky Blue / 4XL,TOWN TEAM,179.00,599.00,70,En stock,N/A,
Justyol,Homme,Men,Chemise homme à manches longues à fines rayures – SHI24SSOR17403TM1 - Navy / 4XL,TOWN TEAM,179.00,599.00,70,En stock,N/A,
Justyol,Homme,Men,"Chemise homme à manches longues à carreaux, classique et élégante – SHI24SCOR17408TM1 - Red / S",TOWN TEAM,179.00,599.00,70,En stock,N/A,
Justyol,Homme,Men,Chemise homme classique à manches longues à fines rayures – SHI24SSPR17445TM1 - WHT/BLU / L,TOWN TEAM,179.00,599.00,70,En stock,N/A,
Justyol,Homme,Men,Chemise homme à manches longues à carreaux – SHI24SCCR17412TM1 - Blue / 2XL,TOWN TEAM,169.00,559.00,70,En stock,N/A,
Justyol,Homme,Men,Polo homme à manches longues – coloris rose clair avec design en maille – SHI24SCCR17413TM1 - Pink / 2XL,TOWN TEAM,179.00,599.00,70,En stock,N/A,
Justyol,Homme,Men,Chemise homme classique et élégante à manches longues – SHI24STCR17422TM1 - Black / 5XL,TOWN TEAM,159.00,559.00,72,En stock,N/A,
Justyol,Homme,Men,Polo homme casual – SSH24SAER19441TM1 - RED/WHT / XL,TOWN TEAM,169.00,559.00,70,En stock,N/A,
Justyol,Homme,Men,Chemise casual homme à carreaux noir et crème design moderne - OSH25WCUR19141TM1 - BLK/BEG / S,TOWN TEAM,319.00,799.00,60,En stock,N/A,
Justyol,Homme,Men,Chemise homme boutonnée manches longues bleu marine élégant - SHI24STCR17423TM1 - Navy / XL,TOWN TEAM,179.00,599.00,70,En stock,N/A,
Justyol,Homme,Men,Chemise homme à carreaux manches longues au design moderne - SHI24SCOR17411TM1 - Ice Blue / 5XL,TOWN TEAM,159.00,559.00,72,En stock,N/A,
Justyol,Homme,Men,Chemise homme à carreaux classique manches longues - SHI24SCIR17406TM1 - D-RED / S,TOWN TEAM,159.00,559.00,72,En stock,N/A,
Justyol,Homme,Men,"Chemise homme à manches longues, coupe moderne et design élégant – SHI24SEIS19429TM1 - SKYBLUE / 5XL",TOWN TEAM,129.00,499.00,74,En stock,N/A,
Justyol,Homme,Men,Chemise homme manches longues à motifs géométriques - SHI24SAER17436TM1 - Navy / S,TOWN TEAM,179.00,599.00,70,En stock,N/A,
Justyol,Homme,Men,Chemise homme classique manches longues au design moderne - SHI24STCR17420TM1 - L-GREY / 4XL,TOWN TEAM,159.00,559.00,72,En stock,N/A,
Justyol,Homme,Men,"Pantalon homme classique à coupe slim – Gris élégant, idéal pour les looks quotidiens – JOG22SFGA23569TM1 - Navy / 34",TOWN TEAM,179.00,439.00,59,En stock,N/A,
Justyol,Homme,Men,Pantalon homme en tissu à coupe droite moderne – Bleu marine élégant et confortable – PAN22SFGA23560TM1 - Black / 44,TOWN TEAM,159.00,399.00,60,En stock,N/A,
Justyol,Homme,Men,Veste en jean homme noire au design jeune et moderne – JAC23WFDN28904TM1 - Black / 2XL,TOWN TEAM,299.00,1.199,N/A,En stock,N/A,
Justyol,Homme,Men,Chemise homme à manches longues avec boutons frontaux - FSH23APCR19814TM1 - FADE BLU / 6XL,TOWN TEAM,149.00,599.00,75,En stock,N/A,
Justyol,Homme,Men,Chemise homme à carreaux à manches longues avec poche poitrine - FSH23ACCR19818TM1 - BEG/NVY / 6XL,TOWN TEAM,149.00,599.00,75,En stock,N/A,
Justyol,Homme,Men,Pantalon homme en tissu coupe skinny – Design moderne et confortable - PAN22GFGA23250TM1 - Navy / 34,TOWN TEAM,239.00,479.00,50,En stock,N/A,
Justyol,Homme,Men,Jean super slim bleu clair homme – Style moderne et ajusté - JNS23WFDN22733TS1 - Light Blue / 44,TOWN TEAM,279.00,559.00,50,En stock,N/A,
Justyol,Homme,Men,Pantalon de sport homme à taille élastique avec poches latérales au design pratique - JOG23SGPS24247TM1 - Grey / 33,TOWN TEAM,239.00,599.00,60,En stock,N/A,
Justyol,Homme,Men,Chemise homme à carreaux oversize au style classique et moderne – OSH23ACCR19783TM1 - BLU/BLK / S,TOWN TEAM,209.00,859.00,76,En stock,N/A,
Justyol,Homme,Men,"Chemise homme à carreaux classique et élégante, coupe oversize – OSH23ACCR19789TM1 - OLV/WHT / 4XL",TOWN TEAM,209.00,859.00,76,En stock,N/A,
Justyol,Homme,Men,Chemise homme à carreaux à manches longues – design moderne et confortable – SHI24SCOR17410TM1 - Green / S,TOWN TEAM,179.00,599.00,70,En stock,N/A,
Justyol,Homme,Men,Chemise homme à carreaux à manches longues – design moderne et confortable – SHI24SCIR17404TM1 - D-TRQOIS / 7XL,TOWN TEAM,179.00,599.00,70,En stock,N/A,
Justyol,Homme,Men,Chemise homme à rayures à manches longues – design moderne en bleu clair – SHI24SSCR17401TM1 - Sky Blue / 3XL,TOWN TEAM,179.00,599.00,70,En stock,N/A,
Justyol,Homme,Men,"Chemise homme à manches longues à carreaux, classique et élégante – SHI24SCOR17408TM1 - Red / XL",TOWN TEAM,179.00,599.00,70,En stock,N/A,
Justyol,Homme,Men,Chemise homme à manches longues à carreaux – SHI24SCCR17412TM1 - Blue / 3XL,TOWN TEAM,169.00,559.00,70,En stock,N/A,
Justyol,Homme,Men,Polo homme à manches longues – coloris rose clair avec design en maille – SHI24SCCR17413TM1 - Pink / 4XL,TOWN TEAM,179.00,599.00,70,En stock,N/A,
Justyol,Homme,Men,Chemise homme classique et élégante à manches longues – SHI24STCR17422TM1 - Black / 7XL,TOWN TEAM,159.00,559.00,72,En stock,N/A,
Justyol,Homme,Men,Polo homme casual – SSH24SAER19441TM1 - RED/WHT / M,TOWN TEAM,169.00,559.00,70,En stock,N/A,
Justyol,Homme,Men,Chemise casual homme à carreaux noir et crème design moderne - OSH25WCUR19141TM1 - BLK/BEG / XL,TOWN TEAM,319.00,799.00,60,En stock,N/A,
Justyol,Homme,Men,Chemise homme boutonnée manches longues bleu marine élégant - SHI24STCR17423TM1 - Navy / 5XL,TOWN TEAM,179.00,599.00,70,En stock,N/A,
Justyol,Homme,Men,Chemise homme à carreaux manches longues au design moderne - SHI24SCOR17411TM1 - Ice Blue / 6XL,TOWN TEAM,159.00,559.00,72,En stock,N/A,
Justyol,Homme,Men,Chemise homme à carreaux classique manches longues - SHI24SCIR17406TM1 - L-OLIVE / 3XL,TOWN TEAM,159.00,559.00,72,En stock,N/A,
Justyol,Homme,Men,"Chemise homme à manches longues, coupe moderne et design élégant – SHI24SEIS19429TM1 - Orange / 6XL",TOWN TEAM,129.00,499.00,74,En stock,N/A,
Justyol,Homme,Men,Chemise homme manches longues à motifs géométriques - SHI24SAER17436TM1 - Navy / 2XL,TOWN TEAM,179.00,599.00,70,En stock,N/A,
Justyol,Homme,Men,Chemise homme classique manches longues au design moderne - SHI24STCR17420TM1 - L-GREY / S,TOWN TEAM,159.00,559.00,72,En stock,N/A,
Justyol,Homme,Men,"Pantalon homme classique à coupe slim – Gris élégant, idéal pour les looks quotidiens – JOG22SFGA23569TM1 - Navy / 36",TOWN TEAM,179.00,439.00,59,En stock,N/A,
Justyol,Homme,Men,Chemise homme à carreaux à manches longues avec poche poitrine - FSH23ACCR19818TM1 - BEG/NVY / 7XL,TOWN TEAM,149.00,599.00,75,En stock,N/A,
Justyol,Homme,Men,Pantalon homme en tissu coupe skinny – Design moderne et confortable - PAN22GFGA23250TM1 - Navy / 40,TOWN TEAM,239.00,479.00,50,En stock,N/A,
Justyol,Homme,Men,Pantalon de sport homme à taille élastique avec poches latérales au design pratique - JOG23SGPS24247TM1 - Black / 34,TOWN TEAM,239.00,599.00,60,En stock,N/A,
Justyol,Homme,Men,Chemise homme à carreaux oversize au style classique et moderne – OSH23ACCR19783TM1 - BLU/BLK / 4XL,TOWN TEAM,209.00,859.00,76,En stock,N/A,
Justyol,Homme,Men,"Chemise homme à carreaux classique et élégante, coupe oversize – OSH23ACCR19789TM1 - OLV/WHT / 5XL",TOWN TEAM,209.00,859.00,76,En stock,N/A,
Justyol,Homme,Men,Chemise homme à carreaux à manches longues – design moderne et confortable – SHI24SCOR17410TM1 - Green / 2XL,TOWN TEAM,179.00,599.00,70,En stock,N/A,
Justyol,Homme,Men,Chemise homme à carreaux à manches longues – design moderne et confortable – SHI24SCIR17404TM1 - D-TRQOIS / 3XL,TOWN TEAM,179.00,599.00,70,En stock,N/A,
Justyol,Homme,Men,"Chemise homme à manches longues à carreaux, classique et élégante – SHI24SCOR17408TM1 - Red / 6XL",TOWN TEAM,179.00,599.00,70,En stock,N/A,
Justyol,Homme,Men,Chemise homme à manches longues à carreaux – SHI24SCCR17412TM1 - Blue / M,TOWN TEAM,169.00,559.00,70,En stock,N/A,
Justyol,Homme,Men,Polo homme à manches longues – coloris rose clair avec design en maille – SHI24SCCR17413TM1 - Pink / 3XL,TOWN TEAM,179.00,599.00,70,En stock,N/A,
Justyol,Homme,Men,Chemise homme classique et élégante à manches longues – SHI24STCR17422TM1 - Black / 6XL,TOWN TEAM,159.00,559.00,72,En stock,N/A,
Justyol,Homme,Men,Polo homme casual – SSH24SAER19441TM1 - RED/WHT / 4XL,TOWN TEAM,169.00,559.00,70,En stock,N/A,
Justyol,Homme,Men,Chemise casual homme à carreaux noir et crème design moderne - OSH25WCUR19141TM1 - BLK/BEG / XS,TOWN TEAM,319.00,799.00,60,En stock,N/A,
Justyol,Homme,Men,Chemise homme boutonnée manches longues bleu marine élégant - SHI24STCR17423TM1 - Navy / 7XL,TOWN TEAM,179.00,599.00,70,En stock,N/A,
Justyol,Homme,Men,Chemise homme à carreaux manches longues au design moderne - SHI24SCOR17411TM1 - Ice Blue / 7XL,TOWN TEAM,159.00,559.00,72,En stock,N/A,
Justyol,Homme,Men,Chemise homme à carreaux classique manches longues - SHI24SCIR17406TM1 - L-OLIVE / 4XL,TOWN TEAM,159.00,559.00,72,En stock,N/A,
Justyol,Homme,Men,"Chemise homme à manches longues, coupe moderne et design élégant – SHI24SEIS19429TM1 - Orange / 5XL",TOWN TEAM,129.00,499.00,74,En stock,N/A,
Justyol,Homme,Men,Chemise homme manches longues à motifs géométriques - SHI24SAER17436TM1 - Navy / 3XL,TOWN TEAM,179.00,599.00,70,En stock,N/A,
Justyol,Homme,Men,Chemise homme classique manches longues au design moderne - SHI24STCR17420TM1 - L-GREY / XL,TOWN TEAM,159.00,559.00,72,En stock,N/A,
Justyol,Homme,Men,Chemise homme à carreaux oversize au style classique et moderne – OSH23ACCR19783TM1 - BLU/BLK / M,TOWN TEAM,209.00,859.00,76,En stock,N/A,
Justyol,Homme,Men,"Chemise homme à carreaux classique et élégante, coupe oversize – OSH23ACCR19789TM1 - OLV/WHT / 6XL",TOWN TEAM,209.00,859.00,76,En stock,N/A,
Justyol,Homme,Men,Chemise homme à carreaux à manches longues – design moderne et confortable – SHI24SCOR17410TM1 - Green / 3XL,TOWN TEAM,179.00,599.00,70,En stock,N/A,
Justyol,Homme,Men,Chemise homme à carreaux à manches longues – design moderne et confortable – SHI24SCIR17404TM1 - D-TRQOIS / 2XL,TOWN TEAM,179.00,599.00,70,En stock,N/A,
Justyol,Homme,Men,"Chemise homme à manches longues à carreaux, classique et élégante – SHI24SCOR17408TM1 - Red / 7XL",TOWN TEAM,179.00,599.00,70,En stock,N/A,
Justyol,Homme,Men,Chemise homme à manches longues à carreaux – SHI24SCCR17412TM1 - Blue / XL,TOWN TEAM,169.00,559.00,70,En stock,N/A,
Justyol,Homme,Men,Polo homme à manches longues – coloris rose clair avec design en maille – SHI24SCCR17413TM1 - Pink / XL,TOWN TEAM,179.00,599.00,70,En stock,N/A,
Justyol,Homme,Men,Chemise homme classique et élégante à manches longues – SHI24STCR17422TM1 - White / L,TOWN TEAM,159.00,559.00,72,En stock,N/A,
Justyol,Homme,Men,Polo homme casual – SSH24SAER19441TM1 - RED/WHT / L,TOWN TEAM,169.00,559.00,70,En stock,N/A,
Justyol,Homme,Men,Chemise homme boutonnée manches longues bleu marine élégant - SHI24STCR17423TM1 - Navy / 2XL,TOWN TEAM,179.00,599.00,70,En stock,N/A,
Justyol,Homme,Men,Chemise homme à carreaux manches longues au design moderne - SHI24SCOR17411TM1 - Red / S,TOWN TEAM,159.00,559.00,72,En stock,N/A,
Justyol,Homme,Men,"Chemise homme à manches longues, coupe moderne et design élégant – SHI24SEIS19429TM1 - Orange / 3XL",TOWN TEAM,129.00,499.00,74,En stock,N/A,
Justyol,Homme,Men,Chemise homme manches longues à motifs géométriques - SHI24SAER17436TM1 - Navy / 5XL,TOWN TEAM,179.00,599.00,70,En stock,N/A,
Justyol,Homme,Men,Chemise homme à carreaux oversize au style classique et moderne – OSH23ACCR19783TM1 - BLU/BLK / 3XL,TOWN TEAM,209.00,859.00,76,En stock,N/A,
Justyol,Homme,Men,"Chemise homme à carreaux classique et élégante, coupe oversize – OSH23ACCR19789TM1 - OLV/WHT / 7XL",TOWN TEAM,209.00,859.00,76,En stock,N/A,
Justyol,Homme,Men,Chemise homme à carreaux à manches longues – design moderne et confortable – SHI24SCOR17410TM1 - Green / 4XL,TOWN TEAM,179.00,599.00,70,En stock,N/A,
Justyol,Homme,Men,Chemise homme à carreaux à manches longues – design moderne et confortable – SHI24SCIR17404TM1 - D-TRQOIS / 6XL,TOWN TEAM,179.00,599.00,70,En stock,N/A,
Justyol,Homme,Men,"Chemise homme à manches longues à carreaux, classique et élégante – SHI24SCOR17408TM1 - Red / 2XL",TOWN TEAM,179.00,599.00,70,En stock,N/A,
Justyol,Homme,Men,Chemise homme à manches longues à carreaux – SHI24SCCR17412TM1 - Blue / L,TOWN TEAM,169.00,559.00,70,En stock,N/A,
Justyol,Homme,Men,Polo homme à manches longues – coloris rose clair avec design en maille – SHI24SCCR17413TM1 - Sky Blue / 4XL,TOWN TEAM,179.00,599.00,70,En stock,N/A,
Justyol,Homme,Men,Chemise homme classique et élégante à manches longues – SHI24STCR17422TM1 - White / XL,TOWN TEAM,159.00,559.00,72,En stock,N/A,
Justyol,Homme,Men,Polo homme casual – SSH24SAER19441TM1 - RED/WHT / 3XL,TOWN TEAM,169.00,559.00,70,En stock,N/A,
Justyol,Homme,Men,Chemise homme boutonnée manches longues bleu marine élégant - SHI24STCR17423TM1 - Navy / 6XL,TOWN TEAM,179.00,599.00,70,En stock,N/A,
Justyol,Homme,Men,Chemise homme à carreaux manches longues au design moderne - SHI24SCOR17411TM1 - Red / 3XL,TOWN TEAM,159.00,559.00,72,En stock,N/A,
Justyol,Homme,Men,"Chemise homme à manches longues, coupe moderne et design élégant – SHI24SEIS19429TM1 - LI.Beige / 6XL",TOWN TEAM,129.00,499.00,74,En stock,N/A,
Justyol,Homme,Men,Chemise homme manches longues à motifs géométriques - SHI24SAER17436TM1 - Navy / 6XL,TOWN TEAM,179.00,599.00,70,En stock,N/A,
Justyol,Homme,Men,Chemise homme à carreaux à manches longues – design moderne et confortable – SHI24SCOR17410TM1 - Red / XL,TOWN TEAM,179.00,599.00,70,En stock,N/A,
Justyol,Homme,Men,Chemise homme à carreaux à manches longues – design moderne et confortable – SHI24SCIR17404TM1 - D-TRQOIS / 5XL,TOWN TEAM,179.00,599.00,70,En stock,N/A,
Justyol,Homme,Men,"Chemise homme à manches longues à carreaux, classique et élégante – SHI24SCOR17408TM1 - Red / 4XL",TOWN TEAM,179.00,599.00,70,En stock,N/A,
Justyol,Homme,Men,Chemise homme classique et élégante à manches longues – SHI24STCR17422TM1 - White / 4XL,TOWN TEAM,159.00,559.00,72,En stock,N/A,
Justyol,Homme,Men,Polo homme casual – SSH24SAER19441TM1 - RED/WHT / 2XL,TOWN TEAM,169.00,559.00,70,En stock,N/A,
Justyol,Homme,Men,Chemise homme à carreaux manches longues au design moderne - SHI24SCOR17411TM1 - Red / 4XL,TOWN TEAM,159.00,559.00,72,En stock,N/A,
Justyol,Homme,Men,"Chemise homme à manches longues, coupe moderne et design élégant – SHI24SEIS19429TM1 - LI.Beige / 5XL",TOWN TEAM,129.00,499.00,74,En stock,N/A,
Justyol,Homme,Men,Chemise homme à carreaux à manches longues – design moderne et confortable – SHI24SCOR17410TM1 - Red / S,TOWN TEAM,179.00,599.00,70,En stock,N/A,
Justyol,Homme,Men,Chemise homme à carreaux à manches longues – design moderne et confortable – SHI24SCIR17404TM1 - D-TRQOIS / 4XL,TOWN TEAM,179.00,599.00,70,En stock,N/A,
Justyol,Homme,Men,"Chemise homme à manches longues à carreaux, classique et élégante – SHI24SCOR17408TM1 - Red / 3XL",TOWN TEAM,179.00,599.00,70,En stock,N/A,
Justyol,Homme,Men,Chemise homme classique et élégante à manches longues – SHI24STCR17422TM1 - White / 7XL,TOWN TEAM,159.00,559.00,72,En stock,N/A,
Justyol,Homme,Men,Chemise homme à carreaux manches longues au design moderne - SHI24SCOR17411TM1 - Red / 5XL,TOWN TEAM,159.00,559.00,72,En stock,N/A,
Justyol,Homme,Men,"Chemise homme à manches longues, coupe moderne et design élégant – SHI24SEIS19429TM1 - LI.Beige / 4XL",TOWN TEAM,129.00,499.00,74,En stock,N/A,
Justyol,Homme,Men,Chemise homme à carreaux à manches longues – design moderne et confortable – SHI24SCIR17404TM1 - Brick / 3XL,TOWN TEAM,179.00,599.00,70,En stock,N/A,
Justyol,Homme,Men,"Chemise homme à manches longues à carreaux, classique et élégante – SHI24SCOR17408TM1 - Brown / 4XL",TOWN TEAM,179.00,599.00,70,En stock,N/A,
Justyol,Homme,Men,Chemise homme à carreaux manches longues au design moderne - SHI24SCOR17411TM1 - Red / 6XL,TOWN TEAM,159.00,559.00,72,En stock,N/A,
Justyol,Homme,Men,Chemise homme à carreaux à manches longues – design moderne et confortable – SHI24SCIR17404TM1 - Brick / 4XL,TOWN TEAM,179.00,599.00,70,En stock,N/A,
Justyol,Homme,Men,"Chemise homme à manches longues à carreaux, classique et élégante – SHI24SCOR17408TM1 - Brown / 3XL",TOWN TEAM,179.00,599.00,70,En stock,N/A,
Justyol,Homme,Men,Chemise homme à carreaux manches longues au design moderne - SHI24SCOR17411TM1 - Red / 7XL,TOWN TEAM,159.00,559.00,72,En stock,N/A,
Justyol,Homme,Men,Chemise homme à carreaux à manches longues – design moderne et confortable – SHI24SCIR17404TM1 - Brick / 7XL,TOWN TEAM,179.00,599.00,70,En stock,N/A,
Justyol,Homme,Men,"Chemise homme à manches longues à carreaux, classique et élégante – SHI24SCOR17408TM1 - Brown / 5XL",TOWN TEAM,179.00,599.00,70,En stock,N/A,
Justyol,Homme,Men,Chemise homme à carreaux à manches longues – design moderne et confortable – SHI24SCIR17404TM1 - Brick / 5XL,TOWN TEAM,179.00,599.00,70,En stock,N/A,
Justyol,Homme,Men,"Chemise homme à manches longues à carreaux, classique et élégante – SHI24SCOR17408TM1 - Brown / 7XL",TOWN TEAM,179.00,599.00,70,En stock,N/A,
Justyol,Homme,Men,Chemise homme à carreaux à manches longues – design moderne et confortable – SHI24SCIR17404TM1 - Brick / 6XL,TOWN TEAM,179.00,599.00,70,En stock,N/A,
Justyol,Homme,Men,"Chemise homme à manches longues à carreaux, classique et élégante – SHI24SCOR17408TM1 - Brown / 6XL",TOWN TEAM,179.00,599.00,70,En stock,N/A,
Justyol,Homme,Men,Chemise homme à carreaux à manches longues – design moderne et confortable – SHI24SCIR17404TM1 - D-TRQOIS / S,TOWN TEAM,179.00,599.00,70,En stock,N/A,
Justyol,Homme,Men,"Chemise homme à manches longues à carreaux, classique et élégante – SHI24SCOR17408TM1 - Red / 5XL",TOWN TEAM,179.00,599.00,70,En stock,N/A,
Justyol,Homme,Men,Chemise homme à carreaux à manches longues – design moderne et confortable – SHI24SCIR17404TM1 - Brick / XL,TOWN TEAM,179.00,599.00,70,En stock,N/A,
Justyol,Homme,Men,Chemise homme à carreaux à manches longues – design moderne et confortable – SHI24SCIR17404TM1 - Brick / 2XL,TOWN TEAM,179.00,599.00,70,En stock,N/A,
Justyol,Homme,Men,Chemise homme à carreaux à manches longues – design moderne et confortable – SHI24SCIR17404TM1 - D-TRQOIS / L,TOWN TEAM,179.00,599.00,70,En stock,N/A,
Justyol,Homme,Men,Chemise homme à carreaux à manches longues – design moderne et confortable – SHI24SCIR17404TM1 - Brick / L,TOWN TEAM,179.00,599.00,70,En stock,N/A,
Justyol,Homme,Men,Chemise homme élégante à rayures horizontales – SHI24SSCR19415TM1 - NVY/WHT / 2XL,TOWN TEAM,179.00,599.00,70,En stock,N/A,
Justyol,Homme,Men,Chemise homme à manches longues à rayures verticales – SHI24SSCR19463TM1 - WHT/MNT / XL,TOWN TEAM,159.00,599.00,73,En stock,N/A,
Justyol,Homme,Men,T-shirt homme au design élégant de couleur olive – TSH24SPRO20931TM1 - D-OLIVE / XL,TOWN TEAM,119.00,399.00,70,En stock,N/A,
Justyol,Homme,Men,Chemise homme à manches courtes avec imprimé distinctif – SSH24SAIC19405TM1 - BLK/WHT / XL,TOWN TEAM,129.00,479.00,73,En stock,N/A,
Justyol,Homme,Men,T-shirt homme à manches courtes avec imprimé distinctif – TSH24SPRS20046TM1 - D-ORANGE / 2XL,TOWN TEAM,129.00,439.00,71,En stock,N/A,
Justyol,Homme,Men,Polo homme à motif géométrique – POS24SAPR21828TM1 - WHT/NVY / 5XL,TOWN TEAM,139.00,479.00,71,En stock,N/A,
Justyol,Homme,Men,Polo homme à motif distinctif – POS24SAPR21811TM1 - OFF WHIT / 2XL,TOWN TEAM,119.00,399.00,70,En stock,N/A,
Justyol,Homme,Men,Short de bain homme noir – SWM23SFIB11372TM1 - Black / 2XL,TOWN TEAM,99.00,329.00,70,En stock,N/A,
Justyol,Homme,Men,Polo pour homme noir avec un motif distinctif - POS24SPPR21839TM1 - Black / XL,TOWN TEAM,129.00,479.00,73,En stock,N/A,
Justyol,Homme,Men,Short pour homme avec une impression distinctive - SHR24SGAS23182TM1 - Black / 38,TOWN TEAM,119.00,399.00,70,En stock,N/A,
Justyol,Homme,Men,T-shirt pour homme noir décoré - TSH24SPRO20191TM1 - Black / 3XL,TOWN TEAM,129.00,439.00,71,En stock,N/A,
Justyol,Homme,Men,T-shirt pour homme décoré de feuilles - TSH24SARS20133TM1 - L-OLIVE / 3XL,TOWN TEAM,129.00,439.00,71,En stock,N/A,
Justyol,Homme,Men,Chemise pour homme avec boutons et design aquarelle - SSH24SAER19545TM1 - L-BLUE / 2XL,TOWN TEAM,129.00,399.00,68,En stock,N/A,
Justyol,Homme,Men,T-shirt pour homme noir au design moderne - TSH24SPRO20189TM1 - Black / 2XL,TOWN TEAM,129.00,439.00,71,En stock,N/A,
Justyol,Homme,Men,Polo pour homme avec bords blancs - POS24SBTR21813TM1 - Black / 2XL,TOWN TEAM,129.00,439.00,71,En stock,N/A,
Justyol,Homme,Men,Chemise pour homme à rayures avec manches longues - SHI24SSIS19428TM1 - WHT/BEG / XL,TOWN TEAM,149.00,499.00,70,En stock,N/A,
Justyol,Homme,Men,T-shirt beige homme en tissu côtelé – Confort et style décontracté - TSH24SBRO15006TM1 - Beige / 2XL,TOWN TEAM,139.00,439.00,68,En stock,N/A,
Justyol,Homme,Men,T-shirt pour homme décoré de rayures - TSH24SKRS20950TM1 - CAF?/STRP / 3XL,TOWN TEAM,149.00,499.00,70,En stock,N/A,
Justyol,Homme,Men,Polo slim fit bleu marine homme – Style élégant et moderne - POS24SKTR21875TM1 - Navy / 3XL,TOWN TEAM,149.00,499.00,70,En stock,N/A,
Justyol,Homme,Men,Polo pour homme au design moderne - POS24SKTV21850TM1 - FADE BLU / 3XL,TOWN TEAM,149.00,499.00,70,En stock,N/A,
Justyol,Homme,Men,Polo pour homme de couleur marine - POS24SNTR21764TM1 - Navy / XL,TOWN TEAM,129.00,499.00,74,En stock,N/A,
Justyol,Homme,Men,Chemise pour homme décorée de motifs élégants - SHI24SAIR19543TM1 - White / S,TOWN TEAM,149.00,499.00,70,En stock,N/A,
Justyol,Homme,Men,Chemise pour homme décorée avec des boutons - SSH24SAER19490TM1 - WHT/PRNT / 6XL,TOWN TEAM,129.00,479.00,73,En stock,N/A,
Justyol,Homme,Men,T-shirt pour homme à manches courtes avec motif - SSH24SASR19448TM1 - MULTICOL / L,TOWN TEAM,129.00,439.00,71,En stock,N/A,
Justyol,Homme,Men,T-shirt pour homme avec poches avant - SSH24SPGR19496TM1 - Black / XL,TOWN TEAM,129.00,439.00,71,En stock,N/A,
Justyol,Homme,Men,T-shirt pour homme avec motifs à rayures verticales - SHI24SSCR19515TM1 - BLK/WHT / 2XL,TOWN TEAM,179.00,599.00,70,En stock,N/A,
Justyol,Homme,Men,T-shirt pour homme à manches courtes avec impression distinctive - TSH24SARO20130TM1 - L-GREEN / 3XL,TOWN TEAM,109.00,359.00,70,En stock,N/A,
Justyol,Homme,Men,T-shirt pour homme à manches courtes de couleur marron foncé - TSH24SPRR20150TM1 - Camel / 3XL,TOWN TEAM,89.00,299.00,70,En stock,N/A,
Justyol,Homme,Men,T-shirt pour homme noir avec impression artistique - TSH24SPRO20194TM1 - Black / 2XL,TOWN TEAM,129.00,439.00,71,En stock,N/A,
Justyol,Homme,Men,T-shirt pour homme orange avec petite impression - TSH24SPRO20080TM1 - D-ORANGE / XL,TOWN TEAM,129.00,439.00,71,En stock,N/A,
Justyol,Homme,Men,Chemise homme à manches courtes de couleur blanche - SSH24SACC19449TM1 - White / XL,TOWN TEAM,129.00,479.00,73,En stock,N/A,
Justyol,Homme,Men,T‑shirt homme moderne manches courtes -TSH24SPRO20179TM1 - D-ORANGE / 4XL,TOWN TEAM,99.00,399.00,75,En stock,N/A,
Justyol,Homme,Men,T-shirt pour homme au design simple avec poche poitrine - Un look moderne et confortable - TSH24SBRR20013TM1 - Black / 3XL,TOWN TEAM,79.00,399.00,80,En stock,N/A,
Justyol,Homme,Men,T-shirt pour homme décoré à manches courtes - Design moderne avec logo - TSH24SERO20000TM1 - Havan / 5XL,TOWN TEAM,139.00,479.00,71,En stock,N/A,
Justyol,Homme,Men,Polo pour homme à manches courtes - Design moderne avec impression et logo - POS24SPPR21844TM1 - Black / XL,TOWN TEAM,129.00,439.00,71,En stock,N/A,
Justyol,Homme,Men,Polo pour homme à manches courtes - Design classique simple - POS24SPPR21904TM1 - Navy / 4XL,TOWN TEAM,129.00,479.00,73,En stock,N/A,
Justyol,Homme,Men,Chemise homme élégante à rayures horizontales – SHI24SSCR19415TM1 - NVY/WHT / XL,TOWN TEAM,179.00,599.00,70,En stock,N/A,
Justyol,Homme,Men,Chemise homme à manches longues à rayures verticales – SHI24SSCR19463TM1 - WHT/SBLU / XL,TOWN TEAM,159.00,599.00,73,En stock,N/A,
Justyol,Homme,Men,T-shirt homme au design élégant de couleur olive – TSH24SPRO20931TM1 - D-OLIVE / 2XL,TOWN TEAM,119.00,399.00,70,En stock,N/A,
Justyol,Homme,Men,Chemise homme à manches courtes avec imprimé distinctif – SSH24SAIC19405TM1 - BLK/WHT / L,TOWN TEAM,129.00,479.00,73,En stock,N/A,
Justyol,Homme,Men,T-shirt homme à manches courtes avec imprimé distinctif – TSH24SPRS20046TM1 - D-ORANGE / L,TOWN TEAM,129.00,439.00,71,En stock,N/A,
Justyol,Homme,Men,Polo pour homme noir avec un motif distinctif - POS24SPPR21839TM1 - Black / L,TOWN TEAM,129.00,479.00,73,En stock,N/A,
Justyol,Homme,Men,Short pour homme avec une impression distinctive - SHR24SGAS23182TM1 - Black / 34,TOWN TEAM,119.00,399.00,70,En stock,N/A,
Justyol,Homme,Men,T-shirt pour homme décoré de feuilles - TSH24SARS20133TM1 - L-OLIVE / 2XL,TOWN TEAM,129.00,439.00,71,En stock,N/A,
Justyol,Homme,Men,Chemise pour homme avec boutons et design aquarelle - SSH24SAER19545TM1 - L-BLUE / S,TOWN TEAM,129.00,399.00,68,En stock,N/A,
Justyol,Homme,Men,Polo pour homme avec bords blancs - POS24SBTR21813TM1 - D-BEIGE / 3XL,TOWN TEAM,129.00,439.00,71,En stock,N/A,
Justyol,Homme,Men,Chemise pour homme à rayures avec manches longues - SHI24SSIS19428TM1 - WHT/BEG / 2XL,TOWN TEAM,149.00,499.00,70,En stock,N/A,
Justyol,Homme,Men,T-shirt pour homme décoré de rayures - TSH24SKRS20950TM1 - CAF?/STRP / 4XL,TOWN TEAM,149.00,499.00,70,En stock,N/A,
Justyol,Homme,Men,Polo pour homme au design moderne - POS24SKTV21850TM1 - Olive / 4XL,TOWN TEAM,149.00,499.00,70,En stock,N/A,
Justyol,Homme,Men,Polo pour homme de couleur marine - POS24SNTR21764TM1 - Navy / 2XL,TOWN TEAM,129.00,499.00,74,En stock,N/A,
Justyol,Homme,Men,Chemise pour homme décorée de motifs élégants - SHI24SAIR19543TM1 - White / 3XL,TOWN TEAM,149.00,499.00,70,En stock,N/A,
Justyol,Homme,Men,Chemise pour homme décorée avec des boutons - SSH24SAER19490TM1 - WHT/PRNT / 5XL,TOWN TEAM,129.00,479.00,73,En stock,N/A,
Justyol,Homme,Men,T-shirt pour homme à manches courtes avec motif - SSH24SASR19448TM1 - MULTICOL / XL,TOWN TEAM,129.00,439.00,71,En stock,N/A,
Justyol,Homme,Men,T-shirt pour homme avec poches avant - SSH24SPGR19496TM1 - Black / L,TOWN TEAM,129.00,439.00,71,En stock,N/A,
Justyol,Homme,Men,T-shirt pour homme avec motifs à rayures verticales - SHI24SSCR19515TM1 - BLK/WHT / 3XL,TOWN TEAM,179.00,599.00,70,En stock,N/A,
Justyol,Homme,Men,T-shirt pour homme à manches courtes avec impression distinctive - TSH24SARO20130TM1 - L-GREEN / XL,TOWN TEAM,109.00,359.00,70,En stock,N/A,
Justyol,Homme,Men,T-shirt pour homme orange avec petite impression - TSH24SPRO20080TM1 - D-ORANGE / 3XL,TOWN TEAM,129.00,439.00,71,En stock,N/A,
Justyol,Homme,Men,Chemise homme à manches courtes de couleur blanche - SSH24SACC19449TM1 - White / L,TOWN TEAM,129.00,479.00,73,En stock,N/A,
Justyol,Homme,Men,T‑shirt homme moderne manches courtes -TSH24SPRO20179TM1 - Olive / 4XL,TOWN TEAM,99.00,399.00,75,En stock,N/A,
Justyol,Homme,Men,T-shirt pour homme décoré à manches courtes - Design moderne avec logo - TSH24SERO20000TM1 - Havan / 4XL,TOWN TEAM,139.00,479.00,71,En stock,N/A,
Justyol,Homme,Men,Polo pour homme à manches courtes - Design moderne avec impression et logo - POS24SPPR21844TM1 - Black / L,TOWN TEAM,129.00,439.00,71,En stock,N/A,
Justyol,Homme,Men,Polo pour homme à manches courtes - Design classique simple - POS24SPPR21904TM1 - Stone / 5XL,TOWN TEAM,129.00,479.00,73,En stock,N/A,
Justyol,Homme,Men,Chemise homme élégante à rayures horizontales – SHI24SSCR19415TM1 - NVY/WHT / 6XL,TOWN TEAM,179.00,599.00,70,En stock,N/A,
Justyol,Homme,Men,Chemise homme à manches longues à rayures verticales – SHI24SSCR19463TM1 - WHT/SBLU / 2XL,TOWN TEAM,159.00,599.00,73,En stock,N/A,
Justyol,Homme,Men,Chemise homme à manches courtes avec imprimé distinctif – SSH24SAIC19405TM1 - BLK/WHT / S,TOWN TEAM,129.00,479.00,73,En stock,N/A,
Justyol,Homme,Men,Polo pour homme noir avec un motif distinctif - POS24SPPR21839TM1 - Black / 2XL,TOWN TEAM,129.00,479.00,73,En stock,N/A,
Justyol,Homme,Men,Short pour homme avec une impression distinctive - SHR24SGAS23182TM1 - Beige / 34,TOWN TEAM,119.00,399.00,70,En stock,N/A,
Justyol,Homme,Men,Chemise pour homme avec boutons et design aquarelle - SSH24SAER19545TM1 - L-BLUE / L,TOWN TEAM,129.00,399.00,68,En stock,N/A,
Justyol,Homme,Men,Polo pour homme avec bords blancs - POS24SBTR21813TM1 - D-ORANGE / S,TOWN TEAM,129.00,439.00,71,En stock,N/A,
Justyol,Homme,Men,Chemise pour homme à rayures avec manches longues - SHI24SSIS19428TM1 - WHT/BEG / 3XL,TOWN TEAM,149.00,499.00,70,En stock,N/A,
Justyol,Homme,Men,Chemise pour homme décorée de motifs élégants - SHI24SAIR19543TM1 - White / 6XL,TOWN TEAM,149.00,499.00,70,En stock,N/A,
Justyol,Homme,Men,T-shirt pour homme avec motifs à rayures verticales - SHI24SSCR19515TM1 - BLK/WHT / XL,TOWN TEAM,179.00,599.00,70,En stock,N/A,
Justyol,Homme,Men,T-shirt pour homme décoré à manches courtes - Design moderne avec logo - TSH24SERO20000TM1 - Black / 5XL,TOWN TEAM,139.00,479.00,71,En stock,N/A,
Justyol,Homme,Men,Polo pour homme à manches courtes - Design moderne avec impression et logo - POS24SPPR21844TM1 - Black / 2XL,TOWN TEAM,129.00,439.00,71,En stock,N/A,
Justyol,Homme,Men,Polo pour homme à manches courtes - Design classique simple - POS24SPPR21904TM1 - Stone / 6XL,TOWN TEAM,129.00,479.00,73,En stock,N/A,
Justyol,Homme,Men,Chemise homme élégante à rayures horizontales – SHI24SSCR19415TM1 - NVY/WHT / 3XL,TOWN TEAM,179.00,599.00,70,En stock,N/A,
Justyol,Homme,Men,Chemise homme à manches longues à rayures verticales – SHI24SSCR19463TM1 - WHT/MNT / 2XL,TOWN TEAM,159.00,599.00,73,En stock,N/A,
Justyol,Homme,Men,Short pour homme avec une impression distinctive - SHR24SGAS23182TM1 - Beige / 38,TOWN TEAM,119.00,399.00,70,En stock,N/A,
Justyol,Homme,Men,Polo pour homme avec bords blancs - POS24SBTR21813TM1 - D-ORANGE / XL,TOWN TEAM,129.00,439.00,71,En stock,N/A,
Justyol,Homme,Men,T-shirt pour homme décoré à manches courtes - Design moderne avec logo - TSH24SERO20000TM1 - D-OLIVE / 5XL,TOWN TEAM,139.00,479.00,71,En stock,N/A,
Justyol,Homme,Men,Polo pour homme à manches courtes - Design classique simple - POS24SPPR21904TM1 - Navy / 5XL,TOWN TEAM,129.00,479.00,73,En stock,N/A,
Justyol,Homme,Men,Chemise homme élégante à rayures horizontales – SHI24SSCR19415TM1 - OFF/NVY / 3XL,TOWN TEAM,179.00,599.00,70,En stock,N/A,
Justyol,Homme,Men,Chemise homme à manches longues à rayures verticales – SHI24SSCR19463TM1 - WHT/MNT / 3XL,TOWN TEAM,159.00,599.00,73,En stock,N/A,
Justyol,Homme,Men,Short pour homme avec une impression distinctive - SHR24SGAS23182TM1 - Black / 36,TOWN TEAM,119.00,399.00,70,En stock,N/A,
Justyol,Homme,Men,Polo pour homme avec bords blancs - POS24SBTR21813TM1 - Olive / 3XL,TOWN TEAM,129.00,439.00,71,En stock,N/A,
Justyol,Homme,Men,Polo pour homme à manches courtes - Design classique simple - POS24SPPR21904TM1 - Stone / 7XL,TOWN TEAM,129.00,479.00,73,En stock,N/A,
Justyol,Homme,Men,Chemise homme élégante à rayures horizontales – SHI24SSCR19415TM1 - OFF/NVY / 4XL,TOWN TEAM,179.00,599.00,70,En stock,N/A,
Justyol,Homme,Men,Chemise homme à manches longues à rayures verticales – SHI24SSCR19463TM1 - WHT/MNT / 4XL,TOWN TEAM,159.00,599.00,73,En stock,N/A,
Justyol,Homme,Men,Short pour homme avec une impression distinctive - SHR24SGAS23182TM1 - Beige / 36,TOWN TEAM,119.00,399.00,70,En stock,N/A,
Justyol,Homme,Men,Polo pour homme à manches courtes - Design classique simple - POS24SPPR21904TM1 - Navy / 7XL,TOWN TEAM,129.00,479.00,73,En stock,N/A,
Justyol,Homme,Men,Chemise homme élégante à rayures horizontales – SHI24SSCR19415TM1 - OFF/NVY / 6XL,TOWN TEAM,179.00,599.00,70,En stock,N/A,
Justyol,Homme,Men,Chemise homme à manches longues à rayures verticales – SHI24SSCR19463TM1 - WHT/SBLU / 3XL,TOWN TEAM,159.00,599.00,73,En stock,N/A,
Justyol,Homme,Men,Short pour homme avec une impression distinctive - SHR24SGAS23182TM1 - Beige / 31,TOWN TEAM,119.00,399.00,70,En stock,N/A,
Justyol,Homme,Men,Short pour homme avec une impression distinctive - SHR24SGAS23182TM1 - Beige / 32,TOWN TEAM,119.00,399.00,70,En stock,N/A,
Justyol,Homme,Men,Short pour homme avec une impression distinctive - SHR24SGAS23182TM1 - Beige / 33,TOWN TEAM,119.00,399.00,70,En stock,N/A,
Justyol,Homme,Men,Short pour homme avec une impression distinctive - SHR24SGAS23182TM1 - Black / 30,TOWN TEAM,119.00,399.00,70,En stock,N/A,
Justyol,Homme,Men,Short pour homme avec une impression distinctive - SHR24SGAS23182TM1 - Black / 31,TOWN TEAM,119.00,399.00,70,En stock,N/A,
Justyol,Homme,Men,Short pour homme avec une impression distinctive - SHR24SGAS23182TM1 - Black / 32,TOWN TEAM,119.00,399.00,70,En stock,N/A,
Justyol,Homme,Men,Short pour homme avec une impression distinctive - SHR24SGAS23182TM1 - Black / 33,TOWN TEAM,119.00,399.00,70,En stock,N/A,
Justyol,Homme,Men,Short pour homme avec une impression distinctive - SHR24SGAS23182TM1 - Beige / 30,TOWN TEAM,119.00,399.00,70,En stock,N/A,
Justyol,Homme,Men,Short pour homme avec une impression distinctive - SHR24SGAS23182TM1 - Black / 40,TOWN TEAM,119.00,399.00,70,En stock,N/A,
Justyol,Homme,Men,Short de bain pour homme en tissu léger et à séchage rapide – Design confortable avec ceinture ajustable – SWO24SSAE11394TM1 - Orange / 3XL,TOWN TEAM,79.00,359.00,78,En stock,N/A,
Justyol,Homme,Men,Chemise pour homme classique unie à manches longues – Design moderne et élégant – SHI24SAER17437TM1 - Black / L,TOWN TEAM,179.00,599.00,70,En stock,N/A,
Justyol,Homme,Men,Chemise pour homme à rayures avec coupe moderne et boutons à l'avant - SHI24SSER17444TM1 - WHT/BRN / 3XL,TOWN TEAM,179.00,599.00,70,En stock,N/A,
Justyol,Homme,Men,Chemise pour homme élégante avec motif discret et manches longues - SHI24SDCR17424TM1 - Charcoal / XL,TOWN TEAM,169.00,559.00,70,En stock,N/A,
Justyol,Homme,Men,T-shirt homme en vert avec graphique et texte en arabe - Style décontracté - TSH24SPRO20920TM1 - Green-ylw / L,TOWN TEAM,99.00,439.00,77,En stock,N/A,
Justyol,Homme,Men,T-shirt pour homme imprimé au design moderne et tendance - TSH24SPRO20061TM1 - Beige / 2XL,TOWN TEAM,119.00,399.00,70,En stock,N/A,
Justyol,Homme,Men,Polo pour homme imprimé au design moderne et jeune - POS24SPPR21849TM1 - Grey / L,TOWN TEAM,129.00,399.00,68,En stock,N/A,
Justyol,Homme,Men,Polo pour homme imprimé au design jeune et distinctif - POS24SPPR21845TM1 - Orange / M,TOWN TEAM,129.00,399.00,68,En stock,N/A,
Justyol,Homme,Men,Sweat-shirt pour homme à manches longues au design moderne - PUL24WPCR27646TM1 - BLK/CHRL / 2XL,TOWN TEAM,259.00,659.00,61,En stock,N/A,
Justyol,Homme,Men,Sweat-shirt pour homme décoré de lignes horizontales au design moderne - PUL24WPSR27654TM1 - NVY/WHT / 3XL,TOWN TEAM,219.00,899.00,76,En stock,N/A,
Justyol,Homme,Men,"Chemise à carreaux pour homme, style décontracté et moderne - OSH23ACCR19787TM1 - NVY/WHT / 6XL",TOWN TEAM,259.00,659.00,61,En stock,N/A,
Justyol,Homme,Men,Chemise pour homme à motifs au design moderne avec des boutons frontaux - OSH23AECR19826TM1 - Beige / XL,TOWN TEAM,239.00,599.00,60,En stock,N/A,
Justyol,Homme,Men,Chemise à carreaux pour homme - FSH23ACCR19821TM1 - NVY/WHT / S,TOWN TEAM,199.00,499.00,60,En stock,N/A,
Justyol,Homme,Men,Veste pour homme de sport avec imprimé lettre H – Design moderne et confortable - OSH23APCR19834TM1 - Navy / 3XL,TOWN TEAM,259.00,659.00,61,En stock,N/A,
Justyol,Homme,Men,Blazer pour homme à motif carreaux au design moderne - OSH23ACCR19837TM1 - NVY/WHT / 3XL,TOWN TEAM,239.00,599.00,60,En stock,N/A,
Justyol,Homme,Men,"Hoodie pour homme avec imprimé ""Reality"" – Design moderne et confortable - SWS24WHNK26147TM1 - OFF WHIT / 2XL",TOWN TEAM,279.00,699.00,60,En stock,N/A,
Justyol,Homme,Men,Hoodie pour homme au design moderne – Confortable avec des couleurs distinctives - SWS24WHPK26143TM1 - Mauve / 5XL,TOWN TEAM,219.00,559.00,61,En stock,N/A,
Justyol,Homme,Men,Pantalon pour homme avec poches latérales – Design moderne et confortable - JOG24GGWL24280TM1 - Black / 34,TOWN TEAM,329.00,659.00,50,En stock,N/A,
Justyol,Homme,Men,"Veste Gilet Homme Matelassée - Confortable, Moderne et Pratique pour l'Hiver - VST25WWCP28540TM1 - Black / L",TOWN TEAM,479.00,1.199,N/A,En stock,N/A,
Justyol,Homme,Men,Gilet Homme Matelassé - Confortable et Moderne avec Poches Latérales pour l'Hiver - VST25WWCP28540TS1 - Black / 7XL,TOWN TEAM,519.00,1.299,N/A,En stock,N/A,
Justyol,Homme,Men,Cardigan Homme Tricoté – Élégance et Confort pour les Jours Froids - PUL24WCPB27659TM1 - Olive / XL,TOWN TEAM,219.00,559.00,61,En stock,N/A,
Justyol,Homme,Men,Pull Homme avec Motif Géométrique Unique – Confort et Élégance pour Tous les Jours - PUL24WPJR27666TM1 - BLK/WHT / XL,TOWN TEAM,259.00,659.00,61,En stock,N/A,
Justyol,Homme,Men,"Hoodie Homme avec Zip Avant et Capuche Ajustable - Moderne, Pratique et Confortable - SWS24WZNK26157TM1 - L-BEIGE / XL",TOWN TEAM,279.00,699.00,60,En stock,N/A,
Justyol,Homme,Men,Sweat-shirt Homme à Zip Complet avec Capuche - Confortable et Moderne pour un Look Quotidien - SWS24WHPL26067TM1 - Snow / 5XL,TOWN TEAM,319.00,799.00,60,En stock,N/A,
Justyol,Homme,Men,Sweat-shirt Homme avec Imprimé Graphique - Confortable et Moderne pour un Look Jeune - SWS24WRNL26093TM1 - Snow / XL,TOWN TEAM,319.00,799.00,60,En stock,N/A,
Justyol,Homme,Men,Short Homme en Jean avec Imprimé Tendance - Confortable et Stylé pour l'Été - SHR24SDSP30191TM1 - Black / 38,TOWN TEAM,129.00,439.00,71,En stock,N/A,
Justyol,Homme,Men,Chemise Homme Moderne avec Imprimé Artistique - Confortable et Élégante pour un Look Quotidien - SSH24SAVC19505TM1 - BLK/WHT / L,TOWN TEAM,139.00,479.00,71,En stock,N/A,
Justyol,Homme,Men,Chemise Homme à Manches Courtes avec Imprimé Graphique - Confortable et Moderne pour un Look Estival - SSH24SACR19447TM1 - MULTICOL / XL,TOWN TEAM,129.00,439.00,71,En stock,N/A,
Justyol,Homme,Men,Chemise Homme à Manches Courtes - Élégante et Confortable pour un Look Quotidien - SSH24SSCS19500TM1 - WHT/NVY / 6XL,TOWN TEAM,129.00,399.00,68,En stock,N/A,
Justyol,Homme,Men,Chemise Homme à Manches Courtes – Élégance Simple et Confort au Quotidien - SSH24SSIC19427TM1 - OFF/BRN / 2XL,TOWN TEAM,129.00,479.00,73,En stock,N/A,
Justyol,Homme,Men,Chemise Homme en Corduroy – Élégance et Confort avec Design Classique et Pratique - OSH25WEUR19131TM1 - Cafe / 5XL,TOWN TEAM,319.00,799.00,60,En stock,N/A,
Justyol,Homme,Men,Pantalon Homme avec Imprimé Tendance – Confort et Style Moderne pour Tous les Jours - JOG24SGPL24284TM1 - Black / 34,TOWN TEAM,329.00,659.00,50,En stock,N/A,
Justyol,Homme,Men,Chemise Homme Élégante à Carreaux – Style Moderne et Confort pour les Jours Chauds - SSH24SCIR17447TM1 - WHT/WINE / S,TOWN TEAM,129.00,479.00,73,En stock,N/A,
Justyol,Homme,Men,T-shirt Homme Ample avec Détails Imprimés et Poche Zippée – Confort et Style Moderne - TSH24SPRO20929TM1 - Black / XL,TOWN TEAM,129.00,439.00,71,En stock,N/A,
Justyol,Homme,Men,Polo Homme Élégant – Style Pratique et Moderne pour le Quotidien - POS24SPPR21753TM1 - White / 6XL,TOWN TEAM,129.00,479.00,73,En stock,N/A,
Justyol,Homme,Men,Short de Bain Homme – Design Moderne et Pratique pour la Plage et la Piscine - SWO24SSAE11399TM1 - Black / 3XL,TOWN TEAM,139.00,359.00,61,En stock,N/A,
Justyol,Homme,Men,Short de bain pour homme en tissu léger et à séchage rapide – Design confortable avec ceinture ajustable – SWO24SSAE11394TM1 - Orange / 4XL,TOWN TEAM,79.00,359.00,78,En stock,N/A,
Justyol,Homme,Men,Chemise pour homme classique unie à manches longues – Design moderne et élégant – SHI24SAER17437TM1 - Black / M,TOWN TEAM,179.00,599.00,70,En stock,N/A,
Justyol,Homme,Men,Chemise pour homme à rayures avec coupe moderne et boutons à l'avant - SHI24SSER17444TM1 - WHT/BRN / 2XL,TOWN TEAM,179.00,599.00,70,En stock,N/A,
Justyol,Homme,Men,Chemise pour homme élégante avec motif discret et manches longues - SHI24SDCR17424TM1 - Charcoal / L,TOWN TEAM,169.00,559.00,70,En stock,N/A,
Justyol,Homme,Men,Polo pour homme imprimé au design moderne et jeune - POS24SPPR21849TM1 - Grey / XL,TOWN TEAM,129.00,399.00,68,En stock,N/A,
Justyol,Homme,Men,Polo pour homme imprimé au design jeune et distinctif - POS24SPPR21845TM1 - Green / 3XL,TOWN TEAM,129.00,399.00,68,En stock,N/A,
Justyol,Homme,Men,"Chemise à carreaux pour homme, style décontracté et moderne - OSH23ACCR19787TM1 - NVY/WHT / 2XL",TOWN TEAM,259.00,659.00,61,En stock,N/A,
Justyol,Homme,Men,Chemise pour homme à motifs au design moderne avec des boutons frontaux - OSH23AECR19826TM1 - Beige / 3XL,TOWN TEAM,239.00,599.00,60,En stock,N/A,
Justyol,Homme,Men,Chemise à carreaux pour homme - FSH23ACCR19821TM1 - NVY/WHT / M,TOWN TEAM,199.00,499.00,60,En stock,N/A,
Justyol,Homme,Men,Blazer pour homme à motif carreaux au design moderne - OSH23ACCR19837TM1 - NVY/WHT / 5XL,TOWN TEAM,239.00,599.00,60,En stock,N/A,
Justyol,Homme,Men,Hoodie pour homme au design moderne – Confortable avec des couleurs distinctives - SWS24WHPK26143TM1 - Mauve / 6XL,TOWN TEAM,219.00,559.00,61,En stock,N/A,
Justyol,Homme,Men,Pantalon pour homme avec poches latérales – Design moderne et confortable - JOG24GGWL24280TM1 - Black / 36,TOWN TEAM,329.00,659.00,50,En stock,N/A,
Justyol,Homme,Men,"Veste Gilet Homme Matelassée - Confortable, Moderne et Pratique pour l'Hiver - VST25WWCP28540TM1 - Black / M",TOWN TEAM,479.00,1.199,N/A,En stock,N/A,
Justyol,Homme,Men,Gilet Homme Matelassé - Confortable et Moderne avec Poches Latérales pour l'Hiver - VST25WWCP28540TS1 - Black / 6XL,TOWN TEAM,519.00,1.299,N/A,En stock,N/A,
Justyol,Homme,Men,Cardigan Homme Tricoté – Élégance et Confort pour les Jours Froids - PUL24WCPB27659TM1 - Olive / L,TOWN TEAM,219.00,559.00,61,En stock,N/A,
Justyol,Homme,Men,Pull Homme avec Motif Géométrique Unique – Confort et Élégance pour Tous les Jours - PUL24WPJR27666TM1 - BLK/WHT / L,TOWN TEAM,259.00,659.00,61,En stock,N/A,
Justyol,Homme,Men,Short Homme en Jean avec Imprimé Tendance - Confortable et Stylé pour l'Été - SHR24SDSP30191TM1 - Black / 29,TOWN TEAM,129.00,439.00,71,En stock,N/A,
Justyol,Homme,Men,Chemise Homme à Manches Courtes - Élégante et Confortable pour un Look Quotidien - SSH24SSCS19500TM1 - WHT/NVY / L,TOWN TEAM,129.00,399.00,68,En stock,N/A,
Justyol,Homme,Men,Chemise Homme à Manches Courtes – Élégance Simple et Confort au Quotidien - SSH24SSIC19427TM1 - OFF/BRN / 3XL,TOWN TEAM,129.00,479.00,73,En stock,N/A,
Justyol,Homme,Men,Chemise Homme en Corduroy – Élégance et Confort avec Design Classique et Pratique - OSH25WEUR19131TM1 - Black / 5XL,TOWN TEAM,319.00,799.00,60,En stock,N/A,
Justyol,Homme,Men,Pantalon Homme avec Imprimé Tendance – Confort et Style Moderne pour Tous les Jours - JOG24SGPL24284TM1 - Black / 33,TOWN TEAM,329.00,659.00,50,En stock,N/A,
Justyol,Homme,Men,Chemise Homme Élégante à Carreaux – Style Moderne et Confort pour les Jours Chauds - SSH24SCIR17447TM1 - WHT/WINE / L,TOWN TEAM,129.00,479.00,73,En stock,N/A,
Justyol,Homme,Men,Polo Homme Élégant – Style Pratique et Moderne pour le Quotidien - POS24SPPR21753TM1 - White / 7XL,TOWN TEAM,129.00,479.00,73,En stock,N/A,
Justyol,Homme,Men,Short de Bain Homme – Design Moderne et Pratique pour la Plage et la Piscine - SWO24SSAE11399TM1 - Black / XL,TOWN TEAM,139.00,359.00,61,En stock,N/A,
Justyol,Homme,Men,Short de bain pour homme en tissu léger et à séchage rapide – Design confortable avec ceinture ajustable – SWO24SSAE11394TM1 - ROYAL-B / 3XL,TOWN TEAM,79.00,359.00,78,En stock,N/A,
Justyol,Homme,Men,Chemise pour homme classique unie à manches longues – Design moderne et élégant – SHI24SAER17437TM1 - Black / XL,TOWN TEAM,179.00,599.00,70,En stock,N/A,
Justyol,Homme,Men,Chemise pour homme à rayures avec coupe moderne et boutons à l'avant - SHI24SSER17444TM1 - WHT/BRN / S,TOWN TEAM,179.00,599.00,70,En stock,N/A,
Justyol,Homme,Men,Chemise pour homme élégante avec motif discret et manches longues - SHI24SDCR17424TM1 - Charcoal / S,TOWN TEAM,169.00,559.00,70,En stock,N/A,
Justyol,Homme,Men,Polo pour homme imprimé au design moderne et jeune - POS24SPPR21849TM1 - Grey / 2XL,TOWN TEAM,129.00,399.00,68,En stock,N/A,
Justyol,Homme,Men,Polo pour homme imprimé au design jeune et distinctif - POS24SPPR21845TM1 - Green / M,TOWN TEAM,129.00,399.00,68,En stock,N/A,
Justyol,Homme,Men,"Chemise à carreaux pour homme, style décontracté et moderne - OSH23ACCR19787TM1 - NVY/WHT / 5XL",TOWN TEAM,259.00,659.00,61,En stock,N/A,
Justyol,Homme,Men,Chemise pour homme à motifs au design moderne avec des boutons frontaux - OSH23AECR19826TM1 - Beige / 4XL,TOWN TEAM,239.00,599.00,60,En stock,N/A,
Justyol,Homme,Men,Chemise à carreaux pour homme - FSH23ACCR19821TM1 - NVY/WHT / 2XL,TOWN TEAM,199.00,499.00,60,En stock,N/A,
Justyol,Homme,Men,Blazer pour homme à motif carreaux au design moderne - OSH23ACCR19837TM1 - NVY/WHT / 6XL,TOWN TEAM,239.00,599.00,60,En stock,N/A,
Justyol,Homme,Men,Gilet Homme Matelassé - Confortable et Moderne avec Poches Latérales pour l'Hiver - VST25WWCP28540TS1 - Black / 5XL,TOWN TEAM,519.00,1.299,N/A,En stock,N/A,
Justyol,Homme,Men,Short Homme en Jean avec Imprimé Tendance - Confortable et Stylé pour l'Été - SHR24SDSP30191TM1 - Black / 33,TOWN TEAM,129.00,439.00,71,En stock,N/A,
Justyol,Homme,Men,Chemise Homme à Manches Courtes - Élégante et Confortable pour un Look Quotidien - SSH24SSCS19500TM1 - WHT/NVY / S,TOWN TEAM,129.00,399.00,68,En stock,N/A,
Justyol,Homme,Men,Chemise Homme en Corduroy – Élégance et Confort avec Design Classique et Pratique - OSH25WEUR19131TM1 - Cafe / S,TOWN TEAM,319.00,799.00,60,En stock,N/A,
Justyol,Homme,Men,Chemise Homme Élégante à Carreaux – Style Moderne et Confort pour les Jours Chauds - SSH24SCIR17447TM1 - WHT/WINE / 5XL,TOWN TEAM,129.00,479.00,73,En stock,N/A,
Justyol,Homme,Men,Polo Homme Élégant – Style Pratique et Moderne pour le Quotidien - POS24SPPR21753TM1 - White / 5XL,TOWN TEAM,129.00,479.00,73,En stock,N/A,
Justyol,Homme,Men,Short de Bain Homme – Design Moderne et Pratique pour la Plage et la Piscine - SWO24SSAE11399TM1 - Black / 4XL,TOWN TEAM,139.00,359.00,61,En stock,N/A,
Justyol,Homme,Men,Short de bain pour homme en tissu léger et à séchage rapide – Design confortable avec ceinture ajustable – SWO24SSAE11394TM1 - ROYAL-B / 4XL,TOWN TEAM,79.00,359.00,78,En stock,N/A,
Justyol,Homme,Men,Chemise pour homme classique unie à manches longues – Design moderne et élégant – SHI24SAER17437TM1 - Black / 4XL,TOWN TEAM,179.00,599.00,70,En stock,N/A,
Justyol,Homme,Men,Chemise pour homme à rayures avec coupe moderne et boutons à l'avant - SHI24SSER17444TM1 - WHT/BRN / 6XL,TOWN TEAM,179.00,599.00,70,En stock,N/A,
Justyol,Homme,Men,Chemise pour homme élégante avec motif discret et manches longues - SHI24SDCR17424TM1 - Charcoal / 2XL,TOWN TEAM,169.00,559.00,70,En stock,N/A,
Justyol,Homme,Men,Polo pour homme imprimé au design moderne et jeune - POS24SPPR21849TM1 - Grey / 3XL,TOWN TEAM,129.00,399.00,68,En stock,N/A,
Justyol,Homme,Men,Polo pour homme imprimé au design jeune et distinctif - POS24SPPR21845TM1 - Orange / S,TOWN TEAM,129.00,399.00,68,En stock,N/A,
Justyol,Homme,Men,"Chemise à carreaux pour homme, style décontracté et moderne - OSH23ACCR19787TM1 - NVY/WHT / 4XL",TOWN TEAM,259.00,659.00,61,En stock,N/A,
Justyol,Homme,Men,Chemise à carreaux pour homme - FSH23ACCR19821TM1 - NVY/WHT / 3XL,TOWN TEAM,199.00,499.00,60,En stock,N/A,
Justyol,Homme,Men,Short Homme en Jean avec Imprimé Tendance - Confortable et Stylé pour l'Été - SHR24SDSP30191TM1 - Black / 30,TOWN TEAM,129.00,439.00,71,En stock,N/A,
Justyol,Homme,Men,Chemise Homme en Corduroy – Élégance et Confort avec Design Classique et Pratique - OSH25WEUR19131TM1 - Black / XL,TOWN TEAM,319.00,799.00,60,En stock,N/A,
Justyol,Homme,Men,Chemise Homme Élégante à Carreaux – Style Moderne et Confort pour les Jours Chauds - SSH24SCIR17447TM1 - WHT/WINE / 6XL,TOWN TEAM,129.00,479.00,73,En stock,N/A,
Justyol,Homme,Men,Short de Bain Homme – Design Moderne et Pratique pour la Plage et la Piscine - SWO24SSAE11399TM1 - Black / 2XL,TOWN TEAM,139.00,359.00,61,En stock,N/A,
Justyol,Homme,Men,Short de bain pour homme en tissu léger et à séchage rapide – Design confortable avec ceinture ajustable – SWO24SSAE11394TM1 - Pink / 3XL,TOWN TEAM,79.00,359.00,78,En stock,N/A,
Justyol,Homme,Men,Chemise pour homme classique unie à manches longues – Design moderne et élégant – SHI24SAER17437TM1 - Black / 5XL,TOWN TEAM,179.00,599.00,70,En stock,N/A,
Justyol,Homme,Men,Chemise pour homme élégante avec motif discret et manches longues - SHI24SDCR17424TM1 - Charcoal / 3XL,TOWN TEAM,169.00,559.00,70,En stock,N/A,
Justyol,Homme,Men,Polo pour homme imprimé au design moderne et jeune - POS24SPPR21849TM1 - Grey / M,TOWN TEAM,129.00,399.00,68,En stock,N/A,
Justyol,Homme,Men,Polo pour homme imprimé au design jeune et distinctif - POS24SPPR21845TM1 - Orange / XL,TOWN TEAM,129.00,399.00,68,En stock,N/A,
Justyol,Homme,Men,Chemise à carreaux pour homme - FSH23ACCR19821TM1 - NVY/WHT / 4XL,TOWN TEAM,199.00,499.00,60,En stock,N/A,
Justyol,Homme,Men,Short Homme en Jean avec Imprimé Tendance - Confortable et Stylé pour l'Été - SHR24SDSP30191TM1 - Black / 34,TOWN TEAM,129.00,439.00,71,En stock,N/A,
Justyol,Homme,Men,Chemise Homme en Corduroy – Élégance et Confort avec Design Classique et Pratique - OSH25WEUR19131TM1 - Black / L,TOWN TEAM,319.00,799.00,60,En stock,N/A,
Justyol,Homme,Men,Chemise Homme Élégante à Carreaux – Style Moderne et Confort pour les Jours Chauds - SSH24SCIR17447TM1 - WHT/WINE / XL,TOWN TEAM,129.00,479.00,73,En stock,N/A,
Justyol,Homme,Men,Short de bain pour homme en tissu léger et à séchage rapide – Design confortable avec ceinture ajustable – SWO24SSAE11394TM1 - Pink / 2XL,TOWN TEAM,79.00,359.00,78,En stock,N/A,
Justyol,Homme,Men,Chemise pour homme classique unie à manches longues – Design moderne et élégant – SHI24SAER17437TM1 - Black / 6XL,TOWN TEAM,179.00,599.00,70,En stock,N/A,
Justyol,Homme,Men,Chemise pour homme élégante avec motif discret et manches longues - SHI24SDCR17424TM1 - Charcoal / 5XL,TOWN TEAM,169.00,559.00,70,En stock,N/A,
Justyol,Homme,Men,Polo pour homme imprimé au design jeune et distinctif - POS24SPPR21845TM1 - Orange / 2XL,TOWN TEAM,129.00,399.00,68,En stock,N/A,
Justyol,Homme,Men,Chemise à carreaux pour homme - FSH23ACCR19821TM1 - NVY/WHT / 5XL,TOWN TEAM,199.00,499.00,60,En stock,N/A,
Justyol,Homme,Men,Short Homme en Jean avec Imprimé Tendance - Confortable et Stylé pour l'Été - SHR24SDSP30191TM1 - Black / 36,TOWN TEAM,129.00,439.00,71,En stock,N/A,
Justyol,Homme,Men,Chemise Homme en Corduroy – Élégance et Confort avec Design Classique et Pratique - OSH25WEUR19131TM1 - Black / S,TOWN TEAM,319.00,799.00,60,En stock,N/A,
Justyol,Homme,Men,Short de bain pour homme en tissu léger et à séchage rapide – Design confortable avec ceinture ajustable – SWO24SSAE11394TM1 - Pink / 4XL,TOWN TEAM,79.00,359.00,78,En stock,N/A,
Justyol,Homme,Men,Chemise pour homme élégante avec motif discret et manches longues - SHI24SDCR17424TM1 - Charcoal / 6XL,TOWN TEAM,169.00,559.00,70,En stock,N/A,
Justyol,Homme,Men,Polo pour homme imprimé au design jeune et distinctif - POS24SPPR21845TM1 - Orange / 3XL,TOWN TEAM,129.00,399.00,68,En stock,N/A,
Justyol,Homme,Men,Chemise à carreaux pour homme - FSH23ACCR19821TM1 - NVY/WHT / 6XL,TOWN TEAM,199.00,499.00,60,En stock,N/A,
Justyol,Homme,Men,Short Homme en Jean avec Imprimé Tendance - Confortable et Stylé pour l'Été - SHR24SDSP30191TM1 - Black / 31,TOWN TEAM,129.00,439.00,71,En stock,N/A,
Justyol,Homme,Men,Chemise Homme en Corduroy – Élégance et Confort avec Design Classique et Pratique - OSH25WEUR19131TM1 - Black / M,TOWN TEAM,319.00,799.00,60,En stock,N/A,
Justyol,Homme,Men,Short de bain pour homme en tissu léger et à séchage rapide – Design confortable avec ceinture ajustable – SWO24SSAE11394TM1 - CYAN / 3XL,TOWN TEAM,79.00,359.00,78,En stock,N/A,
Justyol,Homme,Men,Polo pour homme imprimé au design jeune et distinctif - POS24SPPR21845TM1 - Orange / L,TOWN TEAM,129.00,399.00,68,En stock,N/A,
Justyol,Homme,Men,Chemise à carreaux pour homme - FSH23ACCR19821TM1 - NVY/WHT / 7XL,TOWN TEAM,199.00,499.00,60,En stock,N/A,
Justyol,Homme,Men,Short Homme en Jean avec Imprimé Tendance - Confortable et Stylé pour l'Été - SHR24SDSP30191TM1 - Black / 32,TOWN TEAM,129.00,439.00,71,En stock,N/A,
Justyol,Homme,Men,Short de bain pour homme en tissu léger et à séchage rapide – Design confortable avec ceinture ajustable – SWO24SSAE11394TM1 - CYAN / 4XL,TOWN TEAM,79.00,359.00,78,En stock,N/A,
Justyol,Homme,Men,Polo pour homme imprimé au design jeune et distinctif - POS24SPPR21845TM1 - Green / L,TOWN TEAM,129.00,399.00,68,En stock,N/A,
Justyol,Homme,Men,Short Homme en Jean avec Imprimé Tendance - Confortable et Stylé pour l'Été - SHR24SDSP30191TM1 - Black / 40,TOWN TEAM,129.00,439.00,71,En stock,N/A,
Justyol,Homme,Men,Polo pour homme imprimé au design jeune et distinctif - POS24SPPR21845TM1 - D-Stone / 3XL,TOWN TEAM,129.00,399.00,68,En stock,N/A,
Justyol,Homme,Men,Polo pour homme imprimé au design jeune et distinctif - POS24SPPR21845TM1 - D-Stone / XL,TOWN TEAM,129.00,399.00,68,En stock,N/A,
Justyol,Homme,Men,Polo pour homme imprimé au design jeune et distinctif - POS24SPPR21845TM1 - D-Stone / 2XL,TOWN TEAM,129.00,399.00,68,En stock,N/A,
Justyol,Homme,Men,Polo pour homme imprimé au design jeune et distinctif - POS24SPPR21845TM1 - D-Stone / S,TOWN TEAM,129.00,399.00,68,En stock,N/A,
Justyol,Homme,Men,Polo pour homme imprimé au design jeune et distinctif - POS24SPPR21845TM1 - D-Stone / L,TOWN TEAM,129.00,399.00,68,En stock,N/A,
Justyol,Homme,Men,Polo pour homme imprimé au design jeune et distinctif - POS24SPPR21845TM1 - Green / XL,TOWN TEAM,129.00,399.00,68,En stock,N/A,
Justyol,Homme,Men,Polo pour homme imprimé au design jeune et distinctif - POS24SPPR21845TM1 - Green / 2XL,TOWN TEAM,129.00,399.00,68,En stock,N/A,
Justyol,Homme,Men,T-shirt Homme Ample – Confort Moderne et Élégant pour le Quotidien - TSH24SBRO20135TM1 - Stone / XL,TOWN TEAM,129.00,439.00,71,En stock,N/A,
Justyol,Homme,Men,T-shirt Homme Ample à Rayures – Élégance Simple et Confort Moderne - TSH24SPRO20114TM1 - D-OLIVE / 2XL,TOWN TEAM,99.00,399.00,75,En stock,N/A,
Justyol,Homme,Men,Polo Homme Moderne – Élégance Simple avec Détails Imprimés pour le Quotidien - POS24SPPR21819TM1 - Black / L,TOWN TEAM,129.00,439.00,71,En stock,N/A,
Justyol,Homme,Men,Shorts Homme Pratique – Confort et Style Moderne pour l'Été - SHR24SGPC23169TM1 - White / 34,TOWN TEAM,159.00,499.00,68,En stock,N/A,
Justyol,Homme,Men,Veste Homme Moderne avec Capuche Amovible – Confort et Style pour Tous les Jours - OSH23AECR19852TM1 - Beige / 3XL,TOWN TEAM,319.00,799.00,60,En stock,N/A,
Justyol,Homme,Men,Sweater Homme Élégant – Design Moderne avec Col Polo et Fermeture Éclair - PUL25WPPZ27853TM1 - L-BEIGE / L,TOWN TEAM,259.00,659.00,61,En stock,N/A,
Justyol,Homme,Men,Chemise Homme à Carreaux Classique – Élégance et Confort pour le Quotidien - SHI25ACCR19864TM1 - BEG/BRN / XL,TOWN TEAM,259.00,659.00,61,En stock,N/A,
Justyol,Homme,Men,Chemise Homme à Carreaux Classique – Élégance et Confort pour le Quotidien - SHI25AAER19865TM1 - BEG/BRN / M,TOWN TEAM,259.00,659.00,61,En stock,N/A,
Justyol,Homme,Men,Chemise Homme à Carreaux Classiques – Élégance et Confort pour le Quotidien - FSH25AXCR19885TM1 - BEG/NVY / S,TOWN TEAM,259.00,659.00,61,En stock,N/A,
Justyol,Homme,Men,Chemise Homme à Carreaux – Élégance Moderne avec Détails Subtils pour le Quotidien - FSH25AXCR19881TM1 - BLU/WHT / L,TOWN TEAM,259.00,659.00,61,En stock,N/A,
Justyol,Homme,Men,Chemise Homme Rayée – Élégance Moderne et Confort pour Toutes les Occasions - FSH25AXCR19883TM1 - BEG/NVY / M,TOWN TEAM,259.00,659.00,61,En stock,N/A,
Justyol,Homme,Men,Chemise Homme à Carreaux – Style Moderne et Confort pour le Quotidien - FSH25AXCR19887TM1 - NVY/YLW / M,TOWN TEAM,259.00,659.00,61,En stock,N/A,
Justyol,Homme,Men,Chemise Homme à Carreaux Blanc et Noir – Élégance et Confort pour les Occasions Décontractées - OSH25WCCR19108TM1 - BLK/WHT / M,TOWN TEAM,319.00,799.00,60,En stock,N/A,
Justyol,Homme,Men,Sweat-shirt Homme à Capuche – Style Moderne et Confort pour le Quotidien - JAC25WWBP28009TS1 - Beige / 6XL,TOWN TEAM,519.00,1.299,N/A,En stock,N/A,
Justyol,Homme,Men,"Polo Homme Moderne Noir – Design Élégant avec Détails ""BLACK"" et Logo ""LEGEND"" - POS24SPPR21757TM1 - Black / 3XL",TOWN TEAM,129.00,479.00,73,En stock,N/A,
Justyol,Homme,Men,Shorts de Bain Homme Moderne – Design Tête de Mort et Fleurs en Bleu pour l'Été - SWO24SSAE11428TM1 - Blue / 3XL,TOWN TEAM,79.00,359.00,78,En stock,N/A,
Justyol,Homme,Men,Shorts de Bain Homme Tie-Dye Bleu – Style Moderne et Confort pour l'Été - SWO24SSTE11425TM1 - Blue / 3XL,TOWN TEAM,79.00,359.00,78,En stock,N/A,
Justyol,Homme,Men,T-shirt Homme Simple et Confortable – Idéal pour un Look Décontracté et Élégant - TSH24SBRO20170TM1 - Mauve / M,TOWN TEAM,179.00,439.00,59,En stock,N/A,
Justyol,Homme,Men,T-shirt Homme Simple – Confort et Élégance pour le Quotidien - TSH24SBRO20174TM1 - Silver / XL,TOWN TEAM,179.00,439.00,59,En stock,N/A,
Justyol,Homme,Men,"T-shirt noir homme ""way to win"" – Coupe loose et style décontracté - TSH25SPRO20266TM1 - Black / S",TOWN TEAM,179.00,439.00,59,En stock,N/A,
Justyol,Homme,Men,"Polo Homme Moderne avec Inscription ""ATTITUDE"" – Style Audacieux et Confort au Quotidien - TSH24SPRS20002TM1 - Black / L",TOWN TEAM,179.00,439.00,59,En stock,N/A,
Justyol,Homme,Men,"Polo Homme Moderne avec Inscription ""Live in the Moment"" – Style Confortable et Jeune - TSH24SBRO20006TM1 - OFF WHIT / 2XL",TOWN TEAM,179.00,439.00,59,En stock,N/A,
Justyol,Homme,Men,Chemise Homme à Manches Courtes – Design Moderne avec Col Ouvert et Boutons - SSH24SEIS19432TM1 - L-BLUE / S,TOWN TEAM,129.00,439.00,71,En stock,N/A,
Justyol,Homme,Men,"T-shirt Sans Manches Homme ""Energy"" Noir -TNK24SPRO20983TM1 - Black / S",TOWN TEAM,159.00,399.00,60,En stock,N/A,
Justyol,Homme,Men,Short de Bain Homme Imprimé Bleu - SWO24SSAE11398TM1 - D-BLUE / 3XL,TOWN TEAM,139.00,359.00,61,En stock,N/A,
Justyol,Homme,Men,"Short de Bain Homme ""Salt Sand Sea"" Dégradé - SWO24SSAE11411TM1 - Green / M",TOWN TEAM,109.00,359.00,70,En stock,N/A,
Justyol,Homme,Men,Short de Bain Homme Décoré – Design Tendance et Confort - SWO24SSAE11413TM1 - Black / L,TOWN TEAM,139.00,359.00,61,En stock,N/A,
Justyol,Homme,Men,"T-shirt Homme Olive avec Logo ""Ami"" – Design Moderne et Confortable - TSH25SERO20237TM1 - Olive / M",TOWN TEAM,129.00,449.00,71,En stock,N/A,
Justyol,Homme,Men,"T-shirt Homme avec Logo ""REBEL SELF"" – Design Moderne et Confortable - TSH25SPRO20222TM1 - White / M",TOWN TEAM,129.00,449.00,71,En stock,N/A,
Justyol,Homme,Men,"T-shirt Homme avec Design ""Le Visage Français"" – Logo ""La Situation en French Fries"" et Slogan Motivant - TSH25SPRO20228TM1 - Black / 2XL",TOWN TEAM,129.00,449.00,71,En stock,N/A,
Justyol,Homme,Men,"T-shirt Homme avec Design ""NO RISK NO STORY"" – Design Audacieux et Unique - TSH25SPRO20229TM1 - Black / 2XL",TOWN TEAM,129.00,449.00,71,En stock,N/A,
Justyol,Homme,Men,"T-shirt Homme avec Logo ""YOUNG PROGRESS"" – Design Moderne et Confortable - TSH25SPRO20234TM1 - Grey / S",TOWN TEAM,129.00,449.00,71,En stock,N/A,
Justyol,Homme,Men,"T-shirt Homme avec Logo ""YOUNG PROGRESS"" – Design Moderne et Confortable - TSH25SPRO20236TM1 - Olive / S",TOWN TEAM,129.00,449.00,71,En stock,N/A,
Justyol,Homme,Men,Chemise Homme avec Design Moderne et Élégant – Style Raffiné - SSH24SEGR19458TM1 - White / 3XL,TOWN TEAM,179.00,599.00,70,En stock,N/A,
Justyol,Homme,Men,Short en Jean Homme Bleu Clair avec Détails Déchirés et Broderie – Style Tendance - SHR24SDPP30192TM1 - Ice Blue / 36,TOWN TEAM,139.00,479.00,71,En stock,N/A,
Justyol,Homme,Men,T-shirt Homme Ample – Confort Moderne et Élégant pour le Quotidien - TSH24SBRO20135TM1 - Stone / 2XL,TOWN TEAM,129.00,439.00,71,En stock,N/A,
Justyol,Homme,Men,Polo Homme Moderne – Élégance Simple avec Détails Imprimés pour le Quotidien - POS24SPPR21819TM1 - Black / 4XL,TOWN TEAM,129.00,439.00,71,En stock,N/A,
Justyol,Homme,Men,Shorts Homme Pratique – Confort et Style Moderne pour l'Été - SHR24SGPC23169TM1 - Black / 36,TOWN TEAM,159.00,499.00,68,En stock,N/A,
Justyol,Homme,Men,Veste Homme Moderne avec Capuche Amovible – Confort et Style pour Tous les Jours - OSH23AECR19852TM1 - Beige / 4XL,TOWN TEAM,319.00,799.00,60,En stock,N/A,
Justyol,Homme,Men,Sweater Homme Élégant – Design Moderne avec Col Polo et Fermeture Éclair - PUL25WPPZ27853TM1 - L-BEIGE / M,TOWN TEAM,259.00,659.00,61,En stock,N/A,
Justyol,Homme,Men,Chemise Homme à Carreaux Classique – Élégance et Confort pour le Quotidien - SHI25ACCR19864TM1 - BEG/BRN / 5XL,TOWN TEAM,259.00,659.00,61,En stock,N/A,
Justyol,Homme,Men,Chemise Homme à Carreaux Classique – Élégance et Confort pour le Quotidien - SHI25AAER19865TM1 - BEG/BRN / S,TOWN TEAM,259.00,659.00,61,En stock,N/A,
Justyol,Homme,Men,Chemise Homme à Carreaux Classiques – Élégance et Confort pour le Quotidien - FSH25AXCR19885TM1 - BEG/NVY / 2XL,TOWN TEAM,259.00,659.00,61,En stock,N/A,
Justyol,Homme,Men,Chemise Homme à Carreaux – Élégance Moderne avec Détails Subtils pour le Quotidien - FSH25AXCR19881TM1 - BLU/WHT / XL,TOWN TEAM,259.00,659.00,61,En stock,N/A,
Justyol,Homme,Men,Chemise Homme Rayée – Élégance Moderne et Confort pour Toutes les Occasions - FSH25AXCR19883TM1 - BEG/NVY / S,TOWN TEAM,259.00,659.00,61,En stock,N/A,
Justyol,Homme,Men,Chemise Homme à Carreaux – Style Moderne et Confort pour le Quotidien - FSH25AXCR19887TM1 - NVY/YLW / L,TOWN TEAM,259.00,659.00,61,En stock,N/A,
Justyol,Homme,Men,"Polo Homme Moderne Noir – Design Élégant avec Détails ""BLACK"" et Logo ""LEGEND"" - POS24SPPR21757TM1 - Black / 4XL",TOWN TEAM,129.00,479.00,73,En stock,N/A,
Justyol,Homme,Men,Shorts de Bain Homme Moderne – Design Tête de Mort et Fleurs en Bleu pour l'Été - SWO24SSAE11428TM1 - Blue / 4XL,TOWN TEAM,79.00,359.00,78,En stock,N/A,
Justyol,Homme,Men,T-shirt Homme Simple et Confortable – Idéal pour un Look Décontracté et Élégant - TSH24SBRO20170TM1 - Mauve / L,TOWN TEAM,179.00,439.00,59,En stock,N/A,
Justyol,Homme,Men,T-shirt Homme Simple – Confort et Élégance pour le Quotidien - TSH24SBRO20174TM1 - Silver / L,TOWN TEAM,179.00,439.00,59,En stock,N/A,
Justyol,Homme,Men,"T-shirt noir homme ""way to win"" – Coupe loose et style décontracté - TSH25SPRO20266TM1 - Black / 3XL",TOWN TEAM,179.00,439.00,59,En stock,N/A,
Justyol,Homme,Men,"Polo Homme Moderne avec Inscription ""ATTITUDE"" – Style Audacieux et Confort au Quotidien - TSH24SPRS20002TM1 - Black / M",TOWN TEAM,179.00,439.00,59,En stock,N/A,
Justyol,Homme,Men,"Polo Homme Moderne avec Inscription ""Live in the Moment"" – Style Confortable et Jeune - TSH24SBRO20006TM1 - OFF WHIT / XL",TOWN TEAM,179.00,439.00,59,En stock,N/A,
Justyol,Homme,Men,Chemise Homme à Manches Courtes – Design Moderne avec Col Ouvert et Boutons - SSH24SEIS19432TM1 - Navy / S,TOWN TEAM,129.00,439.00,71,En stock,N/A,
Justyol,Homme,Men,Short de Bain Homme Imprimé Bleu - SWO24SSAE11398TM1 - D-BLUE / 2XL,TOWN TEAM,139.00,359.00,61,En stock,N/A,
Justyol,Homme,Men,"Short de Bain Homme ""Salt Sand Sea"" Dégradé - SWO24SSAE11411TM1 - Green / 4XL",TOWN TEAM,109.00,359.00,70,En stock,N/A,
Justyol,Homme,Men,Short de Bain Homme Décoré – Design Tendance et Confort - SWO24SSAE11413TM1 - Black / 3XL,TOWN TEAM,139.00,359.00,61,En stock,N/A,
Justyol,Homme,Men,"T-shirt Homme Olive avec Logo ""Ami"" – Design Moderne et Confortable - TSH25SERO20237TM1 - Olive / S",TOWN TEAM,129.00,449.00,71,En stock,N/A,
Justyol,Homme,Men,"T-shirt Homme avec Logo ""REBEL SELF"" – Design Moderne et Confortable - TSH25SPRO20222TM1 - White / XL",TOWN TEAM,129.00,449.00,71,En stock,N/A,
Justyol,Homme,Men,"T-shirt Homme avec Design ""Le Visage Français"" – Logo ""La Situation en French Fries"" et Slogan Motivant - TSH25SPRO20228TM1 - Black / L",TOWN TEAM,129.00,449.00,71,En stock,N/A,
Justyol,Homme,Men,"T-shirt Homme avec Design ""NO RISK NO STORY"" – Design Audacieux et Unique - TSH25SPRO20229TM1 - Black / L",TOWN TEAM,129.00,449.00,71,En stock,N/A,
Justyol,Homme,Men,"T-shirt Homme avec Logo ""YOUNG PROGRESS"" – Design Moderne et Confortable - TSH25SPRO20234TM1 - Grey / L",TOWN TEAM,129.00,449.00,71,En stock,N/A,
Justyol,Homme,Men,"T-shirt Homme avec Logo ""YOUNG PROGRESS"" – Design Moderne et Confortable - TSH25SPRO20236TM1 - Olive / 3XL",TOWN TEAM,129.00,449.00,71,En stock,N/A,
Justyol,Homme,Men,Chemise Homme avec Design Moderne et Élégant – Style Raffiné - SSH24SEGR19458TM1 - Black / 2XL,TOWN TEAM,179.00,599.00,70,En stock,N/A,
Justyol,Homme,Men,Short en Jean Homme Bleu Clair avec Détails Déchirés et Broderie – Style Tendance - SHR24SDPP30192TM1 - Ice Blue / 34,TOWN TEAM,139.00,479.00,71,En stock,N/A,
Justyol,Homme,Men,Veste Homme Moderne avec Capuche Amovible – Confort et Style pour Tous les Jours - OSH23AECR19852TM1 - White / XL,TOWN TEAM,319.00,799.00,60,En stock,N/A,
Justyol,Homme,Men,Chemise Homme à Carreaux Classique – Élégance et Confort pour le Quotidien - SHI25ACCR19864TM1 - BEG/BRN / S,TOWN TEAM,259.00,659.00,61,En stock,N/A,
Justyol,Homme,Men,Chemise Homme à Carreaux Classique – Élégance et Confort pour le Quotidien - SHI25AAER19865TM1 - BEG/BRN / L,TOWN TEAM,259.00,659.00,61,En stock,N/A,
Justyol,Homme,Men,Chemise Homme à Carreaux Classiques – Élégance et Confort pour le Quotidien - FSH25AXCR19885TM1 - BEG/NVY / M,TOWN TEAM,259.00,659.00,61,En stock,N/A,
Justyol,Homme,Men,Chemise Homme à Carreaux – Élégance Moderne avec Détails Subtils pour le Quotidien - FSH25AXCR19881TM1 - BLU/WHT / 6XL,TOWN TEAM,259.00,659.00,61,En stock,N/A,
Justyol,Homme,Men,Chemise Homme Rayée – Élégance Moderne et Confort pour Toutes les Occasions - FSH25AXCR19883TM1 - BEG/NVY / 4XL,TOWN TEAM,259.00,659.00,61,En stock,N/A,
Justyol,Homme,Men,Chemise Homme à Carreaux – Style Moderne et Confort pour le Quotidien - FSH25AXCR19887TM1 - NVY/YLW / 5XL,TOWN TEAM,259.00,659.00,61,En stock,N/A,
Justyol,Homme,Men,T-shirt Homme Simple et Confortable – Idéal pour un Look Décontracté et Élégant - TSH24SBRO20170TM1 - Mauve / S,TOWN TEAM,179.00,439.00,59,En stock,N/A,
Justyol,Homme,Men,T-shirt Homme Simple – Confort et Élégance pour le Quotidien - TSH24SBRO20174TM1 - OFF WHIT / 2XL,TOWN TEAM,179.00,439.00,59,En stock,N/A,
Justyol,Homme,Men,"T-shirt noir homme ""way to win"" – Coupe loose et style décontracté - TSH25SPRO20266TM1 - Havan / S",TOWN TEAM,179.00,439.00,59,En stock,N/A,
Justyol,Homme,Men,"Polo Homme Moderne avec Inscription ""ATTITUDE"" – Style Audacieux et Confort au Quotidien - TSH24SPRS20002TM1 - Black / S",TOWN TEAM,179.00,439.00,59,En stock,N/A,
Justyol,Homme,Men,"Polo Homme Moderne avec Inscription ""Live in the Moment"" – Style Confortable et Jeune - TSH24SBRO20006TM1 - OFF WHIT / 3XL",TOWN TEAM,179.00,439.00,59,En stock,N/A,
Justyol,Homme,Men,Chemise Homme à Manches Courtes – Design Moderne avec Col Ouvert et Boutons - SSH24SEIS19432TM1 - Navy / 5XL,TOWN TEAM,129.00,439.00,71,En stock,N/A,
Justyol,Homme,Men,Short de Bain Homme Imprimé Bleu - SWO24SSAE11398TM1 - D-BLUE / 4XL,TOWN TEAM,139.00,359.00,61,En stock,N/A,
Justyol,Homme,Men,"Short de Bain Homme ""Salt Sand Sea"" Dégradé - SWO24SSAE11411TM1 - Green / 2XL",TOWN TEAM,109.00,359.00,70,En stock,N/A,
Justyol,Homme,Men,Short de Bain Homme Décoré – Design Tendance et Confort - SWO24SSAE11413TM1 - Black / S,TOWN TEAM,139.00,359.00,61,En stock,N/A,
Justyol,Homme,Men,"T-shirt Homme Olive avec Logo ""Ami"" – Design Moderne et Confortable - TSH25SERO20237TM1 - Olive / 2XL",TOWN TEAM,129.00,449.00,71,En stock,N/A,
Justyol,Homme,Men,"T-shirt Homme avec Logo ""REBEL SELF"" – Design Moderne et Confortable - TSH25SPRO20222TM1 - White / S",TOWN TEAM,129.00,449.00,71,En stock,N/A,
Justyol,Homme,Men,"T-shirt Homme avec Design ""Le Visage Français"" – Logo ""La Situation en French Fries"" et Slogan Motivant - TSH25SPRO20228TM1 - Black / XL",TOWN TEAM,129.00,449.00,71,En stock,N/A,
Justyol,Homme,Men,"T-shirt Homme avec Design ""NO RISK NO STORY"" – Design Audacieux et Unique - TSH25SPRO20229TM1 - Black / XL",TOWN TEAM,129.00,449.00,71,En stock,N/A,
Justyol,Homme,Men,"T-shirt Homme avec Logo ""YOUNG PROGRESS"" – Design Moderne et Confortable - TSH25SPRO20234TM1 - Grey / 2XL",TOWN TEAM,129.00,449.00,71,En stock,N/A,
Justyol,Homme,Men,"T-shirt Homme avec Logo ""YOUNG PROGRESS"" – Design Moderne et Confortable - TSH25SPRO20236TM1 - Olive / M",TOWN TEAM,129.00,449.00,71,En stock,N/A,
Justyol,Homme,Men,Short en Jean Homme Bleu Clair avec Détails Déchirés et Broderie – Style Tendance - SHR24SDPP30192TM1 - Ice Blue / 32,TOWN TEAM,139.00,479.00,71,En stock,N/A,
Justyol,Homme,Men,Veste Homme Moderne avec Capuche Amovible – Confort et Style pour Tous les Jours - OSH23AECR19852TM1 - White / 4XL,TOWN TEAM,319.00,799.00,60,En stock,N/A,
Justyol,Homme,Men,Chemise Homme à Carreaux Classique – Élégance et Confort pour le Quotidien - SHI25ACCR19864TM1 - BEG/BRN / 6XL,TOWN TEAM,259.00,659.00,61,En stock,N/A,
Justyol,Homme,Men,Chemise Homme à Carreaux Classiques – Élégance et Confort pour le Quotidien - FSH25AXCR19885TM1 - BEG/NVY / XL,TOWN TEAM,259.00,659.00,61,En stock,N/A,
Justyol,Homme,Men,Chemise Homme à Carreaux – Élégance Moderne avec Détails Subtils pour le Quotidien - FSH25AXCR19881TM1 - BLU/WHT / 7XL,TOWN TEAM,259.00,659.00,61,En stock,N/A,
Justyol,Homme,Men,Chemise Homme Rayée – Élégance Moderne et Confort pour Toutes les Occasions - FSH25AXCR19883TM1 - BEG/NVY / 2XL,TOWN TEAM,259.00,659.00,61,En stock,N/A,
Justyol,Homme,Men,Chemise Homme à Carreaux – Style Moderne et Confort pour le Quotidien - FSH25AXCR19887TM1 - NVY/YLW / 2XL,TOWN TEAM,259.00,659.00,61,En stock,N/A,
Justyol,Homme,Men,T-shirt Homme Simple et Confortable – Idéal pour un Look Décontracté et Élégant - TSH24SBRO20170TM1 - Mauve / 2XL,TOWN TEAM,179.00,439.00,59,En stock,N/A,
Justyol,Homme,Men,T-shirt Homme Simple – Confort et Élégance pour le Quotidien - TSH24SBRO20174TM1 - OFF WHIT / XL,TOWN TEAM,179.00,439.00,59,En stock,N/A,
Justyol,Homme,Men,"T-shirt noir homme ""way to win"" – Coupe loose et style décontracté - TSH25SPRO20266TM1 - Havan / M",TOWN TEAM,179.00,439.00,59,En stock,N/A,
Justyol,Homme,Men,Chemise Homme à Manches Courtes – Design Moderne avec Col Ouvert et Boutons - SSH24SEIS19432TM1 - Navy / L,TOWN TEAM,129.00,439.00,71,En stock,N/A,
Justyol,Homme,Men,Short de Bain Homme Imprimé Bleu - SWO24SSAE11398TM1 - D-BLUE / L,TOWN TEAM,139.00,359.00,61,En stock,N/A,
Justyol,Homme,Men,"Short de Bain Homme ""Salt Sand Sea"" Dégradé - SWO24SSAE11411TM1 - Green / 3XL",TOWN TEAM,109.00,359.00,70,En stock,N/A,
Justyol,Homme,Men,Short de Bain Homme Décoré – Design Tendance et Confort - SWO24SSAE11413TM1 - Black / 2XL,TOWN TEAM,139.00,359.00,61,En stock,N/A,
Justyol,Homme,Men,"T-shirt Homme Olive avec Logo ""Ami"" – Design Moderne et Confortable - TSH25SERO20237TM1 - Olive / L",TOWN TEAM,129.00,449.00,71,En stock,N/A,
Justyol,Homme,Men,"T-shirt Homme avec Logo ""REBEL SELF"" – Design Moderne et Confortable - TSH25SPRO20222TM1 - White / L",TOWN TEAM,129.00,449.00,71,En stock,N/A,
Justyol,Homme,Men,"T-shirt Homme avec Design ""Le Visage Français"" – Logo ""La Situation en French Fries"" et Slogan Motivant - TSH25SPRO20228TM1 - Black / 3XL",TOWN TEAM,129.00,449.00,71,En stock,N/A,
Justyol,Homme,Men,"T-shirt Homme avec Design ""NO RISK NO STORY"" – Design Audacieux et Unique - TSH25SPRO20229TM1 - Black / M",TOWN TEAM,129.00,449.00,71,En stock,N/A,
Justyol,Homme,Men,"T-shirt Homme avec Logo ""YOUNG PROGRESS"" – Design Moderne et Confortable - TSH25SPRO20234TM1 - Grey / M",TOWN TEAM,129.00,449.00,71,En stock,N/A,
Justyol,Homme,Men,"T-shirt Homme avec Logo ""YOUNG PROGRESS"" – Design Moderne et Confortable - TSH25SPRO20236TM1 - Olive / 2XL",TOWN TEAM,129.00,449.00,71,En stock,N/A,
Justyol,Homme,Men,Short en Jean Homme Bleu Clair avec Détails Déchirés et Broderie – Style Tendance - SHR24SDPP30192TM1 - Ice Blue / 33,TOWN TEAM,139.00,479.00,71,En stock,N/A,
Justyol,Homme,Men,Chemise Homme à Carreaux Classiques – Élégance et Confort pour le Quotidien - FSH25AXCR19885TM1 - BEG/NVY / L,TOWN TEAM,259.00,659.00,61,En stock,N/A,
Justyol,Homme,Men,Chemise Homme à Carreaux – Élégance Moderne avec Détails Subtils pour le Quotidien - FSH25AXCR19881TM1 - BLU/WHT / 5XL,TOWN TEAM,259.00,659.00,61,En stock,N/A,
Justyol,Homme,Men,Chemise Homme Rayée – Élégance Moderne et Confort pour Toutes les Occasions - FSH25AXCR19883TM1 - BEG/NVY / L,TOWN TEAM,259.00,659.00,61,En stock,N/A,
Justyol,Homme,Men,Chemise Homme à Carreaux – Style Moderne et Confort pour le Quotidien - FSH25AXCR19887TM1 - NVY/YLW / XL,TOWN TEAM,259.00,659.00,61,En stock,N/A,
Justyol,Homme,Men,T-shirt Homme Simple et Confortable – Idéal pour un Look Décontracté et Élégant - TSH24SBRO20170TM1 - Mauve / 3XL,TOWN TEAM,179.00,439.00,59,En stock,N/A,
Justyol,Homme,Men,T-shirt Homme Simple – Confort et Élégance pour le Quotidien - TSH24SBRO20174TM1 - Camel / 2XL,TOWN TEAM,179.00,439.00,59,En stock,N/A,
Justyol,Homme,Men,"T-shirt noir homme ""way to win"" – Coupe loose et style décontracté - TSH25SPRO20266TM1 - Havan / L",TOWN TEAM,179.00,439.00,59,En stock,N/A,
Justyol,Homme,Men,Chemise Homme à Manches Courtes – Design Moderne avec Col Ouvert et Boutons - SSH24SEIS19432TM1 - Navy / M,TOWN TEAM,129.00,439.00,71,En stock,N/A,
Justyol,Homme,Men,Short de Bain Homme Imprimé Bleu - SWO24SSAE11398TM1 - D-BLUE / S,TOWN TEAM,139.00,359.00,61,En stock,N/A,
Justyol,Homme,Men,Short de Bain Homme Décoré – Design Tendance et Confort - SWO24SSAE11413TM1 - Black / XL,TOWN TEAM,139.00,359.00,61,En stock,N/A,
Justyol,Homme,Men,"T-shirt Homme Olive avec Logo ""Ami"" – Design Moderne et Confortable - TSH25SERO20237TM1 - Olive / XL",TOWN TEAM,129.00,449.00,71,En stock,N/A,
Justyol,Homme,Men,"T-shirt Homme avec Logo ""REBEL SELF"" – Design Moderne et Confortable - TSH25SPRO20222TM1 - White / 2XL",TOWN TEAM,129.00,449.00,71,En stock,N/A,
Justyol,Homme,Men,"T-shirt Homme avec Design ""Le Visage Français"" – Logo ""La Situation en French Fries"" et Slogan Motivant - TSH25SPRO20228TM1 - Black / S",TOWN TEAM,129.00,449.00,71,En stock,N/A,
Justyol,Homme,Men,"T-shirt Homme avec Design ""NO RISK NO STORY"" – Design Audacieux et Unique - TSH25SPRO20229TM1 - Black / 3XL",TOWN TEAM,129.00,449.00,71,En stock,N/A,
Justyol,Homme,Men,"T-shirt Homme avec Logo ""YOUNG PROGRESS"" – Design Moderne et Confortable - TSH25SPRO20234TM1 - Grey / XL",TOWN TEAM,129.00,449.00,71,En stock,N/A,
Justyol,Homme,Men,"T-shirt Homme avec Logo ""YOUNG PROGRESS"" – Design Moderne et Confortable - TSH25SPRO20236TM1 - Olive / XL",TOWN TEAM,129.00,449.00,71,En stock,N/A,
Justyol,Homme,Men,Short en Jean Homme Bleu Clair avec Détails Déchirés et Broderie – Style Tendance - SHR24SDPP30192TM1 - Ice Blue / 38,TOWN TEAM,139.00,479.00,71,En stock,N/A,
Justyol,Homme,Men,Chemise Homme à Carreaux – Élégance Moderne avec Détails Subtils pour le Quotidien - FSH25AXCR19881TM1 - BLU/WHT / S,TOWN TEAM,259.00,659.00,61,En stock,N/A,
Justyol,Homme,Men,Chemise Homme Rayée – Élégance Moderne et Confort pour Toutes les Occasions - FSH25AXCR19883TM1 - BEG/NVY / XL,TOWN TEAM,259.00,659.00,61,En stock,N/A,
Justyol,Homme,Men,Chemise Homme à Carreaux – Style Moderne et Confort pour le Quotidien - FSH25AXCR19887TM1 - NVY/YLW / 7XL,TOWN TEAM,259.00,659.00,61,En stock,N/A,
Justyol,Homme,Men,T-shirt Homme Simple et Confortable – Idéal pour un Look Décontracté et Élégant - TSH24SBRO20170TM1 - Mint / L,TOWN TEAM,179.00,439.00,59,En stock,N/A,
Justyol,Homme,Men,T-shirt Homme Simple – Confort et Élégance pour le Quotidien - TSH24SBRO20174TM1 - Camel / XL,TOWN TEAM,179.00,439.00,59,En stock,N/A,
Justyol,Homme,Men,"T-shirt noir homme ""way to win"" – Coupe loose et style décontracté - TSH25SPRO20266TM1 - Mauve / XL",TOWN TEAM,179.00,439.00,59,En stock,N/A,
Justyol,Homme,Men,Short de Bain Homme Imprimé Bleu - SWO24SSAE11398TM1 - D-BLUE / XL,TOWN TEAM,139.00,359.00,61,En stock,N/A,
Justyol,Homme,Men,Short de Bain Homme Décoré – Design Tendance et Confort - SWO24SSAE11413TM1 - Black / 4XL,TOWN TEAM,139.00,359.00,61,En stock,N/A,
Justyol,Homme,Men,"T-shirt Homme Olive avec Logo ""Ami"" – Design Moderne et Confortable - TSH25SERO20237TM1 - Olive / 3XL",TOWN TEAM,129.00,449.00,71,En stock,N/A,
Justyol,Homme,Men,"T-shirt Homme avec Logo ""REBEL SELF"" – Design Moderne et Confortable - TSH25SPRO20222TM1 - White / 3XL",TOWN TEAM,129.00,449.00,71,En stock,N/A,
Justyol,Homme,Men,"T-shirt Homme avec Design ""Le Visage Français"" – Logo ""La Situation en French Fries"" et Slogan Motivant - TSH25SPRO20228TM1 - Black / M",TOWN TEAM,129.00,449.00,71,En stock,N/A,
Justyol,Homme,Men,"T-shirt Homme avec Design ""NO RISK NO STORY"" – Design Audacieux et Unique - TSH25SPRO20229TM1 - Black / S",TOWN TEAM,129.00,449.00,71,En stock,N/A,
Justyol,Homme,Men,"T-shirt Homme avec Logo ""YOUNG PROGRESS"" – Design Moderne et Confortable - TSH25SPRO20234TM1 - Grey / 3XL",TOWN TEAM,129.00,449.00,71,En stock,N/A,
Justyol,Homme,Men,"T-shirt Homme avec Logo ""YOUNG PROGRESS"" – Design Moderne et Confortable - TSH25SPRO20236TM1 - Olive / L",TOWN TEAM,129.00,449.00,71,En stock,N/A,
Justyol,Homme,Men,Short en Jean Homme Bleu Clair avec Détails Déchirés et Broderie – Style Tendance - SHR24SDPP30192TM1 - Ice Blue / 30,TOWN TEAM,139.00,479.00,71,En stock,N/A,
Justyol,Homme,Men,Chemise Homme à Carreaux – Élégance Moderne avec Détails Subtils pour le Quotidien - FSH25AXCR19881TM1 - BLU/WHT / 2XL,TOWN TEAM,259.00,659.00,61,En stock,N/A,
Justyol,Homme,Men,Chemise Homme à Carreaux – Style Moderne et Confort pour le Quotidien - FSH25AXCR19887TM1 - NVY/YLW / S,TOWN TEAM,259.00,659.00,61,En stock,N/A,
Justyol,Homme,Men,T-shirt Homme Simple et Confortable – Idéal pour un Look Décontracté et Élégant - TSH24SBRO20170TM1 - Mint / S,TOWN TEAM,179.00,439.00,59,En stock,N/A,
Justyol,Homme,Men,T-shirt Homme Simple – Confort et Élégance pour le Quotidien - TSH24SBRO20174TM1 - Camel / L,TOWN TEAM,179.00,439.00,59,En stock,N/A,
Justyol,Homme,Men,"T-shirt noir homme ""way to win"" – Coupe loose et style décontracté - TSH25SPRO20266TM1 - Mauve / 2XL",TOWN TEAM,179.00,439.00,59,En stock,N/A,
Justyol,Homme,Men,Short en Jean Homme Bleu Clair avec Détails Déchirés et Broderie – Style Tendance - SHR24SDPP30192TM1 - Ice Blue / 31,TOWN TEAM,139.00,479.00,71,En stock,N/A,
Justyol,Homme,Men,Chemise Homme à Carreaux – Élégance Moderne avec Détails Subtils pour le Quotidien - FSH25AXCR19881TM1 - BLU/WHT / M,TOWN TEAM,259.00,659.00,61,En stock,N/A,
Justyol,Homme,Men,Chemise Homme à Carreaux – Style Moderne et Confort pour le Quotidien - FSH25AXCR19887TM1 - NVY/YLW / 6XL,TOWN TEAM,259.00,659.00,61,En stock,N/A,
Justyol,Homme,Men,T-shirt Homme Simple et Confortable – Idéal pour un Look Décontracté et Élégant - TSH24SBRO20170TM1 - Mint / XL,TOWN TEAM,179.00,439.00,59,En stock,N/A,
Justyol,Homme,Men,Short en Jean Homme Bleu Clair avec Détails Déchirés et Broderie – Style Tendance - SHR24SDPP30192TM1 - Ice Blue / 40,TOWN TEAM,139.00,479.00,71,En stock,N/A,
Justyol,Homme,Men,T-shirt Homme Simple et Confortable – Idéal pour un Look Décontracté et Élégant - TSH24SBRO20170TM1 - Black / L,TOWN TEAM,179.00,439.00,59,En stock,N/A,
Justyol,Homme,Men,Short en Jean Homme Bleu Clair avec Détails Déchirés et Broderie – Style Tendance - SHR24SDPP30192TM1 - Ice Blue / 29,TOWN TEAM,139.00,479.00,71,En stock,N/A,
Justyol,Homme,Men,T-shirt Homme Simple et Confortable – Idéal pour un Look Décontracté et Élégant - TSH24SBRO20170TM1 - Black / S,TOWN TEAM,179.00,439.00,59,En stock,N/A,
Justyol,Homme,Men,T-shirt Homme Blanc avec Design Moderne et Imprimé Audacieux -TSH24SPRO20147TM1 - OFF WHIT / XL,TOWN TEAM,179.00,439.00,59,En stock,N/A,
Justyol,Homme,Men,Polo Homme en Maille Tissée avec Design Moderne – Style Élégant - POS24SKMR21798TM1 - White / XL,TOWN TEAM,149.00,499.00,70,En stock,N/A,
Justyol,Homme,Men,Polo Homme Moderne avec Fermeture Éclair Demi-Longue – Style Tendance - POS24SKTW21852TM1 - NVY/IND / S,TOWN TEAM,199.00,499.00,60,En stock,N/A,
Justyol,Homme,Men,"Polo Homme Blanc avec Imprimé ""DON'T TOUCH ME"" – Style Audacieux - TSH25SPRO20246TM1 - OFF WHIT / XL",TOWN TEAM,159.00,399.00,60,En stock,N/A,
Justyol,Homme,Men,T-shirt Homme Orange avec Imprimé Audacieux – Style Tendance - TSH24SPRO20155TM1 - Orange / S,TOWN TEAM,159.00,399.00,60,En stock,N/A,
Justyol,Homme,Men,Chemise Homme à Rayures Fines dans des Tons Chauds – Design Élégant - SSH25SSIR16135TM1 - BEG/WHT / S,TOWN TEAM,169.00,559.00,70,En stock,N/A,
Justyol,Homme,Men,T-shirt Homme Noir avec Imprimé Audacieux et Logo Distinctif - TSH25SBRS20528TM1 - Black / M,TOWN TEAM,199.00,499.00,60,En stock,N/A,
Justyol,Homme,Men,Short de Bain Homme Moderne avec Imprimé Coloré – Style Tendance - SWO24SSAE11426TM1 - Black / 3XL,TOWN TEAM,79.00,359.00,78,En stock,N/A,
Justyol,Homme,Men,Polo homme noir avec imprimé logo distinctif - POS24SPPR21758TM1 - Black / L,TOWN TEAM,129.00,479.00,73,En stock,N/A,
Justyol,Homme,Men,T-shirt homme avec texte audacieux et design moderne - TSH24SPRO20121TM1 - OFF WHIT / 2XL,TOWN TEAM,129.00,439.00,71,En stock,N/A,
Justyol,Homme,Men,Chemise à rayures bleues et blanches homme – Coupe moderne et élégante - SHI24SSIR17481TM1 - WHT/OLV / 3XL,TOWN TEAM,239.00,599.00,60,En stock,N/A,
Justyol,Homme,Men,Chemise homme avec imprimé géométrique et couleurs chaudes - SSH25SACR16152TM1 - NVY/WHT / S,TOWN TEAM,119.00,399.00,70,En stock,N/A,
Justyol,Homme,Men,Sweatshirt homme vert avec imprimé unique - SWS24WRNL26049TM1 - GRN-LAKE / XL,TOWN TEAM,209.00,859.00,76,En stock,N/A,
Justyol,Homme,Men,Sweatshirt homme à manches longues au design moderne - PUL24WPSR27656TM1 - FADE BLU / 4XL,TOWN TEAM,159.00,659.00,76,En stock,N/A,
Justyol,Homme,Men,T-shirt homme noir avec col Henley et boutons - TSH24SBRO20007TM1 - Black / S,TOWN TEAM,99.00,439.00,77,En stock,N/A,
Justyol,Homme,Men,Polo homme décoré avec couleurs douces et design élégant - POS24SAPR21776TM1 - Navy / 6XL,TOWN TEAM,129.00,439.00,71,En stock,N/A,
Justyol,Homme,Men,Short de bain homme décoré avec motif coloré - SWO24SSAE11430TM1 - Blue / 3XL,TOWN TEAM,79.00,359.00,78,En stock,N/A,
Justyol,Homme,Men,"Hoodie homme oversize avec poches, fermeture éclair et capuche - SWS25WZNK26098TM1 - Brick / XS",TOWN TEAM,359.00,899.00,60,En stock,N/A,
Justyol,Homme,Men,Sweat à capuche homme – Style urbain et confort au quotidien - SWS25WHNK26163TM1 - Café / L,TOWN TEAM,319.00,799.00,60,En stock,N/A,
Justyol,Homme,Men,Hoodie homme oversize avec imprimé SUNWARD et design moderne - SWS25WHEK26280TM1 - Brick / XL,TOWN TEAM,319.00,799.00,60,En stock,N/A,
Justyol,Homme,Men,"Sweatshirt homme design moderne avec imprimé ""EMBRACE"" - SWS25WRCL26234TM1 - Brick / M",TOWN TEAM,319.00,799.00,60,En stock,N/A,
Justyol,Homme,Men,Polo homme à boutons avec col rond - POS24SNTR21807TM1 - Navy / 3XL,TOWN TEAM,189.00,479.00,61,En stock,N/A,
Justyol,Homme,Men,Sweatshirt homme à col zippé avec design contrasté - PUL25WPJH27822TM1 - GRY/BLK / S,TOWN TEAM,319.00,799.00,60,En stock,N/A,
Justyol,Homme,Men,Short de bain homme décoré avec couleurs vives - SWO24SSAE11403TM1 - Black / 2XL,TOWN TEAM,139.00,359.00,61,En stock,N/A,
Justyol,Homme,Men,Short de bain homme élégant - SWO24SSNE11405TM1 - Black / 4XL,TOWN TEAM,139.00,359.00,61,En stock,N/A,
Justyol,Homme,Men,Short de bain homme à séchage rapide - SWO24SSAE11422TM1 - Black / 3XL,TOWN TEAM,159.00,399.00,60,En stock,N/A,
Justyol,Homme,Men,Chemise homme à carreaux manches longues multicolore - FSH25AXCR19884TM1 - Navy/Red / XL,TOWN TEAM,259.00,659.00,61,En stock,N/A,
Justyol,Homme,Men,T-shirt homme avec imprimé à mots motivants - TSH24SPRS20029TM1 - Black / XL,TOWN TEAM,189.00,479.00,61,En stock,N/A,
Justyol,Homme,Men,"T-shirt homme design moderne avec imprimé ""LOST"" - TSH24SPRO20070TM1 - Black / XL",TOWN TEAM,189.00,479.00,61,En stock,N/A,
Justyol,Homme,Men,Polo homme à couleurs dégradées au design moderne - POS24SCTU21829TM1 - OFF/BGE / S,TOWN TEAM,189.00,479.00,61,En stock,N/A,
Justyol,Homme,Men,T-shirt homme design moderne avec imprimé inspirant - TSH24SPRO20098TM1 - Brick / L,TOWN TEAM,159.00,399.00,60,En stock,N/A,
Justyol,Homme,Men,T-shirt homme design moderne avec imprimé STOCK OFF - TSH24SPRO20126TM1 - Stone / XL,TOWN TEAM,159.00,399.00,60,En stock,N/A,
Justyol,Homme,Men,T-shirt homme noir au design moderne avec imprimé artistique - TSH24SPRO20186TM1 - Black / XL,TOWN TEAM,179.00,439.00,59,En stock,N/A,
Justyol,Homme,Men,Chemise homme rayée aux couleurs chaudes - SHI24SSPR19468TM1 - WHT/BEG / XL,TOWN TEAM,239.00,599.00,60,En stock,N/A,
Justyol,Homme,Men,T-shirt homme beige avec imprimé motivationnel - TSH24ABRO20201TM1 - Beige / 2XL,TOWN TEAM,139.00,359.00,61,En stock,N/A,
Justyol,Homme,Men,T-shirt homme gris avec imprimé To be or not to be - TSH24SPRO20162TM1 - D-GREY / XL,TOWN TEAM,159.00,399.00,60,En stock,N/A,
Justyol,Homme,Men,Polo Homme Moderne avec Fermeture Éclair Demi-Longue – Style Tendance - POS24SKTW21852TM1 - NVY/IND / XL,TOWN TEAM,199.00,499.00,60,En stock,N/A,
Justyol,Homme,Men,T-shirt Homme Orange avec Imprimé Audacieux – Style Tendance - TSH24SPRO20155TM1 - Orange / M,TOWN TEAM,159.00,399.00,60,En stock,N/A,
Justyol,Homme,Men,Chemise Homme à Rayures Fines dans des Tons Chauds – Design Élégant - SSH25SSIR16135TM1 - BEG/WHT / 2XL,TOWN TEAM,169.00,559.00,70,En stock,N/A,
Justyol,Homme,Men,Polo homme noir avec imprimé logo distinctif - POS24SPPR21758TM1 - Black / XL,TOWN TEAM,129.00,479.00,73,En stock,N/A,
Justyol,Homme,Men,Chemise à rayures bleues et blanches homme – Coupe moderne et élégante - SHI24SSIR17481TM1 - WHT/OLV / XL,TOWN TEAM,239.00,599.00,60,En stock,N/A,
Justyol,Homme,Men,T-shirt homme noir avec col Henley et boutons - TSH24SBRO20007TM1 - Black / 3XL,TOWN TEAM,99.00,439.00,77,En stock,N/A,
Justyol,Homme,Men,Polo homme décoré avec couleurs douces et design élégant - POS24SAPR21776TM1 - Navy / 5XL,TOWN TEAM,129.00,439.00,71,En stock,N/A,
Justyol,Homme,Men,"Hoodie homme oversize avec poches, fermeture éclair et capuche - SWS25WZNK26098TM1 - Brick / S",TOWN TEAM,359.00,899.00,60,En stock,N/A,
Justyol,Homme,Men,"Sweatshirt homme design moderne avec imprimé ""EMBRACE"" - SWS25WRCL26234TM1 - Brick / L",TOWN TEAM,319.00,799.00,60,En stock,N/A,
Justyol,Homme,Men,Polo homme à boutons avec col rond - POS24SNTR21807TM1 - Navy / 2XL,TOWN TEAM,189.00,479.00,61,En stock,N/A,
Justyol,Homme,Men,Short de bain homme décoré avec couleurs vives - SWO24SSAE11403TM1 - Black / 3XL,TOWN TEAM,139.00,359.00,61,En stock,N/A,
Justyol,Homme,Men,Short de bain homme élégant - SWO24SSNE11405TM1 - Black / 2XL,TOWN TEAM,139.00,359.00,61,En stock,N/A,
Justyol,Homme,Men,Short de bain homme à séchage rapide - SWO24SSAE11422TM1 - Black / 2XL,TOWN TEAM,159.00,399.00,60,En stock,N/A,
Justyol,Homme,Men,Chemise homme à carreaux manches longues multicolore - FSH25AXCR19884TM1 - Navy/Red / S,TOWN TEAM,259.00,659.00,61,En stock,N/A,
Justyol,Homme,Men,T-shirt homme avec imprimé à mots motivants - TSH24SPRS20029TM1 - Black / L,TOWN TEAM,189.00,479.00,61,En stock,N/A,
Justyol,Homme,Men,"T-shirt homme design moderne avec imprimé ""LOST"" - TSH24SPRO20070TM1 - Black / S",TOWN TEAM,189.00,479.00,61,En stock,N/A,
Justyol,Homme,Men,Polo homme à couleurs dégradées au design moderne - POS24SCTU21829TM1 - OFF/BGE / 7XL,TOWN TEAM,189.00,479.00,61,En stock,N/A,
Justyol,Homme,Men,T-shirt homme design moderne avec imprimé inspirant - TSH24SPRO20098TM1 - Brick / M,TOWN TEAM,159.00,399.00,60,En stock,N/A,
Justyol,Homme,Men,T-shirt homme noir au design moderne avec imprimé artistique - TSH24SPRO20186TM1 - Black / 2XL,TOWN TEAM,179.00,439.00,59,En stock,N/A,
Justyol,Homme,Men,T-shirt homme beige avec imprimé motivationnel - TSH24ABRO20201TM1 - Beige / 3XL,TOWN TEAM,139.00,359.00,61,En stock,N/A,
Justyol,Homme,Men,T-shirt homme gris avec imprimé To be or not to be - TSH24SPRO20162TM1 - D-GREY / L,TOWN TEAM,159.00,399.00,60,En stock,N/A,
Justyol,Homme,Men,Chemise Homme à Rayures Fines dans des Tons Chauds – Design Élégant - SSH25SSIR16135TM1 - BEG/WHT / 4XL,TOWN TEAM,169.00,559.00,70,En stock,N/A,
Justyol,Homme,Men,Polo homme noir avec imprimé logo distinctif - POS24SPPR21758TM1 - Black / 2XL,TOWN TEAM,129.00,479.00,73,En stock,N/A,
Justyol,Homme,Men,Chemise à rayures bleues et blanches homme – Coupe moderne et élégante - SHI24SSIR17481TM1 - WHT/OLV / 2XL,TOWN TEAM,239.00,599.00,60,En stock,N/A,
Justyol,Homme,Men,Short de bain homme décoré avec couleurs vives - SWO24SSAE11403TM1 - Black / XL,TOWN TEAM,139.00,359.00,61,En stock,N/A,
Justyol,Homme,Men,Short de bain homme élégant - SWO24SSNE11405TM1 - Black / 3XL,TOWN TEAM,139.00,359.00,61,En stock,N/A,
Justyol,Homme,Men,Short de bain homme à séchage rapide - SWO24SSAE11422TM1 - Black / 4XL,TOWN TEAM,159.00,399.00,60,En stock,N/A,
Justyol,Homme,Men,Chemise homme à carreaux manches longues multicolore - FSH25AXCR19884TM1 - Navy/Red / L,TOWN TEAM,259.00,659.00,61,En stock,N/A,
Justyol,Homme,Men,T-shirt homme design moderne avec imprimé inspirant - TSH24SPRO20098TM1 - Brick / S,TOWN TEAM,159.00,399.00,60,En stock,N/A,
Justyol,Homme,Men,T-shirt homme beige avec imprimé motivationnel - TSH24ABRO20201TM1 - Beige / XL,TOWN TEAM,139.00,359.00,61,En stock,N/A,
Justyol,Homme,Men,Chemise Homme à Rayures Fines dans des Tons Chauds – Design Élégant - SSH25SSIR16135TM1 - BEG/WHT / L,TOWN TEAM,169.00,559.00,70,En stock,N/A,
Justyol,Homme,Men,Chemise à rayures bleues et blanches homme – Coupe moderne et élégante - SHI24SSIR17481TM1 - WHT/S-BL / 3XL,TOWN TEAM,239.00,599.00,60,En stock,N/A,
Justyol,Homme,Men,Short de bain homme décoré avec couleurs vives - SWO24SSAE11403TM1 - Black / 4XL,TOWN TEAM,139.00,359.00,61,En stock,N/A,
Justyol,Homme,Men,Chemise homme à carreaux manches longues multicolore - FSH25AXCR19884TM1 - Navy/Red / M,TOWN TEAM,259.00,659.00,61,En stock,N/A,
Justyol,Homme,Men,Chemise Homme à Rayures Fines dans des Tons Chauds – Design Élégant - SSH25SSIR16135TM1 - BEG/WHT / M,TOWN TEAM,169.00,559.00,70,En stock,N/A,
Justyol,Homme,Men,Chemise à rayures bleues et blanches homme – Coupe moderne et élégante - SHI24SSIR17481TM1 - WHT/S-BL / 2XL,TOWN TEAM,239.00,599.00,60,En stock,N/A,
Justyol,Homme,Men,Chemise Homme à Rayures Fines dans des Tons Chauds – Design Élégant - SSH25SSIR16135TM1 - BEG/WHT / XL,TOWN TEAM,169.00,559.00,70,En stock,N/A,
Justyol,Homme,Men,Chemise Homme à Rayures Fines dans des Tons Chauds – Design Élégant - SSH25SSIR16135TM1 - BEG/WHT / 3XL,TOWN TEAM,169.00,559.00,70,En stock,N/A,
Justyol,Homme,Men,Chemise homme noire avec poches avant style moderne - SSH24SEER19454TM1 - Black / M,TOWN TEAM,119.00,399.00,70,En stock,N/A,
Justyol,Homme,Men,Chemise homme blanche à motifs inspirés du voyage - SSH24SASS19525TM1 - White / 5XL,TOWN TEAM,179.00,439.00,59,En stock,N/A,
Justyol,Homme,Men,Polo homme à motifs entrelacés au style élégant - POS25SKTR21932TM1 - Navy / S,TOWN TEAM,219.00,559.00,61,En stock,N/A,
Justyol,Homme,Men,Short en jean homme avec poches et motifs graphiques - SHR25SGAS23179TM1 - D-GREY / 36,TOWN TEAM,199.00,499.00,60,En stock,N/A,
Justyol,Homme,Men,Short en jean homme au design moderne - SHR25SDBP30210TM1 - BLU GREY / 36,TOWN TEAM,189.00,479.00,61,En stock,N/A,
Justyol,Homme,Men,Short en jean homme clair avec effet déchiré tendance - SHR25SDWP30205TM1 - Light Blue / 34,TOWN TEAM,169.00,559.00,70,En stock,N/A,
Justyol,Homme,Men,Short homme en coton épais comfort fit - 81274 - siyah / l,JMEN,138.83,277.66,50,En stock,N/A,
Justyol,Homme,Men,t‑shirt homme col en V imprimé casual- 88174 - jaune / m,JMEN,90.00,226.18,60,En stock,N/A,
Justyol,Homme,Men,t‑shirt homme oversize col rond manches courtes - beige / XL,JMEN,119.00,283.60,58,En stock,N/A,
Justyol,Homme,Men,Chemise homme en mousseline rose manches courtes avec poche - marron / M,JMEN,161.00,322.00,50,En stock,N/A,
Justyol,Homme,Men,Chemise homme noire avec poches avant style moderne - SSH24SEER19454TM1 - Black / L,TOWN TEAM,119.00,399.00,70,En stock,N/A,
Justyol,Homme,Men,Chemise homme blanche à motifs inspirés du voyage - SSH24SASS19525TM1 - Navy / 6XL,TOWN TEAM,179.00,439.00,59,En stock,N/A,
Justyol,Homme,Men,Polo homme à motifs entrelacés au style élégant - POS25SKTR21932TM1 - Brick / 4XL,TOWN TEAM,219.00,559.00,61,En stock,N/A,
Justyol,Homme,Men,Short en jean homme avec poches et motifs graphiques - SHR25SGAS23179TM1 - Olive / 36,TOWN TEAM,199.00,499.00,60,En stock,N/A,
Justyol,Homme,Men,Short en jean homme au design moderne - SHR25SDBP30210TM1 - BLU GREY / 34,TOWN TEAM,189.00,479.00,61,En stock,N/A,
Justyol,Homme,Men,Short en jean homme clair avec effet déchiré tendance - SHR25SDWP30205TM1 - Light Blue / 33,TOWN TEAM,169.00,559.00,70,En stock,N/A,
Justyol,Homme,Men,t‑shirt homme col en V imprimé casual- 88174 - vert d'eau / m,JMEN,90.00,226.18,60,En stock,N/A,
Justyol,Homme,Men,t‑shirt homme oversize col rond manches courtes - noir / S,JMEN,119.00,283.60,58,En stock,N/A,
Justyol,Homme,Men,Chemise homme noire avec poches avant style moderne - SSH24SEER19454TM1 - Black / S,TOWN TEAM,119.00,399.00,70,En stock,N/A,
Justyol,Homme,Men,Chemise homme blanche à motifs inspirés du voyage - SSH24SASS19525TM1 - Navy / M,TOWN TEAM,179.00,439.00,59,En stock,N/A,
Justyol,Homme,Men,Polo homme à motifs entrelacés au style élégant - POS25SKTR21932TM1 - Brick / M,TOWN TEAM,219.00,559.00,61,En stock,N/A,
Justyol,Homme,Men,Short en jean homme avec poches et motifs graphiques - SHR25SGAS23179TM1 - Olive / 38,TOWN TEAM,199.00,499.00,60,En stock,N/A,
Justyol,Homme,Men,Short en jean homme au design moderne - SHR25SDBP30210TM1 - Charcoal / 34,TOWN TEAM,189.00,479.00,61,En stock,N/A,
Justyol,Homme,Men,Short en jean homme clair avec effet déchiré tendance - SHR25SDWP30205TM1 - Light Blue / 36,TOWN TEAM,169.00,559.00,70,En stock,N/A,
Justyol,Homme,Men,t‑shirt homme oversize col rond manches courtes - blanc / XL,JMEN,119.00,283.60,58,En stock,N/A,
Justyol,Homme,Men,Short en jean homme avec poches et motifs graphiques - SHR25SGAS23179TM1 - Olive / 33,TOWN TEAM,199.00,499.00,60,En stock,N/A,
Justyol,Homme,Men,Short en jean homme au design moderne - SHR25SDBP30210TM1 - Charcoal / 36,TOWN TEAM,189.00,479.00,61,En stock,N/A,
Justyol,Homme,Men,Short en jean homme clair avec effet déchiré tendance - SHR25SDWP30205TM1 - Light Blue / 38,TOWN TEAM,169.00,559.00,70,En stock,N/A,
Justyol,Homme,Men,Short en jean homme avec poches et motifs graphiques - SHR25SGAS23179TM1 - Olive / 34,TOWN TEAM,199.00,499.00,60,En stock,N/A,
Justyol,Homme,Men,Short en jean homme avec poches et motifs graphiques - SHR25SGAS23179TM1 - Olive / 40,TOWN TEAM,199.00,499.00,60,En stock,N/A,
Justyol,Enfants,Kids Babies All,Ensemble garçon avec chemise à manches longues et pantalon cargo - Navy blue / 2Y,JUSTYOL,265.00,345.00,23,En stock,N/A,
Justyol,Enfants,Kids Babies All,Djellaba Fille – Motif Floral - Multi / 3y,CAF CHIC,249.00,324.00,23,En stock,N/A,
Justyol,Enfants,Kids Babies All,Jellaba Fille – Tissu Chanel - Beige / 7y,CAF CHIC,159.00,207.00,23,En stock,N/A,
Justyol,Enfants,Kids Babies All,Djellaba Fille – Élégance Nuit Royale - Bleu marine / 7y,CAF CHIC,299.00,389.00,23,En stock,N/A,
Justyol,Enfants,Kids Babies All,Kaftan Fille – Élégance Florale Moderne - Multi / 11y,CAF CHIC,299.00,389.00,23,En stock,N/A,
Justyol,Enfants,Kids Babies All,Jellaba Fille – Papillon Princesse Makhzania en Crêpe Roza - Lavande / 11y,CAF CHIC,249.00,324.00,23,En stock,N/A,
Justyol,Enfants,Kids Babies All,Kaftan Fille – Élégance Florale - Multi / 6y,CAF CHIC,229.00,298.00,23,En stock,N/A,
Justyol,Enfants,Kids Babies All,Jellaba Fille Makhzania en Crêpe Roza - Bleu / 7y,CAF CHIC,249.00,324.00,23,En stock,N/A,
Justyol,Enfants,Kids Babies All,Jellaba Fille en Crêpe Roza - pistache / 10y,CAF CHIC,249.00,324.00,23,En stock,N/A,
Justyol,Enfants,Kids Babies All,Djellaba Faracha Fille amazigh - Lilas / 10y,CAF CHIC,199.00,259.00,23,En stock,N/A,
Justyol,Enfants,Kids Babies All,Caftan - Blanc crème pour fille - Crème / 0-12m,CAFTAN NAWAL,500.00,650.00,23,En stock,N/A,
Justyol,Enfants,Kids Babies All,Caftan - Rouge à pois pour fille - Rouge / 0-12m,CAFTAN NAWAL,500.00,650.00,23,En stock,N/A,
Justyol,Enfants,Kids Babies All,Caftan - Rose fuchsia pour fille - Rose Fushia / 0-12m,CAFTAN NAWAL,500.00,650.00,23,En stock,N/A,
Justyol,Enfants,Kids Babies All,Caftan - Rouge pour fille - Rouge / avec manches / 0-12m,CAFTAN NAWAL,500.00,650.00,23,En stock,N/A,
Justyol,Enfants,Kids Babies All,Caftan - Noir nuit pour fille - Noir nuit / avec manches / 0-12m,CAFTAN NAWAL,500.00,650.00,23,En stock,N/A,
Justyol,Enfants,Kids Babies All,Jellaba Orange mango pour fille - Orange mango / 0-12m,CAFTAN NAWAL,450.00,585.00,23,En stock,N/A,
Justyol,Enfants,Kids Babies All,Jellaba bleu électrique pour fille - Bleu électrique / 0-12m,CAFTAN NAWAL,450.00,585.00,23,En stock,N/A,
Justyol,Enfants,Kids Babies All,Jellaba Violet pour fille - Violet / 0-12m,CAFTAN NAWAL,450.00,585.00,23,En stock,N/A,
Justyol,Enfants,Kids Babies All,Jellaba Bleu ciel pour fille - Bleu ciel / 0-12m,CAFTAN NAWAL,450.00,585.00,23,En stock,N/A,
Justyol,Enfants,Kids Babies All,Caftan - Bleu Royal Azure pour fille - Bleu royal / avec manches / 0-12m,CAFTAN NAWAL,500.00,650.00,23,En stock,N/A,
Justyol,Enfants,Kids Babies All,Caftan - Beige bud pour fille - Beige / 0-12m,CAFTAN NAWAL,500.00,650.00,23,En stock,N/A,
Justyol,Enfants,Kids Babies All,Tunique - Bleu Moonstone pour enfant - Bleu moonstone / 2-3y,CAFTAN NAWAL,400.00,520.00,23,En stock,N/A,
Justyol,Enfants,Kids Babies All,Tunique - Bleu Sigma pour enfant - Bleu sigma / 2-3y,CAFTAN NAWAL,400.00,520.00,23,En stock,N/A,
Justyol,Enfants,Kids Babies All,Ensemble garçon avec chemise à manches longues et pantalon cargo - Navy blue / 3Y,JUSTYOL,265.00,345.00,23,En stock,N/A,
Justyol,Enfants,Kids Babies All,Djellaba Fille – Motif Floral - Multi / 4y,CAF CHIC,249.00,324.00,23,En stock,N/A,
Justyol,Enfants,Kids Babies All,Jellaba Fille – Tissu Chanel - Beige / 8y,CAF CHIC,159.00,207.00,23,En stock,N/A,
Justyol,Enfants,Kids Babies All,Djellaba Fille – Élégance Nuit Royale - Bleu marine / 8y,CAF CHIC,299.00,389.00,23,En stock,N/A,
Justyol,Enfants,Kids Babies All,Kaftan Fille – Élégance Florale Moderne - Multi / 12y,CAF CHIC,299.00,389.00,23,En stock,N/A,
Justyol,Enfants,Kids Babies All,Jellaba Fille – Papillon Princesse Makhzania en Crêpe Roza - Lavande / 12y,CAF CHIC,249.00,324.00,23,En stock,N/A,
Justyol,Enfants,Kids Babies All,Kaftan Fille – Élégance Florale - Multi / 7y,CAF CHIC,229.00,298.00,23,En stock,N/A,
Justyol,Enfants,Kids Babies All,Jellaba Fille Makhzania en Crêpe Roza - Bleu / 8y,CAF CHIC,249.00,324.00,23,En stock,N/A,
Justyol,Enfants,Kids Babies All,Jellaba Fille en Crêpe Roza - pistache / 11y,CAF CHIC,249.00,324.00,23,En stock,N/A,
Justyol,Enfants,Kids Babies All,Djellaba Faracha Fille amazigh - Lilas / 11y,CAF CHIC,199.00,259.00,23,En stock,N/A,
Justyol,Enfants,Kids Babies All,Caftan - Blanc crème pour fille - Crème / 2-3y,CAFTAN NAWAL,500.00,650.00,23,En stock,N/A,
Justyol,Enfants,Kids Babies All,Caftan - Rouge à pois pour fille - Rouge / 2-3y,CAFTAN NAWAL,500.00,650.00,23,En stock,N/A,
Justyol,Enfants,Kids Babies All,Caftan - Rose fuchsia pour fille - Rose Fushia / 2-3y,CAFTAN NAWAL,500.00,650.00,23,En stock,N/A,
Justyol,Enfants,Kids Babies All,Caftan - Rouge pour fille - Rouge / avec manches / 2-3y,CAFTAN NAWAL,500.00,650.00,23,En stock,N/A,
Justyol,Enfants,Kids Babies All,Caftan - Noir nuit pour fille - Noir nuit / avec manches / 2-3y,CAFTAN NAWAL,500.00,650.00,23,En stock,N/A,
Justyol,Enfants,Kids Babies All,Jellaba Orange mango pour fille - Orange mango / 2-3y,CAFTAN NAWAL,450.00,585.00,23,En stock,N/A,
Justyol,Enfants,Kids Babies All,Jellaba bleu électrique pour fille - Bleu électrique / 2-3y,CAFTAN NAWAL,450.00,585.00,23,En stock,N/A,
Justyol,Enfants,Kids Babies All,Jellaba Violet pour fille - Violet / 2-3y,CAFTAN NAWAL,450.00,585.00,23,En stock,N/A,
Justyol,Enfants,Kids Babies All,Jellaba Bleu ciel pour fille - Bleu ciel / 2-3y,CAFTAN NAWAL,450.00,585.00,23,En stock,N/A,
Justyol,Enfants,Kids Babies All,Caftan - Bleu Royal Azure pour fille - Bleu royal / avec manches / 2-3y,CAFTAN NAWAL,500.00,650.00,23,En stock,N/A,
Justyol,Enfants,Kids Babies All,Caftan - Beige bud pour fille - Beige / 2-3y,CAFTAN NAWAL,500.00,650.00,23,En stock,N/A,
Justyol,Enfants,Kids Babies All,Tunique - Bleu Moonstone pour enfant - Bleu moonstone / 4-5y,CAFTAN NAWAL,400.00,520.00,23,En stock,N/A,
Justyol,Enfants,Kids Babies All,Tunique - Bleu Sigma pour enfant - Bleu sigma / 4-5y,CAFTAN NAWAL,400.00,520.00,23,En stock,N/A,
Justyol,Enfants,Kids Babies All,Ensemble garçon avec chemise à manches longues et pantalon cargo - Navy blue / 4Y,JUSTYOL,265.00,345.00,23,En stock,N/A,
Justyol,Enfants,Kids Babies All,Jellaba Fille Makhzania en Crêpe Roza - Prune / 7y,CAF CHIC,249.00,324.00,23,En stock,N/A,
Justyol,Enfants,Kids Babies All,Jellaba Fille en Crêpe Roza - pistache / 12y,CAF CHIC,249.00,324.00,23,En stock,N/A,
Justyol,Enfants,Kids Babies All,Caftan - Blanc crème pour fille - Crème / 4-5y,CAFTAN NAWAL,500.00,650.00,23,En stock,N/A,
Justyol,Enfants,Kids Babies All,Caftan - Rouge à pois pour fille - Rouge / 4-5y,CAFTAN NAWAL,500.00,650.00,23,En stock,N/A,
Justyol,Enfants,Kids Babies All,Caftan - Rose fuchsia pour fille - Rose Fushia / 4-5y,CAFTAN NAWAL,500.00,650.00,23,En stock,N/A,
Justyol,Enfants,Kids Babies All,Caftan - Rouge pour fille - Rouge / avec manches / 4-5y,CAFTAN NAWAL,500.00,650.00,23,En stock,N/A,
Justyol,Enfants,Kids Babies All,Caftan - Noir nuit pour fille - Noir nuit / avec manches / 4-5y,CAFTAN NAWAL,500.00,650.00,23,En stock,N/A,
Justyol,Enfants,Kids Babies All,Jellaba Orange mango pour fille - Orange mango / 4-5y,CAFTAN NAWAL,450.00,585.00,23,En stock,N/A,
Justyol,Enfants,Kids Babies All,Jellaba bleu électrique pour fille - Bleu électrique / 4-5y,CAFTAN NAWAL,450.00,585.00,23,En stock,N/A,
Justyol,Enfants,Kids Babies All,Jellaba Violet pour fille - Violet / 4-5y,CAFTAN NAWAL,450.00,585.00,23,En stock,N/A,
Justyol,Enfants,Kids Babies All,Jellaba Bleu ciel pour fille - Bleu ciel / 4-5y,CAFTAN NAWAL,450.00,585.00,23,En stock,N/A,
Justyol,Enfants,Kids Babies All,Caftan - Bleu Royal Azure pour fille - Bleu royal / avec manches / 4-5y,CAFTAN NAWAL,500.00,650.00,23,En stock,N/A,
Justyol,Enfants,Kids Babies All,Caftan - Beige bud pour fille - Beige / 4-5y,CAFTAN NAWAL,500.00,650.00,23,En stock,N/A,
Justyol,Enfants,Kids Babies All,Tunique - Bleu Moonstone pour enfant - Bleu moonstone / 6-7y,CAFTAN NAWAL,400.00,520.00,23,En stock,N/A,
Justyol,Enfants,Kids Babies All,Tunique - Bleu Sigma pour enfant - Bleu sigma / 6-7y,CAFTAN NAWAL,400.00,520.00,23,En stock,N/A,
Justyol,Enfants,Kids Babies All,Ensemble garçon avec chemise à manches longues et pantalon cargo - Navy blue / 5Y,JUSTYOL,265.00,345.00,23,En stock,N/A,
Justyol,Enfants,Kids Babies All,Jellaba Fille Makhzania en Crêpe Roza - Prune / 8y,CAF CHIC,249.00,324.00,23,En stock,N/A,
Justyol,Enfants,Kids Babies All,Jellaba Fille en Crêpe Roza - Vert / 10y,CAF CHIC,249.00,324.00,23,En stock,N/A,
Justyol,Enfants,Kids Babies All,Caftan - Blanc crème pour fille - Crème / 6-7y,CAFTAN NAWAL,500.00,650.00,23,En stock,N/A,
Justyol,Enfants,Kids Babies All,Caftan - Rouge à pois pour fille - Rouge / 6-7y,CAFTAN NAWAL,500.00,650.00,23,En stock,N/A,
Justyol,Enfants,Kids Babies All,Caftan - Rose fuchsia pour fille - Rose Fushia / 6-7y,CAFTAN NAWAL,500.00,650.00,23,En stock,N/A,
Justyol,Enfants,Kids Babies All,Caftan - Rouge pour fille - Rouge / avec manches / 6-7y,CAFTAN NAWAL,500.00,650.00,23,En stock,N/A,
Justyol,Enfants,Kids Babies All,Caftan - Noir nuit pour fille - Noir nuit / avec manches / 6-7y,CAFTAN NAWAL,500.00,650.00,23,En stock,N/A,
Justyol,Enfants,Kids Babies All,Jellaba Orange mango pour fille - Orange mango / 6-7y,CAFTAN NAWAL,450.00,585.00,23,En stock,N/A,
Justyol,Enfants,Kids Babies All,Jellaba bleu électrique pour fille - Bleu électrique / 6-7y,CAFTAN NAWAL,450.00,585.00,23,En stock,N/A,
Justyol,Enfants,Kids Babies All,Jellaba Violet pour fille - Violet / 6-7y,CAFTAN NAWAL,450.00,585.00,23,En stock,N/A,
Justyol,Enfants,Kids Babies All,Jellaba Bleu ciel pour fille - Bleu ciel / 6-7y,CAFTAN NAWAL,450.00,585.00,23,En stock,N/A,
Justyol,Enfants,Kids Babies All,Caftan - Bleu Royal Azure pour fille - Bleu royal / avec manches / 6-7y,CAFTAN NAWAL,500.00,650.00,23,En stock,N/A,
Justyol,Enfants,Kids Babies All,Caftan - Beige bud pour fille - Beige / 6-7y,CAFTAN NAWAL,500.00,650.00,23,En stock,N/A,
Justyol,Enfants,Kids Babies All,Tunique - Bleu Moonstone pour enfant - Bleu moonstone / 8-9y,CAFTAN NAWAL,400.00,520.00,23,En stock,N/A,
Justyol,Enfants,Kids Babies All,Tunique - Bleu Sigma pour enfant - Bleu sigma / 8-9y,CAFTAN NAWAL,400.00,520.00,23,En stock,N/A,
Justyol,Enfants,Kids Babies All,Jellaba Fille en Crêpe Roza - Vert / 11y,CAF CHIC,249.00,324.00,23,En stock,N/A,
Justyol,Enfants,Kids Babies All,Caftan - Blanc crème pour fille - Crème / 8-9y,CAFTAN NAWAL,500.00,650.00,23,En stock,N/A,
Justyol,Enfants,Kids Babies All,Caftan - Rouge à pois pour fille - Rouge / 8-9y,CAFTAN NAWAL,500.00,650.00,23,En stock,N/A,
Justyol,Enfants,Kids Babies All,Caftan - Rose fuchsia pour fille - Rose Fushia / 8-9y,CAFTAN NAWAL,500.00,650.00,23,En stock,N/A,
Justyol,Enfants,Kids Babies All,Caftan - Rouge pour fille - Rouge / avec manches / 8-9y,CAFTAN NAWAL,500.00,650.00,23,En stock,N/A,
Justyol,Enfants,Kids Babies All,Caftan - Noir nuit pour fille - Noir nuit / avec manches / 8-9y,CAFTAN NAWAL,500.00,650.00,23,En stock,N/A,
Justyol,Enfants,Kids Babies All,Jellaba Orange mango pour fille - Orange mango / 8-9y,CAFTAN NAWAL,450.00,585.00,23,En stock,N/A,
Justyol,Enfants,Kids Babies All,Jellaba bleu électrique pour fille - Bleu électrique / 8-9y,CAFTAN NAWAL,450.00,585.00,23,En stock,N/A,
Justyol,Enfants,Kids Babies All,Jellaba Violet pour fille - Violet / 8-9y,CAFTAN NAWAL,450.00,585.00,23,En stock,N/A,
Justyol,Enfants,Kids Babies All,Jellaba Bleu ciel pour fille - Bleu ciel / 8-9y,CAFTAN NAWAL,450.00,585.00,23,En stock,N/A,
Justyol,Enfants,Kids Babies All,Caftan - Bleu Royal Azure pour fille - Bleu royal / avec manches / 8-9y,CAFTAN NAWAL,500.00,650.00,23,En stock,N/A,
Justyol,Enfants,Kids Babies All,Caftan - Beige bud pour fille - Beige / 8-9y,CAFTAN NAWAL,500.00,650.00,23,En stock,N/A,
Justyol,Enfants,Kids Babies All,Tunique - Bleu Moonstone pour enfant - Bleu moonstone / 10-11y,CAFTAN NAWAL,400.00,520.00,23,En stock,N/A,
Justyol,Enfants,Kids Babies All,Tunique - Bleu Sigma pour enfant - Bleu sigma / 10-11y,CAFTAN NAWAL,400.00,520.00,23,En stock,N/A,
Justyol,Enfants,Kids Babies All,Jellaba Fille en Crêpe Roza - Vert / 12y,CAF CHIC,249.00,324.00,23,En stock,N/A,
Justyol,Enfants,Kids Babies All,Caftan - Rouge pour fille - Rouge / sans manches / 0-12m,CAFTAN NAWAL,500.00,650.00,23,En stock,N/A,
Justyol,Enfants,Kids Babies All,Caftan - Noir nuit pour fille - Noir nuit / sans manches / 0-12m,CAFTAN NAWAL,500.00,650.00,23,En stock,N/A,
Justyol,Enfants,Kids Babies All,Caftan - Bleu Royal Azure pour fille - Bleu royal / sans manches / 0-12m,CAFTAN NAWAL,500.00,650.00,23,En stock,N/A,
Justyol,Enfants,Kids Babies All,Caftan - Rouge pour fille - Rouge / sans manches / 2-3y,CAFTAN NAWAL,500.00,650.00,23,En stock,N/A,
Justyol,Enfants,Kids Babies All,Caftan - Noir nuit pour fille - Noir nuit / sans manches / 2-3y,CAFTAN NAWAL,500.00,650.00,23,En stock,N/A,
Justyol,Enfants,Kids Babies All,Caftan - Bleu Royal Azure pour fille - Bleu royal / sans manches / 2-3y,CAFTAN NAWAL,500.00,650.00,23,En stock,N/A,
Justyol,Enfants,Kids Babies All,Caftan - Rouge pour fille - Rouge / sans manches / 4-5y,CAFTAN NAWAL,500.00,650.00,23,En stock,N/A,
Justyol,Enfants,Kids Babies All,Caftan - Noir nuit pour fille - Noir nuit / sans manches / 4-5y,CAFTAN NAWAL,500.00,650.00,23,En stock,N/A,
Justyol,Enfants,Kids Babies All,Caftan - Bleu Royal Azure pour fille - Bleu royal / sans manches / 4-5y,CAFTAN NAWAL,500.00,650.00,23,En stock,N/A,
Justyol,Enfants,Kids Babies All,Caftan - Rouge pour fille - Rouge / sans manches / 6-7y,CAFTAN NAWAL,500.00,650.00,23,En stock,N/A,
Justyol,Enfants,Kids Babies All,Caftan - Noir nuit pour fille - Noir nuit / sans manches / 6-7y,CAFTAN NAWAL,500.00,650.00,23,En stock,N/A,
Justyol,Enfants,Kids Babies All,Caftan - Bleu Royal Azure pour fille - Bleu royal / sans manches / 6-7y,CAFTAN NAWAL,500.00,650.00,23,En stock,N/A,
Justyol,Enfants,Kids Babies All,Caftan - Rouge pour fille - Rouge / sans manches / 8-9y,CAFTAN NAWAL,500.00,650.00,23,En stock,N/A,
Justyol,Enfants,Kids Babies All,Caftan - Noir nuit pour fille - Noir nuit / sans manches / 8-9y,CAFTAN NAWAL,500.00,650.00,23,En stock,N/A,
Justyol,Enfants,Kids Babies All,Caftan - Bleu Royal Azure pour fille - Bleu royal / sans manches / 8-9y,CAFTAN NAWAL,500.00,650.00,23,En stock,N/A,
Justyol,Enfants,Kids Babies All,Tunique - Noir Eclipse pour enfant - Noir eclipse / 2-3y,CAFTAN NAWAL,400.00,520.00,23,En stock,N/A,
Justyol,Enfants,Kids Babies All,Tunique - Vert Emeraude pour enfant - Vert emeraude / 2-3y,CAFTAN NAWAL,400.00,520.00,23,En stock,N/A,
Justyol,Enfants,Kids Babies All,Jean cargo garçon coupe slim – Denim bleu clair (Ice Blue) avec poches latérales - JNS24GMGW31381TB1 - Ice Blue / 14,TOWN TEAM,249.00,499.00,50,En stock,N/A,
Justyol,Enfants,Kids Babies All,Jean garçon coupe droite (Straight) – taille ajustable - JNS24GMBW31393TB1 - Black / 10,TOWN TEAM,199.00,399.00,50,En stock,N/A,
Justyol,Enfants,Kids Babies All,Jogger ado garçon style cargo en denim délavé avec poches à rabat - JOG25GDWL24276TJ1 - Ice Blue / 14,TOWN TEAM,279.00,559.00,50,En stock,N/A,
Justyol,Enfants,Kids Babies All,Jogger garçon style cargo en denim délavé avec poches latérales - JOG25GDWL24295TB1 - L-BLUE / 14,TOWN TEAM,279.00,559.00,50,En stock,N/A,
Justyol,Enfants,Kids Babies All,T-shirt fille PLAY ALL DAY rose et jaune - TSH24SPRO70877MG1 - Yellow / 7,TOWN TEAM,89.00,179.00,50,En stock,N/A,
Justyol,Enfants,Kids Babies All,Shorts cargo fille beige et jaune - SHR24SGBP70622MG1 - Yellow / 4,TOWN TEAM,129.00,249.00,48,En stock,N/A,
Justyol,Enfants,Kids Babies All,Shorts cargo fille beige et vert avec ceinture - SHR24SGBP70623MG1 - Mint / 7,TOWN TEAM,129.00,249.00,48,En stock,N/A,
Justyol,Enfants,Kids Babies All,Jupe-short en jean beige pour fille - SHR24SGBS70654MG1 - CREAM / 4,TOWN TEAM,129.00,249.00,48,En stock,N/A,
Justyol,Enfants,Kids Babies All,Shorts fille en jean bleu avec poches - SHR24SDBS70653MG1 - Blue / 4,TOWN TEAM,129.00,249.00,48,En stock,N/A,
Justyol,Enfants,Kids Babies All,"T-shirt Filles ""Fruits et Fleurs"" - TSH24SPRS70513MG1 - White / 4",TOWN TEAM,79.00,149.00,47,En stock,N/A,
Justyol,Enfants,Kids Babies All,Veste Matelassée Garçon - JAC25WWBP76423MB1 - OFF WHIT / 8,TOWN TEAM,339.00,559.00,39,En stock,N/A,
Justyol,Enfants,Kids Babies All,Short Fille Confortable - SHR24SMBS70508MG1 - Fuchsia / 8,TOWN TEAM,69.00,129.00,47,En stock,N/A,
Justyol,Enfants,Kids Babies All,"Ensemble Pyjama Fille ""Smurfette"" - PJS24SSNN71020MG1 - Mint / 8",TOWN TEAM,199.00,399.00,50,En stock,N/A,
Justyol,Enfants,Kids Babies All,"Ensemble Pyjama Fille ""Smurfette"" - PJS24SSNN71020MR1 - LILAC / 10",TOWN TEAM,199.00,399.00,50,En stock,N/A,
Justyol,Enfants,Kids Babies All,"Ensemble Pyjama Fille ""Chat Mignon"" - PJS24SSNA71018MG1 - Mauve Mix / 6",TOWN TEAM,229.00,459.00,50,En stock,N/A,
Justyol,Enfants,Kids Babies All,"Ensemble Pyjama Fille ""Chat Mignon"" - PJS24SSNA71018MR1 - Mint / 10",TOWN TEAM,229.00,459.00,50,En stock,N/A,
Justyol,Enfants,Kids Babies All,"Sweat à Capuche Fille ""I'VE GOT THIS"" - SWS25WHNK71145MG1 - Silver / 8",TOWN TEAM,209.00,299.00,30,En stock,N/A,
Justyol,Enfants,Kids Babies All,"Pack de chaussettes pour garçons, mi-hauteur (lot de 3 couleurs) - SOK24GAPC76906MB1 - GRY/NVY / 2:04",TOWN TEAM,29.00,39.00,26,En stock,N/A,
Justyol,Enfants,Kids Babies All,"Chaussettes courtes pour garçons avec jours de la semaine, lot de 5 - SOK24GAPE76907MB1 - Various / 8:10",TOWN TEAM,59.00,69.00,14,En stock,N/A,
Justyol,Enfants,Kids Babies All,"Chaussettes courtes pour garçons avec motifs modernes, lot de 3 - SOK24GATC76908MB1 - NVY/WHT / 2:04",TOWN TEAM,29.00,39.00,26,En stock,N/A,
Justyol,Enfants,Kids Babies All,"Chaussettes pour garçons, hauteur - SOK24GHSA76912MB1 - White / 2:04",TOWN TEAM,19.00,29.00,34,En stock,N/A,
Justyol,Enfants,Kids Babies All,"Pack de chaussettes pour garçons, mi-hauteur (Pack de 2) - SOK24GHTB76909MB1 - White / 2:04",TOWN TEAM,19.00,29.00,34,En stock,N/A,
Justyol,Enfants,Kids Babies All,"Pack de chaussettes pour garçons, mi-hauteur (Pack de 2) - SOK24GHTB76910MB1 - BEG/WHT / 8:10",TOWN TEAM,19.00,29.00,34,En stock,N/A,
Justyol,Enfants,Kids Babies All,"Pack de chaussettes pour garçons, mi-hauteur (Pack de 2) - SOK24GHTB76913MB1 - BLK/WHT / 8:10",TOWN TEAM,19.00,29.00,34,En stock,N/A,
Justyol,Enfants,Kids Babies All,"Chaussettes courtes pour filles avec motifs floraux, lot de 2 - SOK24GAAB71461MG1 - BLU/WHT / 2:04",TOWN TEAM,19.00,29.00,34,En stock,N/A,
Justyol,Enfants,Kids Babies All,"Chaussettes courtes pour filles avec motifs floraux, lot de 2 - SOK24GAAB71462MG1 - Simon / 2:04",TOWN TEAM,19.00,29.00,34,En stock,N/A,
Justyol,Enfants,Kids Babies All,"Chaussettes courtes pour filles avec motifs fruités et jours de la semaine, lot de 5 - SOK24GAAE71468MG1 - Various / 6:08",TOWN TEAM,59.00,69.00,14,En stock,N/A,
Justyol,Enfants,Kids Babies All,"Chaussettes courtes pour filles avec motifs mignons, lot de 2 - SOK24GATB71463MG1 - GRY/WHT / 2:04",TOWN TEAM,19.00,29.00,34,En stock,N/A,
Justyol,Enfants,Kids Babies All,"Chaussettes longues pour filles avec motifs amusants, (Pack de 2) - SOK24GHTB71457MG1 - BLK/WHT / 4:06",TOWN TEAM,19.00,29.00,34,En stock,N/A,
Justyol,Enfants,Kids Babies All,"Chaussettes pour filles avec motifs mignons, lot de 3 - SOK24GHTC71455MG1 - PNK/WHT / 2:04",TOWN TEAM,29.00,39.00,26,En stock,N/A,
Justyol,Enfants,Kids Babies All,"Pack de chaussettes pour garçons, basses (lot de 3 couleurs) - SOK24GAPC76905MB1 - BLK/WHT / 6:08",TOWN TEAM,29.00,39.00,26,En stock,N/A,
Justyol,Enfants,Kids Babies All,"Veste teddy garçon à boutons-pression, style varsity, patchs “H” et finitions contrastées - SWS25WBNS76026MB1 - BEG/WHT / 4",TOWN TEAM,179.00,349.00,49,En stock,N/A,
Justyol,Enfants,Kids Babies All,"Veste teddy fille style varsity, color block, patch NYC en relief avec détail fleur, fermeture à boutons-pression - SWS25WBCS71263MG1 - Brick / 4",TOWN TEAM,149.00,299.00,50,En stock,N/A,
Justyol,Enfants,Kids Babies All,Tunique - Noir Eclipse pour enfant - Noir eclipse / 4-5y,CAFTAN NAWAL,400.00,520.00,23,En stock,N/A,
Justyol,Enfants,Kids Babies All,Tunique - Vert Emeraude pour enfant - Vert emeraude / 4-5y,CAFTAN NAWAL,400.00,520.00,23,En stock,N/A,
Justyol,Enfants,Kids Babies All,Jogger ado garçon style cargo en denim délavé avec poches à rabat - JOG25GDWL24276TJ1 - D-BLUE / 14,TOWN TEAM,279.00,559.00,50,En stock,N/A,
Justyol,Enfants,Kids Babies All,T-shirt fille PLAY ALL DAY rose et jaune - TSH24SPRO70877MG1 - Rose / 6,TOWN TEAM,89.00,179.00,50,En stock,N/A,
Justyol,Enfants,Kids Babies All,Shorts cargo fille beige et jaune - SHR24SGBP70622MG1 - Yellow / 9,TOWN TEAM,129.00,249.00,48,En stock,N/A,
Justyol,Enfants,Kids Babies All,Shorts cargo fille beige et vert avec ceinture - SHR24SGBP70623MG1 - Mint / 6,TOWN TEAM,129.00,249.00,48,En stock,N/A,
Justyol,Enfants,Kids Babies All,Jupe-short en jean beige pour fille - SHR24SGBS70654MG1 - CREAM / 5,TOWN TEAM,129.00,249.00,48,En stock,N/A,
Justyol,Enfants,Kids Babies All,Shorts fille en jean bleu avec poches - SHR24SDBS70653MG1 - Blue / 5,TOWN TEAM,129.00,249.00,48,En stock,N/A,
Justyol,Enfants,Kids Babies All,"T-shirt Filles ""Fruits et Fleurs"" - TSH24SPRS70513MG1 - White / 5",TOWN TEAM,79.00,149.00,47,En stock,N/A,
Justyol,Enfants,Kids Babies All,Veste Matelassée Garçon - JAC25WWBP76423MB1 - OFF WHIT / 6,TOWN TEAM,339.00,559.00,39,En stock,N/A,
Justyol,Enfants,Kids Babies All,Short Fille Confortable - SHR24SMBS70508MG1 - Fuchsia / 7,TOWN TEAM,69.00,129.00,47,En stock,N/A,
Justyol,Enfants,Kids Babies All,"Ensemble Pyjama Fille ""Smurfette"" - PJS24SSNN71020MG1 - Mint / 7",TOWN TEAM,199.00,399.00,50,En stock,N/A,
Justyol,Enfants,Kids Babies All,"Ensemble Pyjama Fille ""Smurfette"" - PJS24SSNN71020MR1 - LILAC / 9",TOWN TEAM,199.00,399.00,50,En stock,N/A,
Justyol,Enfants,Kids Babies All,"Ensemble Pyjama Fille ""Chat Mignon"" - PJS24SSNA71018MG1 - Mauve Mix / 8",TOWN TEAM,229.00,459.00,50,En stock,N/A,
Justyol,Enfants,Kids Babies All,"Ensemble Pyjama Fille ""Chat Mignon"" - PJS24SSNA71018MR1 - Mauve Mix / 12",TOWN TEAM,229.00,459.00,50,En stock,N/A,
Justyol,Enfants,Kids Babies All,"Sweat à Capuche Fille ""I'VE GOT THIS"" - SWS25WHNK71145MG1 - Silver / 4",TOWN TEAM,209.00,299.00,30,En stock,N/A,
Justyol,Enfants,Kids Babies All,"Chaussettes courtes pour garçons avec motifs modernes, lot de 3 - SOK24GATC76908MB1 - NVY/WHT / 4:06",TOWN TEAM,29.00,39.00,26,En stock,N/A,
Justyol,Enfants,Kids Babies All,"Chaussettes pour garçons, hauteur - SOK24GHSA76912MB1 - White / 6:08",TOWN TEAM,19.00,29.00,34,En stock,N/A,
Justyol,Enfants,Kids Babies All,"Pack de chaussettes pour garçons, mi-hauteur (Pack de 2) - SOK24GHTB76910MB1 - BEG/WHT / 2:04",TOWN TEAM,19.00,29.00,34,En stock,N/A,
Justyol,Enfants,Kids Babies All,"Chaussettes courtes pour filles avec motifs floraux, lot de 2 - SOK24GAAB71461MG1 - BLU/WHT / 4:06",TOWN TEAM,19.00,29.00,34,En stock,N/A,
Justyol,Enfants,Kids Babies All,"Chaussettes courtes pour filles avec motifs floraux, lot de 2 - SOK24GAAB71462MG1 - Simon / 4:06",TOWN TEAM,19.00,29.00,34,En stock,N/A,
Justyol,Enfants,Kids Babies All,"Chaussettes courtes pour filles avec motifs mignons, lot de 2 - SOK24GATB71463MG1 - GRY/WHT / 4:06",TOWN TEAM,19.00,29.00,34,En stock,N/A,
Justyol,Enfants,Kids Babies All,"Chaussettes longues pour filles avec motifs amusants, (Pack de 2) - SOK24GHTB71457MG1 - BLK/WHT / 6:08",TOWN TEAM,19.00,29.00,34,En stock,N/A,
Justyol,Enfants,Kids Babies All,"Chaussettes pour filles avec motifs mignons, lot de 3 - SOK24GHTC71455MG1 - PNK/WHT / 4:06",TOWN TEAM,29.00,39.00,26,En stock,N/A,
Justyol,Enfants,Kids Babies All,"Veste teddy garçon à boutons-pression, style varsity, patchs “H” et finitions contrastées - SWS25WBNS76026MB1 - BLK/WHT / 4",TOWN TEAM,179.00,349.00,49,En stock,N/A,
Justyol,Enfants,Kids Babies All,Tunique - Noir Eclipse pour enfant - Noir eclipse / 6-7y,CAFTAN NAWAL,400.00,520.00,23,En stock,N/A,
Justyol,Enfants,Kids Babies All,Tunique - Vert Emeraude pour enfant - Vert emeraude / 6-7y,CAFTAN NAWAL,400.00,520.00,23,En stock,N/A,
Justyol,Enfants,Kids Babies All,T-shirt fille PLAY ALL DAY rose et jaune - TSH24SPRO70877MG1 - Rose / 4,TOWN TEAM,89.00,179.00,50,En stock,N/A,
Justyol,Enfants,Kids Babies All,Shorts cargo fille beige et jaune - SHR24SGBP70622MG1 - Caramel / 10,TOWN TEAM,129.00,249.00,48,En stock,N/A,
Justyol,Enfants,Kids Babies All,Shorts cargo fille beige et vert avec ceinture - SHR24SGBP70623MG1 - Mint / 5,TOWN TEAM,129.00,249.00,48,En stock,N/A,
Justyol,Enfants,Kids Babies All,Jupe-short en jean beige pour fille - SHR24SGBS70654MG1 - CREAM / 6,TOWN TEAM,129.00,249.00,48,En stock,N/A,
Justyol,Enfants,Kids Babies All,Shorts fille en jean bleu avec poches - SHR24SDBS70653MG1 - Blue / 7,TOWN TEAM,129.00,249.00,48,En stock,N/A,
Justyol,Enfants,Kids Babies All,"T-shirt Filles ""Fruits et Fleurs"" - TSH24SPRS70513MG1 - White / 6",TOWN TEAM,79.00,149.00,47,En stock,N/A,
Justyol,Enfants,Kids Babies All,Veste Matelassée Garçon - JAC25WWBP76423MB1 - OFF WHIT / 5,TOWN TEAM,339.00,559.00,39,En stock,N/A,
Justyol,Enfants,Kids Babies All,Short Fille Confortable - SHR24SMBS70508MG1 - Fuchsia / 5,TOWN TEAM,69.00,129.00,47,En stock,N/A,
Justyol,Enfants,Kids Babies All,"Ensemble Pyjama Fille ""Smurfette"" - PJS24SSNN71020MG1 - Mint / 6",TOWN TEAM,199.00,399.00,50,En stock,N/A,
Justyol,Enfants,Kids Babies All,"Ensemble Pyjama Fille ""Smurfette"" - PJS24SSNN71020MR1 - LILAC / 12",TOWN TEAM,199.00,399.00,50,En stock,N/A,
Justyol,Enfants,Kids Babies All,"Ensemble Pyjama Fille ""Chat Mignon"" - PJS24SSNA71018MG1 - Mauve Mix / 7",TOWN TEAM,229.00,459.00,50,En stock,N/A,
Justyol,Enfants,Kids Babies All,"Ensemble Pyjama Fille ""Chat Mignon"" - PJS24SSNA71018MR1 - Mauve Mix / 9",TOWN TEAM,229.00,459.00,50,En stock,N/A,
Justyol,Enfants,Kids Babies All,"Chaussettes courtes pour garçons avec motifs modernes, lot de 3 - SOK24GATC76908MB1 - NVY/WHT / 8:10",TOWN TEAM,29.00,39.00,26,En stock,N/A,
Justyol,Enfants,Kids Babies All,"Chaussettes courtes pour filles avec motifs floraux, lot de 2 - SOK24GAAB71461MG1 - BLU/WHT / 8:10",TOWN TEAM,19.00,29.00,34,En stock,N/A,
Justyol,Enfants,Kids Babies All,"Chaussettes courtes pour filles avec motifs floraux, lot de 2 - SOK24GAAB71462MG1 - Simon / 6:08",TOWN TEAM,19.00,29.00,34,En stock,N/A,
Justyol,Enfants,Kids Babies All,"Chaussettes courtes pour filles avec motifs mignons, lot de 2 - SOK24GATB71463MG1 - GRY/WHT / 8:10",TOWN TEAM,19.00,29.00,34,En stock,N/A,
Justyol,Enfants,Kids Babies All,"Chaussettes longues pour filles avec motifs amusants, (Pack de 2) - SOK24GHTB71457MG1 - BLK/WHT / 2:04",TOWN TEAM,19.00,29.00,34,En stock,N/A,
Justyol,Enfants,Kids Babies All,"Veste teddy garçon à boutons-pression, style varsity, patchs “H” et finitions contrastées - SWS25WBNS76026MB1 - BEG/WHT / 6",TOWN TEAM,179.00,349.00,49,En stock,N/A,
Justyol,Enfants,Kids Babies All,Tunique - Noir Eclipse pour enfant - Noir eclipse / 8-9y,CAFTAN NAWAL,400.00,520.00,23,En stock,N/A,
Justyol,Enfants,Kids Babies All,Tunique - Vert Emeraude pour enfant - Vert emeraude / 8-9y,CAFTAN NAWAL,400.00,520.00,23,En stock,N/A,
Justyol,Enfants,Kids Babies All,T-shirt fille PLAY ALL DAY rose et jaune - TSH24SPRO70877MG1 - Rose / 5,TOWN TEAM,89.00,179.00,50,En stock,N/A,
Justyol,Enfants,Kids Babies All,Shorts cargo fille beige et jaune - SHR24SGBP70622MG1 - Caramel / 4,TOWN TEAM,129.00,249.00,48,En stock,N/A,
Justyol,Enfants,Kids Babies All,Shorts cargo fille beige et vert avec ceinture - SHR24SGBP70623MG1 - Mint / 4,TOWN TEAM,129.00,249.00,48,En stock,N/A,
Justyol,Enfants,Kids Babies All,Jupe-short en jean beige pour fille - SHR24SGBS70654MG1 - CREAM / 7,TOWN TEAM,129.00,249.00,48,En stock,N/A,
Justyol,Enfants,Kids Babies All,Shorts fille en jean bleu avec poches - SHR24SDBS70653MG1 - Blue / 8,TOWN TEAM,129.00,249.00,48,En stock,N/A,
Justyol,Enfants,Kids Babies All,"T-shirt Filles ""Fruits et Fleurs"" - TSH24SPRS70513MG1 - White / 7",TOWN TEAM,79.00,149.00,47,En stock,N/A,
Justyol,Enfants,Kids Babies All,Short Fille Confortable - SHR24SMBS70508MG1 - Fuchsia / 4,TOWN TEAM,69.00,129.00,47,En stock,N/A,
Justyol,Enfants,Kids Babies All,"Ensemble Pyjama Fille ""Smurfette"" - PJS24SSNN71020MG1 - Mint / 5",TOWN TEAM,199.00,399.00,50,En stock,N/A,
Justyol,Enfants,Kids Babies All,"Ensemble Pyjama Fille ""Smurfette"" - PJS24SSNN71020MR1 - Mint / 10",TOWN TEAM,199.00,399.00,50,En stock,N/A,
Justyol,Enfants,Kids Babies All,"Ensemble Pyjama Fille ""Chat Mignon"" - PJS24SSNA71018MG1 - Mauve Mix / 5",TOWN TEAM,229.00,459.00,50,En stock,N/A,
Justyol,Enfants,Kids Babies All,"Ensemble Pyjama Fille ""Chat Mignon"" - PJS24SSNA71018MR1 - Mauve Mix / 14",TOWN TEAM,229.00,459.00,50,En stock,N/A,
Justyol,Enfants,Kids Babies All,"Chaussettes courtes pour filles avec motifs floraux, lot de 2 - SOK24GAAB71461MG1 - BLU/WHT / 6:08",TOWN TEAM,19.00,29.00,34,En stock,N/A,
Justyol,Enfants,Kids Babies All,"Chaussettes courtes pour filles avec motifs floraux, lot de 2 - SOK24GAAB71462MG1 - Simon / 8:10",TOWN TEAM,19.00,29.00,34,En stock,N/A,
Justyol,Enfants,Kids Babies All,"Chaussettes courtes pour filles avec motifs mignons, lot de 2 - SOK24GATB71463MG1 - GRY/WHT / 6:08",TOWN TEAM,19.00,29.00,34,En stock,N/A,
Justyol,Enfants,Kids Babies All,"Chaussettes longues pour filles avec motifs amusants, (Pack de 2) - SOK24GHTB71457MG1 - BLK/WHT / 8:10",TOWN TEAM,19.00,29.00,34,En stock,N/A,
Justyol,Enfants,Kids Babies All,"Veste teddy garçon à boutons-pression, style varsity, patchs “H” et finitions contrastées - SWS25WBNS76026MB1 - BEG/WHT / 5",TOWN TEAM,179.00,349.00,49,En stock,N/A,
Justyol,Enfants,Kids Babies All,Tunique - Noir Eclipse pour enfant - Noir eclipse / 10-11y,CAFTAN NAWAL,400.00,520.00,23,En stock,N/A,
Justyol,Enfants,Kids Babies All,Tunique - Vert Emeraude pour enfant - Vert emeraude / 10-11y,CAFTAN NAWAL,400.00,520.00,23,En stock,N/A,
Justyol,Enfants,Kids Babies All,T-shirt fille PLAY ALL DAY rose et jaune - TSH24SPRO70877MG1 - Rose / 7,TOWN TEAM,89.00,179.00,50,En stock,N/A,
Justyol,Enfants,Kids Babies All,Shorts cargo fille beige et jaune - SHR24SGBP70622MG1 - Caramel / 5,TOWN TEAM,129.00,249.00,48,En stock,N/A,
Justyol,Enfants,Kids Babies All,Shorts cargo fille beige et vert avec ceinture - SHR24SGBP70623MG1 - Mint / 8,TOWN TEAM,129.00,249.00,48,En stock,N/A,
Justyol,Enfants,Kids Babies All,Jupe-short en jean beige pour fille - SHR24SGBS70654MG1 - CREAM / 8,TOWN TEAM,129.00,249.00,48,En stock,N/A,
Justyol,Enfants,Kids Babies All,Shorts fille en jean bleu avec poches - SHR24SDBS70653MG1 - Blue / 6,TOWN TEAM,129.00,249.00,48,En stock,N/A,
Justyol,Enfants,Kids Babies All,"T-shirt Filles ""Fruits et Fleurs"" - TSH24SPRS70513MG1 - White / 8",TOWN TEAM,79.00,149.00,47,En stock,N/A,
Justyol,Enfants,Kids Babies All,"Ensemble Pyjama Fille ""Smurfette"" - PJS24SSNN71020MG1 - LILAC / 8",TOWN TEAM,199.00,399.00,50,En stock,N/A,
Justyol,Enfants,Kids Babies All,"Ensemble Pyjama Fille ""Smurfette"" - PJS24SSNN71020MR1 - Mint / 14",TOWN TEAM,199.00,399.00,50,En stock,N/A,
Justyol,Enfants,Kids Babies All,"Ensemble Pyjama Fille ""Chat Mignon"" - PJS24SSNA71018MG1 - Mauve Mix / 4",TOWN TEAM,229.00,459.00,50,En stock,N/A,
Justyol,Enfants,Kids Babies All,"Ensemble Pyjama Fille ""Chat Mignon"" - PJS24SSNA71018MR1 - Mauve Mix / 10",TOWN TEAM,229.00,459.00,50,En stock,N/A,
Justyol,Enfants,Kids Babies All,"Veste teddy garçon à boutons-pression, style varsity, patchs “H” et finitions contrastées - SWS25WBNS76026MB1 - BEG/WHT / 8",TOWN TEAM,179.00,349.00,49,En stock,N/A,
Justyol,Enfants,Kids Babies All,T-shirt fille PLAY ALL DAY rose et jaune - TSH24SPRO70877MG1 - Rose / 8,TOWN TEAM,89.00,179.00,50,En stock,N/A,
Justyol,Enfants,Kids Babies All,Shorts cargo fille beige et jaune - SHR24SGBP70622MG1 - Caramel / 6,TOWN TEAM,129.00,249.00,48,En stock,N/A,
Justyol,Enfants,Kids Babies All,Shorts cargo fille beige et vert avec ceinture - SHR24SGBP70623MG1 - Mint / 9,TOWN TEAM,129.00,249.00,48,En stock,N/A,
Justyol,Enfants,Kids Babies All,Jupe-short en jean beige pour fille - SHR24SGBS70654MG1 - CREAM / 9,TOWN TEAM,129.00,249.00,48,En stock,N/A,
Justyol,Enfants,Kids Babies All,"Ensemble Pyjama Fille ""Smurfette"" - PJS24SSNN71020MG1 - LILAC / 7",TOWN TEAM,199.00,399.00,50,En stock,N/A,
Justyol,Enfants,Kids Babies All,"Ensemble Pyjama Fille ""Smurfette"" - PJS24SSNN71020MR1 - Mint / 9",TOWN TEAM,199.00,399.00,50,En stock,N/A,
Justyol,Enfants,Kids Babies All,"Ensemble Pyjama Fille ""Chat Mignon"" - PJS24SSNA71018MG1 - Mint / 6",TOWN TEAM,229.00,459.00,50,En stock,N/A,
Justyol,Enfants,Kids Babies All,"Ensemble Pyjama Fille ""Chat Mignon"" - PJS24SSNA71018MR1 - Mint / 12",TOWN TEAM,229.00,459.00,50,En stock,N/A,
Justyol,Enfants,Kids Babies All,"Veste teddy garçon à boutons-pression, style varsity, patchs “H” et finitions contrastées - SWS25WBNS76026MB1 - BLK/WHT / 6",TOWN TEAM,179.00,349.00,49,En stock,N/A,
Justyol,Enfants,Kids Babies All,T-shirt fille PLAY ALL DAY rose et jaune - TSH24SPRO70877MG1 - Yellow / 4,TOWN TEAM,89.00,179.00,50,En stock,N/A,
Justyol,Enfants,Kids Babies All,Shorts cargo fille beige et jaune - SHR24SGBP70622MG1 - Caramel / 7,TOWN TEAM,129.00,249.00,48,En stock,N/A,
Justyol,Enfants,Kids Babies All,Shorts cargo fille beige et vert avec ceinture - SHR24SGBP70623MG1 - Mint / 12,TOWN TEAM,129.00,249.00,48,En stock,N/A,
Justyol,Enfants,Kids Babies All,Jupe-short en jean beige pour fille - SHR24SGBS70654MG1 - CREAM / 12,TOWN TEAM,129.00,249.00,48,En stock,N/A,
Justyol,Enfants,Kids Babies All,"Ensemble Pyjama Fille ""Smurfette"" - PJS24SSNN71020MG1 - LILAC / 6",TOWN TEAM,199.00,399.00,50,En stock,N/A,
Justyol,Enfants,Kids Babies All,"Ensemble Pyjama Fille ""Smurfette"" - PJS24SSNN71020MR1 - Mint / 12",TOWN TEAM,199.00,399.00,50,En stock,N/A,
Justyol,Enfants,Kids Babies All,"Ensemble Pyjama Fille ""Chat Mignon"" - PJS24SSNA71018MG1 - Mint / 8",TOWN TEAM,229.00,459.00,50,En stock,N/A,
Justyol,Enfants,Kids Babies All,"Ensemble Pyjama Fille ""Chat Mignon"" - PJS24SSNA71018MR1 - Mint / 9",TOWN TEAM,229.00,459.00,50,En stock,N/A,
Justyol,Enfants,Kids Babies All,T-shirt fille PLAY ALL DAY rose et jaune - TSH24SPRO70877MG1 - Yellow / 8,TOWN TEAM,89.00,179.00,50,En stock,N/A,
Justyol,Enfants,Kids Babies All,Shorts cargo fille beige et jaune - SHR24SGBP70622MG1 - Yellow / 12,TOWN TEAM,129.00,249.00,48,En stock,N/A,
Justyol,Enfants,Kids Babies All,Shorts cargo fille beige et vert avec ceinture - SHR24SGBP70623MG1 - Mint / 10,TOWN TEAM,129.00,249.00,48,En stock,N/A,
Justyol,Enfants,Kids Babies All,Jupe-short en jean beige pour fille - SHR24SGBS70654MG1 - CREAM / 10,TOWN TEAM,129.00,249.00,48,En stock,N/A,
Justyol,Enfants,Kids Babies All,"Ensemble Pyjama Fille ""Smurfette"" - PJS24SSNN71020MG1 - LILAC / 5",TOWN TEAM,199.00,399.00,50,En stock,N/A,
Justyol,Enfants,Kids Babies All,"Ensemble Pyjama Fille ""Chat Mignon"" - PJS24SSNA71018MG1 - Mint / 7",TOWN TEAM,229.00,459.00,50,En stock,N/A,
Justyol,Enfants,Kids Babies All,"Ensemble Pyjama Fille ""Chat Mignon"" - PJS24SSNA71018MR1 - Mint / 14",TOWN TEAM,229.00,459.00,50,En stock,N/A,
Justyol,Enfants,Kids Babies All,T-shirt fille PLAY ALL DAY rose et jaune - TSH24SPRO70877MG1 - Yellow / 5,TOWN TEAM,89.00,179.00,50,En stock,N/A,
Justyol,Enfants,Kids Babies All,Shorts cargo fille beige et jaune - SHR24SGBP70622MG1 - Caramel / 12,TOWN TEAM,129.00,249.00,48,En stock,N/A,
Justyol,Enfants,Kids Babies All,Shorts cargo fille beige et vert avec ceinture - SHR24SGBP70623MG1 - CREAM / 7,TOWN TEAM,129.00,249.00,48,En stock,N/A,
Justyol,Enfants,Kids Babies All,"Ensemble Pyjama Fille ""Smurfette"" - PJS24SSNN71020MG1 - Mint / 4",TOWN TEAM,199.00,399.00,50,En stock,N/A,
Justyol,Enfants,Kids Babies All,"Ensemble Pyjama Fille ""Chat Mignon"" - PJS24SSNA71018MG1 - Mint / 5",TOWN TEAM,229.00,459.00,50,En stock,N/A,
Justyol,Enfants,Kids Babies All,Shorts cargo fille beige et jaune - SHR24SGBP70622MG1 - Caramel / 8,TOWN TEAM,129.00,249.00,48,En stock,N/A,
Justyol,Enfants,Kids Babies All,Shorts cargo fille beige et vert avec ceinture - SHR24SGBP70623MG1 - CREAM / 12,TOWN TEAM,129.00,249.00,48,En stock,N/A,
Justyol,Enfants,Kids Babies All,"Ensemble Pyjama Fille ""Smurfette"" - PJS24SSNN71020MG1 - LILAC / 4",TOWN TEAM,199.00,399.00,50,En stock,N/A,
Justyol,Enfants,Kids Babies All,"Ensemble Pyjama Fille ""Chat Mignon"" - PJS24SSNA71018MG1 - Mint / 4",TOWN TEAM,229.00,459.00,50,En stock,N/A,
Justyol,Enfants,Kids Babies All,Shorts cargo fille beige et jaune - SHR24SGBP70622MG1 - Caramel / 9,TOWN TEAM,129.00,249.00,48,En stock,N/A,
Justyol,Enfants,Kids Babies All,Shorts cargo fille beige et vert avec ceinture - SHR24SGBP70623MG1 - CREAM / 9,TOWN TEAM,129.00,249.00,48,En stock,N/A,
Justyol,Enfants,Kids Babies All,Shorts cargo fille beige et jaune - SHR24SGBP70622MG1 - Yellow / 5,TOWN TEAM,129.00,249.00,48,En stock,N/A,
Justyol,Enfants,Kids Babies All,Shorts cargo fille beige et vert avec ceinture - SHR24SGBP70623MG1 - CREAM / 6,TOWN TEAM,129.00,249.00,48,En stock,N/A,
Justyol,Enfants,Kids Babies All,Shorts cargo fille beige et jaune - SHR24SGBP70622MG1 - Yellow / 6,TOWN TEAM,129.00,249.00,48,En stock,N/A,
Justyol,Enfants,Kids Babies All,Shorts cargo fille beige et vert avec ceinture - SHR24SGBP70623MG1 - CREAM / 5,TOWN TEAM,129.00,249.00,48,En stock,N/A,
Justyol,Enfants,Kids Babies All,Shorts cargo fille beige et jaune - SHR24SGBP70622MG1 - Yellow / 7,TOWN TEAM,129.00,249.00,48,En stock,N/A,
Justyol,Enfants,Kids Babies All,Shorts cargo fille beige et vert avec ceinture - SHR24SGBP70623MG1 - CREAM / 4,TOWN TEAM,129.00,249.00,48,En stock,N/A,
Justyol,Enfants,Kids Babies All,Shorts cargo fille beige et jaune - SHR24SGBP70622MG1 - Yellow / 8,TOWN TEAM,129.00,249.00,48,En stock,N/A,
Justyol,Enfants,Kids Babies All,Shorts cargo fille beige et vert avec ceinture - SHR24SGBP70623MG1 - CREAM / 10,TOWN TEAM,129.00,249.00,48,En stock,N/A,
Justyol,Enfants,Kids Babies All,Shorts cargo fille beige et jaune - SHR24SGBP70622MG1 - Yellow / 10,TOWN TEAM,129.00,249.00,48,En stock,N/A,
Justyol,Enfants,Kids Babies All,Shorts cargo fille beige et vert avec ceinture - SHR24SGBP70623MG1 - CREAM / 8,TOWN TEAM,129.00,249.00,48,En stock,N/A,
Justyol,Enfants,Kids Babies All,"Surchemise garçon à capuche, style overshirt, fermeture à boutons-pression - OSH25WCCD76313MB1 - Beige / 5",TOWN TEAM,189.00,379.00,50,En stock,N/A,
Justyol,Enfants,Kids Babies All,Gilet sans manches fille matelassé à capuche avec poches à rabat - VST25AWBL71217MG1 - Olive / 4,TOWN TEAM,149.00,299.00,50,En stock,N/A,
Justyol,Enfants,Kids Babies All,"Ensemble thermique fille 2 pièces, haut manches longues + legging, doux et chaud - THR25WPBB71367MG1",TOWN TEAM,79.00,N/A,N/A,En stock,N/A,https://justyol.com/products/5638419986
Justyol,Enfants,Kids Babies All,Sweat à capuche garçon avec poche kangourou et imprimé Luck – SWS25WHNK76069MB1 - Brown / 8,TOWN TEAM,129.00,249.00,48,En stock,N/A,
Justyol,Enfants,Kids Babies All,"Pantalon cargo jogger fille, taille élastique avec cordon et poches latérales - JOG25GGBP71441MG1 - Cashmere / 7",TOWN TEAM,279.00,399.00,30,En stock,N/A,
Justyol,Enfants,Kids Babies All,"Pantalon cargo jogger fille, taille confortable et poches à rabat - JOG25GGBP71443MG1 - Beige / 7",TOWN TEAM,279.00,399.00,30,En stock,N/A,
Justyol,Enfants,Kids Babies All,"Chemise garçon à manches courtes imprimée, style casual - SSH25SAER76471MB1 - Blue / 6",TOWN TEAM,119.00,229.00,48,En stock,N/A,
Justyol,Enfants,Kids Babies All,Chemise garçon à manches courtes imprimé abstrait – SSH25SAIC76484MB1 - NVY/WHT / 8,TOWN TEAM,99.00,199.00,50,En stock,N/A,
Justyol,Enfants,Kids Babies All,"T-shirt garçon imprimé damier – Noir & blanc, manches courtes - TSH24SARO75477MB1 - BLK/WHT / 4",TOWN TEAM,149.00,299.00,50,En stock,N/A,
Justyol,Enfants,Kids Babies All,Polo garçon imprimé safari avec poche poitrine – POS24SAPI75381MB1 - Yellow / 8,TOWN TEAM,139.00,279.00,50,En stock,N/A,
Justyol,Enfants,Kids Babies All,"Polo garçon imprimé – Blanc, manches courtes, col classique - POS24SAPI75397MB1 - White / 4",TOWN TEAM,149.00,299.00,50,En stock,N/A,
Justyol,Enfants,Kids Babies All,"Polo garçon ado imprimé – Blanc, manches courtes, col classique - POS24SAPI75397MJ1 - White / 16",TOWN TEAM,149.00,299.00,50,En stock,N/A,
Justyol,Enfants,Kids Babies All,"Polo garçon bleu manches courtes imprimé all-over, col polo, style été - POS24SAPI75401MB1 - Ink Blue / 8",TOWN TEAM,149.00,299.00,50,En stock,N/A,
Justyol,Enfants,Kids Babies All,"Polo garçon Smiley manches courtes, col contrasté bleu, style fun - POS24SEPI75382MB1 - L-ORANGE / 8",TOWN TEAM,149.00,299.00,50,En stock,N/A,
Justyol,Enfants,Kids Babies All,"Polo garçon Summer Vibes manches courtes, col polo, finitions contrastées - POS24SEPI75402MB1 - Yellow / 7",TOWN TEAM,149.00,299.00,50,En stock,N/A,
Justyol,Enfants,Kids Babies All,"Polo garçon bleu menthe col jaune manches courtes avec imprimés, style casual - POS24SPPI75380MB1 - Mint / 5",TOWN TEAM,139.00,279.00,50,En stock,N/A,
Justyol,Enfants,Kids Babies All,"Polo garçon vert néon manches courtes imprimé, col contrasté noir - POS24SAPI75403MB1 - NEON GRN / 6",TOWN TEAM,149.00,299.00,50,En stock,N/A,
Justyol,Enfants,Kids Babies All,"Polo garçon Looney Tunes manches courtes, col polo, imprimé fun - POS24SPPI75385MB1 - L-ORANGE / 5",TOWN TEAM,149.00,299.00,50,En stock,N/A,
Justyol,Enfants,Kids Babies All,"Polo garçon vert manches courtes imprimé Smiley World, col polo - POS24SPPI75386MB1 - Green Lake / 6",TOWN TEAM,149.00,299.00,50,En stock,N/A,
Justyol,Enfants,Kids Babies All,"Polo garçon noir manches courtes imprimé Space, col polo - POS24SPPI75394MB1 - Black / 8",TOWN TEAM,149.00,299.00,50,En stock,N/A,
Justyol,Enfants,Kids Babies All,"T-shirt garçon imprimé océans (crabe, pieuvre, étoile de mer) – manches courtes – TSH24SARO75247MB1 - Yellow / 8",TOWN TEAM,89.00,179.00,50,En stock,N/A,
Justyol,Enfants,Kids Babies All,T-shirt garçon imprimé summer surf Live More – manches courtes – TSH24SARO75248MB1 - Silver / 7,TOWN TEAM,89.00,179.00,50,En stock,N/A,
Justyol,Enfants,Kids Babies All,T-shirt Garçon Imprimé Cinéma – Popcorn & Tickets (Manches Courtes) - TSH24SARO75261MB1 - White / 5,TOWN TEAM,89.00,179.00,50,En stock,N/A,
Justyol,Enfants,Kids Babies All,"T-shirt garçon imprimé graffiti Skater, manches courtes, coupe oversize - TSH24SARO75265MB1 - Silver / 5",TOWN TEAM,89.00,179.00,50,En stock,N/A,
Justyol,Enfants,Kids Babies All,"T-shirt fille à manches courtes, imprimé all-over étoiles & motifs – TSH24SARR71081MG1 - Red / 5",TOWN TEAM,99.00,199.00,50,En stock,N/A,
Justyol,Enfants,Kids Babies All,"T-shirt fille à manches courtes, imprimé all-over Totally Good – TSH24SARR71085MG1 - Mint / 5",TOWN TEAM,99.00,199.00,50,En stock,N/A,
Justyol,Enfants,Kids Babies All,"T-shirt fille à manches courtes, imprimé abstrait graphique – TSH24SARR71083MG1 - PNK/MUV / 4",TOWN TEAM,99.00,199.00,50,En stock,N/A,
Justyol,Enfants,Kids Babies All,"T-shirt fille à manches courtes, message Stay Positive – TSH24SPRR71089MG1 - Sky Blue / 6",TOWN TEAM,99.00,199.00,50,En stock,N/A,
Justyol,Enfants,Kids Babies All,"T-shirt fille à manches courtes, imprimé tropical flamant rose – TSH24SARO70914MG1 - OFF WHIT / 6",TOWN TEAM,99.00,199.00,50,En stock,N/A,
Justyol,Enfants,Kids Babies All,"T-shirt garçon multicolore imprimé LOVE, coupe oversize, manches courtes - TSH24SARO75478MB1 - MULTICOL / 8",TOWN TEAM,149.00,299.00,50,En stock,N/A,
Justyol,Enfants,Kids Babies All,"T-shirt fille oversize à manches courtes, imprimé Match Tennis Club – TSH24SPRO70907MG1 - Lavender / 6",TOWN TEAM,99.00,199.00,50,En stock,N/A,
Justyol,Enfants,Kids Babies All,"T-shirt fille à manches courtes, imprimé Pikachu arc-en-ciel – TSH24SPRO70910MG1 - LILAC / 4",TOWN TEAM,129.00,249.00,48,En stock,N/A,
Justyol,Enfants,Kids Babies All,Short fille en coton charcoal – taille élastique avec cordon – style sport – broderie palmier - SHR24SMPS70616MG1 - Charcoal / 10,TOWN TEAM,119.00,229.00,48,En stock,N/A,
Justyol,Enfants,Kids Babies All,Short en jean fille mid blue – taille élastique – effet usé avec déchirures – denim d’été - SHR24SDDP70613MG1 - Mid-Blue / 8,TOWN TEAM,139.00,279.00,50,En stock,N/A,
Justyol,Enfants,Kids Babies All,Short en jean fille avec lettres colorées – taille élastique – ourlets effilochés – SHR24SDPP70610MG1 - Mid-Blue / 10,TOWN TEAM,139.00,279.00,50,En stock,N/A,
Justyol,Enfants,Kids Babies All,Short en jean fille ice blue avec imprimés fun – taille élastique – ourlets effilochés - SHR24SDPP70611MG1 - Ice Blue / 10,TOWN TEAM,139.00,279.00,50,En stock,N/A,
Justyol,Enfants,Kids Babies All,"Surchemise garçon à capuche, style overshirt, fermeture à boutons-pression - OSH25WCCD76313MB1 - Beige / 4",TOWN TEAM,189.00,379.00,50,En stock,N/A,
Justyol,Enfants,Kids Babies All,Gilet sans manches fille matelassé à capuche avec poches à rabat - VST25AWBL71217MG1 - Olive / 5,TOWN TEAM,149.00,299.00,50,En stock,N/A,
Justyol,Enfants,Kids Babies All,Sweat à capuche garçon avec poche kangourou et imprimé Luck – SWS25WHNK76069MB1 - Brown / 4,TOWN TEAM,129.00,249.00,48,En stock,N/A,
Justyol,Enfants,Kids Babies All,"Pantalon cargo jogger fille, taille confortable et poches à rabat - JOG25GGBP71443MG1 - Beige / 5",TOWN TEAM,279.00,399.00,30,En stock,N/A,
Justyol,Enfants,Kids Babies All,"Chemise garçon à manches courtes imprimée, style casual - SSH25SAER76471MB1 - Blue / 4",TOWN TEAM,119.00,229.00,48,En stock,N/A,
Justyol,Enfants,Kids Babies All,Chemise garçon à manches courtes imprimé abstrait – SSH25SAIC76484MB1 - NVY/WHT / 5,TOWN TEAM,99.00,199.00,50,En stock,N/A,
Justyol,Enfants,Kids Babies All,"T-shirt garçon imprimé damier – Noir & blanc, manches courtes - TSH24SARO75477MB1 - BLK/WHT / 5",TOWN TEAM,149.00,299.00,50,En stock,N/A,
Justyol,Enfants,Kids Babies All,Polo garçon imprimé safari avec poche poitrine – POS24SAPI75381MB1 - White / 5,TOWN TEAM,139.00,279.00,50,En stock,N/A,
Justyol,Enfants,Kids Babies All,"Polo garçon ado imprimé – Blanc, manches courtes, col classique - POS24SAPI75397MJ1 - White / 14",TOWN TEAM,149.00,299.00,50,En stock,N/A,
Justyol,Enfants,Kids Babies All,"Polo garçon bleu manches courtes imprimé all-over, col polo, style été - POS24SAPI75401MB1 - Ink Blue / 7",TOWN TEAM,149.00,299.00,50,En stock,N/A,
Justyol,Enfants,Kids Babies All,"Polo garçon Smiley manches courtes, col contrasté bleu, style fun - POS24SEPI75382MB1 - NEON GRN / 8",TOWN TEAM,149.00,299.00,50,En stock,N/A,
Justyol,Enfants,Kids Babies All,"Polo garçon Summer Vibes manches courtes, col polo, finitions contrastées - POS24SEPI75402MB1 - Yellow / 5",TOWN TEAM,149.00,299.00,50,En stock,N/A,
Justyol,Enfants,Kids Babies All,"Polo garçon bleu menthe col jaune manches courtes avec imprimés, style casual - POS24SPPI75380MB1 - Mint / 8",TOWN TEAM,139.00,279.00,50,En stock,N/A,
Justyol,Enfants,Kids Babies All,"Polo garçon vert néon manches courtes imprimé, col contrasté noir - POS24SAPI75403MB1 - NEON GRN / 8",TOWN TEAM,149.00,299.00,50,En stock,N/A,
Justyol,Enfants,Kids Babies All,"Polo garçon Looney Tunes manches courtes, col polo, imprimé fun - POS24SPPI75385MB1 - L-ORANGE / 8",TOWN TEAM,149.00,299.00,50,En stock,N/A,
Justyol,Enfants,Kids Babies All,"Polo garçon vert manches courtes imprimé Smiley World, col polo - POS24SPPI75386MB1 - Green Lake / 4",TOWN TEAM,149.00,299.00,50,En stock,N/A,
Justyol,Enfants,Kids Babies All,"Polo garçon noir manches courtes imprimé Space, col polo - POS24SPPI75394MB1 - Black / 7",TOWN TEAM,149.00,299.00,50,En stock,N/A,
Justyol,Enfants,Kids Babies All,"T-shirt garçon imprimé océans (crabe, pieuvre, étoile de mer) – manches courtes – TSH24SARO75247MB1 - Yellow / 5",TOWN TEAM,89.00,179.00,50,En stock,N/A,
Justyol,Enfants,Kids Babies All,T-shirt garçon imprimé summer surf Live More – manches courtes – TSH24SARO75248MB1 - Mint / 4,TOWN TEAM,89.00,179.00,50,En stock,N/A,
Justyol,Enfants,Kids Babies All,T-shirt Garçon Imprimé Cinéma – Popcorn & Tickets (Manches Courtes) - TSH24SARO75261MB1 - Green / 8,TOWN TEAM,89.00,179.00,50,En stock,N/A,
Justyol,Enfants,Kids Babies All,"T-shirt garçon imprimé graffiti Skater, manches courtes, coupe oversize - TSH24SARO75265MB1 - Silver / 6",TOWN TEAM,89.00,179.00,50,En stock,N/A,
Justyol,Enfants,Kids Babies All,"T-shirt fille à manches courtes, imprimé all-over étoiles & motifs – TSH24SARR71081MG1 - Red / 6",TOWN TEAM,99.00,199.00,50,En stock,N/A,
Justyol,Enfants,Kids Babies All,"T-shirt fille à manches courtes, imprimé all-over Totally Good – TSH24SARR71085MG1 - Mint / 7",TOWN TEAM,99.00,199.00,50,En stock,N/A,
Justyol,Enfants,Kids Babies All,"T-shirt fille à manches courtes, imprimé abstrait graphique – TSH24SARR71083MG1 - PNK/MUV / 5",TOWN TEAM,99.00,199.00,50,En stock,N/A,
Justyol,Enfants,Kids Babies All,"T-shirt fille à manches courtes, message Stay Positive – TSH24SPRR71089MG1 - Sky Blue / 5",TOWN TEAM,99.00,199.00,50,En stock,N/A,
Justyol,Enfants,Kids Babies All,"T-shirt fille à manches courtes, imprimé tropical flamant rose – TSH24SARO70914MG1 - OFF WHIT / 5",TOWN TEAM,99.00,199.00,50,En stock,N/A,
Justyol,Enfants,Kids Babies All,"T-shirt garçon multicolore imprimé LOVE, coupe oversize, manches courtes - TSH24SARO75478MB1 - MULTICOL / 7",TOWN TEAM,149.00,299.00,50,En stock,N/A,
Justyol,Enfants,Kids Babies All,"T-shirt fille oversize à manches courtes, imprimé Match Tennis Club – TSH24SPRO70907MG1 - Lavender / 4",TOWN TEAM,99.00,199.00,50,En stock,N/A,
Justyol,Enfants,Kids Babies All,"T-shirt fille à manches courtes, imprimé Pikachu arc-en-ciel – TSH24SPRO70910MG1 - LILAC / 8",TOWN TEAM,129.00,249.00,48,En stock,N/A,
Justyol,Enfants,Kids Babies All,Short fille en coton charcoal – taille élastique avec cordon – style sport – broderie palmier - SHR24SMPS70616MG1 - Charcoal / 6,TOWN TEAM,119.00,229.00,48,En stock,N/A,
Justyol,Enfants,Kids Babies All,Short en jean fille mid blue – taille élastique – effet usé avec déchirures – denim d’été - SHR24SDDP70613MG1 - Mid-Blue / 4,TOWN TEAM,139.00,279.00,50,En stock,N/A,
Justyol,Enfants,Kids Babies All,Short en jean fille avec lettres colorées – taille élastique – ourlets effilochés – SHR24SDPP70610MG1 - BLU GREY / 6,TOWN TEAM,139.00,279.00,50,En stock,N/A,
Justyol,Enfants,Kids Babies All,Short en jean fille ice blue avec imprimés fun – taille élastique – ourlets effilochés - SHR24SDPP70611MG1 - Ice Blue / 9,TOWN TEAM,139.00,279.00,50,En stock,N/A,
Justyol,Enfants,Kids Babies All,"Surchemise garçon à capuche, style overshirt, fermeture à boutons-pression - OSH25WCCD76313MB1 - Beige / 6",TOWN TEAM,189.00,379.00,50,En stock,N/A,
Justyol,Enfants,Kids Babies All,Gilet sans manches fille matelassé à capuche avec poches à rabat - VST25AWBL71217MG1 - Olive / 6,TOWN TEAM,149.00,299.00,50,En stock,N/A,
Justyol,Enfants,Kids Babies All,Sweat à capuche garçon avec poche kangourou et imprimé Luck – SWS25WHNK76069MB1 - Orange / 6,TOWN TEAM,129.00,249.00,48,En stock,N/A,
Justyol,Enfants,Kids Babies All,"Pantalon cargo jogger fille, taille confortable et poches à rabat - JOG25GGBP71443MG1 - Beige / 4",TOWN TEAM,279.00,399.00,30,En stock,N/A,
Justyol,Enfants,Kids Babies All,"Chemise garçon à manches courtes imprimée, style casual - SSH25SAER76471MB1 - Blue / 5",TOWN TEAM,119.00,229.00,48,En stock,N/A,
Justyol,Enfants,Kids Babies All,Chemise garçon à manches courtes imprimé abstrait – SSH25SAIC76484MB1 - NVY/WHT / 6,TOWN TEAM,99.00,199.00,50,En stock,N/A,
Justyol,Enfants,Kids Babies All,"T-shirt garçon imprimé damier – Noir & blanc, manches courtes - TSH24SARO75477MB1 - BLK/WHT / 6",TOWN TEAM,149.00,299.00,50,En stock,N/A,
Justyol,Enfants,Kids Babies All,Polo garçon imprimé safari avec poche poitrine – POS24SAPI75381MB1 - White / 6,TOWN TEAM,139.00,279.00,50,En stock,N/A,
Justyol,Enfants,Kids Babies All,"Polo garçon ado imprimé – Blanc, manches courtes, col classique - POS24SAPI75397MJ1 - White / 9",TOWN TEAM,149.00,299.00,50,En stock,N/A,
Justyol,Enfants,Kids Babies All,"Polo garçon Smiley manches courtes, col contrasté bleu, style fun - POS24SEPI75382MB1 - NEON GRN / 5",TOWN TEAM,149.00,299.00,50,En stock,N/A,
Justyol,Enfants,Kids Babies All,"Polo garçon Summer Vibes manches courtes, col polo, finitions contrastées - POS24SEPI75402MB1 - White / 7",TOWN TEAM,149.00,299.00,50,En stock,N/A,
Justyol,Enfants,Kids Babies All,"Polo garçon bleu menthe col jaune manches courtes avec imprimés, style casual - POS24SPPI75380MB1 - Mint / 7",TOWN TEAM,139.00,279.00,50,En stock,N/A,
Justyol,Enfants,Kids Babies All,"Polo garçon vert néon manches courtes imprimé, col contrasté noir - POS24SAPI75403MB1 - NEON GRN / 5",TOWN TEAM,149.00,299.00,50,En stock,N/A,
Justyol,Enfants,Kids Babies All,"Polo garçon Looney Tunes manches courtes, col polo, imprimé fun - POS24SPPI75385MB1 - White / 4",TOWN TEAM,149.00,299.00,50,En stock,N/A,
Justyol,Enfants,Kids Babies All,"Polo garçon vert manches courtes imprimé Smiley World, col polo - POS24SPPI75386MB1 - Green Lake / 8",TOWN TEAM,149.00,299.00,50,En stock,N/A,
Justyol,Enfants,Kids Babies All,"Polo garçon noir manches courtes imprimé Space, col polo - POS24SPPI75394MB1 - Black / 6",TOWN TEAM,149.00,299.00,50,En stock,N/A,
Justyol,Enfants,Kids Babies All,"T-shirt garçon imprimé océans (crabe, pieuvre, étoile de mer) – manches courtes – TSH24SARO75247MB1 - Yellow / 6",TOWN TEAM,89.00,179.00,50,En stock,N/A,
Justyol,Enfants,Kids Babies All,T-shirt garçon imprimé summer surf Live More – manches courtes – TSH24SARO75248MB1 - Silver / 6,TOWN TEAM,89.00,179.00,50,En stock,N/A,
Justyol,Enfants,Kids Babies All,T-shirt Garçon Imprimé Cinéma – Popcorn & Tickets (Manches Courtes) - TSH24SARO75261MB1 - White / 7,TOWN TEAM,89.00,179.00,50,En stock,N/A,
Justyol,Enfants,Kids Babies All,"T-shirt garçon imprimé graffiti Skater, manches courtes, coupe oversize - TSH24SARO75265MB1 - Silver / 7",TOWN TEAM,89.00,179.00,50,En stock,N/A,
Justyol,Enfants,Kids Babies All,"T-shirt fille à manches courtes, imprimé all-over étoiles & motifs – TSH24SARR71081MG1 - Red / 4",TOWN TEAM,99.00,199.00,50,En stock,N/A,
Justyol,Enfants,Kids Babies All,"T-shirt fille à manches courtes, imprimé all-over Totally Good – TSH24SARR71085MG1 - Mint / 4",TOWN TEAM,99.00,199.00,50,En stock,N/A,
Justyol,Enfants,Kids Babies All,"T-shirt fille à manches courtes, imprimé abstrait graphique – TSH24SARR71083MG1 - PNK/MUV / 7",TOWN TEAM,99.00,199.00,50,En stock,N/A,
Justyol,Enfants,Kids Babies All,"T-shirt fille à manches courtes, message Stay Positive – TSH24SPRR71089MG1 - Charcoal / 7",TOWN TEAM,99.00,199.00,50,En stock,N/A,
Justyol,Enfants,Kids Babies All,"T-shirt fille à manches courtes, imprimé tropical flamant rose – TSH24SARO70914MG1 - OFF WHIT / 4",TOWN TEAM,99.00,199.00,50,En stock,N/A,
Justyol,Enfants,Kids Babies All,"T-shirt garçon multicolore imprimé LOVE, coupe oversize, manches courtes - TSH24SARO75478MB1 - MULTICOL / 6",TOWN TEAM,149.00,299.00,50,En stock,N/A,
Justyol,Enfants,Kids Babies All,"T-shirt fille oversize à manches courtes, imprimé Match Tennis Club – TSH24SPRO70907MG1 - Melon / 8",TOWN TEAM,99.00,199.00,50,En stock,N/A,
Justyol,Enfants,Kids Babies All,"T-shirt fille à manches courtes, imprimé Pikachu arc-en-ciel – TSH24SPRO70910MG1 - LILAC / 6",TOWN TEAM,129.00,249.00,48,En stock,N/A,
Justyol,Enfants,Kids Babies All,Short en jean fille mid blue – taille élastique – effet usé avec déchirures – denim d’été - SHR24SDDP70613MG1 - Mid-Blue / 10,TOWN TEAM,139.00,279.00,50,En stock,N/A,
Justyol,Enfants,Kids Babies All,Short en jean fille avec lettres colorées – taille élastique – ourlets effilochés – SHR24SDPP70610MG1 - BLU GREY / 8,TOWN TEAM,139.00,279.00,50,En stock,N/A,
Justyol,Enfants,Kids Babies All,Short en jean fille ice blue avec imprimés fun – taille élastique – ourlets effilochés - SHR24SDPP70611MG1 - Ice Blue / 8,TOWN TEAM,139.00,279.00,50,En stock,N/A,
Justyol,Enfants,Kids Babies All,Gilet sans manches fille matelassé à capuche avec poches à rabat - VST25AWBL71217MG1 - Olive / 8,TOWN TEAM,149.00,299.00,50,En stock,N/A,
Justyol,Enfants,Kids Babies All,"Pantalon cargo jogger fille, taille confortable et poches à rabat - JOG25GGBP71443MG1 - Beige / 6",TOWN TEAM,279.00,399.00,30,En stock,N/A,
Justyol,Enfants,Kids Babies All,"Chemise garçon à manches courtes imprimée, style casual - SSH25SAER76471MB1 - Blue / 8",TOWN TEAM,119.00,229.00,48,En stock,N/A,
Justyol,Enfants,Kids Babies All,Chemise garçon à manches courtes imprimé abstrait – SSH25SAIC76484MB1 - NVY/WHT / 4,TOWN TEAM,99.00,199.00,50,En stock,N/A,
Justyol,Enfants,Kids Babies All,"T-shirt garçon imprimé damier – Noir & blanc, manches courtes - TSH24SARO75477MB1 - BLK/WHT / 7",TOWN TEAM,149.00,299.00,50,En stock,N/A,
Justyol,Enfants,Kids Babies All,Polo garçon imprimé safari avec poche poitrine – POS24SAPI75381MB1 - White / 8,TOWN TEAM,139.00,279.00,50,En stock,N/A,
Justyol,Enfants,Kids Babies All,"Polo garçon Smiley manches courtes, col contrasté bleu, style fun - POS24SEPI75382MB1 - L-ORANGE / 7",TOWN TEAM,149.00,299.00,50,En stock,N/A,
Justyol,Enfants,Kids Babies All,"Polo garçon Summer Vibes manches courtes, col polo, finitions contrastées - POS24SEPI75402MB1 - White / 5",TOWN TEAM,149.00,299.00,50,En stock,N/A,
Justyol,Enfants,Kids Babies All,"Polo garçon Looney Tunes manches courtes, col polo, imprimé fun - POS24SPPI75385MB1 - White / 5",TOWN TEAM,149.00,299.00,50,En stock,N/A,
Justyol,Enfants,Kids Babies All,"Polo garçon noir manches courtes imprimé Space, col polo - POS24SPPI75394MB1 - Black / 4",TOWN TEAM,149.00,299.00,50,En stock,N/A,
Justyol,Enfants,Kids Babies All,"T-shirt garçon imprimé océans (crabe, pieuvre, étoile de mer) – manches courtes – TSH24SARO75247MB1 - Yellow / 4",TOWN TEAM,89.00,179.00,50,En stock,N/A,
Justyol,Enfants,Kids Babies All,T-shirt garçon imprimé summer surf Live More – manches courtes – TSH24SARO75248MB1 - Silver / 5,TOWN TEAM,89.00,179.00,50,En stock,N/A,
Justyol,Enfants,Kids Babies All,T-shirt Garçon Imprimé Cinéma – Popcorn & Tickets (Manches Courtes) - TSH24SARO75261MB1 - White / 4,TOWN TEAM,89.00,179.00,50,En stock,N/A,
Justyol,Enfants,Kids Babies All,"T-shirt garçon imprimé graffiti Skater, manches courtes, coupe oversize - TSH24SARO75265MB1 - Green / 4",TOWN TEAM,89.00,179.00,50,En stock,N/A,
Justyol,Enfants,Kids Babies All,"T-shirt fille à manches courtes, imprimé all-over étoiles & motifs – TSH24SARR71081MG1 - Red / 7",TOWN TEAM,99.00,199.00,50,En stock,N/A,
Justyol,Enfants,Kids Babies All,"T-shirt fille à manches courtes, imprimé all-over Totally Good – TSH24SARR71085MG1 - Mint / 8",TOWN TEAM,99.00,199.00,50,En stock,N/A,
Justyol,Enfants,Kids Babies All,"T-shirt fille à manches courtes, imprimé abstrait graphique – TSH24SARR71083MG1 - PNK/MUV / 8",TOWN TEAM,99.00,199.00,50,En stock,N/A,
Justyol,Enfants,Kids Babies All,"T-shirt fille à manches courtes, message Stay Positive – TSH24SPRR71089MG1 - Charcoal / 6",TOWN TEAM,99.00,199.00,50,En stock,N/A,
Justyol,Enfants,Kids Babies All,"T-shirt fille à manches courtes, imprimé tropical flamant rose – TSH24SARO70914MG1 - OFF WHIT / 7",TOWN TEAM,99.00,199.00,50,En stock,N/A,
Justyol,Enfants,Kids Babies All,"T-shirt garçon multicolore imprimé LOVE, coupe oversize, manches courtes - TSH24SARO75478MB1 - MULTICOL / 5",TOWN TEAM,149.00,299.00,50,En stock,N/A,
Justyol,Enfants,Kids Babies All,"T-shirt fille oversize à manches courtes, imprimé Match Tennis Club – TSH24SPRO70907MG1 - Melon / 7",TOWN TEAM,99.00,199.00,50,En stock,N/A,
Justyol,Enfants,Kids Babies All,"T-shirt fille à manches courtes, imprimé Pikachu arc-en-ciel – TSH24SPRO70910MG1 - Fuchsia / 8",TOWN TEAM,129.00,249.00,48,En stock,N/A,
Justyol,Enfants,Kids Babies All,Short en jean fille mid blue – taille élastique – effet usé avec déchirures – denim d’été - SHR24SDDP70613MG1 - Mid-Blue / 6,TOWN TEAM,139.00,279.00,50,En stock,N/A,
Justyol,Enfants,Kids Babies All,Short en jean fille avec lettres colorées – taille élastique – ourlets effilochés – SHR24SDPP70610MG1 - BLU GREY / 10,TOWN TEAM,139.00,279.00,50,En stock,N/A,
Justyol,Enfants,Kids Babies All,Short en jean fille ice blue avec imprimés fun – taille élastique – ourlets effilochés - SHR24SDPP70611MG1 - Ice Blue / 7,TOWN TEAM,139.00,279.00,50,En stock,N/A,
Justyol,Enfants,Kids Babies All,"Pantalon cargo jogger fille, taille confortable et poches à rabat - JOG25GGBP71443MG1 - Beige / 8",TOWN TEAM,279.00,399.00,30,En stock,N/A,
Justyol,Enfants,Kids Babies All,"Chemise garçon à manches courtes imprimée, style casual - SSH25SAER76471MB1 - Blue / 7",TOWN TEAM,119.00,229.00,48,En stock,N/A,
Justyol,Enfants,Kids Babies All,Chemise garçon à manches courtes imprimé abstrait – SSH25SAIC76484MB1 - BEG/WHT / 7,TOWN TEAM,99.00,199.00,50,En stock,N/A,
Justyol,Enfants,Kids Babies All,"T-shirt garçon imprimé damier – Noir & blanc, manches courtes - TSH24SARO75477MB1 - BLK/WHT / 8",TOWN TEAM,149.00,299.00,50,En stock,N/A,
Justyol,Enfants,Kids Babies All,Polo garçon imprimé safari avec poche poitrine – POS24SAPI75381MB1 - Yellow / 4,TOWN TEAM,139.00,279.00,50,En stock,N/A,
Justyol,Enfants,Kids Babies All,"Polo garçon Smiley manches courtes, col contrasté bleu, style fun - POS24SEPI75382MB1 - L-ORANGE / 6",TOWN TEAM,149.00,299.00,50,En stock,N/A,
Justyol,Enfants,Kids Babies All,"Polo garçon Summer Vibes manches courtes, col polo, finitions contrastées - POS24SEPI75402MB1 - Yellow / 8",TOWN TEAM,149.00,299.00,50,En stock,N/A,
Justyol,Enfants,Kids Babies All,"Polo garçon Looney Tunes manches courtes, col polo, imprimé fun - POS24SPPI75385MB1 - White / 7",TOWN TEAM,149.00,299.00,50,En stock,N/A,
Justyol,Enfants,Kids Babies All,"T-shirt garçon imprimé océans (crabe, pieuvre, étoile de mer) – manches courtes – TSH24SARO75247MB1 - White / 8",TOWN TEAM,89.00,179.00,50,En stock,N/A,
Justyol,Enfants,Kids Babies All,T-shirt garçon imprimé summer surf Live More – manches courtes – TSH24SARO75248MB1 - Silver / 4,TOWN TEAM,89.00,179.00,50,En stock,N/A,
Justyol,Enfants,Kids Babies All,T-shirt Garçon Imprimé Cinéma – Popcorn & Tickets (Manches Courtes) - TSH24SARO75261MB1 - White / 8,TOWN TEAM,89.00,179.00,50,En stock,N/A,
Justyol,Enfants,Kids Babies All,"T-shirt garçon imprimé graffiti Skater, manches courtes, coupe oversize - TSH24SARO75265MB1 - Green / 5",TOWN TEAM,89.00,179.00,50,En stock,N/A,
Justyol,Enfants,Kids Babies All,"T-shirt fille à manches courtes, imprimé all-over étoiles & motifs – TSH24SARR71081MG1 - Red / 8",TOWN TEAM,99.00,199.00,50,En stock,N/A,
Justyol,Enfants,Kids Babies All,"T-shirt fille à manches courtes, imprimé abstrait graphique – TSH24SARR71083MG1 - PNK/MUV / 6",TOWN TEAM,99.00,199.00,50,En stock,N/A,
Justyol,Enfants,Kids Babies All,"T-shirt fille à manches courtes, message Stay Positive – TSH24SPRR71089MG1 - Charcoal / 5",TOWN TEAM,99.00,199.00,50,En stock,N/A,
Justyol,Enfants,Kids Babies All,"T-shirt fille à manches courtes, imprimé tropical flamant rose – TSH24SARO70914MG1 - OFF WHIT / 8",TOWN TEAM,99.00,199.00,50,En stock,N/A,
Justyol,Enfants,Kids Babies All,"T-shirt garçon multicolore imprimé LOVE, coupe oversize, manches courtes - TSH24SARO75478MB1 - MULTICOL / 4",TOWN TEAM,149.00,299.00,50,En stock,N/A,
Justyol,Enfants,Kids Babies All,"T-shirt fille oversize à manches courtes, imprimé Match Tennis Club – TSH24SPRO70907MG1 - Melon / 5",TOWN TEAM,99.00,199.00,50,En stock,N/A,
Justyol,Enfants,Kids Babies All,"T-shirt fille à manches courtes, imprimé Pikachu arc-en-ciel – TSH24SPRO70910MG1 - Fuchsia / 7",TOWN TEAM,129.00,249.00,48,En stock,N/A,
Justyol,Enfants,Kids Babies All,Short en jean fille mid blue – taille élastique – effet usé avec déchirures – denim d’été - SHR24SDDP70613MG1 - Mid-Blue / 7,TOWN TEAM,139.00,279.00,50,En stock,N/A,
Justyol,Enfants,Kids Babies All,Short en jean fille avec lettres colorées – taille élastique – ourlets effilochés – SHR24SDPP70610MG1 - BLU GREY / 4,TOWN TEAM,139.00,279.00,50,En stock,N/A,
Justyol,Enfants,Kids Babies All,Short en jean fille ice blue avec imprimés fun – taille élastique – ourlets effilochés - SHR24SDPP70611MG1 - Ice Blue / 6,TOWN TEAM,139.00,279.00,50,En stock,N/A,
Justyol,Enfants,Kids Babies All,"Chemise garçon à manches courtes imprimée, style casual - SSH25SAER76471MB1 - Café / 6",TOWN TEAM,119.00,229.00,48,En stock,N/A,
Justyol,Enfants,Kids Babies All,Chemise garçon à manches courtes imprimé abstrait – SSH25SAIC76484MB1 - BEG/WHT / 6,TOWN TEAM,99.00,199.00,50,En stock,N/A,
Justyol,Enfants,Kids Babies All,Polo garçon imprimé safari avec poche poitrine – POS24SAPI75381MB1 - Yellow / 6,TOWN TEAM,139.00,279.00,50,En stock,N/A,
Justyol,Enfants,Kids Babies All,"Polo garçon Summer Vibes manches courtes, col polo, finitions contrastées - POS24SEPI75402MB1 - Yellow / 6",TOWN TEAM,149.00,299.00,50,En stock,N/A,
Justyol,Enfants,Kids Babies All,"Polo garçon Looney Tunes manches courtes, col polo, imprimé fun - POS24SPPI75385MB1 - White / 8",TOWN TEAM,149.00,299.00,50,En stock,N/A,
Justyol,Enfants,Kids Babies All,"T-shirt garçon imprimé océans (crabe, pieuvre, étoile de mer) – manches courtes – TSH24SARO75247MB1 - White / 7",TOWN TEAM,89.00,179.00,50,En stock,N/A,
Justyol,Enfants,Kids Babies All,T-shirt garçon imprimé summer surf Live More – manches courtes – TSH24SARO75248MB1 - Mint / 8,TOWN TEAM,89.00,179.00,50,En stock,N/A,
Justyol,Enfants,Kids Babies All,T-shirt Garçon Imprimé Cinéma – Popcorn & Tickets (Manches Courtes) - TSH24SARO75261MB1 - Green / 4,TOWN TEAM,89.00,179.00,50,En stock,N/A,
Justyol,Enfants,Kids Babies All,"T-shirt garçon imprimé graffiti Skater, manches courtes, coupe oversize - TSH24SARO75265MB1 - Green / 6",TOWN TEAM,89.00,179.00,50,En stock,N/A,
Justyol,Enfants,Kids Babies All,"T-shirt fille à manches courtes, message Stay Positive – TSH24SPRR71089MG1 - Charcoal / 4",TOWN TEAM,99.00,199.00,50,En stock,N/A,
Justyol,Enfants,Kids Babies All,"T-shirt fille oversize à manches courtes, imprimé Match Tennis Club – TSH24SPRO70907MG1 - Melon / 4",TOWN TEAM,99.00,199.00,50,En stock,N/A,
Justyol,Enfants,Kids Babies All,"T-shirt fille à manches courtes, imprimé Pikachu arc-en-ciel – TSH24SPRO70910MG1 - Fuchsia / 6",TOWN TEAM,129.00,249.00,48,En stock,N/A,
Justyol,Enfants,Kids Babies All,Short en jean fille mid blue – taille élastique – effet usé avec déchirures – denim d’été - SHR24SDDP70613MG1 - Mid-Blue / 12,TOWN TEAM,139.00,279.00,50,En stock,N/A,
Justyol,Enfants,Kids Babies All,Short en jean fille avec lettres colorées – taille élastique – ourlets effilochés – SHR24SDPP70610MG1 - BLU GREY / 7,TOWN TEAM,139.00,279.00,50,En stock,N/A,
Justyol,Enfants,Kids Babies All,Short en jean fille ice blue avec imprimés fun – taille élastique – ourlets effilochés - SHR24SDPP70611MG1 - Ice Blue / 4,TOWN TEAM,139.00,279.00,50,En stock,N/A,
Justyol,Enfants,Kids Babies All,"Chemise garçon à manches courtes imprimée, style casual - SSH25SAER76471MB1 - Café / 4",TOWN TEAM,119.00,229.00,48,En stock,N/A,
Justyol,Enfants,Kids Babies All,Chemise garçon à manches courtes imprimé abstrait – SSH25SAIC76484MB1 - BEG/WHT / 5,TOWN TEAM,99.00,199.00,50,En stock,N/A,
Justyol,Enfants,Kids Babies All,Polo garçon imprimé safari avec poche poitrine – POS24SAPI75381MB1 - Yellow / 7,TOWN TEAM,139.00,279.00,50,En stock,N/A,
Justyol,Enfants,Kids Babies All,"Polo garçon Summer Vibes manches courtes, col polo, finitions contrastées - POS24SEPI75402MB1 - White / 8",TOWN TEAM,149.00,299.00,50,En stock,N/A,
Justyol,Enfants,Kids Babies All,"T-shirt garçon imprimé océans (crabe, pieuvre, étoile de mer) – manches courtes – TSH24SARO75247MB1 - White / 6",TOWN TEAM,89.00,179.00,50,En stock,N/A,
Justyol,Enfants,Kids Babies All,T-shirt garçon imprimé summer surf Live More – manches courtes – TSH24SARO75248MB1 - Mint / 7,TOWN TEAM,89.00,179.00,50,En stock,N/A,
Justyol,Enfants,Kids Babies All,T-shirt Garçon Imprimé Cinéma – Popcorn & Tickets (Manches Courtes) - TSH24SARO75261MB1 - Green / 5,TOWN TEAM,89.00,179.00,50,En stock,N/A,
Justyol,Enfants,Kids Babies All,"T-shirt garçon imprimé graffiti Skater, manches courtes, coupe oversize - TSH24SARO75265MB1 - Green / 7",TOWN TEAM,89.00,179.00,50,En stock,N/A,
Justyol,Enfants,Kids Babies All,"T-shirt fille à manches courtes, message Stay Positive – TSH24SPRR71089MG1 - Sky Blue / 8",TOWN TEAM,99.00,199.00,50,En stock,N/A,
Justyol,Enfants,Kids Babies All,"T-shirt fille oversize à manches courtes, imprimé Match Tennis Club – TSH24SPRO70907MG1 - Lavender / 8",TOWN TEAM,99.00,199.00,50,En stock,N/A,
Justyol,Enfants,Kids Babies All,"T-shirt fille à manches courtes, imprimé Pikachu arc-en-ciel – TSH24SPRO70910MG1 - Fuchsia / 5",TOWN TEAM,129.00,249.00,48,En stock,N/A,
Justyol,Enfants,Kids Babies All,Short en jean fille mid blue – taille élastique – effet usé avec déchirures – denim d’été - SHR24SDDP70613MG1 - Mid-Blue / 9,TOWN TEAM,139.00,279.00,50,En stock,N/A,
Justyol,Enfants,Kids Babies All,Short en jean fille avec lettres colorées – taille élastique – ourlets effilochés – SHR24SDPP70610MG1 - BLU GREY / 9,TOWN TEAM,139.00,279.00,50,En stock,N/A,
Justyol,Enfants,Kids Babies All,Short en jean fille ice blue avec imprimés fun – taille élastique – ourlets effilochés - SHR24SDPP70611MG1 - Ice Blue / 12,TOWN TEAM,139.00,279.00,50,En stock,N/A,
Justyol,Enfants,Kids Babies All,"Chemise garçon à manches courtes imprimée, style casual - SSH25SAER76471MB1 - Café / 5",TOWN TEAM,119.00,229.00,48,En stock,N/A,
Justyol,Enfants,Kids Babies All,Chemise garçon à manches courtes imprimé abstrait – SSH25SAIC76484MB1 - BEG/WHT / 4,TOWN TEAM,99.00,199.00,50,En stock,N/A,
Justyol,Enfants,Kids Babies All,"T-shirt garçon imprimé océans (crabe, pieuvre, étoile de mer) – manches courtes – TSH24SARO75247MB1 - White / 5",TOWN TEAM,89.00,179.00,50,En stock,N/A,
Justyol,Enfants,Kids Babies All,T-shirt garçon imprimé summer surf Live More – manches courtes – TSH24SARO75248MB1 - Mint / 5,TOWN TEAM,89.00,179.00,50,En stock,N/A,
Justyol,Enfants,Kids Babies All,T-shirt Garçon Imprimé Cinéma – Popcorn & Tickets (Manches Courtes) - TSH24SARO75261MB1 - Green / 6,TOWN TEAM,89.00,179.00,50,En stock,N/A,
Justyol,Enfants,Kids Babies All,"T-shirt garçon imprimé graffiti Skater, manches courtes, coupe oversize - TSH24SARO75265MB1 - Green / 8",TOWN TEAM,89.00,179.00,50,En stock,N/A,
Justyol,Enfants,Kids Babies All,"T-shirt fille à manches courtes, message Stay Positive – TSH24SPRR71089MG1 - Sky Blue / 7",TOWN TEAM,99.00,199.00,50,En stock,N/A,
Justyol,Enfants,Kids Babies All,"T-shirt fille oversize à manches courtes, imprimé Match Tennis Club – TSH24SPRO70907MG1 - Lavender / 5",TOWN TEAM,99.00,199.00,50,En stock,N/A,
Justyol,Enfants,Kids Babies All,"T-shirt fille à manches courtes, imprimé Pikachu arc-en-ciel – TSH24SPRO70910MG1 - LILAC / 5",TOWN TEAM,129.00,249.00,48,En stock,N/A,
Justyol,Enfants,Kids Babies All,Short en jean fille avec lettres colorées – taille élastique – ourlets effilochés – SHR24SDPP70610MG1 - BLU GREY / 5,TOWN TEAM,139.00,279.00,50,En stock,N/A,
Justyol,Enfants,Kids Babies All,Short en jean fille ice blue avec imprimés fun – taille élastique – ourlets effilochés - SHR24SDPP70611MG1 - Ice Blue / 5,TOWN TEAM,139.00,279.00,50,En stock,N/A,
Justyol,Enfants,Kids Babies All,"Chemise garçon à manches courtes imprimée, style casual - SSH25SAER76471MB1 - Café / 8",TOWN TEAM,119.00,229.00,48,En stock,N/A,
Justyol,Enfants,Kids Babies All,Chemise garçon à manches courtes imprimé abstrait – SSH25SAIC76484MB1 - BEG/WHT / 8,TOWN TEAM,99.00,199.00,50,En stock,N/A,
Justyol,Enfants,Kids Babies All,"T-shirt garçon imprimé océans (crabe, pieuvre, étoile de mer) – manches courtes – TSH24SARO75247MB1 - Yellow / 7",TOWN TEAM,89.00,179.00,50,En stock,N/A,
Justyol,Enfants,Kids Babies All,T-shirt garçon imprimé summer surf Live More – manches courtes – TSH24SARO75248MB1 - Mint / 6,TOWN TEAM,89.00,179.00,50,En stock,N/A,
Justyol,Enfants,Kids Babies All,T-shirt Garçon Imprimé Cinéma – Popcorn & Tickets (Manches Courtes) - TSH24SARO75261MB1 - White / 6,TOWN TEAM,89.00,179.00,50,En stock,N/A,
Justyol,Enfants,Kids Babies All,"T-shirt garçon imprimé graffiti Skater, manches courtes, coupe oversize - TSH24SARO75265MB1 - Silver / 4",TOWN TEAM,89.00,179.00,50,En stock,N/A,
Justyol,Enfants,Kids Babies All,"T-shirt fille à manches courtes, message Stay Positive – TSH24SPRR71089MG1 - Sky Blue / 4",TOWN TEAM,99.00,199.00,50,En stock,N/A,
Justyol,Enfants,Kids Babies All,"T-shirt fille oversize à manches courtes, imprimé Match Tennis Club – TSH24SPRO70907MG1 - Lavender / 7",TOWN TEAM,99.00,199.00,50,En stock,N/A,
Justyol,Enfants,Kids Babies All,"T-shirt fille à manches courtes, imprimé Pikachu arc-en-ciel – TSH24SPRO70910MG1 - LILAC / 7",TOWN TEAM,129.00,249.00,48,En stock,N/A,
Justyol,Enfants,Kids Babies All,Short en jean fille avec lettres colorées – taille élastique – ourlets effilochés – SHR24SDPP70610MG1 - Mid-Blue / 5,TOWN TEAM,139.00,279.00,50,En stock,N/A,
Justyol,Enfants,Kids Babies All,"Chemise garçon à manches courtes imprimée, style casual - SSH25SAER76471MB1 - Café / 7",TOWN TEAM,119.00,229.00,48,En stock,N/A,
Justyol,Enfants,Kids Babies All,"T-shirt garçon imprimé océans (crabe, pieuvre, étoile de mer) – manches courtes – TSH24SARO75247MB1 - White / 4",TOWN TEAM,89.00,179.00,50,En stock,N/A,
Justyol,Enfants,Kids Babies All,T-shirt garçon imprimé summer surf Live More – manches courtes – TSH24SARO75248MB1 - Silver / 8,TOWN TEAM,89.00,179.00,50,En stock,N/A,
Justyol,Enfants,Kids Babies All,T-shirt Garçon Imprimé Cinéma – Popcorn & Tickets (Manches Courtes) - TSH24SARO75261MB1 - Green / 7,TOWN TEAM,89.00,179.00,50,En stock,N/A,
Justyol,Enfants,Kids Babies All,"T-shirt fille à manches courtes, message Stay Positive – TSH24SPRR71089MG1 - Charcoal / 8",TOWN TEAM,99.00,199.00,50,En stock,N/A,
Justyol,Enfants,Kids Babies All,"T-shirt fille oversize à manches courtes, imprimé Match Tennis Club – TSH24SPRO70907MG1 - Melon / 6",TOWN TEAM,99.00,199.00,50,En stock,N/A,
Justyol,Enfants,Kids Babies All,"T-shirt fille à manches courtes, imprimé Pikachu arc-en-ciel – TSH24SPRO70910MG1 - Fuchsia / 4",TOWN TEAM,129.00,249.00,48,En stock,N/A,
Justyol,Enfants,Kids Babies All,Short en jean fille avec lettres colorées – taille élastique – ourlets effilochés – SHR24SDPP70610MG1 - Mid-Blue / 7,TOWN TEAM,139.00,279.00,50,En stock,N/A,
Justyol,Enfants,Kids Babies All,"Chemise garçon à manches courtes imprimée, style casual - SSH25SAER76471MB1 - Navy / 4",TOWN TEAM,119.00,229.00,48,En stock,N/A,
Justyol,Enfants,Kids Babies All,Short en jean fille avec lettres colorées – taille élastique – ourlets effilochés – SHR24SDPP70610MG1 - Mid-Blue / 9,TOWN TEAM,139.00,279.00,50,En stock,N/A,
Justyol,Enfants,Kids Babies All,Short en jean fille avec lettres colorées – taille élastique – ourlets effilochés – SHR24SDPP70610MG1 - Mid-Blue / 12,TOWN TEAM,139.00,279.00,50,En stock,N/A,
Justyol,Enfants,Kids Babies All,Polo ado garçon blanc avec imprimé smiley dos – style casual été - POS24SPPI75537MJ1 - White / 16,TOWN TEAM,149.00,299.00,50,En stock,N/A,
Justyol,Enfants,Kids Babies All,Short garçon noir basique avec cordon et poches – confort été - SHR24SSPS75647MB1 - Black / 4,TOWN TEAM,149.00,299.00,50,En stock,N/A,
Justyol,Enfants,Kids Babies All,Short ado garçon noir basique avec cordon et poches – confort été - SHR24SSPS75647MJ1 - Black / 12,TOWN TEAM,149.00,299.00,50,En stock,N/A,
Justyol,Enfants,Kids Babies All,Short garçon noir sport avec poches zippées et bandes réfléchissantes - SHR24SSPS75644MB1 - Black / 7,TOWN TEAM,129.00,249.00,48,En stock,N/A,
Justyol,Enfants,Kids Babies All,Short garçon noir sport Push Up avec cordon et poches – été - SHR24SSPS75643MB1 - BLK/NGR / 5,TOWN TEAM,109.00,209.00,48,En stock,N/A,
Justyol,Enfants,Kids Babies All,Short ado garçon noir sport Push Up avec cordon et poches – été - SHR24SSPS75643MJ1 - BLK/NGR / 12,TOWN TEAM,109.00,209.00,48,En stock,N/A,
Justyol,Enfants,Kids Babies All,Short ado garçon noir sport avec poches zippées et détail réfléchissant - SHR24SSPS75644MJ1 - Black / 10,TOWN TEAM,129.00,249.00,48,En stock,N/A,
Justyol,Enfants,Kids Babies All,"Short garçon noir sport avec cordon, poches zippées – coupe confort - SHR24SSPS75645MB1 - Black / 5",TOWN TEAM,149.00,299.00,50,En stock,N/A,
Justyol,Enfants,Kids Babies All,Short ado garçon noir sport avec cordon et poches – coupe confort - SHR24SSPS75645MJ1 - Black / 12,TOWN TEAM,149.00,299.00,50,En stock,N/A,
Justyol,Enfants,Kids Babies All,Short garçon vert fluo imprimé oiseaux avec poches et cordon - SHR24SGBS75309MB1 - NEON GRN / 6,TOWN TEAM,149.00,299.00,50,En stock,N/A,
Justyol,Enfants,Kids Babies All,T-shirt garçon bleu imprimé all-over style street – manches courtes été - TSH24SARS75661MB1 - Blue / 5,TOWN TEAM,89.00,179.00,50,En stock,N/A,
Justyol,Enfants,Kids Babies All,T-shirt ado fille lilas imprimé all-over – manches courtes - TSH24SXXX70531MR1 - LILAC / 9,TOWN TEAM,79.00,149.00,47,En stock,N/A,
Justyol,Enfants,Kids Babies All,"T-shirt ado garçon bleu imprimé street – col rond, style sporty - TSH24SARS75661MJ1 - Blue / 16",TOWN TEAM,89.00,179.00,50,En stock,N/A,
Justyol,Enfants,Kids Babies All,"Polo fille vert néon à volants – col contrasté, sans manches - POS24SEPR70591MG1 - NEON GRN / 6",TOWN TEAM,99.00,199.00,50,En stock,N/A,
Justyol,Enfants,Kids Babies All,"Polo garçon imprimé – col officier, manches courtes - POS24SAPU75567MB1 - Army / 8",TOWN TEAM,139.00,279.00,50,En stock,N/A,
Justyol,Enfants,Kids Babies All,"Polo ado garçon imprimé – col officier, manches courtes - POS24SAPU75567MJ1 - Black / 16",TOWN TEAM,139.00,279.00,50,En stock,N/A,
Justyol,Enfants,Kids Babies All,Polo garçon blanc à imprimé doodle smiley – manches courtes - POS24SAPU75568MB1 - White / 7,TOWN TEAM,139.00,279.00,50,En stock,N/A,
Justyol,Enfants,Kids Babies All,Polo garçon à motifs smiley – manches courtes - POS24SAPU75570MB1 - Yellow / 5,TOWN TEAM,139.00,279.00,50,En stock,N/A,
Justyol,Enfants,Kids Babies All,Polo ado garçon à motifs smiley – manches courtes - POS24SAPU75570MJ1 - Yellow / 14,TOWN TEAM,139.00,279.00,50,En stock,N/A,
Justyol,Enfants,Kids Babies All,Polo ado garçon avec liserés orange et patchs – manches courtes - POS24SPPI75528MJ1 - Café / 12,TOWN TEAM,149.00,299.00,50,En stock,N/A,
Justyol,Enfants,Kids Babies All,Polo ado garçon jaune avec motif poitrine – manches courtes - POS24SPPI75531MJ1 - Yellow / 14,TOWN TEAM,129.00,249.00,48,En stock,N/A,
Justyol,Enfants,Kids Babies All,Polo ado garçon et patchs – manches courtes - POS24SPPI75529MJ1 - Ferrari / 10,TOWN TEAM,149.00,299.00,50,En stock,N/A,
Justyol,Enfants,Kids Babies All,Polo ado garçon noir avec motif poitrine – manches courtes - POS24SPPI75540MJ1 - Black / 14,TOWN TEAM,129.00,249.00,48,En stock,N/A,
Justyol,Enfants,Kids Babies All,Polo ado garçon vert turquoise avec liserés jaunes – manches courtes - POS24SPPI75541MJ1 - Green Lake / 12,TOWN TEAM,149.00,299.00,50,En stock,N/A,
Justyol,Enfants,Kids Babies All,"Polo ado garçon vert néon imprimé – manches courtes, style été - POS24SPPI75543MJ1 - NEON GRN / 14",TOWN TEAM,129.00,249.00,48,En stock,N/A,
Justyol,Enfants,Kids Babies All,Polo ado garçon noir avec badges imprimés – manches courtes - POS24SPPI75550MJ1 - Black / 10,TOWN TEAM,149.00,299.00,50,En stock,N/A,
Justyol,Enfants,Kids Babies All,Short fille en coton avec ourlet effiloché – couleurs tendance - SHR24SGBP70572MG1 - Lavender / 9,TOWN TEAM,139.00,279.00,50,En stock,N/A,
Justyol,Enfants,Kids Babies All,"Polo ado garçon beige café – détails orange, style streetwear - POS24SPPI75545MJ1 - Café / 10",TOWN TEAM,149.00,299.00,50,En stock,N/A,
Justyol,Enfants,Kids Babies All,"Polo ado garçon – imprimés streetwear, col boutonné - POS24SPPI75546MJ1 - Café / 16",TOWN TEAM,99.00,199.00,50,En stock,N/A,
Justyol,Enfants,Kids Babies All,Short en jean fille bleu clair style cargo – poches à rabat - SHR24SDWC70578MG1 - Ice Blue / 5,TOWN TEAM,139.00,279.00,50,En stock,N/A,
Justyol,Enfants,Kids Babies All,Polo garçon imprimé manga – POS24SPPI75393MB1 - Yellow / 7,TOWN TEAM,149.00,299.00,50,En stock,N/A,
Justyol,Enfants,Kids Babies All,Polo ado garçon noir imprimé Basketball – col contrasté - POS24SPPI75563MJ1 - Black / 10,TOWN TEAM,149.00,299.00,50,En stock,N/A,
Justyol,Enfants,Kids Babies All,Short fille en denim avec finition dentelle – taille haute - SHR24SDBP70571MG1 - White / 9,TOWN TEAM,139.00,279.00,50,En stock,N/A,
Justyol,Enfants,Kids Babies All,"Short fille en denim bleu clair imprimé, taille haute paperbag - SHR24SDAP70576MG1 - FADE BLU / 10",TOWN TEAM,139.00,279.00,50,En stock,N/A,
Justyol,Enfants,Kids Babies All,"Short fille en jean bleu avec broderies, coupe courte - SHR24SDDW70580MG1 - Mid-Blue / 4",TOWN TEAM,139.00,279.00,50,En stock,N/A,
Justyol,Enfants,Kids Babies All,Short garçon gris effet denim avec taille élastique et cordon - SHR24SDPS75417MB1 - Mid-Grey / 8,TOWN TEAM,179.00,359.00,50,En stock,N/A,
Justyol,Enfants,Kids Babies All,Polo ado garçon blanc avec imprimé smiley dos – style casual été - POS24SPPI75537MJ1 - White / 9,TOWN TEAM,149.00,299.00,50,En stock,N/A,
Justyol,Enfants,Kids Babies All,Short garçon noir basique avec cordon et poches – confort été - SHR24SSPS75647MB1 - Black / 5,TOWN TEAM,149.00,299.00,50,En stock,N/A,
Justyol,Enfants,Kids Babies All,Short ado garçon noir basique avec cordon et poches – confort été - SHR24SSPS75647MJ1 - Black / 16,TOWN TEAM,149.00,299.00,50,En stock,N/A,
Justyol,Enfants,Kids Babies All,Short garçon noir sport avec poches zippées et bandes réfléchissantes - SHR24SSPS75644MB1 - Black / 8,TOWN TEAM,129.00,249.00,48,En stock,N/A,
Justyol,Enfants,Kids Babies All,Short garçon noir sport Push Up avec cordon et poches – été - SHR24SSPS75643MB1 - BLK/NGR / 7,TOWN TEAM,109.00,209.00,48,En stock,N/A,
Justyol,Enfants,Kids Babies All,Short ado garçon noir sport Push Up avec cordon et poches – été - SHR24SSPS75643MJ1 - BLK/NGR / 10,TOWN TEAM,109.00,209.00,48,En stock,N/A,
Justyol,Enfants,Kids Babies All,Short ado garçon noir sport avec poches zippées et détail réfléchissant - SHR24SSPS75644MJ1 - Black / 16,TOWN TEAM,129.00,249.00,48,En stock,N/A,
Justyol,Enfants,Kids Babies All,"Short garçon noir sport avec cordon, poches zippées – coupe confort - SHR24SSPS75645MB1 - Black / 7",TOWN TEAM,149.00,299.00,50,En stock,N/A,
Justyol,Enfants,Kids Babies All,Short ado garçon noir sport avec cordon et poches – coupe confort - SHR24SSPS75645MJ1 - Black / 9,TOWN TEAM,149.00,299.00,50,En stock,N/A,
Justyol,Enfants,Kids Babies All,Short garçon vert fluo imprimé oiseaux avec poches et cordon - SHR24SGBS75309MB1 - NEON GRN / 5,TOWN TEAM,149.00,299.00,50,En stock,N/A,
Justyol,Enfants,Kids Babies All,T-shirt garçon bleu imprimé all-over style street – manches courtes été - TSH24SARS75661MB1 - Blue / 4,TOWN TEAM,89.00,179.00,50,En stock,N/A,
Justyol,Enfants,Kids Babies All,T-shirt ado fille lilas imprimé all-over – manches courtes - TSH24SXXX70531MR1 - LILAC / 12,TOWN TEAM,79.00,149.00,47,En stock,N/A,
Justyol,Enfants,Kids Babies All,"T-shirt ado garçon bleu imprimé street – col rond, style sporty - TSH24SARS75661MJ1 - Blue / 9",TOWN TEAM,89.00,179.00,50,En stock,N/A,
Justyol,Enfants,Kids Babies All,"Polo fille vert néon à volants – col contrasté, sans manches - POS24SEPR70591MG1 - NEON GRN / 4",TOWN TEAM,99.00,199.00,50,En stock,N/A,
Justyol,Enfants,Kids Babies All,"Polo garçon imprimé – col officier, manches courtes - POS24SAPU75567MB1 - Army / 7",TOWN TEAM,139.00,279.00,50,En stock,N/A,
Justyol,Enfants,Kids Babies All,Polo garçon blanc à imprimé doodle smiley – manches courtes - POS24SAPU75568MB1 - White / 4,TOWN TEAM,139.00,279.00,50,En stock,N/A,
Justyol,Enfants,Kids Babies All,Polo garçon à motifs smiley – manches courtes - POS24SAPU75570MB1 - Yellow / 4,TOWN TEAM,139.00,279.00,50,En stock,N/A,
Justyol,Enfants,Kids Babies All,Polo ado garçon à motifs smiley – manches courtes - POS24SAPU75570MJ1 - Yellow / 16,TOWN TEAM,139.00,279.00,50,En stock,N/A,
Justyol,Enfants,Kids Babies All,Polo ado garçon avec liserés orange et patchs – manches courtes - POS24SPPI75528MJ1 - Café / 16,TOWN TEAM,149.00,299.00,50,En stock,N/A,
Justyol,Enfants,Kids Babies All,Polo ado garçon jaune avec motif poitrine – manches courtes - POS24SPPI75531MJ1 - Yellow / 12,TOWN TEAM,129.00,249.00,48,En stock,N/A,
Justyol,Enfants,Kids Babies All,Polo ado garçon et patchs – manches courtes - POS24SPPI75529MJ1 - Navy / 9,TOWN TEAM,149.00,299.00,50,En stock,N/A,
Justyol,Enfants,Kids Babies All,Polo ado garçon noir avec motif poitrine – manches courtes - POS24SPPI75540MJ1 - Black / 16,TOWN TEAM,129.00,249.00,48,En stock,N/A,
Justyol,Enfants,Kids Babies All,Polo ado garçon vert turquoise avec liserés jaunes – manches courtes - POS24SPPI75541MJ1 - Green Lake / 14,TOWN TEAM,149.00,299.00,50,En stock,N/A,
Justyol,Enfants,Kids Babies All,"Polo ado garçon vert néon imprimé – manches courtes, style été - POS24SPPI75543MJ1 - NEON GRN / 10",TOWN TEAM,129.00,249.00,48,En stock,N/A,
Justyol,Enfants,Kids Babies All,Polo ado garçon noir avec badges imprimés – manches courtes - POS24SPPI75550MJ1 - Black / 14,TOWN TEAM,149.00,299.00,50,En stock,N/A,
Justyol,Enfants,Kids Babies All,Short fille en coton avec ourlet effiloché – couleurs tendance - SHR24SGBP70572MG1 - Yellow / 4,TOWN TEAM,139.00,279.00,50,En stock,N/A,
Justyol,Enfants,Kids Babies All,"Polo ado garçon beige café – détails orange, style streetwear - POS24SPPI75545MJ1 - Café / 9",TOWN TEAM,149.00,299.00,50,En stock,N/A,
Justyol,Enfants,Kids Babies All,"Polo ado garçon – imprimés streetwear, col boutonné - POS24SPPI75546MJ1 - Café / 10",TOWN TEAM,99.00,199.00,50,En stock,N/A,
Justyol,Enfants,Kids Babies All,Short en jean fille bleu clair style cargo – poches à rabat - SHR24SDWC70578MG1 - Ice Blue / 7,TOWN TEAM,139.00,279.00,50,En stock,N/A,
Justyol,Enfants,Kids Babies All,Polo garçon imprimé manga – POS24SPPI75393MB1 - Black / 4,TOWN TEAM,149.00,299.00,50,En stock,N/A,
Justyol,Enfants,Kids Babies All,Polo ado garçon noir imprimé Basketball – col contrasté - POS24SPPI75563MJ1 - Black / 14,TOWN TEAM,149.00,299.00,50,En stock,N/A,
Justyol,Enfants,Kids Babies All,Short fille en denim avec finition dentelle – taille haute - SHR24SDBP70571MG1 - White / 10,TOWN TEAM,139.00,279.00,50,En stock,N/A,
Justyol,Enfants,Kids Babies All,"Short fille en denim bleu clair imprimé, taille haute paperbag - SHR24SDAP70576MG1 - FADE BLU / 7",TOWN TEAM,139.00,279.00,50,En stock,N/A,
Justyol,Enfants,Kids Babies All,"Short fille en jean bleu avec broderies, coupe courte - SHR24SDDW70580MG1 - Mid-Blue / 7",TOWN TEAM,139.00,279.00,50,En stock,N/A,
Justyol,Enfants,Kids Babies All,Short garçon gris effet denim avec taille élastique et cordon - SHR24SDPS75417MB1 - Mid-Grey / 7,TOWN TEAM,179.00,359.00,50,En stock,N/A,
Justyol,Enfants,Kids Babies All,Polo ado garçon blanc avec imprimé smiley dos – style casual été - POS24SPPI75537MJ1 - White / 14,TOWN TEAM,149.00,299.00,50,En stock,N/A,
Justyol,Enfants,Kids Babies All,Short garçon noir basique avec cordon et poches – confort été - SHR24SSPS75647MB1 - Black / 6,TOWN TEAM,149.00,299.00,50,En stock,N/A,
Justyol,Enfants,Kids Babies All,Short ado garçon noir basique avec cordon et poches – confort été - SHR24SSPS75647MJ1 - Black / 14,TOWN TEAM,149.00,299.00,50,En stock,N/A,
Justyol,Enfants,Kids Babies All,Short garçon noir sport avec poches zippées et bandes réfléchissantes - SHR24SSPS75644MB1 - Black / 5,TOWN TEAM,129.00,249.00,48,En stock,N/A,
Justyol,Enfants,Kids Babies All,Short garçon noir sport Push Up avec cordon et poches – été - SHR24SSPS75643MB1 - BLK/NGR / 8,TOWN TEAM,109.00,209.00,48,En stock,N/A,
Justyol,Enfants,Kids Babies All,Short ado garçon noir sport Push Up avec cordon et poches – été - SHR24SSPS75643MJ1 - BLK/NGR / 14,TOWN TEAM,109.00,209.00,48,En stock,N/A,
Justyol,Enfants,Kids Babies All,Short ado garçon noir sport avec poches zippées et détail réfléchissant - SHR24SSPS75644MJ1 - Black / 9,TOWN TEAM,129.00,249.00,48,En stock,N/A,
Justyol,Enfants,Kids Babies All,"Short garçon noir sport avec cordon, poches zippées – coupe confort - SHR24SSPS75645MB1 - Black / 6",TOWN TEAM,149.00,299.00,50,En stock,N/A,
Justyol,Enfants,Kids Babies All,Short ado garçon noir sport avec cordon et poches – coupe confort - SHR24SSPS75645MJ1 - Black / 16,TOWN TEAM,149.00,299.00,50,En stock,N/A,
Justyol,Enfants,Kids Babies All,T-shirt garçon bleu imprimé all-over style street – manches courtes été - TSH24SARS75661MB1 - Blue / 7,TOWN TEAM,89.00,179.00,50,En stock,N/A,
Justyol,Enfants,Kids Babies All,"T-shirt ado garçon bleu imprimé street – col rond, style sporty - TSH24SARS75661MJ1 - Blue / 14",TOWN TEAM,89.00,179.00,50,En stock,N/A,
Justyol,Enfants,Kids Babies All,"Polo fille vert néon à volants – col contrasté, sans manches - POS24SEPR70591MG1 - NEON GRN / 5",TOWN TEAM,99.00,199.00,50,En stock,N/A,
Justyol,Enfants,Kids Babies All,Polo garçon blanc à imprimé doodle smiley – manches courtes - POS24SAPU75568MB1 - White / 8,TOWN TEAM,139.00,279.00,50,En stock,N/A,
Justyol,Enfants,Kids Babies All,Polo garçon à motifs smiley – manches courtes - POS24SAPU75570MB1 - White / 6,TOWN TEAM,139.00,279.00,50,En stock,N/A,
Justyol,Enfants,Kids Babies All,Polo ado garçon à motifs smiley – manches courtes - POS24SAPU75570MJ1 - Yellow / 9,TOWN TEAM,139.00,279.00,50,En stock,N/A,
Justyol,Enfants,Kids Babies All,Polo ado garçon avec liserés orange et patchs – manches courtes - POS24SPPI75528MJ1 - Café / 10,TOWN TEAM,149.00,299.00,50,En stock,N/A,
Justyol,Enfants,Kids Babies All,Polo ado garçon et patchs – manches courtes - POS24SPPI75529MJ1 - Navy / 16,TOWN TEAM,149.00,299.00,50,En stock,N/A,
Justyol,Enfants,Kids Babies All,Polo ado garçon vert turquoise avec liserés jaunes – manches courtes - POS24SPPI75541MJ1 - Green Lake / 16,TOWN TEAM,149.00,299.00,50,En stock,N/A,
Justyol,Enfants,Kids Babies All,Polo ado garçon noir avec badges imprimés – manches courtes - POS24SPPI75550MJ1 - Black / 16,TOWN TEAM,149.00,299.00,50,En stock,N/A,
Justyol,Enfants,Kids Babies All,Short fille en coton avec ourlet effiloché – couleurs tendance - SHR24SGBP70572MG1 - NEON ORG / 8,TOWN TEAM,139.00,279.00,50,En stock,N/A,
Justyol,Enfants,Kids Babies All,"Polo ado garçon beige café – détails orange, style streetwear - POS24SPPI75545MJ1 - Café / 14",TOWN TEAM,149.00,299.00,50,En stock,N/A,
Justyol,Enfants,Kids Babies All,"Polo ado garçon – imprimés streetwear, col boutonné - POS24SPPI75546MJ1 - Café / 14",TOWN TEAM,99.00,199.00,50,En stock,N/A,
Justyol,Enfants,Kids Babies All,Short en jean fille bleu clair style cargo – poches à rabat - SHR24SDWC70578MG1 - Ice Blue / 8,TOWN TEAM,139.00,279.00,50,En stock,N/A,
Justyol,Enfants,Kids Babies All,Polo garçon imprimé manga – POS24SPPI75393MB1 - Black / 5,TOWN TEAM,149.00,299.00,50,En stock,N/A,
Justyol,Enfants,Kids Babies All,Polo ado garçon noir imprimé Basketball – col contrasté - POS24SPPI75563MJ1 - Black / 16,TOWN TEAM,149.00,299.00,50,En stock,N/A,
Justyol,Enfants,Kids Babies All,Short fille en denim avec finition dentelle – taille haute - SHR24SDBP70571MG1 - Black / 9,TOWN TEAM,139.00,279.00,50,En stock,N/A,
Justyol,Enfants,Kids Babies All,"Short fille en denim bleu clair imprimé, taille haute paperbag - SHR24SDAP70576MG1 - FADE BLU / 9",TOWN TEAM,139.00,279.00,50,En stock,N/A,
Justyol,Enfants,Kids Babies All,"Short fille en jean bleu avec broderies, coupe courte - SHR24SDDW70580MG1 - Mid-Blue / 5",TOWN TEAM,139.00,279.00,50,En stock,N/A,
Justyol,Enfants,Kids Babies All,Short garçon gris effet denim avec taille élastique et cordon - SHR24SDPS75417MB1 - Mid-Grey / 4,TOWN TEAM,179.00,359.00,50,En stock,N/A,
Justyol,Enfants,Kids Babies All,Short garçon noir basique avec cordon et poches – confort été - SHR24SSPS75647MB1 - Black / 7,TOWN TEAM,149.00,299.00,50,En stock,N/A,
Justyol,Enfants,Kids Babies All,Short ado garçon noir basique avec cordon et poches – confort été - SHR24SSPS75647MJ1 - Black / 9,TOWN TEAM,149.00,299.00,50,En stock,N/A,
Justyol,Enfants,Kids Babies All,Short garçon noir sport avec poches zippées et bandes réfléchissantes - SHR24SSPS75644MB1 - Black / 4,TOWN TEAM,129.00,249.00,48,En stock,N/A,
Justyol,Enfants,Kids Babies All,Short garçon noir sport Push Up avec cordon et poches – été - SHR24SSPS75643MB1 - BLK/NGR / 4,TOWN TEAM,109.00,209.00,48,En stock,N/A,
Justyol,Enfants,Kids Babies All,Short ado garçon noir sport Push Up avec cordon et poches – été - SHR24SSPS75643MJ1 - BLK/NGR / 9,TOWN TEAM,109.00,209.00,48,En stock,N/A,
Justyol,Enfants,Kids Babies All,Short ado garçon noir sport avec poches zippées et détail réfléchissant - SHR24SSPS75644MJ1 - Black / 12,TOWN TEAM,129.00,249.00,48,En stock,N/A,
Justyol,Enfants,Kids Babies All,"Short garçon noir sport avec cordon, poches zippées – coupe confort - SHR24SSPS75645MB1 - Black / 4",TOWN TEAM,149.00,299.00,50,En stock,N/A,
Justyol,Enfants,Kids Babies All,Short ado garçon noir sport avec cordon et poches – coupe confort - SHR24SSPS75645MJ1 - Black / 10,TOWN TEAM,149.00,299.00,50,En stock,N/A,
Justyol,Enfants,Kids Babies All,T-shirt garçon bleu imprimé all-over style street – manches courtes été - TSH24SARS75661MB1 - Blue / 8,TOWN TEAM,89.00,179.00,50,En stock,N/A,
Justyol,Enfants,Kids Babies All,"T-shirt ado garçon bleu imprimé street – col rond, style sporty - TSH24SARS75661MJ1 - Blue / 10",TOWN TEAM,89.00,179.00,50,En stock,N/A,
Justyol,Enfants,Kids Babies All,"Polo fille vert néon à volants – col contrasté, sans manches - POS24SEPR70591MG1 - NEON GRN / 8",TOWN TEAM,99.00,199.00,50,En stock,N/A,
Justyol,Enfants,Kids Babies All,Polo garçon à motifs smiley – manches courtes - POS24SAPU75570MB1 - White / 8,TOWN TEAM,139.00,279.00,50,En stock,N/A,
Justyol,Enfants,Kids Babies All,Polo ado garçon et patchs – manches courtes - POS24SPPI75529MJ1 - Navy / 10,TOWN TEAM,149.00,299.00,50,En stock,N/A,
Justyol,Enfants,Kids Babies All,Polo ado garçon noir avec badges imprimés – manches courtes - POS24SPPI75550MJ1 - Black / 12,TOWN TEAM,149.00,299.00,50,En stock,N/A,
Justyol,Enfants,Kids Babies All,Short fille en coton avec ourlet effiloché – couleurs tendance - SHR24SGBP70572MG1 - Yellow / 7,TOWN TEAM,139.00,279.00,50,En stock,N/A,
Justyol,Enfants,Kids Babies All,"Polo ado garçon beige café – détails orange, style streetwear - POS24SPPI75545MJ1 - Café / 12",TOWN TEAM,149.00,299.00,50,En stock,N/A,
Justyol,Enfants,Kids Babies All,"Polo ado garçon – imprimés streetwear, col boutonné - POS24SPPI75546MJ1 - Café / 9",TOWN TEAM,99.00,199.00,50,En stock,N/A,
Justyol,Enfants,Kids Babies All,Short en jean fille bleu clair style cargo – poches à rabat - SHR24SDWC70578MG1 - Ice Blue / 6,TOWN TEAM,139.00,279.00,50,En stock,N/A,
Justyol,Enfants,Kids Babies All,Polo garçon imprimé manga – POS24SPPI75393MB1 - Black / 7,TOWN TEAM,149.00,299.00,50,En stock,N/A,
Justyol,Enfants,Kids Babies All,Polo ado garçon noir imprimé Basketball – col contrasté - POS24SPPI75563MJ1 - Black / 9,TOWN TEAM,149.00,299.00,50,En stock,N/A,
Justyol,Enfants,Kids Babies All,Short fille en denim avec finition dentelle – taille haute - SHR24SDBP70571MG1 - Black / 10,TOWN TEAM,139.00,279.00,50,En stock,N/A,
Justyol,Enfants,Kids Babies All,"Short fille en denim bleu clair imprimé, taille haute paperbag - SHR24SDAP70576MG1 - FADE BLU / 6",TOWN TEAM,139.00,279.00,50,En stock,N/A,
Justyol,Enfants,Kids Babies All,"Short fille en jean bleu avec broderies, coupe courte - SHR24SDDW70580MG1 - Mid-Blue / 10",TOWN TEAM,139.00,279.00,50,En stock,N/A,
Justyol,Enfants,Kids Babies All,Short garçon noir sport avec poches zippées et bandes réfléchissantes - SHR24SSPS75644MB1 - Black / 6,TOWN TEAM,129.00,249.00,48,En stock,N/A,
Justyol,Enfants,Kids Babies All,Short ado garçon noir sport Push Up avec cordon et poches – été - SHR24SSPS75643MJ1 - BLK/NGR / 16,TOWN TEAM,109.00,209.00,48,En stock,N/A,
Justyol,Enfants,Kids Babies All,Short ado garçon noir sport avec cordon et poches – coupe confort - SHR24SSPS75645MJ1 - Black / 14,TOWN TEAM,149.00,299.00,50,En stock,N/A,
Justyol,Enfants,Kids Babies All,T-shirt garçon bleu imprimé all-over style street – manches courtes été - TSH24SARS75661MB1 - Blue / 6,TOWN TEAM,89.00,179.00,50,En stock,N/A,
Justyol,Enfants,Kids Babies All,Polo garçon à motifs smiley – manches courtes - POS24SAPU75570MB1 - Yellow / 7,TOWN TEAM,139.00,279.00,50,En stock,N/A,
Justyol,Enfants,Kids Babies All,Polo ado garçon et patchs – manches courtes - POS24SPPI75529MJ1 - Ferrari / 12,TOWN TEAM,149.00,299.00,50,En stock,N/A,
Justyol,Enfants,Kids Babies All,Short fille en coton avec ourlet effiloché – couleurs tendance - SHR24SGBP70572MG1 - Yellow / 5,TOWN TEAM,139.00,279.00,50,En stock,N/A,
Justyol,Enfants,Kids Babies All,"Polo ado garçon – imprimés streetwear, col boutonné - POS24SPPI75546MJ1 - Café / 12",TOWN TEAM,99.00,199.00,50,En stock,N/A,
Justyol,Enfants,Kids Babies All,Short en jean fille bleu clair style cargo – poches à rabat - SHR24SDWC70578MG1 - Ice Blue / 4,TOWN TEAM,139.00,279.00,50,En stock,N/A,
Justyol,Enfants,Kids Babies All,Polo garçon imprimé manga – POS24SPPI75393MB1 - Black / 8,TOWN TEAM,149.00,299.00,50,En stock,N/A,
Justyol,Enfants,Kids Babies All,Polo ado garçon noir imprimé Basketball – col contrasté - POS24SPPI75563MJ1 - Black / 12,TOWN TEAM,149.00,299.00,50,En stock,N/A,
Justyol,Enfants,Kids Babies All,Short fille en denim avec finition dentelle – taille haute - SHR24SDBP70571MG1 - White / 8,TOWN TEAM,139.00,279.00,50,En stock,N/A,
Justyol,Enfants,Kids Babies All,"Short fille en jean bleu avec broderies, coupe courte - SHR24SDDW70580MG1 - Mid-Blue / 12",TOWN TEAM,139.00,279.00,50,En stock,N/A,
Justyol,Enfants,Kids Babies All,Polo garçon à motifs smiley – manches courtes - POS24SAPU75570MB1 - Yellow / 8,TOWN TEAM,139.00,279.00,50,En stock,N/A,
Justyol,Enfants,Kids Babies All,Polo ado garçon et patchs – manches courtes - POS24SPPI75529MJ1 - Ferrari / 16,TOWN TEAM,149.00,299.00,50,En stock,N/A,
Justyol,Enfants,Kids Babies All,Short fille en coton avec ourlet effiloché – couleurs tendance - SHR24SGBP70572MG1 - Yellow / 12,TOWN TEAM,139.00,279.00,50,En stock,N/A,
Justyol,Enfants,Kids Babies All,"Polo ado garçon – imprimés streetwear, col boutonné - POS24SPPI75546MJ1 - NEON GRN / 10",TOWN TEAM,99.00,199.00,50,En stock,N/A,
Justyol,Enfants,Kids Babies All,Short en jean fille bleu clair style cargo – poches à rabat - SHR24SDWC70578MG1 - Ice Blue / 10,TOWN TEAM,139.00,279.00,50,En stock,N/A,
Justyol,Enfants,Kids Babies All,Polo garçon imprimé manga – POS24SPPI75393MB1 - Yellow / 8,TOWN TEAM,149.00,299.00,50,En stock,N/A,
Justyol,Enfants,Kids Babies All,Short fille en denim avec finition dentelle – taille haute - SHR24SDBP70571MG1 - Black / 12,TOWN TEAM,139.00,279.00,50,En stock,N/A,
Justyol,Enfants,Kids Babies All,"Short fille en jean bleu avec broderies, coupe courte - SHR24SDDW70580MG1 - Mid-Blue / 6",TOWN TEAM,139.00,279.00,50,En stock,N/A,
Justyol,Enfants,Kids Babies All,Polo garçon à motifs smiley – manches courtes - POS24SAPU75570MB1 - White / 4,TOWN TEAM,139.00,279.00,50,En stock,N/A,
Justyol,Enfants,Kids Babies All,Polo ado garçon et patchs – manches courtes - POS24SPPI75529MJ1 - Ferrari / 14,TOWN TEAM,149.00,299.00,50,En stock,N/A,
Justyol,Enfants,Kids Babies All,Short fille en coton avec ourlet effiloché – couleurs tendance - SHR24SGBP70572MG1 - Yellow / 9,TOWN TEAM,139.00,279.00,50,En stock,N/A,
Justyol,Enfants,Kids Babies All,"Polo ado garçon – imprimés streetwear, col boutonné - POS24SPPI75546MJ1 - NEON GRN / 12",TOWN TEAM,99.00,199.00,50,En stock,N/A,
Justyol,Enfants,Kids Babies All,Short en jean fille bleu clair style cargo – poches à rabat - SHR24SDWC70578MG1 - Ice Blue / 12,TOWN TEAM,139.00,279.00,50,En stock,N/A,
Justyol,Enfants,Kids Babies All,Polo garçon imprimé manga – POS24SPPI75393MB1 - Black / 6,TOWN TEAM,149.00,299.00,50,En stock,N/A,
Justyol,Enfants,Kids Babies All,Short fille en denim avec finition dentelle – taille haute - SHR24SDBP70571MG1 - White / 6,TOWN TEAM,139.00,279.00,50,En stock,N/A,
Justyol,Enfants,Kids Babies All,"Short fille en jean bleu avec broderies, coupe courte - SHR24SDDW70580MG1 - Mid-Blue / 8",TOWN TEAM,139.00,279.00,50,En stock,N/A,
Justyol,Enfants,Kids Babies All,Polo garçon à motifs smiley – manches courtes - POS24SAPU75570MB1 - White / 7,TOWN TEAM,139.00,279.00,50,En stock,N/A,
Justyol,Enfants,Kids Babies All,Polo ado garçon et patchs – manches courtes - POS24SPPI75529MJ1 - Navy / 12,TOWN TEAM,149.00,299.00,50,En stock,N/A,
Justyol,Enfants,Kids Babies All,Short fille en coton avec ourlet effiloché – couleurs tendance - SHR24SGBP70572MG1 - Yellow / 10,TOWN TEAM,139.00,279.00,50,En stock,N/A,
Justyol,Enfants,Kids Babies All,"Polo ado garçon – imprimés streetwear, col boutonné - POS24SPPI75546MJ1 - NEON GRN / 9",TOWN TEAM,99.00,199.00,50,En stock,N/A,
Justyol,Enfants,Kids Babies All,Short fille en denim avec finition dentelle – taille haute - SHR24SDBP70571MG1 - White / 5,TOWN TEAM,139.00,279.00,50,En stock,N/A,
Justyol,Enfants,Kids Babies All,"Short fille en jean bleu avec broderies, coupe courte - SHR24SDDW70580MG1 - Mid-Blue / 9",TOWN TEAM,139.00,279.00,50,En stock,N/A,
Justyol,Enfants,Kids Babies All,Short fille en coton avec ourlet effiloché – couleurs tendance - SHR24SGBP70572MG1 - NEON ORG / 7,TOWN TEAM,139.00,279.00,50,En stock,N/A,
Justyol,Enfants,Kids Babies All,"Polo ado garçon – imprimés streetwear, col boutonné - POS24SPPI75546MJ1 - NEON GRN / 16",TOWN TEAM,99.00,199.00,50,En stock,N/A,
Justyol,Enfants,Kids Babies All,Short fille en denim avec finition dentelle – taille haute - SHR24SDBP70571MG1 - White / 4,TOWN TEAM,139.00,279.00,50,En stock,N/A,
Justyol,Enfants,Kids Babies All,Short fille en coton avec ourlet effiloché – couleurs tendance - SHR24SGBP70572MG1 - NEON ORG / 5,TOWN TEAM,139.00,279.00,50,En stock,N/A,
Justyol,Enfants,Kids Babies All,"Polo ado garçon – imprimés streetwear, col boutonné - POS24SPPI75546MJ1 - NEON GRN / 14",TOWN TEAM,99.00,199.00,50,En stock,N/A,
Justyol,Enfants,Kids Babies All,Short fille en denim avec finition dentelle – taille haute - SHR24SDBP70571MG1 - Black / 8,TOWN TEAM,139.00,279.00,50,En stock,N/A,
Justyol,Enfants,Kids Babies All,Short fille en coton avec ourlet effiloché – couleurs tendance - SHR24SGBP70572MG1 - NEON ORG / 4,TOWN TEAM,139.00,279.00,50,En stock,N/A,
Justyol,Enfants,Kids Babies All,Short fille en denim avec finition dentelle – taille haute - SHR24SDBP70571MG1 - Black / 7,TOWN TEAM,139.00,279.00,50,En stock,N/A,
Justyol,Enfants,Kids Babies All,Short fille en coton avec ourlet effiloché – couleurs tendance - SHR24SGBP70572MG1 - Lavender / 8,TOWN TEAM,139.00,279.00,50,En stock,N/A,
Justyol,Enfants,Kids Babies All,Short fille en denim avec finition dentelle – taille haute - SHR24SDBP70571MG1 - Black / 6,TOWN TEAM,139.00,279.00,50,En stock,N/A,
Justyol,Enfants,Kids Babies All,Short fille en coton avec ourlet effiloché – couleurs tendance - SHR24SGBP70572MG1 - NEON ORG / 12,TOWN TEAM,139.00,279.00,50,En stock,N/A,
Justyol,Enfants,Kids Babies All,Short fille en denim avec finition dentelle – taille haute - SHR24SDBP70571MG1 - Black / 5,TOWN TEAM,139.00,279.00,50,En stock,N/A,
Justyol,Enfants,Kids Babies All,Short fille en denim avec finition dentelle – taille haute - SHR24SDBP70571MG1 - White / 7,TOWN TEAM,139.00,279.00,50,En stock,N/A,
Justyol,Enfants,Kids Babies All,Short garçon noir effet denim avec taille élastique et imprimés - SHR24SDPP75421MN1 - Black / 3,TOWN TEAM,149.00,299.00,50,En stock,N/A,
Justyol,Enfants,Kids Babies All,Short en jean garçon bleu clair style graffiti à bords effilochés - SHR24SDPP75432MB1 - Ice Blue / 8,TOWN TEAM,179.00,359.00,50,En stock,N/A,
Justyol,Enfants,Kids Babies All,Short jean garçon noir avec revers et détails imprimés - SHR24SDPP75421MB1 - Black / 8,TOWN TEAM,149.00,299.00,50,En stock,N/A,
Justyol,Enfants,Kids Babies All,Short cargo ado garçon noir à cordon et poches latérales - SHR24SMBC75316MJ1 - Black / 10,TOWN TEAM,179.00,359.00,50,En stock,N/A,
Justyol,Enfants,Kids Babies All,Polo ado garçon jaune à col tunisien – finitions contrastées - POS24SPPU75560MJ1 - Yellow / 14,TOWN TEAM,129.00,249.00,48,En stock,N/A,
Justyol,Enfants,Kids Babies All,Short garçon cargo avec cordon – poches latérales - SHR24SGPC50708MB1 - Navy / 6,TOWN TEAM,149.00,299.00,50,En stock,N/A,
Justyol,Enfants,Kids Babies All,Short jean ado garçon noir avec revers et détails imprimés - SHR24SDPP75421MJ1 - Black / 9,TOWN TEAM,149.00,299.00,50,En stock,N/A,
Justyol,Enfants,Kids Babies All,"Polo garçon imprimé été – col polo, manches courtes - POS24SAPR75289MB1 - White / 4",TOWN TEAM,139.00,279.00,50,En stock,N/A,
Justyol,Enfants,Kids Babies All,"Polo ado garçon imprimé été – col polo, manches courtes - POS24SAPR75289MJ1 - White / 12",TOWN TEAM,139.00,279.00,50,En stock,N/A,
Justyol,Enfants,Kids Babies All,"Polo ado fille rose à volants – col contrasté, manches courtes - POS24SEPR71006MR1 - Orange / 9",TOWN TEAM,149.00,299.00,50,En stock,N/A,
Justyol,Enfants,Kids Babies All,"Polo garçon vert citron et bleu marine – rayures, poche imprimée - POS24SSPR75288MB1 - NVY/LIM / 5",TOWN TEAM,149.00,299.00,50,En stock,N/A,
Justyol,Enfants,Kids Babies All,"T-shirt fille dégradé Hello Summer – manches courtes, imprimé fleurs - TSH24SXXX70539MG1 - MINK / 4",TOWN TEAM,99.00,199.00,50,En stock,N/A,
Justyol,Enfants,Kids Babies All,"T-shirt ado fille dégradé Hello Summer – manches courtes, imprimé fleurs - TSH24SXXX70539MR1 - MINK / 12",TOWN TEAM,99.00,199.00,50,En stock,N/A,
Justyol,Enfants,Kids Babies All,Short cargo garçon avec poches et taille élastique – SHR24SGBC75307MB1 - Mint / 5,TOWN TEAM,179.00,359.00,50,En stock,N/A,
Justyol,Enfants,Kids Babies All,Short cargo ado garçon avec poches et taille élastique – SHR24SGBC75307MJ1 - HEATR Rose / 9,TOWN TEAM,179.00,359.00,50,En stock,N/A,
Justyol,Enfants,Kids Babies All,"Polo fille imprimé cœurs & messages – col classique, été - POS24SAPI71011MG1 - Sky Blue / 5",TOWN TEAM,149.00,299.00,50,En stock,N/A,
Justyol,Enfants,Kids Babies All,Polo ado fille imprimé cœurs & messages colorés manches courtes - POS24SAPI71011MR1 - White / 10,TOWN TEAM,149.00,299.00,50,En stock,N/A,
Justyol,Enfants,Kids Babies All,Polo ado fille YES GIRL YES avec volants col classique manches courtes - POS24SEPI71002MR1 - Simon / 14,TOWN TEAM,149.00,299.00,50,En stock,N/A,
Justyol,Enfants,Kids Babies All,Polo fille brodé abeille avec imprimé fleurs manches courtes - POS24SEPI71007MG1 - Yellow / 8,TOWN TEAM,149.00,299.00,50,En stock,N/A,
Justyol,Enfants,Kids Babies All,"Bermuda chino ado garçon beige café – taille élastique, cordon - SHR24SGBP75315MJ1 - Café / 10",TOWN TEAM,179.00,359.00,50,En stock,N/A,
Justyol,Enfants,Kids Babies All,T-shirt garçon imprimé streetwear all-over manches courtes col rond - TSH24SARO75280MB1 - White / 7,TOWN TEAM,89.00,179.00,50,En stock,N/A,
Justyol,Enfants,Kids Babies All,Polo fille à fleurs marguerites manches courtes col classique - POS24SAPR70592MG1 - Black / 8,TOWN TEAM,149.00,299.00,50,En stock,N/A,
Justyol,Enfants,Kids Babies All,T-shirt ado garçon imprimé océan streetwear manches courtes - TSH24SARO75247MJ1 - White / 12,TOWN TEAM,89.00,179.00,50,En stock,N/A,
Justyol,Enfants,Kids Babies All,T-shirt ado garçon imprimé surf streetwear manches courtesTSH24SARO75248MJ1 - Silver / 9,TOWN TEAM,89.00,179.00,50,En stock,N/A,
Justyol,Enfants,Kids Babies All,T-shirt fille lilas Hey Girls imprimé all-over manches courtes - TSH24SXXX70531MG1 - LILAC / 5,TOWN TEAM,79.00,149.00,47,En stock,N/A,
Justyol,Enfants,Kids Babies All,T-shirt fille blanc Tom & Jerry Play Time imprimé manches courtes - TSH24SARO70915MG1 - OFF WHIT / 7,TOWN TEAM,99.00,199.00,50,En stock,N/A,
Justyol,Enfants,Kids Babies All,T-shirt ado fille blanc cassé imprimé Tom & Jerry Way Time - TSH24SARO70915MR1 - OFF WHIT / 10,TOWN TEAM,99.00,199.00,50,En stock,N/A,
Justyol,Enfants,Kids Babies All,Polo fille à pois manches courtes col boutonné – POS24SAPI71010MG1 - White / 7,TOWN TEAM,109.00,209.00,48,En stock,N/A,
Justyol,Enfants,Kids Babies All,"Pantalon jogger garçon en jean cargo, taille élastique – JOG25GDWP76808MB1 - Mid-Blue / 4",TOWN TEAM,259.00,359.00,28,En stock,N/A,
Justyol,Enfants,Kids Babies All,"Jogger jean cargo ado garçon bleu – taille élastique, poches - JOG25GDWP76808MJ1 - Mid-Blue / 12",TOWN TEAM,259.00,359.00,28,En stock,N/A,
Justyol,Enfants,Kids Babies All,"Chemise garçon manches longues – col mao, poche poitrine - SHI25SEIS76461MB1 - OFF WHIT / 5",TOWN TEAM,179.00,359.00,50,En stock,N/A,
Justyol,Enfants,Kids Babies All,Chemise garçon manches courtes col cubain – effet lin beige - SSH25SELR76463MB1 - Beige / 4,TOWN TEAM,149.00,299.00,50,En stock,N/A,
Justyol,Enfants,Kids Babies All,Jean fille ado coupe flare – JNS25GBIW72056MR1 - Mid-Blue / 16,TOWN TEAM,209.00,299.00,30,En stock,N/A,
Justyol,Enfants,Kids Babies All,Jean ado fille coupe droite taille haute – denim bleu clair - JNS25GMIW72057MR1 - Ice Blue / 12,TOWN TEAM,209.00,349.00,40,En stock,N/A,
Justyol,Enfants,Kids Babies All,Chemise garçon manches courtes imprimée palmiers – SSH25SAOR76453MB1 - Sky Blue / 4,TOWN TEAM,119.00,229.00,48,En stock,N/A,
Justyol,Enfants,Kids Babies All,"Pantalon cargo jogger ado fille – taille élastique, poches - JOG25GGBP71444MR1 - Olive / 12",TOWN TEAM,209.00,299.00,30,En stock,N/A,
Justyol,Enfants,Kids Babies All,Short en jean garçon bleu clair style graffiti à bords effilochés - SHR24SDPP75432MB1 - Ice Blue / 7,TOWN TEAM,179.00,359.00,50,En stock,N/A,
Justyol,Enfants,Kids Babies All,Short jean garçon noir avec revers et détails imprimés - SHR24SDPP75421MB1 - Black / 7,TOWN TEAM,149.00,299.00,50,En stock,N/A,
Justyol,Enfants,Kids Babies All,Short cargo ado garçon noir à cordon et poches latérales - SHR24SMBC75316MJ1 - Black / 14,TOWN TEAM,179.00,359.00,50,En stock,N/A,
Justyol,Enfants,Kids Babies All,Polo ado garçon jaune à col tunisien – finitions contrastées - POS24SPPU75560MJ1 - Yellow / 16,TOWN TEAM,129.00,249.00,48,En stock,N/A,
Justyol,Enfants,Kids Babies All,Short garçon cargo avec cordon – poches latérales - SHR24SGPC50708MB1 - Navy / 5,TOWN TEAM,149.00,299.00,50,En stock,N/A,
Justyol,Enfants,Kids Babies All,"Polo garçon imprimé été – col polo, manches courtes - POS24SAPR75289MB1 - Navy / 8",TOWN TEAM,139.00,279.00,50,En stock,N/A,
Justyol,Enfants,Kids Babies All,"Polo ado garçon imprimé été – col polo, manches courtes - POS24SAPR75289MJ1 - Navy / 14",TOWN TEAM,139.00,279.00,50,En stock,N/A,
Justyol,Enfants,Kids Babies All,"Polo ado fille rose à volants – col contrasté, manches courtes - POS24SEPR71006MR1 - Orange / 10",TOWN TEAM,149.00,299.00,50,En stock,N/A,
Justyol,Enfants,Kids Babies All,"Polo garçon vert citron et bleu marine – rayures, poche imprimée - POS24SSPR75288MB1 - NVY/LIM / 6",TOWN TEAM,149.00,299.00,50,En stock,N/A,
Justyol,Enfants,Kids Babies All,"T-shirt fille dégradé Hello Summer – manches courtes, imprimé fleurs - TSH24SXXX70539MG1 - MINK / 5",TOWN TEAM,99.00,199.00,50,En stock,N/A,
Justyol,Enfants,Kids Babies All,"T-shirt ado fille dégradé Hello Summer – manches courtes, imprimé fleurs - TSH24SXXX70539MR1 - MINK / 9",TOWN TEAM,99.00,199.00,50,En stock,N/A,
Justyol,Enfants,Kids Babies All,Short cargo garçon avec poches et taille élastique – SHR24SGBC75307MB1 - Mint / 8,TOWN TEAM,179.00,359.00,50,En stock,N/A,
Justyol,Enfants,Kids Babies All,Short cargo ado garçon avec poches et taille élastique – SHR24SGBC75307MJ1 - HEATR Rose / 16,TOWN TEAM,179.00,359.00,50,En stock,N/A,
Justyol,Enfants,Kids Babies All,"Polo fille imprimé cœurs & messages – col classique, été - POS24SAPI71011MG1 - Sky Blue / 6",TOWN TEAM,149.00,299.00,50,En stock,N/A,
Justyol,Enfants,Kids Babies All,Polo ado fille imprimé cœurs & messages colorés manches courtes - POS24SAPI71011MR1 - Sky Blue / 12,TOWN TEAM,149.00,299.00,50,En stock,N/A,
Justyol,Enfants,Kids Babies All,Polo ado fille YES GIRL YES avec volants col classique manches courtes - POS24SEPI71002MR1 - Simon / 10,TOWN TEAM,149.00,299.00,50,En stock,N/A,
Justyol,Enfants,Kids Babies All,Polo fille brodé abeille avec imprimé fleurs manches courtes - POS24SEPI71007MG1 - Yellow / 4,TOWN TEAM,149.00,299.00,50,En stock,N/A,
Justyol,Enfants,Kids Babies All,"Bermuda chino ado garçon beige café – taille élastique, cordon - SHR24SGBP75315MJ1 - Café / 9",TOWN TEAM,179.00,359.00,50,En stock,N/A,
Justyol,Enfants,Kids Babies All,T-shirt garçon imprimé streetwear all-over manches courtes col rond - TSH24SARO75280MB1 - White / 6,TOWN TEAM,89.00,179.00,50,En stock,N/A,
Justyol,Enfants,Kids Babies All,Polo fille à fleurs marguerites manches courtes col classique - POS24SAPR70592MG1 - Black / 5,TOWN TEAM,149.00,299.00,50,En stock,N/A,
Justyol,Enfants,Kids Babies All,T-shirt ado garçon imprimé océan streetwear manches courtes - TSH24SARO75247MJ1 - Yellow / 10,TOWN TEAM,89.00,179.00,50,En stock,N/A,
Justyol,Enfants,Kids Babies All,T-shirt fille lilas Hey Girls imprimé all-over manches courtes - TSH24SXXX70531MG1 - LILAC / 6,TOWN TEAM,79.00,149.00,47,En stock,N/A,
Justyol,Enfants,Kids Babies All,T-shirt fille blanc Tom & Jerry Play Time imprimé manches courtes - TSH24SARO70915MG1 - OFF WHIT / 5,TOWN TEAM,99.00,199.00,50,En stock,N/A,
Justyol,Enfants,Kids Babies All,Polo fille à pois manches courtes col boutonné – POS24SAPI71010MG1 - White / 5,TOWN TEAM,109.00,209.00,48,En stock,N/A,
Justyol,Enfants,Kids Babies All,"Jogger jean cargo ado garçon bleu – taille élastique, poches - JOG25GDWP76808MJ1 - D-BLUE / 12",TOWN TEAM,259.00,359.00,28,En stock,N/A,
Justyol,Enfants,Kids Babies All,"Chemise garçon manches longues – col mao, poche poitrine - SHI25SEIS76461MB1 - Army / 5",TOWN TEAM,179.00,359.00,50,En stock,N/A,
Justyol,Enfants,Kids Babies All,Jean fille ado coupe flare – JNS25GBIW72056MR1 - D-BLUE / 16,TOWN TEAM,209.00,299.00,30,En stock,N/A,
Justyol,Enfants,Kids Babies All,Jean ado fille coupe droite taille haute – denim bleu clair - JNS25GMIW72057MR1 - Ice Blue / 9,TOWN TEAM,209.00,349.00,40,En stock,N/A,
Justyol,Enfants,Kids Babies All,"Pantalon cargo jogger ado fille – taille élastique, poches - JOG25GGBP71444MR1 - Beige / 12",TOWN TEAM,209.00,299.00,30,En stock,N/A,
Justyol,Enfants,Kids Babies All,Short en jean garçon bleu clair style graffiti à bords effilochés - SHR24SDPP75432MB1 - Ice Blue / 6,TOWN TEAM,179.00,359.00,50,En stock,N/A,
Justyol,Enfants,Kids Babies All,Short jean garçon noir avec revers et détails imprimés - SHR24SDPP75421MB1 - Black / 6,TOWN TEAM,149.00,299.00,50,En stock,N/A,
Justyol,Enfants,Kids Babies All,Short cargo ado garçon noir à cordon et poches latérales - SHR24SMBC75316MJ1 - Black / 16,TOWN TEAM,179.00,359.00,50,En stock,N/A,
Justyol,Enfants,Kids Babies All,Polo ado garçon jaune à col tunisien – finitions contrastées - POS24SPPU75560MJ1 - Yellow / 9,TOWN TEAM,129.00,249.00,48,En stock,N/A,
Justyol,Enfants,Kids Babies All,Short garçon cargo avec cordon – poches latérales - SHR24SGPC50708MB1 - Black / 5,TOWN TEAM,149.00,299.00,50,En stock,N/A,
Justyol,Enfants,Kids Babies All,"Polo garçon imprimé été – col polo, manches courtes - POS24SAPR75289MB1 - White / 6",TOWN TEAM,139.00,279.00,50,En stock,N/A,
Justyol,Enfants,Kids Babies All,"Polo ado garçon imprimé été – col polo, manches courtes - POS24SAPR75289MJ1 - Navy / 12",TOWN TEAM,139.00,279.00,50,En stock,N/A,
Justyol,Enfants,Kids Babies All,"Polo ado fille rose à volants – col contrasté, manches courtes - POS24SEPR71006MR1 - Pink / 9",TOWN TEAM,149.00,299.00,50,En stock,N/A,
Justyol,Enfants,Kids Babies All,"Polo garçon vert citron et bleu marine – rayures, poche imprimée - POS24SSPR75288MB1 - NVY/LIM / 7",TOWN TEAM,149.00,299.00,50,En stock,N/A,
Justyol,Enfants,Kids Babies All,"T-shirt fille dégradé Hello Summer – manches courtes, imprimé fleurs - TSH24SXXX70539MG1 - MINK / 6",TOWN TEAM,99.00,199.00,50,En stock,N/A,
Justyol,Enfants,Kids Babies All,Short cargo garçon avec poches et taille élastique – SHR24SGBC75307MB1 - Mint / 7,TOWN TEAM,179.00,359.00,50,En stock,N/A,
Justyol,Enfants,Kids Babies All,Short cargo ado garçon avec poches et taille élastique – SHR24SGBC75307MJ1 - HEATR Rose / 10,TOWN TEAM,179.00,359.00,50,En stock,N/A,
Justyol,Enfants,Kids Babies All,"Polo fille imprimé cœurs & messages – col classique, été - POS24SAPI71011MG1 - Sky Blue / 7",TOWN TEAM,149.00,299.00,50,En stock,N/A,
Justyol,Enfants,Kids Babies All,Polo ado fille imprimé cœurs & messages colorés manches courtes - POS24SAPI71011MR1 - Sky Blue / 9,TOWN TEAM,149.00,299.00,50,En stock,N/A,
Justyol,Enfants,Kids Babies All,Polo ado fille YES GIRL YES avec volants col classique manches courtes - POS24SEPI71002MR1 - Simon / 9,TOWN TEAM,149.00,299.00,50,En stock,N/A,
Justyol,Enfants,Kids Babies All,Polo fille brodé abeille avec imprimé fleurs manches courtes - POS24SEPI71007MG1 - Yellow / 5,TOWN TEAM,149.00,299.00,50,En stock,N/A,
Justyol,Enfants,Kids Babies All,T-shirt garçon imprimé streetwear all-over manches courtes col rond - TSH24SARO75280MB1 - White / 5,TOWN TEAM,89.00,179.00,50,En stock,N/A,
Justyol,Enfants,Kids Babies All,Polo fille à fleurs marguerites manches courtes col classique - POS24SAPR70592MG1 - Black / 4,TOWN TEAM,149.00,299.00,50,En stock,N/A,
Justyol,Enfants,Kids Babies All,T-shirt ado garçon imprimé océan streetwear manches courtes - TSH24SARO75247MJ1 - Yellow / 14,TOWN TEAM,89.00,179.00,50,En stock,N/A,
Justyol,Enfants,Kids Babies All,T-shirt fille lilas Hey Girls imprimé all-over manches courtes - TSH24SXXX70531MG1 - LILAC / 4,TOWN TEAM,79.00,149.00,47,En stock,N/A,
Justyol,Enfants,Kids Babies All,T-shirt fille blanc Tom & Jerry Play Time imprimé manches courtes - TSH24SARO70915MG1 - OFF WHIT / 6,TOWN TEAM,99.00,199.00,50,En stock,N/A,
Justyol,Enfants,Kids Babies All,Polo fille à pois manches courtes col boutonné – POS24SAPI71010MG1 - White / 6,TOWN TEAM,109.00,209.00,48,En stock,N/A,
Justyol,Enfants,Kids Babies All,"Jogger jean cargo ado garçon bleu – taille élastique, poches - JOG25GDWP76808MJ1 - Mid-Blue / 14",TOWN TEAM,259.00,359.00,28,En stock,N/A,
Justyol,Enfants,Kids Babies All,"Chemise garçon manches longues – col mao, poche poitrine - SHI25SEIS76461MB1 - Army / 4",TOWN TEAM,179.00,359.00,50,En stock,N/A,
Justyol,Enfants,Kids Babies All,Jean fille ado coupe flare – JNS25GBIW72056MR1 - D-BLUE / 14,TOWN TEAM,209.00,299.00,30,En stock,N/A,
Justyol,Enfants,Kids Babies All,Jean ado fille coupe droite taille haute – denim bleu clair - JNS25GMIW72057MR1 - Ice Blue / 14,TOWN TEAM,209.00,349.00,40,En stock,N/A,
Justyol,Enfants,Kids Babies All,Short jean garçon noir avec revers et détails imprimés - SHR24SDPP75421MB1 - Black / 5,TOWN TEAM,149.00,299.00,50,En stock,N/A,
Justyol,Enfants,Kids Babies All,Short cargo ado garçon noir à cordon et poches latérales - SHR24SMBC75316MJ1 - Black / 9,TOWN TEAM,179.00,359.00,50,En stock,N/A,
Justyol,Enfants,Kids Babies All,Polo ado garçon jaune à col tunisien – finitions contrastées - POS24SPPU75560MJ1 - Yellow / 12,TOWN TEAM,129.00,249.00,48,En stock,N/A,
Justyol,Enfants,Kids Babies All,Short garçon cargo avec cordon – poches latérales - SHR24SGPC50708MB1 - Black / 4,TOWN TEAM,149.00,299.00,50,En stock,N/A,
Justyol,Enfants,Kids Babies All,"Polo garçon imprimé été – col polo, manches courtes - POS24SAPR75289MB1 - White / 8",TOWN TEAM,139.00,279.00,50,En stock,N/A,
Justyol,Enfants,Kids Babies All,"Polo ado garçon imprimé été – col polo, manches courtes - POS24SAPR75289MJ1 - Navy / 10",TOWN TEAM,139.00,279.00,50,En stock,N/A,
Justyol,Enfants,Kids Babies All,"Polo ado fille rose à volants – col contrasté, manches courtes - POS24SEPR71006MR1 - Orange / 12",TOWN TEAM,149.00,299.00,50,En stock,N/A,
Justyol,Enfants,Kids Babies All,"Polo garçon vert citron et bleu marine – rayures, poche imprimée - POS24SSPR75288MB1 - NVY/LIM / 8",TOWN TEAM,149.00,299.00,50,En stock,N/A,
Justyol,Enfants,Kids Babies All,"T-shirt fille dégradé Hello Summer – manches courtes, imprimé fleurs - TSH24SXXX70539MG1 - MINK / 7",TOWN TEAM,99.00,199.00,50,En stock,N/A,
Justyol,Enfants,Kids Babies All,Short cargo garçon avec poches et taille élastique – SHR24SGBC75307MB1 - Mint / 6,TOWN TEAM,179.00,359.00,50,En stock,N/A,
Justyol,Enfants,Kids Babies All,"Polo fille imprimé cœurs & messages – col classique, été - POS24SAPI71011MG1 - Sky Blue / 8",TOWN TEAM,149.00,299.00,50,En stock,N/A,
Justyol,Enfants,Kids Babies All,Polo ado fille imprimé cœurs & messages colorés manches courtes - POS24SAPI71011MR1 - Mint / 9,TOWN TEAM,149.00,299.00,50,En stock,N/A,
Justyol,Enfants,Kids Babies All,Polo ado fille YES GIRL YES avec volants col classique manches courtes - POS24SEPI71002MR1 - Mauve / 10,TOWN TEAM,149.00,299.00,50,En stock,N/A,
Justyol,Enfants,Kids Babies All,Polo fille brodé abeille avec imprimé fleurs manches courtes - POS24SEPI71007MG1 - Yellow / 6,TOWN TEAM,149.00,299.00,50,En stock,N/A,
Justyol,Enfants,Kids Babies All,T-shirt garçon imprimé streetwear all-over manches courtes col rond - TSH24SARO75280MB1 - White / 4,TOWN TEAM,89.00,179.00,50,En stock,N/A,
Justyol,Enfants,Kids Babies All,Polo fille à fleurs marguerites manches courtes col classique - POS24SAPR70592MG1 - Tia / 4,TOWN TEAM,149.00,299.00,50,En stock,N/A,
Justyol,Enfants,Kids Babies All,T-shirt ado garçon imprimé océan streetwear manches courtes - TSH24SARO75247MJ1 - White / 16,TOWN TEAM,89.00,179.00,50,En stock,N/A,
Justyol,Enfants,Kids Babies All,T-shirt fille lilas Hey Girls imprimé all-over manches courtes - TSH24SXXX70531MG1 - LILAC / 7,TOWN TEAM,79.00,149.00,47,En stock,N/A,
Justyol,Enfants,Kids Babies All,T-shirt fille blanc Tom & Jerry Play Time imprimé manches courtes - TSH24SARO70915MG1 - OFF WHIT / 8,TOWN TEAM,99.00,199.00,50,En stock,N/A,
Justyol,Enfants,Kids Babies All,Polo fille à pois manches courtes col boutonné – POS24SAPI71010MG1 - White / 4,TOWN TEAM,109.00,209.00,48,En stock,N/A,
Justyol,Enfants,Kids Babies All,"Chemise garçon manches longues – col mao, poche poitrine - SHI25SEIS76461MB1 - Navy / 5",TOWN TEAM,179.00,359.00,50,En stock,N/A,
Justyol,Enfants,Kids Babies All,Jean fille ado coupe flare – JNS25GBIW72056MR1 - D-BLUE / 10,TOWN TEAM,209.00,299.00,30,En stock,N/A,
Justyol,Enfants,Kids Babies All,Jean ado fille coupe droite taille haute – denim bleu clair - JNS25GMIW72057MR1 - Ice Blue / 10,TOWN TEAM,209.00,349.00,40,En stock,N/A,
Justyol,Enfants,Kids Babies All,Short cargo ado garçon noir à cordon et poches latérales - SHR24SMBC75316MJ1 - Black / 12,TOWN TEAM,179.00,359.00,50,En stock,N/A,
Justyol,Enfants,Kids Babies All,Polo ado garçon jaune à col tunisien – finitions contrastées - POS24SPPU75560MJ1 - Yellow / 10,TOWN TEAM,129.00,249.00,48,En stock,N/A,
Justyol,Enfants,Kids Babies All,Short garçon cargo avec cordon – poches latérales - SHR24SGPC50708MB1 - Black / 7,TOWN TEAM,149.00,299.00,50,En stock,N/A,
Justyol,Enfants,Kids Babies All,"Polo garçon imprimé été – col polo, manches courtes - POS24SAPR75289MB1 - Navy / 7",TOWN TEAM,139.00,279.00,50,En stock,N/A,
Justyol,Enfants,Kids Babies All,"Polo ado garçon imprimé été – col polo, manches courtes - POS24SAPR75289MJ1 - Navy / 9",TOWN TEAM,139.00,279.00,50,En stock,N/A,
Justyol,Enfants,Kids Babies All,"Polo ado fille rose à volants – col contrasté, manches courtes - POS24SEPR71006MR1 - Pink / 10",TOWN TEAM,149.00,299.00,50,En stock,N/A,
Justyol,Enfants,Kids Babies All,"T-shirt fille dégradé Hello Summer – manches courtes, imprimé fleurs - TSH24SXXX70539MG1 - MINK / 8",TOWN TEAM,99.00,199.00,50,En stock,N/A,
Justyol,Enfants,Kids Babies All,Short cargo garçon avec poches et taille élastique – SHR24SGBC75307MB1 - HEATR Rose / 4,TOWN TEAM,179.00,359.00,50,En stock,N/A,
Justyol,Enfants,Kids Babies All,"Polo fille imprimé cœurs & messages – col classique, été - POS24SAPI71011MG1 - White / 5",TOWN TEAM,149.00,299.00,50,En stock,N/A,
Justyol,Enfants,Kids Babies All,Polo ado fille imprimé cœurs & messages colorés manches courtes - POS24SAPI71011MR1 - Mint / 12,TOWN TEAM,149.00,299.00,50,En stock,N/A,
Justyol,Enfants,Kids Babies All,Polo ado fille YES GIRL YES avec volants col classique manches courtes - POS24SEPI71002MR1 - Mauve / 14,TOWN TEAM,149.00,299.00,50,En stock,N/A,
Justyol,Enfants,Kids Babies All,Polo fille brodé abeille avec imprimé fleurs manches courtes - POS24SEPI71007MG1 - Sky Blue / 4,TOWN TEAM,149.00,299.00,50,En stock,N/A,
Justyol,Enfants,Kids Babies All,T-shirt garçon imprimé streetwear all-over manches courtes col rond - TSH24SARO75280MB1 - Mauve / 8,TOWN TEAM,89.00,179.00,50,En stock,N/A,
Justyol,Enfants,Kids Babies All,Polo fille à fleurs marguerites manches courtes col classique - POS24SAPR70592MG1 - Tia / 7,TOWN TEAM,149.00,299.00,50,En stock,N/A,
Justyol,Enfants,Kids Babies All,T-shirt ado garçon imprimé océan streetwear manches courtes - TSH24SARO75247MJ1 - White / 14,TOWN TEAM,89.00,179.00,50,En stock,N/A,
Justyol,Enfants,Kids Babies All,T-shirt fille lilas Hey Girls imprimé all-over manches courtes - TSH24SXXX70531MG1 - LILAC / 8,TOWN TEAM,79.00,149.00,47,En stock,N/A,
Justyol,Enfants,Kids Babies All,T-shirt fille blanc Tom & Jerry Play Time imprimé manches courtes - TSH24SARO70915MG1 - OFF WHIT / 4,TOWN TEAM,99.00,199.00,50,En stock,N/A,
Justyol,Enfants,Kids Babies All,"Chemise garçon manches longues – col mao, poche poitrine - SHI25SEIS76461MB1 - Navy / 4",TOWN TEAM,179.00,359.00,50,En stock,N/A,
Justyol,Enfants,Kids Babies All,Jean fille ado coupe flare – JNS25GBIW72056MR1 - Mid-Blue / 10,TOWN TEAM,209.00,299.00,30,En stock,N/A,
Justyol,Enfants,Kids Babies All,Jean ado fille coupe droite taille haute – denim bleu clair - JNS25GMIW72057MR1 - Ice Blue / 16,TOWN TEAM,209.00,349.00,40,En stock,N/A,
Justyol,Enfants,Kids Babies All,"Polo garçon imprimé été – col polo, manches courtes - POS24SAPR75289MB1 - Navy / 6",TOWN TEAM,139.00,279.00,50,En stock,N/A,
Justyol,Enfants,Kids Babies All,"Polo ado garçon imprimé été – col polo, manches courtes - POS24SAPR75289MJ1 - Navy / 16",TOWN TEAM,139.00,279.00,50,En stock,N/A,
Justyol,Enfants,Kids Babies All,"Polo ado fille rose à volants – col contrasté, manches courtes - POS24SEPR71006MR1 - Pink / 14",TOWN TEAM,149.00,299.00,50,En stock,N/A,
Justyol,Enfants,Kids Babies All,Short cargo garçon avec poches et taille élastique – SHR24SGBC75307MB1 - HEATR Rose / 5,TOWN TEAM,179.00,359.00,50,En stock,N/A,
Justyol,Enfants,Kids Babies All,"Polo fille imprimé cœurs & messages – col classique, été - POS24SAPI71011MG1 - White / 7",TOWN TEAM,149.00,299.00,50,En stock,N/A,
Justyol,Enfants,Kids Babies All,Polo ado fille imprimé cœurs & messages colorés manches courtes - POS24SAPI71011MR1 - Mint / 14,TOWN TEAM,149.00,299.00,50,En stock,N/A,
Justyol,Enfants,Kids Babies All,Polo ado fille YES GIRL YES avec volants col classique manches courtes - POS24SEPI71002MR1 - Mauve / 12,TOWN TEAM,149.00,299.00,50,En stock,N/A,
Justyol,Enfants,Kids Babies All,Polo fille brodé abeille avec imprimé fleurs manches courtes - POS24SEPI71007MG1 - Sky Blue / 8,TOWN TEAM,149.00,299.00,50,En stock,N/A,
Justyol,Enfants,Kids Babies All,T-shirt garçon imprimé streetwear all-over manches courtes col rond - TSH24SARO75280MB1 - Mauve / 7,TOWN TEAM,89.00,179.00,50,En stock,N/A,
Justyol,Enfants,Kids Babies All,T-shirt ado garçon imprimé océan streetwear manches courtes - TSH24SARO75247MJ1 - White / 10,TOWN TEAM,89.00,179.00,50,En stock,N/A,
Justyol,Enfants,Kids Babies All,"Chemise garçon manches longues – col mao, poche poitrine - SHI25SEIS76461MB1 - OFF WHIT / 4",TOWN TEAM,179.00,359.00,50,En stock,N/A,
Justyol,Enfants,Kids Babies All,Jean fille ado coupe flare – JNS25GBIW72056MR1 - Mid-Blue / 14,TOWN TEAM,209.00,299.00,30,En stock,N/A,
Justyol,Enfants,Kids Babies All,"Polo ado garçon imprimé été – col polo, manches courtes - POS24SAPR75289MJ1 - White / 14",TOWN TEAM,139.00,279.00,50,En stock,N/A,
Justyol,Enfants,Kids Babies All,Short cargo garçon avec poches et taille élastique – SHR24SGBC75307MB1 - HEATR Rose / 6,TOWN TEAM,179.00,359.00,50,En stock,N/A,
Justyol,Enfants,Kids Babies All,"Polo fille imprimé cœurs & messages – col classique, été - POS24SAPI71011MG1 - White / 8",TOWN TEAM,149.00,299.00,50,En stock,N/A,
Justyol,Enfants,Kids Babies All,Polo ado fille imprimé cœurs & messages colorés manches courtes - POS24SAPI71011MR1 - White / 12,TOWN TEAM,149.00,299.00,50,En stock,N/A,
Justyol,Enfants,Kids Babies All,Polo ado fille YES GIRL YES avec volants col classique manches courtes - POS24SEPI71002MR1 - Simon / 12,TOWN TEAM,149.00,299.00,50,En stock,N/A,
Justyol,Enfants,Kids Babies All,Polo fille brodé abeille avec imprimé fleurs manches courtes - POS24SEPI71007MG1 - Yellow / 7,TOWN TEAM,149.00,299.00,50,En stock,N/A,
Justyol,Enfants,Kids Babies All,T-shirt garçon imprimé streetwear all-over manches courtes col rond - TSH24SARO75280MB1 - Mauve / 6,TOWN TEAM,89.00,179.00,50,En stock,N/A,
Justyol,Enfants,Kids Babies All,T-shirt ado garçon imprimé océan streetwear manches courtes - TSH24SARO75247MJ1 - Yellow / 16,TOWN TEAM,89.00,179.00,50,En stock,N/A,
Justyol,Enfants,Kids Babies All,Jean fille ado coupe flare – JNS25GBIW72056MR1 - D-BLUE / 9,TOWN TEAM,209.00,299.00,30,En stock,N/A,
Justyol,Enfants,Kids Babies All,Short cargo garçon avec poches et taille élastique – SHR24SGBC75307MB1 - HEATR Rose / 7,TOWN TEAM,179.00,359.00,50,En stock,N/A,
Justyol,Enfants,Kids Babies All,"Polo fille imprimé cœurs & messages – col classique, été - POS24SAPI71011MG1 - Sky Blue / 4",TOWN TEAM,149.00,299.00,50,En stock,N/A,
Justyol,Enfants,Kids Babies All,Polo ado fille imprimé cœurs & messages colorés manches courtes - POS24SAPI71011MR1 - White / 9,TOWN TEAM,149.00,299.00,50,En stock,N/A,
Justyol,Enfants,Kids Babies All,Polo fille brodé abeille avec imprimé fleurs manches courtes - POS24SEPI71007MG1 - Sky Blue / 5,TOWN TEAM,149.00,299.00,50,En stock,N/A,
Justyol,Enfants,Kids Babies All,T-shirt garçon imprimé streetwear all-over manches courtes col rond - TSH24SARO75280MB1 - White / 8,TOWN TEAM,89.00,179.00,50,En stock,N/A,
Justyol,Enfants,Kids Babies All,T-shirt ado garçon imprimé océan streetwear manches courtes - TSH24SARO75247MJ1 - White / 9,TOWN TEAM,89.00,179.00,50,En stock,N/A,
Justyol,Enfants,Kids Babies All,Jean fille ado coupe flare – JNS25GBIW72056MR1 - Mid-Blue / 12,TOWN TEAM,209.00,299.00,30,En stock,N/A,
Justyol,Enfants,Kids Babies All,Short cargo garçon avec poches et taille élastique – SHR24SGBC75307MB1 - HEATR Rose / 8,TOWN TEAM,179.00,359.00,50,En stock,N/A,
Justyol,Enfants,Kids Babies All,"Polo fille imprimé cœurs & messages – col classique, été - POS24SAPI71011MG1 - Mint / 5",TOWN TEAM,149.00,299.00,50,En stock,N/A,
Justyol,Enfants,Kids Babies All,Polo ado fille imprimé cœurs & messages colorés manches courtes - POS24SAPI71011MR1 - Sky Blue / 14,TOWN TEAM,149.00,299.00,50,En stock,N/A,
Justyol,Enfants,Kids Babies All,Polo fille brodé abeille avec imprimé fleurs manches courtes - POS24SEPI71007MG1 - Sky Blue / 6,TOWN TEAM,149.00,299.00,50,En stock,N/A,
Justyol,Enfants,Kids Babies All,T-shirt garçon imprimé streetwear all-over manches courtes col rond - TSH24SARO75280MB1 - Mauve / 5,TOWN TEAM,89.00,179.00,50,En stock,N/A,
Justyol,Enfants,Kids Babies All,T-shirt ado garçon imprimé océan streetwear manches courtes - TSH24SARO75247MJ1 - Yellow / 9,TOWN TEAM,89.00,179.00,50,En stock,N/A,
Justyol,Enfants,Kids Babies All,Jean fille ado coupe flare – JNS25GBIW72056MR1 - Mid-Blue / 9,TOWN TEAM,209.00,299.00,30,En stock,N/A,
Justyol,Enfants,Kids Babies All,Short cargo garçon avec poches et taille élastique – SHR24SGBC75307MB1 - Mint / 4,TOWN TEAM,179.00,359.00,50,En stock,N/A,
Justyol,Enfants,Kids Babies All,"Polo fille imprimé cœurs & messages – col classique, été - POS24SAPI71011MG1 - Mint / 6",TOWN TEAM,149.00,299.00,50,En stock,N/A,
Justyol,Enfants,Kids Babies All,Polo fille brodé abeille avec imprimé fleurs manches courtes - POS24SEPI71007MG1 - Sky Blue / 7,TOWN TEAM,149.00,299.00,50,En stock,N/A,
Justyol,Enfants,Kids Babies All,T-shirt ado garçon imprimé océan streetwear manches courtes - TSH24SARO75247MJ1 - Yellow / 12,TOWN TEAM,89.00,179.00,50,En stock,N/A,
Justyol,Enfants,Kids Babies All,Jean fille ado coupe flare – JNS25GBIW72056MR1 - D-BLUE / 12,TOWN TEAM,209.00,299.00,30,En stock,N/A,
Justyol,Enfants,Kids Babies All,"Polo fille imprimé cœurs & messages – col classique, été - POS24SAPI71011MG1 - Mint / 7",TOWN TEAM,149.00,299.00,50,En stock,N/A,
Justyol,Enfants,Kids Babies All,"Polo fille imprimé cœurs & messages – col classique, été - POS24SAPI71011MG1 - Mint / 8",TOWN TEAM,149.00,299.00,50,En stock,N/A,
Justyol,Enfants,Kids Babies All,"Polo fille imprimé cœurs & messages – col classique, été - POS24SAPI71011MG1 - Mint / 4",TOWN TEAM,149.00,299.00,50,En stock,N/A,
Justyol,Enfants,Kids Babies All,"Jean cargo ado fille en denim – coupe droite, poches latérales - JOG25GDBP71449MR1 - Mid-Blue / 14",TOWN TEAM,219.00,359.00,39,En stock,N/A,
Justyol,Enfants,Kids Babies All,"Jean cargo fille en denim – coupe droite, poches latérales - JOG25GDBP71448MG1 - Mid-Blue / 7",TOWN TEAM,219.00,359.00,39,En stock,N/A,
Justyol,Enfants,Kids Babies All,"Jean cargo ado fille en denim – coupe droite, poches latérales - JOG25GDBP71448MR1 - L-BLUE / 10",TOWN TEAM,219.00,359.00,39,En stock,N/A,
Justyol,Enfants,Kids Babies All,Jean garçon en denim coupe droite – JNS25GMBW76703MB1 - D-BLUE / 5,TOWN TEAM,209.00,299.00,30,En stock,N/A,
Justyol,Enfants,Kids Babies All,Jean ado garçon en denim coupe droite – JNS25GMBW76703MJ1 - Blue / 12,TOWN TEAM,209.00,299.00,30,En stock,N/A,
Justyol,Enfants,Kids Babies All,Jean cargo garçon en denim avec poches latérales – Coupe confortable - JNS25GBBW76704MB1 - Mid-Blue / 8,TOWN TEAM,249.00,349.00,29,En stock,N/A,
Justyol,Enfants,Kids Babies All,Jean cargo ado garçon en denim avec poches latérales – Coupe confortable - JNS25GBBW76704MJ1 - Mid-Blue / 10,TOWN TEAM,249.00,349.00,29,En stock,N/A,
Justyol,Enfants,Kids Babies All,Pantalon cargo ado garçon en denim avec bas élastiqué – Style urbain - JOG25GDWP76803MJ1 - Mid-Blue / 14,TOWN TEAM,219.00,359.00,39,En stock,N/A,
Justyol,Enfants,Kids Babies All,Pantalon cargo ado fille en denim avec poches latérales – Coupe confortable - JOG25GDBP71446MR1 - Charcoal / 10,TOWN TEAM,219.00,359.00,39,En stock,N/A,
Justyol,Enfants,Kids Babies All,Pantalon cargo ado fille en denim coupe wide leg avec poches – Style streetwear - JOG25GDBP71447MR1 - Navy / 12,TOWN TEAM,259.00,359.00,28,En stock,N/A,
Justyol,Enfants,Kids Babies All,Pantalon cargo fille en denim avec poches latérales – Confort et style quotidien - JOG25GDBP71446MG1 - Charcoal / 6,TOWN TEAM,219.00,359.00,39,En stock,N/A,
Justyol,Enfants,Kids Babies All,Jean garçon coupe confortable – Style moderne et usage quotidien - JNS25GSBW76700MB1 - D-GREY / 7,TOWN TEAM,209.00,299.00,30,En stock,N/A,
Justyol,Enfants,Kids Babies All,Jean ado garçon coupe droite – Denim confortable pour le quotidien - JNS25GSBW76700MJ1 - Blue / 14,TOWN TEAM,209.00,299.00,30,En stock,N/A,
Justyol,Enfants,Kids Babies All,Jogger fille style cargo en denim – Coupe large confortable et tendance - JOG25GDBP71447MG1 - L-BLUE / 6,TOWN TEAM,259.00,359.00,28,En stock,N/A,
Justyol,Enfants,Kids Babies All,Jean garçon coupe droite – Confort quotidien et style intemporel - JNS25GCBR76702MB1 - L-BLUE / 7,TOWN TEAM,209.00,299.00,30,En stock,N/A,
Justyol,Enfants,Kids Babies All,Chemise garçon manches longues col mao avec poche et imprimé Cool Happy Chill - SHI25SXIS76473MB1 - Mint / 8,TOWN TEAM,139.00,279.00,50,En stock,N/A,
Justyol,Enfants,Kids Babies All,Short de bain pour enfants au design coloré - SWO24SSAE11397TB1 - Red / 14,TOWN TEAM,99.00,239.00,59,En stock,N/A,
Justyol,Enfants,Kids Babies All,Short de bain pour enfants au design coloré - SWO24SSAE11386TB1 - Blue / 8,TOWN TEAM,99.00,239.00,59,En stock,N/A,
Justyol,Enfants,Kids Babies All,Short en jean pour enfants de couleur bleu clair - SHR25SDPP31707TB1 - Mid-Blue / 6,TOWN TEAM,139.00,359.00,61,En stock,N/A,
Justyol,Enfants,Kids Babies All,Ensemble t-shirt et short garçon noir à liserés contrastés – Look sportif et confortable - TST25SSPT15026TB1 - Black / 6,TOWN TEAM,259.00,659.00,61,En stock,N/A,
Justyol,Enfants,Kids Babies All,"Ensemble t-shirt et short garçon Batman imprimé – Off White, style décontracté - TST25SSAP50012TB1 - OFF WHIT / 12",TOWN TEAM,239.00,599.00,60,En stock,N/A,
Justyol,Enfants,Kids Babies All,Short en jean pour enfants de couleur bleu clair avec poches latérales - SHR25SDWC31710TB1 - Blue / 8,TOWN TEAM,179.00,439.00,59,En stock,N/A,
Justyol,Enfants,Kids Babies All,Short en jean pour enfants de couleur bleu clair avec poches latérales - SHR25GDWC31705TB1 - Blue / 10,TOWN TEAM,179.00,439.00,59,En stock,N/A,
Justyol,Enfants,Kids Babies All,Short cargo enfant garçon avec taille élastique et cordon de serrage – SHR25SDXX30208TB1 - White / 12,TOWN TEAM,179.00,439.00,59,En stock,N/A,
Justyol,Enfants,Kids Babies All,T-shirt Noir Garçon avec Imprimé KAMUI - Style Urbain et Tendance - TSH25SPRO32714TB1 - Black / 6,TOWN TEAM,119.00,299.00,60,En stock,N/A,
Justyol,Enfants,Kids Babies All,Sweatshirt à Capuche Enfant – Style Moderne et Confortable - SWS23WCOT31435TB1 - Charcoal / 4,TOWN TEAM,149.00,599.00,75,En stock,N/A,
Justyol,Enfants,Kids Babies All,Pantalon Jogging Garçon – Confort et Style Décontracté - JOG22WFGA24227TB1 - Black / 10,TOWN TEAM,129.00,259.00,50,En stock,N/A,
Justyol,Enfants,Kids Babies All,Pantalon Jogging Enfant – Confort et Style Décontracté - JOG23SDBS32243TB1 - L-BLUE / 14,TOWN TEAM,189.00,379.00,50,En stock,N/A,
Justyol,Enfants,Kids Babies All,Shorts en Denim Garçon – Confort et Style Décontracté - SHR23SDPP31682TB1 - D-GREY / 10,TOWN TEAM,89.00,299.00,70,En stock,N/A,
Justyol,Enfants,Kids Babies All,Chemise Garçon à Imprimé Street – Style Urbain et Confort - SSH24SPGR31116TB1 - Olive / 14,TOWN TEAM,79.00,299.00,74,En stock,N/A,
Justyol,Enfants,Kids Babies All,T-shirt Garçon à Imprimé Graphique – Style Fun et Confort - TSH24SPRO20931TJ1 - D-OLIVE / 10,TOWN TEAM,69.00,239.00,71,En stock,N/A,
Justyol,Enfants,Kids Babies All,T-shirt Garçon à Imprimé Motivant – Style Décontracté et Confort - TSH24SPRO32583TB1 - Beige / 8,TOWN TEAM,79.00,279.00,72,En stock,N/A,
Justyol,Enfants,Kids Babies All,T-shirt Garçon à Imprimé Sportif – Style Décontracté et Confort - TSH24SARO32620TB1 - OFF WHIT / 6,TOWN TEAM,89.00,299.00,70,En stock,N/A,
Justyol,Enfants,Kids Babies All,"T-shirt oversized avec graphique ""Holy Powers"" pour enfant - Style décontracté - TSH24SPRO32624TB1 - Stone / 10",TOWN TEAM,69.00,239.00,71,En stock,N/A,
Justyol,Enfants,Kids Babies All,"Jean cargo ado fille en denim – coupe droite, poches latérales - JOG25GDBP71449MR1 - L-BLUE / 14",TOWN TEAM,219.00,359.00,39,En stock,N/A,
Justyol,Enfants,Kids Babies All,"Jean cargo fille en denim – coupe droite, poches latérales - JOG25GDBP71448MG1 - L-BLUE / 5",TOWN TEAM,219.00,359.00,39,En stock,N/A,
Justyol,Enfants,Kids Babies All,"Jean cargo ado fille en denim – coupe droite, poches latérales - JOG25GDBP71448MR1 - L-BLUE / 14",TOWN TEAM,219.00,359.00,39,En stock,N/A,
Justyol,Enfants,Kids Babies All,Jean garçon en denim coupe droite – JNS25GMBW76703MB1 - D-BLUE / 6,TOWN TEAM,209.00,299.00,30,En stock,N/A,
Justyol,Enfants,Kids Babies All,Jean ado garçon en denim coupe droite – JNS25GMBW76703MJ1 - Blue / 10,TOWN TEAM,209.00,299.00,30,En stock,N/A,
Justyol,Enfants,Kids Babies All,Jean cargo garçon en denim avec poches latérales – Coupe confortable - JNS25GBBW76704MB1 - Mid-Blue / 4,TOWN TEAM,249.00,349.00,29,En stock,N/A,
Justyol,Enfants,Kids Babies All,Jean cargo ado garçon en denim avec poches latérales – Coupe confortable - JNS25GBBW76704MJ1 - Mid-Blue / 12,TOWN TEAM,249.00,349.00,29,En stock,N/A,
Justyol,Enfants,Kids Babies All,Pantalon cargo ado garçon en denim avec bas élastiqué – Style urbain - JOG25GDWP76803MJ1 - Ice Blue / 12,TOWN TEAM,219.00,359.00,39,En stock,N/A,
Justyol,Enfants,Kids Babies All,Pantalon cargo ado fille en denim avec poches latérales – Coupe confortable - JOG25GDBP71446MR1 - Charcoal / 14,TOWN TEAM,219.00,359.00,39,En stock,N/A,
Justyol,Enfants,Kids Babies All,Pantalon cargo ado fille en denim coupe wide leg avec poches – Style streetwear - JOG25GDBP71447MR1 - L-BLUE / 14,TOWN TEAM,259.00,359.00,28,En stock,N/A,
Justyol,Enfants,Kids Babies All,Pantalon cargo fille en denim avec poches latérales – Confort et style quotidien - JOG25GDBP71446MG1 - Charcoal / 4,TOWN TEAM,219.00,359.00,39,En stock,N/A,
Justyol,Enfants,Kids Babies All,Jean garçon coupe confortable – Style moderne et usage quotidien - JNS25GSBW76700MB1 - D-GREY / 8,TOWN TEAM,209.00,299.00,30,En stock,N/A,
Justyol,Enfants,Kids Babies All,Jean ado garçon coupe droite – Denim confortable pour le quotidien - JNS25GSBW76700MJ1 - Blue / 10,TOWN TEAM,209.00,299.00,30,En stock,N/A,
Justyol,Enfants,Kids Babies All,Jogger fille style cargo en denim – Coupe large confortable et tendance - JOG25GDBP71447MG1 - L-BLUE / 7,TOWN TEAM,259.00,359.00,28,En stock,N/A,
Justyol,Enfants,Kids Babies All,Jean garçon coupe droite – Confort quotidien et style intemporel - JNS25GCBR76702MB1 - Mid-Blue / 7,TOWN TEAM,209.00,299.00,30,En stock,N/A,
Justyol,Enfants,Kids Babies All,Chemise garçon manches longues col mao avec poche et imprimé Cool Happy Chill - SHI25SXIS76473MB1 - Mint / 4,TOWN TEAM,139.00,279.00,50,En stock,N/A,
Justyol,Enfants,Kids Babies All,Short de bain pour enfants au design coloré - SWO24SSAE11397TB1 - Red / 10,TOWN TEAM,99.00,239.00,59,En stock,N/A,
Justyol,Enfants,Kids Babies All,Short de bain pour enfants au design coloré - SWO24SSAE11386TB1 - Blue / 10,TOWN TEAM,99.00,239.00,59,En stock,N/A,
Justyol,Enfants,Kids Babies All,Short en jean pour enfants de couleur bleu clair - SHR25SDPP31707TB1 - Ice Blue / 8,TOWN TEAM,139.00,359.00,61,En stock,N/A,
Justyol,Enfants,Kids Babies All,Ensemble t-shirt et short garçon noir à liserés contrastés – Look sportif et confortable - TST25SSPT15026TB1 - Black / 16,TOWN TEAM,259.00,659.00,61,En stock,N/A,
Justyol,Enfants,Kids Babies All,"Ensemble t-shirt et short garçon Batman imprimé – Off White, style décontracté - TST25SSAP50012TB1 - OFF WHIT / 14",TOWN TEAM,239.00,599.00,60,En stock,N/A,
Justyol,Enfants,Kids Babies All,Short en jean pour enfants de couleur bleu clair avec poches latérales - SHR25SDWC31710TB1 - Blue / 14,TOWN TEAM,179.00,439.00,59,En stock,N/A,
Justyol,Enfants,Kids Babies All,Short en jean pour enfants de couleur bleu clair avec poches latérales - SHR25GDWC31705TB1 - Blue / 8,TOWN TEAM,179.00,439.00,59,En stock,N/A,
Justyol,Enfants,Kids Babies All,Short cargo enfant garçon avec taille élastique et cordon de serrage – SHR25SDXX30208TB1 - White / 6,TOWN TEAM,179.00,439.00,59,En stock,N/A,
Justyol,Enfants,Kids Babies All,Chemise Garçon à Imprimé Street – Style Urbain et Confort - SSH24SPGR31116TB1 - Olive / 12,TOWN TEAM,79.00,299.00,74,En stock,N/A,
Justyol,Enfants,Kids Babies All,"Jean cargo ado fille en denim – coupe droite, poches latérales - JOG25GDBP71449MR1 - L-BLUE / 9",TOWN TEAM,219.00,359.00,39,En stock,N/A,
Justyol,Enfants,Kids Babies All,"Jean cargo fille en denim – coupe droite, poches latérales - JOG25GDBP71448MG1 - L-BLUE / 6",TOWN TEAM,219.00,359.00,39,En stock,N/A,
Justyol,Enfants,Kids Babies All,"Jean cargo ado fille en denim – coupe droite, poches latérales - JOG25GDBP71448MR1 - Mid-Blue / 14",TOWN TEAM,219.00,359.00,39,En stock,N/A,
Justyol,Enfants,Kids Babies All,Jean garçon en denim coupe droite – JNS25GMBW76703MB1 - D-BLUE / 8,TOWN TEAM,209.00,299.00,30,En stock,N/A,
Justyol,Enfants,Kids Babies All,Jean ado garçon en denim coupe droite – JNS25GMBW76703MJ1 - Blue / 9,TOWN TEAM,209.00,299.00,30,En stock,N/A,
Justyol,Enfants,Kids Babies All,Jean cargo ado garçon en denim avec poches latérales – Coupe confortable - JNS25GBBW76704MJ1 - Sky Blue / 12,TOWN TEAM,249.00,349.00,29,En stock,N/A,
Justyol,Enfants,Kids Babies All,Pantalon cargo ado garçon en denim avec bas élastiqué – Style urbain - JOG25GDWP76803MJ1 - Ice Blue / 14,TOWN TEAM,219.00,359.00,39,En stock,N/A,
Justyol,Enfants,Kids Babies All,Pantalon cargo ado fille en denim avec poches latérales – Coupe confortable - JOG25GDBP71446MR1 - Charcoal / 9,TOWN TEAM,219.00,359.00,39,En stock,N/A,
Justyol,Enfants,Kids Babies All,Pantalon cargo ado fille en denim coupe wide leg avec poches – Style streetwear - JOG25GDBP71447MR1 - Navy / 14,TOWN TEAM,259.00,359.00,28,En stock,N/A,
Justyol,Enfants,Kids Babies All,Pantalon cargo fille en denim avec poches latérales – Confort et style quotidien - JOG25GDBP71446MG1 - Charcoal / 5,TOWN TEAM,219.00,359.00,39,En stock,N/A,
Justyol,Enfants,Kids Babies All,Jean garçon coupe confortable – Style moderne et usage quotidien - JNS25GSBW76700MB1 - D-GREY / 6,TOWN TEAM,209.00,299.00,30,En stock,N/A,
Justyol,Enfants,Kids Babies All,Jean ado garçon coupe droite – Denim confortable pour le quotidien - JNS25GSBW76700MJ1 - Black / 14,TOWN TEAM,209.00,299.00,30,En stock,N/A,
Justyol,Enfants,Kids Babies All,Jogger fille style cargo en denim – Coupe large confortable et tendance - JOG25GDBP71447MG1 - L-BLUE / 8,TOWN TEAM,259.00,359.00,28,En stock,N/A,
Justyol,Enfants,Kids Babies All,Jean garçon coupe droite – Confort quotidien et style intemporel - JNS25GCBR76702MB1 - Mid-Blue / 8,TOWN TEAM,209.00,299.00,30,En stock,N/A,
Justyol,Enfants,Kids Babies All,Short de bain pour enfants au design coloré - SWO24SSAE11397TB1 - Red / 6,TOWN TEAM,99.00,239.00,59,En stock,N/A,
Justyol,Enfants,Kids Babies All,Short de bain pour enfants au design coloré - SWO24SSAE11386TB1 - Blue / 6,TOWN TEAM,99.00,239.00,59,En stock,N/A,
Justyol,Enfants,Kids Babies All,Short en jean pour enfants de couleur bleu clair - SHR25SDPP31707TB1 - Mid-Blue / 8,TOWN TEAM,139.00,359.00,61,En stock,N/A,
Justyol,Enfants,Kids Babies All,Ensemble t-shirt et short garçon noir à liserés contrastés – Look sportif et confortable - TST25SSPT15026TB1 - Black / 12,TOWN TEAM,259.00,659.00,61,En stock,N/A,
Justyol,Enfants,Kids Babies All,"Ensemble t-shirt et short garçon Batman imprimé – Off White, style décontracté - TST25SSAP50012TB1 - OFF WHIT / 10",TOWN TEAM,239.00,599.00,60,En stock,N/A,
Justyol,Enfants,Kids Babies All,Short en jean pour enfants de couleur bleu clair avec poches latérales - SHR25SDWC31710TB1 - Blue / 12,TOWN TEAM,179.00,439.00,59,En stock,N/A,
Justyol,Enfants,Kids Babies All,Short en jean pour enfants de couleur bleu clair avec poches latérales - SHR25GDWC31705TB1 - Blue / 6,TOWN TEAM,179.00,439.00,59,En stock,N/A,
Justyol,Enfants,Kids Babies All,Short cargo enfant garçon avec taille élastique et cordon de serrage – SHR25SDXX30208TB1 - White / 10,TOWN TEAM,179.00,439.00,59,En stock,N/A,
Justyol,Enfants,Kids Babies All,Chemise Garçon à Imprimé Street – Style Urbain et Confort - SSH24SPGR31116TB1 - L-BEIGE / 12,TOWN TEAM,79.00,299.00,74,En stock,N/A,
Justyol,Enfants,Kids Babies All,"Jean cargo ado fille en denim – coupe droite, poches latérales - JOG25GDBP71449MR1 - L-BLUE / 12",TOWN TEAM,219.00,359.00,39,En stock,N/A,
Justyol,Enfants,Kids Babies All,"Jean cargo fille en denim – coupe droite, poches latérales - JOG25GDBP71448MG1 - L-BLUE / 7",TOWN TEAM,219.00,359.00,39,En stock,N/A,
Justyol,Enfants,Kids Babies All,"Jean cargo ado fille en denim – coupe droite, poches latérales - JOG25GDBP71448MR1 - Mid-Blue / 10",TOWN TEAM,219.00,359.00,39,En stock,N/A,
Justyol,Enfants,Kids Babies All,Jean garçon en denim coupe droite – JNS25GMBW76703MB1 - D-BLUE / 7,TOWN TEAM,209.00,299.00,30,En stock,N/A,
Justyol,Enfants,Kids Babies All,Jean ado garçon en denim coupe droite – JNS25GMBW76703MJ1 - Blue / 14,TOWN TEAM,209.00,299.00,30,En stock,N/A,
Justyol,Enfants,Kids Babies All,Jean cargo ado garçon en denim avec poches latérales – Coupe confortable - JNS25GBBW76704MJ1 - Mid-Blue / 9,TOWN TEAM,249.00,349.00,29,En stock,N/A,
Justyol,Enfants,Kids Babies All,Pantalon cargo ado fille en denim avec poches latérales – Coupe confortable - JOG25GDBP71446MR1 - Charcoal / 12,TOWN TEAM,219.00,359.00,39,En stock,N/A,
Justyol,Enfants,Kids Babies All,Pantalon cargo ado fille en denim coupe wide leg avec poches – Style streetwear - JOG25GDBP71447MR1 - Navy / 16,TOWN TEAM,259.00,359.00,28,En stock,N/A,
Justyol,Enfants,Kids Babies All,Pantalon cargo fille en denim avec poches latérales – Confort et style quotidien - JOG25GDBP71446MG1 - Charcoal / 7,TOWN TEAM,219.00,359.00,39,En stock,N/A,
Justyol,Enfants,Kids Babies All,Jean garçon coupe confortable – Style moderne et usage quotidien - JNS25GSBW76700MB1 - D-GREY / 5,TOWN TEAM,209.00,299.00,30,En stock,N/A,
Justyol,Enfants,Kids Babies All,Jean ado garçon coupe droite – Denim confortable pour le quotidien - JNS25GSBW76700MJ1 - Black / 16,TOWN TEAM,209.00,299.00,30,En stock,N/A,
Justyol,Enfants,Kids Babies All,Jogger fille style cargo en denim – Coupe large confortable et tendance - JOG25GDBP71447MG1 - Navy / 4,TOWN TEAM,259.00,359.00,28,En stock,N/A,
Justyol,Enfants,Kids Babies All,Jean garçon coupe droite – Confort quotidien et style intemporel - JNS25GCBR76702MB1 - Mid-Blue / 6,TOWN TEAM,209.00,299.00,30,En stock,N/A,
Justyol,Enfants,Kids Babies All,Short de bain pour enfants au design coloré - SWO24SSAE11397TB1 - Red / 8,TOWN TEAM,99.00,239.00,59,En stock,N/A,
Justyol,Enfants,Kids Babies All,Short de bain pour enfants au design coloré - SWO24SSAE11386TB1 - Blue / 14,TOWN TEAM,99.00,239.00,59,En stock,N/A,
Justyol,Enfants,Kids Babies All,Short en jean pour enfants de couleur bleu clair - SHR25SDPP31707TB1 - Ice Blue / 10,TOWN TEAM,139.00,359.00,61,En stock,N/A,
Justyol,Enfants,Kids Babies All,Ensemble t-shirt et short garçon noir à liserés contrastés – Look sportif et confortable - TST25SSPT15026TB1 - Black / 14,TOWN TEAM,259.00,659.00,61,En stock,N/A,
Justyol,Enfants,Kids Babies All,Short en jean pour enfants de couleur bleu clair avec poches latérales - SHR25SDWC31710TB1 - Blue / 10,TOWN TEAM,179.00,439.00,59,En stock,N/A,
Justyol,Enfants,Kids Babies All,Short en jean pour enfants de couleur bleu clair avec poches latérales - SHR25GDWC31705TB1 - Blue / 12,TOWN TEAM,179.00,439.00,59,En stock,N/A,
Justyol,Enfants,Kids Babies All,Short cargo enfant garçon avec taille élastique et cordon de serrage – SHR25SDXX30208TB1 - White / 8,TOWN TEAM,179.00,439.00,59,En stock,N/A,
Justyol,Enfants,Kids Babies All,"Jean cargo ado fille en denim – coupe droite, poches latérales - JOG25GDBP71449MR1 - Mid-Blue / 16",TOWN TEAM,219.00,359.00,39,En stock,N/A,
Justyol,Enfants,Kids Babies All,"Jean cargo fille en denim – coupe droite, poches latérales - JOG25GDBP71448MG1 - Mid-Blue / 6",TOWN TEAM,219.00,359.00,39,En stock,N/A,
Justyol,Enfants,Kids Babies All,"Jean cargo ado fille en denim – coupe droite, poches latérales - JOG25GDBP71448MR1 - Mid-Blue / 12",TOWN TEAM,219.00,359.00,39,En stock,N/A,
Justyol,Enfants,Kids Babies All,Jean garçon en denim coupe droite – JNS25GMBW76703MB1 - D-BLUE / 4,TOWN TEAM,209.00,299.00,30,En stock,N/A,
Justyol,Enfants,Kids Babies All,Jean ado garçon en denim coupe droite – JNS25GMBW76703MJ1 - D-GREY / 12,TOWN TEAM,209.00,299.00,30,En stock,N/A,
Justyol,Enfants,Kids Babies All,Jean cargo ado garçon en denim avec poches latérales – Coupe confortable - JNS25GBBW76704MJ1 - Mid-Blue / 16,TOWN TEAM,249.00,349.00,29,En stock,N/A,
Justyol,Enfants,Kids Babies All,Pantalon cargo ado fille en denim avec poches latérales – Coupe confortable - JOG25GDBP71446MR1 - Navy / 10,TOWN TEAM,219.00,359.00,39,En stock,N/A,
Justyol,Enfants,Kids Babies All,Pantalon cargo fille en denim avec poches latérales – Confort et style quotidien - JOG25GDBP71446MG1 - Navy / 5,TOWN TEAM,219.00,359.00,39,En stock,N/A,
Justyol,Enfants,Kids Babies All,Jean garçon coupe confortable – Style moderne et usage quotidien - JNS25GSBW76700MB1 - D-GREY / 4,TOWN TEAM,209.00,299.00,30,En stock,N/A,
Justyol,Enfants,Kids Babies All,Jean ado garçon coupe droite – Denim confortable pour le quotidien - JNS25GSBW76700MJ1 - Black / 9,TOWN TEAM,209.00,299.00,30,En stock,N/A,
Justyol,Enfants,Kids Babies All,Jogger fille style cargo en denim – Coupe large confortable et tendance - JOG25GDBP71447MG1 - Navy / 5,TOWN TEAM,259.00,359.00,28,En stock,N/A,
Justyol,Enfants,Kids Babies All,Jean garçon coupe droite – Confort quotidien et style intemporel - JNS25GCBR76702MB1 - Mid-Blue / 5,TOWN TEAM,209.00,299.00,30,En stock,N/A,
Justyol,Enfants,Kids Babies All,Short de bain pour enfants au design coloré - SWO24SSAE11397TB1 - Red / 12,TOWN TEAM,99.00,239.00,59,En stock,N/A,
Justyol,Enfants,Kids Babies All,Short en jean pour enfants de couleur bleu clair - SHR25SDPP31707TB1 - Ice Blue / 12,TOWN TEAM,139.00,359.00,61,En stock,N/A,
Justyol,Enfants,Kids Babies All,Ensemble t-shirt et short garçon noir à liserés contrastés – Look sportif et confortable - TST25SSPT15026TB1 - Black / 10,TOWN TEAM,259.00,659.00,61,En stock,N/A,
Justyol,Enfants,Kids Babies All,Short en jean pour enfants de couleur bleu clair avec poches latérales - SHR25SDWC31710TB1 - Blue / 6,TOWN TEAM,179.00,439.00,59,En stock,N/A,
Justyol,Enfants,Kids Babies All,Short en jean pour enfants de couleur bleu clair avec poches latérales - SHR25GDWC31705TB1 - Blue / 14,TOWN TEAM,179.00,439.00,59,En stock,N/A,
Justyol,Enfants,Kids Babies All,Short cargo enfant garçon avec taille élastique et cordon de serrage – SHR25SDXX30208TB1 - White / 14,TOWN TEAM,179.00,439.00,59,En stock,N/A,
Justyol,Enfants,Kids Babies All,"Jean cargo ado fille en denim – coupe droite, poches latérales - JOG25GDBP71449MR1 - Mid-Blue / 9",TOWN TEAM,219.00,359.00,39,En stock,N/A,
Justyol,Enfants,Kids Babies All,"Jean cargo fille en denim – coupe droite, poches latérales - JOG25GDBP71448MG1 - Mid-Blue / 5",TOWN TEAM,219.00,359.00,39,En stock,N/A,
Justyol,Enfants,Kids Babies All,"Jean cargo ado fille en denim – coupe droite, poches latérales - JOG25GDBP71448MR1 - Mid-Blue / 9",TOWN TEAM,219.00,359.00,39,En stock,N/A,
Justyol,Enfants,Kids Babies All,Jean garçon en denim coupe droite – JNS25GMBW76703MB1 - Blue / 4,TOWN TEAM,209.00,299.00,30,En stock,N/A,
Justyol,Enfants,Kids Babies All,Jean ado garçon en denim coupe droite – JNS25GMBW76703MJ1 - D-BLUE / 10,TOWN TEAM,209.00,299.00,30,En stock,N/A,
Justyol,Enfants,Kids Babies All,Jean cargo ado garçon en denim avec poches latérales – Coupe confortable - JNS25GBBW76704MJ1 - Mid-Blue / 14,TOWN TEAM,249.00,349.00,29,En stock,N/A,
Justyol,Enfants,Kids Babies All,Pantalon cargo ado fille en denim avec poches latérales – Coupe confortable - JOG25GDBP71446MR1 - Navy / 14,TOWN TEAM,219.00,359.00,39,En stock,N/A,
Justyol,Enfants,Kids Babies All,Pantalon cargo fille en denim avec poches latérales – Confort et style quotidien - JOG25GDBP71446MG1 - Navy / 6,TOWN TEAM,219.00,359.00,39,En stock,N/A,
Justyol,Enfants,Kids Babies All,Jean garçon coupe confortable – Style moderne et usage quotidien - JNS25GSBW76700MB1 - D-BLUE / 7,TOWN TEAM,209.00,299.00,30,En stock,N/A,
Justyol,Enfants,Kids Babies All,Jean ado garçon coupe droite – Denim confortable pour le quotidien - JNS25GSBW76700MJ1 - Black / 12,TOWN TEAM,209.00,299.00,30,En stock,N/A,
Justyol,Enfants,Kids Babies All,Jogger fille style cargo en denim – Coupe large confortable et tendance - JOG25GDBP71447MG1 - Navy / 7,TOWN TEAM,259.00,359.00,28,En stock,N/A,
Justyol,Enfants,Kids Babies All,Jean garçon coupe droite – Confort quotidien et style intemporel - JNS25GCBR76702MB1 - D-BLUE / 8,TOWN TEAM,209.00,299.00,30,En stock,N/A,
Justyol,Enfants,Kids Babies All,Short en jean pour enfants de couleur bleu clair - SHR25SDPP31707TB1 - Mid-Blue / 10,TOWN TEAM,139.00,359.00,61,En stock,N/A,
Justyol,Enfants,Kids Babies All,"Jean cargo ado fille en denim – coupe droite, poches latérales - JOG25GDBP71449MR1 - Mid-Blue / 12",TOWN TEAM,219.00,359.00,39,En stock,N/A,
Justyol,Enfants,Kids Babies All,"Jean cargo fille en denim – coupe droite, poches latérales - JOG25GDBP71448MG1 - Mid-Blue / 4",TOWN TEAM,219.00,359.00,39,En stock,N/A,
Justyol,Enfants,Kids Babies All,"Jean cargo ado fille en denim – coupe droite, poches latérales - JOG25GDBP71448MR1 - L-BLUE / 12",TOWN TEAM,219.00,359.00,39,En stock,N/A,
Justyol,Enfants,Kids Babies All,Jean garçon en denim coupe droite – JNS25GMBW76703MB1 - Blue / 8,TOWN TEAM,209.00,299.00,30,En stock,N/A,
Justyol,Enfants,Kids Babies All,Jean ado garçon en denim coupe droite – JNS25GMBW76703MJ1 - D-BLUE / 14,TOWN TEAM,209.00,299.00,30,En stock,N/A,
Justyol,Enfants,Kids Babies All,Jean cargo ado garçon en denim avec poches latérales – Coupe confortable - JNS25GBBW76704MJ1 - Sky Blue / 14,TOWN TEAM,249.00,349.00,29,En stock,N/A,
Justyol,Enfants,Kids Babies All,Pantalon cargo ado fille en denim avec poches latérales – Coupe confortable - JOG25GDBP71446MR1 - Navy / 16,TOWN TEAM,219.00,359.00,39,En stock,N/A,
Justyol,Enfants,Kids Babies All,Pantalon cargo fille en denim avec poches latérales – Confort et style quotidien - JOG25GDBP71446MG1 - Navy / 7,TOWN TEAM,219.00,359.00,39,En stock,N/A,
Justyol,Enfants,Kids Babies All,Jean garçon coupe confortable – Style moderne et usage quotidien - JNS25GSBW76700MB1 - Blue / 8,TOWN TEAM,209.00,299.00,30,En stock,N/A,
Justyol,Enfants,Kids Babies All,Jean ado garçon coupe droite – Denim confortable pour le quotidien - JNS25GSBW76700MJ1 - D-GREY / 9,TOWN TEAM,209.00,299.00,30,En stock,N/A,
Justyol,Enfants,Kids Babies All,Jogger fille style cargo en denim – Coupe large confortable et tendance - JOG25GDBP71447MG1 - Navy / 8,TOWN TEAM,259.00,359.00,28,En stock,N/A,
Justyol,Enfants,Kids Babies All,Jean garçon coupe droite – Confort quotidien et style intemporel - JNS25GCBR76702MB1 - D-BLUE / 7,TOWN TEAM,209.00,299.00,30,En stock,N/A,
Justyol,Enfants,Kids Babies All,Short en jean pour enfants de couleur bleu clair - SHR25SDPP31707TB1 - Ice Blue / 14,TOWN TEAM,139.00,359.00,61,En stock,N/A,
Justyol,Enfants,Kids Babies All,"Jean cargo ado fille en denim – coupe droite, poches latérales - JOG25GDBP71449MR1 - L-BLUE / 16",TOWN TEAM,219.00,359.00,39,En stock,N/A,
Justyol,Enfants,Kids Babies All,"Jean cargo fille en denim – coupe droite, poches latérales - JOG25GDBP71448MG1 - L-BLUE / 8",TOWN TEAM,219.00,359.00,39,En stock,N/A,
Justyol,Enfants,Kids Babies All,"Jean cargo ado fille en denim – coupe droite, poches latérales - JOG25GDBP71448MR1 - L-BLUE / 16",TOWN TEAM,219.00,359.00,39,En stock,N/A,
Justyol,Enfants,Kids Babies All,Jean garçon en denim coupe droite – JNS25GMBW76703MB1 - Blue / 7,TOWN TEAM,209.00,299.00,30,En stock,N/A,
Justyol,Enfants,Kids Babies All,Jean ado garçon en denim coupe droite – JNS25GMBW76703MJ1 - D-BLUE / 16,TOWN TEAM,209.00,299.00,30,En stock,N/A,
Justyol,Enfants,Kids Babies All,Jean cargo ado garçon en denim avec poches latérales – Coupe confortable - JNS25GBBW76704MJ1 - Black / 14,TOWN TEAM,249.00,349.00,29,En stock,N/A,
Justyol,Enfants,Kids Babies All,Pantalon cargo ado fille en denim avec poches latérales – Coupe confortable - JOG25GDBP71446MR1 - Navy / 9,TOWN TEAM,219.00,359.00,39,En stock,N/A,
Justyol,Enfants,Kids Babies All,Pantalon cargo fille en denim avec poches latérales – Confort et style quotidien - JOG25GDBP71446MG1 - Navy / 8,TOWN TEAM,219.00,359.00,39,En stock,N/A,
Justyol,Enfants,Kids Babies All,Jean garçon coupe confortable – Style moderne et usage quotidien - JNS25GSBW76700MB1 - Blue / 7,TOWN TEAM,209.00,299.00,30,En stock,N/A,
Justyol,Enfants,Kids Babies All,Jean ado garçon coupe droite – Denim confortable pour le quotidien - JNS25GSBW76700MJ1 - D-GREY / 16,TOWN TEAM,209.00,299.00,30,En stock,N/A,
Justyol,Enfants,Kids Babies All,Jogger fille style cargo en denim – Coupe large confortable et tendance - JOG25GDBP71447MG1 - Navy / 6,TOWN TEAM,259.00,359.00,28,En stock,N/A,
Justyol,Enfants,Kids Babies All,Jean garçon coupe droite – Confort quotidien et style intemporel - JNS25GCBR76702MB1 - Mid-Blue / 4,TOWN TEAM,209.00,299.00,30,En stock,N/A,
Justyol,Enfants,Kids Babies All,Short en jean pour enfants de couleur bleu clair - SHR25SDPP31707TB1 - Mid-Blue / 12,TOWN TEAM,139.00,359.00,61,En stock,N/A,
Justyol,Enfants,Kids Babies All,"Jean cargo fille en denim – coupe droite, poches latérales - JOG25GDBP71448MG1 - L-BLUE / 4",TOWN TEAM,219.00,359.00,39,En stock,N/A,
Justyol,Enfants,Kids Babies All,Jean garçon en denim coupe droite – JNS25GMBW76703MB1 - Blue / 6,TOWN TEAM,209.00,299.00,30,En stock,N/A,
Justyol,Enfants,Kids Babies All,Jean ado garçon en denim coupe droite – JNS25GMBW76703MJ1 - D-BLUE / 9,TOWN TEAM,209.00,299.00,30,En stock,N/A,
Justyol,Enfants,Kids Babies All,Pantalon cargo ado fille en denim avec poches latérales – Coupe confortable - JOG25GDBP71446MR1 - Navy / 12,TOWN TEAM,219.00,359.00,39,En stock,N/A,
Justyol,Enfants,Kids Babies All,Jean garçon coupe confortable – Style moderne et usage quotidien - JNS25GSBW76700MB1 - D-BLUE / 8,TOWN TEAM,209.00,299.00,30,En stock,N/A,
Justyol,Enfants,Kids Babies All,Jean ado garçon coupe droite – Denim confortable pour le quotidien - JNS25GSBW76700MJ1 - Sky Blue / 14,TOWN TEAM,209.00,299.00,30,En stock,N/A,
Justyol,Enfants,Kids Babies All,Jogger fille style cargo en denim – Coupe large confortable et tendance - JOG25GDBP71447MG1 - L-BLUE / 4,TOWN TEAM,259.00,359.00,28,En stock,N/A,
Justyol,Enfants,Kids Babies All,Jean garçon coupe droite – Confort quotidien et style intemporel - JNS25GCBR76702MB1 - D-BLUE / 5,TOWN TEAM,209.00,299.00,30,En stock,N/A,
Justyol,Enfants,Kids Babies All,Short en jean pour enfants de couleur bleu clair - SHR25SDPP31707TB1 - Ice Blue / 6,TOWN TEAM,139.00,359.00,61,En stock,N/A,
Justyol,Enfants,Kids Babies All,Jean garçon en denim coupe droite – JNS25GMBW76703MB1 - Blue / 5,TOWN TEAM,209.00,299.00,30,En stock,N/A,
Justyol,Enfants,Kids Babies All,Jean ado garçon en denim coupe droite – JNS25GMBW76703MJ1 - D-BLUE / 12,TOWN TEAM,209.00,299.00,30,En stock,N/A,
Justyol,Enfants,Kids Babies All,Jean garçon coupe confortable – Style moderne et usage quotidien - JNS25GSBW76700MB1 - Blue / 6,TOWN TEAM,209.00,299.00,30,En stock,N/A,
Justyol,Enfants,Kids Babies All,Jean ado garçon coupe droite – Denim confortable pour le quotidien - JNS25GSBW76700MJ1 - Black / 10,TOWN TEAM,209.00,299.00,30,En stock,N/A,
Justyol,Enfants,Kids Babies All,Jogger fille style cargo en denim – Coupe large confortable et tendance - JOG25GDBP71447MG1 - L-BLUE / 5,TOWN TEAM,259.00,359.00,28,En stock,N/A,
Justyol,Enfants,Kids Babies All,Jean garçon coupe droite – Confort quotidien et style intemporel - JNS25GCBR76702MB1 - D-BLUE / 4,TOWN TEAM,209.00,299.00,30,En stock,N/A,
Justyol,Enfants,Kids Babies All,Short en jean pour enfants de couleur bleu clair - SHR25SDPP31707TB1 - Mid-Blue / 14,TOWN TEAM,139.00,359.00,61,En stock,N/A,
Justyol,Enfants,Kids Babies All,Jean garçon en denim coupe droite – JNS25GMBW76703MB1 - Ice Blue / 4,TOWN TEAM,209.00,299.00,30,En stock,N/A,
Justyol,Enfants,Kids Babies All,Jean ado garçon en denim coupe droite – JNS25GMBW76703MJ1 - Ice Blue / 10,TOWN TEAM,209.00,299.00,30,En stock,N/A,
Justyol,Enfants,Kids Babies All,Jean garçon coupe confortable – Style moderne et usage quotidien - JNS25GSBW76700MB1 - Blue / 5,TOWN TEAM,209.00,299.00,30,En stock,N/A,
Justyol,Enfants,Kids Babies All,Jean ado garçon coupe droite – Denim confortable pour le quotidien - JNS25GSBW76700MJ1 - D-GREY / 10,TOWN TEAM,209.00,299.00,30,En stock,N/A,
Justyol,Enfants,Kids Babies All,Jean garçon coupe droite – Confort quotidien et style intemporel - JNS25GCBR76702MB1 - L-BLUE / 8,TOWN TEAM,209.00,299.00,30,En stock,N/A,
Justyol,Enfants,Kids Babies All,Jean garçon en denim coupe droite – JNS25GMBW76703MB1 - Ice Blue / 5,TOWN TEAM,209.00,299.00,30,En stock,N/A,
Justyol,Enfants,Kids Babies All,Jean ado garçon en denim coupe droite – JNS25GMBW76703MJ1 - Ice Blue / 14,TOWN TEAM,209.00,299.00,30,En stock,N/A,
Justyol,Enfants,Kids Babies All,Jean garçon coupe confortable – Style moderne et usage quotidien - JNS25GSBW76700MB1 - Blue / 4,TOWN TEAM,209.00,299.00,30,En stock,N/A,
Justyol,Enfants,Kids Babies All,Jean ado garçon coupe droite – Denim confortable pour le quotidien - JNS25GSBW76700MJ1 - Blue / 16,TOWN TEAM,209.00,299.00,30,En stock,N/A,
Justyol,Enfants,Kids Babies All,Jean garçon coupe droite – Confort quotidien et style intemporel - JNS25GCBR76702MB1 - L-BLUE / 4,TOWN TEAM,209.00,299.00,30,En stock,N/A,
Justyol,Enfants,Kids Babies All,Jean garçon en denim coupe droite – JNS25GMBW76703MB1 - Ice Blue / 6,TOWN TEAM,209.00,299.00,30,En stock,N/A,
Justyol,Enfants,Kids Babies All,Jean ado garçon en denim coupe droite – JNS25GMBW76703MJ1 - Blue / 16,TOWN TEAM,209.00,299.00,30,En stock,N/A,
Justyol,Enfants,Kids Babies All,Jean garçon coupe confortable – Style moderne et usage quotidien - JNS25GSBW76700MB1 - Black / 8,TOWN TEAM,209.00,299.00,30,En stock,N/A,
Justyol,Enfants,Kids Babies All,Jean ado garçon coupe droite – Denim confortable pour le quotidien - JNS25GSBW76700MJ1 - Blue / 12,TOWN TEAM,209.00,299.00,30,En stock,N/A,
Justyol,Enfants,Kids Babies All,Jean garçon coupe droite – Confort quotidien et style intemporel - JNS25GCBR76702MB1 - L-BLUE / 5,TOWN TEAM,209.00,299.00,30,En stock,N/A,
Justyol,Enfants,Kids Babies All,Jean garçon en denim coupe droite – JNS25GMBW76703MB1 - Ice Blue / 7,TOWN TEAM,209.00,299.00,30,En stock,N/A,
Justyol,Enfants,Kids Babies All,Jean ado garçon en denim coupe droite – JNS25GMBW76703MJ1 - Ice Blue / 9,TOWN TEAM,209.00,299.00,30,En stock,N/A,
Justyol,Enfants,Kids Babies All,Jean garçon coupe confortable – Style moderne et usage quotidien - JNS25GSBW76700MB1 - Black / 7,TOWN TEAM,209.00,299.00,30,En stock,N/A,
Justyol,Enfants,Kids Babies All,Jean ado garçon coupe droite – Denim confortable pour le quotidien - JNS25GSBW76700MJ1 - D-GREY / 14,TOWN TEAM,209.00,299.00,30,En stock,N/A,
Justyol,Enfants,Kids Babies All,Jean garçon coupe droite – Confort quotidien et style intemporel - JNS25GCBR76702MB1 - D-BLUE / 6,TOWN TEAM,209.00,299.00,30,En stock,N/A,
Justyol,Enfants,Kids Babies All,Jean ado garçon en denim coupe droite – JNS25GMBW76703MJ1 - Ice Blue / 12,TOWN TEAM,209.00,299.00,30,En stock,N/A,
Justyol,Enfants,Kids Babies All,Jean garçon coupe confortable – Style moderne et usage quotidien - JNS25GSBW76700MB1 - Black / 6,TOWN TEAM,209.00,299.00,30,En stock,N/A,
Justyol,Enfants,Kids Babies All,Jean ado garçon coupe droite – Denim confortable pour le quotidien - JNS25GSBW76700MJ1 - Sky Blue / 10,TOWN TEAM,209.00,299.00,30,En stock,N/A,
Justyol,Enfants,Kids Babies All,Jean garçon coupe droite – Confort quotidien et style intemporel - JNS25GCBR76702MB1 - L-BLUE / 6,TOWN TEAM,209.00,299.00,30,En stock,N/A,
Justyol,Enfants,Kids Babies All,Jean ado garçon en denim coupe droite – JNS25GMBW76703MJ1 - D-GREY / 14,TOWN TEAM,209.00,299.00,30,En stock,N/A,
Justyol,Enfants,Kids Babies All,Jean garçon coupe confortable – Style moderne et usage quotidien - JNS25GSBW76700MB1 - Sky Blue / 5,TOWN TEAM,209.00,299.00,30,En stock,N/A,
Justyol,Enfants,Kids Babies All,Jean ado garçon coupe droite – Denim confortable pour le quotidien - JNS25GSBW76700MJ1 - Sky Blue / 16,TOWN TEAM,209.00,299.00,30,En stock,N/A,
Justyol,Enfants,Kids Babies All,Jean ado garçon en denim coupe droite – JNS25GMBW76703MJ1 - Ice Blue / 16,TOWN TEAM,209.00,299.00,30,En stock,N/A,
Justyol,Enfants,Kids Babies All,Jean garçon coupe confortable – Style moderne et usage quotidien - JNS25GSBW76700MB1 - Sky Blue / 4,TOWN TEAM,209.00,299.00,30,En stock,N/A,
Justyol,Enfants,Kids Babies All,Jean ado garçon coupe droite – Denim confortable pour le quotidien - JNS25GSBW76700MJ1 - D-GREY / 12,TOWN TEAM,209.00,299.00,30,En stock,N/A,
Justyol,Enfants,Kids Babies All,Jean garçon coupe confortable – Style moderne et usage quotidien - JNS25GSBW76700MB1 - Black / 4,TOWN TEAM,209.00,299.00,30,En stock,N/A,
Justyol,Enfants,Kids Babies All,Jean ado garçon coupe droite – Denim confortable pour le quotidien - JNS25GSBW76700MJ1 - Sky Blue / 12,TOWN TEAM,209.00,299.00,30,En stock,N/A,
Justyol,Enfants,Kids Babies All,Jean garçon coupe confortable – Style moderne et usage quotidien - JNS25GSBW76700MB1 - D-BLUE / 6,TOWN TEAM,209.00,299.00,30,En stock,N/A,
Justyol,Enfants,Kids Babies All,Jean ado garçon coupe droite – Denim confortable pour le quotidien - JNS25GSBW76700MJ1 - D-BLUE / 10,TOWN TEAM,209.00,299.00,30,En stock,N/A,
Justyol,Enfants,Kids Babies All,Jean garçon coupe confortable – Style moderne et usage quotidien - JNS25GSBW76700MB1 - D-BLUE / 5,TOWN TEAM,209.00,299.00,30,En stock,N/A,
Justyol,Enfants,Kids Babies All,Jean ado garçon coupe droite – Denim confortable pour le quotidien - JNS25GSBW76700MJ1 - D-BLUE / 12,TOWN TEAM,209.00,299.00,30,En stock,N/A,
Justyol,Enfants,Kids Babies All,Jean garçon coupe confortable – Style moderne et usage quotidien - JNS25GSBW76700MB1 - D-BLUE / 4,TOWN TEAM,209.00,299.00,30,En stock,N/A,
Justyol,Enfants,Kids Babies All,Jean ado garçon coupe droite – Denim confortable pour le quotidien - JNS25GSBW76700MJ1 - D-BLUE / 16,TOWN TEAM,209.00,299.00,30,En stock,N/A,
Justyol,Enfants,Kids Babies All,Jean garçon coupe confortable – Style moderne et usage quotidien - JNS25GSBW76700MB1 - Sky Blue / 8,TOWN TEAM,209.00,299.00,30,En stock,N/A,
Justyol,Enfants,Kids Babies All,Jean ado garçon coupe droite – Denim confortable pour le quotidien - JNS25GSBW76700MJ1 - Sky Blue / 9,TOWN TEAM,209.00,299.00,30,En stock,N/A,
Justyol,Enfants,Kids Babies All,Jean garçon coupe confortable – Style moderne et usage quotidien - JNS25GSBW76700MB1 - Sky Blue / 7,TOWN TEAM,209.00,299.00,30,En stock,N/A,
Justyol,Enfants,Kids Babies All,Jean ado garçon coupe droite – Denim confortable pour le quotidien - JNS25GSBW76700MJ1 - D-BLUE / 14,TOWN TEAM,209.00,299.00,30,En stock,N/A,
Justyol,Enfants,Kids Babies All,Jean garçon coupe confortable – Style moderne et usage quotidien - JNS25GSBW76700MB1 - Sky Blue / 6,TOWN TEAM,209.00,299.00,30,En stock,N/A,
Justyol,Enfants,Kids Babies All,Jogging décontracté pour garçon – Confort et style - JOG24GDEL24276TJ1 - Black / 10,TOWN TEAM,249.00,499.00,50,En stock,N/A,
Justyol,Enfants,Kids Babies All,T-shirt à coupe décontractée pour enfant – Confort et style décontracté - TSH24SBRR20013TB1 - Black / 10,TOWN TEAM,69.00,199.00,65,En stock,N/A,
Justyol,Enfants,Kids Babies All,Pantalon de jogging enfant avec poches cargo - Confort et style - JOG23SGBL24263TM1 - Army / 34,TOWN TEAM,219.00,559.00,61,En stock,N/A,
Justyol,Enfants,Kids Babies All,"T-shirt enfant ""Game Play"" - Style décontracté et graphique - TSH24SARO32635TB1 - OFF WHIT / 10",TOWN TEAM,69.00,279.00,75,En stock,N/A,
Justyol,Enfants,Kids Babies All,T-shirt oversized avec graphismes pour enfant - Style décontracté - TSH24SARO32577TJ1 - White / 9,TOWN TEAM,59.00,199.00,70,En stock,N/A,
Justyol,Enfants,Kids Babies All,Jean garçon coupe slim en denim foncé – JNS24GCBW31332TB1 - BLU BLK / 14,TOWN TEAM,199.00,399.00,50,En stock,N/A,
Justyol,Enfants,Kids Babies All,Jean slim délavé pour garçon - Confort et style moderne - JNS23SSXX31366TB1 - Blue / 14,TOWN TEAM,169.00,339.00,50,En stock,N/A,
Justyol,Enfants,Kids Babies All,Jogging noir pour garçon - Confort et style moderne - JOG23SGPS32240TB1 - Olive / 14,TOWN TEAM,189.00,379.00,50,En stock,N/A,
Justyol,Enfants,Kids Babies All,Jean délavé pour garçon - Confort et style décontracté - JOG23WFDN32234TB1 - Blue / 14,TOWN TEAM,139.00,359.00,61,En stock,N/A,
Justyol,Enfants,Kids Babies All,Sweat à capuche garçon - Confort et style urbain - SWS25WHNK31530TB1 - Black / 6,TOWN TEAM,179.00,459.00,61,En stock,N/A,
Justyol,Enfants,Kids Babies All,T-shirt Garçon Slim Fit – Imprimé ‘MONDAY’ avec Détails Ludiques - TSH25SPRS32693TB1 - OFF WHIT / 6,TOWN TEAM,89.00,299.00,70,En stock,N/A,
Justyol,Enfants,Kids Babies All,"T-shirt Oversized Garçon ""START"" – Design rétro avec imprimé console de jeu - TSH25SPRO35102TB1 - OFF WHIT / 8",TOWN TEAM,69.00,239.00,71,En stock,N/A,
Justyol,Enfants,Kids Babies All,T-shirt Garçon Oversized – Style Décontracté avec Imprimé ‘RAD RIDE’ - TSH25SPRO35101TB1 - OFF WHIT / 6,TOWN TEAM,59.00,199.00,70,En stock,N/A,
Justyol,Enfants,Kids Babies All,T-shirt Garçon Oversized – Style Décontracté avec Imprimé ‘FER XØ’ - TSH25SPRO32716TB1 - OFF WHIT / 12,TOWN TEAM,109.00,279.00,61,En stock,N/A,
Justyol,Enfants,Kids Babies All,Polo enfant style estival couleur vert clair - POS24SAMR31294TB1 - Mint / 10,TOWN TEAM,79.00,279.00,72,En stock,N/A,
Justyol,Enfants,Kids Babies All,Polo enfant design graffiti couleur beige - POS24SPPR31276TB1 - Beige / 10,TOWN TEAM,109.00,279.00,61,En stock,N/A,
Justyol,Enfants,Kids Babies All,Polo enfant garçon à fermeture zippée au design moderne – POS24SNTR21766TB1 - Black / 8,TOWN TEAM,109.00,379.00,71,En stock,N/A,
Justyol,Enfants,Kids Babies All,Chemise enfant élégante d’hiver à manches longues - SHI24SEIA31143TB1 - OFF WHIT / 12,TOWN TEAM,139.00,359.00,61,En stock,N/A,
Justyol,Enfants,Kids Babies All,"T-shirt Oversized Garçon ""Graffiti Never Give Up"" – Design créatif avec imprimé coloré - TSH24SPRO32659TB1 - Army / 10",TOWN TEAM,119.00,299.00,60,En stock,N/A,
Justyol,Enfants,Kids Babies All,T-shirt enfant à motifs artistiques design moderne - TSH25SARO32594TB1 - OFF WHIT / 12,TOWN TEAM,119.00,299.00,60,En stock,N/A,
Justyol,Enfants,Kids Babies All,Chemise enfant manches courtes à motifs modernes - SSH25SASR16139TB1 - Olive / 12,TOWN TEAM,99.00,339.00,71,En stock,N/A,
Justyol,Enfants,Kids Babies All,Chemise enfant garçon à manches courtes à motif tropical – SSH25SASR31157TB1 - Navy / 12,TOWN TEAM,99.00,339.00,71,En stock,N/A,
Justyol,Enfants,Kids Babies All,T-shirt Garçon – Imprimé ‘Pizza Punch’ – Style Ludique et Moderne - TSH24SPRO32590TB1 - White / 14,TOWN TEAM,109.00,279.00,61,En stock,N/A,
Justyol,Enfants,Kids Babies All,Polo enfant garçon à manches courtes au design classique – POS24SNMR21795TB1 - OFF WHIT / 16,TOWN TEAM,149.00,379.00,61,En stock,N/A,
Justyol,Enfants,Kids Babies All,Polo enfant à motifs modernes avec logo distinctif - POS24SAPR31300TB1 - Beige / 14,TOWN TEAM,109.00,379.00,71,En stock,N/A,
Justyol,Enfants,Kids Babies All,"T-shirt Garçon – Imprimé ""DREAM"" en Néon Vert – TSH25SPRO32649TB1 - LIMON / 6",TOWN TEAM,89.00,299.00,70,En stock,N/A,
Justyol,Enfants,Kids Babies All,Chemise enfant manches courtes à motifs lettres modernes - SSH25SARR19419TB1 - WHT/BLK / 12,TOWN TEAM,109.00,379.00,71,En stock,N/A,
Justyol,Enfants,Kids Babies All,T-shirt enfant casual avec imprimé Minecraft – TSH25SPRO32671TB1 - OFF WHIT / 14,TOWN TEAM,119.00,299.00,60,En stock,N/A,
Justyol,Enfants,Kids Babies All,T-shirt enfant avec imprimé coloré et logo distinctif – TSH25SPRO32656TB1 - Yellow / 12,TOWN TEAM,139.00,359.00,61,En stock,N/A,
Justyol,Enfants,Kids Babies All,T-shirt Garçon – Imprimé Artistique ‘Peace & People’ en Off-White – TSH25SARS32734TB1 - OFF WHIT / 12,TOWN TEAM,139.00,359.00,61,En stock,N/A,
Justyol,Enfants,Kids Babies All,Polo enfant au design coloré avec logo distinctif – POS24SCPU31298TB1 - BEG/BRN / 10,TOWN TEAM,119.00,299.00,60,En stock,N/A,
Justyol,Enfants,Kids Babies All,Chemise enfant à manches courtes avec rayures modernes – SSH24SSRR19425TJ1 - WHT/ARM / 14,TOWN TEAM,119.00,299.00,60,En stock,N/A,
Justyol,Enfants,Kids Babies All,Chemise enfant ornée de motifs tropicaux – SSH25SXER31150TB1 - Brick / 14,TOWN TEAM,99.00,339.00,71,En stock,N/A,
Justyol,Enfants,Kids Babies All,"T-shirt Garçon Blanc ""Batman vs Joker"" – Design Dynamique et Fun - TSH24SPRO32666TB1 - White / 12",TOWN TEAM,99.00,239.00,59,En stock,N/A,
Justyol,Enfants,Kids Babies All,Chemise enfant à manches longues avec motifs triangulaires – SHI24SASS31135TB1 - OFF WHIT / 14,TOWN TEAM,109.00,359.00,70,En stock,N/A,
Justyol,Enfants,Kids Babies All,Short de bain pour enfants décoré d'étoiles de mer - SWO24SSAE11412TB1 - CYAN / 14,TOWN TEAM,99.00,239.00,59,En stock,N/A,
Justyol,Enfants,Kids Babies All,Jogging décontracté pour garçon – Confort et style - JOG24GDEL24276TJ1 - Black / 12,TOWN TEAM,249.00,499.00,50,En stock,N/A,
Justyol,Enfants,Kids Babies All,T-shirt à coupe décontractée pour enfant – Confort et style décontracté - TSH24SBRR20013TB1 - White / 8,TOWN TEAM,69.00,199.00,65,En stock,N/A,
Justyol,Enfants,Kids Babies All,Jean délavé pour garçon - Confort et style décontracté - JOG23WFDN32234TB1 - Dk.Blue / 14,TOWN TEAM,139.00,359.00,61,En stock,N/A,
Justyol,Enfants,Kids Babies All,T-shirt Garçon Slim Fit – Imprimé ‘MONDAY’ avec Détails Ludiques - TSH25SPRS32693TB1 - OFF WHIT / 12,TOWN TEAM,89.00,299.00,70,En stock,N/A,
Justyol,Enfants,Kids Babies All,"T-shirt Oversized Garçon ""START"" – Design rétro avec imprimé console de jeu - TSH25SPRO35102TB1 - OFF WHIT / 12",TOWN TEAM,69.00,239.00,71,En stock,N/A,
Justyol,Enfants,Kids Babies All,T-shirt Garçon Oversized – Style Décontracté avec Imprimé ‘RAD RIDE’ - TSH25SPRO35101TB1 - OFF WHIT / 8,TOWN TEAM,59.00,199.00,70,En stock,N/A,
Justyol,Enfants,Kids Babies All,T-shirt Garçon Oversized – Style Décontracté avec Imprimé ‘FER XØ’ - TSH25SPRO32716TB1 - OFF WHIT / 6,TOWN TEAM,109.00,279.00,61,En stock,N/A,
Justyol,Enfants,Kids Babies All,Polo enfant style estival couleur vert clair - POS24SAMR31294TB1 - Mint / 16,TOWN TEAM,79.00,279.00,72,En stock,N/A,
Justyol,Enfants,Kids Babies All,Polo enfant design graffiti couleur beige - POS24SPPR31276TB1 - Beige / 14,TOWN TEAM,109.00,279.00,61,En stock,N/A,
Justyol,Enfants,Kids Babies All,Polo enfant garçon à fermeture zippée au design moderne – POS24SNTR21766TB1 - Black / 16,TOWN TEAM,109.00,379.00,71,En stock,N/A,
Justyol,Enfants,Kids Babies All,Chemise enfant élégante d’hiver à manches longues - SHI24SEIA31143TB1 - OFF WHIT / 4,TOWN TEAM,139.00,359.00,61,En stock,N/A,
Justyol,Enfants,Kids Babies All,T-shirt enfant à motifs artistiques design moderne - TSH25SARO32594TB1 - OFF WHIT / 10,TOWN TEAM,119.00,299.00,60,En stock,N/A,
Justyol,Enfants,Kids Babies All,Chemise enfant manches courtes à motifs modernes - SSH25SASR16139TB1 - Olive / 14,TOWN TEAM,99.00,339.00,71,En stock,N/A,
Justyol,Enfants,Kids Babies All,Chemise enfant garçon à manches courtes à motif tropical – SSH25SASR31157TB1 - Navy / 14,TOWN TEAM,99.00,339.00,71,En stock,N/A,
Justyol,Enfants,Kids Babies All,T-shirt Garçon – Imprimé ‘Pizza Punch’ – Style Ludique et Moderne - TSH24SPRO32590TB1 - White / 12,TOWN TEAM,109.00,279.00,61,En stock,N/A,
Justyol,Enfants,Kids Babies All,Polo enfant garçon à manches courtes au design classique – POS24SNMR21795TB1 - OFF WHIT / 8,TOWN TEAM,149.00,379.00,61,En stock,N/A,
Justyol,Enfants,Kids Babies All,Polo enfant à motifs modernes avec logo distinctif - POS24SAPR31300TB1 - Beige / 12,TOWN TEAM,109.00,379.00,71,En stock,N/A,
Justyol,Enfants,Kids Babies All,"T-shirt Garçon – Imprimé ""DREAM"" en Néon Vert – TSH25SPRO32649TB1 - LIMON / 4",TOWN TEAM,89.00,299.00,70,En stock,N/A,
Justyol,Enfants,Kids Babies All,Chemise enfant manches courtes à motifs lettres modernes - SSH25SARR19419TB1 - WHT/BLK / 14,TOWN TEAM,109.00,379.00,71,En stock,N/A,
Justyol,Enfants,Kids Babies All,T-shirt enfant avec imprimé coloré et logo distinctif – TSH25SPRO32656TB1 - Yellow / 14,TOWN TEAM,139.00,359.00,61,En stock,N/A,
Justyol,Enfants,Kids Babies All,T-shirt Garçon – Imprimé Artistique ‘Peace & People’ en Off-White – TSH25SARS32734TB1 - OFF WHIT / 8,TOWN TEAM,139.00,359.00,61,En stock,N/A,
Justyol,Enfants,Kids Babies All,Polo enfant au design coloré avec logo distinctif – POS24SCPU31298TB1 - BEG/BRN / 14,TOWN TEAM,119.00,299.00,60,En stock,N/A,
Justyol,Enfants,Kids Babies All,Chemise enfant à manches courtes avec rayures modernes – SSH24SSRR19425TJ1 - WHT/ARM / 12,TOWN TEAM,119.00,299.00,60,En stock,N/A,
Justyol,Enfants,Kids Babies All,Chemise enfant ornée de motifs tropicaux – SSH25SXER31150TB1 - Brick / 12,TOWN TEAM,99.00,339.00,71,En stock,N/A,
Justyol,Enfants,Kids Babies All,"T-shirt Garçon Blanc ""Batman vs Joker"" – Design Dynamique et Fun - TSH24SPRO32666TB1 - White / 14",TOWN TEAM,99.00,239.00,59,En stock,N/A,
Justyol,Enfants,Kids Babies All,Chemise enfant à manches longues avec motifs triangulaires – SHI24SASS31135TB1 - OFF WHIT / 12,TOWN TEAM,109.00,359.00,70,En stock,N/A,
Justyol,Enfants,Kids Babies All,Short de bain pour enfants décoré d'étoiles de mer - SWO24SSAE11412TB1 - CYAN / 6,TOWN TEAM,99.00,239.00,59,En stock,N/A,
Justyol,Enfants,Kids Babies All,T-shirt à coupe décontractée pour enfant – Confort et style décontracté - TSH24SBRR20013TB1 - White / 6,TOWN TEAM,69.00,199.00,65,En stock,N/A,
Justyol,Enfants,Kids Babies All,T-shirt Garçon Slim Fit – Imprimé ‘MONDAY’ avec Détails Ludiques - TSH25SPRS32693TB1 - OFF WHIT / 14,TOWN TEAM,89.00,299.00,70,En stock,N/A,
Justyol,Enfants,Kids Babies All,"T-shirt Oversized Garçon ""START"" – Design rétro avec imprimé console de jeu - TSH25SPRO35102TB1 - OFF WHIT / 10",TOWN TEAM,69.00,239.00,71,En stock,N/A,
Justyol,Enfants,Kids Babies All,T-shirt Garçon Oversized – Style Décontracté avec Imprimé ‘RAD RIDE’ - TSH25SPRO35101TB1 - OFF WHIT / 10,TOWN TEAM,59.00,199.00,70,En stock,N/A,
Justyol,Enfants,Kids Babies All,Polo enfant style estival couleur vert clair - POS24SAMR31294TB1 - Mint / 14,TOWN TEAM,79.00,279.00,72,En stock,N/A,
Justyol,Enfants,Kids Babies All,Polo enfant design graffiti couleur beige - POS24SPPR31276TB1 - Beige / 16,TOWN TEAM,109.00,279.00,61,En stock,N/A,
Justyol,Enfants,Kids Babies All,Polo enfant garçon à fermeture zippée au design moderne – POS24SNTR21766TB1 - Black / 10,TOWN TEAM,109.00,379.00,71,En stock,N/A,
Justyol,Enfants,Kids Babies All,Chemise enfant élégante d’hiver à manches longues - SHI24SEIA31143TB1 - OFF WHIT / 6,TOWN TEAM,139.00,359.00,61,En stock,N/A,
Justyol,Enfants,Kids Babies All,Chemise enfant manches courtes à motifs modernes - SSH25SASR16139TB1 - Olive / 10,TOWN TEAM,99.00,339.00,71,En stock,N/A,
Justyol,Enfants,Kids Babies All,Chemise enfant garçon à manches courtes à motif tropical – SSH25SASR31157TB1 - Navy / 10,TOWN TEAM,99.00,339.00,71,En stock,N/A,
Justyol,Enfants,Kids Babies All,T-shirt Garçon – Imprimé ‘Pizza Punch’ – Style Ludique et Moderne - TSH24SPRO32590TB1 - White / 10,TOWN TEAM,109.00,279.00,61,En stock,N/A,
Justyol,Enfants,Kids Babies All,Polo enfant garçon à manches courtes au design classique – POS24SNMR21795TB1 - OFF WHIT / 6,TOWN TEAM,149.00,379.00,61,En stock,N/A,
Justyol,Enfants,Kids Babies All,Polo enfant à motifs modernes avec logo distinctif - POS24SAPR31300TB1 - Beige / 10,TOWN TEAM,109.00,379.00,71,En stock,N/A,
Justyol,Enfants,Kids Babies All,"T-shirt Garçon – Imprimé ""DREAM"" en Néon Vert – TSH25SPRO32649TB1 - LIMON / 10",TOWN TEAM,89.00,299.00,70,En stock,N/A,
Justyol,Enfants,Kids Babies All,Chemise enfant manches courtes à motifs lettres modernes - SSH25SARR19419TB1 - WHT/BLK / 10,TOWN TEAM,109.00,379.00,71,En stock,N/A,
Justyol,Enfants,Kids Babies All,T-shirt Garçon – Imprimé Artistique ‘Peace & People’ en Off-White – TSH25SARS32734TB1 - OFF WHIT / 6,TOWN TEAM,139.00,359.00,61,En stock,N/A,
Justyol,Enfants,Kids Babies All,Polo enfant au design coloré avec logo distinctif – POS24SCPU31298TB1 - BEG/BRN / 12,TOWN TEAM,119.00,299.00,60,En stock,N/A,
Justyol,Enfants,Kids Babies All,Chemise enfant à manches courtes avec rayures modernes – SSH24SSRR19425TJ1 - WHT/ARM / 10,TOWN TEAM,119.00,299.00,60,En stock,N/A,
Justyol,Enfants,Kids Babies All,Chemise enfant ornée de motifs tropicaux – SSH25SXER31150TB1 - Brick / 10,TOWN TEAM,99.00,339.00,71,En stock,N/A,
Justyol,Enfants,Kids Babies All,"T-shirt Garçon Blanc ""Batman vs Joker"" – Design Dynamique et Fun - TSH24SPRO32666TB1 - White / 16",TOWN TEAM,99.00,239.00,59,En stock,N/A,
Justyol,Enfants,Kids Babies All,Chemise enfant à manches longues avec motifs triangulaires – SHI24SASS31135TB1 - OFF WHIT / 10,TOWN TEAM,109.00,359.00,70,En stock,N/A,
Justyol,Enfants,Kids Babies All,Short de bain pour enfants décoré d'étoiles de mer - SWO24SSAE11412TB1 - CYAN / 8,TOWN TEAM,99.00,239.00,59,En stock,N/A,
Justyol,Enfants,Kids Babies All,T-shirt à coupe décontractée pour enfant – Confort et style décontracté - TSH24SBRR20013TB1 - Beige / 6,TOWN TEAM,69.00,199.00,65,En stock,N/A,
Justyol,Enfants,Kids Babies All,"T-shirt Oversized Garçon ""START"" – Design rétro avec imprimé console de jeu - TSH25SPRO35102TB1 - OFF WHIT / 6",TOWN TEAM,69.00,239.00,71,En stock,N/A,
Justyol,Enfants,Kids Babies All,T-shirt Garçon Oversized – Style Décontracté avec Imprimé ‘RAD RIDE’ - TSH25SPRO35101TB1 - OFF WHIT / 12,TOWN TEAM,59.00,199.00,70,En stock,N/A,
Justyol,Enfants,Kids Babies All,Polo enfant style estival couleur vert clair - POS24SAMR31294TB1 - Mint / 12,TOWN TEAM,79.00,279.00,72,En stock,N/A,
Justyol,Enfants,Kids Babies All,Polo enfant design graffiti couleur beige - POS24SPPR31276TB1 - Beige / 12,TOWN TEAM,109.00,279.00,61,En stock,N/A,
Justyol,Enfants,Kids Babies All,Polo enfant garçon à fermeture zippée au design moderne – POS24SNTR21766TB1 - Black / 12,TOWN TEAM,109.00,379.00,71,En stock,N/A,
Justyol,Enfants,Kids Babies All,Chemise enfant élégante d’hiver à manches longues - SHI24SEIA31143TB1 - OFF WHIT / 8,TOWN TEAM,139.00,359.00,61,En stock,N/A,
Justyol,Enfants,Kids Babies All,Chemise enfant garçon à manches courtes à motif tropical – SSH25SASR31157TB1 - Navy / 8,TOWN TEAM,99.00,339.00,71,En stock,N/A,
Justyol,Enfants,Kids Babies All,Polo enfant garçon à manches courtes au design classique – POS24SNMR21795TB1 - OFF WHIT / 14,TOWN TEAM,149.00,379.00,61,En stock,N/A,
Justyol,Enfants,Kids Babies All,"T-shirt Garçon – Imprimé ""DREAM"" en Néon Vert – TSH25SPRO32649TB1 - LIMON / 14",TOWN TEAM,89.00,299.00,70,En stock,N/A,
Justyol,Enfants,Kids Babies All,T-shirt Garçon – Imprimé Artistique ‘Peace & People’ en Off-White – TSH25SARS32734TB1 - OFF WHIT / 10,TOWN TEAM,139.00,359.00,61,En stock,N/A,
Justyol,Enfants,Kids Babies All,Chemise enfant à manches courtes avec rayures modernes – SSH24SSRR19425TJ1 - WHT/ARM / 16,TOWN TEAM,119.00,299.00,60,En stock,N/A,
Justyol,Enfants,Kids Babies All,Chemise enfant ornée de motifs tropicaux – SSH25SXER31150TB1 - Brick / 16,TOWN TEAM,99.00,339.00,71,En stock,N/A,
Justyol,Enfants,Kids Babies All,"T-shirt Garçon Blanc ""Batman vs Joker"" – Design Dynamique et Fun - TSH24SPRO32666TB1 - White / 8",TOWN TEAM,99.00,239.00,59,En stock,N/A,
Justyol,Enfants,Kids Babies All,Chemise enfant à manches longues avec motifs triangulaires – SHI24SASS31135TB1 - OFF WHIT / 16,TOWN TEAM,109.00,359.00,70,En stock,N/A,
Justyol,Enfants,Kids Babies All,"T-shirt Oversized Garçon ""START"" – Design rétro avec imprimé console de jeu - TSH25SPRO35102TB1 - OFF WHIT / 14",TOWN TEAM,69.00,239.00,71,En stock,N/A,
Justyol,Enfants,Kids Babies All,T-shirt Garçon Oversized – Style Décontracté avec Imprimé ‘RAD RIDE’ - TSH25SPRO35101TB1 - OFF WHIT / 14,TOWN TEAM,59.00,199.00,70,En stock,N/A,
Justyol,Enfants,Kids Babies All,Polo enfant garçon à fermeture zippée au design moderne – POS24SNTR21766TB1 - Black / 14,TOWN TEAM,109.00,379.00,71,En stock,N/A,
Justyol,Enfants,Kids Babies All,Chemise enfant élégante d’hiver à manches longues - SHI24SEIA31143TB1 - OCHRE / 8,TOWN TEAM,139.00,359.00,61,En stock,N/A,
Justyol,Enfants,Kids Babies All,Polo enfant garçon à manches courtes au design classique – POS24SNMR21795TB1 - OFF WHIT / 12,TOWN TEAM,149.00,379.00,61,En stock,N/A,
Justyol,Enfants,Kids Babies All,Chemise enfant ornée de motifs tropicaux – SSH25SXER31150TB1 - Brick / 6,TOWN TEAM,99.00,339.00,71,En stock,N/A,
Justyol,Enfants,Kids Babies All,"T-shirt Garçon Blanc ""Batman vs Joker"" – Design Dynamique et Fun - TSH24SPRO32666TB1 - White / 10",TOWN TEAM,99.00,239.00,59,En stock,N/A,
Justyol,Enfants,Kids Babies All,Chemise enfant à manches longues avec motifs triangulaires – SHI24SASS31135TB1 - OFF WHIT / 4,TOWN TEAM,109.00,359.00,70,En stock,N/A,
Justyol,Enfants,Kids Babies All,Chemise enfant élégante d’hiver à manches longues - SHI24SEIA31143TB1 - OFF WHIT / 10,TOWN TEAM,139.00,359.00,61,En stock,N/A,
Justyol,Enfants,Kids Babies All,Chemise enfant ornée de motifs tropicaux – SSH25SXER31150TB1 - Brick / 8,TOWN TEAM,99.00,339.00,71,En stock,N/A,
Justyol,Enfants,Kids Babies All,Chemise enfant à manches longues avec motifs triangulaires – SHI24SASS31135TB1 - OFF WHIT / 6,TOWN TEAM,109.00,359.00,70,En stock,N/A,
Justyol,Enfants,Kids Babies All,Chemise enfant élégante d’hiver à manches longues - SHI24SEIA31143TB1 - OCHRE / 10,TOWN TEAM,139.00,359.00,61,En stock,N/A,
Justyol,Enfants,Kids Babies All,Chemise enfant à manches longues avec motifs triangulaires – SHI24SASS31135TB1 - OFF WHIT / 8,TOWN TEAM,109.00,359.00,70,En stock,N/A,
Justyol,Enfants,Kids Babies All,Chemise enfant élégante d’hiver à manches longues - SHI24SEIA31143TB1 - OCHRE / 16,TOWN TEAM,139.00,359.00,61,En stock,N/A,
Justyol,Enfants,Kids Babies All,Chemise enfant élégante d’hiver à manches longues - SHI24SEIA31143TB1 - OCHRE / 12,TOWN TEAM,139.00,359.00,61,En stock,N/A,
Justyol,Enfants,Kids Babies All,Chemise enfant élégante d’hiver à manches longues - SHI24SEIA31143TB1 - OCHRE / 6,TOWN TEAM,139.00,359.00,61,En stock,N/A,
Justyol,Enfants,Kids Babies All,Chemise enfant élégante d’hiver à manches longues - SHI24SEIA31143TB1 - OFF WHIT / 16,TOWN TEAM,139.00,359.00,61,En stock,N/A,
Justyol,Enfants,Kids Babies All,Chemise enfant élégante d’hiver à manches longues - SHI24SEIA31143TB1 - OFF WHIT / 14,TOWN TEAM,139.00,359.00,61,En stock,N/A,
Justyol,Enfants,Kids Babies All,Chemise enfant élégante d’hiver à manches longues - SHI24SEIA31143TB1 - OCHRE / 4,TOWN TEAM,139.00,359.00,61,En stock,N/A,
Justyol,Enfants,Kids Babies All,Chemise enfant élégante d’hiver à manches longues - SHI24SEIA31143TB1 - OCHRE / 14,TOWN TEAM,139.00,359.00,61,En stock,N/A,
Justyol,Enfants,Kids Babies All,Chemise enfant garçon à manches courtes avec imprimé moderne – SSH25SXIR31146TB1 - Blue / 10,TOWN TEAM,139.00,339.00,59,En stock,N/A,
Justyol,Enfants,Kids Babies All,Chemise enfant oversize ornée de motifs tropicaux colorés – SSH25SAUC31122TB1 - White / 10,TOWN TEAM,139.00,339.00,59,En stock,N/A,
Justyol,Enfants,Kids Babies All,Polo enfant au design moderne et à la couleur douce – POS24SNTR21762TB1 - Stone / 10,TOWN TEAM,149.00,379.00,61,En stock,N/A,
Justyol,Enfants,Kids Babies All,Polo enfant garçon au design distinctif avec imprimé moderne – POS24SPPR21754TB1 - OFF WHIT / 12,TOWN TEAM,119.00,299.00,60,En stock,N/A,
Justyol,Enfants,Kids Babies All,Chemise enfant garçon à manches longues au design élégant – SHI25SECR19540TB1 - Black / 10,TOWN TEAM,129.00,429.00,70,En stock,N/A,
Justyol,Enfants,Kids Babies All,T-shirt Garçon Gris – Design Fun et Dynamique - TSH25SPRO32674TB1 - Silver / 14,TOWN TEAM,109.00,279.00,61,En stock,N/A,
Justyol,Enfants,Kids Babies All,"T-shirt Garçon Pêche ""Vacation"" – Design Fun et Graphique - TSH25SPRO32667TB1 - Simon / 12",TOWN TEAM,79.00,199.00,60,En stock,N/A,
Justyol,Enfants,Kids Babies All,"T-shirt Garçon Off-White ""Believe in My Own Dreams"" – Design Coloré et Inspirant - TSH25SPRO32696TB1 - OFF WHIT / 8",TOWN TEAM,109.00,359.00,70,En stock,N/A,
Justyol,Enfants,Kids Babies All,"T-shirt Garçon Vert ""Start"" – Style Décontracté avec Broderie Voiture - TSH25SPRO20445TB1 - Green / 10",TOWN TEAM,139.00,359.00,61,En stock,N/A,
Justyol,Enfants,Kids Babies All,T-shirt Garçon Off-White à Imprimé Palmiers – Style Décontracté et Estival - TSH25SPRO32733TB1 - OFF WHIT / 10,TOWN TEAM,109.00,359.00,70,En stock,N/A,
Justyol,Enfants,Kids Babies All,T-shirt enfant au design moderne avec imprimé ours en peluche – TSH25SPRO32601TB1 - NEON YLW / 14,TOWN TEAM,109.00,279.00,61,En stock,N/A,
Justyol,Enfants,Kids Babies All,"T-shirt Garçon Jaune ""Have a Nice Day"" – Design Graphique Fun et Moderne - TSH25SPRO32743TB1 - L-ORANGE / 14",TOWN TEAM,139.00,359.00,61,En stock,N/A,
Justyol,Enfants,Kids Babies All,"T-shirt Garçon Beige à Imprimé ""Keep Smile"" – Style Urbain et Décontracté - TSH25SPRO32719TB1 - Beige / 10",TOWN TEAM,89.00,299.00,70,En stock,N/A,
Justyol,Enfants,Kids Babies All,Short Garçon Olive Imprimé – Style Urbain et Confortable - SHR25SGAS23179TB1 - D-GREY / 4,TOWN TEAM,129.00,439.00,71,En stock,N/A,
Justyol,Enfants,Kids Babies All,Short enfant garçon casual avec cordon de serrage à la taille et imprimé moderne – SHR25SMAS32120TB1 - Cashmere / 12,TOWN TEAM,89.00,299.00,70,En stock,N/A,
Justyol,Enfants,Kids Babies All,"Short en Jean Garçon Délavé avec Imprimé ""ND"" – Style Urbain et Confortable - SHR25SDSP30207TB1 - Blue / 14",TOWN TEAM,179.00,439.00,59,En stock,N/A,
Justyol,Enfants,Kids Babies All,Short de bain pour enfants de couleur bleue avec un design unique - SWO24SSAE11398TB1 - D-BLUE / 12,TOWN TEAM,99.00,239.00,59,En stock,N/A,
Justyol,Enfants,Kids Babies All,Chemise Garçon à Imprimé Dinosaure – Style Décontracté et Ludique - SSH24SAER75296MB1 - White / 4,TOWN TEAM,399.00,450.00,11,En stock,N/A,
Justyol,Enfants,Kids Babies All,Ensemble enfant t-shirt et short au design moderne – TST25SSNP15028TB1 - Off White / 6,TOWN TEAM,259.00,659.00,61,En stock,N/A,
Justyol,Enfants,Kids Babies All,Short enfant au design moderne avec imprimé artistique – SHR25SMWS29167TB1 - Black / 12,TOWN TEAM,119.00,299.00,60,En stock,N/A,
Justyol,Enfants,Kids Babies All,"T-shirt gris garçon avec imprimé ""SPIDERMAN"" – Style audacieux et super-héros - TSH25SPRO32668TB1 - D-GREY / 14",TOWN TEAM,119.00,299.00,60,En stock,N/A,
Justyol,Enfants,Kids Babies All,"T-shirt off-white garçon avec imprimé ""GREEN DAY"" – Style dynamique et créatif - TSH25SPRO32701TB1 - OFF WHIT / 14",TOWN TEAM,119.00,299.00,60,En stock,N/A,
Justyol,Enfants,Kids Babies All,"T-shirt stone garçon avec imprimé ""JOY DAYS"" – Style créatif et énergique - TSH25SPRO32702TB1 - Stone / 14",TOWN TEAM,139.00,359.00,61,En stock,N/A,
Justyol,Enfants,Kids Babies All,Jean garçon coupe large en denim bleu avec surpiqûres – Style streetwear - JNS25GBBW22146TJ1 - Blue / 14,TOWN TEAM,249.00,499.00,50,En stock,N/A,
Justyol,Enfants,Kids Babies All,T-shirt enfant garçon noir à manches courtes avec imprimé Dragon Ball Z – TSH25SPRO32727TB1 - Black / 14,TOWN TEAM,109.00,359.00,70,En stock,N/A,
Justyol,Enfants,Kids Babies All,"T-shirt Kaki enfant avec imprimé ""Flames"" et caractères chinois – Style moderne et audacieux - TSH25SPRO32729TB1 - Khaki / 16",TOWN TEAM,109.00,359.00,70,En stock,N/A,
Justyol,Enfants,Kids Babies All,"T-shirt vert menthe garçon avec imprimé ""STYLE FORCE"" – Style urbain et créatif - TSH25SPRO32722TB1 - Mint / 12",TOWN TEAM,109.00,279.00,61,En stock,N/A,
Justyol,Enfants,Kids Babies All,Polo pour enfants de couleur blanche avec un design moderne - POS25SPPR21053TB1 - OFF WHIT / 10,TOWN TEAM,109.00,379.00,71,En stock,N/A,
Justyol,Enfants,Kids Babies All,Short en jean pour enfants de couleur bleu foncé avec des détails de déchirures - SHR25SDSP31708TB1 - D-BLUE / 8,TOWN TEAM,159.00,399.00,60,En stock,N/A,
Justyol,Enfants,Kids Babies All,"Short en jean pour enfants de couleur noire, au design moderne - SHR25SDBP30209TB1 - Black / 16",TOWN TEAM,159.00,399.00,60,En stock,N/A,
Justyol,Enfants,Kids Babies All,Short cargo garçon avec taille élastique et cordon – SHR24SGBC23168TB1 - Café / 4,TOWN TEAM,139.00,359.00,61,En stock,N/A,
Justyol,Enfants,Kids Babies All,T-shirt garçon imprimé graphique Tokyo - TSH25SPRO32731TB1 - D-GREY / 12,TOWN TEAM,139.00,359.00,61,En stock,N/A,
Justyol,Enfants,Kids Babies All,Short Garçon Noir Imprimé Graphique – Style Streetwear Confortable - SHR24SMPS32118TB1 - Black / 4,TOWN TEAM,119.00,299.00,60,En stock,N/A,
Justyol,Enfants,Kids Babies All,Chemise garçon à manches courtes imprimé géométrique vert olive - SSH24SASC31132TB1 - Olive / 12,TOWN TEAM,139.00,359.00,61,En stock,N/A,
Justyol,Enfants,Kids Babies All,T-shirt Garçon Gris Foncé Imprimé Rock AC/DC – Style Streetwear Enfant - TSH25SPRO32673TB1 - D-GREY / 14,TOWN TEAM,119.00,299.00,60,En stock,N/A,
Justyol,Enfants,Kids Babies All,"T-shirt off-white garçon ""GOOD VIBES"" avec imprimé graphique - TSH25SPRO32684TB1 - OFF WHIT / 10",TOWN TEAM,119.00,299.00,60,En stock,N/A,
Justyol,Enfants,Kids Babies All,Chemise enfant garçon à manches courtes avec imprimé moderne – SSH25SXIR31146TB1 - Blue / 16,TOWN TEAM,139.00,339.00,59,En stock,N/A,
Justyol,Enfants,Kids Babies All,Chemise enfant oversize ornée de motifs tropicaux colorés – SSH25SAUC31122TB1 - White / 14,TOWN TEAM,139.00,339.00,59,En stock,N/A,
Justyol,Enfants,Kids Babies All,Polo enfant au design moderne et à la couleur douce – POS24SNTR21762TB1 - Stone / 12,TOWN TEAM,149.00,379.00,61,En stock,N/A,
Justyol,Enfants,Kids Babies All,Polo enfant garçon au design distinctif avec imprimé moderne – POS24SPPR21754TB1 - OFF WHIT / 16,TOWN TEAM,119.00,299.00,60,En stock,N/A,
Justyol,Enfants,Kids Babies All,Chemise enfant garçon à manches longues au design élégant – SHI25SECR19540TB1 - Black / 12,TOWN TEAM,129.00,429.00,70,En stock,N/A,
Justyol,Enfants,Kids Babies All,T-shirt Garçon Gris – Design Fun et Dynamique - TSH25SPRO32674TB1 - Silver / 16,TOWN TEAM,109.00,279.00,61,En stock,N/A,
Justyol,Enfants,Kids Babies All,"T-shirt Garçon Pêche ""Vacation"" – Design Fun et Graphique - TSH25SPRO32667TB1 - Simon / 16",TOWN TEAM,79.00,199.00,60,En stock,N/A,
Justyol,Enfants,Kids Babies All,"T-shirt Garçon Off-White ""Believe in My Own Dreams"" – Design Coloré et Inspirant - TSH25SPRO32696TB1 - OFF WHIT / 14",TOWN TEAM,109.00,359.00,70,En stock,N/A,
Justyol,Enfants,Kids Babies All,"T-shirt Garçon Vert ""Start"" – Style Décontracté avec Broderie Voiture - TSH25SPRO20445TB1 - Green / 14",TOWN TEAM,139.00,359.00,61,En stock,N/A,
Justyol,Enfants,Kids Babies All,T-shirt Garçon Off-White à Imprimé Palmiers – Style Décontracté et Estival - TSH25SPRO32733TB1 - OFF WHIT / 16,TOWN TEAM,109.00,359.00,70,En stock,N/A,
Justyol,Enfants,Kids Babies All,"T-shirt Garçon Jaune ""Have a Nice Day"" – Design Graphique Fun et Moderne - TSH25SPRO32743TB1 - L-ORANGE / 12",TOWN TEAM,139.00,359.00,61,En stock,N/A,
Justyol,Enfants,Kids Babies All,"T-shirt Garçon Beige à Imprimé ""Keep Smile"" – Style Urbain et Décontracté - TSH25SPRO32719TB1 - Beige / 16",TOWN TEAM,89.00,299.00,70,En stock,N/A,
Justyol,Enfants,Kids Babies All,Short Garçon Olive Imprimé – Style Urbain et Confortable - SHR25SGAS23179TB1 - D-GREY / 10,TOWN TEAM,129.00,439.00,71,En stock,N/A,
Justyol,Enfants,Kids Babies All,Short enfant garçon casual avec cordon de serrage à la taille et imprimé moderne – SHR25SMAS32120TB1 - D-GREY / 10,TOWN TEAM,89.00,299.00,70,En stock,N/A,
Justyol,Enfants,Kids Babies All,"Short en Jean Garçon Délavé avec Imprimé ""ND"" – Style Urbain et Confortable - SHR25SDSP30207TB1 - Blue / 6",TOWN TEAM,179.00,439.00,59,En stock,N/A,
Justyol,Enfants,Kids Babies All,Short de bain pour enfants de couleur bleue avec un design unique - SWO24SSAE11398TB1 - D-BLUE / 10,TOWN TEAM,99.00,239.00,59,En stock,N/A,
Justyol,Enfants,Kids Babies All,Chemise Garçon à Imprimé Dinosaure – Style Décontracté et Ludique - SSH24SAER75296MB1 - White / 8,TOWN TEAM,399.00,450.00,11,En stock,N/A,
Justyol,Enfants,Kids Babies All,Ensemble enfant t-shirt et short au design moderne – TST25SSNP15028TB1 - Black / 10,TOWN TEAM,259.00,659.00,61,En stock,N/A,
Justyol,Enfants,Kids Babies All,Short enfant au design moderne avec imprimé artistique – SHR25SMWS29167TB1 - Black / 10,TOWN TEAM,119.00,299.00,60,En stock,N/A,
Justyol,Enfants,Kids Babies All,"T-shirt gris garçon avec imprimé ""SPIDERMAN"" – Style audacieux et super-héros - TSH25SPRO32668TB1 - D-GREY / 16",TOWN TEAM,119.00,299.00,60,En stock,N/A,
Justyol,Enfants,Kids Babies All,"T-shirt off-white garçon avec imprimé ""GREEN DAY"" – Style dynamique et créatif - TSH25SPRO32701TB1 - OFF WHIT / 6",TOWN TEAM,119.00,299.00,60,En stock,N/A,
Justyol,Enfants,Kids Babies All,"T-shirt stone garçon avec imprimé ""JOY DAYS"" – Style créatif et énergique - TSH25SPRO32702TB1 - Stone / 6",TOWN TEAM,139.00,359.00,61,En stock,N/A,
Justyol,Enfants,Kids Babies All,"T-shirt Kaki enfant avec imprimé ""Flames"" et caractères chinois – Style moderne et audacieux - TSH25SPRO32729TB1 - Khaki / 14",TOWN TEAM,109.00,359.00,70,En stock,N/A,
Justyol,Enfants,Kids Babies All,"T-shirt vert menthe garçon avec imprimé ""STYLE FORCE"" – Style urbain et créatif - TSH25SPRO32722TB1 - Mint / 14",TOWN TEAM,109.00,279.00,61,En stock,N/A,
Justyol,Enfants,Kids Babies All,Polo pour enfants de couleur blanche avec un design moderne - POS25SPPR21053TB1 - OFF WHIT / 6,TOWN TEAM,109.00,379.00,71,En stock,N/A,
Justyol,Enfants,Kids Babies All,Short en jean pour enfants de couleur bleu foncé avec des détails de déchirures - SHR25SDSP31708TB1 - D-BLUE / 6,TOWN TEAM,159.00,399.00,60,En stock,N/A,
Justyol,Enfants,Kids Babies All,"Short en jean pour enfants de couleur noire, au design moderne - SHR25SDBP30209TB1 - Black / 10",TOWN TEAM,159.00,399.00,60,En stock,N/A,
Justyol,Enfants,Kids Babies All,T-shirt garçon imprimé graphique Tokyo - TSH25SPRO32731TB1 - D-GREY / 6,TOWN TEAM,139.00,359.00,61,En stock,N/A,
Justyol,Enfants,Kids Babies All,Chemise garçon à manches courtes imprimé géométrique vert olive - SSH24SASC31132TB1 - Olive / 10,TOWN TEAM,139.00,359.00,61,En stock,N/A,
Justyol,Enfants,Kids Babies All,T-shirt Garçon Gris Foncé Imprimé Rock AC/DC – Style Streetwear Enfant - TSH25SPRO32673TB1 - D-GREY / 12,TOWN TEAM,119.00,299.00,60,En stock,N/A,
Justyol,Enfants,Kids Babies All,"T-shirt off-white garçon ""GOOD VIBES"" avec imprimé graphique - TSH25SPRO32684TB1 - OFF WHIT / 16",TOWN TEAM,119.00,299.00,60,En stock,N/A,
Justyol,Enfants,Kids Babies All,Chemise enfant garçon à manches courtes avec imprimé moderne – SSH25SXIR31146TB1 - Blue / 8,TOWN TEAM,139.00,339.00,59,En stock,N/A,
Justyol,Enfants,Kids Babies All,Chemise enfant oversize ornée de motifs tropicaux colorés – SSH25SAUC31122TB1 - White / 6,TOWN TEAM,139.00,339.00,59,En stock,N/A,
Justyol,Enfants,Kids Babies All,Polo enfant au design moderne et à la couleur douce – POS24SNTR21762TB1 - Mint / 6,TOWN TEAM,149.00,379.00,61,En stock,N/A,
Justyol,Enfants,Kids Babies All,Polo enfant garçon au design distinctif avec imprimé moderne – POS24SPPR21754TB1 - OFF WHIT / 14,TOWN TEAM,119.00,299.00,60,En stock,N/A,
Justyol,Enfants,Kids Babies All,Chemise enfant garçon à manches longues au design élégant – SHI25SECR19540TB1 - White / 12,TOWN TEAM,129.00,429.00,70,En stock,N/A,
Justyol,Enfants,Kids Babies All,"T-shirt Garçon Pêche ""Vacation"" – Design Fun et Graphique - TSH25SPRO32667TB1 - Simon / 10",TOWN TEAM,79.00,199.00,60,En stock,N/A,
Justyol,Enfants,Kids Babies All,"T-shirt Garçon Off-White ""Believe in My Own Dreams"" – Design Coloré et Inspirant - TSH25SPRO32696TB1 - OFF WHIT / 10",TOWN TEAM,109.00,359.00,70,En stock,N/A,
Justyol,Enfants,Kids Babies All,"T-shirt Garçon Vert ""Start"" – Style Décontracté avec Broderie Voiture - TSH25SPRO20445TB1 - Green / 12",TOWN TEAM,139.00,359.00,61,En stock,N/A,
Justyol,Enfants,Kids Babies All,T-shirt Garçon Off-White à Imprimé Palmiers – Style Décontracté et Estival - TSH25SPRO32733TB1 - OFF WHIT / 6,TOWN TEAM,109.00,359.00,70,En stock,N/A,
Justyol,Enfants,Kids Babies All,"T-shirt Garçon Beige à Imprimé ""Keep Smile"" – Style Urbain et Décontracté - TSH25SPRO32719TB1 - Beige / 8",TOWN TEAM,89.00,299.00,70,En stock,N/A,
Justyol,Enfants,Kids Babies All,Short Garçon Olive Imprimé – Style Urbain et Confortable - SHR25SGAS23179TB1 - Olive / 12,TOWN TEAM,129.00,439.00,71,En stock,N/A,
Justyol,Enfants,Kids Babies All,Short enfant garçon casual avec cordon de serrage à la taille et imprimé moderne – SHR25SMAS32120TB1 - Cashmere / 10,TOWN TEAM,89.00,299.00,70,En stock,N/A,
Justyol,Enfants,Kids Babies All,Short de bain pour enfants de couleur bleue avec un design unique - SWO24SSAE11398TB1 - D-BLUE / 6,TOWN TEAM,99.00,239.00,59,En stock,N/A,
Justyol,Enfants,Kids Babies All,Ensemble enfant t-shirt et short au design moderne – TST25SSNP15028TB1 - Orange / 12,TOWN TEAM,259.00,659.00,61,En stock,N/A,
Justyol,Enfants,Kids Babies All,"T-shirt gris garçon avec imprimé ""SPIDERMAN"" – Style audacieux et super-héros - TSH25SPRO32668TB1 - D-GREY / 12",TOWN TEAM,119.00,299.00,60,En stock,N/A,
Justyol,Enfants,Kids Babies All,"T-shirt off-white garçon avec imprimé ""GREEN DAY"" – Style dynamique et créatif - TSH25SPRO32701TB1 - OFF WHIT / 12",TOWN TEAM,119.00,299.00,60,En stock,N/A,
Justyol,Enfants,Kids Babies All,"T-shirt stone garçon avec imprimé ""JOY DAYS"" – Style créatif et énergique - TSH25SPRO32702TB1 - Stone / 8",TOWN TEAM,139.00,359.00,61,En stock,N/A,
Justyol,Enfants,Kids Babies All,"T-shirt Kaki enfant avec imprimé ""Flames"" et caractères chinois – Style moderne et audacieux - TSH25SPRO32729TB1 - Khaki / 12",TOWN TEAM,109.00,359.00,70,En stock,N/A,
Justyol,Enfants,Kids Babies All,"T-shirt vert menthe garçon avec imprimé ""STYLE FORCE"" – Style urbain et créatif - TSH25SPRO32722TB1 - Mint / 6",TOWN TEAM,109.00,279.00,61,En stock,N/A,
Justyol,Enfants,Kids Babies All,Polo pour enfants de couleur blanche avec un design moderne - POS25SPPR21053TB1 - OFF WHIT / 12,TOWN TEAM,109.00,379.00,71,En stock,N/A,
Justyol,Enfants,Kids Babies All,Short en jean pour enfants de couleur bleu foncé avec des détails de déchirures - SHR25SDSP31708TB1 - D-BLUE / 10,TOWN TEAM,159.00,399.00,60,En stock,N/A,
Justyol,Enfants,Kids Babies All,"Short en jean pour enfants de couleur noire, au design moderne - SHR25SDBP30209TB1 - Black / 6",TOWN TEAM,159.00,399.00,60,En stock,N/A,
Justyol,Enfants,Kids Babies All,T-shirt garçon imprimé graphique Tokyo - TSH25SPRO32731TB1 - D-GREY / 16,TOWN TEAM,139.00,359.00,61,En stock,N/A,
Justyol,Enfants,Kids Babies All,"T-shirt off-white garçon ""GOOD VIBES"" avec imprimé graphique - TSH25SPRO32684TB1 - OFF WHIT / 14",TOWN TEAM,119.00,299.00,60,En stock,N/A,
Justyol,Enfants,Kids Babies All,Chemise enfant garçon à manches courtes avec imprimé moderne – SSH25SXIR31146TB1 - Blue / 6,TOWN TEAM,139.00,339.00,59,En stock,N/A,
Justyol,Enfants,Kids Babies All,Chemise enfant oversize ornée de motifs tropicaux colorés – SSH25SAUC31122TB1 - White / 12,TOWN TEAM,139.00,339.00,59,En stock,N/A,
Justyol,Enfants,Kids Babies All,Polo enfant au design moderne et à la couleur douce – POS24SNTR21762TB1 - Mint / 14,TOWN TEAM,149.00,379.00,61,En stock,N/A,
Justyol,Enfants,Kids Babies All,Polo enfant garçon au design distinctif avec imprimé moderne – POS24SPPR21754TB1 - D-Stone / 12,TOWN TEAM,119.00,299.00,60,En stock,N/A,
Justyol,Enfants,Kids Babies All,Chemise enfant garçon à manches longues au design élégant – SHI25SECR19540TB1 - Black / 14,TOWN TEAM,129.00,429.00,70,En stock,N/A,
Justyol,Enfants,Kids Babies All,"T-shirt Garçon Pêche ""Vacation"" – Design Fun et Graphique - TSH25SPRO32667TB1 - Simon / 14",TOWN TEAM,79.00,199.00,60,En stock,N/A,
Justyol,Enfants,Kids Babies All,"T-shirt Garçon Off-White ""Believe in My Own Dreams"" – Design Coloré et Inspirant - TSH25SPRO32696TB1 - OFF WHIT / 12",TOWN TEAM,109.00,359.00,70,En stock,N/A,
Justyol,Enfants,Kids Babies All,T-shirt Garçon Off-White à Imprimé Palmiers – Style Décontracté et Estival - TSH25SPRO32733TB1 - OFF WHIT / 12,TOWN TEAM,109.00,359.00,70,En stock,N/A,
Justyol,Enfants,Kids Babies All,"T-shirt Garçon Beige à Imprimé ""Keep Smile"" – Style Urbain et Décontracté - TSH25SPRO32719TB1 - Beige / 12",TOWN TEAM,89.00,299.00,70,En stock,N/A,
Justyol,Enfants,Kids Babies All,Short Garçon Olive Imprimé – Style Urbain et Confortable - SHR25SGAS23179TB1 - Olive / 8,TOWN TEAM,129.00,439.00,71,En stock,N/A,
Justyol,Enfants,Kids Babies All,Short enfant garçon casual avec cordon de serrage à la taille et imprimé moderne – SHR25SMAS32120TB1 - Cashmere / 14,TOWN TEAM,89.00,299.00,70,En stock,N/A,
Justyol,Enfants,Kids Babies All,Short de bain pour enfants de couleur bleue avec un design unique - SWO24SSAE11398TB1 - D-BLUE / 8,TOWN TEAM,99.00,239.00,59,En stock,N/A,
Justyol,Enfants,Kids Babies All,Ensemble enfant t-shirt et short au design moderne – TST25SSNP15028TB1 - Orange / 14,TOWN TEAM,259.00,659.00,61,En stock,N/A,
Justyol,Enfants,Kids Babies All,"T-shirt stone garçon avec imprimé ""JOY DAYS"" – Style créatif et énergique - TSH25SPRO32702TB1 - Stone / 16",TOWN TEAM,139.00,359.00,61,En stock,N/A,
Justyol,Enfants,Kids Babies All,"T-shirt vert menthe garçon avec imprimé ""STYLE FORCE"" – Style urbain et créatif - TSH25SPRO32722TB1 - Mint / 10",TOWN TEAM,109.00,279.00,61,En stock,N/A,
Justyol,Enfants,Kids Babies All,Polo pour enfants de couleur blanche avec un design moderne - POS25SPPR21053TB1 - OFF WHIT / 14,TOWN TEAM,109.00,379.00,71,En stock,N/A,
Justyol,Enfants,Kids Babies All,Short en jean pour enfants de couleur bleu foncé avec des détails de déchirures - SHR25SDSP31708TB1 - D-BLUE / 12,TOWN TEAM,159.00,399.00,60,En stock,N/A,
Justyol,Enfants,Kids Babies All,"Short en jean pour enfants de couleur noire, au design moderne - SHR25SDBP30209TB1 - Black / 14",TOWN TEAM,159.00,399.00,60,En stock,N/A,
Justyol,Enfants,Kids Babies All,T-shirt garçon imprimé graphique Tokyo - TSH25SPRO32731TB1 - D-GREY / 8,TOWN TEAM,139.00,359.00,61,En stock,N/A,
Justyol,Enfants,Kids Babies All,"T-shirt off-white garçon ""GOOD VIBES"" avec imprimé graphique - TSH25SPRO32684TB1 - OFF WHIT / 12",TOWN TEAM,119.00,299.00,60,En stock,N/A,
Justyol,Enfants,Kids Babies All,Chemise enfant garçon à manches courtes avec imprimé moderne – SSH25SXIR31146TB1 - Blue / 14,TOWN TEAM,139.00,339.00,59,En stock,N/A,
Justyol,Enfants,Kids Babies All,Polo enfant garçon au design distinctif avec imprimé moderne – POS24SPPR21754TB1 - D-Stone / 16,TOWN TEAM,119.00,299.00,60,En stock,N/A,
Justyol,Enfants,Kids Babies All,Chemise enfant garçon à manches longues au design élégant – SHI25SECR19540TB1 - White / 14,TOWN TEAM,129.00,429.00,70,En stock,N/A,
Justyol,Enfants,Kids Babies All,"T-shirt Garçon Pêche ""Vacation"" – Design Fun et Graphique - TSH25SPRO32667TB1 - Simon / 8",TOWN TEAM,79.00,199.00,60,En stock,N/A,
Justyol,Enfants,Kids Babies All,T-shirt Garçon Off-White à Imprimé Palmiers – Style Décontracté et Estival - TSH25SPRO32733TB1 - OFF WHIT / 14,TOWN TEAM,109.00,359.00,70,En stock,N/A,
Justyol,Enfants,Kids Babies All,"T-shirt Garçon Beige à Imprimé ""Keep Smile"" – Style Urbain et Décontracté - TSH25SPRO32719TB1 - Beige / 14",TOWN TEAM,89.00,299.00,70,En stock,N/A,
Justyol,Enfants,Kids Babies All,Short Garçon Olive Imprimé – Style Urbain et Confortable - SHR25SGAS23179TB1 - Olive / 4,TOWN TEAM,129.00,439.00,71,En stock,N/A,
Justyol,Enfants,Kids Babies All,Short enfant garçon casual avec cordon de serrage à la taille et imprimé moderne – SHR25SMAS32120TB1 - Cashmere / 16,TOWN TEAM,89.00,299.00,70,En stock,N/A,
Justyol,Enfants,Kids Babies All,Polo pour enfants de couleur blanche avec un design moderne - POS25SPPR21053TB1 - OFF WHIT / 16,TOWN TEAM,109.00,379.00,71,En stock,N/A,
Justyol,Enfants,Kids Babies All,Short en jean pour enfants de couleur bleu foncé avec des détails de déchirures - SHR25SDSP31708TB1 - D-BLUE / 14,TOWN TEAM,159.00,399.00,60,En stock,N/A,
Justyol,Enfants,Kids Babies All,"Short en jean pour enfants de couleur noire, au design moderne - SHR25SDBP30209TB1 - Black / 12",TOWN TEAM,159.00,399.00,60,En stock,N/A,
Justyol,Enfants,Kids Babies All,"T-shirt off-white garçon ""GOOD VIBES"" avec imprimé graphique - TSH25SPRO32684TB1 - OFF WHIT / 6",TOWN TEAM,119.00,299.00,60,En stock,N/A,
Justyol,Enfants,Kids Babies All,Chemise enfant garçon à manches courtes avec imprimé moderne – SSH25SXIR31146TB1 - Blue / 12,TOWN TEAM,139.00,339.00,59,En stock,N/A,
Justyol,Enfants,Kids Babies All,Polo enfant garçon au design distinctif avec imprimé moderne – POS24SPPR21754TB1 - D-Stone / 14,TOWN TEAM,119.00,299.00,60,En stock,N/A,
Justyol,Enfants,Kids Babies All,Chemise enfant garçon à manches longues au design élégant – SHI25SECR19540TB1 - White / 16,TOWN TEAM,129.00,429.00,70,En stock,N/A,
Justyol,Enfants,Kids Babies All,Short Garçon Olive Imprimé – Style Urbain et Confortable - SHR25SGAS23179TB1 - Olive / 10,TOWN TEAM,129.00,439.00,71,En stock,N/A,
Justyol,Enfants,Kids Babies All,Short enfant garçon casual avec cordon de serrage à la taille et imprimé moderne – SHR25SMAS32120TB1 - D-GREY / 4,TOWN TEAM,89.00,299.00,70,En stock,N/A,
Justyol,Enfants,Kids Babies All,"Short en jean pour enfants de couleur noire, au design moderne - SHR25SDBP30209TB1 - Black / 8",TOWN TEAM,159.00,399.00,60,En stock,N/A,
Justyol,Enfants,Kids Babies All,Polo enfant garçon au design distinctif avec imprimé moderne – POS24SPPR21754TB1 - D-Stone / 10,TOWN TEAM,119.00,299.00,60,En stock,N/A,
Justyol,Enfants,Kids Babies All,Chemise enfant garçon à manches longues au design élégant – SHI25SECR19540TB1 - White / 4,TOWN TEAM,129.00,429.00,70,En stock,N/A,
Justyol,Enfants,Kids Babies All,Short Garçon Olive Imprimé – Style Urbain et Confortable - SHR25SGAS23179TB1 - Olive / 6,TOWN TEAM,129.00,439.00,71,En stock,N/A,
Justyol,Enfants,Kids Babies All,Short enfant garçon casual avec cordon de serrage à la taille et imprimé moderne – SHR25SMAS32120TB1 - D-GREY / 12,TOWN TEAM,89.00,299.00,70,En stock,N/A,
Justyol,Enfants,Kids Babies All,Chemise enfant garçon à manches longues au design élégant – SHI25SECR19540TB1 - White / 10,TOWN TEAM,129.00,429.00,70,En stock,N/A,
Justyol,Enfants,Kids Babies All,Short Garçon Olive Imprimé – Style Urbain et Confortable - SHR25SGAS23179TB1 - Olive / 14,TOWN TEAM,129.00,439.00,71,En stock,N/A,
Justyol,Enfants,Kids Babies All,Short enfant garçon casual avec cordon de serrage à la taille et imprimé moderne – SHR25SMAS32120TB1 - D-GREY / 6,TOWN TEAM,89.00,299.00,70,En stock,N/A,
Justyol,Enfants,Kids Babies All,Short enfant garçon casual avec cordon de serrage à la taille et imprimé moderne – SHR25SMAS32120TB1 - Cashmere / 6,TOWN TEAM,89.00,299.00,70,En stock,N/A,
Justyol,Enfants,Kids Babies All,Short enfant garçon casual avec cordon de serrage à la taille et imprimé moderne – SHR25SMAS32120TB1 - Cashmere / 4,TOWN TEAM,89.00,299.00,70,En stock,N/A,
Justyol,Enfants,Kids Babies All,Short enfant garçon casual avec cordon de serrage à la taille et imprimé moderne – SHR25SMAS32120TB1 - Cashmere / 8,TOWN TEAM,89.00,299.00,70,En stock,N/A,
Justyol,Enfants,Kids Babies All,Chemise enfant ornée de motifs distinctifs – SSH25SAER31169TB1 - L-OLIVE / 16,TOWN TEAM,99.00,339.00,71,En stock,N/A,
Justyol,Enfants,Kids Babies All,Chemise pour enfants de couleur bleu marine avec boutons sur le devant - SHI25SEIR16022TB1 - Indigo / 12,TOWN TEAM,139.00,359.00,61,En stock,N/A,
Justyol,Enfants,Kids Babies All,Short en jean enfant au design moderne avec effet délavé – SHR25SDBP31706TB1 - Grey / 12,TOWN TEAM,159.00,399.00,60,En stock,N/A,
Justyol,Enfants,Kids Babies All,Short en jean pour enfants de couleur bleu clair - SHR25GDPP31709TB1 - Ice Blue / 6,TOWN TEAM,129.00,439.00,71,En stock,N/A,
Justyol,Enfants,Kids Babies All,Short enfant au design moderne avec imprimé artistique – SHR25GDPP31711TB1 - Black / 10,TOWN TEAM,129.00,439.00,71,En stock,N/A,
Justyol,Enfants,Kids Babies All,Polo enfant au design moderne avec imprimé distinctif – POS25SPMW21079TJ1 - Black / 14,TOWN TEAM,109.00,379.00,71,En stock,N/A,
Justyol,Enfants,Kids Babies All,"Sweat-shirt bleu encre garçon avec imprimé ""WORLDWIDE"" – Style sportif et confortable - SWS23WMIL31419TB1 - Ink Blue / 4",TOWN TEAM,119.00,499.00,76,En stock,N/A,
Justyol,Enfants,Kids Babies All,Sweat à capuche olive garçon avec imprimé créatif – Style urbain et confortable - SWS23WMIL31440TB1 - Olive / 4,TOWN TEAM,149.00,599.00,75,En stock,N/A,
Justyol,Enfants,Kids Babies All,Sweat à capuche khaki garçon avec imprimé Minecraft – Style créatif et décontracté - SWS25WHNK31545TB1 - Khaki / 16,TOWN TEAM,239.00,599.00,60,En stock,N/A,
Justyol,Enfants,Kids Babies All,"T-shirt stone garçon avec imprimé ""SIMSER"" – Style moderne et positif - TSH24SPRO32658TB1 - Stone / 10",TOWN TEAM,89.00,299.00,70,En stock,N/A,
Justyol,Enfants,Kids Babies All,Pantalon de sport enfant avec taille élastique et poches latérales – SWP25GMPS24618TB1 - Black / 14,TOWN TEAM,189.00,379.00,50,En stock,N/A,
Justyol,Enfants,Kids Babies All,Short Garçon Noir Imprimé – Style Urbain Confortable - SHR25SMPS32121TB1 - Black / 4,TOWN TEAM,119.00,299.00,60,En stock,N/A,
Justyol,Enfants,Kids Babies All,Polo enfant aux motifs ludiques et aux couleurs vives – POS24SPPR31283TB1 - NEON YLW / 12,TOWN TEAM,119.00,299.00,60,En stock,N/A,
Justyol,Enfants,Kids Babies All,Polo enfant aux motifs ludiques et aux couleurs vives – POS24SAPR31293TB1 - Olive / 12,TOWN TEAM,119.00,299.00,60,En stock,N/A,
Justyol,Enfants,Kids Babies All,Polo enfant avec imprimé artistique et design moderne – POS24SPPR31277TB1 - NEON YLW / 12,TOWN TEAM,119.00,299.00,60,En stock,N/A,
Justyol,Enfants,Kids Babies All,Polo enfant au design moderne avec boutons distinctifs – POS24SBTR21813TB1 - D-ORANGE / 14,TOWN TEAM,109.00,279.00,61,En stock,N/A,
Justyol,Enfants,Kids Babies All,Chemise enfant au design moderne avec imprimé typographique – SSH24SACR19420TB1 - WHT/BLK / 12,TOWN TEAM,139.00,359.00,61,En stock,N/A,
Justyol,Enfants,Kids Babies All,Short enfant au design moderne avec imprimé distinctif – SHR25SDPP31712TB1 - OFF WHIT / 12,TOWN TEAM,109.00,359.00,70,En stock,N/A,
Justyol,Enfants,Kids Babies All,Short enfant au design moderne avec poches latérales – SHR25SGPC31704TJ1 - Olive / 10,TOWN TEAM,119.00,399.00,70,En stock,N/A,
Justyol,Enfants,Kids Babies All,Short enfant au design moderne avec imprimé audacieux – SHR25SMPS29170TB1 - Black / 10,TOWN TEAM,139.00,359.00,61,En stock,N/A,
Justyol,Enfants,Kids Babies All,Sweat-shirt garçon en coton noir au style moderne et confortable – SWS23WMIL26750TB1 - Black / 10,TOWN TEAM,149.00,599.00,75,En stock,N/A,
Justyol,Enfants,Kids Babies All,Pantalon de sport garçon noir en matière confortable – SWP23WSNS31388TB1 - Black / 4,TOWN TEAM,99.00,259.00,62,En stock,N/A,
Justyol,Enfants,Kids Babies All,Gilet garçon matelassé avec capuche ajustable – VST23AFWP28535TB1 - Navy / 6,TOWN TEAM,249.00,999.00,75,En stock,N/A,
Justyol,Enfants,Kids Babies All,Pantalon de sport garçon coloris anthracite avec poches latérales – SWP23SEPL24576TB1 - Black / 8,TOWN TEAM,139.00,339.00,59,En stock,N/A,
Justyol,Enfants,Kids Babies All,Veste d’hiver garçon matelassée avec fermeture zippée au design pratique - JAC24WFWP28818TB1 - Blue Black / 12,TOWN TEAM,319.00,1.299,N/A,En stock,N/A,
Justyol,Enfants,Kids Babies All,Pantalon de sport garçon à taille élastique avec poches latérales au design confortable - JOG23WGPS24242TB1 - LT.GREY / 4,TOWN TEAM,139.00,359.00,61,En stock,N/A,
Justyol,Enfants,Kids Babies All,Pantalon de sport garçon à taille élastique avec poches latérales au design moderne - JOG23SGBL24259TB1 - Beige / 10,TOWN TEAM,149.00,379.00,61,En stock,N/A,
Justyol,Enfants,Kids Babies All,"Pantalon de survêtement pour garçon avec taille élastique, au design pratique et confortable – JOG23SGBS24246TB1 - Black / 12",TOWN TEAM,149.00,379.00,61,En stock,N/A,
Justyol,Enfants,Kids Babies All,Jean pour garçon au design moderne avec taille élastique – JOG23SDWS32242TB1 - Blue / 12,TOWN TEAM,149.00,379.00,61,En stock,N/A,
Justyol,Enfants,Kids Babies All,Polo pour enfant avec imprimé distinctif au dos – POS24SPPU31299TB1 - OFF WHIT / 16,TOWN TEAM,79.00,299.00,74,En stock,N/A,
Justyol,Enfants,Kids Babies All,Polo enfant uni élégant – POS24SPPR31284TB1 - Mauve / 14,TOWN TEAM,79.00,239.00,67,En stock,N/A,
Justyol,Enfants,Kids Babies All,Polo enfant au design pratique et confortable – POS24SPPR31278TB1 - White / 16,TOWN TEAM,79.00,299.00,74,En stock,N/A,
Justyol,Enfants,Kids Babies All,"Polo enfant de couleur bleue, au design moderne adapté à tous les styles – POS24SPPR31273TB1 - Blue / 14",TOWN TEAM,79.00,279.00,72,En stock,N/A,
Justyol,Enfants,Kids Babies All,Chemise enfant ornée de motifs distinctifs – SSH25SAER31169TB1 - L-OLIVE / 8,TOWN TEAM,99.00,339.00,71,En stock,N/A,
Justyol,Enfants,Kids Babies All,Chemise pour enfants de couleur bleu marine avec boutons sur le devant - SHI25SEIR16022TB1 - Indigo / 14,TOWN TEAM,139.00,359.00,61,En stock,N/A,
Justyol,Enfants,Kids Babies All,Short en jean enfant au design moderne avec effet délavé – SHR25SDBP31706TB1 - Grey / 14,TOWN TEAM,159.00,399.00,60,En stock,N/A,
Justyol,Enfants,Kids Babies All,Short en jean pour enfants de couleur bleu clair - SHR25GDPP31709TB1 - Ice Blue / 8,TOWN TEAM,129.00,439.00,71,En stock,N/A,
Justyol,Enfants,Kids Babies All,Short enfant au design moderne avec imprimé artistique – SHR25GDPP31711TB1 - Black / 16,TOWN TEAM,129.00,439.00,71,En stock,N/A,
Justyol,Enfants,Kids Babies All,Polo enfant au design moderne avec imprimé distinctif – POS25SPMW21079TJ1 - Black / 16,TOWN TEAM,109.00,379.00,71,En stock,N/A,
Justyol,Enfants,Kids Babies All,"Sweat-shirt bleu encre garçon avec imprimé ""WORLDWIDE"" – Style sportif et confortable - SWS23WMIL31419TB1 - Ink Blue / 10",TOWN TEAM,119.00,499.00,76,En stock,N/A,
Justyol,Enfants,Kids Babies All,Pantalon de sport enfant avec taille élastique et poches latérales – SWP25GMPS24618TB1 - Black / 12,TOWN TEAM,189.00,379.00,50,En stock,N/A,
Justyol,Enfants,Kids Babies All,Polo enfant aux motifs ludiques et aux couleurs vives – POS24SPPR31283TB1 - NEON YLW / 16,TOWN TEAM,119.00,299.00,60,En stock,N/A,
Justyol,Enfants,Kids Babies All,Polo enfant aux motifs ludiques et aux couleurs vives – POS24SAPR31293TB1 - Olive / 16,TOWN TEAM,119.00,299.00,60,En stock,N/A,
Justyol,Enfants,Kids Babies All,Polo enfant avec imprimé artistique et design moderne – POS24SPPR31277TB1 - NEON YLW / 14,TOWN TEAM,119.00,299.00,60,En stock,N/A,
Justyol,Enfants,Kids Babies All,Polo enfant au design moderne avec boutons distinctifs – POS24SBTR21813TB1 - D-ORANGE / 10,TOWN TEAM,109.00,279.00,61,En stock,N/A,
Justyol,Enfants,Kids Babies All,Chemise enfant au design moderne avec imprimé typographique – SSH24SACR19420TB1 - WHT/BLK / 10,TOWN TEAM,139.00,359.00,61,En stock,N/A,
Justyol,Enfants,Kids Babies All,Short enfant au design moderne avec imprimé distinctif – SHR25SDPP31712TB1 - OFF WHIT / 14,TOWN TEAM,109.00,359.00,70,En stock,N/A,
Justyol,Enfants,Kids Babies All,Short enfant au design moderne avec poches latérales – SHR25SGPC31704TJ1 - Olive / 14,TOWN TEAM,119.00,399.00,70,En stock,N/A,
Justyol,Enfants,Kids Babies All,Short enfant au design moderne avec imprimé audacieux – SHR25SMPS29170TB1 - Black / 12,TOWN TEAM,139.00,359.00,61,En stock,N/A,
Justyol,Enfants,Kids Babies All,Sweat-shirt garçon en coton noir au style moderne et confortable – SWS23WMIL26750TB1 - Black / 11,TOWN TEAM,149.00,599.00,75,En stock,N/A,
Justyol,Enfants,Kids Babies All,Pantalon de sport garçon noir en matière confortable – SWP23WSNS31388TB1 - Black / 6,TOWN TEAM,99.00,259.00,62,En stock,N/A,
Justyol,Enfants,Kids Babies All,Gilet garçon matelassé avec capuche ajustable – VST23AFWP28535TB1 - Yellow / 14,TOWN TEAM,249.00,999.00,75,En stock,N/A,
Justyol,Enfants,Kids Babies All,Pantalon de sport garçon coloris anthracite avec poches latérales – SWP23SEPL24576TB1 - Black / 4,TOWN TEAM,139.00,339.00,59,En stock,N/A,
Justyol,Enfants,Kids Babies All,Veste d’hiver garçon matelassée avec fermeture zippée au design pratique - JAC24WFWP28818TB1 - Blue Black / 10,TOWN TEAM,319.00,1.299,N/A,En stock,N/A,
Justyol,Enfants,Kids Babies All,Pantalon de sport garçon à taille élastique avec poches latérales au design confortable - JOG23WGPS24242TB1 - LT.GREY / 6,TOWN TEAM,139.00,359.00,61,En stock,N/A,
Justyol,Enfants,Kids Babies All,"Pantalon de survêtement pour garçon avec taille élastique, au design pratique et confortable – JOG23SGBS24246TB1 - Beige / 14",TOWN TEAM,149.00,379.00,61,En stock,N/A,
Justyol,Enfants,Kids Babies All,Jean pour garçon au design moderne avec taille élastique – JOG23SDWS32242TB1 - D-GREY / 10,TOWN TEAM,149.00,379.00,61,En stock,N/A,
Justyol,Enfants,Kids Babies All,Polo enfant uni élégant – POS24SPPR31284TB1 - Mauve / 16,TOWN TEAM,79.00,239.00,67,En stock,N/A,
Justyol,Enfants,Kids Babies All,Polo enfant au design pratique et confortable – POS24SPPR31278TB1 - White / 14,TOWN TEAM,79.00,299.00,74,En stock,N/A,
Justyol,Enfants,Kids Babies All,"Polo enfant de couleur bleue, au design moderne adapté à tous les styles – POS24SPPR31273TB1 - Blue / 16",TOWN TEAM,79.00,279.00,72,En stock,N/A,
Justyol,Enfants,Kids Babies All,Chemise enfant ornée de motifs distinctifs – SSH25SAER31169TB1 - L-OLIVE / 10,TOWN TEAM,99.00,339.00,71,En stock,N/A,
Justyol,Enfants,Kids Babies All,Chemise pour enfants de couleur bleu marine avec boutons sur le devant - SHI25SEIR16022TB1 - Indigo / 6,TOWN TEAM,139.00,359.00,61,En stock,N/A,
Justyol,Enfants,Kids Babies All,Short en jean enfant au design moderne avec effet délavé – SHR25SDBP31706TB1 - Grey / 10,TOWN TEAM,159.00,399.00,60,En stock,N/A,
Justyol,Enfants,Kids Babies All,Short en jean pour enfants de couleur bleu clair - SHR25GDPP31709TB1 - Ice Blue / 10,TOWN TEAM,129.00,439.00,71,En stock,N/A,
Justyol,Enfants,Kids Babies All,Short enfant au design moderne avec imprimé artistique – SHR25GDPP31711TB1 - Black / 8,TOWN TEAM,129.00,439.00,71,En stock,N/A,
Justyol,Enfants,Kids Babies All,Polo enfant au design moderne avec imprimé distinctif – POS25SPMW21079TJ1 - Black / 10,TOWN TEAM,109.00,379.00,71,En stock,N/A,
Justyol,Enfants,Kids Babies All,Polo enfant aux motifs ludiques et aux couleurs vives – POS24SAPR31293TB1 - Olive / 14,TOWN TEAM,119.00,299.00,60,En stock,N/A,
Justyol,Enfants,Kids Babies All,Polo enfant avec imprimé artistique et design moderne – POS24SPPR31277TB1 - NEON YLW / 16,TOWN TEAM,119.00,299.00,60,En stock,N/A,
Justyol,Enfants,Kids Babies All,Polo enfant au design moderne avec boutons distinctifs – POS24SBTR21813TB1 - Black / 12,TOWN TEAM,109.00,279.00,61,En stock,N/A,
Justyol,Enfants,Kids Babies All,Chemise enfant au design moderne avec imprimé typographique – SSH24SACR19420TB1 - WHT/BLK / 14,TOWN TEAM,139.00,359.00,61,En stock,N/A,
Justyol,Enfants,Kids Babies All,Short enfant au design moderne avec poches latérales – SHR25SGPC31704TJ1 - Olive / 12,TOWN TEAM,119.00,399.00,70,En stock,N/A,
Justyol,Enfants,Kids Babies All,Sweat-shirt garçon en coton noir au style moderne et confortable – SWS23WMIL26750TB1 - Black / 4,TOWN TEAM,149.00,599.00,75,En stock,N/A,
Justyol,Enfants,Kids Babies All,Gilet garçon matelassé avec capuche ajustable – VST23AFWP28535TB1 - Yellow / 16,TOWN TEAM,249.00,999.00,75,En stock,N/A,
Justyol,Enfants,Kids Babies All,Pantalon de sport garçon coloris anthracite avec poches latérales – SWP23SEPL24576TB1 - Black / 10,TOWN TEAM,139.00,339.00,59,En stock,N/A,
Justyol,Enfants,Kids Babies All,Veste d’hiver garçon matelassée avec fermeture zippée au design pratique - JAC24WFWP28818TB1 - Yelo/Black / 10,TOWN TEAM,319.00,1.299,N/A,En stock,N/A,
Justyol,Enfants,Kids Babies All,Pantalon de sport garçon à taille élastique avec poches latérales au design confortable - JOG23WGPS24242TB1 - Khaki / 10,TOWN TEAM,139.00,359.00,61,En stock,N/A,
Justyol,Enfants,Kids Babies All,Polo enfant uni élégant – POS24SPPR31284TB1 - Mauve / 10,TOWN TEAM,79.00,239.00,67,En stock,N/A,
Justyol,Enfants,Kids Babies All,Polo enfant au design pratique et confortable – POS24SPPR31278TB1 - White / 12,TOWN TEAM,79.00,299.00,74,En stock,N/A,
Justyol,Enfants,Kids Babies All,Chemise enfant ornée de motifs distinctifs – SSH25SAER31169TB1 - L-OLIVE / 12,TOWN TEAM,99.00,339.00,71,En stock,N/A,
Justyol,Enfants,Kids Babies All,Chemise pour enfants de couleur bleu marine avec boutons sur le devant - SHI25SEIR16022TB1 - Indigo / 8,TOWN TEAM,139.00,359.00,61,En stock,N/A,
Justyol,Enfants,Kids Babies All,Short en jean enfant au design moderne avec effet délavé – SHR25SDBP31706TB1 - Grey / 16,TOWN TEAM,159.00,399.00,60,En stock,N/A,
Justyol,Enfants,Kids Babies All,Short en jean pour enfants de couleur bleu clair - SHR25GDPP31709TB1 - Ice Blue / 14,TOWN TEAM,129.00,439.00,71,En stock,N/A,
Justyol,Enfants,Kids Babies All,Short enfant au design moderne avec imprimé artistique – SHR25GDPP31711TB1 - Black / 12,TOWN TEAM,129.00,439.00,71,En stock,N/A,
Justyol,Enfants,Kids Babies All,Polo enfant au design moderne avec imprimé distinctif – POS25SPMW21079TJ1 - Black / 12,TOWN TEAM,109.00,379.00,71,En stock,N/A,
Justyol,Enfants,Kids Babies All,Polo enfant au design moderne avec boutons distinctifs – POS24SBTR21813TB1 - Black / 14,TOWN TEAM,109.00,279.00,61,En stock,N/A,
Justyol,Enfants,Kids Babies All,Gilet garçon matelassé avec capuche ajustable – VST23AFWP28535TB1 - Yellow / 10,TOWN TEAM,249.00,999.00,75,En stock,N/A,
Justyol,Enfants,Kids Babies All,Veste d’hiver garçon matelassée avec fermeture zippée au design pratique - JAC24WFWP28818TB1 - Yelo/Black / 12,TOWN TEAM,319.00,1.299,N/A,En stock,N/A,
Justyol,Enfants,Kids Babies All,Pantalon de sport garçon à taille élastique avec poches latérales au design confortable - JOG23WGPS24242TB1 - Khaki / 6,TOWN TEAM,139.00,359.00,61,En stock,N/A,
Justyol,Enfants,Kids Babies All,Polo enfant uni élégant – POS24SPPR31284TB1 - Mauve / 12,TOWN TEAM,79.00,239.00,67,En stock,N/A,
Justyol,Enfants,Kids Babies All,Chemise enfant ornée de motifs distinctifs – SSH25SAER31169TB1 - L-OLIVE / 14,TOWN TEAM,99.00,339.00,71,En stock,N/A,
Justyol,Enfants,Kids Babies All,Chemise pour enfants de couleur bleu marine avec boutons sur le devant - SHI25SEIR16022TB1 - Indigo / 10,TOWN TEAM,139.00,359.00,61,En stock,N/A,
Justyol,Enfants,Kids Babies All,Short en jean enfant au design moderne avec effet délavé – SHR25SDBP31706TB1 - Grey / 8,TOWN TEAM,159.00,399.00,60,En stock,N/A,
Justyol,Enfants,Kids Babies All,Short en jean pour enfants de couleur bleu clair - SHR25GDPP31709TB1 - Ice Blue / 12,TOWN TEAM,129.00,439.00,71,En stock,N/A,
Justyol,Enfants,Kids Babies All,Short enfant au design moderne avec imprimé artistique – SHR25GDPP31711TB1 - Black / 14,TOWN TEAM,129.00,439.00,71,En stock,N/A,
Justyol,Enfants,Kids Babies All,Polo enfant au design moderne avec boutons distinctifs – POS24SBTR21813TB1 - Olive / 12,TOWN TEAM,109.00,279.00,61,En stock,N/A,
Justyol,Enfants,Kids Babies All,Gilet garçon matelassé avec capuche ajustable – VST23AFWP28535TB1 - Yellow / 12,TOWN TEAM,249.00,999.00,75,En stock,N/A,
Justyol,Enfants,Kids Babies All,Veste d’hiver garçon matelassée avec fermeture zippée au design pratique - JAC24WFWP28818TB1 - Yelo/Black / 8,TOWN TEAM,319.00,1.299,N/A,En stock,N/A,
Justyol,Enfants,Kids Babies All,Chemise enfant ornée de motifs distinctifs – SSH25SAER31169TB1 - L-OLIVE / 6,TOWN TEAM,99.00,339.00,71,En stock,N/A,
Justyol,Enfants,Kids Babies All,Short en jean enfant au design moderne avec effet délavé – SHR25SDBP31706TB1 - Ice Blue / 10,TOWN TEAM,159.00,399.00,60,En stock,N/A,
Justyol,Enfants,Kids Babies All,Short enfant au design moderne avec imprimé artistique – SHR25GDPP31711TB1 - Black / 6,TOWN TEAM,129.00,439.00,71,En stock,N/A,
Justyol,Enfants,Kids Babies All,Polo enfant au design moderne avec boutons distinctifs – POS24SBTR21813TB1 - Olive / 14,TOWN TEAM,109.00,279.00,61,En stock,N/A,
Justyol,Enfants,Kids Babies All,Veste d’hiver garçon matelassée avec fermeture zippée au design pratique - JAC24WFWP28818TB1 - Yelo/Black / 14,TOWN TEAM,319.00,1.299,N/A,En stock,N/A,
Justyol,Enfants,Kids Babies All,Short en jean enfant au design moderne avec effet délavé – SHR25SDBP31706TB1 - Ice Blue / 16,TOWN TEAM,159.00,399.00,60,En stock,N/A,
Justyol,Enfants,Kids Babies All,Polo enfant au design moderne avec boutons distinctifs – POS24SBTR21813TB1 - D-ORANGE / 12,TOWN TEAM,109.00,279.00,61,En stock,N/A,
Justyol,Enfants,Kids Babies All,Veste d’hiver garçon matelassée avec fermeture zippée au design pratique - JAC24WFWP28818TB1 - Blue Black / 14,TOWN TEAM,319.00,1.299,N/A,En stock,N/A,
Justyol,Enfants,Kids Babies All,Short en jean enfant au design moderne avec effet délavé – SHR25SDBP31706TB1 - Ice Blue / 6,TOWN TEAM,159.00,399.00,60,En stock,N/A,
Justyol,Enfants,Kids Babies All,Polo enfant au design moderne avec boutons distinctifs – POS24SBTR21813TB1 - Olive / 10,TOWN TEAM,109.00,279.00,61,En stock,N/A,
Justyol,Enfants,Kids Babies All,Veste d’hiver garçon matelassée avec fermeture zippée au design pratique - JAC24WFWP28818TB1 - Blue Black / 8,TOWN TEAM,319.00,1.299,N/A,En stock,N/A,
Justyol,Enfants,Kids Babies All,Short en jean enfant au design moderne avec effet délavé – SHR25SDBP31706TB1 - Ice Blue / 12,TOWN TEAM,159.00,399.00,60,En stock,N/A,
Justyol,Enfants,Kids Babies All,Veste d’hiver garçon matelassée avec fermeture zippée au design pratique - JAC24WFWP28818TB1 - Yelo/Black / 4,TOWN TEAM,319.00,1.299,N/A,En stock,N/A,
Justyol,Enfants,Kids Babies All,Short en jean enfant au design moderne avec effet délavé – SHR25SDBP31706TB1 - Ice Blue / 14,TOWN TEAM,159.00,399.00,60,En stock,N/A,
Justyol,Enfants,Kids Babies All,Short en jean enfant au design moderne avec effet délavé – SHR25SDBP31706TB1 - Ice Blue / 8,TOWN TEAM,159.00,399.00,60,En stock,N/A,
Justyol,Enfants,Kids Babies All,Short en jean enfant au design moderne avec effet délavé – SHR25SDBP31706TB1 - Grey / 6,TOWN TEAM,159.00,399.00,60,En stock,N/A,
Justyol,Enfants,Kids Babies All,Polo enfant blanc au design simple et élégant – POS24SPPR31274TB1 - White / 14,TOWN TEAM,89.00,299.00,70,En stock,N/A,
Justyol,Enfants,Kids Babies All,Chemise garçon à manches longues avec boutons sur le devant – SHI24SECS31102TB1 - Navy / 16,TOWN TEAM,99.00,299.00,67,En stock,N/A,
Justyol,Enfants,Kids Babies All,Chemise garçon à manches courtes avec boutons sur le devant – SSH24SAER31105TB1 - Navy / 12,TOWN TEAM,79.00,359.00,78,En stock,N/A,
Justyol,Enfants,Kids Babies All,Chemise garçon à manches courtes avec boutons sur le devant – SSH24SAER31107TB1 - Navy / 10,TOWN TEAM,109.00,359.00,70,En stock,N/A,
Justyol,Enfants,Kids Babies All,"Chemise garçon à manches courtes ornée de motifs, avec boutons sur le devant – SSH24SASR31108TB1 - OFF WHIT / 14",TOWN TEAM,79.00,279.00,72,En stock,N/A,
Justyol,Enfants,Kids Babies All,Chemise garçon à manches courtes ornée de motifs – SSH24SASR31110TB1 - White / 16,TOWN TEAM,79.00,279.00,72,En stock,N/A,
Justyol,Enfants,Kids Babies All,Chemise enfant garçon ornée de motifs tropicaux – SSH24SASR31112TB1 - White / 12,TOWN TEAM,109.00,359.00,70,En stock,N/A,
Justyol,Enfants,Kids Babies All,Chemise garçon ornée de mots motivants – SSH24SPER31106TB1 - White / 14,TOWN TEAM,89.00,299.00,70,En stock,N/A,
Justyol,Enfants,Kids Babies All,Chemise garçon blanche ornée d’un logo souriant – SSH24SPOR31115TB1 - White / 14,TOWN TEAM,109.00,359.00,70,En stock,N/A,
Justyol,Enfants,Kids Babies All,Chemise garçon noire ornée à manches courtes – SSH24SPSR31117TB1 - Black / 14,TOWN TEAM,109.00,359.00,70,En stock,N/A,
Justyol,Enfants,Kids Babies All,T-shirt garçon élégant avec imprimé distinctif sur la poitrine – TSH24SPRO32598TB1 - White / 10,TOWN TEAM,69.00,239.00,71,En stock,N/A,
Justyol,Enfants,Kids Babies All,T-shirt garçon avec imprimé moderne – TSH24SPRO32595TB1 - OFF WHIT / 12,TOWN TEAM,79.00,279.00,72,En stock,N/A,
Justyol,Enfants,Kids Babies All,Chemise garçon à imprimé géométrique – SSH24SASR19439TB1 - WHT/BLK / 10,TOWN TEAM,79.00,279.00,72,En stock,N/A,
Justyol,Enfants,Kids Babies All,Chemise garçon à manches courtes avec imprimé distinctif – SSH24SAIC19405TB1 - BLK/WHT / 12,TOWN TEAM,79.00,359.00,78,En stock,N/A,
Justyol,Enfants,Kids Babies All,Chemise garçon à motif artistique moderne – SSH24SACR19447TJ1 - MULTICOL / 10,TOWN TEAM,109.00,359.00,70,En stock,N/A,
Justyol,Enfants,Kids Babies All,Jean garçon au design moderne – JNS23SLBW22651TB1 - Black / 10,TOWN TEAM,199.00,399.00,50,En stock,N/A,
Justyol,Enfants,Kids Babies All,Jean garçon noir avec détails de poches latérales – JOG23SGPS24247TB1 - Black / 10,TOWN TEAM,149.00,379.00,61,En stock,N/A,
Justyol,Enfants,Kids Babies All,Polo garçon avec illustrations distinctives – POS24SAPU31295TB1 - OFF WHIT / 14,TOWN TEAM,79.00,239.00,67,En stock,N/A,
Justyol,Enfants,Kids Babies All,Polo garçon à motifs plage – POS24SAMR31290TB1 - OFF WHIT / 16,TOWN TEAM,69.00,239.00,71,En stock,N/A,
Justyol,Enfants,Kids Babies All,Polo garçon unique avec illustrations – POS24SAPR31289TB1 - Army / 16,TOWN TEAM,79.00,279.00,72,En stock,N/A,
Justyol,Enfants,Kids Babies All,Polo garçon noir au design distinctif – POS24SPPR31275TB1 - Black / 14,TOWN TEAM,79.00,299.00,74,En stock,N/A,
Justyol,Enfants,Kids Babies All,Chemise garçon blanche à rayures avec boutons – SHI24SSIS31100TB1 - White / 10,TOWN TEAM,89.00,299.00,70,En stock,N/A,
Justyol,Enfants,Kids Babies All,Polo pour garçon décoré en couleur lavande - POS24SPPR31280TB1 - Mauve / 14,TOWN TEAM,79.00,299.00,74,En stock,N/A,
Justyol,Enfants,Kids Babies All,T-shirt pour garçon à manches courtes décoré - SSH24SASR31111TB1 - White / 12,TOWN TEAM,79.00,279.00,72,En stock,N/A,
Justyol,Enfants,Kids Babies All,T-shirt enfant garçon décoré à manches courtes - SSH24SPCR31118TB1 - White / 12,TOWN TEAM,79.00,359.00,78,En stock,N/A,
Justyol,Enfants,Kids Babies All,T-shirt pour garçon décoré avec un design moderne - TSH24SPRO20934TJ1 - Blue / 10,TOWN TEAM,79.00,279.00,72,En stock,N/A,
Justyol,Enfants,Kids Babies All,Polo pour garçon blanc avec des détails distinctifs - POS24SPPR21841TB1 - White / 14,TOWN TEAM,79.00,279.00,72,En stock,N/A,
Justyol,Enfants,Kids Babies All,Polo pour garçon de couleur turquoise - POS24SPPR31279TB1 - TURQUOIS / 14,TOWN TEAM,79.00,299.00,74,En stock,N/A,
Justyol,Enfants,Kids Babies All,Polo pour garçon en couleurs vives - POS24SAMR31287TB1 - OFF WHIT / 12,TOWN TEAM,79.00,279.00,72,En stock,N/A,
Justyol,Enfants,Kids Babies All,Polo pour garçon aux couleurs distinctives - POS24SPPR31286TB1 - Army / 14,TOWN TEAM,79.00,239.00,67,En stock,N/A,
Justyol,Enfants,Kids Babies All,T-shirt pour garçon noir avec un design distinctif - TSH24SARO20022TB1 - Black / 10,TOWN TEAM,79.00,279.00,72,En stock,N/A,
Justyol,Enfants,Kids Babies All,Chemise pour enfant garçon avec col droit - SHI24SECS31113TB1 - White / 16,TOWN TEAM,99.00,359.00,72,En stock,N/A,
Justyol,Enfants,Kids Babies All,T-shirt pour garçon bleu avec une impression distinctive - TSH24SCRO32614TB1 - Navy / 12,TOWN TEAM,79.00,279.00,72,En stock,N/A,
Justyol,Enfants,Kids Babies All,Chemise pour garçon décorée de motifs floraux modernes - SSH24SAER19401TB1 - BLK/WHT / 12,TOWN TEAM,79.00,279.00,72,En stock,N/A,
Justyol,Enfants,Kids Babies All,Chemise pour garçon décorée de motifs distinctifs - SHI24SAIR19543TB1 - White / 4,TOWN TEAM,109.00,359.00,70,En stock,N/A,
Justyol,Enfants,Kids Babies All,Polo enfant blanc au design simple et élégant – POS24SPPR31274TB1 - White / 10,TOWN TEAM,89.00,299.00,70,En stock,N/A,
Justyol,Enfants,Kids Babies All,Chemise garçon à manches longues avec boutons sur le devant – SHI24SECS31102TB1 - Navy / 14,TOWN TEAM,99.00,299.00,67,En stock,N/A,
Justyol,Enfants,Kids Babies All,Chemise garçon à manches courtes avec boutons sur le devant – SSH24SAER31105TB1 - Navy / 14,TOWN TEAM,79.00,359.00,78,En stock,N/A,
Justyol,Enfants,Kids Babies All,Chemise garçon à manches courtes avec boutons sur le devant – SSH24SAER31107TB1 - Navy / 12,TOWN TEAM,109.00,359.00,70,En stock,N/A,
Justyol,Enfants,Kids Babies All,"Chemise garçon à manches courtes ornée de motifs, avec boutons sur le devant – SSH24SASR31108TB1 - OFF WHIT / 16",TOWN TEAM,79.00,279.00,72,En stock,N/A,
Justyol,Enfants,Kids Babies All,Chemise garçon à manches courtes ornée de motifs – SSH24SASR31110TB1 - White / 10,TOWN TEAM,79.00,279.00,72,En stock,N/A,
Justyol,Enfants,Kids Babies All,Chemise garçon ornée de mots motivants – SSH24SPER31106TB1 - White / 12,TOWN TEAM,89.00,299.00,70,En stock,N/A,
Justyol,Enfants,Kids Babies All,Chemise garçon blanche ornée d’un logo souriant – SSH24SPOR31115TB1 - White / 16,TOWN TEAM,109.00,359.00,70,En stock,N/A,
Justyol,Enfants,Kids Babies All,Chemise garçon noire ornée à manches courtes – SSH24SPSR31117TB1 - Black / 12,TOWN TEAM,109.00,359.00,70,En stock,N/A,
Justyol,Enfants,Kids Babies All,T-shirt garçon avec imprimé moderne – TSH24SPRO32595TB1 - OFF WHIT / 10,TOWN TEAM,79.00,279.00,72,En stock,N/A,
Justyol,Enfants,Kids Babies All,Chemise garçon à imprimé géométrique – SSH24SASR19439TB1 - WHT/BLK / 12,TOWN TEAM,79.00,279.00,72,En stock,N/A,
Justyol,Enfants,Kids Babies All,Chemise garçon à manches courtes avec imprimé distinctif – SSH24SAIC19405TB1 - BLK/WHT / 14,TOWN TEAM,79.00,359.00,78,En stock,N/A,
Justyol,Enfants,Kids Babies All,Chemise garçon à motif artistique moderne – SSH24SACR19447TJ1 - MULTICOL / 12,TOWN TEAM,109.00,359.00,70,En stock,N/A,
Justyol,Enfants,Kids Babies All,Jean garçon au design moderne – JNS23SLBW22651TB1 - Dark Grey / 12,TOWN TEAM,199.00,399.00,50,En stock,N/A,
Justyol,Enfants,Kids Babies All,Jean garçon noir avec détails de poches latérales – JOG23SGPS24247TB1 - Black / 12,TOWN TEAM,149.00,379.00,61,En stock,N/A,
Justyol,Enfants,Kids Babies All,Polo garçon avec illustrations distinctives – POS24SAPU31295TB1 - Black / 14,TOWN TEAM,79.00,239.00,67,En stock,N/A,
Justyol,Enfants,Kids Babies All,Polo garçon à motifs plage – POS24SAMR31290TB1 - OFF WHIT / 12,TOWN TEAM,69.00,239.00,71,En stock,N/A,
Justyol,Enfants,Kids Babies All,Polo garçon unique avec illustrations – POS24SAPR31289TB1 - Army / 12,TOWN TEAM,79.00,279.00,72,En stock,N/A,
Justyol,Enfants,Kids Babies All,Polo garçon noir au design distinctif – POS24SPPR31275TB1 - Black / 12,TOWN TEAM,79.00,299.00,74,En stock,N/A,
Justyol,Enfants,Kids Babies All,Chemise garçon blanche à rayures avec boutons – SHI24SSIS31100TB1 - White / 12,TOWN TEAM,89.00,299.00,70,En stock,N/A,
Justyol,Enfants,Kids Babies All,Polo pour garçon décoré en couleur lavande - POS24SPPR31280TB1 - Mauve / 12,TOWN TEAM,79.00,299.00,74,En stock,N/A,
Justyol,Enfants,Kids Babies All,T-shirt pour garçon à manches courtes décoré - SSH24SASR31111TB1 - Indigo / 14,TOWN TEAM,79.00,279.00,72,En stock,N/A,
Justyol,Enfants,Kids Babies All,T-shirt enfant garçon décoré à manches courtes - SSH24SPCR31118TB1 - White / 14,TOWN TEAM,79.00,359.00,78,En stock,N/A,
Justyol,Enfants,Kids Babies All,Polo pour garçon blanc avec des détails distinctifs - POS24SPPR21841TB1 - White / 16,TOWN TEAM,79.00,279.00,72,En stock,N/A,
Justyol,Enfants,Kids Babies All,Polo pour garçon de couleur turquoise - POS24SPPR31279TB1 - TURQUOIS / 16,TOWN TEAM,79.00,299.00,74,En stock,N/A,
Justyol,Enfants,Kids Babies All,Polo pour garçon aux couleurs distinctives - POS24SPPR31286TB1 - Army / 12,TOWN TEAM,79.00,239.00,67,En stock,N/A,
Justyol,Enfants,Kids Babies All,Chemise pour enfant garçon avec col droit - SHI24SECS31113TB1 - White / 10,TOWN TEAM,99.00,359.00,72,En stock,N/A,
Justyol,Enfants,Kids Babies All,Chemise pour garçon décorée de motifs distinctifs - SHI24SAIR19543TB1 - White / 10,TOWN TEAM,109.00,359.00,70,En stock,N/A,
Justyol,Enfants,Kids Babies All,Polo enfant blanc au design simple et élégant – POS24SPPR31274TB1 - White / 12,TOWN TEAM,89.00,299.00,70,En stock,N/A,
Justyol,Enfants,Kids Babies All,Chemise garçon à manches longues avec boutons sur le devant – SHI24SECS31102TB1 - Navy / 10,TOWN TEAM,99.00,299.00,67,En stock,N/A,
Justyol,Enfants,Kids Babies All,Chemise garçon à manches courtes avec boutons sur le devant – SSH24SAER31107TB1 - Navy / 14,TOWN TEAM,109.00,359.00,70,En stock,N/A,
Justyol,Enfants,Kids Babies All,"Chemise garçon à manches courtes ornée de motifs, avec boutons sur le devant – SSH24SASR31108TB1 - OFF WHIT / 12",TOWN TEAM,79.00,279.00,72,En stock,N/A,
Justyol,Enfants,Kids Babies All,Chemise garçon à manches courtes ornée de motifs – SSH24SASR31110TB1 - White / 14,TOWN TEAM,79.00,279.00,72,En stock,N/A,
Justyol,Enfants,Kids Babies All,Chemise garçon blanche ornée d’un logo souriant – SSH24SPOR31115TB1 - White / 12,TOWN TEAM,109.00,359.00,70,En stock,N/A,
Justyol,Enfants,Kids Babies All,Chemise garçon à manches courtes avec imprimé distinctif – SSH24SAIC19405TB1 - BLK/WHT / 10,TOWN TEAM,79.00,359.00,78,En stock,N/A,
Justyol,Enfants,Kids Babies All,Jean garçon au design moderne – JNS23SLBW22651TB1 - Ice Blue / 14,TOWN TEAM,199.00,399.00,50,En stock,N/A,
Justyol,Enfants,Kids Babies All,Polo garçon avec illustrations distinctives – POS24SAPU31295TB1 - Black / 12,TOWN TEAM,79.00,239.00,67,En stock,N/A,
Justyol,Enfants,Kids Babies All,Polo garçon à motifs plage – POS24SAMR31290TB1 - OFF WHIT / 14,TOWN TEAM,69.00,239.00,71,En stock,N/A,
Justyol,Enfants,Kids Babies All,Polo garçon unique avec illustrations – POS24SAPR31289TB1 - Army / 10,TOWN TEAM,79.00,279.00,72,En stock,N/A,
Justyol,Enfants,Kids Babies All,Polo pour garçon décoré en couleur lavande - POS24SPPR31280TB1 - Mauve / 16,TOWN TEAM,79.00,299.00,74,En stock,N/A,
Justyol,Enfants,Kids Babies All,T-shirt pour garçon à manches courtes décoré - SSH24SASR31111TB1 - White / 14,TOWN TEAM,79.00,279.00,72,En stock,N/A,
Justyol,Enfants,Kids Babies All,T-shirt enfant garçon décoré à manches courtes - SSH24SPCR31118TB1 - Mint / 12,TOWN TEAM,79.00,359.00,78,En stock,N/A,
Justyol,Enfants,Kids Babies All,Polo pour garçon blanc avec des détails distinctifs - POS24SPPR21841TB1 - White / 12,TOWN TEAM,79.00,279.00,72,En stock,N/A,
Justyol,Enfants,Kids Babies All,Polo pour garçon aux couleurs distinctives - POS24SPPR31286TB1 - Navy / 14,TOWN TEAM,79.00,239.00,67,En stock,N/A,
Justyol,Enfants,Kids Babies All,Chemise pour enfant garçon avec col droit - SHI24SECS31113TB1 - White / 14,TOWN TEAM,99.00,359.00,72,En stock,N/A,
Justyol,Enfants,Kids Babies All,Chemise pour garçon décorée de motifs distinctifs - SHI24SAIR19543TB1 - White / 12,TOWN TEAM,109.00,359.00,70,En stock,N/A,
Justyol,Enfants,Kids Babies All,Polo enfant blanc au design simple et élégant – POS24SPPR31274TB1 - White / 16,TOWN TEAM,89.00,299.00,70,En stock,N/A,
Justyol,Enfants,Kids Babies All,Chemise garçon à manches longues avec boutons sur le devant – SHI24SECS31102TB1 - Navy / 12,TOWN TEAM,99.00,299.00,67,En stock,N/A,
Justyol,Enfants,Kids Babies All,Chemise garçon blanche ornée d’un logo souriant – SSH24SPOR31115TB1 - White / 10,TOWN TEAM,109.00,359.00,70,En stock,N/A,
Justyol,Enfants,Kids Babies All,Jean garçon au design moderne – JNS23SLBW22651TB1 - Ice Blue / 12,TOWN TEAM,199.00,399.00,50,En stock,N/A,
Justyol,Enfants,Kids Babies All,Polo garçon avec illustrations distinctives – POS24SAPU31295TB1 - Black / 10,TOWN TEAM,79.00,239.00,67,En stock,N/A,
Justyol,Enfants,Kids Babies All,Polo garçon unique avec illustrations – POS24SAPR31289TB1 - Army / 14,TOWN TEAM,79.00,279.00,72,En stock,N/A,
Justyol,Enfants,Kids Babies All,T-shirt enfant garçon décoré à manches courtes - SSH24SPCR31118TB1 - Mint / 14,TOWN TEAM,79.00,359.00,78,En stock,N/A,
Justyol,Enfants,Kids Babies All,Polo pour garçon aux couleurs distinctives - POS24SPPR31286TB1 - Navy / 12,TOWN TEAM,79.00,239.00,67,En stock,N/A,
Justyol,Enfants,Kids Babies All,Chemise pour enfant garçon avec col droit - SHI24SECS31113TB1 - White / 12,TOWN TEAM,99.00,359.00,72,En stock,N/A,
Justyol,Enfants,Kids Babies All,Chemise pour garçon décorée de motifs distinctifs - SHI24SAIR19543TB1 - White / 14,TOWN TEAM,109.00,359.00,70,En stock,N/A,
Justyol,Enfants,Kids Babies All,Chemise garçon à manches longues avec boutons sur le devant – SHI24SECS31102TB1 - Beige / 16,TOWN TEAM,99.00,299.00,67,En stock,N/A,
Justyol,Enfants,Kids Babies All,Polo garçon unique avec illustrations – POS24SAPR31289TB1 - NEON YLW / 16,TOWN TEAM,79.00,279.00,72,En stock,N/A,
Justyol,Enfants,Kids Babies All,Chemise pour enfant garçon avec col droit - SHI24SECS31113TB1 - White / 6,TOWN TEAM,99.00,359.00,72,En stock,N/A,
Justyol,Enfants,Kids Babies All,Chemise pour garçon décorée de motifs distinctifs - SHI24SAIR19543TB1 - White / 16,TOWN TEAM,109.00,359.00,70,En stock,N/A,
Justyol,Enfants,Kids Babies All,Chemise garçon à manches longues avec boutons sur le devant – SHI24SECS31102TB1 - Beige / 10,TOWN TEAM,99.00,299.00,67,En stock,N/A,
Justyol,Enfants,Kids Babies All,Polo garçon unique avec illustrations – POS24SAPR31289TB1 - NEON YLW / 12,TOWN TEAM,79.00,279.00,72,En stock,N/A,
Justyol,Enfants,Kids Babies All,Chemise pour enfant garçon avec col droit - SHI24SECS31113TB1 - OCEAN BLU / 14,TOWN TEAM,99.00,359.00,72,En stock,N/A,
Justyol,Enfants,Kids Babies All,Chemise garçon à manches longues avec boutons sur le devant – SHI24SECS31102TB1 - Beige / 12,TOWN TEAM,99.00,299.00,67,En stock,N/A,
Justyol,Enfants,Kids Babies All,Polo garçon unique avec illustrations – POS24SAPR31289TB1 - NEON YLW / 14,TOWN TEAM,79.00,279.00,72,En stock,N/A,
Justyol,Enfants,Kids Babies All,Chemise pour enfant garçon avec col droit - SHI24SECS31113TB1 - OCEAN BLU / 12,TOWN TEAM,99.00,359.00,72,En stock,N/A,
Justyol,Enfants,Kids Babies All,Chemise garçon à manches longues avec boutons sur le devant – SHI24SECS31102TB1 - White / 12,TOWN TEAM,99.00,299.00,67,En stock,N/A,
Justyol,Enfants,Kids Babies All,Chemise pour garçon avec col traditionnel et boutons à l'avant - SHI24SEXS19475TB1 - Orange / 14,TOWN TEAM,99.00,299.00,67,En stock,N/A,
Justyol,Enfants,Kids Babies All,Chemise pour garçon blanche avec des boutons et une poche - SHI24SPOR31139TB1 - White / 10,TOWN TEAM,99.00,359.00,72,En stock,N/A,
Justyol,Enfants,Kids Babies All,Chemise pour garçon à manches courtes avec impression de cactus - SSH24SXES31124TB1 - L-OLIVE / 16,TOWN TEAM,79.00,279.00,72,En stock,N/A,
Justyol,Enfants,Kids Babies All,Chemise en jean pour garçon avec capuche et impression élégante - SHI24SMDH31142TB1 - L-BLUE / 14,TOWN TEAM,129.00,429.00,70,En stock,N/A,
Justyol,Enfants,Kids Babies All,T-shirt pour garçon beige avec impression distinctive - TSH24SPRO32615TB1 - Stone / 10,TOWN TEAM,79.00,279.00,72,En stock,N/A,
Justyol,Enfants,Kids Babies All,T-shirt pour garçon à manches courtes avec impression sur le côté - TSH24SPRO32617TJ1 - Army / 10,TOWN TEAM,79.00,279.00,72,En stock,N/A,
Justyol,Enfants,Kids Babies All,T-shirt pour enfant avec texte imprimé et poche pratique au design moderne - TSH24SPRS32639TB1 - Army / 12,TOWN TEAM,79.00,279.00,72,En stock,N/A,
Justyol,Enfants,Kids Babies All,Chemise enfant avec boutons et poche avant - SSH24SEIS19433TB1 - OFF WHIT / 12,TOWN TEAM,79.00,279.00,72,En stock,N/A,
Justyol,Enfants,Kids Babies All,Short de bain pour garçon décoré - Design confortable et moderne - SWO24SSAE11388TB1 - Blue / 8,TOWN TEAM,59.00,239.00,75,En stock,N/A,
Justyol,Enfants,Kids Babies All,T-shirt pour garçon décoré oversize avec impression moderne - Design confortable et attrayant - TSH24SPRO20069TB1 - Black / 12,TOWN TEAM,89.00,299.00,70,En stock,N/A,
Justyol,Enfants,Kids Babies All,Sweatshirt pour enfants au design moderne - Impression de logo et bandes colorées - SWS23WMIL31424TB1 - Olive / 4,TOWN TEAM,119.00,499.00,76,En stock,N/A,
Justyol,Enfants,Kids Babies All,Sweatshirt pour enfants à rayures au design moderne et élégant - PUL24WPSR27702TB1 - Grey / 10,TOWN TEAM,149.00,599.00,75,En stock,N/A,
Justyol,Enfants,Kids Babies All,Polo pour garçon brodé au design moderne - POS24SPPR31285TB1 - TURQUOIS / 16,TOWN TEAM,79.00,299.00,74,En stock,N/A,
Justyol,Enfants,Kids Babies All,Chemise pour garçon à manches longues au design pratique avec capuche - SHI24SEIH31104TB1 - Beige / 14,TOWN TEAM,99.00,359.00,72,En stock,N/A,
Justyol,Enfants,Kids Babies All,Chemise pour garçon avec imprimés et manches courtes au design moderne - SSH24SASR31109TB1 - Sky Blue / 10,TOWN TEAM,79.00,279.00,72,En stock,N/A,
Justyol,Enfants,Kids Babies All,T-shirt pour garçon à manches courtes avec des illustrations modernes imprimées - SSH24SPIR31114TB1 - Navy / 16,TOWN TEAM,79.00,299.00,74,En stock,N/A,
Justyol,Enfants,Kids Babies All,T-shirt pour garçon imprimé au design moderne et distinctif - TSH24SPRO32586TB1 - White / 8,TOWN TEAM,79.00,279.00,72,En stock,N/A,
Justyol,Enfants,Kids Babies All,Polo pour garçon imprimé au design jeune et moderne - POS24SPPR21845TB1 - D-Stone / 12,TOWN TEAM,79.00,279.00,72,En stock,N/A,
Justyol,Enfants,Kids Babies All,Polo pour garçon imprimé au design moderne et distinctif - POS24SPPR21753TB1 - White / 14,TOWN TEAM,79.00,299.00,74,En stock,N/A,
Justyol,Enfants,Kids Babies All,Sweat-shirt pour garçon à rayures avec des couleurs vives - PUL23WCOT27517TB1 - Grey / 10,TOWN TEAM,149.00,599.00,75,En stock,N/A,
Justyol,Enfants,Kids Babies All,Sweat-shirt pour garçon décoré au design moderne - PUL23WAYC27512TB1 - Navy / 10,TOWN TEAM,149.00,599.00,75,En stock,N/A,
Justyol,Enfants,Kids Babies All,Sweat-shirt pour garçon décoré de lignes obliques au design moderne - SWS24WRAL31454TB1 - TURQUOIS / 16,TOWN TEAM,179.00,459.00,61,En stock,N/A,
Justyol,Enfants,Kids Babies All,Chemise à carreaux pour enfants – Design moderne et chaud - OSH23ACCR19844TB1 - BEG/BLK / 16,TOWN TEAM,239.00,599.00,60,En stock,N/A,
Justyol,Enfants,Kids Babies All,T-shirt Enfant avec Impression Colorée et Message Inspirant - Confortable et Moderne - TSH24SPRO32640TB1 - OFF WHIT / 10,TOWN TEAM,69.00,299.00,77,En stock,N/A,
Justyol,Enfants,Kids Babies All,Sweat-shirt Enfant Moderne avec Détails Colorés - Confortable et Stylé pour un Look Quotidien - PUL25WPPD27815TB1 - OFF/NVY / 14,TOWN TEAM,179.00,459.00,61,En stock,N/A,
Justyol,Enfants,Kids Babies All,Hoodie Enfant Moderne avec Logo – Confort et Style avec Capuche Ajustable et Fermeture Éclair - SWS23WMIL31442TB1 - Olive / 4,TOWN TEAM,149.00,599.00,75,En stock,N/A,
Justyol,Enfants,Kids Babies All,Sweat-Shirt Enfant Moderne Orange avec Imprimé Unique – Confort et Style au Quotidien - SWS23WMIL26722TB1 - Orange / 10,TOWN TEAM,169.00,699.00,76,En stock,N/A,
Justyol,Enfants,Kids Babies All,"Pantalon Homme avec Imprimé Graffiti - Moderne, Confortable et Pratique - SWP24WMPS31398TB1 - Black / 10",TOWN TEAM,99.00,259.00,62,En stock,N/A,
Justyol,Enfants,Kids Babies All,T-shirt Enfant avec Imprimé Spatial - Confortable et Créatif pour un Look Dynamique - TSH24SARO32638TB1 - White / 10,TOWN TEAM,69.00,239.00,71,En stock,N/A,
Justyol,Enfants,Kids Babies All,Jeans Garçon Large avec Détails Distressed – Look Moderne et Confort pour le Quotidien - JNS23SLCW22652TB1 - Black / 10,TOWN TEAM,99.00,259.00,62,En stock,N/A,
Justyol,Enfants,Kids Babies All,Pull en Laine Garçon – Confort et Style Moderne avec Détails Rayés - PUL23WAYC27505TB1 - Grey / 10,TOWN TEAM,179.00,459.00,61,En stock,N/A,
Justyol,Enfants,Kids Babies All,Pull Garçon Élégant à Rayures – Confort et Style Moderne pour le Quotidien - PUL23WCOT27511TB1 - Yellow / 4,TOWN TEAM,179.00,459.00,61,En stock,N/A,
Justyol,Enfants,Kids Babies All,Pull Homme Chaleureux avec Rayures au Niveau du Torse – Confort et Style Moderne - PUL24WPSD27624TM1 - BLK/BEG / 4XL,TOWN TEAM,219.00,899.00,76,En stock,N/A,
Justyol,Enfants,Kids Babies All,Pull Homme Chaleureux à Col Haut – Élégance et Confort Moderne pour l'Hiver - PUL25WPCH27801TM1 - BEG/OFF / XL,TOWN TEAM,319.00,799.00,60,En stock,N/A,
Justyol,Enfants,Kids Babies All,Veste Garçon Élégante avec Fermeture Éclair – Confort et Style Moderne pour le Quotidien - OSH23APCR19807TB1 - Camel / 16,TOWN TEAM,239.00,599.00,60,En stock,N/A,
Justyol,Enfants,Kids Babies All,Chemise pour garçon avec col traditionnel et boutons à l'avant - SHI24SEXS19475TB1 - Orange / 16,TOWN TEAM,99.00,299.00,67,En stock,N/A,
Justyol,Enfants,Kids Babies All,Chemise pour garçon blanche avec des boutons et une poche - SHI24SPOR31139TB1 - White / 8,TOWN TEAM,99.00,359.00,72,En stock,N/A,
Justyol,Enfants,Kids Babies All,Chemise pour garçon à manches courtes avec impression de cactus - SSH24SXES31124TB1 - L-OLIVE / 14,TOWN TEAM,79.00,279.00,72,En stock,N/A,
Justyol,Enfants,Kids Babies All,Chemise en jean pour garçon avec capuche et impression élégante - SHI24SMDH31142TB1 - L-BLUE / 12,TOWN TEAM,129.00,429.00,70,En stock,N/A,
Justyol,Enfants,Kids Babies All,T-shirt pour enfant avec texte imprimé et poche pratique au design moderne - TSH24SPRS32639TB1 - Army / 10,TOWN TEAM,79.00,279.00,72,En stock,N/A,
Justyol,Enfants,Kids Babies All,Chemise enfant avec boutons et poche avant - SSH24SEIS19433TB1 - OFF WHIT / 14,TOWN TEAM,79.00,279.00,72,En stock,N/A,
Justyol,Enfants,Kids Babies All,Short de bain pour garçon décoré - Design confortable et moderne - SWO24SSAE11388TB1 - Blue / 6,TOWN TEAM,59.00,239.00,75,En stock,N/A,
Justyol,Enfants,Kids Babies All,T-shirt pour garçon décoré oversize avec impression moderne - Design confortable et attrayant - TSH24SPRO20069TB1 - Black / 10,TOWN TEAM,89.00,299.00,70,En stock,N/A,
Justyol,Enfants,Kids Babies All,Sweatshirt pour enfants à rayures au design moderne et élégant - PUL24WPSR27702TB1 - Grey / 14,TOWN TEAM,149.00,599.00,75,En stock,N/A,
Justyol,Enfants,Kids Babies All,Polo pour garçon brodé au design moderne - POS24SPPR31285TB1 - TURQUOIS / 14,TOWN TEAM,79.00,299.00,74,En stock,N/A,
Justyol,Enfants,Kids Babies All,Chemise pour garçon à manches longues au design pratique avec capuche - SHI24SEIH31104TB1 - Beige / 12,TOWN TEAM,99.00,359.00,72,En stock,N/A,
Justyol,Enfants,Kids Babies All,Chemise pour garçon avec imprimés et manches courtes au design moderne - SSH24SASR31109TB1 - Sky Blue / 14,TOWN TEAM,79.00,279.00,72,En stock,N/A,
Justyol,Enfants,Kids Babies All,T-shirt pour garçon à manches courtes avec des illustrations modernes imprimées - SSH24SPIR31114TB1 - Navy / 12,TOWN TEAM,79.00,299.00,74,En stock,N/A,
Justyol,Enfants,Kids Babies All,Polo pour garçon imprimé au design jeune et moderne - POS24SPPR21845TB1 - D-Stone / 16,TOWN TEAM,79.00,279.00,72,En stock,N/A,
Justyol,Enfants,Kids Babies All,Sweat-shirt pour garçon à rayures avec des couleurs vives - PUL23WCOT27517TB1 - Navy / 11,TOWN TEAM,149.00,599.00,75,En stock,N/A,
Justyol,Enfants,Kids Babies All,Sweat-shirt pour garçon décoré au design moderne - PUL23WAYC27512TB1 - Dark Red / 11,TOWN TEAM,149.00,599.00,75,En stock,N/A,
Justyol,Enfants,Kids Babies All,Sweat-shirt pour garçon décoré de lignes obliques au design moderne - SWS24WRAL31454TB1 - TURQUOIS / 14,TOWN TEAM,179.00,459.00,61,En stock,N/A,
Justyol,Enfants,Kids Babies All,Chemise à carreaux pour enfants – Design moderne et chaud - OSH23ACCR19844TB1 - BEG/BLK / 14,TOWN TEAM,239.00,599.00,60,En stock,N/A,
Justyol,Enfants,Kids Babies All,Pull en Laine Garçon – Confort et Style Moderne avec Détails Rayés - PUL23WAYC27505TB1 - Grey / 6,TOWN TEAM,179.00,459.00,61,En stock,N/A,
Justyol,Enfants,Kids Babies All,Pull Garçon Élégant à Rayures – Confort et Style Moderne pour le Quotidien - PUL23WCOT27511TB1 - Yellow / 8,TOWN TEAM,179.00,459.00,61,En stock,N/A,
Justyol,Enfants,Kids Babies All,Pull Homme Chaleureux avec Rayures au Niveau du Torse – Confort et Style Moderne - PUL24WPSD27624TM1 - BLK/BEG / 3XL,TOWN TEAM,219.00,899.00,76,En stock,N/A,
Justyol,Enfants,Kids Babies All,Pull Homme Chaleureux à Col Haut – Élégance et Confort Moderne pour l'Hiver - PUL25WPCH27801TM1 - BEG/OFF / S,TOWN TEAM,319.00,799.00,60,En stock,N/A,
Justyol,Enfants,Kids Babies All,Veste Garçon Élégante avec Fermeture Éclair – Confort et Style Moderne pour le Quotidien - OSH23APCR19807TB1 - DK.GREY / 10,TOWN TEAM,239.00,599.00,60,En stock,N/A,
Justyol,Enfants,Kids Babies All,Chemise pour garçon avec col traditionnel et boutons à l'avant - SHI24SEXS19475TB1 - Orange / 6,TOWN TEAM,99.00,299.00,67,En stock,N/A,
Justyol,Enfants,Kids Babies All,Chemise pour garçon blanche avec des boutons et une poche - SHI24SPOR31139TB1 - White / 6,TOWN TEAM,99.00,359.00,72,En stock,N/A,
Justyol,Enfants,Kids Babies All,Chemise pour garçon à manches courtes avec impression de cactus - SSH24SXES31124TB1 - L-OLIVE / 12,TOWN TEAM,79.00,279.00,72,En stock,N/A,
Justyol,Enfants,Kids Babies All,Chemise en jean pour garçon avec capuche et impression élégante - SHI24SMDH31142TB1 - D-GREY / 10,TOWN TEAM,129.00,429.00,70,En stock,N/A,
Justyol,Enfants,Kids Babies All,Chemise enfant avec boutons et poche avant - SSH24SEIS19433TB1 - OFF WHIT / 16,TOWN TEAM,79.00,279.00,72,En stock,N/A,
Justyol,Enfants,Kids Babies All,Sweatshirt pour enfants à rayures au design moderne et élégant - PUL24WPSR27702TB1 - Grey / 12,TOWN TEAM,149.00,599.00,75,En stock,N/A,
Justyol,Enfants,Kids Babies All,Polo pour garçon brodé au design moderne - POS24SPPR31285TB1 - TURQUOIS / 12,TOWN TEAM,79.00,299.00,74,En stock,N/A,
Justyol,Enfants,Kids Babies All,Chemise pour garçon à manches longues au design pratique avec capuche - SHI24SEIH31104TB1 - Beige / 16,TOWN TEAM,99.00,359.00,72,En stock,N/A,
Justyol,Enfants,Kids Babies All,Chemise pour garçon avec imprimés et manches courtes au design moderne - SSH24SASR31109TB1 - Sky Blue / 12,TOWN TEAM,79.00,279.00,72,En stock,N/A,
Justyol,Enfants,Kids Babies All,T-shirt pour garçon à manches courtes avec des illustrations modernes imprimées - SSH24SPIR31114TB1 - Navy / 14,TOWN TEAM,79.00,299.00,74,En stock,N/A,
Justyol,Enfants,Kids Babies All,Polo pour garçon imprimé au design jeune et moderne - POS24SPPR21845TB1 - Orange / 12,TOWN TEAM,79.00,279.00,72,En stock,N/A,
Justyol,Enfants,Kids Babies All,Sweat-shirt pour garçon à rayures avec des couleurs vives - PUL23WCOT27517TB1 - Navy / 14,TOWN TEAM,149.00,599.00,75,En stock,N/A,
Justyol,Enfants,Kids Babies All,Sweat-shirt pour garçon décoré au design moderne - PUL23WAYC27512TB1 - Dark Red / 10,TOWN TEAM,149.00,599.00,75,En stock,N/A,
Justyol,Enfants,Kids Babies All,Pull en Laine Garçon – Confort et Style Moderne avec Détails Rayés - PUL23WAYC27505TB1 - Grey / 4,TOWN TEAM,179.00,459.00,61,En stock,N/A,
Justyol,Enfants,Kids Babies All,Pull Garçon Élégant à Rayures – Confort et Style Moderne pour le Quotidien - PUL23WCOT27511TB1 - Yellow / 10,TOWN TEAM,179.00,459.00,61,En stock,N/A,
Justyol,Enfants,Kids Babies All,Pull Homme Chaleureux avec Rayures au Niveau du Torse – Confort et Style Moderne - PUL24WPSD27624TM1 - WHT/NVY / 3XL,TOWN TEAM,219.00,899.00,76,En stock,N/A,
Justyol,Enfants,Kids Babies All,Pull Homme Chaleureux à Col Haut – Élégance et Confort Moderne pour l'Hiver - PUL25WPCH27801TM1 - BEG/OFF / L,TOWN TEAM,319.00,799.00,60,En stock,N/A,
Justyol,Enfants,Kids Babies All,Veste Garçon Élégante avec Fermeture Éclair – Confort et Style Moderne pour le Quotidien - OSH23APCR19807TB1 - DK.GREY / 16,TOWN TEAM,239.00,599.00,60,En stock,N/A,
Justyol,Enfants,Kids Babies All,Chemise pour garçon avec col traditionnel et boutons à l'avant - SHI24SEXS19475TB1 - D-GREEN / 12,TOWN TEAM,99.00,299.00,67,En stock,N/A,
Justyol,Enfants,Kids Babies All,Chemise pour garçon blanche avec des boutons et une poche - SHI24SPOR31139TB1 - White / 16,TOWN TEAM,99.00,359.00,72,En stock,N/A,
Justyol,Enfants,Kids Babies All,Chemise en jean pour garçon avec capuche et impression élégante - SHI24SMDH31142TB1 - D-GREY / 4,TOWN TEAM,129.00,429.00,70,En stock,N/A,
Justyol,Enfants,Kids Babies All,Sweatshirt pour enfants à rayures au design moderne et élégant - PUL24WPSR27702TB1 - Grey / 16,TOWN TEAM,149.00,599.00,75,En stock,N/A,
Justyol,Enfants,Kids Babies All,Chemise pour garçon à manches longues au design pratique avec capuche - SHI24SEIH31104TB1 - Beige / 10,TOWN TEAM,99.00,359.00,72,En stock,N/A,
Justyol,Enfants,Kids Babies All,Polo pour garçon imprimé au design jeune et moderne - POS24SPPR21845TB1 - Orange / 16,TOWN TEAM,79.00,279.00,72,En stock,N/A,
Justyol,Enfants,Kids Babies All,Sweat-shirt pour garçon à rayures avec des couleurs vives - PUL23WCOT27517TB1 - Grey / 16,TOWN TEAM,149.00,599.00,75,En stock,N/A,
Justyol,Enfants,Kids Babies All,Sweat-shirt pour garçon décoré au design moderne - PUL23WAYC27512TB1 - Navy / 6,TOWN TEAM,149.00,599.00,75,En stock,N/A,
Justyol,Enfants,Kids Babies All,Pull Garçon Élégant à Rayures – Confort et Style Moderne pour le Quotidien - PUL23WCOT27511TB1 - Yellow / 6,TOWN TEAM,179.00,459.00,61,En stock,N/A,
Justyol,Enfants,Kids Babies All,Pull Homme Chaleureux avec Rayures au Niveau du Torse – Confort et Style Moderne - PUL24WPSD27624TM1 - BLK/BEG / 2XL,TOWN TEAM,219.00,899.00,76,En stock,N/A,
Justyol,Enfants,Kids Babies All,Chemise pour garçon avec col traditionnel et boutons à l'avant - SHI24SEXS19475TB1 - Orange / 12,TOWN TEAM,99.00,299.00,67,En stock,N/A,
Justyol,Enfants,Kids Babies All,Chemise pour garçon blanche avec des boutons et une poche - SHI24SPOR31139TB1 - White / 14,TOWN TEAM,99.00,359.00,72,En stock,N/A,
Justyol,Enfants,Kids Babies All,Chemise pour garçon à manches longues au design pratique avec capuche - SHI24SEIH31104TB1 - Off White / 14,TOWN TEAM,99.00,359.00,72,En stock,N/A,
Justyol,Enfants,Kids Babies All,Polo pour garçon imprimé au design jeune et moderne - POS24SPPR21845TB1 - Orange / 14,TOWN TEAM,79.00,279.00,72,En stock,N/A,
Justyol,Enfants,Kids Babies All,Sweat-shirt pour garçon à rayures avec des couleurs vives - PUL23WCOT27517TB1 - Grey / 14,TOWN TEAM,149.00,599.00,75,En stock,N/A,
Justyol,Enfants,Kids Babies All,Sweat-shirt pour garçon décoré au design moderne - PUL23WAYC27512TB1 - Navy / 11,TOWN TEAM,149.00,599.00,75,En stock,N/A,
Justyol,Enfants,Kids Babies All,Pull Homme Chaleureux avec Rayures au Niveau du Torse – Confort et Style Moderne - PUL24WPSD27624TM1 - WHT/NVY / 2XL,TOWN TEAM,219.00,899.00,76,En stock,N/A,
Justyol,Enfants,Kids Babies All,Chemise pour garçon avec col traditionnel et boutons à l'avant - SHI24SEXS19475TB1 - D-GREEN / 10,TOWN TEAM,99.00,299.00,67,En stock,N/A,
Justyol,Enfants,Kids Babies All,Chemise pour garçon blanche avec des boutons et une poche - SHI24SPOR31139TB1 - White / 12,TOWN TEAM,99.00,359.00,72,En stock,N/A,
Justyol,Enfants,Kids Babies All,Chemise pour garçon à manches longues au design pratique avec capuche - SHI24SEIH31104TB1 - Off White / 16,TOWN TEAM,99.00,359.00,72,En stock,N/A,
Justyol,Enfants,Kids Babies All,Polo pour garçon imprimé au design jeune et moderne - POS24SPPR21845TB1 - D-Stone / 14,TOWN TEAM,79.00,279.00,72,En stock,N/A,
Justyol,Enfants,Kids Babies All,Sweat-shirt pour garçon à rayures avec des couleurs vives - PUL23WCOT27517TB1 - Navy / 10,TOWN TEAM,149.00,599.00,75,En stock,N/A,
Justyol,Enfants,Kids Babies All,Sweat-shirt pour garçon décoré au design moderne - PUL23WAYC27512TB1 - Dark Red / 8,TOWN TEAM,149.00,599.00,75,En stock,N/A,
Justyol,Enfants,Kids Babies All,Chemise pour garçon avec col traditionnel et boutons à l'avant - SHI24SEXS19475TB1 - D-GREEN / 14,TOWN TEAM,99.00,299.00,67,En stock,N/A,
Justyol,Enfants,Kids Babies All,Chemise pour garçon blanche avec des boutons et une poche - SHI24SPOR31139TB1 - White / 4,TOWN TEAM,99.00,359.00,72,En stock,N/A,
Justyol,Enfants,Kids Babies All,Chemise pour garçon à manches longues au design pratique avec capuche - SHI24SEIH31104TB1 - Off White / 10,TOWN TEAM,99.00,359.00,72,En stock,N/A,
Justyol,Enfants,Kids Babies All,Sweat-shirt pour garçon à rayures avec des couleurs vives - PUL23WCOT27517TB1 - Navy / 4,TOWN TEAM,149.00,599.00,75,En stock,N/A,
Justyol,Enfants,Kids Babies All,Sweat-shirt pour garçon décoré au design moderne - PUL23WAYC27512TB1 - Navy / 14,TOWN TEAM,149.00,599.00,75,En stock,N/A,
Justyol,Enfants,Kids Babies All,Chemise pour garçon avec col traditionnel et boutons à l'avant - SHI24SEXS19475TB1 - D-GREEN / 8,TOWN TEAM,99.00,299.00,67,En stock,N/A,
Justyol,Enfants,Kids Babies All,Chemise pour garçon à manches longues au design pratique avec capuche - SHI24SEIH31104TB1 - Off White / 12,TOWN TEAM,99.00,359.00,72,En stock,N/A,
Justyol,Enfants,Kids Babies All,Sweat-shirt pour garçon décoré au design moderne - PUL23WAYC27512TB1 - Navy / 4,TOWN TEAM,149.00,599.00,75,En stock,N/A,
Justyol,Enfants,Kids Babies All,Chemise pour garçon avec col traditionnel et boutons à l'avant - SHI24SEXS19475TB1 - Orange / 10,TOWN TEAM,99.00,299.00,67,En stock,N/A,
Justyol,Enfants,Kids Babies All,Chemise pour garçon à manches longues au design pratique avec capuche - SHI24SEIH31104TB1 - Black / 10,TOWN TEAM,99.00,359.00,72,En stock,N/A,
Justyol,Enfants,Kids Babies All,Sweat-shirt pour garçon décoré au design moderne - PUL23WAYC27512TB1 - Dark Red / 14,TOWN TEAM,149.00,599.00,75,En stock,N/A,
Justyol,Enfants,Kids Babies All,Chemise pour garçon à manches longues au design pratique avec capuche - SHI24SEIH31104TB1 - Black / 12,TOWN TEAM,99.00,359.00,72,En stock,N/A,
Justyol,Enfants,Kids Babies All,Sweat-shirt pour garçon décoré au design moderne - PUL23WAYC27512TB1 - Dark Red / 4,TOWN TEAM,149.00,599.00,75,En stock,N/A,
Justyol,Enfants,Kids Babies All,Chemise pour garçon à manches longues au design pratique avec capuche - SHI24SEIH31104TB1 - Black / 6,TOWN TEAM,99.00,359.00,72,En stock,N/A,
Justyol,Enfants,Kids Babies All,Sweat-shirt pour garçon décoré au design moderne - PUL23WAYC27512TB1 - Navy / 8,TOWN TEAM,149.00,599.00,75,En stock,N/A,
Justyol,Enfants,Kids Babies All,Chemise pour garçon à manches longues au design pratique avec capuche - SHI24SEIH31104TB1 - Black / 14,TOWN TEAM,99.00,359.00,72,En stock,N/A,
Justyol,Enfants,Kids Babies All,Sweat-shirt pour garçon décoré au design moderne - PUL23WAYC27512TB1 - Navy / 16,TOWN TEAM,149.00,599.00,75,En stock,N/A,
Justyol,Enfants,Kids Babies All,Chemise pour garçon à manches longues au design pratique avec capuche - SHI24SEIH31104TB1 - Black / 16,TOWN TEAM,99.00,359.00,72,En stock,N/A,
Justyol,Enfants,Kids Babies All,Chemise pour garçon à manches longues au design pratique avec capuche - SHI24SEIH31104TB1 - Black / 8,TOWN TEAM,99.00,359.00,72,En stock,N/A,
Justyol,Enfants,Kids Babies All,Cardigan Garçon Confortable avec Fermeture Éclair – Design Rayé Moderne pour les Jours Froids - PUL25WPSZ27803TB1 - WHT/BLK / 12,TOWN TEAM,219.00,559.00,61,En stock,N/A,
Justyol,Enfants,Kids Babies All,Veste Garçon Matelassée – Confort et Style pour les Jours Froids - JAC25WWBP28477TB1 - Khaki / 10,TOWN TEAM,439.00,1.099,N/A,En stock,N/A,
Justyol,Enfants,Kids Babies All,T-shirt Garçon Casual – Design Moderne et Confortable pour le Quotidien - TSH25SPRO32663TB1 - Black / 4,TOWN TEAM,139.00,359.00,61,En stock,N/A,
Justyol,Enfants,Kids Babies All,"T-shirt Enfant avec Imprimé ""OUR RULES"" – Style Moderne et Confortable - TSH24SPRS32626TB1 - D-GREY / 12",TOWN TEAM,99.00,239.00,59,En stock,N/A,
Justyol,Enfants,Kids Babies All,"T-shirt Enfant Moderne avec Imprimé ""BIPOLAR"" – ""TWO SIDES OF EMOTIONS"" pour un Look Unique - TSH24SPRO20055TB1 - Black / 10",TOWN TEAM,119.00,299.00,60,En stock,N/A,
Justyol,Enfants,Kids Babies All,Chemise Enfant à Manches Longues – Design Moderne avec Impressions Uniques - SHI24SASS31136TJ1 - Army / 14,TOWN TEAM,109.00,359.00,70,En stock,N/A,
Justyol,Enfants,Kids Babies All,"T-shirt Enfant ""GROOVY WAY OF LIFE"" – Design Unique avec Personnage Amusant et Dégradé de Couleurs - TSH25SARO32585TB1 - Blue / 12",TOWN TEAM,139.00,359.00,61,En stock,N/A,
Justyol,Enfants,Kids Babies All,"T-shirt Enfant Gris Tie-Dye ""Next Stop"" - TSH24STRR20142TB1 - Charcoal / 6",TOWN TEAM,119.00,299.00,60,En stock,N/A,
Justyol,Enfants,Kids Babies All,Chemise Enfant à Manches Courtes – Design Naturel et Moderne pour un Look Élégant - SSH25SAER31168TB1 - Sky Blue / 12,TOWN TEAM,109.00,279.00,61,En stock,N/A,
Justyol,Enfants,Kids Babies All,T-shirt Enfant Noir à Imprimé Textuel -TSH24SARS32587TB1 - Black / 12,TOWN TEAM,99.00,239.00,59,En stock,N/A,
Justyol,Enfants,Kids Babies All,Pantalon Cargo Enfant Élégant avec Ceinture Élastique – Confort et Style - JOG23SGBL24263TB1 - Army / 6,TOWN TEAM,169.00,429.00,61,En stock,N/A,
Justyol,Enfants,Kids Babies All,T-shirt Enfant Blanc avec Imprimé Coloré et Logo Distinctif - TSH24SPRO20033TB1 - White / 10,TOWN TEAM,99.00,239.00,59,En stock,N/A,
Justyol,Enfants,Kids Babies All,Short Enfant Gris Foncé avec Imprimé Unique – Style Confortable - SHR24SMPS32116TB1 - Grey / 4,TOWN TEAM,119.00,299.00,60,En stock,N/A,
Justyol,Enfants,Kids Babies All,Short Enfant Noir avec Imprimé Audacieux et Illustrations Uniques - SHR24SMPS32117TB1 - Black / 4,TOWN TEAM,119.00,299.00,60,En stock,N/A,
Justyol,Enfants,Kids Babies All,T-shirt Enfant avec Imprimé Varié et Design Moderne – Style Tendance - SSH24SASR19438TB1 - WHT/NVY / 10,TOWN TEAM,79.00,279.00,72,En stock,N/A,
Justyol,Enfants,Kids Babies All,T-shirt Enfant à Design Moderne et Imprimé Décoratif – Style Actuel - SSH24SAVC19505TB1 - BLK/WHT / 10,TOWN TEAM,109.00,359.00,70,En stock,N/A,
Justyol,Enfants,Kids Babies All,Sweatshirt enfant bleu avec imprimé audacieux - SWS23WMIL31418TB1 - Royal Blue / 10,TOWN TEAM,119.00,499.00,76,En stock,N/A,
Justyol,Enfants,Kids Babies All,Short enfant moderne avec taille élastique et poches latérales -SHR24SGBC23172TB1 - Grey / 6,TOWN TEAM,139.00,359.00,61,En stock,N/A,
Justyol,Enfants,Kids Babies All,Veste d’hiver enfant moderne avec poches et boutons - OSH23AECR19852TB1 - White / 16,TOWN TEAM,239.00,599.00,60,En stock,N/A,
Justyol,Enfants,Kids Babies All,Pull enfant garçon avec design moderne et rayures colorées - PUL25WPSH27857TB1 - Navy / 10,TOWN TEAM,239.00,599.00,60,En stock,N/A,
Justyol,Enfants,Kids Babies All,T-shirt enfant avec imprimés colorés et slogans - TSH25SPRO32679TB1 - OFF WHIT / 14,TOWN TEAM,139.00,359.00,61,En stock,N/A,
Justyol,Enfants,Kids Babies All,T-shirt enfant à imprimés colorés avec slogans amusants - TSH24SARO32581TB1 - White / 10,TOWN TEAM,79.00,199.00,60,En stock,N/A,
Justyol,Enfants,Kids Babies All,Chemise enfant blanche avec imprimé HOUSE MUSIC - SSH25SAUC19504TB1 - WHT/BLK / 14,TOWN TEAM,149.00,379.00,61,En stock,N/A,
Justyol,Enfants,Kids Babies All,T-shirt enfant noir avec imprimé Be a Good Ninja - TSH25SPRS32710TB1 - Black / 14,TOWN TEAM,139.00,359.00,61,En stock,N/A,
Justyol,Enfants,Kids Babies All,Cardigan Garçon Confortable avec Fermeture Éclair – Design Rayé Moderne pour les Jours Froids - PUL25WPSZ27803TB1 - WHT/BLK / 8,TOWN TEAM,219.00,559.00,61,En stock,N/A,
Justyol,Enfants,Kids Babies All,Veste Garçon Matelassée – Confort et Style pour les Jours Froids - JAC25WWBP28477TB1 - Khaki / 12,TOWN TEAM,439.00,1.099,N/A,En stock,N/A,
Justyol,Enfants,Kids Babies All,"T-shirt Enfant avec Imprimé ""OUR RULES"" – Style Moderne et Confortable - TSH24SPRS32626TB1 - D-GREY / 14",TOWN TEAM,99.00,239.00,59,En stock,N/A,
Justyol,Enfants,Kids Babies All,"T-shirt Enfant Moderne avec Imprimé ""BIPOLAR"" – ""TWO SIDES OF EMOTIONS"" pour un Look Unique - TSH24SPRO20055TB1 - Black / 6",TOWN TEAM,119.00,299.00,60,En stock,N/A,
Justyol,Enfants,Kids Babies All,Chemise Enfant à Manches Longues – Design Moderne avec Impressions Uniques - SHI24SASS31136TJ1 - Army / 16,TOWN TEAM,109.00,359.00,70,En stock,N/A,
Justyol,Enfants,Kids Babies All,"T-shirt Enfant ""GROOVY WAY OF LIFE"" – Design Unique avec Personnage Amusant et Dégradé de Couleurs - TSH25SARO32585TB1 - Blue / 14",TOWN TEAM,139.00,359.00,61,En stock,N/A,
Justyol,Enfants,Kids Babies All,Chemise Enfant à Manches Courtes – Design Naturel et Moderne pour un Look Élégant - SSH25SAER31168TB1 - Sky Blue / 14,TOWN TEAM,109.00,279.00,61,En stock,N/A,
Justyol,Enfants,Kids Babies All,T-shirt Enfant Noir à Imprimé Textuel -TSH24SARS32587TB1 - Black / 10,TOWN TEAM,99.00,239.00,59,En stock,N/A,
Justyol,Enfants,Kids Babies All,Pantalon Cargo Enfant Élégant avec Ceinture Élastique – Confort et Style - JOG23SGBL24263TB1 - Silver / 10,TOWN TEAM,169.00,429.00,61,En stock,N/A,
Justyol,Enfants,Kids Babies All,T-shirt Enfant avec Imprimé Varié et Design Moderne – Style Tendance - SSH24SASR19438TB1 - OFF WHIT / 14,TOWN TEAM,79.00,279.00,72,En stock,N/A,
Justyol,Enfants,Kids Babies All,Sweatshirt enfant bleu avec imprimé audacieux - SWS23WMIL31418TB1 - Royal Blue / 4,TOWN TEAM,119.00,499.00,76,En stock,N/A,
Justyol,Enfants,Kids Babies All,Short enfant moderne avec taille élastique et poches latérales -SHR24SGBC23172TB1 - Black / 4,TOWN TEAM,139.00,359.00,61,En stock,N/A,
Justyol,Enfants,Kids Babies All,Veste d’hiver enfant moderne avec poches et boutons - OSH23AECR19852TB1 - Beige / 16,TOWN TEAM,239.00,599.00,60,En stock,N/A,
Justyol,Enfants,Kids Babies All,T-shirt enfant à imprimés colorés avec slogans amusants - TSH24SARO32581TB1 - White / 12,TOWN TEAM,79.00,199.00,60,En stock,N/A,
Justyol,Enfants,Kids Babies All,Chemise enfant blanche avec imprimé HOUSE MUSIC - SSH25SAUC19504TB1 - WHT/BLK / 10,TOWN TEAM,149.00,379.00,61,En stock,N/A,
Justyol,Enfants,Kids Babies All,T-shirt enfant noir avec imprimé Be a Good Ninja - TSH25SPRS32710TB1 - Black / 16,TOWN TEAM,139.00,359.00,61,En stock,N/A,
Justyol,Enfants,Kids Babies All,Cardigan Garçon Confortable avec Fermeture Éclair – Design Rayé Moderne pour les Jours Froids - PUL25WPSZ27803TB1 - WHT/BLK / 16,TOWN TEAM,219.00,559.00,61,En stock,N/A,
Justyol,Enfants,Kids Babies All,Chemise Enfant à Manches Longues – Design Moderne avec Impressions Uniques - SHI24SASS31136TJ1 - Army / 12,TOWN TEAM,109.00,359.00,70,En stock,N/A,
Justyol,Enfants,Kids Babies All,Chemise Enfant à Manches Courtes – Design Naturel et Moderne pour un Look Élégant - SSH25SAER31168TB1 - Sky Blue / 10,TOWN TEAM,109.00,279.00,61,En stock,N/A,
Justyol,Enfants,Kids Babies All,T-shirt Enfant Noir à Imprimé Textuel -TSH24SARS32587TB1 - Black / 14,TOWN TEAM,99.00,239.00,59,En stock,N/A,
Justyol,Enfants,Kids Babies All,Pantalon Cargo Enfant Élégant avec Ceinture Élastique – Confort et Style - JOG23SGBL24263TB1 - Army / 12,TOWN TEAM,169.00,429.00,61,En stock,N/A,
Justyol,Enfants,Kids Babies All,T-shirt Enfant avec Imprimé Varié et Design Moderne – Style Tendance - SSH24SASR19438TB1 - OFF WHIT / 16,TOWN TEAM,79.00,279.00,72,En stock,N/A,
Justyol,Enfants,Kids Babies All,Short enfant moderne avec taille élastique et poches latérales -SHR24SGBC23172TB1 - Grey / 4,TOWN TEAM,139.00,359.00,61,En stock,N/A,
Justyol,Enfants,Kids Babies All,Veste d’hiver enfant moderne avec poches et boutons - OSH23AECR19852TB1 - White / 12,TOWN TEAM,239.00,599.00,60,En stock,N/A,
Justyol,Enfants,Kids Babies All,Chemise enfant blanche avec imprimé HOUSE MUSIC - SSH25SAUC19504TB1 - WHT/BLK / 12,TOWN TEAM,149.00,379.00,61,En stock,N/A,
Justyol,Enfants,Kids Babies All,Cardigan Garçon Confortable avec Fermeture Éclair – Design Rayé Moderne pour les Jours Froids - PUL25WPSZ27803TB1 - WHT/BLK / 10,TOWN TEAM,219.00,559.00,61,En stock,N/A,
Justyol,Enfants,Kids Babies All,Chemise Enfant à Manches Longues – Design Moderne avec Impressions Uniques - SHI24SASS31136TJ1 - Army / 10,TOWN TEAM,109.00,359.00,70,En stock,N/A,
Justyol,Enfants,Kids Babies All,Pantalon Cargo Enfant Élégant avec Ceinture Élastique – Confort et Style - JOG23SGBL24263TB1 - Silver / 12,TOWN TEAM,169.00,429.00,61,En stock,N/A,
Justyol,Enfants,Kids Babies All,Short enfant moderne avec taille élastique et poches latérales -SHR24SGBC23172TB1 - Grey / 8,TOWN TEAM,139.00,359.00,61,En stock,N/A,
Justyol,Enfants,Kids Babies All,Cardigan Garçon Confortable avec Fermeture Éclair – Design Rayé Moderne pour les Jours Froids - PUL25WPSZ27803TB1 - WHT/BLK / 14,TOWN TEAM,219.00,559.00,61,En stock,N/A,
Justyol,Enfants,Kids Babies All,Pantalon Cargo Enfant Élégant avec Ceinture Élastique – Confort et Style - JOG23SGBL24263TB1 - Silver / 8,TOWN TEAM,169.00,429.00,61,En stock,N/A,
Justyol,Enfants,Kids Babies All,Pantalon Cargo Enfant Élégant avec Ceinture Élastique – Confort et Style - JOG23SGBL24263TB1 - Army / 4,TOWN TEAM,169.00,429.00,61,En stock,N/A,
Justyol,Enfants,Kids Babies All,Pantalon Cargo Enfant Élégant avec Ceinture Élastique – Confort et Style - JOG23SGBL24263TB1 - Silver / 6,TOWN TEAM,169.00,429.00,61,En stock,N/A,
Justyol,Enfants,Kids Babies All,Ensemble 2 pièces garçon bébé – T-shirt imprimé et short élastique - kahverengi / 6-12 m,JKIDS,114.60,275.20,58,En stock,N/A,
Justyol,Enfants,Kids Babies All,T‑shirt garçon oversize coton doux avec poche - ekru / 13-14,JKIDS,96.00,238.00,60,En stock,N/A,
Justyol,Enfants,Kids Babies All,Ensemble bébé 2 pièces t-shirt brodé palmier avec short à motif quadrillé - blue / 12-18 m,JKIDS,121.80,N/A,N/A,En stock,N/A,
Justyol,Enfants,Kids Babies All,Chaussettes rayées pour fille avec motif de chat et licorne - Paquet de 2 - desenli / 7-8 yaş,JKIDS,40.40,80.80,50,En stock,N/A,
Justyol,Enfants,Kids Babies All,Ensemble 2 pièces garçon – T-shirt imprimé et short à détails colorés - siyah / 2y,JKIDS,80.40,206.80,61,En stock,N/A,
Justyol,Enfants,Kids Babies All,Combinaison bébé en peluche avec boutons pression – Bleu - Bleu / 6-9 m,JKIDS,129.80,259.60,50,En stock,N/A,
Justyol,Enfants,Kids Babies All,Robe noire en coton pour fille avec imprimé floral et motif original - antrasit / 7 yaş,JKIDS,131.40,308.80,57,En stock,N/A,
Justyol,Enfants,Kids Babies All,Collant Fille Licorne Blanc Élastique Confortable - beyaz / 5-6 y,JKIDS,62.40,170.80,63,En stock,N/A,
Justyol,Enfants,Kids Babies All,Pull pour Garçon - Design Engins de Construction - antresit / 6 y,JKIDS,137.40,320.80,57,En stock,N/A,
Justyol,Enfants,Kids Babies All,Robe bébé brodée oiseaux en rib avec bandeau assorti - green / 12-18 m,JKIDS,109.80,N/A,N/A,En stock,N/A,
Justyol,Enfants,Kids Babies All,Ensemble Garçon T-shirt et Short Imprimé Camping en Coton - taş / 4-5 yaş,JKIDS,156.00,312.00,50,En stock,N/A,
Justyol,Enfants,Kids Babies All,Short de Bain Garçon Motif Dinosaure – Confort & Sécurité - lacivert / 4-5 y,JKIDS,111.60,198.00,44,En stock,N/A,
Justyol,Enfants,Kids Babies All,Ensemble Garçon T-shirt et Short en Coton avec Imprimé Crabe - gri / 3 y,JKIDS,100.20,246.40,59,En stock,N/A,
Justyol,Enfants,Kids Babies All,Ensemble fille 2 pièces t-shirt imprimé et capri – Tenue enfant confortable et tendance - kirmizi / 2y,JKIDS,97.80,N/A,N/A,En stock,N/A,
Justyol,Enfants,Kids Babies All,Ensemble 2 Pièces Calvin : Chemise et Short pour Bébé - dark blue / 9-12 m,JKIDS,132.80,265.60,50,En stock,N/A,
Justyol,Enfants,Kids Babies All,Ensemble 2 pièces garçon bébé – T-shirt imprimé et short élastique - kahverengi / 12-18 m,JKIDS,114.60,275.20,58,En stock,N/A,
Justyol,Enfants,Kids Babies All,Robe noire en coton pour fille avec imprimé floral et motif original - antrasit / 8 yaş,JKIDS,131.40,308.80,57,En stock,N/A,
Justyol,Enfants,Kids Babies All,Short de Bain Garçon Motif Dinosaure – Confort & Sécurité - lacivert / 6-7 y,JKIDS,111.60,198.00,44,En stock,N/A,
Justyol,Enfants,Kids Babies All,Ensemble Garçon T-shirt Imprimé et Pantalon Jacquard à Carreaux - desenli / 3 ans,JKIDS,96.00,238.00,60,En stock,N/A,
Justyol,Enfants,Kids Babies All,Ensemble 2 pièces enfant avec short Little Happy coton - ORANGE / 12/18m,JKIDS,78.00,202.00,61,En stock,N/A,
Justyol,Enfants,Kids Babies All,Ensemble bébé garçon été t-shirt et short imprimé girafe - Jaune / 12-18M,JKIDS,100.80,247.60,59,En stock,N/A,
Justyol,Enfants,Kids Babies All,Combinaison bébé peluche zippée à capuche motif chat lilas - PURPLE / 9 mois,JKIDS,138.80,277.60,50,En stock,N/A,
Justyol,Enfants,Kids Babies All,Ensemble garçon Little Camper – T-shirt imprimé et pantalon coupe basse confortable - kahve / 6 yaş,JKIDS,83.00,338.00,75,En stock,N/A,
Justyol,Enfants,Kids Babies All,Pull garçon en maille motif renard – Tricot chaud hiver 100% acrylique - lacivert / 8 y,JKIDS,74.00,179.00,59,En stock,N/A,
Justyol,Enfants,Kids Babies All,Ensemble Garçon T-shirt Vert Imprimé Crocodile et Pantalon Capri - yeşil / 2 y,JKIDS,97.80,241.60,60,En stock,N/A,
Justyol,Enfants,Kids Babies All,Ensemble Garçon T-shirt Bleu Imprimé Pelleteuse et Short en Coton - mavi / 6 y,JKIDS,97.80,241.60,60,En stock,N/A,
Justyol,Enfants,Kids Babies All,Ensemble Bébé Salopette en Mousseline & Body – Broderie Teddy Bear - green / 12-18 m,JKIDS,110.00,N/A,N/A,En stock,N/A,
Justyol,Enfants,Kids Babies All,RC SOIN NATUREL TOILETTE INTIME PETITE FILLE 250 ML 7089/5689,BDM PHARMA,112.00,N/A,N/A,En stock,N/A,https://justyol.com/products/rc-soin-naturel-toilette-intime-petite-fille-250-ml-7089-5689
Justyol,Enfants,Kids Babies All,RC MON 1ER DEO 75 ML 7508,BDM PHARMA,114.00,N/A,N/A,En stock,N/A,https://justyol.com/products/rc-mon-1er-deo-75-ml-7508
Justyol,Enfants,Kids Babies All,PURESS SOMMEIL DETENTE BAUME DE MASS CALAMANT BEBE 3 HE POT 30ML 9614,BDM PHARMA,119.00,N/A,N/A,En stock,N/A,https://justyol.com/products/puress-sommeil-detente-baume-de-mass-calamant-bebe-3-he-pot-30ml-9614
Justyol,Enfants,Kids Babies All,PURESS RESPIR BAUME DE MASSAGE PECTORAL BEBE POT 30ML 4312/2774,BDM PHARMA,119.00,N/A,N/A,En stock,N/A,https://justyol.com/products/puress-respir-baume-de-massage-pectoral-bebe-pot-30ml-4312-2774
Justyol,Enfants,Kids Babies All,DODIE BIB COL ETROIT VERRE 240ML BLEU LAGOON 1314/2045,BDM PHARMA,98.00,N/A,N/A,En stock,N/A,https://justyol.com/products/dodie-bib-col-etroit-verre-240ml-bleu-lagoon-1314-2045
Justyol,Enfants,Kids Babies All,DODIE BIB INI+ 330ML BLEU POMPIER +6 M TET RONDE 3 VIT D3 6941/0379,BDM PHARMA,138.00,N/A,N/A,En stock,N/A,https://justyol.com/products/dodie-bib-ini-330ml-bleu-pompier-6-m-tet-ronde-3-vit-d3-6941-0379
Justyol,Enfants,Kids Babies All,DODIE TETINE PLATE SENS+ ANTI COLIQUE D5 +18M X2 2632,BDM PHARMA,99.00,N/A,N/A,En stock,N/A,https://justyol.com/products/dodie-tetine-plate-sens-anti-colique-d5-18m-x2-2632
Justyol,Enfants,Kids Babies All,Ensemble 2 pièces enfant avec short Little Happy coton - PINK / 12M,JKIDS,78.00,202.00,61,En stock,N/A,
Justyol,Enfants,Kids Babies All,DODIE TETINE PLATE SENS+ ANTI COLIQUE D1 0-6M X2 1536,BDM PHARMA,99.00,N/A,N/A,En stock,N/A,https://justyol.com/products/dodie-tetine-plate-sens-anti-colique-d1-0-6m-x2-1536
Justyol,Enfants,Kids Babies All,DODIE TETINE BIOMIMETISME D2 3+M 0460,BDM PHARMA,69.00,N/A,N/A,En stock,N/A,https://justyol.com/products/dodie-tetine-biomimetisme-d2-3-m-0460
Justyol,Enfants,Kids Babies All,DODIE BIB SENS+ VERRE 150ML PARIS 6798,BDM PHARMA,154.00,N/A,N/A,En stock,N/A,https://justyol.com/products/dodie-bib-sens-verre-150ml-paris-6798
Justyol,Enfants,Kids Babies All,DODIE BIB SENS+ 270ML JARDIN 6606,BDM PHARMA,118.00,N/A,N/A,En stock,N/A,https://justyol.com/products/dodie-bib-sens-270ml-jardin-6606
Justyol,Enfants,Kids Babies All,DODIE BIB SENS+ VERRE 150ML NYC 6835,BDM PHARMA,154.00,N/A,N/A,En stock,N/A,https://justyol.com/products/dodie-bib-sens-verre-150ml-nyc-6835
Justyol,Enfants,Kids Babies All,DODIE TETINE PLATE SENS+ ANTI COLIQUE D4 +6M LIQUIDE EPAIS X2 1567,BDM PHARMA,99.00,N/A,N/A,En stock,N/A,https://justyol.com/products/dodie-tetine-plate-sens-anti-colique-d4-6m-liquide-epais-x2-1567
Justyol,Enfants,Kids Babies All,DODIE BIB SENS+ 270ML MER 6637,BDM PHARMA,118.00,N/A,N/A,En stock,N/A,https://justyol.com/products/dodie-bib-sens-270ml-mer-6637
Justyol,Enfants,Kids Babies All,DODIE BIB SENS+ VERRE 150ML BEIGE BICHE 0-6 M TET PLATE D1 2601,BDM PHARMA,154.00,N/A,N/A,En stock,N/A,https://justyol.com/products/dodie-bib-sens-verre-150ml-beige-biche-0-6-m-tet-plate-d1-2601
Justyol,Enfants,Kids Babies All,DODIE BIB INI+ VERRE 270ML VERT OISEAUX 0-6 M TET RONDE 3 VIT D2 6965/2595,BDM PHARMA,194.00,N/A,N/A,En stock,N/A,https://justyol.com/products/dodie-bib-ini-verre-270ml-vert-oiseaux-0-6-m-tet-ronde-3-vit-d2-6965-2595
Justyol,Enfants,Kids Babies All,DODIE BIB INI+ 330ML SN GEORGE 6866,BDM PHARMA,149.00,N/A,N/A,En stock,N/A,https://justyol.com/products/dodie-bib-ini-330ml-sn-george-6866
Justyol,Enfants,Kids Babies All,DODIE BIB INI+ 270ML VERT VALENTIN 0-6 M TET RONDE 3 VIT D2 6897,BDM PHARMA,118.00,N/A,N/A,En stock,N/A,https://justyol.com/products/dodie-bib-ini-270ml-vert-valentin-0-6-m-tet-ronde-3-vit-d2-6897
Justyol,Enfants,Kids Babies All,DODIE BIB SENS+ 330ML MER 6644,BDM PHARMA,138.00,N/A,N/A,En stock,N/A,https://justyol.com/products/dodie-bib-sens-330ml-mer-6644
Justyol,Enfants,Kids Babies All,DODIE BIB INI+ 150 ML MINNIE ROSE 0-6 MOIS TETINE RONDE 3 VITESSES DEBIT 1 7637,BDM PHARMA,115.00,N/A,N/A,En stock,N/A,https://justyol.com/products/dodie-bib-ini-150-ml-minnie-rose-0-6-mois-tetine-ronde-3-vitesses-debit-1-7637
Justyol,Enfants,Kids Babies All,DODIE BIB INI+ 270ML SN PEPPA 7078,BDM PHARMA,136.00,N/A,N/A,En stock,N/A,https://justyol.com/products/dodie-bib-ini-270ml-sn-peppa-7078
Justyol,Enfants,Kids Babies All,DODIE BIB INI+ 330ML MICKEY BLEU +6 M TET RONDE 3 VIT D3 6958/3059,BDM PHARMA,149.00,N/A,N/A,En stock,N/A,https://justyol.com/products/dodie-bib-ini-330ml-mickey-bleu-6-m-tet-ronde-3-vit-d3-6958-3059
Justyol,Enfants,Kids Babies All,DODIE BIB SENS+ VERRE 270ML PARIS 6804,BDM PHARMA,194.00,N/A,N/A,En stock,N/A,https://justyol.com/products/dodie-bib-sens-verre-270ml-paris-6804
Justyol,Enfants,Kids Babies All,DODIE BIB INI+ 330ML MINNIE FUSHIA +6 M TET RONDE 3 VIT D3 3066/6927,BDM PHARMA,149.00,N/A,N/A,En stock,N/A,https://justyol.com/products/dodie-bib-ini-330ml-minnie-fushia-6-m-tet-ronde-3-vit-d3-3066-6927
Justyol,Enfants,Kids Babies All,DODIE BIB INI+ 330ML ROSE DANSE +6 M TET RONDE 3 VIT D3 0386/6989,BDM PHARMA,138.00,N/A,N/A,En stock,N/A,https://justyol.com/products/dodie-bib-ini-330ml-rose-danse-6-m-tet-ronde-3-vit-d3-0386-6989
Justyol,Enfants,Kids Babies All,DODIE BIB SENS+ 330ML AIR 6583,BDM PHARMA,138.00,N/A,N/A,En stock,N/A,https://justyol.com/products/dodie-bib-sens-330ml-air-6583
Justyol,Enfants,Kids Babies All,DODIE BIB INI+ 270ML SN GEORGE 7092,BDM PHARMA,136.00,N/A,N/A,En stock,N/A,https://justyol.com/products/dodie-bib-ini-270ml-sn-george-7092
Justyol,Enfants,Kids Babies All,DODIE BIB SENS+ 270ML AIR 6576,BDM PHARMA,118.00,N/A,N/A,En stock,N/A,https://justyol.com/products/dodie-bib-sens-270ml-air-6576
Justyol,Enfants,Kids Babies All,DODIE GOUPILLON 2 EN 1 0713,BDM PHARMA,129.00,N/A,N/A,En stock,N/A,https://justyol.com/products/dodie-goupillon-2-en-1-0713
Justyol,Enfants,Kids Babies All,DODIE BIB INI+ 150 ML MICKEY BLEU 0-6 MOIS TETINE RONDE 3 VITESSES DEBIT 1 7620,BDM PHARMA,115.00,N/A,N/A,En stock,N/A,https://justyol.com/products/dodie-bib-ini-150-ml-mickey-bleu-0-6-mois-tetine-ronde-3-vitesses-debit-1-7620
Justyol,Enfants,Kids Babies All,DODIE BIB INI+ 330ML VERT VALENTIN +6 M TET RONDE 3 VIT D3 7016/0416,BDM PHARMA,138.00,N/A,N/A,En stock,N/A,https://justyol.com/products/dodie-bib-ini-330ml-vert-valentin-6-m-tet-ronde-3-vit-d3-7016-0416
Justyol,Enfants,Kids Babies All,DODIE BIB SENS+ 150ML AIR 6569,BDM PHARMA,109.00,N/A,N/A,En stock,N/A,https://justyol.com/products/dodie-bib-sens-150ml-air-6569
Justyol,Enfants,Kids Babies All,DODIE BIB INI+ 150ML LAGOON VALENTIN 0-6 M TET RONDE 3 VIT D1 7023/0317,BDM PHARMA,109.00,N/A,N/A,En stock,N/A,https://justyol.com/products/dodie-bib-ini-150ml-lagoon-valentin-0-6-m-tet-ronde-3-vit-d1-7023-0317
Justyol,Enfants,Kids Babies All,DODIE BOITE DOSEUSE GARÇON 0812,BDM PHARMA,119.00,N/A,N/A,En stock,N/A,https://justyol.com/products/dodie-boite-doseuse-garcon-0812
Justyol,Enfants,Kids Babies All,DODIE BIB SENS+ 330ML JARDIN 6613,BDM PHARMA,138.00,N/A,N/A,En stock,N/A,https://justyol.com/products/dodie-bib-sens-330ml-jardin-6613
Justyol,Enfants,Kids Babies All,DODIE BIB MULT PERF 330ML ROSE 0+ M TET BIOMIMETISME D3 0446,BDM PHARMA,169.00,N/A,N/A,En stock,N/A,https://justyol.com/products/dodie-bib-mult-perf-330ml-rose-0-m-tet-biomimetisme-d3-0446
Justyol,Enfants,Kids Babies All,DODIE BIB INI+ VERRE 150ML VERT OISEAUX 0-6 M TET RONDE 3 VIT D1 2588/7047,BDM PHARMA,154.00,N/A,N/A,En stock,N/A,https://justyol.com/products/dodie-bib-ini-verre-150ml-vert-oiseaux-0-6-m-tet-ronde-3-vit-d1-2588-7047
Justyol,Enfants,Kids Babies All,DODIE BIB MULT PERF 330ML BLEU 0+ M TET BIOMIMETISME D3 0439,BDM PHARMA,169.00,N/A,N/A,En stock,N/A,https://justyol.com/products/dodie-bib-mult-perf-330ml-bleu-0-m-tet-biomimetisme-d3-0439
Justyol,Enfants,Kids Babies All,DODIE BIB SENS+ VERRE 270ML BEIGE BICHE 0-6 M TET PLATE D2 2618,BDM PHARMA,194.00,N/A,N/A,En stock,N/A,https://justyol.com/products/dodie-bib-sens-verre-270ml-beige-biche-0-6-m-tet-plate-d2-2618
Justyol,Enfants,Kids Babies All,DODIE BIB INI+ 270ML MICKEY BLEU 0-6 M TET RONDE 3 VIT D2 7378,BDM PHARMA,136.00,N/A,N/A,En stock,N/A,https://justyol.com/products/dodie-bib-ini-270ml-mickey-bleu-0-6-m-tet-ronde-3-vit-d2-7378
Justyol,Enfants,Kids Babies All,DODIE BIB INI+ 270ML MINNIE ROSE 0-6 M TET RONDE 3 VIT D2 7385,BDM PHARMA,136.00,N/A,N/A,En stock,N/A,https://justyol.com/products/dodie-bib-ini-270ml-minnie-rose-0-6-m-tet-ronde-3-vit-d2-7385
Justyol,Enfants,Kids Babies All,DODIE BIB MULT PERF 270ML BLEU 0+ M TET BIOMIMETISME D2 0415,BDM PHARMA,149.00,N/A,N/A,En stock,N/A,https://justyol.com/products/dodie-bib-mult-perf-270ml-bleu-0-m-tet-biomimetisme-d2-0415
Justyol,Enfants,Kids Babies All,DODIE BIB SENS+ 150ML CACHE CACHE 0-6 M TET PLATE + TET RONDE D1 1498,BDM PHARMA,138.00,N/A,N/A,En stock,N/A,https://justyol.com/products/dodie-bib-sens-150ml-cache-cache-0-6-m-tet-plate-tet-ronde-d1-1498
Justyol,Enfants,Kids Babies All,DODIE BIB MULT PERF 270ML ROSE 0+ M TET BIOMIMETISME D2 0422,BDM PHARMA,149.00,N/A,N/A,En stock,N/A,https://justyol.com/products/dodie-bib-mult-perf-270ml-rose-0-m-tet-biomimetisme-d2-0422
Justyol,Enfants,Kids Babies All,BB CONF STERILISATEUR ELECTRIQUE 7446,BDM PHARMA,898.00,N/A,N/A,En stock,N/A,https://justyol.com/products/bb-conf-sterilisateur-electrique-7446
Justyol,Enfants,Kids Babies All,BB CONF SET REPAS JUNGLE VIBES 2321,BDM PHARMA,232.00,N/A,N/A,En stock,N/A,https://justyol.com/products/bb-conf-set-repas-jungle-vibes-2321
Justyol,Enfants,Kids Babies All,BB CONF BIB PP EMOTION 270 ML THE TRAVELLER BLANC 5718,BDM PHARMA,89.00,N/A,N/A,En stock,N/A,https://justyol.com/products/bb-conf-bib-pp-emotion-270-ml-the-traveller-blanc-5718
Justyol,Enfants,Kids Babies All,BB CONF TETINES EMOTION PHYSIO M 0M+ SILICONE X2 6913,BDM PHARMA,55.00,N/A,N/A,En stock,N/A,https://justyol.com/products/bb-conf-tetines-emotion-physio-m-0m-silicone-x2-6913
Justyol,Enfants,Kids Babies All,BB CONF TETINES EMOTION PHYSIO S 0M+ SILICONE X2 6906,BDM PHARMA,55.00,N/A,N/A,En stock,N/A,https://justyol.com/products/bb-conf-tetines-emotion-physio-s-0m-silicone-x2-6906
Justyol,Enfants,Kids Babies All,BB CONF BIB PP EMOTION PHYSIO 360 ML FUNNY FRIENDS 5756,BDM PHARMA,99.00,N/A,N/A,En stock,N/A,https://justyol.com/products/bb-conf-bib-pp-emotion-physio-360-ml-funny-friends-5756
Justyol,Enfants,Kids Babies All,BB CONF BIB PP EMOTION PHYSIO 150 ML URBAN GARDEN BLANC 2112,BDM PHARMA,78.00,N/A,N/A,En stock,N/A,https://justyol.com/products/bb-conf-bib-pp-emotion-physio-150-ml-urban-garden-blanc-2112
Justyol,Enfants,Kids Babies All,BB CONF BIB PP EMOTION PHYSIO 360 ML URBAN GARDEN BLANC 2204,BDM PHARMA,99.00,N/A,N/A,En stock,N/A,https://justyol.com/products/bb-conf-bib-pp-emotion-physio-360-ml-urban-garden-blanc-2204
Justyol,Enfants,Kids Babies All,BB CONF BABY LIQUIDE VAISSELLE ECOLABEL 500 ML 9633,BDM PHARMA,109.00,N/A,N/A,En stock,N/A,https://justyol.com/products/bb-conf-baby-liquide-vaisselle-ecolabel-500-ml-9633
Justyol,Enfants,Kids Babies All,BB CONF BIB PP EMOTION 150 ML PETIT CHAT BLANC 5701,BDM PHARMA,78.00,N/A,N/A,En stock,N/A,https://justyol.com/products/bb-conf-bib-pp-emotion-150-ml-petit-chat-blanc-5701
Justyol,Enfants,Kids Babies All,DODIE SUC A88 +18M DUO PARIS / SUNNY LIFE GARCON 7245,BDM PHARMA,99.00,N/A,N/A,En stock,N/A,https://justyol.com/products/dodie-suc-a88-18m-duo-paris-sunny-life-garcon-7245
Justyol,Enfants,Kids Babies All,DODIE SUC A82 +18M DUO WINTER 6057,BDM PHARMA,99.00,N/A,N/A,En stock,N/A,https://justyol.com/products/dodie-suc-a82-18m-duo-winter-6057
Justyol,Enfants,Kids Babies All,DODIE SUC A71 +18M DUO GIRLY / ANIMAUX RIGOLOS FILLE 3257,BDM PHARMA,99.00,N/A,N/A,En stock,N/A,https://justyol.com/products/dodie-suc-a71-18m-duo-girly-animaux-rigolos-fille-3257
Justyol,Enfants,Kids Babies All,DODIE SUC A2 +18M DUO NUIT GOOD NIGHT / LUNE SANS ANNEAU 2304,BDM PHARMA,99.00,N/A,N/A,En stock,N/A,https://justyol.com/products/dodie-suc-a2-18m-duo-nuit-good-night-lune-sans-anneau-2304
Justyol,Enfants,Kids Babies All,DODIE SUC A28 +6M DUO TIGRE/DINOSAURE 0157/3196,BDM PHARMA,99.00,N/A,N/A,En stock,N/A,https://justyol.com/products/dodie-suc-a28-6m-duo-tigre-dinosaure-0157-3196
Justyol,Enfants,Kids Babies All,DODIE SUC A18 +6M DUO SIRENE/FLAMAND 3189/2427,BDM PHARMA,99.00,N/A,N/A,En stock,N/A,https://justyol.com/products/dodie-suc-a18-6m-duo-sirene-flamand-3189-2427
Justyol,Enfants,Kids Babies All,DODIE SUC P51 +18M DUO FILLE FLEURS/INDIENNE 1468/2168,BDM PHARMA,99.00,N/A,N/A,En stock,N/A,https://justyol.com/products/dodie-suc-p51-18m-duo-fille-fleurs-indienne-1468-2168
Justyol,Enfants,Kids Babies All,DODIE DUO AS+SUC +18 SIL ANAT G 6101,BDM PHARMA,85.00,N/A,N/A,En stock,N/A,https://justyol.com/products/dodie-duo-as-suc-18-sil-anat-g-6101
Justyol,Enfants,Kids Babies All,DODIE SUC A90 +18M DUO LONDON / SUNNY LIFE FILLE 7269,BDM PHARMA,99.00,N/A,N/A,En stock,N/A,https://justyol.com/products/dodie-suc-a90-18m-duo-london-sunny-life-fille-7269
Justyol,Enfants,Kids Babies All,DODIE SUC A38+18M GARÇON COWBOY PIRATE TRIANGLES 0263,BDM PHARMA,68.00,N/A,N/A,En stock,N/A,https://justyol.com/products/dodie-suc-a38-18m-garcon-cowboy-pirate-triangles-0263
Justyol,Enfants,Kids Babies All,DODIE SUC A81 +18M SIL GEORX2 6071,BDM PHARMA,114.00,N/A,N/A,En stock,N/A,https://justyol.com/products/dodie-suc-a81-18m-sil-georx2-6071
Justyol,Enfants,Kids Babies All,DODIE SUC +18 mois DUO EXTRA FINE ROSE F4 2389,BDM PHARMA,148.00,N/A,N/A,En stock,N/A,https://justyol.com/products/dodie-suc-18-mois-duo-extra-fine-rose-f4-2389
Justyol,Enfants,Kids Babies All,DODIE SUC A17 +6M NUIT LUNE/SATURNE SANS ANNEAU 0195,BDM PHARMA,68.00,N/A,N/A,En stock,N/A,https://justyol.com/products/dodie-suc-a17-6m-nuit-lune-saturne-sans-anneau-0195
Justyol,Enfants,Kids Babies All,DODIE SUC +18 mois DUO EXTRA FINE VERT F6 2402,BDM PHARMA,148.00,N/A,N/A,En stock,N/A,https://justyol.com/products/dodie-suc-18-mois-duo-extra-fine-vert-f6-2402
Justyol,Enfants,Kids Babies All,DODIE SUC +18 mois DUO EXTRA FINE BLEU F5 2396,BDM PHARMA,148.00,N/A,N/A,En stock,N/A,https://justyol.com/products/dodie-suc-18-mois-duo-extra-fine-bleu-f5-2396
Justyol,Enfants,Kids Babies All,DODIE SUC 0-6 mois DUO EXTRA FINE JOUR NUIT F1 2358,BDM PHARMA,148.00,N/A,N/A,En stock,N/A,https://justyol.com/products/dodie-suc-0-6-mois-duo-extra-fine-jour-nuit-f1-2358
Justyol,Enfants,Kids Babies All,DODIE SUC +6 mois DUO EXTRA FINE ROSE F2 2365,BDM PHARMA,148.00,N/A,N/A,En stock,N/A,https://justyol.com/products/dodie-suc-6-mois-duo-extra-fine-rose-f2-2365
Justyol,Enfants,Kids Babies All,DODIE TETINE INI+ ANTI COLIQUE D2 0-6M X2 0430/6354,BDM PHARMA,99.00,N/A,N/A,En stock,N/A,https://justyol.com/products/dodie-tetine-ini-anti-colique-d2-0-6m-x2-0430-6354
Justyol,Enfants,Kids Babies All,DODIE SUC +6 mois DUO EXTRA FINE BLEU F3 2372,BDM PHARMA,148.00,N/A,N/A,En stock,N/A,https://justyol.com/products/dodie-suc-6-mois-duo-extra-fine-bleu-f3-2372
Justyol,Enfants,Kids Babies All,DODIE SUC A80 +18M SIL PEPPX2 6064,BDM PHARMA,114.00,N/A,N/A,En stock,N/A,https://justyol.com/products/dodie-suc-a80-18m-sil-peppx2-6064
Justyol,Enfants,Kids Babies All,BB CONF SUCETTES REVERSIBLES 18/36 M SILICONE ANIMALS BLEU X2 7003,BDM PHARMA,77.00,N/A,N/A,En stock,N/A,https://justyol.com/products/bb-conf-sucettes-reversibles-18-36-m-silicone-animals-bleu-x2-7003
Justyol,Enfants,Kids Babies All,BB CONF SUCETTES REVERSIBLES PHOSPHO 6-36 M SILICONE LAZY SLOTH X2 7065,BDM PHARMA,77.00,N/A,N/A,En stock,N/A,https://justyol.com/products/bb-conf-sucettes-reversibles-phospho-6-36-m-silicone-lazy-sloth-x2-7065
Justyol,Enfants,Kids Babies All,BB CONF ATTACHE SUCETTE ELIDOU L ELEPHANT 7072,BDM PHARMA,57.00,N/A,N/A,En stock,N/A,https://justyol.com/products/bb-conf-attache-sucette-elidou-l-elephant-7072
Justyol,Enfants,Kids Babies All,BB CONF ATTACHE SUCETTE URBAN GARDEN ZEBRE 2273,BDM PHARMA,57.00,N/A,N/A,En stock,N/A,https://justyol.com/products/bb-conf-attache-sucette-urban-garden-zebre-2273
Justyol,Enfants,Kids Babies All,BB CONF ATTACHES SUCETTES CROIX SAVANAH X2 8891,BDM PHARMA,68.00,N/A,N/A,En stock,N/A,https://justyol.com/products/bb-conf-attaches-sucettes-croix-savanah-x2-8891
Justyol,Enfants,Kids Babies All,BB CONF SUC NATURAL PHYSIO AIR CONF 0/2 M BEAR SIL X2 0158,BDM PHARMA,88.00,N/A,N/A,En stock,N/A,https://justyol.com/products/bb-conf-suc-natural-physio-air-conf-0-2-m-bear-sil-x2-0158
Justyol,Enfants,Kids Babies All,DODIE BOUILLOTTE BB AUX PEPINS DE RAISINS MOUTON +6M 3493,BDM PHARMA,98.00,N/A,N/A,En stock,N/A,https://justyol.com/products/dodie-bouillotte-bb-aux-pepins-de-raisins-mouton-6m-3493
Justyol,Enfants,Kids Babies All,DODIE BOUILLOTTE BB AUX PEPINS DE RAISINS ELEPHANT +6M 3486,BDM PHARMA,98.00,N/A,N/A,En stock,N/A,https://justyol.com/products/dodie-bouillotte-bb-aux-pepins-de-raisins-elephant-6m-3486
Justyol,Enfants,Kids Babies All,DODIE SACHETS DE CONSERVATION X 20 1819,BDM PHARMA,216.00,N/A,N/A,En stock,N/A,https://justyol.com/products/dodie-sachets-de-conservation-x-20-1819
Justyol,Enfants,Kids Babies All,DODIE GEL LAVANT 3 EN 1 FL POMPE 500ML 5418,BDM PHARMA,127.00,N/A,N/A,En stock,N/A,https://justyol.com/products/dodie-gel-lavant-3-en-1-fl-pompe-500ml-5418
Justyol,Enfants,Kids Babies All,DODIE TETINE BIOMIMETISME D4 LIQUIDE EPAIS 0484,BDM PHARMA,69.00,N/A,N/A,En stock,N/A,https://justyol.com/products/dodie-tetine-biomimetisme-d4-liquide-epais-0484
Justyol,Enfants,Kids Babies All,DODIE TETINE BIOMIMETISME D1 0+M 0453,BDM PHARMA,69.00,N/A,N/A,En stock,N/A,https://justyol.com/products/dodie-tetine-biomimetisme-d1-0-m-0453
Justyol,Enfants,Kids Babies All,DODIE TETINE INI+ ANTI COLIQUE D4 +6M LIQUIDE EPAIS X2 0454/6378,BDM PHARMA,99.00,N/A,N/A,En stock,N/A,https://justyol.com/products/dodie-tetine-ini-anti-colique-d4-6m-liquide-epais-x2-0454-6378
Justyol,Enfants,Kids Babies All,BB CONF TETINES EMOTION T3 BOUILLIE 6-24M LATEX X2 6968,BDM PHARMA,55.00,N/A,N/A,En stock,N/A,https://justyol.com/products/bb-conf-tetines-emotion-t3-bouillie-6-24m-latex-x2-6968
Justyol,Enfants,Kids Babies All,BB CONF TETINES EMOTION T1 3 VITESSES 0-12M LATEX X2 6944,BDM PHARMA,55.00,N/A,N/A,En stock,N/A,https://justyol.com/products/bb-conf-tetines-emotion-t1-3-vitesses-0-12m-latex-x2-6944
Justyol,Enfants,Kids Babies All,DODIE ATTACHE SUCETTE RUBAN PEPPA 6088,BDM PHARMA,95.00,N/A,N/A,En stock,N/A,https://justyol.com/products/dodie-attache-sucette-ruban-peppa-6088
Justyol,Enfants,Kids Babies All,BB CONF ATTACHE SUCETTE TEXTILE UNIVERSEL ELEPHANT 6786,BDM PHARMA,89.00,N/A,N/A,En stock,N/A,https://justyol.com/products/bb-conf-attache-sucette-textile-universel-elephant-6786
Justyol,Enfants,Kids Babies All,DODIE THERMOMETRE DE BAIN CRAB 2167,BDM PHARMA,112.00,N/A,N/A,En stock,N/A,https://justyol.com/products/dodie-thermometre-de-bain-crab-2167
Justyol,Enfants,Kids Babies All,BB CONF THERMOMETRE DE BAIN TORTUE WATER WORLD 4843,BDM PHARMA,79.00,N/A,N/A,En stock,N/A,https://justyol.com/products/bb-conf-thermometre-de-bain-tortue-water-world-4843
Justyol,Enfants,Kids Babies All,BB CONF THERMOMETRE DE BAIN TORTUE PAPER BOATS 4850,BDM PHARMA,79.00,N/A,N/A,En stock,N/A,https://justyol.com/products/bb-conf-thermometre-de-bain-tortue-paper-boats-4850
Justyol,Enfants,Kids Babies All,BB CONF THERMOMETRE DE BAIN PINGOU VERT 2358,BDM PHARMA,79.00,N/A,N/A,En stock,N/A,https://justyol.com/products/bb-conf-thermometre-de-bain-pingou-vert-2358
Justyol,Enfants,Kids Babies All,BB CONF THERMOMETRE DE BAIN PINGOU BLEU 2341,BDM PHARMA,79.00,N/A,N/A,En stock,N/A,https://justyol.com/products/bb-conf-thermometre-de-bain-pingou-bleu-2341
Justyol,Enfants,Kids Babies All,DODIE MAXI CARRES COTON 3EN1 SIEGE VISAGE MAINS 100% COTON X60U 3158/ 7146,BDM PHARMA,89.00,N/A,N/A,En stock,N/A,https://justyol.com/products/dodie-maxi-carres-coton-3en1-siege-visage-mains-100-coton-x60u-3158-7146
Justyol,Enfants,Kids Babies All,DODIE LINGETTES NETTOY DERMO APAISANTES 3 EN 1 X 60 0958,BDM PHARMA,81.00,N/A,N/A,En stock,N/A,https://justyol.com/products/dodie-lingettes-nettoy-dermo-apaisantes-3-en-1-x-60-0958
Justyol,Enfants,Kids Babies All,DODIE ANNEAU DE DENTITION LAPIN LAGOON 0768,BDM PHARMA,104.00,N/A,N/A,En stock,N/A,https://justyol.com/products/dodie-anneau-de-dentition-lapin-lagoon-0768
Justyol,Enfants,Kids Babies All,DODIE CISEAUX BEBE 0904,BDM PHARMA,99.00,N/A,N/A,En stock,N/A,https://justyol.com/products/dodie-ciseaux-bebe-0904
Justyol,Enfants,Kids Babies All,DODIE CREME HYDRATANTE BIO 75ML 0323,BDM PHARMA,125.00,N/A,N/A,En stock,N/A,https://justyol.com/products/dodie-creme-hydratante-bio-75ml-0323
Justyol,Enfants,Kids Babies All,DODIE CREME DE CHANGE SANS PARFUM TB 75ML 5449,BDM PHARMA,115.00,N/A,N/A,En stock,N/A,https://justyol.com/products/dodie-creme-de-change-sans-parfum-tb-75ml-5449
Justyol,Enfants,Kids Babies All,DODIE EAU NETTOYANTE 3 EN 1 FL POMPE 500ML 5425,BDM PHARMA,127.00,N/A,N/A,En stock,N/A,https://justyol.com/products/dodie-eau-nettoyante-3-en-1-fl-pompe-500ml-5425
Justyol,Enfants,Kids Babies All,DODIE LINGETTES A L EAU X50 1252,BDM PHARMA,70.00,N/A,N/A,En stock,N/A,https://justyol.com/products/dodie-lingettes-a-l-eau-x50-1252
Justyol,Enfants,Kids Babies All,BB CONF SIEGE REDUCTEUR WC AVEC POIGNEE ET DEFLECTEUR SAILOR BLEU 2628,BDM PHARMA,230.00,N/A,N/A,En stock,N/A,https://justyol.com/products/bb-conf-siege-reducteur-wc-avec-poignee-et-deflecteur-sailor-bleu-2628
Justyol,Enfants,Kids Babies All,BB CONF BAVOIR SILICONE DOUX DOMINO 5840,BDM PHARMA,94.00,N/A,N/A,En stock,N/A,https://justyol.com/products/bb-conf-bavoir-silicone-doux-domino-5840
Justyol,Enfants,Kids Babies All,BB CONF SET 3 BAD + ETUI SAILOR BLEU 0-36M 0378,BDM PHARMA,70.00,N/A,N/A,En stock,N/A,https://justyol.com/products/bb-conf-set-3-bad-etui-sailor-bleu-0-36m-0378
Justyol,Enfants,Kids Babies All,BB CONF COUVERTS D APPRENTISSAGE X4 DOMINO 5888,BDM PHARMA,59.00,N/A,N/A,En stock,N/A,https://justyol.com/products/bb-conf-couverts-d-apprentissage-x4-domino-5888
Justyol,Enfants,Kids Babies All,BB CONF BOL SPORT +18M 2075,BDM PHARMA,91.00,N/A,N/A,En stock,N/A,https://justyol.com/products/bb-conf-bol-sport-18m-2075
Justyol,Enfants,Kids Babies All,BB CONF ASSI APPRENTI COUVERCLE SPORT +9M 2099,BDM PHARMA,151.00,N/A,N/A,En stock,N/A,https://justyol.com/products/bb-conf-assi-apprenti-couvercle-sport-9m-2099
Justyol,Enfants,Kids Babies All,BB CONF ASSIETTE AVEC COMPARTIMENTS LITTLE BUDDIES 2310,BDM PHARMA,119.00,N/A,N/A,En stock,N/A,https://justyol.com/products/bb-conf-assiette-avec-compartiments-little-buddies-2310
Justyol,Enfants,Kids Babies All,BB CONF BOL JUNGLE VIBES 2307,BDM PHARMA,94.00,N/A,N/A,En stock,N/A,https://justyol.com/products/bb-conf-bol-jungle-vibes-2307
Justyol,Enfants,Kids Babies All,BB CONF ASSIETTE JUNGLE VIBES 2314,BDM PHARMA,108.00,N/A,N/A,En stock,N/A,https://justyol.com/products/bb-conf-assiette-jungle-vibes-2314
Justyol,Enfants,Kids Babies All,BB CONF ASSI APPRENTI AVEC COMPARTIMENTS BAMBOO JUNGLE VIBES 2277,BDM PHARMA,120.00,N/A,N/A,En stock,N/A,https://justyol.com/products/bb-conf-assi-apprenti-avec-compartiments-bamboo-jungle-vibes-2277
Justyol,Enfants,Kids Babies All,BB CONF SET REPAS LITTLE BUDDIES 2464,BDM PHARMA,249.00,N/A,N/A,En stock,N/A,https://justyol.com/products/bb-conf-set-repas-little-buddies-2464
Justyol,Enfants,Kids Babies All,BB CONF EPONGE BALEINE 5765,BDM PHARMA,51.00,N/A,N/A,En stock,N/A,https://justyol.com/products/bb-conf-eponge-baleine-5765
Justyol,Enfants,Kids Babies All,BB CONF DOSEUR DE LAIT DE VOYAGE FRIENDS 6769,BDM PHARMA,72.00,N/A,N/A,En stock,N/A,https://justyol.com/products/bb-conf-doseur-de-lait-de-voyage-friends-6769
Justyol,Enfants,Kids Babies All,BB CONF BAVOIRS T.1/2 JUNGLE VIBES X5 8266,BDM PHARMA,264.00,N/A,N/A,En stock,N/A,https://justyol.com/products/bb-conf-bavoirs-t-1-2-jungle-vibes-x5-8266
Justyol,Enfants,Kids Babies All,BB CONF BOL LITTES BUDDIES 2327,BDM PHARMA,91.00,N/A,N/A,En stock,N/A,https://justyol.com/products/bb-conf-bol-littes-buddies-2327
Justyol,Enfants,Kids Babies All,BB CONF ANNEAU DE DENTITION SUCETTE ETAPE 1 GENCIVES 3m+ 0279,BDM PHARMA,49.00,N/A,N/A,En stock,N/A,https://justyol.com/products/bb-conf-anneau-de-dentition-sucette-etape-1-gencives-3m-0279
Justyol,Enfants,Kids Babies All,BB CONF COUVERTS METAL LITTLE BUDDIES 2280,BDM PHARMA,116.00,N/A,N/A,En stock,N/A,https://justyol.com/products/bb-conf-couverts-metal-little-buddies-2280
Justyol,Enfants,Kids Babies All,BB CONF VERRE LITTLE BUDDIES 2334,BDM PHARMA,60.00,N/A,N/A,En stock,N/A,https://justyol.com/products/bb-conf-verre-little-buddies-2334
Justyol,Enfants,Kids Babies All,BB CONF CUILLERES SOUPLES THERMOSENSIBLES X2 MAMAN T1 6797/1207/8280,BDM PHARMA,79.00,N/A,N/A,En stock,N/A,https://justyol.com/products/bb-conf-cuilleres-souples-thermosensibles-x2-maman-t1-6797-1207-8280
Justyol,Enfants,Kids Babies All,BB CONF CUILLERES SILICONE DOUCES X2 1214/5167,BDM PHARMA,116.00,N/A,N/A,En stock,N/A,https://justyol.com/products/bb-conf-cuilleres-silicone-douces-x2-1214-5167
Justyol,Enfants,Kids Babies All,BB CONF GOUPILLON 2EN1 AVEC VENTOUSE+RINCE TETINE 5413,BDM PHARMA,79.00,N/A,N/A,En stock,N/A,https://justyol.com/products/bb-conf-goupillon-2en1-avec-ventouse-rince-tetine-5413
Justyol,Enfants,Kids Babies All,BB CONF GOUPILLON EMBOUT EPONGE 7958,BDM PHARMA,86.00,N/A,N/A,En stock,N/A,https://justyol.com/products/bb-conf-goupillon-embout-eponge-7958
Justyol,Enfants,Kids Babies All,BB CONF BROSSE ET PEIGNE QUALITE PHARMA AVEC MIROIR BEIGE & GRIS 2426,BDM PHARMA,89.00,N/A,N/A,En stock,N/A,https://justyol.com/products/bb-conf-brosse-et-peigne-qualite-pharma-avec-miroir-beige-gris-2426
Justyol,Enfants,Kids Babies All,BB CONF BROSSE ET PEIGNE QUALITE PHARMA AVEC MIROIR VERT 2433,BDM PHARMA,89.00,N/A,N/A,En stock,N/A,https://justyol.com/products/bb-conf-brosse-et-peigne-qualite-pharma-avec-miroir-vert-2433
Justyol,Enfants,Kids Babies All,BB CONF ANNEAU DE DENTITION OCTOPUS 4M+ BLEU 7096,BDM PHARMA,53.00,N/A,N/A,En stock,N/A,https://justyol.com/products/bb-conf-anneau-de-dentition-octopus-4m-bleu-7096
Justyol,Enfants,Kids Babies All,BB CONF CISEAUX AVEC BASE QUALITE PHARMA SWEET ARTIC BEIGE 2389,BDM PHARMA,59.00,N/A,N/A,En stock,N/A,https://justyol.com/products/bb-conf-ciseaux-avec-base-qualite-pharma-sweet-artic-beige-2389
Justyol,Enfants,Kids Babies All,"BB CONF SET DE TOILETTE BLEU (ACCESSOIRES : BLEU & BLANC, JAUNE ET SOMAN) UNISEXE 7110",BDM PHARMA,249.00,N/A,N/A,En stock,N/A,https://justyol.com/products/bb-conf-set-de-toilette-bleu-accessoires-bleu-blanc-jaune-et-soman-unisexe-7110
Justyol,Enfants,Kids Babies All,BB CONF SET DE TOILETTE TURQUOISE (ACCESSOIRES : TURQUOISE & BLANC) UNISEXE 7103,BDM PHARMA,249.00,N/A,N/A,En stock,N/A,https://justyol.com/products/bb-conf-set-de-toilette-turquoise-accessoires-turquoise-blanc-unisexe-7103
Justyol,Enfants,Kids Babies All,-GIFRER PHYSIOLOGICA SPRAY EAU DE MER ISOTONIQUE 100 ML,BDM PHARMA,72.00,N/A,N/A,En stock,N/A,https://justyol.com/products/gifrer-physiologica-spray-eau-de-mer-isotonique-100-ml
Justyol,Enfants,Kids Babies All,-GIFRER SERUM PHYSIOLOGICA BTE X 12 UNIDOSES,BDM PHARMA,29.00,N/A,N/A,En stock,N/A,https://justyol.com/products/gifrer-serum-physiologica-bte-x-12-unidoses
Justyol,Enfants,Kids Babies All,-GIFRER SERUM PHYSIOLOGICA BTE X 24 UNIDOSE,BDM PHARMA,48.00,N/A,N/A,En stock,N/A,https://justyol.com/products/gifrer-serum-physiologica-bte-x-24-unidose
Justyol,Enfants,Kids Babies All,GIFRER SERUM PHYSIOLOGICA BTE X 40 UNIDOSES,BDM PHARMA,72.00,N/A,N/A,En stock,N/A,https://justyol.com/products/gifrer-serum-physiologica-bte-x-40-unidoses
Justyol,Enfants,Kids Babies All,-GIFRER LINGETTES BEBE AU LINIMENT HUILE OLIVE EXTRA X70,BDM PHARMA,109.00,N/A,N/A,En stock,N/A,https://justyol.com/products/gifrer-lingettes-bebe-au-liniment-huile-olive-extra-x70
Justyol,Enfants,Kids Babies All,- GIFRER SERUM PHYSIOLOGICA BTE X 5 UNIDOSES,BDM PHARMA,14.00,N/A,N/A,En stock,N/A,https://justyol.com/products/gifrer-serum-physiologica-bte-x-5-unidoses
Justyol,Enfants,Kids Babies All,PURESS ANTI PIQUE CREME MULTI APAISANTE BEBE 30ML 0107,BDM PHARMA,108.00,N/A,N/A,En stock,N/A,https://justyol.com/products/puress-anti-pique-creme-multi-apaisante-bebe-30ml-0107
Justyol,Enfants,Kids Babies All,PURESS ANTI PIQUE ROLLER REPULSIF BEBE 30ML 2194,BDM PHARMA,94.00,N/A,N/A,En stock,N/A,https://justyol.com/products/puress-anti-pique-roller-repulsif-bebe-30ml-2194
Justyol,Enfants,Kids Babies All,PURESS RESPIR SPRAY NASAL JET FORT 100 ML 2231,BDM PHARMA,156.00,N/A,N/A,En stock,N/A,https://justyol.com/products/puress-respir-spray-nasal-jet-fort-100-ml-2231
Justyol,Enfants,Kids Babies All,PURESS RESPIR BAUME DE MASSAGE PECTORAL ENFANT 4HE POT 60ML 4658,BDM PHARMA,194.00,N/A,N/A,En stock,N/A,https://justyol.com/products/puress-respir-baume-de-massage-pectoral-enfant-4he-pot-60ml-4658
Justyol,Enfants,Kids Babies All,PURESS LINGETTES INTIMES 25U 3030,BDM PHARMA,124.00,N/A,N/A,En stock,N/A,https://justyol.com/products/puress-lingettes-intimes-25u-3030
Justyol,Enfants,Kids Babies All,PURESS ANTI PIQUE STICK REPULSIF WATERPROOF 20 ML 3474,BDM PHARMA,151.00,N/A,N/A,En stock,N/A,https://justyol.com/products/puress-anti-pique-stick-repulsif-waterproof-20-ml-3474
Justyol,Maison,Home All,Couette chaude microfibre – 450g - Blanc / Lit 90 cm (140x200 cm),MAISON GOOD AND WELL,315.00,459.00,31,En stock,N/A,
Justyol,Maison,Home All,Protège matelas imperméable - Sneg Ultra doux - Blanc / 140/190/35,MAISON GOOD AND WELL,179.00,263.00,32,En stock,N/A,
Justyol,Maison,Home All,Couette chaude microfibre – 450g - Blanc / Lit 140 et 160 cm (240x220 cm),MAISON GOOD AND WELL,315.00,459.00,31,En stock,N/A,
Justyol,Maison,Home All,Couette chaude microfibre – 450g - Blanc / Lit 180 cm (260x240 cm),MAISON GOOD AND WELL,315.00,459.00,31,En stock,N/A,
Justyol,Maison,Home All,Couette 4 saisons légère Microfibre - 250g - Blanc / Lit 90 cm (140x200 cm),MAISON GOOD AND WELL,269.00,394.00,32,En stock,N/A,
Justyol,Maison,Home All,Drap plat premium - 100% coton - Rose / Lit 160 cm (245 x 270 cm),MAISON GOOD AND WELL,270.00,381.00,29,En stock,N/A,
Justyol,Maison,Home All,Protége Matelas Imperméable Tencel extra respirant - Blanc / 90/190/30,MAISON GOOD AND WELL,189.00,276.00,32,En stock,N/A,
Justyol,Maison,Home All,Surmatelas prestige - 4 bandes élastiques - 500g / 160/200,MAISON GOOD AND WELL,720.00,979.00,26,En stock,N/A,
Justyol,Maison,Home All,Surmatelas premium - Design drap-housse avec bande élastique - 500g / 160/200,MAISON GOOD AND WELL,880.00,1.187,N/A,En stock,N/A,
Justyol,Maison,Home All,Oreiller premium - Duvet de canard - 1050g - fermeté basse / 50/70,MAISON GOOD AND WELL,450.00,615.00,27,En stock,N/A,
Justyol,Maison,Home All,Couette premium mi-saison enveloppe 100% coton - Duvet de canard 200g - Blanc / Lit 140 et 160 cm (240x220 cm),MAISON GOOD AND WELL,1.290,1.707,24,En stock,N/A,
Justyol,Maison,Home All,Couette premium mi-saison enveloppe 100% coton - Duvet de canard 300g - Blanc / Lit 140 et 160 cm (240x220 cm),MAISON GOOD AND WELL,1.490,1.967,24,En stock,N/A,
Justyol,Maison,Home All,Protège matelas imperméable - Luna - Blanc / 140/190/35,MAISON GOOD AND WELL,169.00,250.00,32,En stock,N/A,
Justyol,Maison,Home All,Drap housse 100 % coton - Beige / 90/190/35,MAISON GOOD AND WELL,230.00,329.00,30,En stock,N/A,
Justyol,Maison,Home All,Parure de lit coton satiné 300 fils - 4 pièces - Blanc / 180/200/35,MAISON GOOD AND WELL,600.00,810.00,26,En stock,N/A,
Justyol,Maison,Home All,Couette 4 saisons enveloppe 100% coton - 250g - Blanc / Lit 90 cm (140x200 cm),MAISON GOOD AND WELL,410.00,576.00,29,En stock,N/A,
Justyol,Maison,Home All,Couette 4 saisons enveloppe 100% coton - 450g - Blanc / Lit 90 cm (140x200 cm),MAISON GOOD AND WELL,450.00,628.00,28,En stock,N/A,
Justyol,Maison,Home All,Drap plat premium - Percale de coton - Vert d'eau / Lit 180 cm (265 x 270 cm),MAISON GOOD AND WELL,320.00,446.00,28,En stock,N/A,
Justyol,Maison,Home All,Oreiller Fibra Plus toucher doux - Blanc - Passepoil Gris / 60/60,MAISON GOOD AND WELL,149.00,224.00,33,En stock,N/A,
Justyol,Maison,Home All,Drap housse Percale 100 % coton Premium - Blanc / 140/200/35,MAISON GOOD AND WELL,250.00,355.00,30,En stock,N/A,
Justyol,Maison,Home All,Parure de lit coton satiné - 6 Pièces - Blanc / 160/200/30,MAISON GOOD AND WELL,890.00,1.187,N/A,En stock,N/A,
Justyol,Maison,Home All,Couette 4 saisons légère Microfibre - 250g - Blanc / Lit 140 et 160 cm (240x220 cm),MAISON GOOD AND WELL,269.00,394.00,32,En stock,N/A,
Justyol,Maison,Home All,Drap plat premium - 100% coton - Rose / Lit 180 cm (265 x 270 cm),MAISON GOOD AND WELL,270.00,381.00,29,En stock,N/A,
Justyol,Maison,Home All,Protége Matelas Imperméable Tencel extra respirant - Blanc / 140/190/30,MAISON GOOD AND WELL,189.00,276.00,32,En stock,N/A,
Justyol,Maison,Home All,Surmatelas prestige - 4 bandes élastiques - 500g / 180/200,MAISON GOOD AND WELL,720.00,979.00,26,En stock,N/A,
Justyol,Maison,Home All,Surmatelas premium - Design drap-housse avec bande élastique - 500g / 180/200,MAISON GOOD AND WELL,880.00,1.187,N/A,En stock,N/A,
Justyol,Maison,Home All,Couette premium mi-saison enveloppe 100% coton - Duvet de canard 200g - Blanc / Lit 180 cm (260x240 cm),MAISON GOOD AND WELL,1.290,1.707,24,En stock,N/A,
Justyol,Maison,Home All,Couette premium mi-saison enveloppe 100% coton - Duvet de canard 300g - Blanc / Lit 180 cm (260x240 cm),MAISON GOOD AND WELL,1.490,1.967,24,En stock,N/A,
Justyol,Maison,Home All,Drap housse 100 % coton - Beige / 140/200/35,MAISON GOOD AND WELL,230.00,329.00,30,En stock,N/A,
Justyol,Maison,Home All,Parure de lit coton satiné 300 fils - 4 pièces - Blanc / 140/200/35,MAISON GOOD AND WELL,600.00,810.00,26,En stock,N/A,
Justyol,Maison,Home All,Couette 4 saisons enveloppe 100% coton - 250g - Blanc / Lit 140 et 160 cm (240x220 cm),MAISON GOOD AND WELL,410.00,576.00,29,En stock,N/A,
Justyol,Maison,Home All,Couette 4 saisons enveloppe 100% coton - 450g - Blanc / Lit 140 et 160 cm (240x220 cm),MAISON GOOD AND WELL,450.00,628.00,28,En stock,N/A,
Justyol,Maison,Home All,Oreiller Fibra Plus toucher doux - Blanc - Passepoil Bordeau / 60/60,MAISON GOOD AND WELL,149.00,224.00,33,En stock,N/A,
Justyol,Maison,Home All,Drap housse Percale 100 % coton Premium - Bleu / 90/190/35,MAISON GOOD AND WELL,250.00,355.00,30,En stock,N/A,
Justyol,Maison,Home All,Couette 4 saisons légère Microfibre - 250g - Blanc / Lit 180 cm (260x240 cm),MAISON GOOD AND WELL,269.00,394.00,32,En stock,N/A,
Justyol,Maison,Home All,Protége Matelas Imperméable Tencel extra respirant - Blanc / 160/200/30,MAISON GOOD AND WELL,189.00,276.00,32,En stock,N/A,
Justyol,Maison,Home All,Surmatelas prestige - 4 bandes élastiques - 500g / 200/200,MAISON GOOD AND WELL,720.00,979.00,26,En stock,N/A,
Justyol,Maison,Home All,Surmatelas premium - Design drap-housse avec bande élastique - 500g / 200/200,MAISON GOOD AND WELL,880.00,1.187,N/A,En stock,N/A,
Justyol,Maison,Home All,Drap housse 100 % coton - Blanc / 140/200/35,MAISON GOOD AND WELL,230.00,329.00,30,En stock,N/A,
Justyol,Maison,Home All,Parure de lit coton satiné 300 fils - 4 pièces - Blanc / 90/190/35,MAISON GOOD AND WELL,600.00,810.00,26,En stock,N/A,
Justyol,Maison,Home All,Couette 4 saisons enveloppe 100% coton - 250g - Blanc / Lit 180 cm (260x240 cm),MAISON GOOD AND WELL,410.00,576.00,29,En stock,N/A,
Justyol,Maison,Home All,Couette 4 saisons enveloppe 100% coton - 450g - Blanc / Lit 180 cm (260x240 cm),MAISON GOOD AND WELL,450.00,628.00,28,En stock,N/A,
Justyol,Maison,Home All,Drap housse Percale 100 % coton Premium - Bleu / 140/200/35,MAISON GOOD AND WELL,250.00,355.00,30,En stock,N/A,
Justyol,Maison,Home All,Surmatelas prestige - 4 bandes élastiques - 600g / 160/200,MAISON GOOD AND WELL,720.00,979.00,26,En stock,N/A,
Justyol,Maison,Home All,Surmatelas premium - Design drap-housse avec bande élastique - 600g / 160/200,MAISON GOOD AND WELL,880.00,1.187,N/A,En stock,N/A,
Justyol,Maison,Home All,Drap housse 100 % coton - Bleu / 90/190/35,MAISON GOOD AND WELL,230.00,329.00,30,En stock,N/A,
Justyol,Maison,Home All,Parure de lit coton satiné 300 fils - 4 pièces - Blanc / 160/200/35,MAISON GOOD AND WELL,600.00,810.00,26,En stock,N/A,
Justyol,Maison,Home All,Drap housse Percale 100 % coton Premium - Beige / 90/190/35,MAISON GOOD AND WELL,250.00,355.00,30,En stock,N/A,
Justyol,Maison,Home All,Surmatelas prestige - 4 bandes élastiques - 600g / 180/200,MAISON GOOD AND WELL,720.00,979.00,26,En stock,N/A,
Justyol,Maison,Home All,Surmatelas premium - Design drap-housse avec bande élastique - 600g / 180/200,MAISON GOOD AND WELL,880.00,1.187,N/A,En stock,N/A,
Justyol,Maison,Home All,Drap housse 100 % coton - Bleu / 140/200/35,MAISON GOOD AND WELL,230.00,329.00,30,En stock,N/A,
Justyol,Maison,Home All,Parure de lit coton satiné 300 fils - 4 pièces - Bleu / 90/190/35,MAISON GOOD AND WELL,600.00,810.00,26,En stock,N/A,
Justyol,Maison,Home All,Drap housse Percale 100 % coton Premium - Beige / 140/200/35,MAISON GOOD AND WELL,250.00,355.00,30,En stock,N/A,
Justyol,Maison,Home All,Surmatelas prestige - 4 bandes élastiques - 600g / 200/200,MAISON GOOD AND WELL,720.00,979.00,26,En stock,N/A,
Justyol,Maison,Home All,Surmatelas premium - Design drap-housse avec bande élastique - 600g / 200/200,MAISON GOOD AND WELL,880.00,1.187,N/A,En stock,N/A,
Justyol,Maison,Home All,Drap housse 100 % coton - Gris / 90/190/35,MAISON GOOD AND WELL,230.00,329.00,30,En stock,N/A,
Justyol,Maison,Home All,Parure de lit coton satiné 300 fils - 4 pièces - Bleu / 180/200/35,MAISON GOOD AND WELL,600.00,810.00,26,En stock,N/A,
Justyol,Maison,Home All,Drap housse Percale 100 % coton Premium - Vert olive / 90/190/35,MAISON GOOD AND WELL,250.00,355.00,30,En stock,N/A,
Justyol,Maison,Home All,Surmatelas prestige - 4 bandes élastiques - 900g / 160/200,MAISON GOOD AND WELL,720.00,979.00,26,En stock,N/A,
Justyol,Maison,Home All,Surmatelas premium - Design drap-housse avec bande élastique - 900g / 160/200,MAISON GOOD AND WELL,880.00,1.187,N/A,En stock,N/A,
Justyol,Maison,Home All,Drap housse 100 % coton - Gris / 140/200/35,MAISON GOOD AND WELL,230.00,329.00,30,En stock,N/A,
Justyol,Maison,Home All,Parure de lit coton satiné 300 fils - 4 pièces - Bleu / 140/200/35,MAISON GOOD AND WELL,600.00,810.00,26,En stock,N/A,
Justyol,Maison,Home All,Drap housse Percale 100 % coton Premium - Vert olive / 140/200/35,MAISON GOOD AND WELL,250.00,355.00,30,En stock,N/A,
Justyol,Maison,Home All,Surmatelas prestige - 4 bandes élastiques - 900g / 180/200,MAISON GOOD AND WELL,720.00,979.00,26,En stock,N/A,
Justyol,Maison,Home All,Surmatelas premium - Design drap-housse avec bande élastique - 900g / 200/200,MAISON GOOD AND WELL,880.00,1.187,N/A,En stock,N/A,
Justyol,Maison,Home All,Drap housse 100 % coton - Noir anthracite / 140/200/35,MAISON GOOD AND WELL,230.00,329.00,30,En stock,N/A,
Justyol,Maison,Home All,Parure de lit coton satiné 300 fils - 4 pièces - Bleu / 160/200/35,MAISON GOOD AND WELL,600.00,810.00,26,En stock,N/A,
Justyol,Maison,Home All,Drap housse Percale 100 % coton Premium - Vieux rose / 90/190/35,MAISON GOOD AND WELL,250.00,355.00,30,En stock,N/A,
Justyol,Maison,Home All,Surmatelas prestige - 4 bandes élastiques - 900g / 200/200,MAISON GOOD AND WELL,720.00,979.00,26,En stock,N/A,
Justyol,Maison,Home All,Drap housse 100 % coton - Noir anthracite / 160/200/35,MAISON GOOD AND WELL,230.00,329.00,30,En stock,N/A,
Justyol,Maison,Home All,Parure de lit coton satiné 300 fils - 4 pièces - Caramel / 180/200/35,MAISON GOOD AND WELL,600.00,810.00,26,En stock,N/A,
Justyol,Maison,Home All,Drap housse Percale 100 % coton Premium - Vieux rose / 140/200/35,MAISON GOOD AND WELL,250.00,355.00,30,En stock,N/A,
Justyol,Maison,Home All,Drap housse 100 % coton - Noir anthracite / 90/190/35,MAISON GOOD AND WELL,230.00,329.00,30,En stock,N/A,
Justyol,Maison,Home All,Parure de lit coton satiné 300 fils - 4 pièces - Caramel / 90/190/35,MAISON GOOD AND WELL,600.00,810.00,26,En stock,N/A,
Justyol,Maison,Home All,Drap housse Percale 100 % coton Premium - Vieux rose / 160/200/35,MAISON GOOD AND WELL,250.00,355.00,30,En stock,N/A,
Justyol,Maison,Home All,Drap housse 100 % coton - Noir anthracite / 180/200/35,MAISON GOOD AND WELL,230.00,329.00,30,En stock,N/A,
Justyol,Maison,Home All,Parure de lit coton satiné 300 fils - 4 pièces - Caramel / 140/200/35,MAISON GOOD AND WELL,600.00,810.00,26,En stock,N/A,
Justyol,Maison,Home All,Parure de lit coton satiné 300 fils - 4 pièces - Caramel / 160/200/35,MAISON GOOD AND WELL,600.00,810.00,26,En stock,N/A,
Justyol,Maison,Home All,Parure de lit coton satiné 300 fils - 4 pièces - Gris / 140/200/35,MAISON GOOD AND WELL,600.00,810.00,26,En stock,N/A,
Justyol,Maison,Home All,Parure de lit coton satiné 300 fils - 4 pièces - Gris / 160/200/35,MAISON GOOD AND WELL,600.00,810.00,26,En stock,N/A,
Justyol,Maison,Home All,Parure de lit coton satiné 300 fils - 4 pièces - Gris / 90/190/35,MAISON GOOD AND WELL,600.00,810.00,26,En stock,N/A,
Justyol,Maison,Home All,Parure de lit coton satiné 300 fils - 4 pièces - Gris / 180/200/35,MAISON GOOD AND WELL,600.00,810.00,26,En stock,N/A,
Justyol,Maison,Home All,Parure de lit coton satiné 300 fils - 4 pièces - Vert / 90/190/35,MAISON GOOD AND WELL,600.00,810.00,26,En stock,N/A,
Justyol,Maison,Home All,Parure de lit coton satiné 300 fils - 4 pièces - Vert / 160/200/35,MAISON GOOD AND WELL,600.00,810.00,26,En stock,N/A,
Justyol,Maison,Home All,Parure de lit coton satiné 300 fils - 4 pièces - Vert / 140/200/35,MAISON GOOD AND WELL,600.00,810.00,26,En stock,N/A,
Justyol,Maison,Home All,Parure de lit coton satiné 300 fils - 4 pièces - Vert / 180/200/35,MAISON GOOD AND WELL,600.00,810.00,26,En stock,N/A,
