shop,categorie,produit,prix,ancien_prix,remise_pct,stock,en_promo,rating
Lasolda,Maison,Grille-pain toaster longue ...,499.00,N/A,N/A,En stock,Non,N/A
Lasolda,Maison,Appareil A Raclette Et Plan...,699.00,999.00,30,En stock,Oui,N/A
Lasolda,Maison,Appareil à Pancakes ou Crêp...,349.00,N/A,N/A,En stock,Non,N/A
Lasolda,Maison,Aspirateur à Main Sans Fil...,829.00,N/A,N/A,En stock,Non,N/A
Lasolda,Maison,Aspirateur Balai Rechargeab...,469.00,N/A,N/A,En stock,Non,N/A
Lasolda,Maison,Batteur Mélangeur Électriqu...,389.00,N/A,N/A,En stock,Non,N/A
Lasolda,Maison,Centrifugeuses Manuel Extra...,99.00,199.00,50,En stock,Oui,N/A
Lasolda,Maison,Friteuse Air Chaud Sans Hu...,1.199,N/A,N/A,En stock,Non,N/A
Lasolda,Maison,Centrale Vapeur Semelle en ...,699.00,N/A,N/A,En stock,Non,N/A
Lasolda,Maison,Blender En Verre Professionnel,349.00,N/A,N/A,En stock,Non,N/A
Lasolda,Maison,Four Electrique 50L Double ...,1.149,N/A,N/A,En stock,Non,N/A
Lasolda,Maison,Friteuse Electrique En Inox...,589.00,700.00,16,En stock,Oui,N/A
Lasolda,Maison,Plaque A Grillade 2 en 1,459.00,N/A,N/A,En stock,Non,N/A
Lasolda,Maison,Mixeur Plongeant En Acier I...,299.00,N/A,N/A,En stock,Non,N/A
Lasolda,Maison,Plaque De Cuisson Encastrab...,1.869,N/A,N/A,En stock,Non,N/A
Lasolda,Maison,Mini Climatiseur Portable 2...,249.00,N/A,N/A,En stock,Non,N/A
Lasolda,Maison,Chauffage A Gaz,1.399,N/A,N/A,En stock,Non,N/A
Lasolda,Maison,Bouilloire Electrique En In...,229.00,N/A,N/A,En stock,Non,N/A
Lasolda,Maison,Bouilloire Electrique INOX ...,219.00,N/A,N/A,En stock,Non,N/A
Lasolda,Maison,"Fontaine à Chocolat, 320w ,...",899.00,N/A,N/A,En stock,Non,N/A
Lasolda,Maison,Hachoir A Viande Profession...,599.00,N/A,N/A,En stock,Non,N/A
Lasolda,Maison,Mixeur Plongeant Multifonct...,299.00,N/A,N/A,En stock,Non,N/A
Lasolda,Maison,Plancha A Grill Électrique ...,579.00,N/A,N/A,En stock,Non,N/A
Lasolda,Maison,Plaque à Grillade Electriqu...,559.00,N/A,N/A,En stock,Non,N/A
Lasolda,Maison,Plaque à Grillades Electriq...,599.00,N/A,N/A,En stock,Non,N/A
Lasolda,Maison,"2 Bouteilles A Eau , Gourde...",99.00,N/A,N/A,En stock,Non,N/A
Lasolda,Maison,4en1 Mixeur Plongeant + Fou...,269.00,N/A,N/A,En stock,Non,N/A
Lasolda,Maison,"Appareil A Beignet , Donuts",119.00,N/A,N/A,En stock,Non,N/A
Lasolda,Maison,Appareil à emballage sous vide,329.00,N/A,N/A,En stock,Non,N/A
Lasolda,Maison,Appareil A Raclette Plus Pl...,899.00,N/A,N/A,En stock,Non,N/A
Lasolda,Maison,Appareil multi-cuisson Gril...,2.599,N/A,N/A,En stock,Non,N/A
Lasolda,Maison,Appareil sandwich multifonc...,499.00,N/A,N/A,En stock,Non,N/A
Lasolda,Maison,Aspirateur 70L puissant 2400W,2.649,N/A,N/A,En stock,Non,N/A
Lasolda,Maison,Aspirateur avec Sac 3L RAF ...,999.00,N/A,N/A,En stock,Non,N/A
Lasolda,Maison,Aspirateur Électrique 2000W...,999.00,N/A,N/A,En stock,Non,N/A
Lasolda,Maison,Aspirateur multifonctionnel...,1.499,N/A,N/A,En stock,Non,N/A
Lasolda,Maison,Aspirateurs En Plastique 12...,599.00,N/A,N/A,En stock,Non,N/A
Lasolda,Maison,Balai Vapeur Multifonctions,1.399,N/A,N/A,En stock,Non,N/A
Lasolda,Maison,"Barbecue , Grille , Electri...",499.00,700.00,29,En stock,Oui,N/A
Lasolda,Maison,Barbecue Electrique inox +...,349.00,N/A,N/A,En stock,Non,N/A
Lasolda,Maison,Barbecue Vertical rôtissoir...,899.00,N/A,N/A,En stock,Oui,N/A
Lasolda,Maison,Batteur Chrome Électrique,169.00,189.00,11,En stock,Oui,N/A
Lasolda,Maison,Batteur Easy Max Moulinex,369.00,399.00,8,En stock,Oui,N/A
Lasolda,Maison,Batteur Electrique A 5 Vite...,249.00,N/A,N/A,En stock,Non,N/A
Lasolda,Maison,Batteur Électrique A Main S...,209.00,N/A,N/A,En stock,Non,N/A
Lasolda,Maison,Batteur Mécanique Manuel,79.00,N/A,N/A,En stock,Non,N/A
Lasolda,Maison,Batteur Mélangeur Electriqu...,249.00,N/A,N/A,En stock,Non,N/A
Lasolda,Maison,Blender Bol en verre 1.5L ...,299.00,N/A,N/A,En stock,Non,N/A
Lasolda,Maison,Blender 1.5L Avec Moulin,269.00,389.00,31,En stock,Oui,N/A
Lasolda,Maison,Blender 2L Bol En Plastique...,249.00,N/A,N/A,En stock,Non,N/A
Lasolda,Maison,Blender 6 en 1 Lexical – Mi...,599.00,N/A,N/A,En stock,Non,N/A
Lasolda,Maison,Blender avec 2 bol en verre,379.00,399.00,5,En stock,Oui,N/A
Lasolda,Maison,Blender Broyeur Glace Pilée...,339.00,N/A,N/A,En stock,Non,N/A
Lasolda,Maison,Blender Incassable 1.5L Ave...,329.00,N/A,N/A,En stock,Non,N/A
Lasolda,Maison,Blender Incassable 1.5L Vert,259.00,N/A,N/A,En stock,Non,N/A
Lasolda,Maison,Blender Incassable Avec Moulin,399.00,N/A,N/A,En stock,Non,N/A
Lasolda,Maison,Blender Mixeur 1.5L à 4 Vit...,259.00,N/A,N/A,En stock,Non,N/A
Lasolda,Maison,Blender Mixeur En Plastique...,299.00,N/A,N/A,En stock,Non,N/A
Lasolda,Maison,Blender Professionnel Bol E...,379.00,N/A,N/A,En stock,Non,N/A
Lasolda,Maison,Blender universel verre/ino...,749.00,N/A,N/A,En stock,Non,N/A
Lasolda,Maison,Bouilloire à eau inox siffl...,169.00,N/A,N/A,En stock,Non,N/A
Lasolda,Maison,Bouilloire De Voyage –...,249.00,N/A,N/A,En stock,Non,N/A
Lasolda,Maison,Bouilloire électrique 1.7L ...,199.00,N/A,N/A,En stock,Non,N/A
Lasolda,Maison,"Bouteille , Bonbonne, Gourd...",59.00,N/A,N/A,En stock,Non,N/A
Lasolda,Maison,bouteille-huile-1000-ml,149.00,N/A,N/A,En stock,Non,N/A
Lasolda,Maison,Brasero Grill 2 en 1 Barbec...,2.799,N/A,N/A,En stock,Non,N/A
Lasolda,Maison,Cafetière A Expresso Et Cap...,469.00,679.00,31,En stock,Oui,N/A
Lasolda,Maison,Cafetière inox gold avec co...,179.00,N/A,N/A,En stock,Non,N/A
Lasolda,Maison,Casserole Bain Marie En Ino...,299.00,N/A,N/A,En stock,Non,N/A
Lasolda,Maison,Chauffage à Gaz Et Electriq...,1.349,N/A,N/A,En stock,Non,N/A
Lasolda,Maison,Chauffage Bain D’huil...,945.00,1.400,N/A,En stock,Oui,N/A
Lasolda,Maison,Chauffage Cheminé Électriqu...,799.00,N/A,N/A,En stock,Non,N/A
Lasolda,Maison,Chauffage Cheminé Électriqu...,1.259,1.359,7,En stock,Oui,N/A
Lasolda,Maison,Chauffage Electrique Quart...,299.00,N/A,N/A,En stock,Non,N/A
Lasolda,Maison,Chauffage Electrique Quart...,259.00,N/A,N/A,En stock,Non,N/A
Lasolda,Maison,Chauffage Électrique 800W,269.00,N/A,N/A,En stock,Non,N/A
Lasolda,Maison,Chauffage Electrique Halogè...,369.00,N/A,N/A,En stock,Non,N/A
Lasolda,Maison,Chauffage Electrique Halogè...,499.00,N/A,N/A,En stock,Non,N/A
Lasolda,Maison,Chauffage Electrique Halogè...,449.00,N/A,N/A,En stock,Non,N/A
Lasolda,Maison,Chauffage Électrique Halogè...,399.00,N/A,N/A,En stock,Non,N/A
Lasolda,Maison,Chauffage Électrique Infrar...,579.00,N/A,N/A,En stock,Non,N/A
Lasolda,Maison,Chauffage Électrique Infrar...,399.00,N/A,N/A,En stock,Non,N/A
Lasolda,Maison,Chauffage Halogène Electriq...,269.00,N/A,N/A,En stock,Non,N/A
Lasolda,Maison,Chauffage Radiateur 1500 W ...,769.00,N/A,N/A,En stock,Non,N/A
Lasolda,Maison,Chauffage Radiateur à Huile...,1.099,N/A,N/A,En stock,Non,N/A
Lasolda,Maison,Chauffage Radiateur Bain D&...,999.00,N/A,N/A,En stock,Non,N/A
Lasolda,Maison,Cocotte Couscoussier 4+6L –...,1.499,N/A,N/A,En stock,Non,N/A
Lasolda,Maison,Cocotte Inox – Autocuiseur ...,499.00,N/A,N/A,En stock,Non,N/A
Lasolda,Maison,Couscoussière en inox 6L ou...,430.00,N/A,N/A,En stock,Non,N/A
Lasolda,Maison,Crêpière Antiadhésive élect...,249.00,N/A,N/A,En stock,Non,N/A
Lasolda,Maison,Crêpière électrique 8 Personne,299.00,379.00,21,En stock,Oui,N/A
Lasolda,Maison,Cuiseur à Vapeur,599.00,799.00,25,En stock,Oui,N/A
Lasolda,Maison,"Cuiseur Vapeur 3 Étages, Id...",669.00,N/A,N/A,En stock,Non,N/A
Lasolda,Maison,Cuisinière double gaz – Brû...,349.00,N/A,N/A,En stock,Non,N/A
Lasolda,Maison,Défroisseur A Vapeur –...,299.00,N/A,N/A,En stock,Non,N/A
Lasolda,Maison,Défroisseur vapeur 2en1 séc...,1.099,N/A,N/A,En stock,Non,N/A
Lasolda,Maison,Défroisseur Vapeur Vertical,369.00,N/A,N/A,En stock,Non,N/A
Lasolda,Maison,Défroisseur Vapeur Vertical...,429.00,N/A,N/A,En stock,Non,N/A
Lasolda,Maison,Ensemble Épices 12 Pièces V...,279.00,N/A,N/A,En stock,Non,N/A
Lasolda,Maison,Fer A Repasser,269.00,N/A,N/A,En stock,Non,N/A
Lasolda,Maison,Fer à Repasser 1000W,198.00,N/A,N/A,En stock,Non,N/A
Lasolda,Maison,Fer à Repasser 1200W Anti-a...,199.00,N/A,N/A,En stock,Non,N/A
Lasolda,Maison,"Fer à repasser à vapeur, 2200W",249.00,N/A,N/A,En stock,Non,N/A
Lasolda,Maison,Fer A Repasser En Céramique,259.00,N/A,N/A,En stock,Non,N/A
Lasolda,Maison,Fer à Repasser Vapeur DB 6005,289.00,N/A,N/A,En stock,Non,N/A
Lasolda,Maison,Filtre à eau TATCH 7 étapes...,1.499,N/A,N/A,En stock,Non,N/A
Lasolda,Maison,"Fontaine A Chocolat , Machi...",859.00,N/A,N/A,En stock,Non,N/A
Lasolda,Maison,Fouet électrique Pour fair...,29.00,59.00,51,En stock,Oui,N/A
Lasolda,Maison,Four électrique 38 Litres,799.00,N/A,N/A,En stock,Non,N/A
Lasolda,Maison,Four Electrique 42L Avec Ve...,899.00,N/A,N/A,En stock,Non,N/A
Lasolda,Maison,Four Electrique 70L Avec Ve...,1.099,N/A,N/A,En stock,Non,N/A
Lasolda,Maison,Four Friteuse Air Chaud 12L...,1.949,N/A,N/A,En stock,Non,N/A
Lasolda,Maison,Four Micro Onde 20L 700w Ve...,859.00,N/A,N/A,En stock,Non,N/A
Lasolda,Maison,Four rond électrique multif...,899.00,N/A,N/A,En stock,Non,N/A
Lasolda,Maison,Friteuse Air Chaud 4.8L – R...,999.00,N/A,N/A,En stock,Non,N/A
Lasolda,Maison,"Friteuse Electrique 2,5 lit...",629.00,N/A,N/A,En stock,Non,N/A
Lasolda,Maison,Friteuse Sans Huile 10L – A...,899.00,N/A,N/A,En stock,Non,N/A
Lasolda,Maison,Glacière Electrique 25L Bo...,969.00,N/A,N/A,En stock,Non,N/A
Lasolda,Maison,"Grand Blender Mixeur 1,8 L ...",449.00,N/A,N/A,En stock,Non,N/A
Lasolda,Maison,Grand Hachoir A Viande Prof...,959.00,N/A,N/A,En stock,Non,N/A
Lasolda,Maison,Grill Barbecue Électrique D...,389.00,N/A,N/A,En stock,Non,N/A
Lasolda,Maison,Grill Panini Sandwich Maker...,549.00,N/A,N/A,En stock,Non,N/A
Lasolda,Maison,Grille-Pain Inox Électrique...,399.00,N/A,N/A,En stock,Non,N/A
Lasolda,Maison,Hachoir 1 2 3 Électrique – ...,349.00,N/A,N/A,En stock,Non,N/A
Lasolda,Maison,Hachoir Anita multifonction...,229.00,N/A,N/A,En stock,Non,N/A
Lasolda,Maison,Hachoir électrique 1-2-3 E...,299.00,N/A,N/A,En stock,Non,N/A
Lasolda,Maison,Hachoir électrique 2L 300W ...,299.00,N/A,N/A,En stock,Non,N/A
Lasolda,Maison,Hachoir Electrique avec 2 b...,259.00,N/A,N/A,En stock,Non,N/A
Lasolda,Maison,Hachoir électrique Bol En V...,279.00,N/A,N/A,En stock,Non,N/A
Lasolda,Maison,Hachoir électrique bol verr...,249.00,N/A,N/A,En stock,Non,N/A
Lasolda,Maison,Hachoir Electrique Chopper ...,259.00,N/A,N/A,En stock,Non,N/A
Lasolda,Maison,Hachoir Electrique En Inox ...,369.00,N/A,N/A,En stock,Non,N/A
Lasolda,Maison,Hachoir Electrique Moulinet...,289.00,350.00,17,En stock,Oui,N/A
Lasolda,Maison,Hachoir Électrique Multi-Us...,249.00,N/A,N/A,En stock,Non,N/A
Lasolda,Maison,Hachoir Viande Électrique 3...,749.00,N/A,N/A,En stock,Non,N/A
Lasolda,Maison,Hot Plate Réchaud Électriqu...,159.00,199.00,20,En stock,Oui,N/A
Lasolda,Maison,Hotte Sous Meuble En Inox 6...,999.00,N/A,N/A,En stock,Non,N/A
Lasolda,Maison,ITIMAT FOUR ÉLECTRIQUE 60L ...,1.500,N/A,N/A,En stock,Non,N/A
Lasolda,Maison,Lampe anti-moustique UV 6W ...,199.00,N/A,N/A,En stock,Non,N/A
Lasolda,Maison,Machine à Café Avec Minuteu...,499.00,559.00,11,En stock,Oui,N/A
Lasolda,Maison,Machine à expresso Clatronic,999.00,1.499,N/A,En stock,Oui,N/A
Lasolda,Maison,Machine à Pop-Corn A Air ch...,299.00,N/A,N/A,En stock,Non,N/A
Lasolda,Maison,Machine barbe à papa à gaz ...,2.250,N/A,N/A,En stock,Non,N/A
Lasolda,Maison,Machine Cafetière à Express...,1.349,N/A,N/A,En stock,Non,N/A
Lasolda,Maison,Machine espresso inox Kenz ...,969.00,N/A,N/A,En stock,Non,N/A
Lasolda,Maison,Machine popcorn à gaz puiss...,2.899,N/A,N/A,En stock,Non,N/A
Lasolda,Maison,Mélangeur Shaker De Protéin...,159.00,N/A,N/A,En stock,Non,N/A
Lasolda,Maison,Micro Onde 20L 700w,1.049,N/A,N/A,En stock,Non,N/A
Lasolda,Maison,Micro-ondes 20L avec grill ...,1.099,N/A,N/A,En stock,Non,N/A
Lasolda,Maison,Mini Blender portables rech...,199.00,N/A,N/A,En stock,Non,N/A
Lasolda,Maison,Mini Chauffage Malin Express,259.00,329.00,21,En stock,Oui,N/A
Lasolda,Maison,"Mini Climatiseur Mobile , R...",399.00,N/A,N/A,En stock,Non,N/A
Lasolda,Maison,Mini fer à repasser avec Po...,289.00,N/A,N/A,En stock,Non,N/A
Lasolda,Maison,Mini machine à coudre porta...,320.00,N/A,N/A,En stock,Non,N/A
Lasolda,Maison,Mini Machine à Pop-Corn Ele...,259.00,N/A,N/A,En stock,Non,N/A
Lasolda,Maison,"Mixeur Blender 1 2 3 , 1.5L...",349.00,N/A,N/A,En stock,Non,N/A
Lasolda,Maison,Mixeur électrique – 1...,459.00,N/A,N/A,En stock,Non,N/A
Lasolda,Maison,Mixeur Plongeant + Fouet 2en1,239.00,N/A,N/A,En stock,Non,N/A
Lasolda,Maison,Mixeur Plongeant 2 in 1 Pla...,199.00,N/A,N/A,En stock,Non,N/A
Lasolda,Maison,Mixeur Plongeant 4 In 1 Inox,299.00,N/A,N/A,En stock,Non,N/A
Lasolda,Maison,Mixeur Plongeant En Acier I...,249.00,N/A,N/A,En stock,Non,N/A
Lasolda,Maison,Mixeur Plongeur Electrique,239.00,N/A,N/A,En stock,Non,N/A
Lasolda,Maison,Moule A Gâteau Cake Electri...,399.00,699.00,43,En stock,Oui,N/A
Lasolda,Maison,Moulin à Café,169.00,199.00,15,En stock,Oui,N/A
Lasolda,Maison,"Moulin à Café , Épices Lame...",269.00,N/A,N/A,En stock,Non,N/A
Lasolda,Maison,Moulin A Café Electrique,249.00,299.00,17,En stock,Oui,N/A
Lasolda,Maison,Moulin à café électrique PR...,469.00,N/A,N/A,En stock,Non,N/A
Lasolda,Maison,Moulin à Café Et Épices Noi...,199.00,N/A,N/A,En stock,Non,N/A
Lasolda,Maison,Moulin Broyeur A Épices Et ...,1.299,N/A,N/A,En stock,Non,N/A
Lasolda,Maison,Moulin Broyeur A Épices Et ...,599.00,N/A,N/A,En stock,Non,N/A
Lasolda,Maison,Moulin Professionnel A Épi...,459.00,N/A,N/A,En stock,Non,N/A
Lasolda,Maison,"Moulinette 1,2,3 + Mixeur ...",249.00,349.00,29,En stock,Oui,N/A
Lasolda,Maison,Organisateur Mural Salle de...,399.00,N/A,N/A,En stock,Non,N/A
Lasolda,Maison,Pack Casseroles 5 PCS – Pol...,399.00,N/A,N/A,En stock,Non,N/A
Lasolda,Maison,Pack Promotion Friteuse Ele...,499.00,N/A,N/A,En stock,Non,N/A
Lasolda,Maison,Pétrin Digital 8L 1800W ave...,1.249,N/A,N/A,En stock,Non,N/A
Lasolda,Maison,Plancha Electrique XL 70x23...,599.00,N/A,N/A,En stock,Non,N/A
Lasolda,Maison,Planche de Cuisson Electriq...,729.00,780.00,7,En stock,Oui,N/A
Lasolda,Maison,Plaque De Cuisson Encastrab...,1.299,N/A,N/A,En stock,Non,N/A
Lasolda,Maison,Plaque De Cuisson Encastrab...,1.949,N/A,N/A,En stock,Non,N/A
Lasolda,Maison,Plaque De Cuisson Encastrab...,1.989,N/A,N/A,En stock,Non,N/A
Lasolda,Maison,Plaque De Cuisson Encastrab...,1.599,N/A,N/A,En stock,Non,N/A
Lasolda,Maison,Plaque De Cuisson Gaz En Ve...,1.649,N/A,N/A,En stock,Non,N/A
Lasolda,Maison,Plaque De Cuisson Gazinière...,649.00,N/A,N/A,En stock,Non,N/A
Lasolda,Maison,Plaque Encastrable 4 Feux E...,1.129,N/A,N/A,En stock,Non,N/A
Lasolda,Maison,Plaque Encastrable 5 Feux E...,1.459,1.949,25,En stock,Oui,N/A
Lasolda,Maison,Plaque Réchaud Electrique D...,589.00,N/A,N/A,En stock,Non,N/A
Lasolda,Maison,Plateau épices bambou (8 pi...,249.00,N/A,N/A,En stock,Non,N/A
Lasolda,Maison,Poêle A Frire Gril Électriq...,279.00,N/A,N/A,En stock,Non,N/A
Lasolda,Maison,Poêle antiadhésive – 20/24/...,339.00,N/A,N/A,En stock,Non,N/A
Lasolda,Maison,Poêle en granit avec couver...,199.00,N/A,N/A,En stock,Non,N/A
Lasolda,Maison,Pot à huile en verre,249.00,N/A,N/A,En stock,Non,N/A
Lasolda,Maison,Poubelle Blanche Ronde 5L,179.00,N/A,N/A,En stock,Non,N/A
Lasolda,Maison,"Presse Agrume Electrique , ...",219.00,399.00,45,En stock,Oui,N/A
Lasolda,Maison,Presse Agrume Electrique De...,399.00,N/A,N/A,En stock,Non,N/A
Lasolda,Maison,Presse Agrumes Electrique A...,359.00,N/A,N/A,En stock,Non,N/A
Lasolda,Maison,Presse Orange Electrique,389.00,450.00,14,En stock,Oui,N/A
Lasolda,Maison,Presse Orange Électrique 1....,169.00,N/A,N/A,En stock,Non,N/A
Lasolda,Maison,Presse Orange Electrique Av...,349.00,369.00,5,En stock,Oui,N/A
Lasolda,Maison,Presse Orange électrique en...,299.00,N/A,N/A,En stock,Non,N/A
Lasolda,Maison,Presse Orange Electrique En...,369.00,N/A,N/A,En stock,Non,N/A
Lasolda,Maison,Presse Oranges Electrique &...,399.00,N/A,N/A,En stock,Non,N/A
Lasolda,Maison,Presse panini,289.00,399.00,28,En stock,Oui,N/A
Lasolda,Maison,Presse Panini Grill Sandwi...,299.00,N/A,N/A,En stock,Non,N/A
Lasolda,Maison,Presse Panini 2 En 1 Appare...,499.00,N/A,N/A,En stock,Non,N/A
Lasolda,Maison,Presse Panini En Granit,579.00,N/A,N/A,En stock,Non,N/A
Lasolda,Maison,Presse Panini Et Grill Sand...,299.00,N/A,N/A,En stock,Non,N/A
Lasolda,Maison,Presse Panini Et Toasts Pet...,219.00,N/A,N/A,En stock,Non,N/A
Lasolda,Maison,Presse Panini Sandwich Gril...,299.00,N/A,N/A,En stock,Non,N/A
Lasolda,Maison,Presse Panini Sandwich Make...,299.00,N/A,N/A,En stock,Non,N/A
Lasolda,Maison,Purificateur eau TATCH 6 ét...,1.399,N/A,N/A,En stock,Non,N/A
Lasolda,Maison,"Réchaud A Gaz , Plaque De C...",789.00,N/A,N/A,En stock,Non,N/A
Lasolda,Maison,Réchaud Électrique – ...,224.00,N/A,N/A,En stock,Non,N/A
Lasolda,Maison,Réchaud Électrique – ...,169.00,179.00,6,En stock,Oui,N/A
Lasolda,Maison,Réchaud Électrique Silver 1...,249.00,N/A,N/A,En stock,Non,N/A
Lasolda,Maison,"Robot 4 en 1 (Blender, Cent...",499.00,699.00,29,En stock,Oui,N/A
Lasolda,Maison,Robot Pétrin Multifonction ...,979.00,N/A,N/A,En stock,Non,N/A
Lasolda,Maison,Robot Pétrin Pâtissier Extr...,1.499,N/A,N/A,En stock,Non,N/A
Lasolda,Maison,Séchoir linge portable élec...,299.00,349.00,14,En stock,Oui,N/A
Lasolda,Maison,Set 3 casseroles granite TA...,299.00,N/A,N/A,En stock,Non,N/A
Lasolda,Maison,Set de 3 moules à charnière...,199.00,N/A,N/A,En stock,Non,N/A
Lasolda,Maison,"Siphon à Chantilly 500ml , ...",549.00,599.00,8,En stock,Oui,N/A
Lasolda,Maison,tajine-en aluminium taille–...,249.00,N/A,N/A,En stock,Non,N/A
Lasolda,Maison,TATCH Blender Incassable Av...,299.00,450.00,34,En stock,Oui,N/A
Lasolda,Maison,TATCH Hachoir électrique à ...,219.00,319.00,31,En stock,Oui,N/A
Lasolda,Maison,TATCH Mixeur Plongeant 4 En 1,269.00,350.00,23,En stock,Oui,N/A
Lasolda,Maison,TATCH Robot Multifonction,359.00,499.00,28,En stock,Oui,N/A
Lasolda,Maison,Thermos inox isotherme avec...,129.00,N/A,N/A,En stock,Non,N/A
Lasolda,Maison,"Toaster , Panini , Plancha ...",599.00,800.00,25,En stock,Oui,N/A
Lasolda,Maison,Ventilateur 3 en 1 – Sur Pi...,329.00,N/A,N/A,En stock,Non,N/A
Lasolda,Maison,Ventilateur Carré Posable 3...,249.00,350.00,29,En stock,Oui,N/A
Lasolda,Maison,Ventilateur Colonne Avec Té...,449.00,649.00,31,En stock,Oui,N/A
Lasolda,Maison,Ventilateur pied Schlëizer ...,270.00,N/A,N/A,En stock,Non,N/A
Lasolda,Maison,Ventilateur Schlëizer 3 en ...,349.00,N/A,N/A,En stock,Non,N/A
Lasolda,Maison,Verre ELYSIA 35cl – Lot 6 p...,149.00,N/A,N/A,En stock,Non,N/A
Lasolda,Maison,Barbecue à Charbon sur Pied...,369.00,399.00,8,En stock,Oui,N/A
Lasolda,Maison,Barbecue à Charbon Bahia Av...,759.00,N/A,N/A,En stock,Non,N/A
Lasolda,Maison,Boîte À Manger Électrique P...,139.00,179.00,22,En stock,Oui,N/A
Lasolda,Maison,Desserte Spéciale Plancha A...,2.899,N/A,N/A,En stock,Non,N/A
Lasolda,Maison,Glacière Et Distributeur D&...,189.00,199.00,5,En stock,Oui,N/A
Lasolda,Maison,Kit à Paella VALENCIA à Gaz...,1.999,2.300,13,En stock,Oui,N/A
Lasolda,Maison,Kits énergie solaire maison...,359.00,399.00,10,En stock,Oui,N/A
Lasolda,Maison,Chaise pliante bleue avec h...,249.00,N/A,N/A,En stock,Non,N/A
Lasolda,Maison,Caméra De Surveillance IP W...,999.00,1.400,N/A,En stock,Oui,N/A
Lasolda,Maison,Lampe Energie Solaire Multi...,219.00,N/A,N/A,En stock,Non,N/A
Lasolda,Maison,Pack Barbecue Pliable + Pin...,389.00,N/A,N/A,En stock,Non,N/A
Lasolda,Maison,Plancha à gaz Blue Flame LX...,3.899,N/A,N/A,En stock,Non,N/A
Lasolda,Maison,Ventilateur Sur Pied En Mét...,759.00,N/A,N/A,En stock,Non,N/A
Lasolda,Maison,Glacière Souple 10L –...,299.00,N/A,N/A,En stock,Non,N/A
Lasolda,Maison,Lampe De Poche Etanche Rec...,149.00,N/A,N/A,En stock,Non,N/A
Lasolda,Maison,Pulvérisateur à pression 6L...,239.00,N/A,N/A,En stock,Non,N/A
Lasolda,Maison,Protecteur rétroviseurs voi...,149.00,N/A,N/A,En stock,Non,N/A
Lasolda,Maison,Caméra surveillance WiFi ex...,1.099,N/A,N/A,En stock,Non,N/A
Lasolda,Maison,Chaise Trépied de Camping/P...,119.00,N/A,N/A,En stock,Non,N/A
Lasolda,Maison,Piscine Gonflable Rectangul...,579.00,N/A,N/A,En stock,Non,N/A
Lasolda,Maison,Piscine Gonflable Enfants 1...,149.00,N/A,N/A,En stock,Non,N/A
Lasolda,Maison,Pouf Géant Waterproof Imp...,999.00,N/A,N/A,En stock,Non,N/A
Lasolda,Maison,Gourde Avec Paille Pour L&#...,49.00,N/A,N/A,En stock,Non,N/A
Lasolda,Maison,"Gamelle Pour Chien , Chat A...",169.00,N/A,N/A,En stock,Non,N/A
Lasolda,Maison,Kit Aiid Al Adha – Ai...,369.00,497.00,26,En stock,Oui,N/A
Lasolda,Maison,Pouf Poire D’intérieur Velo...,889.00,N/A,N/A,En stock,Non,N/A
Lasolda,Maison,2 Griffes Pour Viande Avec ...,459.00,N/A,N/A,En stock,Non,N/A
Lasolda,Maison,2 Sachets silicone pour gri...,229.00,N/A,N/A,En stock,Non,N/A
Lasolda,Maison,Appareil A Chauffer Tout Ty...,199.00,N/A,N/A,En stock,Non,N/A
Lasolda,Maison,Arrosage De Jardin Arroseur...,269.00,N/A,N/A,En stock,Non,N/A
Lasolda,Maison,Barbecue à Charbon Wagon +...,699.00,848.00,18,En stock,Oui,N/A
Lasolda,Maison,Barbecue A Charbon Portabl...,399.00,N/A,N/A,En stock,Non,N/A
Lasolda,Maison,Barbecue A Charbon Rectang...,599.00,N/A,N/A,En stock,Non,N/A
Lasolda,Maison,Barbecue à Charbon BRIGHTON...,1.499,N/A,N/A,En stock,Non,N/A
Lasolda,Maison,Barbecue à Charbon CAPRI Av...,1.389,1.500,7,En stock,Oui,N/A
Lasolda,Maison,Barbecue à Charbon De Bois ...,1.519,N/A,N/A,En stock,Non,N/A
Lasolda,Maison,Barbecue à Charbon El Paso ...,2.249,N/A,N/A,En stock,Non,N/A
Lasolda,Maison,Barbecue à Charbon Horizont...,2.499,N/A,N/A,En stock,Non,N/A
Lasolda,Maison,Barbecue à Charbon LUGANO A...,1.299,N/A,N/A,En stock,Non,N/A
Lasolda,Maison,Barbecue à Charbon Pliable ...,449.00,N/A,N/A,En stock,Non,N/A
Lasolda,Maison,Barbecue A Charbon Pliant,199.00,N/A,N/A,En stock,Non,N/A
Lasolda,Maison,Barbecue à Charbon Portable...,239.00,N/A,N/A,En stock,Non,N/A
Lasolda,Maison,Barbecue A Charbon Sur Pied...,199.00,N/A,N/A,En stock,Non,N/A
Lasolda,Maison,Barbecue à Charbon sur Pied...,359.00,N/A,N/A,En stock,Non,N/A
Lasolda,Maison,Barbecue Charbon De Bois Ba...,1.799,N/A,N/A,En stock,Non,N/A
Lasolda,Maison,"Barbecue charbon KOS fonte,...",1.299,N/A,N/A,En stock,Non,N/A
Lasolda,Maison,Barbecue charbon PROMENADE ...,1.699,N/A,N/A,En stock,Non,N/A
Lasolda,Maison,Barbecue charbon sur roues ...,849.00,N/A,N/A,En stock,Non,N/A
Lasolda,Maison,Barbecue charbon VULCANO 20...,1.789,N/A,N/A,En stock,Non,N/A
Lasolda,Maison,Barbecue Pliable Avec Son S...,229.00,N/A,N/A,En stock,Non,N/A
Lasolda,Maison,Barbecue Portable BBQ Class...,399.00,N/A,N/A,En stock,Non,N/A
Lasolda,Maison,Boîte à Repas Electrique Po...,179.00,N/A,N/A,En stock,Non,N/A
Lasolda,Maison,Bouée Enfant Fantaisie Ø 6...,79.00,N/A,N/A,En stock,Non,N/A
Lasolda,Maison,"Boule , Jouet , Distributeu...",199.00,N/A,N/A,En stock,Non,N/A
Lasolda,Maison,Brosse barbecue 3 en 1 : br...,99.00,N/A,N/A,En stock,Non,N/A
Lasolda,Maison,Brosse de Nettoyage Grill B...,259.00,N/A,N/A,En stock,Non,N/A
Lasolda,Maison,Caméra De Surveillance Inté...,1.299,N/A,N/A,En stock,Non,N/A
Lasolda,Maison,Caméra de surveillance Pano...,599.00,N/A,N/A,En stock,Non,N/A
Lasolda,Maison,"Caméra Sport étanche 30m, F...",459.00,N/A,N/A,En stock,Non,N/A
Lasolda,Maison,Chaise pliante kaki avec ho...,249.00,N/A,N/A,En stock,Non,N/A
Lasolda,Maison,Chevalet Métallique 152x71c...,299.00,N/A,N/A,En stock,Non,N/A
Lasolda,Maison,Coussin Masseur Corps Cou,299.00,329.00,9,En stock,Oui,N/A
Lasolda,Maison,Cuillère Bois – Set 6 Cuill...,49.00,N/A,N/A,En stock,Non,N/A
Lasolda,Maison,Desserte Spéciale Plancha A...,2.199,N/A,N/A,En stock,Non,N/A
Lasolda,Maison,ETENDOIR MULTIFONCTION R...,239.00,309.00,23,En stock,Oui,N/A
Lasolda,Maison,Fauteuil Gonflable Bestway ...,349.00,N/A,N/A,En stock,Non,N/A
Lasolda,Maison,Film Alimentaire Réutilisab...,99.00,N/A,N/A,En stock,Non,N/A
Lasolda,Maison,Fourchette Pour Barbecue AR...,249.00,N/A,N/A,En stock,Non,N/A
Lasolda,Maison,Glacier 59L Keepcold – Glac...,1.099,N/A,N/A,En stock,Non,N/A
Lasolda,Maison,Glacier Orange 34.7 L – Rob...,649.00,N/A,N/A,En stock,Non,N/A
Lasolda,Maison,Glacière 24L Bleue,299.00,N/A,N/A,En stock,Non,N/A
Lasolda,Maison,Glacière Campingaz Icetime ...,529.00,N/A,N/A,En stock,Non,N/A
Lasolda,Maison,Glacière Et Distributeur D&...,199.00,N/A,N/A,En stock,Non,N/A
Lasolda,Maison,Glacière Marine Blanche 70L...,1.499,N/A,N/A,En stock,Non,N/A
Lasolda,Maison,Glacière Tatch à Roulettes ...,1.799,N/A,N/A,En stock,Non,N/A
Lasolda,Maison,Gourde Filtrante Active 0.6...,229.00,N/A,N/A,En stock,Non,N/A
Lasolda,Maison,Grille à Grillades barbecue...,269.00,N/A,N/A,En stock,Non,N/A
Lasolda,Maison,Grille A Saucisses BARBECOOK,159.00,N/A,N/A,En stock,Non,N/A
Lasolda,Maison,Grille Anti-flammes inox 34...,269.00,N/A,N/A,En stock,Non,N/A
Lasolda,Maison,Grille maintien au chaud 47...,249.00,N/A,N/A,En stock,Non,N/A
Lasolda,Maison,Kit de caméra AHD d’e...,1.699,N/A,N/A,En stock,Non,N/A
Lasolda,Maison,Kit Tournebroche Pour Barbe...,319.00,N/A,N/A,En stock,Non,N/A
Lasolda,Maison,Lampe anti-moustique électr...,299.00,N/A,N/A,En stock,Non,N/A
Lasolda,Maison,"Lampe De Poche , Pile, Ultr...",199.00,N/A,N/A,En stock,Non,N/A
Lasolda,Maison,Lampe De Poche Puissante Re...,99.00,N/A,N/A,En stock,Non,N/A
Lasolda,Maison,Lampe Piège anti-Moustique...,149.00,N/A,N/A,En stock,Non,N/A
Lasolda,Maison,Lampe Solaire Camping – 3 M...,199.00,N/A,N/A,En stock,Non,N/A
Lasolda,Maison,Lampe solaire détecteur de ...,99.00,149.00,34,En stock,Oui,N/A
Lasolda,Maison,Lampe Solaire Fonctionne Av...,189.00,N/A,N/A,En stock,Non,N/A
Lasolda,Maison,Lampe Torche Rechargeable U...,299.00,N/A,N/A,En stock,Non,N/A
Lasolda,Maison,LOT DE 100 BROCHETTES EN BA...,40.00,N/A,N/A,En stock,Non,N/A
Lasolda,Maison,Lot de 2 pains de glace 15&...,69.00,N/A,N/A,En stock,Non,N/A
Lasolda,Maison,Lot De 3 Accessoires Pour B...,179.00,N/A,N/A,En stock,Non,N/A
Lasolda,Maison,Lot De 6 brochettes En Inox...,99.00,N/A,N/A,En stock,Non,N/A
Lasolda,Maison,Lunch Box Scolaire – 2 Boît...,329.00,400.00,18,En stock,Oui,N/A
Lasolda,Maison,Machine barbe à papa pro i...,3.699,N/A,N/A,En stock,Non,N/A
Lasolda,Maison,Machine barbe à papa pro XL...,3.199,N/A,N/A,En stock,Non,N/A
Lasolda,Maison,Manchons Lampe À Gaz Taill...,139.00,N/A,N/A,En stock,Non,N/A
Lasolda,Maison,Mini Soudeuse pour sachets ...,59.00,N/A,N/A,En stock,Non,N/A
Lasolda,Maison,Mug pailleté 500ml inox – 4...,129.00,N/A,N/A,En stock,Non,N/A
Lasolda,Maison,Pack Barbecue A Charbon Por...,549.00,670.00,18,En stock,Oui,N/A
Lasolda,Maison,Pack Barbecue Pliable + Pin...,349.00,N/A,N/A,En stock,Non,N/A
Lasolda,Maison,Petit Barbecue à charbon P...,269.00,N/A,N/A,En stock,Non,N/A
Lasolda,Maison,Pilulier (Boîte memoire pri...,39.00,N/A,N/A,En stock,Non,N/A
Lasolda,Maison,Piscine gonflable enfants 1...,229.00,N/A,N/A,En stock,Non,N/A
Lasolda,Maison,Piscine Gonflable Rectangul...,599.00,699.00,14,En stock,Oui,N/A
Lasolda,Maison,Plancha à Gaz CAMPO 2.0 CÉ...,2.299,N/A,N/A,En stock,Non,N/A
Lasolda,Maison,Planche a découper en bambo...,389.00,N/A,N/A,En stock,Non,N/A
Lasolda,Maison,Plaque à Grillades En Marbr...,259.00,N/A,N/A,En stock,Non,N/A
Lasolda,Maison,Plaque cuisson universelle ...,649.00,N/A,N/A,En stock,Non,N/A
Lasolda,Maison,Pompe À Eau Manuel,49.00,N/A,N/A,En stock,Non,N/A
Lasolda,Maison,"Porte Manger Electrique , l...",179.00,199.00,10,En stock,Oui,N/A
Lasolda,Maison,"Porte Manger Inox , Lunch B...",149.00,N/A,N/A,En stock,Non,N/A
Lasolda,Maison,Pouf d’intérieur Micro-bill...,599.00,N/A,N/A,En stock,Non,N/A
Lasolda,Maison,Présentoir A Brochettes,249.00,N/A,N/A,En stock,Non,N/A
Lasolda,Maison,Prise répulsif anti-rongeur...,199.00,N/A,N/A,En stock,Non,N/A
Lasolda,Maison,Projecteur Solaire Avec Dé...,159.00,N/A,N/A,En stock,Non,N/A
Lasolda,Maison,Pulvérisateur Manuel Sous P...,199.00,N/A,N/A,En stock,Non,N/A
Lasolda,Maison,Raquette Tue Moustiques Ele...,219.00,N/A,N/A,En stock,Non,N/A
Lasolda,Maison,Réchaud à Gaz Portatif Pour...,259.00,N/A,N/A,En stock,Non,N/A
Lasolda,Maison,Régulateur De Gaz Butane,269.00,N/A,N/A,En stock,Non,N/A
Lasolda,Maison,Sac De Course 4 Roues Rolse...,469.00,N/A,N/A,En stock,Non,N/A
Lasolda,Maison,Sac Organisateur Pliable (...,189.00,300.00,37,En stock,Oui,N/A
Lasolda,Maison,Sac Porte Manger Isotherme,119.00,N/A,N/A,En stock,Non,N/A
Lasolda,Maison,Sèche Linge En Plastique Bl...,329.00,N/A,N/A,En stock,Non,N/A
Lasolda,Maison,Sèche Linge Étendoir Pliabl...,229.00,N/A,N/A,En stock,Non,N/A
Lasolda,Maison,Sèche Linge Multifonctionne...,299.00,N/A,N/A,En stock,Non,N/A
Lasolda,Maison,Tableau blanc magnétique 60...,399.00,N/A,N/A,En stock,Non,N/A
Lasolda,Maison,Tentes De Camping Pour 4 Pe...,349.00,N/A,N/A,En stock,Non,N/A
Lasolda,Maison,Thermos Bouteille Isotherme...,139.00,N/A,N/A,En stock,Non,N/A
Lasolda,Maison,Thermos intelligent inox 42...,129.00,N/A,N/A,En stock,Non,N/A
Lasolda,Maison,Tuyau Magique Extensible Vu...,139.00,N/A,N/A,En stock,Non,N/A
Lasolda,Maison,Tuyau Magique Extensible Vu...,149.00,N/A,N/A,En stock,Non,N/A
Lasolda,Maison,Tuyau Magique Extensible Vu...,179.00,N/A,N/A,En stock,Non,N/A
Lasolda,Maison,Tuyau Magique Extensible Vu...,199.00,N/A,N/A,En stock,Non,N/A
Lasolda,Maison,Ventilateur Manuel Pour Bar...,49.00,N/A,N/A,En stock,Non,N/A
Lasolda,Maison,Chariot Présentoir Multifon...,599.00,N/A,N/A,En stock,Non,N/A
Lasolda,Maison,Étagère de rangement rotati...,179.00,N/A,N/A,En stock,Non,N/A
Lasolda,Maison,Penderie Porte-Manteau Doub...,299.00,N/A,N/A,En stock,Non,N/A
Lasolda,Maison,Armoire de rangement dress...,499.00,N/A,N/A,En stock,Non,N/A
Lasolda,Maison,Rangement Chaussures 2 espa...,299.00,N/A,N/A,En stock,Non,N/A
Lasolda,Maison,Organisateur De Maquillage ...,179.00,N/A,N/A,En stock,Non,N/A
Lasolda,Maison,Lot De 2 sacs de rangement ...,99.00,N/A,N/A,En stock,Non,N/A
Lasolda,Maison,Porte-balai mural 5 emplace...,149.00,199.00,25,En stock,Oui,N/A
Lasolda,Maison,Armoire De Rangement Avec P...,329.00,399.00,18,En stock,Oui,N/A
Lasolda,Maison,Étagère rangement à suspend...,199.00,N/A,N/A,En stock,Non,N/A
Lasolda,Maison,Organiseur de vos objets po...,99.00,N/A,N/A,En stock,Non,N/A
Lasolda,Maison,Armoire De Rangement Bleu 6...,289.00,N/A,N/A,En stock,Non,N/A
Lasolda,Maison,Armoire De Rangement Marron...,279.00,N/A,N/A,En stock,Non,N/A
Lasolda,Maison,Armoire Rangement D’A...,399.00,N/A,N/A,En stock,Non,N/A
Lasolda,Maison,Barre Penderie Murale Multi...,159.00,189.00,16,En stock,Oui,N/A
Lasolda,Maison,Boîte de maquillage avec mi...,259.00,N/A,N/A,En stock,Non,N/A
Lasolda,Maison,Boite De Rangement Bijoux E...,459.00,600.00,24,En stock,Oui,N/A
Lasolda,Maison,Boite De Rangement Maquilla...,189.00,199.00,5,En stock,Oui,N/A
Lasolda,Maison,Boîte Multi Rangements En T...,99.00,149.00,34,En stock,Oui,N/A
Lasolda,Maison,desserte cuisine roulettes ...,349.00,N/A,N/A,En stock,Non,N/A
Lasolda,Maison,Égouttoir à Vaisselle Cuisi...,179.00,N/A,N/A,En stock,Non,N/A
Lasolda,Maison,Étagère à Chaussures “...,219.00,N/A,N/A,En stock,Non,N/A
Lasolda,Maison,Étagère De Rangement À Épic...,239.00,N/A,N/A,En stock,Non,N/A
Lasolda,Maison,"Étagère Salle De Bain , Gai...",279.00,299.00,7,En stock,Oui,N/A
Lasolda,Maison,Étagères Ajustables pour Ar...,199.00,N/A,N/A,En stock,Non,N/A
Lasolda,Maison,Housse rangement chaussures...,179.00,N/A,N/A,En stock,Non,N/A
Lasolda,Maison,Levier pour meubles –...,199.00,249.00,20,En stock,Oui,N/A
Lasolda,Maison,Lot 2 Sacs De Rangement Sou...,169.00,N/A,N/A,En stock,Non,N/A
Lasolda,Maison,Lot De 10 Cintres noir pour...,99.00,N/A,N/A,En stock,Non,N/A
Lasolda,Maison,Lot De 20 Sachets De Congél...,25.00,N/A,N/A,En stock,Non,N/A
Lasolda,Maison,Organisateur maquillage 360°,199.00,N/A,N/A,En stock,Non,N/A
Lasolda,Maison,Organisateur Sous-Vêtement ...,99.00,N/A,N/A,En stock,Non,N/A
Lasolda,Maison,Patère Mural 5 Crochets En ...,129.00,N/A,N/A,En stock,Non,N/A
Lasolda,Maison,"Patins anti-bruit, blocage...",179.00,199.00,10,En stock,Oui,N/A
Lasolda,Maison,Penderie Porte Manteau Simp...,299.00,500.00,40,En stock,Oui,N/A
Lasolda,Maison,Porte Manteaux Et Pantalons,449.00,499.00,10,En stock,Oui,N/A
Lasolda,Maison,Porte Maquillage Crayons &#...,179.00,N/A,N/A,En stock,Non,N/A
Lasolda,Maison,Présentoir Rangement Maquil...,119.00,N/A,N/A,En stock,Non,N/A
Lasolda,Maison,Range chaussures 12 paires ...,79.00,149.00,47,En stock,Oui,N/A
Lasolda,Maison,Range-Chaussures De Porte N...,499.00,N/A,N/A,En stock,Non,N/A
Lasolda,Maison,Rangement A Épices Rotatif ...,169.00,199.00,15,En stock,Oui,N/A
Lasolda,Maison,Rangement de chaussures ou ...,139.00,N/A,N/A,En stock,Non,N/A
Lasolda,Maison,Rangement Organiseur Pour D...,199.00,N/A,N/A,En stock,Non,N/A
Lasolda,Maison,Rangement suspendu pour por...,189.00,N/A,N/A,En stock,Non,N/A
Lasolda,Maison,Sac De Rangement Souple Sou...,359.00,N/A,N/A,En stock,Non,N/A
Lasolda,Maison,Sac De Rangement Souple Sou...,419.00,N/A,N/A,En stock,Non,N/A
Lasolda,Maison,Sac de rangement sous vide ...,169.00,N/A,N/A,En stock,Non,N/A
Lasolda,Maison,Scotch ultra-adhérent doubl...,199.00,N/A,N/A,En stock,Non,N/A
Lasolda,Maison,Table pliante camping alumi...,299.00,N/A,N/A,En stock,Non,N/A
Lasolda,Maison,Tiroir Rangement Vêtements ...,49.00,N/A,N/A,En stock,Non,N/A
Lasolda,Maison,Trousse Suspendue Voyage – ...,149.00,N/A,N/A,En stock,Non,N/A
Lasolda,Beauté & Sport,Défroisseur Vapeur 1400W à ...,399.00,N/A,N/A,En stock,Non,N/A
Lasolda,Beauté & Sport,Aspirateur points noirs rec...,179.00,299.00,40,En stock,Oui,N/A
Lasolda,Beauté & Sport,Short Rembourrée Fesses Eff...,189.00,199.00,5,En stock,Oui,N/A
Lasolda,Beauté & Sport,Brosse pour visage et pieds...,119.00,N/A,N/A,En stock,Non,N/A
Lasolda,Beauté & Sport,Nettoyeur UltraSonic purifi...,249.00,399.00,38,En stock,Oui,N/A
Lasolda,Beauté & Sport,Set De 2 Mini Valises Vanit...,329.00,N/A,N/A,En stock,Non,N/A
Lasolda,Beauté & Sport,Gaine Corset minceur,199.00,N/A,N/A,En stock,Non,N/A
Lasolda,Beauté & Sport,Sèche Cheveux pliable 1600w...,289.00,299.00,3,En stock,Oui,N/A
Lasolda,Beauté & Sport,Appareil Sèche Vernis Ongle...,179.00,N/A,N/A,En stock,Non,N/A
Lasolda,Beauté & Sport,Culotte Rehausseur Des Fess...,139.00,200.00,31,En stock,Oui,N/A
Lasolda,Beauté & Sport,Coussin De Siège Orthopédiq...,399.00,N/A,N/A,En stock,Non,N/A
Lasolda,Beauté & Sport,Boucleur Tornado Pour Sèche...,149.00,N/A,N/A,En stock,Non,N/A
Lasolda,Beauté & Sport,Pinceau à Talc Pour la Barbe,49.00,N/A,N/A,En stock,Non,N/A
Lasolda,Beauté & Sport,Pack Kératine & Collage...,379.00,N/A,N/A,En stock,Non,N/A
Lasolda,Beauté & Sport,Fer à boucler Babyliss Sens...,509.00,N/A,N/A,En stock,Non,N/A
Lasolda,Beauté & Sport,Brosse soufflante Volume &#...,619.00,N/A,N/A,En stock,Non,N/A
Lasolda,Beauté & Sport,Spray KERA-Protein Demeliss...,199.00,N/A,N/A,En stock,Non,N/A
Lasolda,Beauté & Sport,Sèche Cheveux Professionnel...,229.00,N/A,N/A,En stock,Non,N/A
Lasolda,Beauté & Sport,Brosse Nettoyante Pour Le V...,99.00,N/A,N/A,En stock,Non,N/A
Lasolda,Beauté & Sport,Lot 2 Gommages désincrustan...,199.00,N/A,N/A,En stock,Non,N/A
Lasolda,Beauté & Sport,Éponges Rondes A Démaquille...,29.00,N/A,N/A,En stock,Non,N/A
Lasolda,Beauté & Sport,Sérum blanchissant Vitamine...,169.00,N/A,N/A,En stock,Non,N/A
Lasolda,Beauté & Sport,Régénérateur Yeux Anti-Cern...,429.00,N/A,N/A,En stock,Non,N/A
Lasolda,Beauté & Sport,Pack Éponge En silicone Mu...,99.00,149.00,34,En stock,Oui,N/A
Lasolda,Beauté & Sport,Bande Élastique Pour Exerci...,169.00,N/A,N/A,En stock,Non,N/A
Lasolda,Beauté & Sport,Musculation : Poignées pomp...,159.00,N/A,N/A,En stock,Non,N/A
Lasolda,Beauté & Sport,Soutien de Dos,119.00,N/A,N/A,En stock,Non,N/A
Lasolda,Beauté & Sport,Roulette Abdos Et Musculati...,99.00,N/A,N/A,En stock,Non,N/A
Lasolda,Beauté & Sport,Chevillère de compression m...,119.00,N/A,N/A,En stock,Non,N/A
Lasolda,Beauté & Sport,Gaine Ceinture Amincissante...,149.00,N/A,N/A,En stock,Non,N/A
Lasolda,Beauté & Sport,Pèse Personne Mécanique Design,199.00,N/A,N/A,En stock,Non,N/A
Lasolda,Beauté & Sport,Roulette abdos Perfect AB C...,239.00,N/A,N/A,En stock,Non,N/A
Lasolda,Beauté & Sport,5 Bandes de résistance élas...,149.00,N/A,N/A,En stock,Non,N/A
Lasolda,Beauté & Sport,"Balance , Pèse Personne Imp...",229.00,300.00,24,En stock,Oui,N/A
Lasolda,Beauté & Sport,Support Bague Pour Vernis,29.00,69.00,58,En stock,Oui,N/A
Lasolda,Beauté & Sport,Blanchisseur de dents Luma ...,89.00,N/A,N/A,En stock,Non,N/A
Lasolda,Beauté & Sport,3 en 1 Pulvérisateur humidi...,259.00,N/A,N/A,En stock,Non,N/A
Lasolda,Beauté & Sport,Coussin Lombaire Noir,399.00,N/A,N/A,En stock,Non,N/A
Lasolda,Beauté & Sport,Pack Soin et Nettoyage Bro...,499.00,739.00,32,En stock,Oui,N/A
Lasolda,Beauté & Sport,Set De 2 Flacons De Voyage ...,29.00,N/A,N/A,En stock,Non,N/A
Lasolda,Beauté & Sport,Chariot Professionnel Coiff...,599.00,N/A,N/A,En stock,Non,N/A
Lasolda,Beauté & Sport,Pack bébé Bio : Eau parfumé...,299.00,N/A,N/A,En stock,Non,N/A
Lasolda,Beauté & Sport,3 Bracelets A Gel Idéal Pou...,159.00,N/A,N/A,En stock,Non,N/A
Lasolda,Beauté & Sport,Brosse Nettoyante Visage Ma...,19.00,N/A,N/A,En stock,Non,N/A
Lasolda,Beauté & Sport,Pèse Personne Mécanique,249.00,N/A,N/A,En stock,Non,N/A
Lasolda,Beauté & Sport,Pulvérisateur Injecteur D&#...,399.00,500.00,20,En stock,Oui,N/A
Lasolda,Beauté & Sport,2 Étuis Brassard / Bande Ac...,149.00,N/A,N/A,En stock,Non,N/A
Lasolda,Beauté & Sport,2 Paires Silicone Protéger ...,139.00,N/A,N/A,En stock,Non,N/A
Lasolda,Beauté & Sport,ADS BEAUTY 2 En 1 – 1...,99.00,N/A,N/A,En stock,Non,N/A
Lasolda,Beauté & Sport,ALMOHAJAB Sérum Cheveux 50m...,259.00,N/A,N/A,En stock,Non,N/A
Lasolda,Beauté & Sport,Anti-cernes yeux bouffis – ...,79.00,N/A,N/A,En stock,Non,N/A
Lasolda,Beauté & Sport,Appareil Anti Callosités Pi...,229.00,N/A,N/A,En stock,Non,N/A
Lasolda,Beauté & Sport,Appareil Anti-Ronflements,99.00,N/A,N/A,En stock,Non,N/A
Lasolda,Beauté & Sport,Appareil De Massage Anti-Ce...,1.099,N/A,N/A,En stock,Non,N/A
Lasolda,Beauté & Sport,Appareil de Massage Corpore...,229.00,N/A,N/A,En stock,Non,N/A
Lasolda,Beauté & Sport,Appareil de massage pour so...,349.00,N/A,N/A,En stock,Non,N/A
Lasolda,Beauté & Sport,Appareil de musculation abd...,249.00,499.00,50,En stock,Oui,N/A
Lasolda,Beauté & Sport,Appareil Manucure et pédicure,139.00,N/A,N/A,En stock,Non,N/A
Lasolda,Beauté & Sport,Appareil massage cervical &...,269.00,N/A,N/A,En stock,Non,N/A
Lasolda,Beauté & Sport,Appareil Réchauffeur De La ...,499.00,N/A,N/A,En stock,Non,N/A
Lasolda,Beauté & Sport,Appareil Sèche Vernis Ongle...,299.00,N/A,N/A,En stock,Non,N/A
Lasolda,Beauté & Sport,Aspirateur point noir Visage,389.00,N/A,N/A,En stock,Non,N/A
Lasolda,Beauté & Sport,Aspirateur points noirs + D...,489.00,599.00,18,En stock,Oui,N/A
Lasolda,Beauté & Sport,BALLON FITNESS ADULTE 65 CM,169.00,190.00,11,En stock,Oui,N/A
Lasolda,Beauté & Sport,Bande Lifting Visage V-FACE,189.00,300.00,37,En stock,Oui,N/A
Lasolda,Beauté & Sport,Blush Liquide Joues Et Lèvres,99.00,N/A,N/A,En stock,Non,N/A
Lasolda,Beauté & Sport,Boite Accessoire et Maquillage,189.00,370.00,49,En stock,Oui,N/A
Lasolda,Beauté & Sport,Boite De Rangement Maquilla...,209.00,N/A,N/A,En stock,Non,N/A
Lasolda,Beauté & Sport,Boîte maquillage 3 comparti...,159.00,N/A,N/A,En stock,Non,N/A
Lasolda,Beauté & Sport,Boucleur Sans Fil Portable...,329.00,469.00,30,En stock,Oui,N/A
Lasolda,Beauté & Sport,Boule éponge,29.00,49.00,41,En stock,Oui,N/A
Lasolda,Beauté & Sport,Braun Series 3 Rasoir élect...,849.00,N/A,N/A,En stock,Non,N/A
Lasolda,Beauté & Sport,Brosse à Cheveux électrique...,269.00,N/A,N/A,En stock,Non,N/A
Lasolda,Beauté & Sport,Brosse Brushing Ronde Céram...,199.00,N/A,N/A,En stock,Non,N/A
Lasolda,Beauté & Sport,Brosse Chauffante Lissante ...,269.00,N/A,N/A,En stock,Non,N/A
Lasolda,Beauté & Sport,Brosse De Maquillage,49.00,N/A,N/A,En stock,Non,N/A
Lasolda,Beauté & Sport,Brosse électrique Lissante ...,189.00,N/A,N/A,En stock,Non,N/A
Lasolda,Beauté & Sport,Brosse Fillette PRINCESSE LILI,69.00,N/A,N/A,En stock,Non,N/A
Lasolda,Beauté & Sport,Brosse Lissante DEMELISS PR...,799.00,N/A,N/A,En stock,Non,N/A
Lasolda,Beauté & Sport,Brosse Lissante Et Chauffan...,249.00,N/A,N/A,En stock,Non,N/A
Lasolda,Beauté & Sport,Brosse Lissante Homme – Ant...,189.00,219.00,14,En stock,Oui,N/A
Lasolda,Beauté & Sport,Brosse lisseur à vapeur &#...,399.00,650.00,39,En stock,Oui,N/A
Lasolda,Beauté & Sport,Brosse Masseur Vibrante – A...,99.00,N/A,N/A,En stock,Non,N/A
Lasolda,Beauté & Sport,Brosse nettoyante exfoliant...,149.00,169.00,12,En stock,Oui,N/A
Lasolda,Beauté & Sport,Brosse Peigne Chauffant A C...,199.00,300.00,34,En stock,Oui,N/A
Lasolda,Beauté & Sport,Brosse ronde pro Picots Mix...,149.00,N/A,N/A,En stock,Non,N/A
Lasolda,Beauté & Sport,Brosse Soufflante à Air ch...,269.00,N/A,N/A,En stock,Non,N/A
Lasolda,Beauté & Sport,Brosse Soufflante A Vapeur ...,369.00,500.00,26,En stock,Oui,N/A
Lasolda,Beauté & Sport,Brosse Soufflante Rotative ...,399.00,N/A,N/A,En stock,Non,N/A
Lasolda,Beauté & Sport,Brosse visage en silicone 3...,59.00,N/A,N/A,En stock,Non,N/A
Lasolda,Beauté & Sport,Brosse visage triangulaire ...,199.00,N/A,N/A,En stock,Non,N/A
Lasolda,Beauté & Sport,Capiderm Anti chute et soin...,312.00,N/A,N/A,En stock,Non,N/A
Lasolda,Beauté & Sport,Ceinture de soutien dorsale...,249.00,N/A,N/A,En stock,Non,N/A
Lasolda,Beauté & Sport,Ceinture lombaire COPPER FI...,269.00,N/A,N/A,En stock,Non,N/A
Lasolda,Beauté & Sport,Ceinture minceur effet saun...,159.00,N/A,N/A,En stock,Non,N/A
Lasolda,Beauté & Sport,Chaussettes Confortable En ...,99.00,N/A,N/A,En stock,Non,N/A
Lasolda,Beauté & Sport,Chaussettes soin pieds anti...,169.00,N/A,N/A,En stock,Non,N/A
Lasolda,Beauté & Sport,Chevillères Soutien de la C...,149.00,199.00,25,En stock,Oui,N/A
Lasolda,Beauté & Sport,Coffret Beauté :Aspirateur ...,329.00,368.00,11,En stock,Oui,N/A
Lasolda,Beauté & Sport,Coffret Beauté :Aspirateur ...,439.00,558.00,21,En stock,Oui,N/A
Lasolda,Beauté & Sport,Coffret Kit finition barbe ...,349.00,399.00,13,En stock,Oui,N/A
Lasolda,Beauté & Sport,Collant Fantaisie Femme 20D...,129.00,N/A,N/A,En stock,Non,N/A
Lasolda,Beauté & Sport,Collier cervical magnétique...,89.00,199.00,55,En stock,Oui,N/A
Lasolda,Beauté & Sport,Correcteur posture dos régl...,149.00,199.00,25,En stock,Oui,N/A
Lasolda,Beauté & Sport,Correcteur stick EASY CONCE...,129.00,N/A,N/A,En stock,Non,N/A
Lasolda,Beauté & Sport,Coussin Avion Vibrant,149.00,N/A,N/A,En stock,Non,N/A
Lasolda,Beauté & Sport,Coussin Médical pour le Sou...,249.00,N/A,N/A,En stock,Non,N/A
Lasolda,Beauté & Sport,Coussin Orthopédique Soulag...,199.00,279.00,29,En stock,Oui,N/A
Lasolda,Beauté & Sport,Crayon sourcils waterproof ...,99.00,N/A,N/A,En stock,Non,N/A
Lasolda,Beauté & Sport,Culotte Amincissante Taille...,129.00,N/A,N/A,En stock,Non,N/A
Lasolda,Beauté & Sport,Débardeur De Sudation Pour ...,169.00,N/A,N/A,En stock,Non,N/A
Lasolda,Beauté & Sport,Déodorant à la Pierre DR...,79.00,N/A,N/A,En stock,Non,N/A
Lasolda,Beauté & Sport,Dissolvant Pompe Acétone Pa...,69.00,N/A,N/A,En stock,Non,N/A
Lasolda,Beauté & Sport,Double Miroir Pliant Grossi...,179.00,N/A,N/A,En stock,Non,N/A
Lasolda,Beauté & Sport,Ensemble Coupe Ongle + Lime...,149.00,N/A,N/A,En stock,Non,N/A
Lasolda,Beauté & Sport,Ensemble Short + Ceinture D...,169.00,N/A,N/A,En stock,Non,N/A
Lasolda,Beauté & Sport,Épilateur Electrique Au Fil...,179.00,N/A,N/A,En stock,Non,N/A
Lasolda,Beauté & Sport,Épilateur électrique FAPA 7...,149.00,N/A,N/A,En stock,Non,N/A
Lasolda,Beauté & Sport,épilateur Lumière Pulsée IP...,619.00,789.00,22,En stock,Oui,N/A
Lasolda,Beauté & Sport,Éponge en silicone Multifon...,29.00,70.00,59,En stock,Oui,N/A
Lasolda,Beauté & Sport,Fer à Boucler Automatique R...,469.00,N/A,N/A,En stock,Non,N/A
Lasolda,Beauté & Sport,Fer à boucler Babyliss Gold...,399.00,N/A,N/A,En stock,Non,N/A
Lasolda,Beauté & Sport,Fer à boucler Babyliss Oval...,439.00,N/A,N/A,En stock,Non,N/A
Lasolda,Beauté & Sport,Fer à Boucler en Céramique ...,399.00,N/A,N/A,En stock,Non,N/A
Lasolda,Beauté & Sport,Fer À Lisser Plaque Cheveu...,189.00,N/A,N/A,En stock,Non,N/A
Lasolda,Beauté & Sport,Fer À Lisser Plaque Cheveu...,199.00,N/A,N/A,En stock,Non,N/A
Lasolda,Beauté & Sport,Fer à lisser ROZIA,319.00,400.00,20,En stock,Oui,N/A
Lasolda,Beauté & Sport,Flacon Voyage 3 Pièces 60ml...,49.00,N/A,N/A,En stock,Non,N/A
Lasolda,Beauté & Sport,Fleur De Douche,89.00,N/A,N/A,En stock,Non,N/A
Lasolda,Beauté & Sport,Gaine amincissante Salopett...,199.00,N/A,N/A,En stock,Non,N/A
Lasolda,Beauté & Sport,Gaine De Corps Minceur Au F...,199.00,N/A,N/A,En stock,Non,N/A
Lasolda,Beauté & Sport,Gants tactiles pour écran s...,149.00,N/A,N/A,En stock,Non,N/A
Lasolda,Beauté & Sport,Genouillère Avec Thérapie M...,79.00,N/A,N/A,En stock,Non,N/A
Lasolda,Beauté & Sport,Genouillères De Compression,159.00,N/A,N/A,En stock,Non,N/A
Lasolda,Beauté & Sport,Gloss Sans Paillettes ̵...,109.00,N/A,N/A,En stock,Non,N/A
Lasolda,Beauté & Sport,Haltères Nordic Swing : Poi...,179.00,N/A,N/A,En stock,Non,N/A
Lasolda,Beauté & Sport,Huile Argan Alimentaire Aro...,349.00,N/A,N/A,En stock,Non,N/A
Lasolda,Beauté & Sport,Huile D’olive à La Ve...,112.00,N/A,N/A,En stock,Non,N/A
Lasolda,Beauté & Sport,Huile De Massage Relaxante ...,156.00,N/A,N/A,En stock,Non,N/A
Lasolda,Beauté & Sport,Ice Globe – Boules De...,169.00,N/A,N/A,En stock,Non,N/A
Lasolda,Beauté & Sport,Kiss Beauty Fixateur De Maq...,129.00,N/A,N/A,En stock,Non,N/A
Lasolda,Beauté & Sport,Kit de bain enfants Lili Ca...,299.00,N/A,N/A,En stock,Non,N/A
Lasolda,Beauté & Sport,Kit De Coiffure 5 pièces,99.00,N/A,N/A,En stock,Non,N/A
Lasolda,Beauté & Sport,Kit De Rasoirs Pour Sourcil...,39.00,N/A,N/A,En stock,Non,N/A
Lasolda,Beauté & Sport,Kit De soins Lili Care : Râ...,299.00,N/A,N/A,En stock,Non,N/A
Lasolda,Beauté & Sport,Kit Manucure Voyage The BAR...,159.00,N/A,N/A,En stock,Non,N/A
Lasolda,Beauté & Sport,Kit Nettoyage Visage,79.00,149.00,47,En stock,Oui,N/A
Lasolda,Beauté & Sport,Kit Oriental Rassoul,220.00,N/A,N/A,En stock,Non,N/A
Lasolda,Beauté & Sport,Kit soins Mains/Pieds : Set...,249.00,N/A,N/A,En stock,Non,N/A
Lasolda,Beauté & Sport,Kit visage : aspirateur poi...,459.00,599.00,23,En stock,Oui,N/A
Lasolda,Beauté & Sport,L’indispensable : Cou...,209.00,N/A,N/A,En stock,Non,N/A
Lasolda,Beauté & Sport,Lime ponceuse à ongles élec...,159.00,N/A,N/A,En stock,Non,N/A
Lasolda,Beauté & Sport,Lip Plumper – Rend Le...,89.00,179.00,50,En stock,Oui,N/A
Lasolda,Beauté & Sport,Lisseur à cheveux Plaques C...,299.00,399.00,25,En stock,Oui,N/A
Lasolda,Beauté & Sport,Lisseur Cheveux Céramique A...,159.00,N/A,N/A,En stock,Non,N/A
Lasolda,Beauté & Sport,Lisseur Pour Cheveux Profes...,149.00,N/A,N/A,En stock,Non,N/A
Lasolda,Beauté & Sport,Lisseur vapeur Demeliss TIT...,1.399,N/A,N/A,En stock,Non,N/A
Lasolda,Beauté & Sport,Lisseur Vapeur Infrarouge –...,1.399,N/A,N/A,En stock,Non,N/A
Lasolda,Beauté & Sport,Lot 2 Gels Sourcils Waterpr...,99.00,N/A,N/A,En stock,Non,N/A
Lasolda,Beauté & Sport,Lot De 2 Cordes à Sauter po...,59.00,N/A,N/A,En stock,Non,N/A
Lasolda,Beauté & Sport,Lot De 2 Petits Miroirs De ...,99.00,N/A,N/A,En stock,Non,N/A
Lasolda,Beauté & Sport,Lot De 4 Éponges Beauty Ble...,99.00,N/A,N/A,En stock,Non,N/A
Lasolda,Beauté & Sport,Lot De 6 Gloss Matte –...,229.00,N/A,N/A,En stock,Non,N/A
Lasolda,Beauté & Sport,Maintien Du Dos: Correcteur...,269.00,N/A,N/A,En stock,Non,N/A
Lasolda,Beauté & Sport,Mallette petite valise maqu...,299.00,N/A,N/A,En stock,Non,N/A
Lasolda,Beauté & Sport,Manucure : Appareil de pose...,129.00,N/A,N/A,En stock,Non,N/A
Lasolda,Beauté & Sport,Mascara volume lash Waterp...,49.00,149.00,67,En stock,Oui,N/A
Lasolda,Beauté & Sport,Masque Visière De Protectio...,99.00,N/A,N/A,En stock,Non,N/A
Lasolda,Beauté & Sport,Masseur De Tête Electrique ...,199.00,249.00,20,En stock,Oui,N/A
Lasolda,Beauté & Sport,Minerve Cervical et Cou,129.00,N/A,N/A,En stock,Non,N/A
Lasolda,Beauté & Sport,Mini Épilateur Electrique P...,129.00,N/A,N/A,En stock,Non,N/A
Lasolda,Beauté & Sport,Mini pulvérisateur portatif...,159.00,N/A,N/A,En stock,Non,N/A
Lasolda,Beauté & Sport,Mini Stylo Laser Anti-Rides...,199.00,229.00,13,En stock,Oui,N/A
Lasolda,Beauté & Sport,Miroir De Maquillage Led Ro...,89.00,99.00,10,En stock,Oui,N/A
Lasolda,Beauté & Sport,Miroir Effet Bois – E...,169.00,N/A,N/A,En stock,Non,N/A
Lasolda,Beauté & Sport,Nettoyeur D’oreille E...,99.00,N/A,N/A,En stock,Non,N/A
Lasolda,Beauté & Sport,Organics Hair Mayonnaise,119.00,200.00,40,En stock,Oui,N/A
Lasolda,Beauté & Sport,Organisateur maquillage en ...,79.00,N/A,N/A,En stock,Non,N/A
Lasolda,Beauté & Sport,Oxymétre: Mesure du taux d&...,219.00,499.00,56,En stock,Oui,N/A
Lasolda,Beauté & Sport,Pack Appareil Chauffe-cire ...,329.00,N/A,N/A,En stock,Non,N/A
Lasolda,Beauté & Sport,Pack beauté : Brosses Count...,149.00,N/A,N/A,En stock,Non,N/A
Lasolda,Beauté & Sport,Pack beauté :Appareil à vap...,449.00,599.00,25,En stock,Oui,N/A
Lasolda,Beauté & Sport,Pack Beauté Brosse De Visag...,219.00,379.00,42,En stock,Oui,N/A
Lasolda,Beauté & Sport,Pack Bébé: Eau Fraîche parf...,299.00,N/A,N/A,En stock,Non,N/A
Lasolda,Beauté & Sport,Pack Huile de Coco : shampo...,379.00,N/A,N/A,En stock,Non,N/A
Lasolda,Beauté & Sport,Pack Sérum protecteur &...,249.00,N/A,N/A,En stock,Non,N/A
Lasolda,Beauté & Sport,Paire semelles talon silico...,149.00,N/A,N/A,En stock,Non,N/A
Lasolda,Beauté & Sport,Palette D’ombres À Pa...,199.00,N/A,N/A,En stock,Non,N/A
Lasolda,Beauté & Sport,Palette De Fards à Paupière...,139.00,149.00,7,En stock,Oui,N/A
Lasolda,Beauté & Sport,Panty minceur,129.00,N/A,N/A,En stock,Non,N/A
Lasolda,Beauté & Sport,Peigne à poux électrique sa...,299.00,N/A,N/A,En stock,Non,N/A
Lasolda,Beauté & Sport,Peigne Fillette PRINCESSE ...,40.00,N/A,N/A,En stock,Non,N/A
Lasolda,Beauté & Sport,Pèse Personne Electronique,219.00,N/A,N/A,En stock,Non,N/A
Lasolda,Beauté & Sport,Pèse Personne Mécanique Pro,499.00,N/A,N/A,En stock,Non,N/A
Lasolda,Beauté & Sport,Pèse Personne Mécanique 3D,229.00,N/A,N/A,En stock,Non,N/A
Lasolda,Beauté & Sport,Petit Pinceaux De Maquillage,39.00,N/A,N/A,En stock,Non,N/A
Lasolda,Beauté & Sport,Pince à épiler Inoxydable,69.00,N/A,N/A,En stock,Non,N/A
Lasolda,Beauté & Sport,Pinceau Éponge,109.00,N/A,N/A,En stock,Non,N/A
Lasolda,Beauté & Sport,Pinceau Hello Kitty 10 Pièces,99.00,N/A,N/A,En stock,Non,N/A
Lasolda,Beauté & Sport,Pinceaux de Maquillage 15 P...,199.00,N/A,N/A,En stock,Non,N/A
Lasolda,Beauté & Sport,"Pinces Grosse Résistance , ...",69.00,N/A,N/A,En stock,Non,N/A
Lasolda,Beauté & Sport,Pistolet massage musculaire...,499.00,699.00,29,En stock,Oui,N/A
Lasolda,Beauté & Sport,Pommeau De Douche 3 Position,149.00,N/A,N/A,En stock,Non,N/A
Lasolda,Beauté & Sport,Ponceuse A Ongles Professio...,399.00,N/A,N/A,En stock,Non,N/A
Lasolda,Beauté & Sport,Professionnelle Manucure Et...,154.00,N/A,N/A,En stock,Non,N/A
Lasolda,Beauté & Sport,Range Bijoux Pivotant + Por...,249.00,N/A,N/A,En stock,Non,N/A
Lasolda,Beauté & Sport,Rangement Pinceaux Et Coton...,99.00,N/A,N/A,En stock,Non,N/A
Lasolda,Beauté & Sport,Râpe Pied Double Face Anti-...,49.00,N/A,N/A,En stock,Non,N/A
Lasolda,Beauté & Sport,Rasoir électrique 5 en 1,329.00,N/A,N/A,En stock,Non,N/A
Lasolda,Beauté & Sport,Rasoir Électrique Homme HTC...,299.00,329.00,9,En stock,Oui,N/A
Lasolda,Beauté & Sport,Rasoir Et Épilateur Electri...,159.00,N/A,N/A,En stock,Non,N/A
Lasolda,Beauté & Sport,Recourbe Cils Chauffant Éle...,229.00,N/A,N/A,En stock,Non,N/A
Lasolda,Beauté & Sport,Régula – Règles doulo...,241.00,N/A,N/A,En stock,Non,N/A
Lasolda,Beauté & Sport,Revoflex Xtreme Appareil de...,189.00,N/A,N/A,En stock,Non,N/A
Lasolda,Beauté & Sport,Rouge à lèvres COLOR &...,109.00,N/A,N/A,En stock,Non,N/A
Lasolda,Beauté & Sport,Roulette abdos pour exercic...,199.00,N/A,N/A,En stock,Non,N/A
Lasolda,Beauté & Sport,Sauna Belt Ceinture minceur,149.00,N/A,N/A,En stock,Non,N/A
Lasolda,Beauté & Sport,Savon Artisanal A Huile D’A...,45.00,60.00,25,En stock,Oui,N/A
Lasolda,Beauté & Sport,Savon Artisanal A La Rose,45.00,60.00,25,En stock,Oui,N/A
Lasolda,Beauté & Sport,Savon d’Alep L’...,65.00,N/A,N/A,En stock,Non,N/A
Lasolda,Beauté & Sport,Savon D’alep Deluxe Liquide...,89.00,N/A,N/A,En stock,Non,N/A
Lasolda,Beauté & Sport,Savon En Collagène Naturell...,99.00,N/A,N/A,En stock,Non,N/A
Lasolda,Beauté & Sport,Sèche Cheveux 1800w Gemei,189.00,N/A,N/A,En stock,Non,N/A
Lasolda,Beauté & Sport,Sèche Cheveux De Voyage Pli...,189.00,N/A,N/A,En stock,Non,N/A
Lasolda,Beauté & Sport,Sèche cheveux manche pliabl...,349.00,369.00,5,En stock,Oui,N/A
Lasolda,Beauté & Sport,Sèche Cheveux Noir,299.00,450.00,34,En stock,Oui,N/A
Lasolda,Beauté & Sport,Sèche Cheveux Professionnel...,349.00,N/A,N/A,En stock,Non,N/A
Lasolda,Beauté & Sport,Sèche Cheveux Salle De Bain...,369.00,N/A,N/A,En stock,Non,N/A
Lasolda,Beauté & Sport,Sèche-cheveux Babyliss Pro ...,439.00,N/A,N/A,En stock,Non,N/A
Lasolda,Beauté & Sport,Sèche-cheveux Power Dry Bab...,599.00,N/A,N/A,En stock,Non,N/A
Lasolda,Beauté & Sport,SEO : Fer à boucler Babylis...,449.00,N/A,N/A,En stock,Non,N/A
Lasolda,Beauté & Sport,Sérum Cheveux GUAYANA Brill...,99.00,N/A,N/A,En stock,Non,N/A
Lasolda,Beauté & Sport,Sérum Cheveux Noima Brillan...,99.00,150.00,34,En stock,Oui,N/A
Lasolda,Beauté & Sport,Sérum Elixir de Brillance D...,169.00,N/A,N/A,En stock,Non,N/A
Lasolda,Beauté & Sport,Serviette MAGIQUE démaquill...,69.00,N/A,N/A,En stock,Non,N/A
Lasolda,Beauté & Sport,Set applicateur de teinture...,99.00,N/A,N/A,En stock,Non,N/A
Lasolda,Beauté & Sport,Set Boxe Enfant – Punching ...,299.00,N/A,N/A,En stock,Non,N/A
Lasolda,Beauté & Sport,Set de flacons vides voyage...,49.00,99.00,51,En stock,Oui,N/A
Lasolda,Beauté & Sport,Set Rasage Multifonctions 5...,589.00,N/A,N/A,En stock,Non,N/A
Lasolda,Beauté & Sport,Shampoing solide cheveux se...,159.00,N/A,N/A,En stock,Non,N/A
Lasolda,Beauté & Sport,Soutien Correcteur De Postu...,99.00,199.00,50,En stock,Oui,N/A
Lasolda,Beauté & Sport,Soutien correcteur posture ...,99.00,179.00,45,En stock,Oui,N/A
Lasolda,Beauté & Sport,Soutien Correcteur Pour Épa...,99.00,N/A,N/A,En stock,Non,N/A
Lasolda,Beauté & Sport,Soutien Dos Magnétique,199.00,N/A,N/A,En stock,Non,N/A
Lasolda,Beauté & Sport,Spa-Fx Brosse Pour Visage,199.00,N/A,N/A,En stock,Non,N/A
Lasolda,Beauté & Sport,Spray lissant thermo-protec...,169.00,N/A,N/A,En stock,Non,N/A
Lasolda,Beauté & Sport,"T-shirt De Sport , Fitness ...",129.00,N/A,N/A,En stock,Non,N/A
Lasolda,Beauté & Sport,Tattoo Liner Yeux & amp...,129.00,N/A,N/A,En stock,Non,N/A
Lasolda,Beauté & Sport,Tensiomètre Bras Électroniq...,299.00,N/A,N/A,En stock,Non,N/A
Lasolda,Beauté & Sport,Thermomètre Frontal Infraro...,499.00,780.00,36,En stock,Oui,N/A
Lasolda,Beauté & Sport,Tondeuse à cheveux professi...,199.00,299.00,33,En stock,Oui,N/A
Lasolda,Beauté & Sport,Tondeuse cheveux Braun HC50...,679.00,N/A,N/A,En stock,Non,N/A
Lasolda,Beauté & Sport,Tondeuse électrique MULTIFO...,279.00,N/A,N/A,En stock,Non,N/A
Lasolda,Beauté & Sport,Tondeuse électrique sans fi...,199.00,N/A,N/A,En stock,Non,N/A
Lasolda,Beauté & Sport,Traitement lissant et éclai...,49.00,N/A,N/A,En stock,Non,N/A
Lasolda,Beauté & Sport,Trousse De Pinceaux Maquill...,269.00,499.00,46,En stock,Oui,N/A
Lasolda,Beauté & Sport,Trousse De Rangement slip e...,99.00,N/A,N/A,En stock,Non,N/A
Lasolda,Beauté & Sport,Trousse Manucure Pédicure S...,99.00,N/A,N/A,En stock,Non,N/A
Lasolda,Beauté & Sport,Tummy Trimmer Machine Gym,199.00,N/A,N/A,En stock,Non,N/A
Lasolda,Beauté & Sport,Valise maquillage/esthétiqu...,799.00,N/A,N/A,En stock,Non,N/A
Lasolda,Beauté & Sport,Vernis à Ongles HOT DESIGNS...,119.00,N/A,N/A,En stock,Non,N/A
Lasolda,Beauté & Sport,Yapapoux Traitement Prévent...,241.00,N/A,N/A,En stock,Non,N/A
Lasolda,Ventes flash,Diffuseur d’Huiles Es...,499.00,N/A,N/A,Épuisé,Non,N/A
Lasolda,Ventes flash,Couscoussier Effet Pierre ...,549.00,N/A,N/A,En stock,Non,N/A
Lasolda,Ventes flash,Mini Machine à Laver Pliabl...,599.00,N/A,N/A,En stock,Non,N/A
Lasolda,Automobile et bricolage,Caméra De Voiture Pour Marc...,499.00,N/A,N/A,En stock,Non,N/A
Lasolda,Automobile et bricolage,2 Lampes solaires détecteur...,249.00,N/A,N/A,En stock,Non,N/A
Lasolda,Automobile et bricolage,Mini GPS Tracker Localisate...,299.00,N/A,N/A,En stock,Non,N/A
Lasolda,Automobile et bricolage,Aspirateur De Voiture compa...,199.00,N/A,N/A,En stock,Non,N/A
Lasolda,Automobile et bricolage,Moustiquaire rideau magnéti...,199.00,N/A,N/A,En stock,Non,N/A
Lasolda,Automobile et bricolage,Kit Mains Libres Bluetooth ...,199.00,N/A,N/A,En stock,Non,N/A
Lasolda,Automobile et bricolage,Couverture rideaux fenêtre ...,149.00,N/A,N/A,En stock,Non,N/A
Lasolda,Automobile et bricolage,Kit tournevis magnétiques 3...,149.00,N/A,N/A,En stock,Non,N/A
Lasolda,Automobile et bricolage,Mini Aspirateur Électrique ...,189.00,N/A,N/A,En stock,Non,N/A
Lasolda,Automobile et bricolage,"Ventilateur, Émetteur De Fr...",169.00,N/A,N/A,En stock,Non,N/A
Lasolda,Automobile et bricolage,"Gonfleur pneus, compresseur...",399.00,N/A,N/A,En stock,Non,N/A
Lasolda,Automobile et bricolage,Chauffage de Voiture Anti-...,269.00,369.00,27,En stock,Oui,N/A
Lasolda,Automobile et bricolage,Siège Auto Jusqu’à 18kg,969.00,N/A,N/A,En stock,Non,N/A
Lasolda,Automobile et bricolage,Tapis Antidérapant Multifon...,99.00,N/A,N/A,En stock,Non,N/A
Lasolda,Automobile et bricolage,2 Supports Téléphone Magnét...,149.00,N/A,N/A,En stock,Non,N/A
Lasolda,Automobile et bricolage,Pistolet Pulvérisateur Haut...,499.00,N/A,N/A,En stock,Non,N/A
Lasolda,Automobile et bricolage,Robinet Et Douche Systèmes ...,399.00,479.00,17,En stock,Oui,N/A
Lasolda,Automobile et bricolage,Rabot Electrique 1050W INGCO,999.00,N/A,N/A,En stock,Non,N/A
Lasolda,Automobile et bricolage,Échelle Escabeau : 4 Marche...,399.00,N/A,N/A,En stock,Non,N/A
Lasolda,Automobile et bricolage,Support téléphone/tablette ...,99.00,N/A,N/A,En stock,Non,N/A
Lasolda,Automobile et bricolage,Pompes De Gonflage Manuelle...,59.00,99.00,40,En stock,Oui,N/A
Lasolda,Automobile et bricolage,Lampe Torche De Poche LED R...,199.00,N/A,N/A,En stock,Non,N/A
Lasolda,Automobile et bricolage,2 Supports Magnétique Table...,149.00,N/A,N/A,En stock,Non,N/A
Lasolda,Automobile et bricolage,Aspirateur à Main USB Sans ...,299.00,N/A,N/A,En stock,Non,N/A
Lasolda,Automobile et bricolage,Aspirateur Voiture Sans Fil...,299.00,N/A,N/A,En stock,Non,N/A
Lasolda,Automobile et bricolage,Balance Professionnelle Gro...,1.669,N/A,N/A,En stock,Non,N/A
Lasolda,Automobile et bricolage,Bas de porte isolant adhési...,49.00,99.00,51,En stock,Oui,N/A
Lasolda,Automobile et bricolage,Caméra 3D surveillance gran...,499.00,N/A,N/A,En stock,Non,N/A
Lasolda,Automobile et bricolage,Cendrier de Voiture Détacha...,99.00,139.00,29,En stock,Oui,N/A
Lasolda,Automobile et bricolage,Défonceuse Électrique 2200W,1.699,N/A,N/A,En stock,Non,N/A
Lasolda,Automobile et bricolage,Échelle Pliante multifoncti...,1.990,N/A,N/A,En stock,Non,N/A
Lasolda,Automobile et bricolage,Échelle Pliante multifoncti...,2.949,N/A,N/A,En stock,Non,N/A
Lasolda,Automobile et bricolage,Échelle télescopique extens...,2.499,N/A,N/A,En stock,Non,N/A
Lasolda,Automobile et bricolage,Ensemble Quincaillerie 43 P...,499.00,N/A,N/A,En stock,Non,N/A
Lasolda,Automobile et bricolage,Gonfleur pneus mini compres...,289.00,N/A,N/A,En stock,Non,N/A
Lasolda,Automobile et bricolage,GPS traceur voiture/moto – ...,689.00,N/A,N/A,En stock,Non,N/A
Lasolda,Automobile et bricolage,Kit Mains Libres Bluetooth ...,189.00,N/A,N/A,En stock,Non,N/A
Lasolda,Automobile et bricolage,Lampe solaire capteur de mo...,229.00,N/A,N/A,En stock,Non,N/A
Lasolda,Automobile et bricolage,Lampe solaire détecteur mou...,199.00,N/A,N/A,En stock,Non,N/A
Lasolda,Automobile et bricolage,Lampe Solaire LED rechargea...,249.00,N/A,N/A,En stock,Non,N/A
Lasolda,Automobile et bricolage,Lot 2 crochets anti-contact...,99.00,N/A,N/A,En stock,Non,N/A
Lasolda,Automobile et bricolage,Lot 50 sachets zip plastiqu...,46.00,N/A,N/A,En stock,Non,N/A
Lasolda,Automobile et bricolage,Lot De 5 Pulvérisateurs Man...,99.00,N/A,N/A,En stock,Non,N/A
Lasolda,Automobile et bricolage,Matelas gonflable voiture p...,499.00,N/A,N/A,En stock,Non,N/A
Lasolda,Automobile et bricolage,Mini Table Pliable De Siège...,119.00,239.00,50,En stock,Oui,N/A
Lasolda,Automobile et bricolage,Mug électrique chauffant in...,129.00,149.00,13,En stock,Oui,N/A
Lasolda,Automobile et bricolage,"Outil , Réparation Bosses V...",139.00,N/A,N/A,En stock,Non,N/A
Lasolda,Automobile et bricolage,Papier peint autocollant ét...,149.00,N/A,N/A,En stock,Non,N/A
Lasolda,Automobile et bricolage,Pistolet désinfectant pulvé...,599.00,N/A,N/A,En stock,Non,N/A
Lasolda,Automobile et bricolage,Pompe Manuelle avec Tuyau –...,79.00,N/A,N/A,En stock,Non,N/A
Lasolda,Automobile et bricolage,Produit anti-rayures voitur...,179.00,279.00,36,En stock,Oui,N/A
Lasolda,Automobile et bricolage,Résistance Électrique Chauf...,129.00,N/A,N/A,En stock,Non,N/A
Lasolda,Automobile et bricolage,Rouleau De Papier Bulles 12...,479.00,N/A,N/A,En stock,Non,N/A
Lasolda,Automobile et bricolage,Stickers Autocollant Mosaïq...,69.00,N/A,N/A,En stock,Non,N/A
Lasolda,Automobile et bricolage,Support de Téléphone Univer...,129.00,N/A,N/A,En stock,Non,N/A
Lasolda,Automobile et bricolage,Ventilateur de refroidissem...,199.00,N/A,N/A,En stock,Non,N/A
Lasolda,Les plus demandés,Valise Cabine Velvia – Élég...,449.00,N/A,N/A,En stock,Non,N/A
Lasolda,Les plus demandés,Labubu Have A Seat – Pop Ma...,299.00,500.00,40,En stock,Oui,N/A
Lasolda,Les plus demandés,Pompe Distributeur d’Eau Él...,169.00,N/A,N/A,En stock,Non,N/A
Lasolda,Les plus demandés,Valise Cabine Enfant Cars D...,449.00,N/A,N/A,En stock,Non,N/A
Lasolda,Les plus demandés,Valise cabine pas cher R...,399.00,N/A,N/A,En stock,Non,N/A
Lhmiza,Beauté,Tondeuse Professionnelle VGR V-075 — Édition Limitée,200.00,129.00,36,En stock,Oui,N/A
Lhmiza,Beauté,KOYO Shampoing Colorant au Cresson – Brun Foncé 420ml,200.00,129.00,36,En stock,Oui,N/A
Lhmiza,Beauté,Shampoing Colorant KOYO au Cresson – Noir Naturel 420ml,200.00,129.00,36,En stock,Oui,N/A
Lhmiza,Beauté,Brosse soufflante ENZO EN-6215 1500W Nano Titanium,600.00,389.00,35,En stock,Oui,N/A
Lhmiza,Beauté,VGR V-885 S2 Kit Tondeuse Cheveux et Barbe Homme,1.750,1.465,16,En stock,Oui,N/A
Lhmiza,Beauté,VGR V-195 Tondeuse Cheveux Pro Homme LED,600.00,465.00,23,En stock,Oui,N/A
Lhmiza,Beauté,VGR V-285 Tondeuse Cheveux Pro Sans Fil,700.00,512.00,27,En stock,Oui,N/A
Lhmiza,Beauté,Airmassager Bottes de Massage Jambes et Pieds,400.00,289.00,28,En stock,Oui,N/A
Lhmiza,Beauté,Brunka Macadamia Routine Cheveux Hydratation Intense,350.00,225.00,36,En stock,Oui,N/A
Lhmiza,Beauté,Brunka Macadamia Kit Soin Cheveux Hydratant,350.00,225.00,36,En stock,Oui,N/A
Lhmiza,Beauté,Tunous Gold 24K Shampooing et Masque Cheveux,300.00,209.00,30,En stock,Oui,N/A
Lhmiza,Beauté,Tunous Protein Keratin Duo Shampooing et Masque,300.00,209.00,30,En stock,Oui,N/A
Lhmiza,Beauté,Ivano Pro IVO-1051 Tondeuse Cheveux LCD 9000RPM,750.00,538.00,28,En stock,Oui,N/A
Lhmiza,Beauté,Ivano Pro IVO-2025 Kit Tondeuses Homme 2-en-1,980.00,725.00,26,En stock,Oui,N/A
Lhmiza,Beauté,Ivano Pro IVO-3055 Tondeuse Rechargeable IPX4,280.00,195.00,30,En stock,Oui,N/A
Lhmiza,Beauté,Ivano Pro IVO-3033 Rasoir 4en1 Rechargeable,300.00,175.00,42,En stock,Oui,N/A
Lhmiza,Beauté,Ivano Pro IVO-999 Kit Beauté 6-en-1 Femme IPX4,400.00,249.00,38,En stock,Oui,N/A
Lhmiza,Beauté,Ivano Pro IVO-1099 Tondeuse Cheveux LCD 9000RPM,600.00,485.00,19,En stock,Oui,N/A
Lhmiza,Beauté,Remington Hydraluxe Pro Lisseur Cheveux S9001,1.500,1.285,14,En stock,Oui,N/A
Lhmiza,Beauté,Remington Silk Fer à Boucler Conique CI96W1,700.00,540.00,23,En stock,Oui,N/A
Lhmiza,Beauté,"Tunous Organic Kit Soin Cheveux Shampooing, Masque et Sérum",200.00,149.00,26,En stock,Oui,N/A
Lhmiza,Beauté,"Tunous Bio Diamond Kit Soin Cheveux Shampooing, Masque et Sérum",200.00,149.00,26,En stock,Oui,N/A
Lhmiza,Beauté,Tunous Organic Kit Soin Cheveux Réparateur Complet,400.00,280.00,30,En stock,Oui,N/A
Lhmiza,Beauté,Tunous Bio Diamond Kit Soin Cheveux Complet,400.00,280.00,30,En stock,Oui,N/A
Lhmiza,Beauté,Ivano Pro IVO-9090 Kit Tondeuse Pro Homme,850.00,685.00,19,En stock,Oui,N/A
Lhmiza,Beauté,Ivano Pro IVO-1540 Tondeuse Cheveux Pro,350.00,250.00,29,En stock,Oui,N/A
Lhmiza,Beauté,Ivano Pro IVO-1530 Rasoir Électrique USB Pro,300.00,189.00,37,En stock,Oui,N/A
Lhmiza,Beauté,Ivano Pro IVO-1520 Tondeuse 3en1 Pro LED,500.00,339.00,32,En stock,Oui,N/A
Lhmiza,Beauté,Ivano Pro IVO-1510 Tondeuse Professionnelle LED,350.00,229.00,35,En stock,Oui,N/A
Lhmiza,Beauté,Ivano Pro IVO-1180 Mini Rasoir Électrique USB,350.00,245.00,30,En stock,Oui,N/A
Lhmiza,Beauté,Ivano Pro IVO-988 Tondeuse Nez 3en1 Pro,250.00,169.00,32,En stock,Oui,N/A
Lhmiza,Beauté,Ivano Pro IVO-511 Tondeuse Cheveux Pro LED,300.00,198.00,34,En stock,Oui,N/A
Lhmiza,Beauté,Ivano Pro IVO-152 Rasoir Visage Femme 2en1,300.00,189.00,37,En stock,Oui,N/A
Lhmiza,Beauté,Ivano Pro IVO-151 Lady Shaver 2en1 Rechargeable,300.00,199.00,34,En stock,Oui,N/A
Lhmiza,Beauté,Wahl Taper 2000 Tondeuse Cheveux Professionnelle,980.00,830.00,15,En stock,Oui,N/A
Lhmiza,Beauté,Wahl Detailer Li Gold Tondeuse Pro Sans Fil,2.270,1.938,15,En stock,Oui,N/A
Lhmiza,Beauté,Wahl 8171 Cordless Detailer LI Tondeuse Pro,2.080,1.885,9,En stock,Oui,N/A
Lhmiza,Beauté,BRUNKA Caviar Kit Soin Cheveux Shampooing Masque Sérum,400.00,280.00,30,En stock,Oui,N/A
Lhmiza,Beauté,Remington CB7400 Brosse Lissante Ionique 2-en-1,800.00,650.00,19,En stock,Oui,N/A
Lhmiza,Beauté,PURE Blowout Mask Protéine et Biotine 1L,1.450,1.099,24,En stock,Oui,N/A
Lhmiza,Beauté,SENORITA Bioplasty Protein Masque Capillaire 1L,1.600,1.250,22,En stock,Oui,N/A
Lhmiza,Beauté,Braun Series 3 300s Rasoir Électrique Homme,1.120,850.00,24,En stock,Oui,N/A
Lhmiza,Beauté,Black Diamond 200ml – Lissage Sans Formol,450.00,299.00,34,En stock,Oui,N/A
Lhmiza,Beauté,OLAPLEX No.3 Hair Perfector™ 100ml – Soin Fortifiant,400.00,299.00,25,En stock,Oui,N/A
Lhmiza,Beauté,Black Diamond Premium Lissage Aloe Vera 1L,4.500,3.700,18,En stock,Oui,N/A
Lhmiza,Beauté,Riobelo Brazil Organic Protein Sans Formol 1000ml,1.400,1.065,24,En stock,Oui,N/A
Lhmiza,Beauté,Riobelo Brazil Hair Protein Sans Formol 1000ml,1.400,1.065,24,En stock,Oui,N/A
Lhmiza,Beauté,Crème Lissante à la Kératine Fiber Straight 125 ml,200.00,139.00,31,En stock,Oui,N/A
Lhmiza,Beauté,Savon-Shampoing Vegan GIRKON Cheveux Anti-Chute Platyclatus,200.00,99.00,51,En stock,Oui,N/A
Lhmiza,Beauté,Kit Bioplastia Anti-Frisottis Salerm Biokera Natura,500.00,389.00,22,En stock,Oui,N/A
Lhmiza,Beauté,Après-shampoing Protection Couleur Salerm Hair Lab 1200ml,300.00,225.00,25,En stock,Oui,N/A
Lhmiza,Beauté,Shampoing Prolongateur de Couleur Salerm Hair Lab 1200 ml,300.00,225.00,25,En stock,Oui,N/A
Lhmiza,Beauté,Baume Multi-Protéines Hair Lab Salerm 600ml,200.00,145.00,28,En stock,Oui,N/A
Lhmiza,Beauté,Shampoing Multi Protéines Hair Lab Salerm 600 ml,200.00,145.00,28,En stock,Oui,N/A
Lhmiza,Beauté,Leave-In Salerm 21 Jasmin & Ambre – Soin Pro 200ml,260.00,175.00,33,En stock,Oui,N/A
Lhmiza,Beauté,Pack 4 Ampoules Réparatrices SalermVital 4×13ml,280.00,199.00,29,En stock,Oui,N/A
Lhmiza,Beauté,Shampoing Entretien Lissage Keratin Shot Salerm 500ml,220.00,175.00,20,En stock,Oui,N/A
Lhmiza,Beauté,Duo HI Repair Salerm Shampoing et Masque 1L,1.050,785.00,25,En stock,Oui,N/A
Lhmiza,Beauté,Duo HI Repair Salerm Shampoing et Masque 250 ml,450.00,350.00,22,En stock,Oui,N/A
Lhmiza,Beauté,Masque Réparateur HI Repair Salerm 1L,600.00,490.00,18,En stock,Oui,N/A
Lhmiza,Beauté,Masque Réparateur HI Repair Salerm 250 ml,250.00,199.00,20,En stock,Oui,N/A
Lhmiza,Beauté,Shampoing Réparateur HI Repair Salerm 1L,450.00,325.00,28,En stock,Oui,N/A
Lhmiza,Beauté,Shampoing Réparateur HI Repair Salerm 250 ml,200.00,165.00,18,En stock,Oui,N/A
Lhmiza,Beauté,Coffret Salerm 21 Protéine de Soie et Boost Intense,1.200,769.00,36,En stock,Oui,N/A
Lhmiza,Beauté,Coffret Salerm 21 Silk Protein – Soin Capillaire Complet,700.00,465.00,34,En stock,Oui,N/A
Lhmiza,Beauté,Salerm 21 Boost Ampoules Réparation Intense 8×13ml,500.00,349.00,30,En stock,Oui,N/A
Lhmiza,Beauté,SALERM 21 Silk Protein – Soin Hydratant Sans Rinçage 200 ml,260.00,175.00,33,En stock,Oui,N/A
Lhmiza,Beauté,Salerm 21 Express Spray Sans Rinçage 190 ml,200.00,165.00,18,En stock,Oui,N/A
Lhmiza,Beauté,Salerm 21 Masque Sans Rinçage Protéine de Soie 1kg,700.00,525.00,25,En stock,Oui,N/A
Lhmiza,Beauté,Shampoing Salerm 21 Hydratation & Réparation 1000 ml,450.00,315.00,30,En stock,Oui,N/A
Lhmiza,Beauté,Shampoing Salerm 21 Hydratation & Réparation 300 ml,250.00,175.00,30,En stock,Oui,N/A
Lhmiza,Beauté,Pack Black Caviar Protéine Lissage Soin Complet,450.00,279.00,38,En stock,Oui,N/A
Lhmiza,Beauté,IVANO PRO 1901 – Lisseur Céramique Haute Température,500.00,299.00,40,En stock,Oui,N/A
Lhmiza,Beauté,Tondeuse électrique 3 en 1 Kemei KM-1433 pour hommes,200.00,139.00,31,En stock,Oui,N/A
Lhmiza,Beauté,Kemei KM-426 Tondeuse Électrique Métal Gold Rechargeable,250.00,149.00,40,En stock,Oui,N/A
Lhmiza,Beauté,Tondeuse KEMEI KM-679 Pro Gold Sans Fil – Précision Zéro,250.00,149.00,40,En stock,Oui,N/A
Lhmiza,Beauté,Philips Series 7000 Rasoir Premium S7885/63,2.380,1.789,25,Épuisé,Oui,N/A
Lhmiza,Beauté,Minoxidil Kirkland 5 % 60ml – Repousse Cheveux 1 Mois,235.00,149.00,37,Épuisé,Oui,N/A
Lhmiza,Beauté,Oxiprime Bio Therapy 1L – Soin Brushing Lissant & Hydratant,1.200,789.00,34,En stock,Oui,N/A
Lhmiza,Beauté,DLAVU Macadamia & Coco Babaçu 1L – Soin Ultra-Nourrissant,1.200,789.00,34,En stock,Oui,N/A
Lhmiza,Beauté,Oxiprime Blue Silk 1L – Soin Réparateur Professionnel,1.200,789.00,34,En stock,Oui,N/A
Lhmiza,Beauté,Lisseur SOKANY SK-1924 Pro 988°F Céramique & SmartHeat,250.00,179.00,28,En stock,Oui,N/A
Lhmiza,Beauté,Lisseur SOKANY SK-1930 950°F Céramique Mémoire SmartHeat,300.00,199.00,34,En stock,Oui,N/A
Lhmiza,Beauté,Lisseur SOKANY SK-1928 Pro 950°F Céramique & Mémoire,300.00,199.00,34,En stock,Oui,N/A
Lhmiza,Beauté,Lisseur SOKANY SK-993 750°F Wet & Dry Nano Silver,200.00,150.00,25,En stock,Oui,N/A
Lhmiza,Beauté,"Pack Brunka Lisa India – Hydratation, Réparation & Brillance",400.00,280.00,30,En stock,Oui,N/A
Lhmiza,Beauté,Kemei KM-TX10 Rasoir Pro Double Lame LED & USB Rapide,400.00,285.00,29,En stock,Oui,N/A
Lhmiza,Beauté,Kemei KM-1859 Tondeuse Pro Métal 8000RPM Haute Vitesse,400.00,295.00,26,En stock,Oui,N/A
Lhmiza,Beauté,Kemei KM-1749 Tondeuse Pro Rechargeable 220 min,480.00,325.00,32,En stock,Oui,N/A
Lhmiza,Beauté,Kemei KM-8561 Tondeuse Pro Sans Fil 2000mAh DLC Blade,980.00,745.00,24,En stock,Oui,N/A
Lhmiza,Beauté,Kemei KM-1691 Tondeuse Pro Dorée 4500mAh Haute Précision,500.00,399.00,20,En stock,Oui,N/A
Lhmiza,Beauté,Kemei KM-999 Tondeuse Pro LED USB 7000RPM 1500mAh,350.00,295.00,16,En stock,Oui,N/A
Lhmiza,Beauté,Kemei KM-1737 Tondeuse Pro 9000RPM Design Élégant,390.00,295.00,24,En stock,Oui,N/A
Lhmiza,Beauté,Kemei KM-2228 Tondeuse Pro Sans Fil 150 min Lithium,400.00,289.00,28,En stock,Oui,N/A
Lhmiza,Beauté,Kemei KM-1726 Tondeuse Pro 10000RPM Lame DLC Céramique,600.00,425.00,29,Épuisé,Oui,N/A
Lhmiza,Beauté,Kemei KM-T389 Rasoir Électrique Homme IPX5 7500RPM,350.00,275.00,21,En stock,Oui,N/A
Lhmiza,Beauté,Kemei KM-8551 Kit Pro 3 en 1 Rasoir & Tondeuse Métal,1.200,885.00,26,En stock,Oui,N/A
Lhmiza,Beauté,Kemei KM-325 Rasoir & Épilateur Électrique 7 en 1 Pro,300.00,185.00,38,En stock,Oui,N/A
Lhmiza,Beauté,Kemei KM-8552 Tondeuse Pro Orange 2 en 1 Luxe 2500 mAh,1.150,825.00,28,En stock,Oui,N/A
Lhmiza,Beauté,Pack 4 en 1 Black Caviar Biotine & Protein – Routine Capillaire Complète,365.00,273.00,25,En stock,Oui,N/A
Lhmiza,Beauté,Pack 4 en 1 Diamond Bleu & Black Caviar – Soin Complet Cheveux,330.00,219.00,34,En stock,Oui,N/A
Lhmiza,Beauté,KEMEI KM-2242 Tondeuse Pro Sans Fil – Lames DLC Turbo,650.00,499.00,23,En stock,Oui,N/A
Lhmiza,Beauté,Kemei KM-5082 – Tondeuse Pro USB avec Écran Digital,500.00,295.00,41,En stock,Oui,N/A
Lhmiza,Beauté,ENZO EN-4133 Styler 6-en-1 Style Dyson Airwrap Pro,850.00,685.00,19,Épuisé,Oui,N/A
Lhmiza,Beauté,Sokany SK-15035 – Brosse soufflante rotative 3 en 1 1400W,500.00,350.00,30,En stock,Oui,N/A
Lhmiza,Beauté,Kemei KM-3023-702 Tondeuse Pro Sans Fil 9000RPM,600.00,489.00,19,En stock,Oui,N/A
Lhmiza,Beauté,HTC CT-8088 Tondeuse Pro Sans Fil – Précision & Puissance,300.00,249.00,17,En stock,Oui,N/A
Lhmiza,Beauté,Pack LUMAfofo Professionnel Kératine & Argan Oil,480.00,399.00,17,En stock,Oui,N/A
Lhmiza,Beauté,ZGTS Derma Roller Titanium,205.00,105.00,49,En stock,Oui,N/A
Lhmiza,Beauté,CLARIN Therapy Anti-Frizz Mask – Soin Lissant Sans Formol 1L,1.550,1.185,24,En stock,Oui,N/A
Lhmiza,Beauté,VEGAN LIZZ Blue Protein 2 – Lissage Brésilien 1L,1.200,895.00,25,En stock,Oui,N/A
Lhmiza,Beauté,Lissage Brésilien Black Caviar Protein 0% Formaldéhyde – 135ml,200.00,118.00,41,En stock,Oui,N/A
Lhmiza,Beauté,Sèche-cheveux Enzo EN-6012 PrecisionWare 1845W Turbo Keratin,500.00,379.00,24,En stock,Oui,N/A
Lhmiza,Beauté,Peigne Chauffant ENZO EN-4109 Cuivre Pro – Lissage Rapide,400.00,315.00,21,En stock,Oui,N/A
Lhmiza,Beauté,Rasoir Électrique ENZO EN-9305 3D Rechargeable USB,400.00,285.00,29,En stock,Oui,N/A
Lhmiza,Beauté,"ENZO EN-6311 3 en 1 – Sèche, Lisse et Boucle Professionnel",850.00,689.00,19,En stock,Oui,N/A
Lhmiza,Beauté,ENZO EN-3955W Magic Hair Styler 3 en 1 – Chauffe Rapide,850.00,699.00,18,En stock,Oui,N/A
Lhmiza,Beauté,Épilateur Électrique ENZO EN-6083B – Filaire USB Femme,400.00,249.00,38,En stock,Oui,N/A
Lhmiza,Beauté,"ENZO EN-6207 Multi Styler 4 en 1 – Sèche, Lisse & Boucle",600.00,425.00,29,En stock,Oui,N/A
Lhmiza,Beauté,Brosse Chauffante ENZO Professional One Step 1500W – EN-4137,500.00,345.00,31,En stock,Oui,N/A
Lhmiza,Beauté,Brosse Chauffante One Step ENZO Nano Titanium 1500W – EN-4139,500.00,389.00,22,Épuisé,Oui,N/A
Lhmiza,Beauté,Lisseur IVANO PRO IVO-230 Titanium 480°F – Pro Style,600.00,399.00,34,En stock,Oui,N/A
Lhmiza,Beauté,Brosse Coiffante Ivano Pro Multifonction – Type Dyson,1.550,945.00,39,En stock,Oui,N/A
Lhmiza,Beauté,Lisseur Séchant Ivano Pro Airstrait – Type Dyson,1.400,885.00,37,En stock,Oui,N/A
Lhmiza,Beauté,BeSkin Ampoules Éclat Immédiat – Peau Lumineuse 10×3ml,360.00,299.00,17,En stock,Oui,N/A
Lhmiza,Beauté,BeSkin Crème de Massage – Pour Toutes Peaux 200ml,350.00,279.00,20,En stock,Oui,N/A
Lhmiza,Beauté,BeSkin Gommage Marin Intense – Peaux Grasses 200ml,320.00,255.00,20,En stock,Oui,N/A
Lhmiza,Beauté,BeSkin Démaquillant Bi-Phasique – Tous Types de Peaux 400ml,330.00,275.00,17,En stock,Oui,N/A
Lhmiza,Beauté,BeSkin Lait Démaquillant Doux – Pour Toutes Peaux 400ml,330.00,275.00,17,En stock,Oui,N/A
Lhmiza,Beauté,BeSkin Lotion Purifiante – Peaux Grasses à Imperfections,330.00,275.00,17,En stock,Oui,N/A
Lhmiza,Beauté,BeSkin Masque à l’Abricot – Peaux Normales à Mixtes,300.00,245.00,18,En stock,Oui,N/A
Lhmiza,Beauté,BeSkin Masque au Tilleul – Peaux à Rougeurs et Sensibles,300.00,245.00,18,En stock,Oui,N/A
Lhmiza,Beauté,BeSkin Masque au Miel – Hydratation & Éclat Pour Tous Types de Peaux,300.00,245.00,18,En stock,Oui,N/A
Lhmiza,Beauté,BeSkin Masque à l’Edelweiss Anti-Âge Premières Rides,300.00,245.00,18,En stock,Oui,N/A
Lhmiza,Beauté,BeSkin Crème HypoSensitive Peaux Sèches – Protection Jour,300.00,245.00,18,En stock,Oui,N/A
Lhmiza,Beauté,Rasoir Électrique PHILIPS OneBlade QP2724/20 – 5 en 1,700.00,535.00,24,En stock,Oui,N/A
Lhmiza,Beauté,Klever Protein Vegan Shampoo & Traitement 500ml Duo Pro,700.00,489.00,30,En stock,Oui,N/A
Lhmiza,Beauté,Klever Protein Keratin No Frizz Duo Shampoo & Soin 500ml,700.00,489.00,30,En stock,Oui,N/A
Lhmiza,Beauté,Klever Caviar Protein Shampoo & Traitement 500ml Duo Pro,700.00,489.00,30,En stock,Oui,N/A
Lhmiza,Beauté,Klever Tanino Protein Shampoo & Traitement 500ml Duo Pro,700.00,489.00,30,En stock,Oui,N/A
Lhmiza,Beauté,Tunous Organic Shampoo & Mask – Réparation & Hydratation,180.00,129.00,28,En stock,Oui,N/A
Lhmiza,Beauté,Tunous Bio Diamond Shampoo & Mask – Brillance & Volume,180.00,129.00,28,En stock,Oui,N/A
Lhmiza,Beauté,Maxiline Lisstox Professional 4×50g – Lissage expert,400.00,265.00,34,En stock,Oui,N/A
Lhmiza,Beauté,Nish Man Minoxidil 5% – Traitement Anti-Chute 6 Mois,850.00,599.00,30,En stock,Oui,N/A
Lhmiza,Beauté,ENZO EN-4102 Brosse Lissante Céramique Tourmaline Pro,500.00,345.00,N/A,En stock,Non,N/A
Lhmiza,Beauté,ENZO EN-4129 One-Step Styler 2-en-1 Brosse & Sèche-Cheveux,500.00,320.00,36,En stock,Oui,N/A
Lhmiza,Beauté,ENZO EN-6213 Brosse Sèche-Cheveux Ionique 2 en 1,500.00,378.00,N/A,En stock,Non,N/A
Lhmiza,Beauté,ENZO EN-511 Multi Styler 3 en 1 Lisseur Brosse Sèche-Cheveux,700.00,530.00,24,En stock,Oui,N/A
Lhmiza,Beauté,Crest 3D Whitestrips Pro – 20 traitements complets (40 bandelettes),980.00,799.00,18,En stock,Oui,N/A
Lhmiza,Beauté,Protéine Açaí Bio Brazilian Dreams 1L Sans Formol,1.500,995.00,34,En stock,Oui,N/A
Lhmiza,Beauté,ENZO EN-0105 Silk.Epil9 – Épilateur Rechargeable Pro,550.00,365.00,34,En stock,Oui,N/A
Lhmiza,Beauté,ENZO EN-0106 Épilateur 5 en 1 & Brosse Nettoyante,600.00,485.00,19,En stock,Oui,N/A
Lhmiza,Beauté,ENZO EN-9308 Rasoir Électrique 3 Têtes – Wet & Dry,500.00,350.00,30,En stock,Oui,N/A
Lhmiza,Beauté,Enzo 2 en 1 Lisseur & Brosse Chauffante Pro – Ionique,680.00,595.00,N/A,En stock,Non,N/A
Lhmiza,Beauté,Enzo EN-746B Brosse Chauffante 4 en 1 Pro 1500W Ionique,600.00,465.00,23,En stock,Oui,N/A
Lhmiza,Beauté,Enzo EN-608 Mini Sèche-Cheveux de Voyage 1200W Pro,300.00,185.00,N/A,En stock,Non,N/A
Lhmiza,Beauté,Enzo EN-8228 Sèche-Cheveux Rétro – Puissant & Fiable,600.00,485.00,N/A,En stock,Non,N/A
Lhmiza,Beauté,Kemei KM-J03 Tondeuse Pro Sans Fil – 200 min Autonomie,300.00,195.00,35,En stock,Oui,N/A
Lhmiza,Beauté,Kemei KM-1563 Tondeuse Pro,300.00,189.00,37,En stock,Oui,N/A
Lhmiza,Beauté,Enzo B1 Brosse Chauffante 6-en-1 Pro Ionique 1500W,1.450,1.188,18,Épuisé,Oui,N/A
Lhmiza,Beauté,Enzo EN-4003 Lisseur & Fer à Boucler 2-en-1 Céramique LCD,350.00,250.00,29,En stock,Oui,N/A
Lhmiza,Beauté,Enzo EN-6016 Sèche-Cheveux Pro Ionique 2000W Salon Power,450.00,320.00,29,En stock,Oui,N/A
Lhmiza,Beauté,Enzo EN-3316 Brosse Chauffante 1000W Ionique 3-en-1,750.00,589.00,21,En stock,Oui,N/A
Lhmiza,Beauté,Enzo EN-6218 One Step Pro Styler 1000W Ionic Anti-Frizz,450.00,370.00,18,En stock,Oui,N/A
Lhmiza,Beauté,ENZO EN-4124 One Step Brosse Sèche-Cheveux 1500W,550.00,399.00,27,En stock,Oui,N/A
Lhmiza,Beauté,ENZO EN-2415 Lisseur Pro Céramique Chauffe Rapide,500.00,350.00,30,En stock,Oui,N/A
Lhmiza,Beauté,Lisseur Enzo EN-3337 Titanium Pro 980°F Haute Performance,400.00,299.00,25,Épuisé,Oui,N/A
Lhmiza,Beauté,Enzo EN-758 Brosse Rotative 4 en 1 Pro Multifonction 1600W,650.00,495.00,24,Épuisé,Oui,N/A
Lhmiza,Beauté,ENZO EN-4138 Brosse Soufflante Pro 1500W 2 en 1,600.00,469.00,22,En stock,Oui,N/A
Lhmiza,Beauté,Enzo EN-4142 Air Styler 5 en 1 – Puissance & Fiabilité,600.00,499.00,17,En stock,Oui,N/A
Lhmiza,Beauté,Kemei KM-929 Tondeuse Pro Silence Multifonction USB,200.00,119.00,41,En stock,Oui,N/A
Lhmiza,Beauté,VGR V-366 Tondeuse 3 en 1 Multifonction USB Rechargeable,400.00,299.00,25,Épuisé,Oui,N/A
Lhmiza,Beauté,HTC AT-560 Tondeuse Pro USB Sans Fil avec Écran LCD,300.00,219.00,27,En stock,Oui,N/A
Lhmiza,Beauté,HTC AT-570 Tondeuse Électrique Rechargeable Pro,300.00,199.00,34,En stock,Oui,N/A
Lhmiza,Beauté,WOOLWORTHSFOOD Pack Capillaire Protéiné Sans Sulfate,500.00,365.00,27,En stock,Oui,N/A
Lhmiza,Beauté,Toppik Fibres Capillaires 27.5g – Cheveux denses instantanés,300.00,199.00,N/A,En stock,Non,N/A
Lhmiza,Beauté,Enzo Hair Pro EN-3989 – Lisseur & Boucleur Titane Pro,400.00,320.00,20,En stock,Oui,N/A
Lhmiza,Beauté,Shakebar Shampooing Volume & Énergie Cheveux 300ml,150.00,108.00,28,En stock,Oui,N/A
Lhmiza,Beauté,Shakebar Shampooing Réparateur & Hydratant 300ml,150.00,108.00,28,En stock,Oui,N/A
Lhmiza,Beauté,Shakebar Shampooing Protection Couleur & Éclat 300ml,150.00,108.00,28,En stock,Oui,N/A
Lhmiza,Beauté,Shakebar Shampooing Nourrissant & Brillance 300ml,150.00,108.00,28,En stock,Oui,N/A
Lhmiza,Beauté,Shakebar Shampooing Boucles & Éclat Hydratant 300ml,150.00,108.00,28,En stock,Oui,N/A
Lhmiza,Beauté,Braun Series 8 8517s – Rasoir Wet & Dry Premium,2.550,2.186,14,Épuisé,Oui,N/A
Lhmiza,Beauté,Braun Series XT3 – Tondeuse & Rasoir visage 3-en-1,800.00,630.00,21,En stock,Oui,N/A
Lhmiza,Beauté,L’Original Protéine CocoMoca 1L – Soin Réparateur,1.850,1.445,22,En stock,Oui,N/A
Lhmiza,Beauté,ENZO 5 en 1 Styler Pro EN-4136 – Sèche-cheveux,800.00,689.00,14,En stock,Oui,N/A
Lhmiza,Beauté,Brunka Lisa India – Shampoo & Masque Réparateur Hydratant,200.00,129.00,36,En stock,Oui,N/A
Lhmiza,Beauté,Tondeuse PRO King C. Gillette – Précision & Endurance,600.00,435.00,28,En stock,Oui,N/A
Lhmiza,Beauté,Kiepe Duo Iron Nano-Titanium – Lisseur,700.00,550.00,21,En stock,Oui,N/A
Lhmiza,Beauté,Tondeuse Professionnelle Homme KEMEI KM-8536 – Ensemble Double Tondeuse Cheveux & Barbe,995.00,785.00,21,En stock,Oui,N/A
Lhmiza,Beauté,"KEMEI 1670 Tondeuse Professionnelle Sans Fil – 9000 RPM, Écran LED, Batterie Longue Durée",760.00,525.00,31,En stock,Oui,N/A
Lhmiza,Beauté,Rowenta EP2851F0 Épilateur Flower Love,750.00,585.00,22,En stock,Oui,N/A
Lhmiza,Beauté,VGR Stepless Pro 2 en 1 – Tondeuse & Trimmer Professionnels à Moteur BLDC Ultra-Puissant,1.200,1.095,9,En stock,Oui,N/A
Lhmiza,Beauté,VGR Stepless Pro T1 – V-977 Tondeuse Professionnelle Haute Vitesse BLDC,600.00,488.00,19,En stock,Oui,N/A
Lhmiza,Beauté,VGR V-994 – Tondeuse Professionnelle Vector Motor 8000-10000 RPM,1.200,935.00,22,En stock,Oui,N/A
Lhmiza,Beauté,VGR V-401 – Sèche-Cheveux Professionnel BLDC Haute Vitesse 110000 RPM,900.00,678.00,25,En stock,Oui,N/A
Lhmiza,Beauté,Braun BT7940 – Tondeuse à Barbe Précision 39 Longueurs avec Rasoir Gillette Fusion 5 ProGlide et Trousse Néoprène,950.00,780.00,18,En stock,Oui,N/A
Lhmiza,Beauté,Philips OneBlade 360 – Rasoir Électrique Polyvalent Visage & Corps,720.00,565.00,22,Épuisé,Oui,N/A
Lhmiza,Beauté,Braun Series 5 BT5440 – Tondeuse à Barbe Homme,850.00,635.00,25,Épuisé,Oui,N/A
Lhmiza,Beauté,Gillette Intimate i3 – Tondeuse Zone Intime pour Homme avec Technologie SkinFirst,600.00,470.00,22,Épuisé,Oui,N/A
Lhmiza,Beauté,Braun Series 3 301 – Rasoir Électrique Homme avec Système Triple Action,1.080,830.00,23,En stock,Oui,N/A
Lhmiza,Beauté,SONAR SN-7565 – Tondeuse Professionnelle 3 en 1 avec Recharge USB,200.00,149.00,26,En stock,Oui,N/A
Lhmiza,Beauté,VGR V-979 Tondeuse de Précision Professionnelle,400.00,249.00,38,En stock,Oui,N/A
Lhmiza,Beauté,VGR V-640 Tondeuse Professionnelle 2-en-1 – Moteur 9000 RPM,930.00,750.00,19,En stock,Oui,N/A
Lhmiza,Beauté,Kemei KM-2185 – Tondeuse Professionnelle Puissante à Écran Digital,300.00,199.00,34,En stock,Oui,N/A
Lhmiza,Beauté,Ivano Pro IVO-1060 – Rasoir Électrique 3 en 1 Haut de Gamme,250.00,148.00,41,En stock,Oui,N/A
Lhmiza,Beauté,Ivano Pro IVO-5021 – Tondeuse Professionnelle Haute Précision,230.00,155.00,33,En stock,Oui,N/A
Lhmiza,Beauté,Ivano IVO-7101 Pro 11 en 1 Beauty Tools Kit – Tondeuse & Épilateur Multifonction Professionnel,480.00,299.00,38,En stock,Oui,N/A
Lhmiza,Beauté,Tondeuse Professionnelle Kemei KM-1669,600.00,475.00,21,En stock,Oui,N/A
Lhmiza,Beauté,Tondeuse Électrique Multifonction 4 en 1 SHINON SH-7105,250.00,169.00,32,En stock,Oui,N/A
Lhmiza,Beauté,David Beckham Instinct Gel Douche 200 ml,120.00,69.00,43,En stock,Oui,N/A
Lhmiza,Beauté,Tondeuse Rechargeable HTC AT-538,200.00,98.00,51,En stock,Oui,N/A
Lhmiza,Beauté,Pack Capillaire Complet Brunka Top Magic,400.00,280.00,30,En stock,Oui,N/A
Lhmiza,Beauté,Pack Complet Brunka Protéine & Collagène,400.00,280.00,30,Épuisé,Oui,N/A
Lhmiza,Beauté,Coffret Soin Cheveux Complet Brunka Macadamia – 4-en-1 Ultra-Réparateur,400.00,280.00,30,En stock,Oui,N/A
Lhmiza,Beauté,Lisseur Vapeur Enzo EN-3999 Céramique & Ionique,600.00,450.00,25,En stock,Oui,N/A
Lhmiza,Beauté,"Tondeuse Kemei KM-2273 – Lame en T, Puissance Pro et Autonomie XXL pour une Coupe Parfaite",300.00,164.00,45,En stock,Oui,N/A
Lhmiza,Beauté,"Tondeuse Kemei KM-5021 – Coupe Précise, Silencieuse et Durable",220.00,139.00,37,En stock,Oui,N/A
Lhmiza,Beauté,Tondeuse Kemei KM-1571,320.00,219.00,32,En stock,Oui,N/A
Lhmiza,Beauté,"Tondeuse Kemei KM-641 – Précision Pro, Autonomie Longue Durée",200.00,139.00,31,En stock,Oui,N/A
Lhmiza,Beauté,Rich Dame Curl à la Crème – Custard Définisseur de Boucles Naturelles 500g,200.00,119.00,41,En stock,Oui,N/A
Lhmiza,Beauté,Kit Soin Capillaire Professionnel RICH DAME,500.00,404.00,19,En stock,Oui,N/A
Lhmiza,Beauté,Organic Protein – Lissage Naturel et Réparateur par TUNOUS Beauty Salon 100 ml,200.00,119.00,41,En stock,Oui,N/A
Lhmiza,Beauté,Gold Caviar Protein – Lissage Réparateur Luxueux par TUNOUS Beauty Salon 100 ml,200.00,119.00,41,En stock,Oui,N/A
Lhmiza,Beauté,Diamond Protein – Lissage à la Protéine Premium par TUNOUS Beauty Salon 100 ml,200.00,119.00,41,En stock,Oui,N/A
Lhmiza,Beauté,X-Lisso de MyCare – Lissage Brésilien Professionnel 125 ml pour Cheveux Résistants,158.00,106.00,33,En stock,Oui,N/A
Lhmiza,Beauté,Lissage à la Protéine Amazonas Hydra Blond de Bainna 120 ml,320.00,199.00,38,En stock,Oui,N/A
Lhmiza,Beauté,Lissage à la Protéine Amazonas Hydra Smooth de Bainna 120 ml,320.00,199.00,38,En stock,Oui,N/A
Lhmiza,Beauté,Gold Diamond UVA & Açaí – Soin Lissant Brésilien Antioxydant pour Cheveux Colorés et Blonds – 1L,1.050,799.00,24,En stock,Oui,N/A
Lhmiza,Beauté,Gold Diamond Blindagem Morango – Soin Capillaire Professionnel à la Fraise pour Cheveux Blonds et Argentés – 1L,1.050,799.00,24,En stock,Oui,N/A
Lhmiza,Beauté,Gold Diamond Myrtille & Baie Noire – Soin Lissant Brésilien Professionnel 1L pour Cheveux Blonds et Colorés,1.050,799.00,24,En stock,Oui,N/A
Lhmiza,Beauté,Gold Diamond Filler System Caviar – Masque Réparateur Premium au Caviar pour Cheveux Blonds & Argentés – 1L,1.050,799.00,24,En stock,Oui,N/A
Lhmiza,Beauté,Gold Diamond Tropic Fruits Coconut – Soin Hydratant Intense à la Noix de Coco pour Cheveux Blonds & Argentés – 1L,1.050,799.00,24,En stock,Oui,N/A
Lhmiza,Beauté,Hairtrix Coffee Plex – Soin Bio Protéiné Réparateur & Lissant pour Cheveux Abîmés 120 ml,500.00,299.00,40,En stock,Oui,N/A
Lhmiza,Beauté,Hairtrix Caviar Essence – Soin Lissant Bio Protéiné pour Cheveux Afro 120 ml,500.00,299.00,40,Épuisé,Oui,N/A
Lhmiza,Beauté,Hairtrix Color Plasma Bio Organic – Lissage Intensif & Soin pour Cheveux Colorés 120 ml,500.00,299.00,40,En stock,Oui,N/A
Lhmiza,Beauté,"Kit Soin Cheveux Professionnel Diamond Bleu – Hydratation, Réparation & Brillance",200.00,129.00,36,En stock,Oui,N/A
Lhmiza,Beauté,BRUNKA Caviar Hair Care – Pack Nourrissant & Lissant,300.00,199.00,34,Épuisé,Oui,N/A
Lhmiza,Beauté,BRUNKA Crystal Protein Diamond Edition – Routine Professionnelle Réparatrice,380.00,250.00,34,Épuisé,Oui,N/A
Lhmiza,Beauté,Routine Capillaire Complète BRUNKA Biotin – Soin Réparateur & Croissance Naturelle,380.00,250.00,34,En stock,Oui,N/A
Lhmiza,Beauté,BRUNKA Crystal Protein Moisture & Repair – Coffret Complet Professionnel,400.00,280.00,30,En stock,Oui,N/A
Lhmiza,Beauté,Pack Kesh King Ayurvedic – Shampooing & Huile Anti-Chute,200.00,150.00,25,Épuisé,Oui,N/A
Lhmiza,Beauté,Kesh King Ayurvedic Anti-Hairfall Shampoo – 21 Herbes & Aloe Vera 200ml,200.00,99.00,51,Épuisé,Oui,N/A
Lhmiza,Beauté,Vichy Dercos Technique – Shampooing Énergisant Anti-Chute – 200 ml,200.00,129.00,36,En stock,Oui,N/A
Lhmiza,Beauté,Guess Sexy Skin – Tropical Breeze – Brume parfumée 250 ml,250.00,199.00,20,En stock,Oui,N/A
Lhmiza,Beauté,Guess Sexy Skin – Sweet Sugar – Brume parfumée 250 ml,250.00,199.00,20,En stock,Oui,N/A
Lhmiza,Beauté,Guess Sexy Skin – Solar Warmth – Brume Parfumée pour le Corps – 250 ml,250.00,199.00,20,En stock,Oui,N/A
Lhmiza,Beauté,VGR Voyager V-099 Tondeuse Électrique 3 en 1,250.00,160.00,36,En stock,Oui,N/A
Lhmiza,Beauté,"SOKANY SK-1934 Brosse Chauffante 3 en 1 – Lissage, Séchage et Brushing 1600W",450.00,335.00,26,En stock,Oui,N/A
Lhmiza,Beauté,SOKANY 10 en 1 Brosse Soufflante Multifonction SK-1002 – Coiffure à Air Chaud 1000W,500.00,350.00,30,En stock,Oui,N/A
Lhmiza,Beauté,Daimond Bleu Moisture Protein & Shampoo Soin Capillaire Professionnel 850 ml Sans Parabène,1.000,750.00,25,En stock,Oui,N/A
Lhmiza,Beauté,REAL Black Hair Shampoo 3 en 1 – Coloration Noire Rapide pour Cheveux Gris Sans Ammoniaque,200.00,125.00,38,Épuisé,Oui,N/A
Lhmiza,Beauté,Brown Hair Shampoo 3 en 1 – Coloration Brune Rapide pour Cheveux Gris Sans Ammoniaque,200.00,125.00,38,En stock,Oui,N/A
Lhmiza,Beauté,Brunka Diamond Bleu Moisture & Repair – Kit Complet Soins Capillaires,400.00,280.00,30,Épuisé,Oui,N/A
Lhmiza,Beauté,Braun Silk-épil 9 SensoSmart Épilateur Électrique – Wet & Dry avec Tête Large,2.400,1.998,17,Épuisé,Oui,N/A
Lhmiza,Beauté,SVR Ampoule B3 Hydra 30ml,450.00,360.00,20,En stock,Oui,N/A
Lhmiza,Beauté,SVR Sebiaclear AZ Ampoule Flash – Sérum Anti-Imperfections Puissant 30ml,300.00,265.00,12,En stock,Oui,N/A
Lhmiza,Beauté,VGR V-001 Tondeuse Ultra Premium 7000-9000RPM,890.00,675.00,24,En stock,Oui,N/A
Lhmiza,Beauté,Kemei KM-1576 – Tondeuse de Finition Professionnelle,300.00,225.00,25,En stock,Oui,N/A
Lhmiza,Beauté,Kemei KM-2360 – Kit Tondeuse 3-en-1 Multifonction 7800 RPM Haute Vitesse,1.050,850.00,19,En stock,Oui,N/A
Lhmiza,Beauté,"Tondeuse VGR V-270 – 9000 RPM, 8 Sabots Métalliques, Écran LED & Base de Recharge",800.00,635.00,21,En stock,Oui,N/A
Lhmiza,Beauté,Tondeuse Kemei KM-1858 Professionnelle,800.00,580.00,28,En stock,Oui,N/A
Lhmiza,Beauté,"Tondeuse Kemei KM-2279 Professionnelle Écran LCD, Batterie 2000mAh",400.00,299.00,25,En stock,Oui,N/A
Lhmiza,Beauté,VGR V-003 – Tondeuse à Cheveux Professionnelle 9000 RPM,700.00,520.00,26,En stock,Oui,N/A
Lhmiza,Beauté,NoGrey Lotion Anti-Cheveux Gris 200 ml,325.00,205.00,37,En stock,Oui,N/A
Lhmiza,Beauté,VEREN Masque Visage Argile Blanche – Tous Types de Peaux,250.00,199.00,20,En stock,Oui,N/A
Lhmiza,Beauté,VEREN Lotion Tonique Hydratante Visage 1L – Camomille & Hibiscus,250.00,199.00,20,Épuisé,Oui,N/A
Lhmiza,Beauté,"VEREN Lait Démaquillant 1L – Visage, Yeux, Lèvres | Démaquille, Apaise & Nourrit – Tous Types de Peaux",250.00,199.00,20,En stock,Oui,N/A
Lhmiza,Beauté,VEREN Crème de Modelage Visage – Tous Types de Peaux,250.00,199.00,20,En stock,Oui,N/A
Lhmiza,Beauté,VEREN Gommage Visage Niacinamide & Argile Blanche – Tous Types de Peaux,250.00,199.00,20,En stock,Oui,N/A
Lhmiza,Beauté,VEREN Gel Nettoyant Visage & Corps 1L – Tous Types de Peaux,250.00,199.00,20,En stock,Oui,N/A
Lhmiza,Beauté,VEREN Gel Nettoyant Visage & Corps 1L – Peaux Sèches & Sensibles,250.00,199.00,20,En stock,Oui,N/A
Lhmiza,Beauté,VEREN Gel Nettoyant Visage & Corps 1L – Peaux Grasses & Acnéiques,250.00,199.00,20,En stock,Oui,N/A
Lhmiza,Beauté,Routine Complète Soin du Visage VEREN – 6 Produits Professionnels 1L,1.200,1.040,13,En stock,Oui,N/A
Lhmiza,Beauté,Lisseur Professionnel Ivano Pro IVO-7880,400.00,299.00,25,En stock,Oui,N/A
Lhmiza,Beauté,Lisseur Professionnel Ivano Pro IVO-5936,500.00,350.00,30,En stock,Oui,N/A
Lhmiza,Beauté,Lisseur Professionnel Ivano Pro IVO-5780,400.00,320.00,20,En stock,Oui,N/A
Lhmiza,Beauté,Lisseur Professionnel Ivano Pro IVO-3973,500.00,350.00,30,En stock,Oui,N/A
Lhmiza,Beauté,Lisseur Professionnel Ivano Pro IVO-3119,430.00,299.00,30,En stock,Oui,N/A
Lhmiza,Beauté,Lisseur Professionnel Ivano Pro IVO-1988,500.00,350.00,30,En stock,Oui,N/A
Lhmiza,Beauté,Lisseur Professionnel Ivano Pro IVO-1013,480.00,378.00,21,En stock,Oui,N/A
Lhmiza,Beauté,Lisseur Professionnel Ivano Pro IVI-6610,500.00,350.00,30,En stock,Oui,N/A
Lhmiza,Beauté,Lisseur Professionnel Ivano Pro,500.00,389.00,22,En stock,Oui,N/A
Lhmiza,Beauté,Lisseur Professionnel Enzo EN-3828,500.00,350.00,30,En stock,Oui,N/A
Lhmiza,Beauté,Lisseur Professionnel Enzo EN-1988 – Haute Température 990°F en Titane,500.00,350.00,30,Épuisé,Oui,N/A
Lhmiza,Beauté,Lisseur Professionnel en Céramique 988°F Pour Kératine Et Protéine 65W – ENZO EN-3129,480.00,325.00,32,En stock,Oui,N/A
Lhmiza,Beauté,Brosse Soufflante One-Step Volumizer Plus 2.0,450.00,350.00,22,En stock,Oui,N/A
Lhmiza,Beauté,Brosse Soufflante ONE STEP Enzo EN-4112 avec Sérum Protecteur,500.00,399.00,20,En stock,Oui,N/A
Lhmiza,Beauté,Brosse Soufflante Ivano Pro Supercare Pro+,400.00,299.00,25,En stock,Oui,N/A
Lhmiza,Beauté,Brosse Soufflante 4-en-1 Ivano Pro,500.00,350.00,30,En stock,Oui,N/A
Lhmiza,Beauté,Clarins Total Eye Lift 15ml Coffret – Soin Lift Regard,1.085,875.00,19,En stock,Oui,N/A
Lhmiza,Beauté,Clarins Coffret Double Serum & Extra-Firming – Soin Anti-Âge Global,1.780,1.548,13,En stock,Oui,N/A
Lhmiza,Beauté,Clarins Extra-Firming Jour 50ml Coffret – Soin Rides et Fermeté,1.087,950.00,13,En stock,Oui,N/A
Lhmiza,Beauté,Clarins Coffret Double Serum Eye – Regard Éclatant et Rajeuni,1.080,865.00,20,En stock,Oui,N/A
Lhmiza,Beauté,Clarins Coffret Double Serum & Super Restorative – Soin Anti-Âge Complet,1.550,1.311,15,En stock,Oui,N/A
Lhmiza,Beauté,Clinique Moisture Surge 100H – Hydratation Instantanée et Longue Durée,680.00,575.00,15,En stock,Oui,N/A
Lhmiza,Beauté,Estée Lauder Advanced Night – Renouvellement Nocturne,1.750,1.598,9,En stock,Oui,N/A
Lhmiza,Beauté,Tondeuse à Cheveux Professionnelle VGR V-987,550.00,416.00,24,En stock,Oui,N/A
Lhmiza,Beauté,Tondeuse à Cheveux Professionnelle Sans Fil KEMEI KM-2293,350.00,229.00,35,En stock,Oui,N/A
Lhmiza,Beauté,Tondeuse Professionnelle Sans Fil Rechargeable VGR V-949,480.00,299.00,38,En stock,Oui,N/A
Lhmiza,Beauté,Lisseur En Céramique 1280°F Pour Kératine Et Protéine ENZO EN-3112,500.00,389.00,22,En stock,Oui,N/A
Lhmiza,Beauté,Fer à Lisser Enzo Italy PRO Steel 3127,500.00,316.00,37,En stock,Oui,N/A
Lhmiza,Beauté,Brosse Chauffante ENZO EN-4132,500.00,399.00,20,En stock,Oui,N/A
Lhmiza,Beauté,Brosse Chauffante 2-en-1 ENZO EN-4110,500.00,350.00,30,Épuisé,Oui,N/A
Lhmiza,Beauté,Kit 2 en 1 Tondeuse et Rasoir Électrique VGR V-649,500.00,350.00,30,En stock,Oui,N/A
Lhmiza,Beauté,Tondeuse de Précision DSP 90399,500.00,318.00,N/A,En stock,Non,N/A
Lhmiza,Beauté,Tondeuse à Cheveux Professionnelle VGR V-931,400.00,225.00,44,En stock,Oui,N/A
Lhmiza,Beauté,Tondeuse à Cheveux Professionnelle VGR V-990,400.00,299.00,25,En stock,Oui,N/A
Lhmiza,Beauté,Rasoir Électrique Professionnel VGR V-357,300.00,239.00,20,En stock,Oui,N/A
Lhmiza,Beauté,Enzo EN-3311 Professional Supercare PRO – Coffret 3 en 1 pour une Coiffure Parfaite,800.00,599.00,25,En stock,Oui,N/A
Lhmiza,Beauté,ENZO EN-747 Brosse soufflante rotative Volumased Blow-Dry,500.00,399.00,20,En stock,Oui,N/A
Lhmiza,Beauté,"BaByliss Ensemble de Brosses à Air Chaud Rotatives AS200E Brush & Style Ionic, 1000W",1.600,1.245,22,En stock,Oui,N/A
Lhmiza,Beauté,Honey & Propolis – Shampooing Hydratant et Traitement Capillaire Profond,200.00,155.00,23,En stock,Oui,N/A
Lhmiza,Beauté,SKALA Expert Babosa Aloe Vera – Traitement Bouclage et Hydratation,200.00,129.00,36,En stock,Oui,N/A
Lhmiza,Beauté,SKALA Expert Divino Potão – Traitement Bouclage et Hydratation,200.00,129.00,36,En stock,Oui,N/A
Lhmiza,Beauté,SKALA Expert Dona Skala – Traitement 2-en-1 Bouclage et Hydratation,200.00,129.00,36,En stock,Oui,N/A
Lhmiza,Beauté,SKALA Expert Gelatina Capilar Mais Cachos – Gel Capillaire Légèreté,200.00,129.00,36,En stock,Oui,N/A
Lhmiza,Beauté,SKALA Expert Potão do Amor – Traitement 2-en-1 Bouclage et Hydratation,200.00,129.00,36,En stock,Oui,N/A
Lhmiza,Beauté,SKALA Expert Traitement 2-en-1 Crespinhos Divino Kids – Bouclage et Hydratation Supérieurs,200.00,129.00,36,En stock,Oui,N/A
Lhmiza,Beauté,SKALA Expert Maionese Capilar Nutritiva – Crème 2-en-1 Hydratation et Nutrition,200.00,129.00,36,En stock,Oui,N/A
Lhmiza,Beauté,SKALA Expert Mais Crespinhos – Crème 2-en-1 pour Hydratation et Bouclage,200.00,129.00,36,En stock,Oui,N/A
Lhmiza,Beauté,SKALA Traitement 2-en-1 Mais Cachinhos – Le Meilleur Soin Cheveux Enfants,200.00,129.00,36,En stock,Oui,N/A
Lhmiza,Beauté,iVANO 5 en 1 Brosse à Air Chaud et Sèche-Cheveux Professionnel IVO 232,600.00,399.00,34,En stock,Oui,N/A
Lhmiza,Beauté,Fer à lisser Lizze Extreme de Ivano Pro 250° C,600.00,399.00,34,En stock,Oui,N/A
Lhmiza,Beauté,Kemei KM-1840 Tondeuse Rechargeable avec Écran LED,250.00,189.00,24,En stock,Oui,N/A
Lhmiza,Beauté,Kemei KM-1856 Tondeuse Professionnelle avec Lame Métallique,400.00,295.00,26,En stock,Oui,N/A
Lhmiza,Beauté,Kemei KM-2796 Tondeuse Professionnelle Haute Vitesse,690.00,495.00,28,En stock,Oui,N/A
Lhmiza,Beauté,Kemei KM-2808 Rasoir Multifonction 3 en 1 Rechargeable,450.00,285.00,37,En stock,Oui,N/A
Lhmiza,Beauté,Tondeuse Kemei KM-K52S Professionnelle Rechargeable,500.00,318.00,36,En stock,Oui,N/A
Lhmiza,Beauté,Kemei KM-1551 Tondeuse Professionnelle Rechargeable,500.00,389.00,22,En stock,Oui,N/A
Lhmiza,Beauté,Kemei KM-2027 Rasoir Électrique Camouflage avec Écran LCD et Double Lame,300.00,197.00,34,En stock,Oui,N/A
Lhmiza,Beauté,Kemei KM-2028 Rasoir Électrique avec Double Tête et Écran LCD,350.00,245.00,30,En stock,Oui,N/A
Lhmiza,Beauté,Kemei KM-2795 Tondeuse Professionnelle de Précision avec Écran LCD,600.00,399.00,34,En stock,Oui,N/A
Lhmiza,Beauté,Kemei KM-1949 Tondeuse à Cheveux Professionnelle,230.00,179.00,22,En stock,Oui,N/A
Lhmiza,Beauté,Kemei KM-2628 Tondeuse à Cheveux Professionnelle,400.00,299.00,25,En stock,Oui,N/A
Lhmiza,Beauté,Kemei KM-709A Tondeuse Professionnelle Réglable,400.00,299.00,25,En stock,Oui,N/A
Lhmiza,Beauté,Bianna Shampooing et Crème Soin Capillaire Duo Protéiné,300.00,199.00,34,En stock,Oui,N/A
Lhmiza,Beauté,Bianna Crème Soin Capillaire Protéinée 500 ml,150.00,115.00,23,En stock,Oui,N/A
Lhmiza,Beauté,Bianna Shampooing Protéiné Soin Intensif 500 ml,150.00,109.00,27,En stock,Oui,N/A
Lhmiza,Beauté,Tondeuse Kemei KM-2002 Précision Professionnelle et Rechargeable,300.00,215.00,28,En stock,Oui,N/A
Lhmiza,Beauté,Rasoir Électrique VGR V-331,300.00,199.00,34,En stock,Oui,N/A
Lhmiza,Beauté,Tondeuse Professionnelle VGR V-653,600.00,399.00,34,En stock,Oui,N/A
Lhmiza,Beauté,Tondeuse à Cheveux Professionnelle Kemei km-2286,600.00,389.00,35,En stock,Oui,N/A
Lhmiza,Beauté,Set de Ventouses Anti-Cellulite 4 Pièces,200.00,129.00,36,En stock,Oui,N/A
Lhmiza,Beauté,Brosse Chauffante One Step Sokany SK-904A,400.00,229.00,43,En stock,Oui,N/A
Lhmiza,Beauté,Laneige Lip Sleeping Mask Berry – Soin Hydratant et Réparateur des Lèvres,400.00,318.00,21,En stock,Oui,N/A
Lhmiza,Beauté,SOME BY MI Retinol Intense Crème Contour des Yeux Triple Action,300.00,245.00,18,En stock,Oui,N/A
Lhmiza,Beauté,Peigne Chauffant Portable,200.00,94.00,53,Épuisé,Oui,N/A
Lhmiza,Beauté,Shampooing Antipelliculaire Zenix Professional 250 ml,250.00,179.00,28,En stock,Oui,N/A
Lhmiza,Beauté,Fleuriss Kit Soin Capillaire à la Protéine de Coco,250.00,178.00,29,En stock,Oui,N/A
Lhmiza,Beauté,Tondeuse WAHL Legend 5 Star Series,1.800,1.455,19,En stock,Oui,N/A
Lhmiza,Beauté,Tondeuse à Cheveux Professionnelle Kemei KM-1325,200.00,135.00,33,En stock,Oui,N/A
Lhmiza,Beauté,Tondeuse Professionnelle Ivano Pro IVO-123,400.00,225.00,44,En stock,Oui,N/A
Lhmiza,Beauté,Tondeuse Professionnelle Ivano Pro IVO-122,400.00,275.00,31,En stock,Oui,N/A
Lhmiza,Beauté,Nikai NK-9822-5 – Brosse Soufflante Professionnelle 5 en 1 pour Cheveux,500.00,348.00,30,En stock,Oui,N/A
Lhmiza,Beauté,Fer à Lisser Ivano Pro IVO-431,400.00,229.00,43,En stock,Oui,N/A
Lhmiza,Beauté,Brosse One Step Enzo EN-4115,500.00,325.00,35,Épuisé,Oui,N/A
Lhmiza,Beauté,Brosse Chauffante Lissante Enzo EN-740,500.00,399.00,20,En stock,Oui,N/A
Lhmiza,Beauté,Pack Soin Capillaire Hellem Botox & Protein,300.00,189.00,37,En stock,Oui,N/A
Lhmiza,Beauté,"Pack Régénérant Ailcol – Shampoing, Masque et Sérum",400.00,299.00,25,En stock,Oui,N/A
Lhmiza,Beauté,Nutrilab Slim Flush Réducteur d’Appétit & Amincissement 60 Gélules,200.00,145.00,28,En stock,Oui,N/A
Lhmiza,Beauté,Moringa Oleifera Bio Complément Alimentaire 100% Naturel,200.00,149.00,26,En stock,Oui,N/A
Lhmiza,Beauté,JRL ONYX FF2020T-B Tondeuse Professionnelle Sans Fil,2.050,1.650,20,En stock,Oui,N/A
Lhmiza,Beauté,JRL ONYX FF2020C-B Tondeuse Professionnelle Sans Fil,2.400,1.930,20,En stock,Oui,N/A
Lhmiza,Beauté,Crest 3D White Whitestrips Professional Effects – 40 Bandes de Blanchiment,980.00,799.00,18,En stock,Oui,N/A
Lhmiza,Beauté,ENZO EN-4128 Pro Signature Brosse Soufflante Volumisante,600.00,399.00,34,En stock,Oui,N/A
Lhmiza,Beauté,ENZO EN-751 Sèche-cheveux et Brosse Coiffante 2 en 1,600.00,399.00,34,En stock,Oui,N/A
Lhmiza,Beauté,Brosse Sèche-cheveux Enzo EN-6209,500.00,350.00,30,En stock,Oui,N/A
Lhmiza,Beauté,V-Benz WS-9079 Set de Coiffure Professionnel 5 en 1,600.00,399.00,34,En stock,Oui,N/A
Lhmiza,Beauté,Brosse Sèche-Cheveux ENZO EN-6205,500.00,345.00,31,En stock,Oui,N/A
Lhmiza,Beauté,Ensemble Boucleur 5 en 1 ENZO EN-6206,500.00,299.00,40,En stock,Oui,N/A
Lhmiza,Beauté,Kemei KM-6550 3 en 1 – Tondeuse Multifonction,200.00,138.00,31,En stock,Oui,N/A
Lhmiza,Beauté,Huile Ayurvédique Kesh King Solution Anti-Chute,125.00,75.00,40,En stock,Oui,N/A
Lhmiza,Beauté,Tondeuse Rechargeable HTC AT-588,200.00,125.00,38,En stock,Oui,N/A
Lhmiza,Beauté,Tondeuse Professionnelle HTC AT-119,200.00,118.00,41,En stock,Oui,N/A
Lhmiza,Beauté,Tondeuse à Cheveux Rechargeable HTC AT-118,200.00,99.00,51,En stock,Oui,N/A
Lhmiza,Beauté,Tondeuse Professionnelle SHINON SH-2562,200.00,99.00,51,Épuisé,Oui,N/A
Lhmiza,Beauté,Tondeuse à Cheveux Rechargeable HTC AT-702,300.00,215.00,28,En stock,Oui,N/A
Lhmiza,Beauté,Some By Mi Retinol Intense Trial Kit – Sérum Anti-âge et Crème Raffermissante,250.00,188.00,25,En stock,Oui,N/A
Lhmiza,Beauté,Embryolisse Lait-Crème Concentré 75 ml,400.00,290.00,28,En stock,Oui,N/A
Lhmiza,Beauté,DSP Professional One-Step Styler Modèle 50184,600.00,399.00,34,En stock,Oui,N/A
Lhmiza,Beauté,Lisseur Sokany SK-15004,500.00,350.00,30,En stock,Oui,N/A
Lhmiza,Beauté,Rowenta Elite Multistyler 14-en-1,700.00,525.00,25,En stock,Oui,N/A
Lhmiza,Beauté,Vichy Dercos Aminexil Clinical 5 Anti-Chute de Cheveux pour Femmes,750.00,518.00,31,En stock,Oui,N/A
Lhmiza,Beauté,Coffret Soin Cheveux 3 en 1 Crystal Protein & Keratin,400.00,245.00,39,En stock,Oui,N/A
Lhmiza,Beauté,Shampooing Colorant COSMO Dark Brown,150.00,99.00,34,En stock,Oui,N/A
Lhmiza,Beauté,Shampooing Colorant COSMO Natural Black,150.00,99.00,34,En stock,Oui,N/A
Lhmiza,Beauté,Lisseur à Vapeur ENZO EN-3995 Professionnel SteamPod Infrarouge,600.00,450.00,25,Épuisé,Oui,N/A
Lhmiza,Beauté,Brosse Sèche-Cheveux Volumisante ENZO EN-6212,500.00,350.00,30,En stock,Oui,N/A
Lhmiza,Beauté,Brosse Volumisante ENZO EN-6214 Professionnelle,500.00,350.00,30,Épuisé,Oui,N/A
Lhmiza,Beauté,Bainna Protéine Amazonas Hydra Smooth,1.600,1.200,25,En stock,Oui,N/A
Lhmiza,Beauté,Bainna Protéine Amazonas Hydra Blond,1.600,1.200,25,En stock,Oui,N/A
Lhmiza,Beauté,Pack Capila Anti-Chute,400.00,245.00,39,En stock,Oui,N/A
Lhmiza,Beauté,Tonique Capillaire Balea Men Power Effect Coffein Boost – Anti-Chute et Stimulant,200.00,110.00,45,En stock,Oui,N/A
Lhmiza,Beauté,Soin Amazon Fruits Shampooing et Après-Shampooing Hydratants à la Cafeterapia,500.00,299.00,40,En stock,Oui,N/A
Lhmiza,Beauté,Soin Amazon Fruits Shampooing et Après-Shampooing Hydratants à la Macadamia & Coco Babaçu,500.00,299.00,40,En stock,Oui,N/A
Lhmiza,Beauté,Tondeuse Geemy GM-3152 3 en 1,300.00,165.00,45,En stock,Oui,N/A
Lhmiza,Beauté,Sèche-cheveux Enzo EN-6119,500.00,389.00,22,En stock,Oui,N/A
Lhmiza,Beauté,Pro-liss Traitement kératine lissante et réparatrice 1L,1.000,850.00,15,Épuisé,Oui,N/A
Lhmiza,Beauté,Crystal Protein Royal Premium Duo Shampoing et Protéine 800ml,1.000,699.00,30,En stock,Oui,N/A
Lhmiza,Beauté,Enzo EN-750 Kit de coiffure 6 en 1,800.00,650.00,19,En stock,Oui,N/A
Lhmiza,Beauté,Enzo EN-746 Brosse Rotative Soufflante Ultime,750.00,499.00,33,En stock,Oui,N/A
Lhmiza,Beauté,Kemei KM-2299 Tondeuse à Cheveux Sans Fil Professionnelle,320.00,199.00,38,En stock,Oui,N/A
Lhmiza,Beauté,Tondeuse à Cheveux Kemei KM-2296,500.00,350.00,30,En stock,Oui,N/A
Lhmiza,Beauté,Karseell Kit de Réparation Pour Cheveux Secs Abîmés,1.100,589.00,46,Épuisé,Oui,N/A
Lhmiza,Beauté,Ensemble Karseell Shampooing et Sérum,500.00,269.00,46,Épuisé,Oui,N/A
Lhmiza,Beauté,Ensemble Karseell Shampooing et Masque,700.00,385.00,45,Épuisé,Oui,N/A
Lhmiza,Beauté,Ensemble Karseell Shampooing et revitalisant,600.00,349.00,42,Épuisé,Oui,N/A
Lhmiza,Beauté,Karseell Sérum Collagène et Kératine pour cheveux endommagés,200.00,99.00,51,Épuisé,Oui,N/A
Lhmiza,Beauté,Karseell Après-Shampooing Hydratant à l’Huile d’Argan,300.00,185.00,38,En stock,Oui,N/A
Lhmiza,Beauté,Karseell Shampooing Hydratant à l’Huile d’Argan,300.00,185.00,38,Épuisé,Oui,N/A
Lhmiza,Beauté,Kit Polyvalent Mini Tondeuse à Cheveux et Rasoir Portable Sans Fil WS-8150,250.00,149.00,40,En stock,Oui,N/A
Lhmiza,Beauté,HTC AT-1088 Tondeuse à cheveux multifonctionnelle 3 en 1,250.00,145.00,42,En stock,Oui,N/A
Lhmiza,Beauté,Tondeuse Gamma+ X-Evo Machine de découpe professionnel,2.050,1.650,20,En stock,Oui,N/A
Lhmiza,Beauté,LZZO V-8257 One Step Brosse Soufflante Professionnelle,500.00,299.00,40,En stock,Oui,N/A
Lhmiza,Beauté,Kit de Manucure 16 en 1 Ensemble de Pédicure Professionnel,180.00,99.00,45,En stock,Oui,N/A
Lhmiza,Beauté,LISO SUPREMO ALEA Traitement à la kératine,400.00,269.00,33,Épuisé,Oui,N/A
Lhmiza,Beauté,Lissage à la protéine King Liss Silver Blond 1L,1.200,889.00,26,Épuisé,Oui,N/A
Lhmiza,Beauté,Kemei KM-1207 Épilateur avec tête de rasage supplémentaire et grattage,300.00,199.00,34,En stock,Oui,N/A
Lhmiza,Beauté,Épilateur de Sourcils Électrique 2 en 1 Mini Rasoir,200.00,95.00,53,En stock,Oui,N/A
Lhmiza,Beauté,ENZO EN-5666 lisseur à cheveux professionnel en céramique,500.00,395.00,21,En stock,Oui,N/A
Lhmiza,Beauté,ENZO EN-3119 950 °F Lisseur plat en céramique,400.00,289.00,28,En stock,Oui,N/A
Lhmiza,Beauté,ENZO EN-3333 Lisseur en céramique,400.00,270.00,33,En stock,Oui,N/A
Lhmiza,Beauté,ENZO EN-3860 Lisseur cheveux Keratin Protect,580.00,365.00,37,En stock,Oui,N/A
Lhmiza,Beauté,ENZO EN-3108 Fer à lisser Professional Nano Titanium,500.00,320.00,36,En stock,Oui,N/A
Lhmiza,Beauté,ENZO EN-3109 fer à lisser,500.00,320.00,36,En stock,Oui,N/A
Lhmiza,Beauté,Chauffe cire épilation 4en1 ENZO EASY WAX EN-1117G,300.00,189.00,37,En stock,Oui,N/A
Lhmiza,Beauté,Lixxo 1 Crème lissante cheveux naturels Vitality’s 250 ml,250.00,186.00,26,En stock,Oui,N/A
Lhmiza,Beauté,Kit Lissage Brésilien Keratimask 150ml,400.00,214.00,47,Épuisé,Oui,N/A
Lhmiza,Beauté,COCO BAMBOO BOTOX 1KG,600.00,395.00,34,Épuisé,Oui,N/A
Lhmiza,Beauté,COCO BAMBOO BRAZILIAN PROTEIN 1L,1.200,995.00,17,En stock,Oui,N/A
Lhmiza,Beauté,COCO BAMBOO BRAZILIAN PROTEIN 150ml,400.00,195.00,51,En stock,Oui,N/A
Lhmiza,Beauté,ENZO EN-5181 Fer à Lisser Chauffage Rapide 2 en 1,600.00,350.00,N/A,En stock,Non,N/A
Lhmiza,Beauté,ENZO EN-9911 scuderia ferrari Lisseur de cheveux,500.00,245.00,51,Épuisé,Oui,N/A
Lhmiza,Beauté,ENZO EN-3118 fer à lisser professionnel,500.00,280.00,44,Épuisé,Oui,N/A
Lhmiza,Beauté,"ENZO 985, F Fer Chaud 2 en 1",500.00,399.00,20,En stock,Oui,N/A
Lhmiza,Beauté,BIANNA Gommage Pour Le Visage à l’Abricot Doux,150.00,99.00,34,En stock,Oui,N/A
Lhmiza,Beauté,BIANNA Gommage Pour Le Visage Océan Brézé,150.00,99.00,34,En stock,Oui,N/A
Lhmiza,Beauté,BIANNA Gommage Irrésistible Pour le Visage a La mûre,150.00,99.00,34,En stock,Oui,N/A
Lhmiza,Beauté,BIANNA MASQUE FACIAL à L’Argile Matifiante au Thé Vert et au Bambou,150.00,99.00,34,En stock,Oui,N/A
Lhmiza,Beauté,BIANNA Crème Profondément Hydratante au Thé Vert et au Bambou,150.00,99.00,34,En stock,Oui,N/A
Lhmiza,Beauté,BIANNA TONIQUE VISAGE au Thé Vert et au Bambou Solution Efficace,150.00,99.00,34,En stock,Oui,N/A
Lhmiza,Beauté,BIANNA MICELLAIRE H2O au Thé Vert et au Bambou Nettoyant en Douceur,150.00,99.00,34,En stock,Oui,N/A
Lhmiza,Beauté,BIANNA Gel Nettoyant Visage au Thé Vert et Bambou,150.00,119.00,21,En stock,Oui,N/A
Lhmiza,Beauté,Kit Soin BIANNA COLLAGÈNE Rajeunir et Restaure,300.00,199.00,34,En stock,Oui,N/A
Lhmiza,Beauté,Kit Soin BIANNA KÉRATINE Renforce et Renouvelle,300.00,199.00,34,En stock,Oui,N/A
Lhmiza,Beauté,Kit Soin BIANNA ARGAN Revitalise et Restaure,300.00,199.00,34,En stock,Oui,N/A
Lhmiza,Beauté,Masque BIANNA au Collagène,150.00,115.00,23,En stock,Oui,N/A
Lhmiza,Beauté,Masque BIANNA à la kératine,150.00,115.00,23,En stock,Oui,N/A
Lhmiza,Beauté,Masque BIANNA à l’huile d’argan,150.00,115.00,23,En stock,Oui,N/A
Lhmiza,Beauté,Shampooing BIANNA COLLAGÈNE,150.00,109.00,27,En stock,Oui,N/A
Lhmiza,Beauté,Shampooing BIANNA KÉRATINE,150.00,109.00,27,En stock,Oui,N/A
Lhmiza,Beauté,Shampooing BIANNA ARGAN,150.00,109.00,27,En stock,Oui,N/A
Lhmiza,Beauté,Shampooing BIANNA NO-YELLOW,150.00,109.00,27,En stock,Oui,N/A
Lhmiza,Beauté,MEDEROL Lissage Brésilien a la protéine Sans Formol 1L,1.400,999.00,29,En stock,Oui,N/A
Lhmiza,Beauté,Gold Diamond Lissage Brésilien professionnel pour cheveux colorés 1L,1.500,1.050,30,En stock,Oui,N/A
Lhmiza,Beauté,Cavailles gel douche l’original peaux sensibles,300.00,229.00,24,En stock,Oui,N/A
Lhmiza,Beauté,Rouge Cavaillés baume corps réparateur beurre de karité et huile de jojoba,340.00,279.00,18,En stock,Oui,N/A
Lhmiza,Beauté,Pack Denti-smile Blancheur Éclatante au Charbon,350.00,264.00,25,En stock,Oui,N/A
Lhmiza,Beauté,ENZO EN-9104 Boucleur À la Kératine en Céramique 950°C,400.00,280.00,30,En stock,Oui,N/A
Lhmiza,Beauté,ENZO EN-6202 One Step Brosse Soufflante Professionnelle,400.00,279.00,30,En stock,Oui,N/A
Lhmiza,Beauté,ENZO EN-5185 Lisseur Cheveux Professionnel,580.00,355.00,39,En stock,Oui,N/A
Lhmiza,Beauté,ENZO Hydraluxe EN-4127 One Step Brosse Soufflante Professionnelle,575.00,350.00,39,Épuisé,Oui,N/A
Lhmiza,Beauté,ENZO EN-3338 Lisseur Cheveux Professionnel En Céramique et Titane 65W,625.00,389.00,38,En stock,Oui,N/A
Lhmiza,Beauté,ENZO EN-3328 Lisseur En Panneau Céramique Et Titane 1280°F Pour Kératine Et Protéine,550.00,345.00,37,En stock,Oui,N/A
Lhmiza,Beauté,Inebrya Fluide restructurant à la kératine pour cuir chevelu et cheveux,220.00,168.00,24,En stock,Oui,N/A
Lhmiza,Beauté,2 Pcs Rouge à Lèvres Magique peel off Kiss Beauty,120.00,76.00,37,En stock,Oui,N/A
Lhmiza,Beauté,ENZO EN-4125 One Step Brosse soufflante professionnelle,400.00,260.00,35,En stock,Oui,N/A
Lhmiza,Beauté,DSP 10022 Lisseur en céramique à température de 230°C,400.00,245.00,39,Épuisé,Oui,N/A
Lhmiza,Beauté,"Masque Capillaire Karseell au Collagène Soin Profond à la Coco, Kératine et Huile d’Argan 500ml",500.00,220.00,56,En stock,Oui,N/A
Lhmiza,Beauté,Mini lisseur 3/10 pouces avec température réglable,300.00,189.00,37,En stock,Oui,N/A
Lhmiza,Beauté,Braun Series 1 Smart Foil Smooth Convenient Shaver 150s Rasoir Intelligent,500.00,450.00,10,En stock,Oui,N/A
Lhmiza,Beauté,DSP 50172 Styler Capillaire Chauffant,500.00,299.00,40,En stock,Oui,N/A
Lhmiza,Beauté,Pack Anti-Âge EUCERIN HYALURON-FILLER Soin de Jour 50ml + Fluide Ultra-Léger SPF 50+,300.00,268.00,11,Épuisé,Oui,N/A
Lhmiza,Beauté,PanOxyl 10 % Nettoyant moussant anti-acné ultra puissant,400.00,275.00,31,En stock,Oui,N/A
Lhmiza,Beauté,"ENZO Brosse à cheveux 2 en 1, lisseur et one step brosse chauffante",600.00,450.00,25,En stock,Oui,N/A
Lhmiza,Beauté,Kit Lissage à la Protéine Vegan Lizz ORGANIKA GREEN,400.00,245.00,39,En stock,Oui,N/A
Lhmiza,Beauté,Vitaplex Protein Brazilian Shampooing et Conditioner 500ml,300.00,179.00,40,En stock,Oui,N/A
Lhmiza,Beauté,KEMEI KM-1961 tondeuse électrique en métal Sans fil,500.00,350.00,30,En stock,Oui,N/A
Lhmiza,Beauté,VGR V-976 Tondeuse professionnelle sans fil,400.00,250.00,38,En stock,Oui,N/A
Lhmiza,Beauté,KEMEI 2600 Tondeuse professionnelle LCD pour coupe de barbe,400.00,240.00,40,En stock,Oui,N/A
Lhmiza,Beauté,KEMEI Tondeuse sans fil Précision professionnelle,400.00,239.00,40,En stock,Oui,N/A
Lhmiza,Beauté,"Innovative Protéine sans formol, triple huile 1L",2.000,1.585,21,Épuisé,Oui,N/A
Lhmiza,Beauté,Revlon RVST2211 SmoothStay lisseur,800.00,689.00,14,En stock,Oui,N/A
Lhmiza,Beauté,Jaysuing Huile Anti-Chute pour les Cheveux 100ml,200.00,89.00,56,En stock,Oui,N/A
Lhmiza,Beauté,"H24 Lavant solide visage, corps et cheveux Hermès 100g",400.00,379.00,5,En stock,Oui,N/A
Lhmiza,Beauté,Sac à cosmétiques multifonctionnel en cuir idéal pour voyager,200.00,99.00,51,En stock,Oui,N/A
Lhmiza,Beauté,CKEYIN Rasoir électrique pour femme,200.00,129.00,36,Épuisé,Oui,N/A
Lhmiza,Beauté,Épilateur électrique polyvalent portable 2 en 1 pour femme,200.00,99.00,51,En stock,Oui,N/A
Lhmiza,Beauté,Épilateur à lumière pulsée IPL pour femmes,800.00,555.00,31,En stock,Oui,N/A
Lhmiza,Beauté,Lissage Profond à la Protéine EKO Macadamia Café – Pour une Douceur Intense 1L,1.600,1.080,33,En stock,Oui,N/A
Lhmiza,Beauté,Lissage Douceur EKO à la Protéine Macadamia & Miel – Pour des Cheveux Sublimés 1L,1.600,1.080,33,En stock,Oui,N/A
Lhmiza,Beauté,Lissage à la Protéine EKO Macadamia & Açaï – Réparation Profonde 1L,1.600,1.080,33,Épuisé,Oui,N/A
Lhmiza,Beauté,"KEMEI KM-1113 Tondeuse à cheveux pour hommes, sans fil",200.00,135.00,33,En stock,Oui,N/A
Lhmiza,Beauté,"Kemei KM-658 Tondeuse professionnelle avec affichage LCD, sans fil",300.00,169.00,44,En stock,Oui,N/A
Lhmiza,Beauté,Kemei KM-603 Tondeuse à cheveux professionnelle sans fil pour hommes,300.00,189.00,37,En stock,Oui,N/A
Lhmiza,Beauté,Disaar Poudre Organique Teinte Noire pour Épaissir les Cheveux,200.00,99.00,51,En stock,Oui,N/A
Lhmiza,Beauté,Disaar Poudre Organique Brune pour Épaissir les Cheveux,200.00,99.00,51,En stock,Oui,N/A
Lhmiza,Beauté,ENZO Italy Pro Steel 3331 Fer à lisser professionnel en céramique,500.00,305.00,39,En stock,Oui,N/A
Lhmiza,Beauté,ENZO 6081 Épilateur pour femmes Épilation précise,300.00,230.00,23,En stock,Oui,N/A
Lhmiza,Beauté,Ensemble 5-en-1 Sèche-cheveux et Brosse à air chaud accompagnés d’un coffret de rangement,500.00,295.00,41,En stock,Oui,N/A
Lhmiza,Beauté,VGR V-682 Tondeuse à cheveux professionnelle sans fil,600.00,399.00,34,En stock,Oui,N/A
Lhmiza,Beauté,VGR V-962 Tondeuse à cheveux,300.00,199.00,34,En stock,Oui,N/A
Lhmiza,Beauté,VGR V-989 Tondeuse À Cheveux Professionnelle,300.00,199.00,34,En stock,Oui,N/A
Lhmiza,Beauté,DSP Brosse soufflante 5 en 1,600.00,450.00,25,En stock,Oui,N/A
Lhmiza,Beauté,DSP Brosse Chauffante Lissante pour Cheveux Peigne Lisseur Céramique Ionique Spéciale Cheveux Frisés et Crépus,500.00,299.00,40,Épuisé,Oui,N/A
Lhmiza,Beauté,Mielle Rosemary Mint Strengthening Shampooing Renforçant,400.00,215.00,46,En stock,Oui,N/A
Lhmiza,Beauté,Mielle Rosemary Mint Scalp & Hair Strengthening Oil huile fortifiante,500.00,229.00,54,En stock,Oui,N/A
Lhmiza,Beauté,Brosse soufflante ENZO Style Dyson multifonctions 4en1 1500W,600.00,450.00,25,En stock,Oui,N/A
Lhmiza,Beauté,Ensemble cadeau Estée Lauder Essentials on the Go pour les yeux avec mascara,550.00,455.00,17,En stock,Oui,N/A
Lhmiza,Beauté,Pérola Negra Cortex Mélanine Effet Lissant Kératine brésilien 1L,2.000,1.650,18,Épuisé,Oui,N/A
Lhmiza,Beauté,REMINGTON S8598 Lisseur intelligent Keratin Protect,1.280,925.00,28,Épuisé,Oui,N/A
Lhmiza,Beauté,Brosse rotative REMINGTON Keratin Protect AS8810,1.050,850.00,19,Épuisé,Oui,N/A
Lhmiza,Beauté,REMINGTON AS8901 Brosse soufflante hydratante et volumisante Hydraluxe,1.050,835.00,20,En stock,Oui,N/A
Lhmiza,Beauté,Lissage brésilien Amazon Flowers Perfect Smooth sans formol 1L,2.500,1.895,24,En stock,Oui,N/A
Lhmiza,Beauté,IPANEMA Biorestore Protéine Organique Brésilienne 0% Formol 1L,2.650,2.025,24,En stock,Oui,N/A
Lhmiza,Beauté,"REVLON – RVST2155 Lisseur Cheveux, Contrôle Anti-Frisottis Permanent en Cuivre Styler Numérique",1.250,925.00,26,En stock,Oui,N/A
Lhmiza,Beauté,Lixxo 2 de Vitality’s Crème lissante cheveux colorés 250ml,250.00,186.00,26,En stock,Oui,N/A
Lhmiza,Beauté,BaByliss Brosse Soufflante Shape and Smooth 800W pour une mise en forme et du volume AS82E,800.00,625.00,22,En stock,Oui,N/A
Lhmiza,Beauté,BaByliss – AS126E – Brosse soufflante Perfect Ionique Finish 4-en-1 1000W Plastique Noir,950.00,725.00,24,Épuisé,Oui,N/A
Lhmiza,Beauté,Lisseur BaByliss ST250E Smooth Finish 230,680.00,565.00,17,En stock,Oui,N/A
Lhmiza,Beauté,BaByliss Lisseur Sleek Finish 230 avec Températures Digitales et plaques Tourmaline-Céramique ST255E,680.00,565.00,17,En stock,Oui,N/A
Lhmiza,Beauté,Babyliss – Boucleur Curling Tong 32mm pour des Boucles Souples C332E,600.00,495.00,18,Épuisé,Oui,N/A
Lhmiza,Beauté,Fer à Boucler – BaByliss – C325E – Boucleur 25 mm Curling Tong pour des Boucles Rapides et Rebondies,600.00,470.00,22,En stock,Oui,N/A
Lhmiza,Beauté,Fer à Boucler – BaByliss – C319E,600.00,495.00,18,En stock,Oui,N/A
Lhmiza,Beauté,Kemei KM-1956 Original Full Metal Professionnel Tondeuse À Cheveux Sans Fil,245.00,N/A,N/A,En stock,Non,N/A
Lhmiza,Beauté,Tondeuse à cheveux rechargeable MDSERTOP Top63,400.00,289.00,28,En stock,Oui,N/A
Lhmiza,Beauté,Black Diamond Premium Lissage à la Protéine Sans Formol 1L,2.800,2.150,23,En stock,Oui,N/A
Lhmiza,Beauté,Black Diamond Noir Lissage a la Protéine Sans Formol 1L,2.500,1.750,30,En stock,Oui,N/A
Lhmiza,Beauté,La gamme Luxury Protein Care restructurant et réparateur Pour tous types de cheveux,320.00,235.00,27,En stock,Oui,N/A
Lhmiza,Beauté,La gamme Luxury Protein Care Oil Control Pour cheveux Gras,320.00,235.00,27,En stock,Oui,N/A
Lhmiza,Beauté,La gamme Luxury Protein Care Anti-Dandruff et Réparateur Pour tous types de cheveux,320.00,235.00,27,Épuisé,Oui,N/A
Lhmiza,Beauté,La gamme Luxury Protein Care Nourrissant et Réparateur Pour Cheveux Secs,320.00,235.00,27,Épuisé,Oui,N/A
Lhmiza,Beauté,"Brazil Protein Bio Lamination – Shine Conditioner – Lissage, Lissage Brésilien des Cheveux – 120 ml",300.00,218.00,27,En stock,Oui,N/A
Lhmiza,Beauté,Floratrix Bioplex Amazon Actives Protein 120ml,330.00,250.00,24,En stock,Oui,N/A
Lhmiza,Beauté,BRAZIL PROTEIN NANO GEL Traitement Lissage brésilien 120ml,300.00,218.00,27,En stock,Oui,N/A
Lhmiza,Beauté,Brazil Protein Biolamination VEGAN Lissage Brésilien sans formol 120ml,300.00,218.00,27,En stock,Oui,N/A
Lhmiza,Beauté,FLORATRIX COCO NUT Lissage Brésilien a la Protéine Sans Formol 120ml,330.00,250.00,24,En stock,Oui,N/A
Lhmiza,Beauté,"EMS – Mini masseur Cervical pour le cou et le corps, Vibration électrique, Stimulation musculaire",300.00,175.00,42,En stock,Oui,N/A
Lhmiza,Beauté,"Cinema de Nitro Shampooing Colorant Marron pour Cheveux à L’huile D’argan, pour Couvrir les Cheveux Gris-blancs",300.00,189.00,37,Épuisé,Oui,N/A
Lhmiza,Beauté,"Cinema de Nitro Shampooing Colorant Noir pour Cheveux à L’huile D’argan, pour Couvrir les Cheveux Gris-blancs",300.00,189.00,37,Épuisé,Oui,N/A
Lhmiza,Beauté,"Brosse nettoyante pour Le Visage, Brosse électrique Intelligente en Silicone pour Le Nettoyage en Profondeur",300.00,168.00,44,En stock,Oui,N/A
Lhmiza,Beauté,"Sèche-cheveux Portable 3 en 1 PH 6080 brosse à lisser, sèche-cheveux à Air chaud et froid",400.00,250.00,38,En stock,Oui,N/A
Lhmiza,Beauté,"Beard Guru Brosse à barbe ionique pour hommes, lisseur multifonctionnel, fer à friser, peigne chauffant",300.00,149.00,50,Épuisé,Oui,N/A
Lhmiza,Beauté,"Lisseur à vapeur infrarouge, sèche-cheveux en spray, brosse à air chaud, peigne de coiffure, lisseur de cheveux",400.00,270.00,33,Épuisé,Oui,N/A
Lhmiza,Beauté,"DSP Fer à cheveux, Travel Dsp, Model 10249, Rechargeable USB",450.00,299.00,34,Épuisé,Oui,N/A
Lhmiza,Beauté,Wahl Cordless Magic Clip Metal Edition Tondeuse à Cheveux Professionnelle sans-Fil,2.750,2.355,14,En stock,Oui,N/A
Lhmiza,Beauté,"DISAAR – shampooing Colorant Noir à l’huile d’argan pour cheveux Noir, nourrissant, réparateur, 400ML",280.00,159.00,43,Épuisé,Oui,N/A
Lhmiza,Beauté,"DISAAR – shampooing Colorant Marron à l’aloe Vera pour cheveux bruns, nourrissant, réparateur, 400ML",280.00,159.00,43,Épuisé,Oui,N/A
Lhmiza,Beauté,"Disaar Shampooing Colorant Marron pour Cheveux à base de ginseng et d’huile de serpent, pour Couvrir les Cheveux Gris-blancs",100.00,59.00,41,En stock,Oui,N/A
Lhmiza,Beauté,BLACK CAVIAR Traitement a la protéine Gel Anti Frizz 0% Formol (2 X 120 ml),400.00,259.00,35,En stock,Oui,N/A
Lhmiza,Beauté,Coffret Garnier Fructis Hair Food Routine à l’Aloe Vera pour des cheveux hydratés et en pleine santé,300.00,239.00,20,Épuisé,Oui,N/A
Lhmiza,Beauté,Coffret Garnier Fructis Hair Food Routine à la Papaye pour cheveux abimés – 98% d’ingrédients d’origine naturelle,300.00,239.00,20,Épuisé,Oui,N/A
Lhmiza,Beauté,Coffret Garnier Fructis Hair Food Routine à la Banane pour cheveux secs – 98% d’ingrédients d’origine naturelle,300.00,239.00,20,Épuisé,Oui,N/A
Lhmiza,Beauté,Coffret Garnier Fructis Hair Food Routine à la Pastèque pour cheveux fins – 96% d’ingrédients d’origine naturelle,300.00,239.00,20,Épuisé,Oui,N/A
Lhmiza,Beauté,Kit LAVU Paris Strong Black Line Renforcement Pour Cheveux ultra abimés sans sulfate,500.00,299.00,40,En stock,Oui,N/A
Lhmiza,Beauté,Kit LAVU Paris Blue Tint Intense revitalisant sans sulfate pour cheveux secs et traités par couleur,300.00,199.00,34,En stock,Oui,N/A
Lhmiza,Beauté,Kit SALVATORE SCALP TREATMENT Pour Cheveux Gras,600.00,359.00,40,Épuisé,Oui,N/A
Lhmiza,Beauté,"Disaar Shampooing Colorant pour Cheveux à L’huile D’argan au Collagène, pour Couvrir les Cheveux Gris-blancs",100.00,59.00,41,En stock,Oui,N/A
Lhmiza,Beauté,Lissage brésilien à la protéine Black Pearl Secrets 200 ml,600.00,445.00,26,En stock,Oui,N/A
Lhmiza,Beauté,Lissage brésilien à la protéine Bright Coffee Secrets 1 L,2.800,2.289,18,En stock,Oui,N/A
Lhmiza,Beauté,Lissage brésilien à la protéine Black Pearl Secrets 1 L,2.800,2.225,21,En stock,Oui,N/A
Lhmiza,Beauté,WAHL Super Taper Chrome Tondeuse de coupe Professionnel filaire,1.060,799.00,25,En stock,Oui,N/A
Lhmiza,Beauté,WAHL Tondeuse de coupe Professionnel Magic Clip 5 Star,1.250,1.089,13,En stock,Oui,N/A
Lhmiza,Beauté,Lisseur Supreme Titânio 252° C – 4 cm de largeur,1.800,1.499,17,En stock,Oui,N/A
Lhmiza,Beauté,Lisseur Lizze Extreme Slim Titânio 250° C 200 W,1.400,1.265,10,En stock,Oui,N/A
Lhmiza,Beauté,Lisseur Lizze Premium Titânio 240° C,1.300,1.020,22,En stock,Oui,N/A
Lhmiza,Beauté,Sèche-cheveux Lizze Extreme 2400 W,1.200,950.00,21,En stock,Oui,N/A
Lhmiza,Beauté,DSP 50046A brosse à cheveux à Air chaud rotative tête de brosse détachable ionique,500.00,355.00,29,En stock,Oui,N/A
Lhmiza,Beauté,PROTEIN NANO Lissage Brésilien a la protéine 100% bio 100ml,400.00,250.00,38,En stock,Oui,N/A
Lhmiza,Beauté,"VGR V-188 Tondeuse à cheveux professionnelle pour hommes, rasoir électrique sans fil en métal",199.00,N/A,N/A,En stock,Non,N/A
Lhmiza,Beauté,"VGR V-290 tondeuse à cheveux professionnelle pour homme, rasoir LCD Original",300.00,199.00,34,En stock,Oui,N/A
Lhmiza,Beauté,BIO PLEX AMAZON ACTIVES Lissage Brésilien a la protéine 100% bio 1L,2.600,1.749,33,En stock,Oui,N/A
Lhmiza,Beauté,FLORATRIX COCO NUT Lissage Brésilien a la Protéine Sans Formol 1L,2.500,1.735,31,En stock,Oui,N/A
Lhmiza,Beauté,Shampooing et Masque à l’huile de noix coco Curl Perfect (cheveux bouclés) – 2 x 400 ml,400.00,235.00,41,Épuisé,Oui,N/A
Lhmiza,Beauté,Robson Peluquero Care Traitement Extrême 1L,1.800,1.325,26,En stock,Oui,N/A
Lhmiza,Beauté,RP BLUE TONER Masque Tonique Bleu 1L – Robson Peluquero,1.800,1.325,26,En stock,Oui,N/A
Lhmiza,Beauté,RP PINK TONER Masque Tonifiant Rose 1L – Robson Peluquero,1.800,1.325,26,En stock,Oui,N/A
Lhmiza,Beauté,RP BLACK TONER Masque Tonique Noir 1L – Robson Peluquero,1.800,1.325,26,En stock,Oui,N/A
Lhmiza,Beauté,CLARINS lait démaquillant velours 200 ml,400.00,279.00,30,En stock,Oui,N/A
Lhmiza,Beauté,CLARINS Sérum Super Lift Multi-Régénérant Contour des Yeux 15 ml,880.00,655.00,26,En stock,Oui,N/A
Lhmiza,Beauté,CLARINS Extra-Firming Nuit Crème régénérante anti-rides Toutes peaux,1.220,925.00,24,En stock,Oui,N/A
Lhmiza,Beauté,CLARINS Clarins Extra-Firming Jour SPF15 Crème fermeté anti-rides Toutes peaux,1.220,925.00,24,En stock,Oui,N/A
Lhmiza,Beauté,CLARINS Coffret Multi-Intensive Mes Essentiels Anti-Rides & Densité,1.450,1.012,30,En stock,Oui,N/A
Lhmiza,Beauté,CLARINS DOUBLE SÉRUM EYE traitement yeux anti-âge intensif,1.085,789.00,27,En stock,Oui,N/A
Lhmiza,Beauté,CLARINS Coffret Soin Visage Double Serum & Extra-Firming,1.655,1.318,20,En stock,Oui,N/A
Lhmiza,Beauté,Estée Lauder Double Wear Fond de Teint Longue Tenue Intransférable SPF10 4C1-outdoor beige,600.00,445.00,26,En stock,Oui,N/A
Lhmiza,Beauté,CLINIQUE MOISTURE SURGE Soin auto-réhydratant 100H 50 ml,600.00,409.00,32,En stock,Oui,N/A
Lhmiza,Beauté,Tabac Original Lotion Après Rasage 100 ml,260.00,220.00,15,Épuisé,Oui,N/A
Lhmiza,Beauté,Tabac Original Lotion Après Rasage 200 ml,300.00,250.00,17,Épuisé,Oui,N/A
Lhmiza,Beauté,Tabac Original Savon de Rasage 100g,200.00,160.00,20,Épuisé,Oui,N/A
Lhmiza,Beauté,Fer à lisser infrarouge professionnel Sokany HS-998,600.00,450.00,25,En stock,Oui,N/A
Lhmiza,Beauté,Oxiprime Coffeee Therapy Lissage à la protéine 1L,1.700,1.520,11,En stock,Oui,N/A
Lhmiza,Beauté,Oxiprime New Wave Bioxitherapy Coconut Organic Protein Lissage 1L,1.800,1.399,22,En stock,Oui,N/A
Lhmiza,Beauté,DLA/VU Brazil AMAZON FRUITS Flor de maracujá LISSAGE (2 × 1L),1.800,1.150,36,En stock,Oui,N/A
Lhmiza,Beauté,DLA/VU Brazil AÇAI BACABA-AÇU AMAZON FRUITS ORGANIC PROTEIN LISSAGE 1L,1.500,995.00,34,Épuisé,Oui,N/A
Lhmiza,Beauté,Sokany Sèche Cheveux Professionnelle – 2600 W,500.00,299.00,40,En stock,Oui,N/A
Lhmiza,Beauté,LISSAGE Robson Peluquero Black Love Kit de (1 X 1L 1 X 500ML),3.000,2.225,26,En stock,Oui,N/A
Lhmiza,Beauté,"Crest Bandes Whitestrips 3D, Noticeably White, kit de bandes de blanchiment des dents, 20 bandes (paquet de 10)",400.00,299.00,25,Épuisé,Oui,N/A
Lhmiza,Beauté,"Crest Bandes Whitestrips 3D, Classic Vivid, kit de bandes de blanchiment des dents, 20 bandes (paquet de 10)",400.00,299.00,25,Épuisé,Oui,N/A
Lhmiza,Beauté,Pack Kativa Macadamia pour hydration des cheveux Shampooing + Conditionneur + Masque,500.00,345.00,31,En stock,Oui,N/A
Lhmiza,Beauté,Jean Michel Cavada MASTER KÉRATIN PLEX BLUE 500 ml Pour Cheveux Colorée et Méchée,1.500,1.090,27,En stock,Oui,N/A
Lhmiza,Beauté,Top Liss Brazilian Protein,500.00,365.00,27,Épuisé,Oui,N/A
Lhmiza,Beauté,Soin SOS Premium Extreme Repair – Lavu Paris Shampoing et Après-Shampooing,300.00,199.00,34,Épuisé,Oui,N/A
Lhmiza,Beauté,Kit de Renforcement Pour Cheveux Strong Black Line – Lavu Paris shampooing et Après-shampooing,300.00,199.00,34,Épuisé,Oui,N/A
Lhmiza,Beauté,MAXILINE LISSTOX PROFISSIONAL 2×50G,200.00,150.00,25,En stock,Oui,N/A
Lhmiza,Beauté,MAXILINE PKC ultime-protéine kératine avec collagène 1L × 3,3.200,2.059,36,Épuisé,Oui,N/A
Lhmiza,Beauté,Gold Liss Kit Lissage brésilien à la protéine Linacos Professional 2 × 125ml,400.00,199.00,50,En stock,Oui,N/A
Lhmiza,Beauté,REVLON – Brosse séchante volumisante One Step Brosse ovale – Poils mixtes,1.200,850.00,29,Épuisé,Oui,N/A
Lhmiza,Beauté,WAHL Tondeuse cheveux sans fil Cordless Color Pro – 20 pièces,600.00,450.00,25,Épuisé,Oui,N/A
Lhmiza,Maquillage,"Organisateur mural de maquillage pour salle de bain, boîte de rangement cosmétiques",300.00,199.00,34,En stock,Oui,N/A
Lhmiza,Maquillage,"Natrol Gommes, Cheveux, Peau & Ongles, Framboise, 90 unités",500.00,329.00,34,Épuisé,Oui,N/A
Lhmiza,Maquillage,"Natrol Biotine Force Maximale 10000mcg, 100 comprimés Made in USA",400.00,319.00,20,En stock,Oui,N/A
Lhmiza,Maquillage,Clarins Plant Gold SOIN 100% D’ORIGINE NATURELLE,800.00,650.00,19,En stock,Oui,N/A
Lhmiza,Maquillage,COVER COCO Fond de teint waterproof s’adapte à toutes les couleurs de peau,320.00,195.00,39,En stock,Oui,N/A
Lhmiza,Maquillage,Organisateur de maquillage petites choses boîte de rangement avec tiroir et miroir organisateur pour les produits cosmétiques,300.00,180.00,40,En stock,Oui,N/A
Lhmiza,Maquillage,Etagère Rotative Multi Rangement EZ Organizer,200.00,99.00,51,En stock,Oui,N/A
Lhmiza,Maquillage,"Pinceaux Maquillages Professionnels Kit de 8pcs, Poils Synthétiques Vegan, 100% Sans Cruauté, Soyeux et Denses",200.00,99.00,51,En stock,Oui,N/A
Lhmiza,Parfums,Gucci Guilty Absolu de Parfum Homme 60ml,1.458,1.198,18,En stock,Oui,N/A
Lhmiza,Parfums,L’Homme Prada Intense Eau de Parfum 100ml,1.400,1.275,9,En stock,Oui,N/A
Lhmiza,Parfums,Viktor & Rolf Spicebomb Extreme Eau de Parfum 90ml,1.600,1.375,14,En stock,Oui,N/A
Lhmiza,Parfums,Xerjoff Erba Pura Eau de Parfum 100ml,3.200,2.680,16,En stock,Oui,N/A
Lhmiza,Parfums,Xerjoff Torino 21 Eau de Parfum 100ml,3.500,2.985,15,En stock,Oui,N/A
Lhmiza,Parfums,Coffret Prada Luna Rossa Ocean Eau de Parfum 100ml,1.895,1.540,19,En stock,Oui,N/A
Lhmiza,Parfums,Coffret Prada Luna Rossa Ocean Eau de Parfum 50ml,1.560,1.165,25,En stock,Oui,N/A
Lhmiza,Parfums,Viktor & Rolf Flowerbomb Coffret Eau de Parfum 50ml,1.450,1.175,19,En stock,Oui,N/A
Lhmiza,Parfums,Coffret Prada Paradoxe Eau de Parfum 90ml,1.900,1.675,12,En stock,Oui,N/A
Lhmiza,Parfums,Coffret Versace Eros Eau de Parfum avec Pouch 100ml,1.500,1.278,15,En stock,Oui,N/A
Lhmiza,Parfums,Coffret Narciso Rodriguez All Of Me Eau de Parfum 90ml,1.700,1.475,13,En stock,Oui,N/A
Lhmiza,Parfums,Coffret Good Girl Carolina Herrera Eau de Parfum 80ml,1.650,1.445,12,En stock,Oui,N/A
Lhmiza,Parfums,Coffret Elie Saab Elixir 100ml,1.150,950.00,17,En stock,Oui,N/A
Lhmiza,Parfums,Coffret Narciso Rodriguez For Her Eau de Parfum Femme 100ml,1.450,1.185,18,En stock,Oui,N/A
Lhmiza,Parfums,PURE MUSC FOR HER Narciso Rodriguez Eau de Parfum 150ML,1.750,1.520,13,En stock,Oui,N/A
Lhmiza,Parfums,CINÉMA Yves Saint Laurent Eau de Parfum 80ml,1.780,1.435,19,En stock,Oui,N/A
Lhmiza,Parfums,Lancôme La Vie Est Belle L’Extrait de Parfum 50ml,1.250,989.00,21,En stock,Oui,N/A
Lhmiza,Parfums,Jean Paul Gaultier Scandal Le Parfum Eau de Parfum Intense 80ml,1.890,1.552,18,En stock,Oui,N/A
Lhmiza,Parfums,Dolce & Gabbana Light Blue Capri In Love Eau de Parfum 50ml,1.550,1.325,15,En stock,Oui,N/A
Lhmiza,Parfums,La Belle Paradise Garden Jean Paul Gaultier Eau de Parfum 30ml,1.050,890.00,15,En stock,Oui,N/A
Lhmiza,Parfums,Dolce & Gabbana La Lune 18 Eau de Toilette Femme 100ml,800.00,650.00,19,En stock,Oui,N/A
Lhmiza,Parfums,Versace Crystal Noir Parfum Femme 90ml,2.080,1.875,10,En stock,Oui,N/A
Lhmiza,Parfums,Versace Crystal Noir Femme Eau de Parfum 90ml,1.480,1.305,12,En stock,Oui,N/A
Lhmiza,Parfums,VERSACE Crystal Noir Eau de Toilette Femme 90ml,1.250,1.095,12,En stock,Oui,N/A
Lhmiza,Parfums,Dolce & Gabbana Pour Femme Eau de Toilette 100ml,1.290,985.00,24,En stock,Oui,N/A
Lhmiza,Parfums,Black Opium Le Parfum Yves Saint Laurent Eau de Parfum Intense 50ml,1.480,1.225,17,En stock,Oui,N/A
Lhmiza,Parfums,Yves Saint Laurent Black Opium Over Red Eau de Parfum 90 ml,1.800,1.525,15,En stock,Oui,N/A
Lhmiza,Parfums,Yves Saint Laurent Black Opium Over Red Eau de Parfum 50 ml,1.300,1.155,11,En stock,Oui,N/A
Lhmiza,Parfums,Yves Saint Laurent Black Opium Over Red Eau de Parfum 30 ml,900.00,815.00,9,En stock,Oui,N/A
Lhmiza,Parfums,Valentino Valentina Eau de Parfum 50ml,900.00,725.00,19,En stock,Oui,N/A
Lhmiza,Parfums,VALENTINO Voce Viva Intensa Eau de Parfum Intense 100ml,1.800,1.590,12,En stock,Oui,N/A
Lhmiza,Parfums,VALENTINO Voce Viva Intensa Eau de Parfum Intense 50ml,1.300,1.145,12,En stock,Oui,N/A
Lhmiza,Parfums,Valentino Donna Born In Roma Yellow Dream Eau de Parfum 100ml,1.700,1.439,15,En stock,Oui,N/A
Lhmiza,Parfums,MUGLER Angel Nova Eau de Parfum 100ml,1.450,1.270,12,En stock,Oui,N/A
Lhmiza,Parfums,PRADA Infusion de Figue Eau de Parfum 100ml Unisexe,1.950,1.688,13,En stock,Oui,N/A
Lhmiza,Parfums,PRADA Infusion de Cèdre Eau de Parfum 100ml Unisexe,1.950,1.688,13,En stock,Oui,N/A
Lhmiza,Parfums,PRADA Infusion d’Amande Eau de Parfum 100ml Unisexe,1.950,1.688,13,En stock,Oui,N/A
Lhmiza,Parfums,PRADA Infusion de Vanille Eau de Parfum 100ml Unisexe,1.950,1.688,13,En stock,Oui,N/A
Lhmiza,Parfums,Guy Laroche Drakkar Noir Intense Homme Eau de Parfum 100ml,900.00,680.00,24,En stock,Oui,N/A
Lhmiza,Parfums,Coffret Gissah Legend of the Sky Sora & Ellora 2×90ml,1.800,1.589,12,En stock,Oui,N/A
Lhmiza,Parfums,Gissah Coffret Secret Blossom 3 Pièces – Élégance Florale,1.800,1.485,18,En stock,Oui,N/A
Lhmiza,Parfums,Coffret Cadeau The Ritual of Ayurveda Rituals Taille S,550.00,415.00,25,En stock,Oui,N/A
Lhmiza,Parfums,Coffret Cadeau The Ritual of Karma Rituals Taille S,550.00,415.00,25,En stock,Oui,N/A
Lhmiza,Parfums,Coffret Cadeau Rituals The Ritual of Sakura Taille S,550.00,415.00,25,En stock,Oui,N/A
Lhmiza,Parfums,Coffret Cadeau Rituals The Ritual of Jing Taille S,550.00,415.00,25,En stock,Oui,N/A
Lhmiza,Parfums,Jimmy Choo Man Extreme Eau de Parfum 100ml,1.450,1.185,18,En stock,Oui,N/A
Lhmiza,Parfums,Versace EROS Energy Pour Homme Eau de Parfum 100ml,1.600,1.265,21,En stock,Oui,N/A
Lhmiza,Parfums,Coach Floral Eau de Parfum Femme 30 ml – Élégance Florale,700.00,579.00,17,En stock,Oui,N/A
Lhmiza,Parfums,Coach Eau de Parfum Femme 30 ml – Élégance New Yorkaise,700.00,579.00,17,En stock,Oui,N/A
Lhmiza,Parfums,Prada Paradoxe Radical Essence Parfum Femme 90 ml,1.985,1.772,11,En stock,Oui,N/A
Lhmiza,Parfums,Prada Paradoxe Radical Essence Parfum Femme 50 ml,1.580,1.359,14,En stock,Oui,N/A
Lhmiza,Parfums,Prada Paradoxe Intense Eau de Parfum Femme 90 ml,2.060,1.865,9,En stock,Oui,N/A
Lhmiza,Parfums,Prada Paradoxe Intense Eau de Parfum Femme 50 ml,1.520,1.375,10,En stock,Oui,N/A
Lhmiza,Parfums,Prada Paradoxe Eau de Parfum Femme 90 ml,1.850,1.685,9,En stock,Oui,N/A
Lhmiza,Parfums,Prada Paradoxe Eau de Parfum Femme 50 ml,1.520,1.335,12,En stock,Oui,N/A
Lhmiza,Parfums,Prada Paradoxe Eau de Parfum Femme 30 ml,980.00,875.00,11,En stock,Oui,N/A
Lhmiza,Parfums,Prada Amber Femme Eau de Parfum 50 ml,1.150,923.00,20,En stock,Oui,N/A
Lhmiza,Parfums,Haltane Eau de Parfum – Élégance boisée moderne 125 ml,3.000,2.600,13,En stock,Oui,N/A
Lhmiza,Parfums,Layton Exclusif Parfum – Intensité boisée luxueuse 125 ml,3.000,2.600,13,En stock,Oui,N/A
Lhmiza,Parfums,Percival Eau de Parfum – Fraîcheur aromatique intense 125 ml,3.000,2.600,13,En stock,Oui,N/A
Lhmiza,Parfums,Perseus Eau de Parfum – Fraîcheur boisée solaire 125 ml,3.000,2.600,13,En stock,Oui,N/A
Lhmiza,Parfums,Darcy Royal Essence – Eau de Parfum florale chic 75 ml,2.600,2.150,17,En stock,Oui,N/A
Lhmiza,Parfums,Safanad Eau de Parfum – Élégance orientale lumineuse 75 ml,2.600,2.150,17,En stock,Oui,N/A
Lhmiza,Parfums,Meliora Royal Essence – Eau de Parfum florale 75 ml,2.600,2.150,17,En stock,Oui,N/A
Lhmiza,Parfums,Valaya Eau de Parfum – Pureté florale élégante 75 ml,2.600,2.150,17,En stock,Oui,N/A
Lhmiza,Parfums,Delina Exclusif Parfum – Élégance florale intense 75 ml,2.600,2.150,17,En stock,Oui,N/A
Lhmiza,Parfums,HUGO BOSS The Scent Parfum Homme 100ml,1.580,1.385,12,En stock,Oui,N/A
Lhmiza,Parfums,Opium Pour Homme Eau de Toilette Yves Saint Laurent 100ml,1.420,1.218,14,En stock,Oui,N/A
Lhmiza,Parfums,KILIAN Angel’s Share Eau de Parfum 100ml,4.300,3.850,10,En stock,Oui,N/A
Lhmiza,Parfums,Coffret Voyage RITUALS Ayurveda XS,400.00,350.00,13,En stock,Oui,N/A
Lhmiza,Parfums,KAYALI Eden Sparkling Lychee 39 Eau de Parfum 100 ml,1.800,1.685,6,En stock,Oui,N/A
Lhmiza,Parfums,KAYALI Vanilla Candy Rock Sugar 42 Eau de Parfum 100ml,1.800,1.685,6,En stock,Oui,N/A
Lhmiza,Parfums,KAYALI Eden Juicy Apple 01 Eau de Parfum 100 ml,1.800,1.685,6,En stock,Oui,N/A
Lhmiza,Parfums,KAYALI Vanilla | 28 Eau de Parfum 100 ml Original,1.800,1.685,6,En stock,Oui,N/A
Lhmiza,Parfums,Tom Ford Costa Azzurra Eau de Parfum 100 ml,2.380,2.017,15,En stock,Oui,N/A
Lhmiza,Parfums,Tom Ford Costa Azzurra Parfum 100ml Unisexe,2.650,2.218,16,En stock,Oui,N/A
Lhmiza,Parfums,Tom Ford Noir Extrême Eau de Parfum 100 ml,2.150,1.845,14,En stock,Oui,N/A
Lhmiza,Parfums,Tom Ford Velvet Orchid 50ml – Parfum Floral Luxe Femme,1.980,1.725,13,En stock,Oui,N/A
Lhmiza,Parfums,Tom Ford Black Orchid Eau de Parfum 150ml – Luxe & Intensité Unisexe,3.280,2.854,13,En stock,Oui,N/A
Lhmiza,Parfums,Tom Ford Ombré Leather Parfum 50ml – Luxe Intense Unisexe,2.400,2.078,13,En stock,Oui,N/A
Lhmiza,Parfums,Rabanne Invictus Victory Elixir Homme – Intense 100ml,1.280,1.035,19,En stock,Oui,N/A
Lhmiza,Parfums,Deep Sense With You Eau de Parfum 100ml,300.00,189.00,37,En stock,Oui,N/A
Lhmiza,Parfums,Black Bold Uomo de Marc Joseph Eau de Parfum Homme 100ml,300.00,245.00,18,En stock,Oui,N/A
Lhmiza,Parfums,Killer de Marc Joseph Eau de Parfum Homme 100ml,300.00,240.00,20,En stock,Oui,N/A
Lhmiza,Parfums,MJ Man Black de Marc Joseph Eau de Parfum Homme 100ml,300.00,240.00,20,En stock,Oui,N/A
Lhmiza,Parfums,Zaragoza Silver Eau de Parfum Homme 100ml,200.00,145.00,28,En stock,Oui,N/A
Lhmiza,Parfums,Zaragoza Gold Eau de Parfum Homme 100ml,200.00,145.00,28,En stock,Oui,N/A
Lhmiza,Parfums,Zaragoza Titanium Eau de Parfum Homme 100ml,200.00,145.00,28,En stock,Oui,N/A
Lhmiza,Parfums,Zaragoza Dark Eau de Parfum Homme 100ml,200.00,145.00,28,En stock,Oui,N/A
Lhmiza,Parfums,Zaragoza Copper Eau de Parfum Homme 100ml,200.00,145.00,28,En stock,Oui,N/A
Lhmiza,Parfums,Zaragoza Army Eau de Parfum Homme 100ml,200.00,145.00,28,En stock,Oui,N/A
Lhmiza,Parfums,Zaragoza Desert Eau de Parfum Homme 100ml,200.00,145.00,28,En stock,Oui,N/A
Lhmiza,Parfums,Zaragoza Exist Eau de Parfum Homme 100ml,200.00,145.00,28,En stock,Oui,N/A
Lhmiza,Parfums,Zaragoza Night Eau de Parfum Homme 100ml,200.00,145.00,28,En stock,Oui,N/A
Lhmiza,Parfums,Connect Uomo Exotic Eau de Toilette 100 ml,200.00,150.00,25,En stock,Oui,N/A
Lhmiza,Parfums,LANCÔME La Nuit Trésor Intense Eau de Parfum 100ml,1.850,1.638,11,En stock,Oui,N/A
Lhmiza,Parfums,LANCÔME La Nuit Trésor Eau de Parfum 100 ml,1.600,1.415,12,En stock,Oui,N/A
Lhmiza,Parfums,LANCÔME La Nuit Trésor Eau de Parfum 50 ml,1.150,980.00,15,En stock,Oui,N/A
Lhmiza,Parfums,Lancôme La Nuit Trésor Eau de Parfum 30 ml – L’Amour Absolu,850.00,735.00,14,En stock,Oui,N/A
Lhmiza,Parfums,Jimmy Choo I Want Choo Eau de Parfum 100 ml,1.580,1.375,13,En stock,Oui,N/A
Lhmiza,Parfums,Lancôme Idôle L’Eau de Parfum Nectar 100ml,1.750,1.580,10,En stock,Oui,N/A
Lhmiza,Parfums,LANCOME IDÔLE Eau de Toilette 100ml,1.650,1.450,12,En stock,Oui,N/A
Lhmiza,Parfums,Lancôme Idôle Aura Eau de Parfum Lumineuse 100ml,1.820,1.605,12,En stock,Oui,N/A
Lhmiza,Parfums,LANCÔME IDÔLE L’INTENSE – Eau de Parfum 75ml,1.450,1.287,11,En stock,Oui,N/A
Lhmiza,Parfums,La Vie Est Belle L’Éclat Eau de Parfum de Lancôme 50ml,1.220,1.065,13,En stock,Oui,N/A
Lhmiza,Parfums,La Vie Est Belle Iris Absolu Eau de Parfum de Lancôme 100ml,1.880,1.725,8,En stock,Oui,N/A
Lhmiza,Parfums,La Vie est Belle Intensément – Parfum Intense 100ml,1.480,1.305,12,En stock,Oui,N/A
Lhmiza,Parfums,Shaghaf Oud Aswad Swiss Arabian – Parfum Mixte 75ml,750.00,615.00,18,En stock,Oui,N/A
Lhmiza,Parfums,Hypnotic Poison Dior Eau de Parfum Femme – 100ml,1.900,1.645,13,En stock,Oui,N/A
Lhmiza,Parfums,Megamare Orto Parisi – Parfum Mixte 50ml,1.750,1.548,12,En stock,Oui,N/A
Lhmiza,Parfums,Dunhill London Century Eau de Parfum Pour Homme 75ml,760.00,650.00,14,En stock,Oui,N/A
Lhmiza,Parfums,Azzaro Pour Homme Elixir Eau de Toilette 100ml,700.00,595.00,15,En stock,Oui,N/A
Lhmiza,Parfums,Jean Paul Gaultier La Belle Eau de Parfum Femme 50ml,1.120,965.00,14,En stock,Oui,N/A
Lhmiza,Parfums,Afnan 9PM Homme Eau de Parfum 100ml,680.00,550.00,19,En stock,Oui,N/A
Lhmiza,Parfums,Jean Paul Gaultier Le Male Elixir Parfum 75ml Homme,1.270,1.075,15,En stock,Oui,N/A
Lhmiza,Parfums,Nina Ricci Premier Jour Eau de Parfum Femme 100ml,1.020,925.00,9,Épuisé,Oui,N/A
Lhmiza,Parfums,Gucci Guilty Elixir de Parfum Femme 60ml,1.750,1.548,12,En stock,Oui,N/A
Lhmiza,Parfums,Spicebomb Dark Leather EDP 50ml – Viktor&Rolf Homme,1.080,895.00,17,En stock,Oui,N/A
Lhmiza,Parfums,Spicebomb Dark Leather Viktor&Rolf EDP Homme 90ml,1.470,1.215,17,En stock,Oui,N/A
Lhmiza,Parfums,Versace Eros Pour Femme Eau de Parfum 30ml,920.00,765.00,17,En stock,Oui,N/A
Lhmiza,Parfums,Versace Eros Pour Femme Eau de Parfum 100ml,1.450,1.287,11,En stock,Oui,N/A
Lhmiza,Parfums,Lancôme Miracle Eau de Parfum 30ml,980.00,865.00,12,En stock,Oui,N/A
Lhmiza,Parfums,One & Only Gissah Femme – Eau de Parfum 200ml Élégant,1.650,1.550,6,En stock,Oui,N/A
Lhmiza,Parfums,Imperial Valley GISSAH – Eau de Parfum Unisexe 200ml,1.650,1.550,6,En stock,Oui,N/A
Lhmiza,Parfums,SAVA Eau de Parfum 200 ml GISSAH – Luxe & Authenticité,1.650,1.550,6,En stock,Oui,N/A
Lhmiza,Parfums,Hudson Valley Eau de Parfum 200ml Unisexe – GISSAH,1.650,1.555,6,En stock,Oui,N/A
Lhmiza,Parfums,La Luna Valley Gissah 200ml – Parfum Unisexe Oriental,1.650,1.555,6,En stock,Oui,N/A
Lhmiza,Parfums,Capri Eau De Parfum 200ml – Gissah Unisexe Luxe,1.650,1.555,6,En stock,Oui,N/A
Lhmiza,Parfums,Cappadocia Memo Paris Testeur Authentique 75ml,2.600,1.528,41,En stock,Oui,N/A
Lhmiza,Parfums,Inlé Memo Paris Testeur Authentique Femme 75ml,2.600,1.528,41,En stock,Oui,N/A
Lhmiza,Parfums,Eau de Memo Paris Testeur Authentique 75ml Unisexe,2.600,1.528,41,En stock,Oui,N/A
Lhmiza,Parfums,Zante Memo Paris Testeur Authentique Eau de Parfum 75ml,2.600,1.528,41,En stock,Oui,N/A
Lhmiza,Parfums,Sicilian Leather Memo Paris Testeur Authentique 75ml,2.600,1.528,41,En stock,Oui,N/A
Lhmiza,Parfums,French Leather Memo Paris Testeur Authentique 75ml,2.600,1.528,41,En stock,Oui,N/A
Lhmiza,Parfums,Argentina Memo Paris Testeur Authentique Eau de Parfum 75ml,2.600,1.528,41,En stock,Oui,N/A
Lhmiza,Parfums,Russian Leather Memo Paris Testeur Authentique 75ml,2.600,1.528,41,En stock,Oui,N/A
Lhmiza,Parfums,Siwa Memo Paris Testeur Authentique Femme 75ml,2.600,1.528,41,En stock,Oui,N/A
Lhmiza,Parfums,Flåm Memo Paris Testeur Authentique Eau de Parfum 75ml,2.600,1.528,41,En stock,Oui,N/A
Lhmiza,Parfums,Irish Leather Memo Paris Testeur Authentique 75ml,2.600,1.528,41,En stock,Oui,N/A
Lhmiza,Parfums,Italian Leather Memo Paris Testeur Authentique 75ml,2.600,1.528,41,En stock,Oui,N/A
Lhmiza,Parfums,Rose Exposed Tom Ford Eau de Parfum Mixte 50ml,3.350,3.083,8,En stock,Oui,N/A
Lhmiza,Parfums,Magnetic Guaiac Roberto Cavalli Eau de Parfum Mixte 100ml,3.400,3.089,9,En stock,Oui,N/A
Lhmiza,Parfums,Wild Incense Roberto Cavalli Eau de Parfum Mixte 100ml,3.400,3.089,9,En stock,Oui,N/A
Lhmiza,Parfums,Splendid Vanilla Roberto Cavalli Eau de Parfum Mixte 100ml,2.850,2.575,10,En stock,Oui,N/A
Lhmiza,Parfums,Frantic Rose Roberto Cavalli Eau de Parfum Mixte 100ml,2.850,2.575,10,En stock,Oui,N/A
Lhmiza,Parfums,Bloodiris Roberto Cavalli Eau de Parfum Mixte 100ml,2.850,2.575,10,En stock,Oui,N/A
Lhmiza,Parfums,Pack WRITER GOLD – Coffret Parfum Homme Luxe,600.00,379.00,37,En stock,Oui,N/A
Lhmiza,Parfums,"Pack WRITER Homme – Parfum, Déo & Gel Douche Authentique",600.00,379.00,37,En stock,Oui,N/A
Lhmiza,Parfums,Bad Boy Le Parfum 100ml – Carolina Herrera Homme,1.420,1.156,19,En stock,Oui,N/A
Lhmiza,Parfums,Bad Boy Le Parfum 50ml – Carolina Herrera Homme,1.050,852.00,19,En stock,Oui,N/A
Lhmiza,Parfums,Carolina Herrera Bad Boy Eau de Toilette 50ml,800.00,678.00,15,En stock,Oui,N/A
Lhmiza,Parfums,Montale Arabians Tonka – Eau de Parfum 100 ml,1.350,1.245,8,En stock,Oui,N/A
Lhmiza,Parfums,JOOP! Homme Deo Stick 70 g,300.00,220.00,27,En stock,Oui,N/A
Lhmiza,Parfums,BRUNO BANANI Man Deo Stick 75ml,300.00,220.00,27,En stock,Oui,N/A
Lhmiza,Parfums,JIL SANDER Sun Men Deo Stick 70 g,300.00,220.00,27,Épuisé,Oui,N/A
Lhmiza,Parfums,HUGO BOSS Bottled Infinite Deo Stick 75 ml,300.00,220.00,27,En stock,Oui,N/A
Lhmiza,Parfums,CALVIN KLEIN CK One Deo Stick 75 ml,300.00,220.00,27,En stock,Oui,N/A
Lhmiza,Parfums,CALVIN KLEIN Obsession for Men Deo Stick 75 ml,300.00,220.00,27,En stock,Oui,N/A
Lhmiza,Parfums,CALVIN KLEIN DEFY Deo Stick 75 ml,300.00,220.00,27,En stock,Oui,N/A
Lhmiza,Parfums,CALVIN KLEIN Euphoria Men Deo Stick 75 ml,300.00,220.00,27,En stock,Oui,N/A
Lhmiza,Parfums,BURBERRY HERO Deo Stick 75 ml,300.00,220.00,27,En stock,Oui,N/A
Lhmiza,Parfums,Acqua di Parma Luce di Rosa – Eau de Parfum 100 ml,2.800,2.089,25,En stock,Oui,N/A
Lhmiza,Parfums,Acqua di Parma Magnolia Infinita – Eau de Parfum 100 ml,2.800,2.089,25,En stock,Oui,N/A
Lhmiza,Parfums,Acqua di Parma Quercia – Eau de Parfum 100 ml,2.800,2.089,25,En stock,Oui,N/A
Lhmiza,Parfums,Acqua di Parma Zafferano – Eau de Parfum 100 ml,2.800,2.089,25,En stock,Oui,N/A
Lhmiza,Parfums,Kutay – Unique’e Luxury – Extrait de Parfum 100 ml,3.300,2.840,14,En stock,Oui,N/A
Lhmiza,Parfums,Oud Satin Mood – Maison Francis Kurkdjian – Eau de Parfum 70 ml,3.500,3.025,14,En stock,Oui,N/A
Lhmiza,Parfums,Armani Privé Rouge Malachite – Eau de Parfum 100 ml,3.800,3.500,8,En stock,Oui,N/A
Lhmiza,Parfums,Armani Privé Vert Malachite – Eau de Parfum 100 ml,3.800,3.500,8,En stock,Oui,N/A
Lhmiza,Parfums,Ambre Nuit Christian Dior Paris – Eau de Parfum 125 ml,3.500,3.085,12,En stock,Oui,N/A
Lhmiza,Parfums,Afnan 9PM Rebel Eau de Parfum 100ml Pour Homme,680.00,550.00,19,Épuisé,Oui,N/A
Lhmiza,Parfums,Mauboussin Promise Me – Déodorant Femme 200 ml,200.00,119.00,41,En stock,Oui,N/A
Lhmiza,Parfums,Mauboussin Pour Lui – Déodorant Homme 200 ml,200.00,119.00,41,En stock,Oui,N/A
Lhmiza,Parfums,Mauboussin Cristal Oud – Déodorant Spray Homme 200 ml,200.00,119.00,41,En stock,Oui,N/A
Lhmiza,Parfums,Mauboussin Private Club – Déodorant Spray Homme 200 ml,200.00,119.00,41,En stock,Oui,N/A
Lhmiza,Parfums,Coach For Men – Eau de Toilette 100 ml,800.00,650.00,19,En stock,Oui,N/A
Lhmiza,Parfums,Coach New York Femme – Eau de Toilette 90 ml,800.00,650.00,19,En stock,Oui,N/A
Lhmiza,Parfums,Drakkar Noir Guy Laroche – Eau de Toilette Homme 100 ml,820.00,660.00,20,En stock,Oui,N/A
Lhmiza,Parfums,Emanuel Ungaro Pour L’Homme III Eau de Toilette 100 ml pour homme,700.00,548.00,22,En stock,Oui,N/A
Lhmiza,Parfums,Yves Saint Laurent – Y Eau de Toilette 100 ml,1.250,1.144,8,En stock,Oui,N/A
Lhmiza,Parfums,Armani/Privé Noir Kogane – Eau de Parfum – 100 ml,4.000,3.580,11,En stock,Oui,N/A
Lhmiza,Parfums,Boss The Scent Magnetic – Eau de Parfum pour Homme 100 ml,1.550,1.335,14,En stock,Oui,N/A
Lhmiza,Parfums,Valentino Donna Born in Roma – Eau de Parfum 100 ml,1.850,1.625,12,En stock,Oui,N/A
Lhmiza,Parfums,Valentino Donna Born in Roma Coral Fantasy – Eau de Parfum 50 ml,1.480,1.178,20,En stock,Oui,N/A
Lhmiza,Parfums,Valentino Donna Femme Eau de Parfum 100 ml,1.850,1.635,12,En stock,Oui,N/A
Lhmiza,Parfums,Valentino Donna Born in Roma Green Stravaganza Femme Eau de Parfum 100 ml,1.800,1.518,16,En stock,Oui,N/A
Lhmiza,Parfums,VALENTINO UOMO – Born in Roma Intense Homme Eau de Parfum Intense 100 ml,1.500,1.228,18,En stock,Oui,N/A
Lhmiza,Parfums,Valentino Uomo Born In Roma – Eau de Toilette Homme 50 ml,1.020,789.00,23,En stock,Oui,N/A
Lhmiza,Parfums,Valentino Uomo Born In Roma Green Stravaganza – Eau de Toilette Homme 50 ml,1.020,789.00,23,En stock,Oui,N/A
Lhmiza,Parfums,Valentino Uomo Born In Roma Extradose – Parfum Homme Intense 100 ml,1.500,1.380,8,En stock,Oui,N/A
Lhmiza,Parfums,Jean Paul Gaultier Le Male Elixir Absolu – Eau de Parfum Intense Homme 125 ml,1.640,1.350,18,En stock,Oui,N/A
Lhmiza,Parfums,Coffret Bvlgari Omnia Coral Femme Eau de Toilette & Miniature,1.800,1.450,19,En stock,Oui,N/A
Lhmiza,Parfums,Coffret Bvlgari Man Wood Essence Homme Eau de Parfum 100 ml et Miniature 15 ml,1.800,1.450,19,En stock,Oui,N/A
Lhmiza,Parfums,Coffret Bvlgari Man In Black Homme Eau de Parfum 100 ml et Miniature 15 ml,1.800,1.450,19,En stock,Oui,N/A
Lhmiza,Parfums,Coffret Bvlgari Man Rain Essence Homme Eau de Parfum 100 ml et Miniature 15 ml,1.800,1.450,19,En stock,Oui,N/A
Lhmiza,Parfums,Zaragoza Sweet Bomb Eau de Toilette pour Femme 100 ml,200.00,145.00,28,En stock,Oui,N/A
Lhmiza,Parfums,Zaragoza Coral Shell Eau de Toilette pour Femme 100 ml,200.00,145.00,28,En stock,Oui,N/A
Lhmiza,Parfums,Zaragoza Tuber Rosa Eau de Toilette pour Femme 100 ml,200.00,145.00,28,En stock,Oui,N/A
Lhmiza,Parfums,Zaragoza Sweet Oud Eau de Toilette pour Homme 100 ml,200.00,145.00,28,En stock,Oui,N/A
Lhmiza,Parfums,Zaragoza Feminity Eau de Toilette Femme 100 ml,200.00,145.00,28,En stock,Oui,N/A
Lhmiza,Parfums,Confident Oud BOSS The Collection – Parfum Homme Intense au Bois d’Oud 100 ml,2.280,1.963,14,En stock,Oui,N/A
Lhmiza,Parfums,Althaïr Parfums de Marly – Eau de Parfum pour Homme 75 ml,2.600,2.150,17,En stock,Oui,N/A
Lhmiza,Parfums,Pegasus Parfums de Marly – Eau de Parfum Pour Homme 125ml,3.000,2.600,13,En stock,Oui,N/A
Lhmiza,Parfums,Pegasus Exclusif Parfums de Marly – Eau de Parfum Royale pour Homme 125ml,3.400,2.980,12,En stock,Oui,N/A
Lhmiza,Parfums,Layton Parfums de Marly – Eau de Parfum Pour Homme 125ml,3.000,2.600,13,En stock,Oui,N/A
Lhmiza,Parfums,Delina Parfums de Marly – Eau de Parfum Pour Femme 75ml,3.000,2.600,13,En stock,Oui,N/A
Lhmiza,Parfums,Delina La Rosée – Eau de Parfum Pour Femme 75 ml,3.000,2.600,13,En stock,Oui,N/A
Lhmiza,Parfums,Sospiro Erba Pura Magica – Parfum de Niche Unisexe 100 ml,3.200,2.750,14,En stock,Oui,N/A
Lhmiza,Parfums,Sospiro Accento – Eau de Parfum de Luxe Unisexe 100 ml,3.200,2.750,14,En stock,Oui,N/A
Lhmiza,Parfums,Onyrico Rossa Bohème Timeless Emotions – Eau de Parfum 100 ml Parfum Unisexe,1.800,1.480,18,En stock,Oui,N/A
Lhmiza,Parfums,Blend Oud Zagar – Eau de Parfum 60 ml Parfum Unisexe,1.850,1.450,22,En stock,Oui,N/A
Lhmiza,Parfums,Trussardi Le Vie di Milano District of Nolo – Eau de Parfum 100 ml Parfum Mixte,1.800,1.525,15,En stock,Oui,N/A
Lhmiza,Parfums,Atkinsons The British Bouquet Pour Homme – Eau de Toilette 100 ml,2.400,1.982,17,En stock,Oui,N/A
Lhmiza,Parfums,Kedu Memo Paris – Eau de Parfum 75 ml Parfum Unisexe,3.080,2.750,11,En stock,Oui,N/A
Lhmiza,Parfums,Vaadhoo Memo Paris – Eau de Parfum 75 ml Mixte,3.080,2.750,11,En stock,Oui,N/A
Lhmiza,Parfums,Hooked Pour Homme Rue Broca – Eau de Parfum Homme 100 ml,350.00,245.00,30,Épuisé,Oui,N/A
Lhmiza,Parfums,Théorème Matrix Rue Broca – Eau de Parfum Homme 90 ml,400.00,299.00,25,Épuisé,Oui,N/A
Lhmiza,Parfums,Emporio Armani Stronger With You Sandalwood – Eau de Parfum Homme 100 ml,2.560,2.280,11,En stock,Oui,N/A
Lhmiza,Parfums,Angel Elixir Mugler – Eau de Parfum Femme 100 ml,990.00,885.00,11,En stock,Oui,N/A
Lhmiza,Parfums,Jean Paul Gaultier Le Male Elixir – Le Parfum Homme 125 ml,1.590,1.395,12,En stock,Oui,N/A
Lhmiza,Parfums,La Belle Flower Edition – Jean Paul Gaultier Eau de Parfum Femme 100 ml,1.720,1.485,14,En stock,Oui,N/A
Lhmiza,Parfums,Mauboussin Capsule d’Émotion Yuzu – Eau de Parfum Unisexe 100 ml,1.000,699.00,30,Épuisé,Oui,N/A
Lhmiza,Parfums,Mauboussin Capsule d’Émotion Ambre – Eau de Parfum Unisexe 100 ml,1.000,699.00,30,Épuisé,Oui,N/A
Lhmiza,Parfums,Mauboussin Capsule d’Émotion Santal – Eau de Parfum Unisexe 100 ml,1.000,699.00,30,Épuisé,Oui,N/A
Lhmiza,Parfums,Now Rouge – Eau de Parfum Unisexe 100 ml,350.00,199.00,43,En stock,Oui,N/A
Lhmiza,Parfums,RAVE Now Intense – Eau de Parfum Homme 100 ml,350.00,199.00,43,En stock,Oui,N/A
Lhmiza,Parfums,Now RAVE pour Homme Eau de Parfum 100ml,350.00,199.00,43,En stock,Oui,N/A
Lhmiza,Parfums,Cartier La Panthère Eau de Parfum 100 ml pour Femme,1.500,1.385,8,En stock,Oui,N/A
Lhmiza,Parfums,Lacoste Live Eau de Toilette Pour Homme 100 ml,780.00,674.00,14,En stock,Oui,N/A
Lhmiza,Parfums,Lacoste Eau de Lacoste L.12.12 Noir 100 ml,895.00,780.00,13,En stock,Oui,N/A
Lhmiza,Parfums,Lacoste Eau de Lacoste L.12.12 Blanc 100 ml,1.020,870.00,15,En stock,Oui,N/A
Lhmiza,Parfums,Cyrus Officer Pour Homme Eau De Parfum 100ml,400.00,289.00,28,En stock,Oui,N/A
Lhmiza,Parfums,Cyrus Writer Splendid Green Pour Homme Eau De Parfum 60ml,400.00,245.00,39,En stock,Oui,N/A
Lhmiza,Parfums,Chic Oriental Pour Homme Eau de Parfum 100ml,400.00,279.00,30,En stock,Oui,N/A
Lhmiza,Parfums,Délice Ambré de Johan B Pour Femme Eau de Parfum 85ml,400.00,285.00,29,En stock,Oui,N/A
Lhmiza,Parfums,Lady Chic de Geparlys Eau de Parfum 100ml,500.00,299.00,40,En stock,Oui,N/A
Lhmiza,Parfums,Yes I Am The King Le Parfum Intense Pour Homme 100ml,500.00,320.00,36,En stock,Oui,N/A
Lhmiza,Parfums,You Are Cherry – Geparlys Femme Eau de Parfum 100ml,500.00,320.00,36,En stock,Oui,N/A
Lhmiza,Parfums,Yes I Am the King – Kingmaker Homme Eau de Parfum 100ml,500.00,320.00,36,En stock,Oui,N/A
Lhmiza,Parfums,Égoïste Platinum de Chanel Eau de Toilette Pour Homme 100 ml,1.340,1.085,19,En stock,Oui,N/A
Lhmiza,Parfums,Égoïste de Chanel Eau de Toilette Pour Homme 100 ml,1.720,1.418,18,En stock,Oui,N/A
Lhmiza,Parfums,Coffret Yves Saint Laurent Black Opium Eau de Parfum 90 ml,1.830,1.514,17,En stock,Oui,N/A
Lhmiza,Parfums,Coffret Giorgio Armani Acqua di Giò Profondo Eau de Parfum 100ml,1.420,1.275,10,En stock,Oui,N/A
Lhmiza,Parfums,Coffret Issey Miyake L’Eau d’Issey Pour Homme Eau de Toilette 75 ml,980.00,850.00,13,En stock,Oui,N/A
Lhmiza,Parfums,Coffret Paco Rabanne Invictus Victory Eau de Parfum Extrême 100ml,1.620,1.317,19,En stock,Oui,N/A
Lhmiza,Parfums,Coffret Paco Rabanne Phantom Eau de Toilette 100ml,1.385,1.165,16,En stock,Oui,N/A
Lhmiza,Parfums,Coffret Paco Rabanne 1 Million Gold Eau de Parfum Intense 50 ml,1.450,1.189,18,En stock,Oui,N/A
Lhmiza,Parfums,Coffret Giorgio Armani My Way Eau de Parfum 90ml,1.680,1.475,12,En stock,Oui,N/A
Lhmiza,Parfums,Alien de Thierry Mugler Eau de Parfum Pour Femme 90ml,1.630,1.435,12,En stock,Oui,N/A
Lhmiza,Parfums,Alien de Thierry Mugler Eau de Parfum Pour Femme 60ml,1.300,1.145,12,En stock,Oui,N/A
Lhmiza,Parfums,Coffret Yves Saint Laurent Libre Eau de Parfum 50 ml,1.400,1.285,8,En stock,Oui,N/A
Lhmiza,Parfums,Coffret Lancôme La Vie Est Belle Eau de Parfum 100 ml,1.780,1.592,11,En stock,Oui,N/A
Lhmiza,Parfums,Coffret Lancôme La Vie Est Belle Eau de Parfum 50 ml,1.450,1.115,23,En stock,Oui,N/A
Lhmiza,Parfums,Coffret La Vie Est Belle de LANCÔME Eau de Parfum 30ml,680.00,535.00,21,Épuisé,Oui,N/A
Lhmiza,Parfums,Coffret Paco Rabanne Fame Eau de Parfum 50 ml,1.420,1.118,21,En stock,Oui,N/A
Lhmiza,Parfums,Coffret Paco Rabanne Phantom Eau de Toilette,1.350,1.135,16,En stock,Oui,N/A
Lhmiza,Parfums,Tom Ford Lost Cherry Eau de Parfum 100 ml,5.200,4.585,12,En stock,Oui,N/A
Lhmiza,Parfums,Rocabar – Hermès Pour Homme Eau de Toilette 100ml,1.560,1.355,13,En stock,Oui,N/A
Lhmiza,Parfums,Amazone – Hermès Pour Femme Eau de Toilette 100ml,1.680,1.485,12,En stock,Oui,N/A
Lhmiza,Parfums,Tiziana Terenzi Siené pour homme et femme Extrait de Parfum 100 ml,1.800,1.560,13,En stock,Oui,N/A
Lhmiza,Parfums,Tiziana Terenzi White Fire pour homme et femme Extrait de Parfum 100 ml,1.800,1.560,13,En stock,Oui,N/A
Lhmiza,Parfums,Tiziana Terenzi Arethusa pour homme et femme Extrait de Parfum 100 ml,1.800,1.560,13,En stock,Oui,N/A
Lhmiza,Parfums,Tiziana Terenzi Delox pour homme et femme Extrait de Parfum 100 ml,1.800,1.560,13,En stock,Oui,N/A
Lhmiza,Parfums,Tiziana Terenzi Borea pour homme et femme Extrait de Parfum 100 ml,1.800,1.560,13,En stock,Oui,N/A
Lhmiza,Parfums,Pure Poison Dior Eau de Parfum Pour Femme 50 ml,1.550,1.328,14,En stock,Oui,N/A
Lhmiza,Parfums,Givenchy Gentlemen Only Eau de Toilette 100ml,1.050,868.00,17,En stock,Oui,N/A
Lhmiza,Parfums,Thomas Kosmala No. 4 Après l’Amour Eau de Parfum 100ml,2.200,1.988,10,En stock,Oui,N/A
Lhmiza,Parfums,Terre d’Hermès Eau Givrée 100ml,1.250,993.00,21,En stock,Oui,N/A
Lhmiza,Parfums,GIVENCHY PI Eau de Toilette Pour Homme 100ml,1.200,1.015,15,En stock,Oui,N/A
Lhmiza,Parfums,Dior Addict Eau de parfum pour femme 50ml,1.280,1.145,11,En stock,Oui,N/A
Lhmiza,Parfums,Insolence de Guerlain Pour Femme Eau de Parfum 75ml,1.650,1.475,11,En stock,Oui,N/A
Lhmiza,Parfums,JOY de Dior Eau de Parfum Pour Femme 50ml,1.465,1.325,10,En stock,Oui,N/A
Lhmiza,Parfums,Roberto Cavalli Eau de Parfum pour Femme 75ml,995.00,874.00,12,En stock,Oui,N/A
Lhmiza,Parfums,Coffret Valentino Born in Roma Coral Fantasy Eau de Toilette pour Homme,1.288,1.055,18,En stock,Oui,N/A
Lhmiza,Parfums,Coffret Mon Guerlain Pour Femme Eau de Parfum 50ml,1.350,1.225,9,En stock,Oui,N/A
Lhmiza,Parfums,Coffret Hugo Boss Bottled pour Homme,1.120,935.00,17,En stock,Oui,N/A
Lhmiza,Parfums,PACO RABANNE – PACO Eau de Toilette Testeur Authentique 100 ml,445.00,250.00,44,Épuisé,Oui,N/A
Lhmiza,Parfums,Coffret Mauboussin Prestige Pour Elle Femme,800.00,650.00,19,Épuisé,Oui,N/A
Lhmiza,Parfums,Coffret Mauboussin Prestige STAR Pour Femme,800.00,650.00,19,En stock,Oui,N/A
Lhmiza,Parfums,Coffret Mauboussin Prestige MY TWIST Pour Femme,800.00,650.00,19,Épuisé,Oui,N/A
Lhmiza,Parfums,Coffret Mauboussin Prestige POUR LUI IN RED Pour Homme,800.00,650.00,19,En stock,Oui,N/A
Lhmiza,Parfums,Coffret Mauboussin Prestige PRIVATE CLUB Pour Homme,800.00,650.00,19,Épuisé,Oui,N/A
Lhmiza,Parfums,Givenchy Gentleman Eau de Parfum Boisée 100 ml,1.650,1.385,16,En stock,Oui,N/A
Lhmiza,Parfums,Givenchy Gentleman Eau de Parfum 100 ml,1.480,1.275,14,En stock,Oui,N/A
Lhmiza,Parfums,Rabanne Million Gold Eau de Parfum Intense 100ml,1.350,1.185,12,En stock,Oui,N/A
Lhmiza,Parfums,Rabanne Million Gold For Her Eau de Parfum Rechargeable 90ml,1.700,1.479,13,En stock,Oui,N/A
Lhmiza,Parfums,Givenchy Gentleman Society Extreme Eau de Parfum 100 ml,1.620,1.385,15,En stock,Oui,N/A
Lhmiza,Parfums,Givenchy Pour Homme Blue Label Eau de Toilette 100 ml,1.120,965.00,14,En stock,Oui,N/A
Lhmiza,Parfums,Coffret Cadeau Tom Ford Ébène Fumé Eau de Parfum 50ml,3.085,2.625,15,En stock,Oui,N/A
Lhmiza,Parfums,Coffret Cadeau Tom Ford Oud Wood Eau de Parfum 50ml,3.050,2.489,18,En stock,Oui,N/A
Lhmiza,Parfums,Coffret Cadeau Tom Ford Café Rose Eau de Parfum 50ml,1.950,1.680,14,En stock,Oui,N/A
Lhmiza,Parfums,Dior Sauvage Elixir Eau de Parfum pour Homme 100 ml,2.560,2.365,8,En stock,Oui,N/A
Lhmiza,Parfums,Dior Homme Intense Eau de Parfum pour Homme 150 ml,1.720,1.533,11,En stock,Oui,N/A
Lhmiza,Parfums,Dior Homme Intense Eau de Parfum pour Homme 50 ml,1.130,975.00,14,En stock,Oui,N/A
Lhmiza,Parfums,Dior Fahrenheit Eau de Toilette pour Homme 50 ml,930.00,825.00,11,En stock,Oui,N/A
Lhmiza,Parfums,Azzaro The Most Wanted Parfum pour Homme 100 ml,1.020,940.00,8,En stock,Oui,N/A
Lhmiza,Parfums,Azzaro The Most Wanted Parfum pour Homme 50 ml,780.00,685.00,12,En stock,Oui,N/A
Lhmiza,Parfums,Azzaro The Most Wanted Eau de Parfum Intense pour Homme 100 ml,1.020,940.00,8,En stock,Oui,N/A
Lhmiza,Parfums,Azzaro The Most Wanted Eau de Parfum Intense pour Homme 50 ml,750.00,665.00,11,En stock,Oui,N/A
Lhmiza,Parfums,Prada Luna Rossa Black Eau de Parfum pour Homme 100 ml,1.680,1.389,17,En stock,Oui,N/A
Lhmiza,Parfums,Prada Luna Rossa Carbon Eau de Toilette pour Homme 100 ml,1.050,820.00,22,En stock,Oui,N/A
Lhmiza,Parfums,Burberry Brit Rhythm for Him Eau de Toilette Intense 90 ml,890.00,650.00,27,En stock,Oui,N/A
Lhmiza,Parfums,Guerlain Homme Eau de Parfum 100 ml,1.350,1.145,15,En stock,Oui,N/A
Lhmiza,Parfums,Emporio Armani Lui Eau de Toilette 100 ml,1.000,750.00,25,En stock,Oui,N/A
Lhmiza,Parfums,Hermès 24 Faubourg Pour Femme Eau de Parfum 50 ml,1.350,1.014,25,En stock,Oui,N/A
Lhmiza,Parfums,Hermès Calèche Eau de Toilette pour Femme 100 ml,1.678,1.485,12,En stock,Oui,N/A
Lhmiza,Parfums,Hugo Man Eau de Toilette pour Homme 75ml,890.00,705.00,21,En stock,Oui,N/A
Lhmiza,Parfums,Barénia Hermès Eau de Parfum Femme 60 ml,1.420,1.185,17,En stock,Oui,N/A
Lhmiza,Parfums,Tom Ford Black Orchid Eau de Parfum Unisexe 100 ml,2.300,1.984,14,En stock,Oui,N/A
Lhmiza,Parfums,Tom Ford Grey Vetiver Eau de Parfum Pour Homme 100 ml,2.750,2.318,16,En stock,Oui,N/A
Lhmiza,Parfums,Tom Ford Grey Vetiver Eau de Parfum Pour Homme 50 ml,1.980,1.645,17,En stock,Oui,N/A
Lhmiza,Parfums,Gucci Guilty Elixir de Parfum Pour Femme 60 ml,1.600,1.425,11,En stock,Oui,N/A
Lhmiza,Parfums,Burberry Her Eau de Parfum Pour Femme 100 ml,1.620,1.378,15,En stock,Oui,N/A
Lhmiza,Parfums,Tom Ford Oud Minérale Unisexe Eau de Parfum 100 ml,2.600,2.345,10,En stock,Oui,N/A
Lhmiza,Parfums,Tom Ford Oud Minérale Unisexe Eau de Parfum 50 ml,2.080,1.708,18,En stock,Oui,N/A
Lhmiza,Parfums,Tom Ford Ombre Leather Parfum Unisexe 100 ml,3.200,2.885,10,En stock,Oui,N/A
Lhmiza,Parfums,Coffret Tom Ford Black Orchid – Eau de Parfum 50 ml,1.795,1.536,14,En stock,Oui,N/A
Lhmiza,Parfums,Coffret Gucci Guilty Pour Homme – Eau de Toilette 50 ml,995.00,780.00,22,En stock,Oui,N/A
Lhmiza,Parfums,Coffret Gucci Flora Gorgeous Orchid – Eau de Parfum 100ml,1.980,1.742,12,En stock,Oui,N/A
Lhmiza,Parfums,Coffret Gucci Flora Gorgeous Gardenia – Eau de Parfum 100ml,1.980,1.742,12,En stock,Oui,N/A
Lhmiza,Parfums,Gucci Flora Gorgeous Orchid Eau de Parfum pour Femme 100ml,1.580,1.365,14,En stock,Oui,N/A
Lhmiza,Parfums,Gucci Flora Gorgeous Jasmine Eau de Parfum pour Femme 100ml,1.580,1.365,14,En stock,Oui,N/A
Lhmiza,Parfums,Gucci Flora Gorgeous Gardenia Eau de Parfum pour Femme 100ml,1.580,1.365,14,En stock,Oui,N/A
Lhmiza,Parfums,Club de Nuit Intense Man Eau de Parfum 200ml – Armaf,1.200,1.080,10,Épuisé,Oui,N/A
Lhmiza,Parfums,Burberry Goddess Eau de Parfum Pour Femme 100 ml,1.780,1.438,19,En stock,Oui,N/A
Lhmiza,Parfums,Burberry Goddess Eau de Parfum Pour Femme 50 ml,1.320,1.089,18,En stock,Oui,N/A
Lhmiza,Parfums,Burberry Goddess Eau de Parfum Intense Pour Femme 100 ml,1.875,1.546,18,En stock,Oui,N/A
Lhmiza,Parfums,Burberry Goddess Eau de Parfum Intense Pour Femme 50 ml,1.390,1.182,15,En stock,Oui,N/A
Lhmiza,Parfums,Givenchy L’Interdit Eau de Parfum Rouge 125 ml,1.890,1.668,12,En stock,Oui,N/A
Lhmiza,Parfums,Gucci Intense Oud Eau de Parfum 90 ml,1.880,1.648,12,En stock,Oui,N/A
Lhmiza,Parfums,My Burberry Black Eau de Parfum pour Femme 90 ml,1.590,1.336,16,En stock,Oui,N/A
Lhmiza,Parfums,Terre d’Hermès Parfum Pour Homme Pure Parfum 75 ml,1.320,1.163,12,En stock,Oui,N/A
Lhmiza,Parfums,Hooked de Rue Broca pour Femme Eau de Parfum 100ml,350.00,245.00,30,En stock,Oui,N/A
Lhmiza,Parfums,Zimaya Oscar Eau de Parfum Unisexe 100 ml,500.00,375.00,25,Épuisé,Oui,N/A
Lhmiza,Parfums,Zimaya Fatima Extrait de Parfum Pour Femme 100ml,500.00,375.00,25,En stock,Oui,N/A
Lhmiza,Parfums,Zimaya Noor Jazz Eau de Parfum Unisexe 100ml,500.00,375.00,25,En stock,Oui,N/A
Lhmiza,Parfums,Zimaya Mazaaj Eau de Parfum pour Homme 100 ml,500.00,355.00,29,En stock,Oui,N/A
Lhmiza,Parfums,Zimaya Zukhruf Cherry Eau de Parfum Unisexe 100ml,500.00,375.00,25,En stock,Oui,N/A
Lhmiza,Parfums,Zimaya Rabab Gems Eau de Parfum Unisexe 100 ml,500.00,375.00,25,En stock,Oui,N/A
Lhmiza,Parfums,Zimaya Rabab Eau de Parfum Unisexe 100 ml,500.00,375.00,25,En stock,Oui,N/A
Lhmiza,Parfums,Zimaya Sharaf Blend Extrait de Parfum pour Homme 100 ml,500.00,345.00,31,En stock,Oui,N/A
Lhmiza,Parfums,Zimaya Sharaf The Club Extrait de Parfum pour Homme 100 ml,500.00,345.00,31,En stock,Oui,N/A
Lhmiza,Parfums,Zimaya Hawwa Eau de Parfum pour Femme 100 ml,500.00,375.00,25,En stock,Oui,N/A
Lhmiza,Parfums,Nexa Immortal de Rue Broca Eau de Parfum pour Homme 100 ml,350.00,245.00,30,En stock,Oui,N/A
Lhmiza,Parfums,Nexa Musée Parfum Femme 100 ml de Rue Broca,350.00,245.00,30,En stock,Oui,N/A
Lhmiza,Parfums,Coffret L’Homme Yves Saint Laurent Eau de Toilette 100ml,1.420,1.185,17,En stock,Oui,N/A
Lhmiza,Parfums,Coffret Lancôme Idôle Femme Eau de Parfum 50ml,1.350,1.038,23,En stock,Oui,N/A
Lhmiza,Parfums,Coffret Lancôme Idôle Eau de Parfum 50 ml,1.480,1.113,25,En stock,Oui,N/A
Lhmiza,Parfums,Coffret Emporio Armani Stronger With You Intensely Eau de Parfum 50 ml,995.00,882.00,11,En stock,Oui,N/A
Lhmiza,Parfums,Coffret Giorgio Armani Sì Eau de Parfum 50 ml,1.300,1.045,20,En stock,Oui,N/A
Lhmiza,Parfums,Acqua Di Giò Eau de Parfum Giorgio Armani pour Homme 75 ml,1.080,940.00,13,En stock,Oui,N/A
Lhmiza,Parfums,Coffret Giorgio Armani Sì Intense Eau de Parfum 100 ml,1.925,1.685,12,En stock,Oui,N/A
Lhmiza,Parfums,Coffret Yves Saint Laurent MYSLF Eau de Parfum 60 ml,1.460,1.184,19,En stock,Oui,N/A
Lhmiza,Parfums,Coffret Cadeau Yves Saint Laurent Libre Eau de Parfum 90 ml,1.780,1.428,20,En stock,Oui,N/A
Lhmiza,Parfums,Coffret Yves Saint Laurent Libre Eau de Parfum 90 ml,1.880,1.539,18,En stock,Oui,N/A
Lhmiza,Parfums,Coffret Giorgio Armani Code Homme,1.610,1.325,18,En stock,Oui,N/A
Lhmiza,Parfums,Coffret Giorgio Armani Sì Passione Pour Femme 50 ml,1.350,1.145,15,En stock,Oui,N/A
Lhmiza,Parfums,Coffret Giorgio Armani Sì Passione pour Femme,1.620,1.355,16,En stock,Oui,N/A
Lhmiza,Parfums,Yves Saint Laurent Libre L’Absolu Platine Pour Femme Eau de Parfum 50 ml,1.550,1.349,13,En stock,Oui,N/A
Lhmiza,Parfums,Yes I Am The King Evolution Eau de Parfum pour Homme 100 ml,500.00,299.00,40,En stock,Oui,N/A
Lhmiza,Parfums,Writer Parfum Bleu de Cyrus Eau de Parfum pour Homme 100 ml,500.00,299.00,40,En stock,Oui,N/A
Lhmiza,Parfums,Velvet Rose Lattafa Eau de Parfum Unisexe 100 ml,400.00,245.00,39,En stock,Oui,N/A
Lhmiza,Parfums,Velvet Oud Lattafa Eau de Parfum Unisexe 100 ml,400.00,245.00,39,En stock,Oui,N/A
Lhmiza,Parfums,Royalty de Sistelle Paris Eau de Parfum pour Femme 100 ml,500.00,345.00,31,En stock,Oui,N/A
Lhmiza,Parfums,Rose Petals Eau de Parfum Unisexe 80 ml,300.00,169.00,44,En stock,Oui,N/A
Lhmiza,Parfums,Ramz Lattafa Eau de Parfum Unisexe 100 ml,400.00,239.00,40,En stock,Oui,N/A
Lhmiza,Parfums,Pink Black Eau de Parfum pour Femme 100 ml,400.00,299.00,25,En stock,Oui,N/A
Lhmiza,Parfums,Oud Al Saqr Peregrine Eau de Parfum Unisexe 100 ml,500.00,389.00,22,En stock,Oui,N/A
Lhmiza,Parfums,Oud Al Saqr Antar Eau de Parfum Unisexe 100 ml,500.00,389.00,22,En stock,Oui,N/A
Lhmiza,Parfums,Nashwa Smoke Eau de Parfum Unisexe Prestige 100 ml,500.00,389.00,22,En stock,Oui,N/A
Lhmiza,Parfums,Lancôme Idôle Le Grand Parfum pour Femme 100 ml,1.550,1.285,17,Épuisé,Oui,N/A
Lhmiza,Parfums,Lancôme Idôle Le Parfum pour Femme 50 ml,1.250,925.00,26,En stock,Oui,N/A
Lhmiza,Parfums,Murano Eau de Parfum Pour Femme 100 ml,400.00,299.00,25,En stock,Oui,N/A
Lhmiza,Parfums,K by Dolce & Gabbana Eau de Parfum pour Homme 200 ml,1.750,1.435,18,Épuisé,Oui,N/A
Lhmiza,Parfums,K by Dolce & Gabbana Eau de Parfum pour Homme 100 ml,1.250,1.045,16,En stock,Oui,N/A
Lhmiza,Parfums,Hugo Boss Just Different Pour Homme Eau de Toilette 125 ml,920.00,750.00,18,En stock,Oui,N/A
Lhmiza,Parfums,Hugo Boss Iced Eau de Toilette pour Homme 125 ml,1.050,885.00,16,En stock,Oui,N/A
Lhmiza,Parfums,Hugo Boss Element Eau de Toilette pour Homme 90 ml,850.00,699.00,18,En stock,Oui,N/A
Lhmiza,Parfums,Fleur de Soie Eau de Parfum Femme 100 ml,400.00,299.00,25,En stock,Oui,N/A
Lhmiza,Parfums,Emper Luxe Oud Eau de Parfum Unisexe 100 ml,400.00,245.00,39,Épuisé,Oui,N/A
Lhmiza,Parfums,Dolce & Gabbana Light Blue Pour Homme Eau de Toilette 200 ml,1.500,1.325,12,En stock,Oui,N/A
Lhmiza,Parfums,Cèdre Vert Eau de Parfum Unisexe 100 ml,400.00,279.00,30,En stock,Oui,N/A
Lhmiza,Parfums,Black Diamond Eau de Parfum pour Femme Emper 100 ml,300.00,199.00,34,En stock,Oui,N/A
Lhmiza,Parfums,Asaya Amber Patchouli Eau de Parfum Unisexe 100 ml,400.00,295.00,26,En stock,Oui,N/A
Lhmiza,Parfums,Al Shujae Eau de Parfum Unisexe 100 ml,500.00,389.00,22,En stock,Oui,N/A
Lhmiza,Parfums,Marshoud 4 Eau de Parfum Blanche 100 ml,1.180,885.00,25,En stock,Oui,N/A
Lhmiza,Parfums,Hugo XY Man Eau de Toilette Homme 40 ml,480.00,390.00,19,En stock,Oui,N/A
Lhmiza,Parfums,Hugo Boss The Scent Pure Accord pour Homme Eau de Toilette 100 ml,1.060,922.00,13,En stock,Oui,N/A
Lhmiza,Parfums,Hugo Boss Bottled Unlimited Eau de Toilette Homme 200 ml,1.390,1.168,16,En stock,Oui,N/A
Lhmiza,Parfums,Hugo Boss Bottled Sport Eau de Toilette Homme 50 ml,700.00,575.00,18,En stock,Oui,N/A
Lhmiza,Parfums,Hugo Boss Bottled Night Eau de Toilette Homme 200 ml,1.380,1.145,17,Épuisé,Oui,N/A
Lhmiza,Parfums,Hugo Boss Bottled Eau de Toilette Homme 100 ml,1.050,887.00,16,En stock,Oui,N/A
Lhmiza,Parfums,Dior Homme Sport Eau de Toilette 125 ml,1.350,1.193,12,En stock,Oui,N/A
Lhmiza,Parfums,Guerlain L’Homme Idéal Cologne Eau de Toilette 100 ml,1.320,1.015,23,En stock,Oui,N/A
Lhmiza,Parfums,Acqua Di Giò Profondo Eau de Parfum pour Homme 75 ml,1.240,1.038,16,En stock,Oui,N/A
Lhmiza,Parfums,Issey Miyake L’Eau d’Issey Pour Homme Eau & Cèdre Eau de Toilette Intense 100 ml,1.180,886.00,25,En stock,Oui,N/A
Lhmiza,Parfums,Lancôme Magnifique Eau de Parfum pour Femme 50 ml,750.00,645.00,14,Épuisé,Oui,N/A
Lhmiza,Parfums,Versace Red Jeans Woman Eau de Toilette pour Femme 75 ml,580.00,485.00,16,En stock,Oui,N/A
Lhmiza,Parfums,Coffret Cadeau Hugo Boss Bottled pour Homme,1.020,725.00,29,En stock,Oui,N/A
Lhmiza,Parfums,Dior Homme Intense Eau de Parfum 100 ml,1.350,1.288,5,En stock,Oui,N/A
Lhmiza,Parfums,La Nuit de L’Homme Le Parfum – Yves Saint Laurent 100 ml,1.450,1.285,11,En stock,Oui,N/A
Lhmiza,Parfums,La Nuit de L’Homme Eau de Parfum – Yves Saint Laurent 100 ml,1.450,1.116,23,En stock,Oui,N/A
Lhmiza,Parfums,La Nuit de L’Homme – Yves Saint Laurent Eau de Toilette 100 ml,1.300,1.095,16,En stock,Oui,N/A
Lhmiza,Parfums,L’Homme Le Parfum d’Yves Saint Laurent 100 ml,1.600,1.385,13,En stock,Oui,N/A
Lhmiza,Parfums,Armani Code Eau de Parfum pour Homme 125 ml,1.650,1.478,10,En stock,Oui,N/A
Lhmiza,Parfums,Gucci Intense Oud Eau de Parfum unisexe 90 ml,1.620,1.385,15,En stock,Oui,N/A
Lhmiza,Parfums,Pour Un Homme de Caron Parfum 75 ml,1.500,1.245,17,En stock,Oui,N/A
Lhmiza,Parfums,Héritage de Guerlain Pour Homme Eau de Parfum 100 ml,1.600,1.482,7,En stock,Oui,N/A
Lhmiza,Parfums,Guerlain Habit Rouge Pour Homme Eau de Parfum 100 ml,1.600,1.385,13,En stock,Oui,N/A
Lhmiza,Parfums,L’Instant Homme de Guerlain pour Homme Eau de Parfum 100 ml,1.600,1.482,7,En stock,Oui,N/A
Lhmiza,Parfums,Guerlain L’Homme Idéal L’Intense Eau de Parfum pour 100 ml,1.500,1.228,18,En stock,Oui,N/A
Lhmiza,Parfums,Hermès Barénia Pour Femme Eau de Parfum 100 ml,1.980,1.620,18,En stock,Oui,N/A
Lhmiza,Parfums,Caron Pour Un Homme Le Soir Eau de Parfum Intense 125 ml,1.200,955.00,20,Épuisé,Oui,N/A
Lhmiza,Parfums,Yves Saint Laurent Libre Femme Le Parfum 90 ml,2.225,1.885,15,En stock,Oui,N/A
Lhmiza,Parfums,BOSS Bottled Elixir Parfum Intense pour Homme 100 ml,1.500,1.297,14,En stock,Oui,N/A
Lhmiza,Parfums,Tobacco Club Eau de Parfum pour Homme 100 ml,500.00,350.00,30,Épuisé,Oui,N/A
Lhmiza,Parfums,Jean Paul Gaultier Divine Eau de Parfum pour Femme 100 ml,1.800,1.585,12,En stock,Oui,N/A
Lhmiza,Parfums,The Player 2 Eau de Parfum pour Homme 100 ml,350.00,219.00,37,En stock,Oui,N/A
Lhmiza,Parfums,Ghost Eau de Parfum pour Homme 100 ml,200.00,129.00,36,En stock,Oui,N/A
Lhmiza,Parfums,Lacoste L!ve Eau de Toilette Pour Homme 75ml,600.00,448.00,25,En stock,Oui,N/A
Lhmiza,Parfums,Coffret Dylan Turquoise de VERSACE Eau de Toilette pour Femme,1.450,1.129,22,En stock,Oui,N/A
Lhmiza,Parfums,Coffret La Vie Est Belle Lancôme Eau de Parfum 100ml,1.800,1.435,20,En stock,Oui,N/A
Lhmiza,Parfums,Coffret La Vie Est Belle Lancôme Eau de Parfum 50ml,1.200,950.00,21,En stock,Oui,N/A
Lhmiza,Parfums,Coffret Mauboussin My Twist Pour Femme,800.00,650.00,19,Épuisé,Oui,N/A
Lhmiza,Parfums,Coffret the Ritual of Sakura Medium,800.00,599.00,25,En stock,Oui,N/A
Lhmiza,Parfums,Coffret the Rituals of Mehr Medium,800.00,599.00,25,En stock,Oui,N/A
Lhmiza,Parfums,Coffret the Ritual of Karma Medium,800.00,599.00,25,En stock,Oui,N/A
Lhmiza,Parfums,Coffret the Ritual of Jing Medium,800.00,599.00,25,En stock,Oui,N/A
Lhmiza,Parfums,Coffret Ritual Homme Collection Medium,800.00,599.00,25,En stock,Oui,N/A
Lhmiza,Parfums,CACHAREL Loulou Eau de Parfum Pour Femme 50 ml,700.00,489.00,30,En stock,Oui,N/A
Lhmiza,Parfums,Ted Lapidus Pour Homme Eau de Toilette 100 ml,500.00,389.00,22,Épuisé,Oui,N/A
Lhmiza,Parfums,Coffret Lolita LEMPICKA Homme Eau de Toilette,900.00,750.00,17,En stock,Oui,N/A
Lhmiza,Parfums,Coffret Y de Yves Saint Laurent Eau de Parfum Hommes,1.700,1.489,12,En stock,Oui,N/A
Lhmiza,Parfums,Coffret Sì Passione Giorgio Armani Eau de Parfum Pour Femmes,1.800,1.450,19,En stock,Oui,N/A
Lhmiza,Parfums,Coffret My Way Giorgio Armani Eau de Parfum Pour Femmes,1.350,1.075,20,En stock,Oui,N/A
Lhmiza,Parfums,"Coffret Libre de YVES SAINT LAURENT Parfum 50ml, 7,5ml & Pochette",1.550,1.250,19,En stock,Oui,N/A
Lhmiza,Parfums,New Brand Princess Dreaming Femme Eau de Parfum 100ml,300.00,149.00,50,En stock,Oui,N/A
Lhmiza,Parfums,New Brand Sensual Femme Eau de Parfum 100ml,300.00,149.00,50,En stock,Oui,N/A
Lhmiza,Parfums,New Brand Fashionista Femme Eau de Parfum 100ml,300.00,149.00,50,En stock,Oui,N/A
Lhmiza,Parfums,New Brand Only You Black Homme Eau de Toilette 100ml,300.00,149.00,50,En stock,Oui,N/A
Lhmiza,Parfums,New Brand Prestige The NB Eau de Toilette 100ml,300.00,149.00,50,En stock,Oui,N/A
Lhmiza,Parfums,New Brand Prestige The Men Eau de Toilette 100ml,300.00,149.00,50,En stock,Oui,N/A
Lhmiza,Parfums,Story Of New Brand White Men Eau de Toilette 100ml,300.00,149.00,50,En stock,Oui,N/A
Lhmiza,Parfums,New Brand Golf Blue Eau de Toilette 100ml,300.00,149.00,50,En stock,Oui,N/A
Lhmiza,Parfums,New Brand Golf Red Men Eau de Toilette 100ml,300.00,149.00,50,En stock,Oui,N/A
Lhmiza,Parfums,Phantom New Brand Prestige Pour Femme Eau de Parfum 100ml,400.00,220.00,45,En stock,Oui,N/A
Lhmiza,Parfums,Coffret Giorgio Armani Acqua Di Gio Pour Homme Eau de Toilette 100 ml,1.050,850.00,19,Épuisé,Oui,N/A
Lhmiza,Parfums,Coffret Giorgio Armani Acqua Di Gio Pour Homme Eau de Parfum 125 ml,1.350,1.040,23,En stock,Oui,N/A
Lhmiza,Parfums,Coffret Giorgio Armani Code Pour Homme Eau de Parfum 75 ml,1.350,1.080,20,En stock,Oui,N/A
Lhmiza,Parfums,Coffret Giorgio Armani Acqua Di Gio Profondo Pour Homme Eau de Parfum 75 ml,1.050,925.00,12,En stock,Oui,N/A
Lhmiza,Parfums,Coffret Aramis Eau de Toilette Pour Homme,850.00,N/A,N/A,En stock,Non,N/A
Lhmiza,Parfums,Coffret ELIE SAAB Le Parfum,1.800,1.385,23,En stock,Oui,N/A
Lhmiza,Parfums,Bvlgari Man Rain Essence Eau de Parfum pour Homme 100ml,1.450,1.265,13,En stock,Oui,N/A
Lhmiza,Parfums,Bvlgari Man Eau de Toilette pour Homme 100ml,950.00,800.00,16,En stock,Oui,N/A
Lhmiza,Parfums,Bvlgari Man Eau de Toilette pour Homme 60ml,800.00,650.00,19,En stock,Oui,N/A
Lhmiza,Parfums,Nuit d’Issey Parfum Issey Miyake pour Homme 125ml,1.480,1.289,13,En stock,Oui,N/A
Lhmiza,Parfums,L’Eau d’Issey Pour Homme Issey Miyake Eau de Toilette 200ml,1.420,1.247,12,En stock,Oui,N/A
Lhmiza,Parfums,L’eau d’issey issey miyake Eau de Toilette intense pour Homme 125 ml,1.120,980.00,13,En stock,Oui,N/A
Lhmiza,Parfums,Issey Miyake L’Eau Super Majeure d’Issey Eau de Toilette Intense pour Homme 100ml,985.00,835.00,15,En stock,Oui,N/A
Lhmiza,Parfums,Uomo Valentino Eau de Toilette pour Homme 150ml,1.320,1.150,13,Épuisé,Oui,N/A
Lhmiza,Parfums,Xs Paco Rabanne pour Homme Eau De Toilette 100ml,880.00,765.00,13,En stock,Oui,N/A
Lhmiza,Parfums,Invictus Victory Elixir de Paco Rabanne parfum intense pour Homme 100ml,950.00,820.00,14,Épuisé,Oui,N/A
Lhmiza,Parfums,Invictus Platinum Paco Rabanne Eau de Parfum pour Homme 100ml,1.220,1.035,15,En stock,Oui,N/A
Lhmiza,Parfums,Versace Pour Homme Oud Noir Eau de Parfum 100ml,1.650,1.438,13,En stock,Oui,N/A
Lhmiza,Parfums,Versace Man Eau Fraiche Eau de Toilette pour Homme 100ml,1.050,885.00,16,En stock,Oui,N/A
Lhmiza,Parfums,Eros Versace Le Parfum pour Homme 100ml,1.380,1.225,11,En stock,Oui,N/A
Lhmiza,Parfums,Eros Versace Eau de Toilette pour Homme 100ml,1.300,1.128,13,En stock,Oui,N/A
Lhmiza,Parfums,Eros Versace Eau de Toilette pour Homme 50ml,980.00,825.00,16,En stock,Oui,N/A
Lhmiza,Parfums,Eros Versace Eau de Parfum pour Homme 100ml,1.350,1.117,17,En stock,Oui,N/A
Lhmiza,Parfums,Eros Flame Versace Eau de Parfum pour Homme 100ml,1.320,1.156,12,En stock,Oui,N/A
Lhmiza,Parfums,Clinique Happy Eau de Toilette pour Homme 100ml,890.00,750.00,16,En stock,Oui,N/A
Lhmiza,Parfums,Chopard Amber Malaki Eau de Parfum pour homme et femme 80ml,1.300,1.138,12,En stock,Oui,N/A
Lhmiza,Parfums,Bad Boy Le Parfum Carolina Herrera Eau de Parfum pour Homme 100ml,1.250,1.045,16,En stock,Oui,N/A
Lhmiza,Parfums,Bad Boy Extreme Carolina Herrera Eau de Parfum Extreme pour Homme 100ml,1.450,1.228,15,En stock,Oui,N/A
Lhmiza,Parfums,Bad Boy Carolina Herrera Eau de Toilette pour Homme 100ml,1.225,995.00,19,En stock,Oui,N/A
Lhmiza,Parfums,Club de Nuit Women Armaf Eau de Parfum Pour Femmes 105ml,700.00,468.00,33,En stock,Oui,N/A
Lhmiza,Parfums,Club de Nuit Milestone Armaf Eau de Parfum pour Femmes 105ml,700.00,468.00,33,En stock,Oui,N/A
Lhmiza,Parfums,Fame Paco Rabanne Eau de Parfum pour femmes 80ml,1.300,1.148,12,En stock,Oui,N/A
Lhmiza,Parfums,Fame Paco Rabanne Eau de Parfum pour femmes 50ml,1.050,915.00,13,En stock,Oui,N/A
Lhmiza,Parfums,Fame Paco Rabanne Eau de Parfum pour femmes 30ml,700.00,618.00,12,En stock,Oui,N/A
Lhmiza,Parfums,Trésor Midnight Rose de LANCÔME Eau de Parfum Femme 50ml,1.080,904.00,16,En stock,Oui,N/A
Lhmiza,Parfums,Trésor Midnight Rose de LANCÔME Eau de Parfum Femme 30ml,750.00,635.00,15,En stock,Oui,N/A
Lhmiza,Parfums,Tonka Reminiscence Eau de Toilette pour femmes 100ml,1.185,925.00,22,Épuisé,Oui,N/A
Lhmiza,Parfums,Live Irrésistible Givenchy Eau de Parfum pour femmes 75ml,1.320,1.048,21,En stock,Oui,N/A
Lhmiza,Parfums,Irresistible Givenchy Eau de Parfum pour femmes 80ml,1.400,1.185,15,En stock,Oui,N/A
Lhmiza,Parfums,Irresistible Givenchy Eau de Parfum pour femmes 50ml,1.150,985.00,14,En stock,Oui,N/A
Lhmiza,Parfums,Goldea The Roman Night Absolute Bvlgari Eau de Parfum pour femmes 75ml,1.520,1.118,26,En stock,Oui,N/A
Lhmiza,Parfums,Hugo XX Hugo Boss Eau de Toilette pour femmes 60ml,760.00,569.00,25,En stock,Oui,N/A
Lhmiza,Parfums,Femme Hugo Boss Eau de Parfum 75ml,980.00,868.00,11,En stock,Oui,N/A
Lhmiza,Parfums,Escape Calvin Klein Eau de Parfum pour femmes 100ml,750.00,585.00,22,En stock,Oui,N/A
Lhmiza,Parfums,Oud Wood Tom Ford pour hommes et femmes 50ml,2.850,2.476,13,En stock,Oui,N/A
Lhmiza,Parfums,Neroli Portofino Tom Ford pour hommes et femmes 100ml,3.580,3.175,11,En stock,Oui,N/A
Lhmiza,Parfums,Neroli Portofino Tom Ford pour hommes et femmes 50ml,2.480,2.189,12,En stock,Oui,N/A
Lhmiza,Parfums,White Suede Tom Ford Eau de Parfum pour femmes 100ml,3.850,3.485,9,En stock,Oui,N/A
Lhmiza,Parfums,Santal Royal Guerlain Eau de Parfum pour hommes et femmes 125ml,2.100,1.859,11,En stock,Oui,N/A
Lhmiza,Parfums,Patchouli Ardent Guerlain Eau de Parfum pour hommes et femmes 125ml,2.100,1.859,11,En stock,Oui,N/A
Lhmiza,Parfums,Oud Essentiel Guerlain Eau de Parfum pour hommes et femmes 125ml,2.100,1.859,11,En stock,Oui,N/A
Lhmiza,Parfums,Musc Noble Guerlain Eau de Parfum pour hommes et femmes 125ml,2.100,1.859,11,En stock,Oui,N/A
Lhmiza,Parfums,Épices Exquises Guerlain Eau de Parfum pour hommes et femmes 125ml,2.100,1.859,11,En stock,Oui,N/A
Lhmiza,Parfums,Ébène Fumé Tom Ford pour hommes et femmes 50 ml,3.200,2.845,11,En stock,Oui,N/A
Lhmiza,Parfums,Eau de Soleil Blanc Tom Ford Eau de Toilette pour hommes et femmes 100ml,2.050,1.685,18,En stock,Oui,N/A
Lhmiza,Parfums,Eau de Cartier Vetiver Bleu Cartier Eau de Toilette pour hommes et femmes 100ml,1.480,1.228,17,En stock,Oui,N/A
Lhmiza,Parfums,Coffret Si de Giorgio Armani Pour Femmes,1.700,1.435,16,En stock,Oui,N/A
Lhmiza,Parfums,Coffret My Way de Giorgio Armani Pour Femmes,1.700,1.435,16,En stock,Oui,N/A
Lhmiza,Parfums,Qimmah Lattafa Eau de Parfum pour femmes 100ml,300.00,189.00,37,En stock,Oui,N/A
Lhmiza,Parfums,Qaed Al Fursan Lattafa Eau de Parfum pour hommes et femmes 90ml,300.00,189.00,37,En stock,Oui,N/A
Lhmiza,Parfums,Pure Eau Fraiche de Karen Low Eau de Parfum pour femmes 100ml,400.00,299.00,25,En stock,Oui,N/A
Lhmiza,Parfums,Fakhar Pride Of Lattafa Pour Femmes Eau de Parfum 100ml,300.00,189.00,37,En stock,Oui,N/A
Lhmiza,Parfums,Fakhar Black Pride Of Lattafa Eau de Parfum pour hommes 100ml,300.00,249.00,17,En stock,Oui,N/A
Lhmiza,Parfums,Bade’e Al Oud Sublime Lattafa Eau de Parfum pour hommes et femmes 100ml,300.00,189.00,37,Épuisé,Oui,N/A
Lhmiza,Parfums,Bade’e Al Oud Amethyst Lattafa Eau de Parfum pour hommes et femmes 100ml,300.00,189.00,37,Épuisé,Oui,N/A
Lhmiza,Parfums,Ana Abiyedh Rouge Lattafa Eau de Parfum pour hommes et femmes 60ml,300.00,189.00,37,En stock,Oui,N/A
Lhmiza,Parfums,Ana Abiyedh Lattafa Eau de Parfum pour hommes et femmes 60ml,300.00,189.00,37,En stock,Oui,N/A
Lhmiza,Parfums,Ameerat Al Arab Prive Rose Eau de Parfum pour femmes 100ml,300.00,198.00,34,En stock,Oui,N/A
Lhmiza,Parfums,Ajwad Lattafa Eau de Parfum pour hommes et femmes 60ml,300.00,189.00,37,En stock,Oui,N/A
Lhmiza,Parfums,Coffret Agua De Colonia 1916 unisexe Limón & Tonka,400.00,189.00,53,En stock,Oui,N/A
Lhmiza,Parfums,Coffret Nike Loving Floral pour Femmes,400.00,189.00,53,Épuisé,Oui,N/A
Lhmiza,Parfums,Coffret SPORTMAN Endgame Pour Hommes,400.00,189.00,53,En stock,Oui,N/A
Lhmiza,Parfums,Coffret Anouk Rose & Noir Pour Femmes,400.00,189.00,53,En stock,Oui,N/A
Lhmiza,Parfums,Baccarat Rouge 540 Extrait de Parfum Maison Francis Kurkdjian pour Hommes et Femmes 200 ml,9.500,7.885,17,En stock,Oui,N/A
Lhmiza,Parfums,Baccarat Rouge 540 Extrait de Parfum Maison Francis Kurkdjian pour Hommes et Femmes 70 ml,6.200,5.185,16,En stock,Oui,N/A
Lhmiza,Parfums,Baccarat Rouge 540 Extrait de Parfum Maison Francis Kurkdjian pour Hommes et Femmes 33 ml,3.200,2.750,14,En stock,Oui,N/A
Lhmiza,Parfums,DIESEL Spirit Of The Brave Intense Eau de Parfum Hommes 125 ml,995.00,750.00,25,En stock,Oui,N/A
Lhmiza,Parfums,Un Jardin Sur Le Toit Hermès pour hommes et femmes Eau de Toilette 100 ml,1.620,1.364,16,En stock,Oui,N/A
Lhmiza,Parfums,Un Jardin Sur Le Nil Hermès pour hommes et femmes Eau de Toilette 100 ml,1.620,1.364,16,En stock,Oui,N/A
Lhmiza,Parfums,Un Jardin Sur La Lagune Hermès pour hommes et femmes Eau de Toilette 100 ml,1.620,1.364,16,En stock,Oui,N/A
Lhmiza,Parfums,Un Jardin à Cythère Hermès pour hommes et femmes Eau de Toilette 100 ml,1.620,1.364,16,En stock,Oui,N/A
Lhmiza,Parfums,Le Jardin de Monsieur Li Hermès pour hommes et femmes Eau de Toilette 100 ml,1.620,1.364,16,En stock,Oui,N/A
Lhmiza,Parfums,Tutti Twilly d’Hermès Eau de Parfum pour Femmes 85 ml,1.420,1.148,19,En stock,Oui,N/A
Lhmiza,Parfums,TOM FORD Ombre Leather Eau de Parfum Pour Hommes et Femmes 100 ml,2.300,1.948,15,En stock,Oui,N/A
Lhmiza,Parfums,Tom Ford Noir Extreme Parfum pour hommes 100 ml,2.450,2.083,15,En stock,Oui,N/A
Lhmiza,Parfums,Tom Ford Noir Extreme Eau de Parfum Pour Hommes 50 ml,1.490,1.235,17,En stock,Oui,N/A
Lhmiza,Parfums,Tom Ford Noir Eau de Parfum Pour Hommes 50 ml,1.520,1.312,14,En stock,Oui,N/A
Lhmiza,Parfums,Terre d’Hermès Hommes Eau de Toilette 200 ml,1.680,1.488,11,En stock,Oui,N/A
Lhmiza,Parfums,Terre d’Hermès Hommes Eau de Toilette 50 ml,850.00,708.00,17,En stock,Oui,N/A
Lhmiza,Parfums,Terre d’Hermès Déodorant vaporisateur Hommes 150 ml,500.00,405.00,19,En stock,Oui,N/A
Lhmiza,Parfums,Terre d’Hermès Déodorant Stick Hommes 75 ml,400.00,345.00,14,Épuisé,Oui,N/A
Lhmiza,Parfums,Rouge Hermès Eau de toilette Pour Femmes 100 ml,1.235,1.025,17,En stock,Oui,N/A
Lhmiza,Parfums,Elixir des Merveilles Hermès Eau de Parfum pour femmes 100 ml,1.770,1.485,16,En stock,Oui,N/A
Lhmiza,Parfums,Eau des Merveilles Hermès Eau de Toilette pour femmes 100 ml,1.470,1.285,13,En stock,Oui,N/A
Lhmiza,Parfums,24 Faubourg Eau de Parfum Hermès pour femmes 100 ml,1.680,1.385,18,En stock,Oui,N/A
Lhmiza,Parfums,L’Interdit Rouge Ultime de Givenchy eau de Parfum Pour Femmes 80 ml,1.780,1.489,16,En stock,Oui,N/A
Lhmiza,Parfums,L’Interdit Rouge Ultime de Givenchy eau de Parfum Pour Femmes 50 ml,1.550,1.285,17,En stock,Oui,N/A
Lhmiza,Parfums,L’Interdit Rouge Ultime de Givenchy eau de Parfum Pour Femmes 35 ml,1.200,955.00,20,En stock,Oui,N/A
Lhmiza,Parfums,L’Interdit de Givenchy Eau de Parfum Rouge Pour Femmes 80 ml,1.400,1.245,11,En stock,Oui,N/A
Lhmiza,Parfums,L’Interdit de Givenchy Eau de Parfum Rouge Pour Femmes 50 ml,1.200,1.025,15,En stock,Oui,N/A
Lhmiza,Parfums,L’Interdit de Givenchy Eau de Parfum Rouge Pour Femmes 35 ml,850.00,755.00,11,En stock,Oui,N/A
Lhmiza,Parfums,HERMÈS Eau de Citron Noir Eau de Cologne Pour Hommes et Femmes 100 ml,1.480,955.00,35,En stock,Oui,N/A
Lhmiza,Parfums,Hermès Concentré d’Orange Verte Eau de Toilette Pour Hommes et Femmes 200 ml,1.415,1.225,13,En stock,Oui,N/A
Lhmiza,Parfums,Hermès Concentré d’Orange Verte Eau de Toilette Pour Hommes et Femmes 100 ml,1.220,1.015,17,En stock,Oui,N/A
Lhmiza,Parfums,Hermès Concentré d’Orange Verte Eau de Cologne Pour Hommes et Femmes 100 ml,1.200,885.00,26,En stock,Oui,N/A
Lhmiza,Parfums,H24 Hermès Déodorant vaporisateur fraîcheur Hommes 150 ml,500.00,405.00,19,En stock,Oui,N/A
Lhmiza,Parfums,H24 Eau de Parfum Hermès pour hommes 100 ml,1.280,1.038,19,En stock,Oui,N/A
Lhmiza,Parfums,Flora Gorgeous Magnolia de Gucci Eau de Parfum Femmes 100 ml,1.860,1.585,15,En stock,Oui,N/A
Lhmiza,Parfums,Flora Gorgeous Magnolia de Gucci Eau de Parfum Femmes 50 ml,1.380,1.179,15,En stock,Oui,N/A
Lhmiza,Parfums,Flora Gorgeous Magnolia de Gucci Eau de Parfum Femmes 30 ml,1.020,825.00,19,En stock,Oui,N/A
Lhmiza,Parfums,Équipage d’Hermès Eau de Toilette pour hommes 100 ml,1.500,1.120,25,En stock,Oui,N/A
Lhmiza,Parfums,DIOR Sauvage Elixir Parfum pour Hommes 100 ml,2.500,2.155,14,En stock,Oui,N/A
Lhmiza,Parfums,DIOR Sauvage Elixir Parfum pour Hommes 60 ml,1.800,1.475,18,En stock,Oui,N/A
Lhmiza,Parfums,DIOR Poison Girl Eau de parfum pour femmes 50 ml,1.850,1.475,20,En stock,Oui,N/A
Lhmiza,Parfums,DIOR Poison Girl Eau de parfum pour femmes 50 ml,1.350,1.055,22,En stock,Oui,N/A
Lhmiza,Parfums,Cartier Déclaration Parfum pour Hommes 100 ml,1.450,1.285,11,En stock,Oui,N/A
Lhmiza,Parfums,Café Rose de Tom Ford Eau de Parfum pour femmes 100 ml,2.580,2.195,15,En stock,Oui,N/A
Lhmiza,Parfums,Café Rose de Tom Ford Eau de Parfum pour femmes 50 ml,1.810,1.545,15,En stock,Oui,N/A
Lhmiza,Parfums,Bel Ami d’Hermès Eau de Toilette pour hommes 100 ml,1.450,1.185,18,Épuisé,Oui,N/A
Lhmiza,Parfums,Coffret trio PLEASURES de ESTÉE LAUDER Pour Femmes,1.750,1.420,19,En stock,Oui,N/A
Lhmiza,Parfums,Yes I Am The Queen Eau de Parfum Pour Femme 100ml,500.00,320.00,36,En stock,Oui,N/A
Lhmiza,Parfums,Pure Addiction Franck Olivier Eau de Parfum pour homme et femme 100ml,380.00,278.00,27,En stock,Oui,N/A
Lhmiza,Parfums,Coffret Prestige Private Club de Mauboussin Hommes,800.00,650.00,19,Épuisé,Oui,N/A
Lhmiza,Parfums,Coffret Prestige Pour Lui In Red de Mauboussin Hommes,800.00,650.00,19,Épuisé,Oui,N/A
Lhmiza,Parfums,Coffret Prestige Pour Lui In Black de Mauboussin Hommes,800.00,650.00,19,Épuisé,Oui,N/A
Lhmiza,Parfums,Coffret Prestige In Red de MAUBOUSSIN Femmes,800.00,650.00,19,En stock,Oui,N/A
Lhmiza,Parfums,Coffret Prestige Elixir pour Elle de MAUBOUSSIN Femmes,800.00,650.00,19,En stock,Oui,N/A
Lhmiza,Parfums,Coffret Prestige À La Folie de Mauboussin Femmes,800.00,650.00,19,Épuisé,Oui,N/A
Lhmiza,Parfums,Coffret TERRE D’HERMÈS Eau de Toilette pour homme,1.520,1.180,22,En stock,Oui,N/A
Lhmiza,Parfums,Coffret Ombre Leather de Tom Ford Pour Hommes et Femmes,2.500,2.045,18,En stock,Oui,N/A
Lhmiza,Parfums,Coffret Marc Jacobs Perfect pour femme,1.700,1.395,18,En stock,Oui,N/A
Lhmiza,Parfums,Coffret Gucci Guilty Homme Eau de Parfum,1.600,1.280,20,En stock,Oui,N/A
Lhmiza,Parfums,Coffret Givenchy Gentleman Eau de Parfum Réserve Privée Pour Homme,1.700,1.395,18,En stock,Oui,N/A
Lhmiza,Parfums,Coffret Eau de Parfum Gucci Flora Gorgeous Magnolia Pour Femme,2.500,2.165,13,En stock,Oui,N/A
Lhmiza,Parfums,Coffret Eau de Parfum Gucci Flora Gorgeous Jasmine Pour Femme,2.000,1.685,16,En stock,Oui,N/A
Lhmiza,Parfums,Coffret Eau de Parfum Gucci Flora Gorgeous Gardenia Pour Femme,2.000,1.685,16,En stock,Oui,N/A
Lhmiza,Parfums,Coffret Eau de Parfum Gucci Bloom Pour Femme,2.400,1.880,22,En stock,Oui,N/A
Lhmiza,Parfums,Coffret de l’Eau de Parfum La Panthère Pour Femme,1.800,1.580,12,En stock,Oui,N/A
Lhmiza,Parfums,Coffret Cartier Pasha Edition Noire Eau de Toilette Pour Homme,1.480,1.189,20,En stock,Oui,N/A
Lhmiza,Parfums,Coffret BOSS THE SCENT Eau de Toilette Pour Homme,1.495,1.088,27,En stock,Oui,N/A
Lhmiza,Parfums,Coffret Pour Un Homme De Caron Eau de Toilette,1.500,1.139,24,En stock,Oui,N/A
Lhmiza,Parfums,Coffret Clinique Aromatics Elixir pour Femme,1.800,1.485,18,En stock,Oui,N/A
Lhmiza,Parfums,Club de Nuit Man Armaf pour Homme Eau de Toilette 105ml,700.00,468.00,33,En stock,Oui,N/A
Lhmiza,Parfums,Club de Nuit Sillage Armaf pour Homme et Femme Eau de Parfum 105ml,700.00,468.00,33,Épuisé,Oui,N/A
Lhmiza,Parfums,Club de Nuit Intense Woman Armaf pour Femme Eau de Parfum 105ml,700.00,468.00,33,En stock,Oui,N/A
Lhmiza,Parfums,Club de Nuit Intense Man Armaf pour Homme Eau de Toilette 105ml,700.00,468.00,33,Épuisé,Oui,N/A
Lhmiza,Parfums,Lattafa Yara 100ml – Eau de Parfum Parfum floral Pour Femme,300.00,250.00,17,En stock,Oui,N/A
Lhmiza,Parfums,"Ameerat Al Arab de LATTAFA 100ml, Eau de Parfum Femme",300.00,198.00,34,En stock,Oui,N/A
Lhmiza,Parfums,Jo Malone Cologne Intense Tuberose Angelica 50ml Testeur Authentique,1.250,925.00,26,En stock,Oui,N/A
Lhmiza,Parfums,HUGO BOSS BOSS BOTTLED INFINITE Pour Homme Eau de Parfum 50ml,850.00,655.00,23,En stock,Oui,N/A
Lhmiza,Parfums,Coffret THE RITUAL OF SAMURAI Pour Homme,800.00,638.00,20,En stock,Oui,N/A
Lhmiza,Parfums,Coffret THE RITUAL OF SAKURA Renewing Routine Pour Femme,800.00,638.00,20,En stock,Oui,N/A
Lhmiza,Parfums,Coffret THE RITUAL OF HAMMAM Pour Homme,800.00,638.00,20,En stock,Oui,N/A
Lhmiza,Parfums,Coffret THE RITUAL OF AYURVEDA Rebalancing Routine Pour Femme,800.00,599.00,25,En stock,Oui,N/A
Lhmiza,Parfums,Yes I Am The King Nuit d’Orient de Geparlys Eau De Parfum pour Homme 100ml,500.00,320.00,36,En stock,Oui,N/A
Lhmiza,Parfums,Yes I Am The King Legend de Geparlys Eau De Parfum pour Homme,500.00,N/A,N/A,En stock,Non,N/A
Lhmiza,Parfums,Coffret Cabotine de Grès en édition limitée Pour Femme Eau de Toilette,500.00,389.00,22,En stock,Oui,N/A
Lhmiza,Parfums,Explorer Ultra Blue – Déodorant Stick de MONTBLANC 75g,300.00,250.00,17,En stock,Oui,N/A
Lhmiza,Parfums,Explorer – Déodorant Stick de MONTBLANC 75g,300.00,N/A,N/A,En stock,Non,N/A
Lhmiza,Parfums,Legend Spirit – Déodorant Stick de MONTBLANC 75g,300.00,N/A,N/A,En stock,Non,N/A
Lhmiza,Parfums,Legend Red – Déodorant Stick de MONTBLANC 75g,300.00,250.00,17,En stock,Oui,N/A
Lhmiza,Parfums,Legend – Déodorant Stick de MONTBLANC 75g,300.00,N/A,N/A,En stock,Non,N/A
Lhmiza,Parfums,Polo Blue Sport de Ralph Lauren Eau De Toilette Spray Homme 125ml,1.075,865.00,20,En stock,Oui,N/A
Lhmiza,Parfums,Ralph Lauren Big Pony Polo 4 Pour Femme Eau de Toilette 50ml,825.00,595.00,28,En stock,Oui,N/A
Lhmiza,Parfums,Jimmy Choo Man Intense Eau De Toilette Spray Homme 100ml,1.260,895.00,29,En stock,Oui,N/A
Lhmiza,Parfums,FlowerBomb de VIKTOR & ROLF Pour Femme Eau de Parfum 50ml,1.260,939.00,25,En stock,Oui,N/A
Lhmiza,Parfums,FlowerBomb Extreme de VIKTOR & ROLF Pour Femme Eau de Parfum 50ml,1.480,1.155,22,En stock,Oui,N/A
Lhmiza,Parfums,EAU MEGA de VIKTOR & ROLF Eau de Parfum Pour Femme 50ml,950.00,785.00,17,En stock,Oui,N/A
Lhmiza,Parfums,Bonbon de Viktor & Rolf Eau De Parfum Spray pour femme 90ml,1.560,1.255,20,En stock,Oui,N/A
Lhmiza,Parfums,Sisley Eau du Soir Eau de Parfum Pour Femme 50ml,1.890,1.585,16,En stock,Oui,N/A
Lhmiza,Parfums,Coffret ROCHAS L’Homme Rochas Eau de toilette Pour Homme,1.080,865.00,20,Épuisé,Oui,N/A
Lhmiza,Parfums,Coffret Paco Rabanne Lady Million Eau de Parfum Pour Femme,1.180,965.00,18,Épuisé,Oui,N/A
Lhmiza,Parfums,Coffret Paco Rabanne One Million Eau de Toilette Pour Homme,1.170,985.00,16,En stock,Oui,N/A
Lhmiza,Parfums,Coffret BURBERRY My Burberry Blush Eau De Parfum Pour Femme,1.450,1.195,18,Épuisé,Oui,N/A
Lhmiza,Parfums,Coffret HERMÈS H24 Eau de Toilette Pour Homme,1.600,1.350,16,En stock,Oui,N/A
Lhmiza,Parfums,Coffret Hugo Boss BOSS the Scent Eau de Toilette Pour Homme,1.180,895.00,24,En stock,Oui,N/A
Lhmiza,Parfums,Coffret Hugo Boss BOSS The Scent Pour Femme Eau de Parfum 50ml,955.00,789.00,17,Épuisé,Oui,N/A
Lhmiza,Parfums,Coffret CARTIER LA PANTHÈRE EAU DE PARFUM Pour Femme,1.800,1.445,20,En stock,Oui,N/A
Lhmiza,Parfums,Coffret CARTIER Pasha Edition Noire 100ml Eau de Toilette Pour Homme,1.350,1.175,13,En stock,Oui,N/A
Lhmiza,Parfums,Coffret L’Interdit Givenchy Eau de Parfum Pour Femme,1.800,1.395,23,En stock,Oui,N/A
Lhmiza,Parfums,Coffret Acqua di Parma Blu Mediterraneo Arancia di Capri Cofanetto Pour Homme,1.850,1.445,22,En stock,Oui,N/A
Lhmiza,Parfums,Coffret Emilio Pucci x Acqua di Parma Rosa Nobile Eau de Parfum 100ml Pour Femme,1.850,1.445,22,En stock,Oui,N/A
Lhmiza,Parfums,CARON Aimez-Moi Comme Je Suis Coffret Eau de Toilette Pour Homme,1.045,950.00,9,En stock,Oui,N/A
Lhmiza,Parfums,CALVIN KLEIN CK ONE EAU DE TOILETTE COFFRET (EDT 100ml + Gel Douche 100ml) Pour Homme,870.00,625.00,28,En stock,Oui,N/A
Lhmiza,Parfums,CALVIN KLEIN CK ONE EAU DE TOILETTE COFFRET (EDT 200ml + EDT 50ml) Pour Homme,1.050,872.00,17,En stock,Oui,N/A
Lhmiza,Parfums,Calvin Klein Euphoria Coffret (EDP 100ml + Body Lotion 100ml) Pour Femme,1.480,1.115,25,En stock,Oui,N/A
Lhmiza,Parfums,Escada Especially Coffret (EDP 30ml + Body Lotion 50ml) Pour Femme,700.00,585.00,16,En stock,Oui,N/A
Lhmiza,Parfums,One Man Show Jacques Bogart pour homme Eau de Toilette 100 ml,400.00,345.00,14,En stock,Oui,N/A
Lhmiza,Parfums,SO SCANDAL! de Jean Paul Gaultier Eau de Parfum Pour Femme 80ml,1.200,1.055,12,En stock,Oui,N/A
Lhmiza,Parfums,SO SCANDAL! de Jean Paul Gaultier Eau de Parfum Pour Femme 50ml,900.00,808.00,10,En stock,Oui,N/A
Lhmiza,Parfums,SCANDAL de Jean Paul Gaultier Eau de Toilette Pour Homme 150ml,1.480,1.255,15,En stock,Oui,N/A
Lhmiza,Parfums,Le Male Le Parfum de Jean Paul Gaultier Eau de Parfum Intense pour Homme 125 ml,1.250,1.065,15,En stock,Oui,N/A
Lhmiza,Parfums,Mauboussin – Pour Lui In Black 100ml – Eau de Parfum Homme – Senteur Fougère & Moderne,700.00,485.00,31,En stock,Oui,N/A
Lhmiza,Parfums,Dolce & Gabbana Light Blue Eau Intense Pour Femme 100ml Testeur Authentique,1.245,750.00,40,Épuisé,Oui,N/A
Lhmiza,Parfums,Y YVES SAINT LAURENT Eau de Toilette Pour Homme 100ml Testeur Authentique,950.00,780.00,18,En stock,Oui,N/A
Lhmiza,Parfums,Classique Cabaret de Jean Paul Gaultier Eau de Parfum Pour Femme 100ml Testeur Authentique,1.230,720.00,41,Épuisé,Oui,N/A
Lhmiza,Parfums,Guerlain LA PETITE ROBE NOIRE Eau de Parfum Intense Pour Femme 100ml Testeur Authentique,1.180,830.00,30,En stock,Oui,N/A
Lhmiza,Parfums,Azzaro pour Homme Eau de Toilette 100ml Testeur Authentique,800.00,520.00,35,En stock,Oui,N/A
Lhmiza,Parfums,Terre D’Hermès Eau Intense Vétiver Eau De Parfum 100ml Testeur Authentique,1.200,750.00,38,En stock,Oui,N/A
Lhmiza,Parfums,Paco Rabanne XS Excess Homme Eau de Toilette 100ml Testeur Authentique,980.00,750.00,23,Épuisé,Oui,N/A
Lhmiza,Parfums,Eau de Lacoste L.12.12 pour lui magnetic pour homme 100ml Testeur Authentique,850.00,530.00,38,Épuisé,Oui,N/A
Lhmiza,Parfums,Eau de Lacoste L.12.12 Yellow Lacoste Fragrances pour homme 100ml Testeur Authentique,850.00,530.00,38,Épuisé,Oui,N/A
Lhmiza,Parfums,Mauboussin – Pour Lui In Black 100ml – Eau de Parfum Homme – Senteur Boisée & Orientale,700.00,485.00,31,En stock,Oui,N/A
Lhmiza,Parfums,Diplomate de Paris Bleu Pour Femme Eau de Parfum 100 ml,500.00,335.00,33,En stock,Oui,N/A
Lhmiza,Parfums,Mondaine de Paris Bleu Eau de Parfum Pour Femme 95 ml,500.00,350.00,30,Épuisé,Oui,N/A
Lhmiza,Parfums,Mauboussin Promise Me Intense pour femme Eau De Parfum 90 ml,700.00,485.00,31,En stock,Oui,N/A
Lhmiza,Parfums,Mauboussin My Twist Eau De Parfum Pour Femme 90 ml,700.00,485.00,31,En stock,Oui,N/A
Lhmiza,Parfums,Mauboussin – Pour Elle 100ml – Eau de Parfum Femme – Senteur Florale & Fruitée,700.00,485.00,31,En stock,Oui,N/A
Lhmiza,Parfums,Mauboussin – A La Folie 100ml – Eau de Parfum Femme – Senteur Florale & Orientale,700.00,485.00,31,En stock,Oui,N/A
Lhmiza,Parfums,Mauboussin Mademoiselle Twist Eau De Parfum Pour Femme 90 ml,700.00,485.00,31,En stock,Oui,N/A
Lhmiza,Parfums,Parnassia Nuit Sublime de Gemina.B Pour Femme Eau de Parfum 95 ml,500.00,350.00,30,En stock,Oui,N/A
Lhmiza,Parfums,"Mauboussin – In Red – Eau de Parfum Femme – Senteur Orientale, Florale & Boisée – 100ml",700.00,485.00,31,En stock,Oui,N/A
Lhmiza,Parfums,Galice Gold de Paris Bleu pour Femme Eau de Parfum 100 ml,500.00,365.00,27,En stock,Oui,N/A
Lhmiza,Parfums,Galice Sensuelle de Paris Bleu pour Femme Eau de Parfum 100 ml,500.00,365.00,27,En stock,Oui,N/A
Lhmiza,Parfums,Fancy Pink Lady de Johan.B Pour Femme Eau de Parfum 85ml,500.00,299.00,40,En stock,Oui,N/A
Lhmiza,Parfums,Fancy Pink de Johan.B Pour Femme Eau de Parfum 85 ml,500.00,299.00,40,Épuisé,Oui,N/A
Lhmiza,Parfums,Black Flower de Johan.B Pour Femme Eau de Parfum 85 ml,500.00,299.00,40,En stock,Oui,N/A
Lhmiza,Parfums,So Seduced de Johan B. Pour Femme Eau de Parfum 85 ml,500.00,299.00,40,En stock,Oui,N/A
Lhmiza,Parfums,Sensual Nuit Noire de Johan B pour Femme Eau de Parfum 85 ml,500.00,299.00,40,En stock,Oui,N/A
Lhmiza,Parfums,Si Belle de Gemina.B pour Femme Eau de Parfum 85 ml,500.00,350.00,30,En stock,Oui,N/A
Lhmiza,Parfums,White Touch de Franck Olivier pour Femme Eau de Parfum 100 ml,540.00,350.00,35,En stock,Oui,N/A
Lhmiza,Parfums,MAUBOUSSIN ELIXIR POUR ELLE Eau de Parfum 100 ml,700.00,485.00,31,En stock,Oui,N/A
Lhmiza,Parfums,MAUBOUSSIN CRISTAL OUD Pour Homme Eau de Parfum 100 ml,700.00,485.00,31,En stock,Oui,N/A
Lhmiza,Parfums,MAUBOUSSIN POUR LUI IN RED Pour Homme Eau de Parfum 100 ml,700.00,485.00,31,En stock,Oui,N/A
Lhmiza,Parfums,Coffret Lifetime de Chris Adams Pour Homme Eau de Parfum,200.00,155.00,23,En stock,Oui,N/A
Lhmiza,Parfums,Oud Vanille de Franck Olivier pour homme et femme Eau de Parfum 100 ml,540.00,350.00,35,Épuisé,Oui,N/A
Lhmiza,Parfums,Black Touch de Franck Olivier pour homme Eau de Toilette 100 ml,540.00,350.00,35,En stock,Oui,N/A
Lhmiza,Parfums,GUERLAIN L’HOMME IDEAL Eau de Parfum pour Homme 100 ml Testeur Authentique,950.00,699.00,26,Épuisé,Oui,N/A
Lhmiza,Parfums,PACO RABANNE PURE XS Travel Edition Pour Homme Eau de Toilette 100ml,1.200,840.00,30,En stock,Oui,N/A
Lhmiza,Parfums,Dolce & Gabbana Travel Edition The Only One Pour Femme Eau de Parfum 100ml,1.380,1.085,21,En stock,Oui,N/A
Lhmiza,Parfums,Hugo Boss Hugo Man 150ml Deodorant Spray,350.00,255.00,27,En stock,Oui,N/A
Lhmiza,Parfums,Hugo Boss BOSS Bottled déodorant spray pour homme 150 ml,350.00,255.00,27,En stock,Oui,N/A
Lhmiza,Parfums,Hugo Boss BOSS The Scent déodorant spray pour homme 150 ml,350.00,255.00,27,En stock,Oui,N/A
Lhmiza,Parfums,PALOMA PICASSO Pour Femme 30 ml Spray Eau de Parfum,635.00,495.00,22,Épuisé,Oui,N/A
Lhmiza,Parfums,Pasha de Cartier Edition Noire Eau de Toilette pour Homme 100 ml Testeur Authentique,1.240,630.00,49,En stock,Oui,N/A
Lhmiza,Parfums,Pasha de Cartier Eau de Toilette pour Homme 100 ml Testeur Authentique,950.00,580.00,39,En stock,Oui,N/A
Lhmiza,Parfums,CHIC ‘N GLAM Volume – Eau de Toilette Pour Homme 100 ml,300.00,186.00,38,En stock,Oui,N/A
Lhmiza,Parfums,New Brand Stranger – Eau de Toilette Pour Homme 100 ml,300.00,149.00,50,En stock,Oui,N/A
Lhmiza,Parfums,New Brand Gold – Eau de Toilette Pour Homme 100 ml,300.00,149.00,50,En stock,Oui,N/A
Lhmiza,Parfums,New Brand Invincible – Eau de Toilette Pour Homme 100 ml,300.00,149.00,50,En stock,Oui,N/A
Lhmiza,Parfums,New Brand Pure Sense – Eau de Toilette Pour Homme 100 ml,300.00,149.00,50,En stock,Oui,N/A
Lhmiza,Parfums,CAROLINA HERRERA Very Good Girl Eau de Parfum 50 ml,1.220,935.00,23,En stock,Oui,N/A
Lhmiza,Parfums,CAROLINA HERRERA Very Good Girl Eau de Parfum 80 ml,1.450,1.186,18,En stock,Oui,N/A
Lhmiza,Parfums,Good Girl de Carolina Herrera Femme – Eau de Parfum 50 ml,1.110,845.00,24,En stock,Oui,N/A
Lhmiza,Parfums,Carolina Herrera 212 VIP Rosé Femme Eau de Parfum 50 ml,980.00,724.00,26,En stock,Oui,N/A
Lhmiza,Parfums,Carolina Herrera 212 VIP Eau de parfum Pour Femme 50 ml,870.00,650.00,25,En stock,Oui,N/A
Lhmiza,Parfums,Carolina Herrera 212 VIP Eau de parfum Pour Femme 80 ml,1.135,802.00,29,En stock,Oui,N/A
Lhmiza,Parfums,CAROLINA HERRERA 212 VIP Club Eau de Toilette pour Femme 80 ml,1.060,824.00,22,En stock,Oui,N/A
Lhmiza,Parfums,Carolina Herrera 212 Sexy Eau de Parfum pour Femme 30 ml,780.00,515.00,34,Épuisé,Oui,N/A
Lhmiza,Parfums,Carolina Herrera CH Eau de Parfum Sublime 50 ml,1.080,779.00,28,En stock,Oui,N/A
Lhmiza,Parfums,Carolina Herrera CH Eau de Parfum Sublime 80 ml,1.250,917.00,27,En stock,Oui,N/A
Lhmiza,Parfums,Carolina Herrera CH Pour Femme Eau de Toilette 50 ml,850.00,695.00,18,En stock,Oui,N/A
Lhmiza,Parfums,Carolina Herrera CH Pour Femme Eau de Toilette 30 ml,750.00,558.00,26,En stock,Oui,N/A
Lhmiza,Parfums,Aromatics Elixir de Clinique Eau de Parfum Pour Femme Vaporisateur 100 ml,1.450,1.135,22,En stock,Oui,N/A
Lhmiza,Parfums,ACQUA DI PARMA OUD Unisexe Eau de parfum 180 ml,2.800,2.450,13,En stock,Oui,N/A
Lhmiza,Parfums,ACQUA DI PARMA VANIGLIA Unisexe Eau de parfum 180 ml,2.800,2.450,13,En stock,Oui,N/A
Lhmiza,Parfums,ACQUA DI PARMA LEATHER Pour Homme Eau de parfum 180 ml,2.800,2.450,13,En stock,Oui,N/A
Lhmiza,Parfums,ACQUA DI PARMA Oud & Spice Unisexe Eau de parfum 100 ml,3.000,2.089,30,En stock,Oui,N/A
Lhmiza,Parfums,Acqua Di Parma Colonia Eau de cologne Unisexe 100ml,1.250,1.055,16,En stock,Oui,N/A
Lhmiza,Parfums,ACQUA DI PARISIS Essenza Intensa Oud Lumineux Eau De Parfum Pour Homme 100 ml,995.00,722.00,27,En stock,Oui,N/A
Lhmiza,Parfums,GENTLEMAN GIVENCHY Déodorant stick 75 ml,450.00,305.00,32,En stock,Oui,N/A
Lhmiza,Parfums,DIOR HOMME Déodorant stick 75 g,550.00,420.00,24,En stock,Oui,N/A
Lhmiza,Parfums,CARTIER CARAT Eau de Parfum pour Femme 100 ml,1.650,1.389,16,En stock,Oui,N/A
Lhmiza,Parfums,CARTIER Pasha Edition Noire Eau de Toilette pour Homme 100 ml,1.240,905.00,27,En stock,Oui,N/A
Lhmiza,Parfums,CARTIER Déclaration Eau de Toilette pour Homme 100 ml,1.200,1.050,13,En stock,Oui,N/A
Lhmiza,Parfums,CARTIER Baiser Fou Eau de Parfum Pour Femme 75 ml,1.230,955.00,22,En stock,Oui,N/A
Lhmiza,Parfums,CARTIER La Panthère Edition Soir Eau de Parfum Pour Femme 50 ml,1.035,845.00,18,En stock,Oui,N/A
Lhmiza,Parfums,CARTIER La Panthère Edition Soir Eau de Parfum Pour Femme 75 ml,1.550,1.240,20,En stock,Oui,N/A
Lhmiza,Parfums,Pour Un Homme de CARON Déodorant Stick 75 g,400.00,299.00,25,En stock,Oui,N/A
Lhmiza,Parfums,Caron Pour un Homme Eau de Toilette 500 ml,1.580,1.342,15,Épuisé,Oui,N/A
Lhmiza,Parfums,Caron Pour un Homme Eau de Toilette 200 ml,1.040,890.00,14,Épuisé,Oui,N/A
Lhmiza,Parfums,Juicy Couture Viva la Juicy Pour Femme Eau de Parfum 50 ml,880.00,645.00,27,En stock,Oui,N/A
Lhmiza,Parfums,CALVIN KLEIN Ck One Shock Eau De Toilette Pour Femme 200 ml,840.00,697.00,17,En stock,Oui,N/A
Lhmiza,Parfums,CALVIN KLEIN Euphoria Pour Femme Eau de Parfum 30 ml,750.00,565.00,25,En stock,Oui,N/A
Lhmiza,Parfums,CALVIN KLEIN Euphoria Men Eau de Toilette 100 ml,800.00,650.00,19,En stock,Oui,N/A
Lhmiza,Parfums,CALVIN KLEIN CK IN2U HIM Eau de Toilette pour Homme 100 ml,700.00,580.00,17,En stock,Oui,N/A
Lhmiza,Parfums,Calvin Klein CK One Eau de Toilette Unisexe 200 ml,850.00,665.00,22,En stock,Oui,N/A
Lhmiza,Parfums,CERRUTI 1881 Bella Notte Pour Homme Eau de Toilette 100 ml,820.00,615.00,25,En stock,Oui,N/A
Lhmiza,Parfums,BVLGARI Rose Essentielle Eau de parfum Pour Femme 100 ml,1.600,1.015,37,Épuisé,Oui,N/A
Lhmiza,Parfums,BVLGARI Splendida Jasmin Noir Pour Femme Eau de Parfum 100 ml,1.600,1.089,32,En stock,Oui,N/A
Lhmiza,Parfums,BVLGARI Man Wood Essence Eau de Parfum 100 ml,1.550,1.065,31,En stock,Oui,N/A
Lhmiza,Parfums,Boucheron Quatre Homme Eau de Toilette 50 ml,800.00,599.00,25,En stock,Oui,N/A
Lhmiza,Parfums,Boucheron Quatre Homme Eau de Toilette 100 ml,880.00,620.00,30,En stock,Oui,N/A
Lhmiza,Parfums,BOUCHERON QUATRE ABSOLU DE NUIT HOMME Eau de Parfum 100 ml,1.050,685.00,35,En stock,Oui,N/A
Lhmiza,Parfums,MINIATURE VAPORISATEUR de BOUCHERON Eau de Parfum Coffret UNISEX,1.600,1.250,22,En stock,Oui,N/A
Lhmiza,Parfums,Boucheron pour Homme de Boucheron Eau de Toilette Vaporisateur 50 ml,780.00,495.00,37,En stock,Oui,N/A
Lhmiza,Parfums,JAIPUR HOMME de Boucheron Eau de Toilette Vaporisateur 100 ml,1.035,750.00,28,En stock,Oui,N/A
Lhmiza,Parfums,Tiziana Terenzi Kirke Extrait De Parfum Pour Homme et Femme 100 ml,1.800,1.560,13,En stock,Oui,N/A
Lhmiza,Parfums,Emanuel Ungaro Pour Homme III Gold Bold Edition Eau De Toilette 100 ml,600.00,420.00,30,Épuisé,Oui,N/A
Lhmiza,Parfums,Azzaro Chrome Intense Eau de Toilette Pour Homme 100 ml,950.00,725.00,24,En stock,Oui,N/A
Lhmiza,Parfums,AZZARO CHROME UNITED POUR HOMME EAU DE TOILETTE 100 ml,1.050,825.00,21,En stock,Oui,N/A
Lhmiza,Parfums,AZZARO ONYX POUR HOMME EAU DE TOILETTE 100 ml,600.00,480.00,20,Épuisé,Oui,N/A
Lhmiza,Parfums,Azzaro Visit pour Homme – Eau de Toilette 50 ml,600.00,459.00,24,En stock,Oui,N/A
Lhmiza,Parfums,Fancy Blue Lady de GEPARLYS Pour Femme Eau de parfum 85ml,500.00,320.00,36,En stock,Oui,N/A
Lhmiza,Parfums,INNER FORCE de Geparlys pour Homme Eau de Parfum 100ml,400.00,320.00,20,En stock,Oui,N/A
Lhmiza,Parfums,PERFECT BLACK de GEPARLYS Pour Homme Eau de Toilette 100ml,500.00,320.00,36,En stock,Oui,N/A
Lhmiza,Parfums,UNBEATABLE de GEPARLYS pour Homme Eau de Toilette 100ml,400.00,299.00,25,En stock,Oui,N/A
Lhmiza,Parfums,Glenn Perri Unpredictable Pour Homme Eau de Toilette 100ml,400.00,265.00,34,Épuisé,Oui,N/A
Lhmiza,Parfums,Versace Man Eau Fraiche Eau de Toilette pour Homme 100ml Testeur Authentique,800.00,590.00,26,En stock,Oui,N/A
Lhmiza,Parfums,Korloff Royal Oud Unisex Eau de Parfum 88ml Testeur Authentique,850.00,515.00,39,En stock,Oui,N/A
Lhmiza,Parfums,Encre Noire L’Extreme Lalique Pour Homme Eau de Parfum 100 ml Testeur Authentique,980.00,520.00,47,Épuisé,Oui,N/A
Lhmiza,Parfums,Karl Lagerfeld Bois de Yuzu Pour Homme Eau de Toilette 50 ml,500.00,390.00,22,En stock,Oui,N/A
Lhmiza,Parfums,Language Pink de Lonkoom Eau de Parfum pour femme 100ml,200.00,115.00,43,Épuisé,Oui,N/A
Lhmiza,Parfums,Mauboussin Coffret Elixir Pour Elle – Eau de Parfum Pour Femme,800.00,539.00,33,Épuisé,Oui,N/A
Lhmiza,Parfums,Mauboussin Coffret In Red – Eau de Parfum Pour Femme,800.00,539.00,33,Épuisé,Oui,N/A
Lhmiza,Parfums,Paco Rabanne Phantom Pour Homme Eau de Toilette 100ml,1.000,885.00,12,En stock,Oui,N/A
Lhmiza,Parfums,Paco Rabanne Phantom Pour Homme Eau de Toilette 50ml,800.00,629.00,21,En stock,Oui,N/A
Lhmiza,Parfums,CHANEL COCO MADEMOISELLE Eau de Parfum Intense 200ml,2.700,2.189,19,Épuisé,Oui,N/A
Lhmiza,Parfums,Hugo Boss Dark Blue Pour Homme Eau de toilette 75ml,700.00,579.00,17,En stock,Oui,N/A
Lhmiza,Parfums,Calvin Klein CK One Shock for Him Eau de Toilette 100ml,600.00,495.00,18,En stock,Oui,N/A
Lhmiza,Parfums,Mauboussin Pour Lui In Black – Eau de Parfum Pour Homme,800.00,539.00,33,Épuisé,Oui,N/A
Lhmiza,Parfums,Mauboussin Coffret Promise Me – Eau de Parfum Pour Femme,800.00,539.00,33,Épuisé,Oui,N/A
Lhmiza,Parfums,Shalimar de Guerlain Eau De Parfum pour femme 50ml,1.050,850.00,19,Épuisé,Oui,N/A
Lhmiza,Parfums,Mauboussin Coffret À la folie – Eau de Parfum Pour Femme,800.00,539.00,33,Épuisé,Oui,N/A
Lhmiza,Parfums,CREED Viking Eau de Parfum Pour Homme 100ml,3.500,2.995,14,En stock,Oui,N/A
Lhmiza,Parfums,CREED Royal Oud Eau de Parfum Pour Homme et Femme 100ml,3.500,2.995,14,En stock,Oui,N/A
Lhmiza,Parfums,CREED Original Santal Eau de Parfum Pour Homme et Femme 100ml,3.500,2.995,14,En stock,Oui,N/A
Lhmiza,Parfums,CREED Aventus Eau de Parfum Pour Homme 100ml,3.600,3.245,10,En stock,Oui,N/A
Lhmiza,Parfums,New Brand Only You – Eau de Toilette Pour Homme 100 ml,300.00,150.00,50,En stock,Oui,N/A
Lhmiza,Parfums,Chris Adams Nobleman Eau De Parfum Pour Homme – 100 ml,220.00,159.00,28,En stock,Oui,N/A
Lhmiza,Parfums,Omnia Coral de Bvlgari Pour Femme Eau de Toilette Vaporisateur 40ml,620.00,499.00,20,En stock,Oui,N/A
Lhmiza,Parfums,Yes I Am The King ICON de Geparlys Pour Homme Eau de Parfum 100 ml,500.00,299.00,40,Épuisé,Oui,N/A
Lhmiza,Parfums,JOHAN.B Rich Blu Icône Pour Homme Eau de Toilette 90 ml,500.00,299.00,40,En stock,Oui,N/A
Lhmiza,Parfums,JOHAN.B Rich Icône Pour Homme Eau de Toilette 90 ml,500.00,299.00,40,En stock,Oui,N/A
Lhmiza,Parfums,SCULPTURE de NIKOS Pour Homme Eau de Toilette 100ml,500.00,445.00,11,En stock,Oui,N/A
Lhmiza,Parfums,Mauboussin – Coffret Prestige Pour Lui Cristal Oud – Eau de Parfum,800.00,539.00,33,Épuisé,Oui,N/A
Lhmiza,Parfums,Coffret Mauboussin Private Club Pour Homme,800.00,539.00,33,Épuisé,Oui,N/A
Lhmiza,Parfums,Cerruti 1881 Pour Femme Eau de Toilette 100ml,700.00,585.00,16,Épuisé,Oui,N/A
Lhmiza,Parfums,Cerruti 1881 Pour Homme Eau de Toilette 100ml,700.00,590.00,16,En stock,Oui,N/A
Lhmiza,Parfums,DIESEL FUEL FOR LIFE Pour Homme Eau de Toilette 125ml,1.165,795.00,32,En stock,Oui,N/A
Lhmiza,Parfums,Versace the Dreamer Pour Homme Eau de Toilette 100 ml Testeur Authentique,750.00,500.00,33,Épuisé,Oui,N/A
Lhmiza,Parfums,KENZO WORLD Pour Femme Eau de Parfum 75ml,1.180,765.00,35,En stock,Oui,N/A
Lhmiza,Parfums,Touch Of Woman Coffret Pour Femme Eau de Parfum 90ml + Déodorant 150ml,300.00,150.00,50,Épuisé,Oui,N/A
Lhmiza,Parfums,IronStone Coffret Pour Homme Eau de Toilette 100ml + Déodorant 150ml,300.00,150.00,50,En stock,Oui,N/A
Lhmiza,Parfums,In Woman Coffret Pour Femme Eau de Parfum 90ml + Déodorant 150ml,300.00,150.00,50,En stock,Oui,N/A
Lhmiza,Parfums,In Woman Red Coffret Pour Femme Eau de Parfum 100ml + Déodorant 150ml,300.00,150.00,50,En stock,Oui,N/A
Lhmiza,Parfums,His Passion Coffret Pour Homme Eau de Toilette 100ml + Déodorant 150ml,300.00,150.00,50,En stock,Oui,N/A
Lhmiza,Parfums,Cash For Men Coffret Pour Homme Eau de Toilette 100ml + Déodorant 150ml,300.00,150.00,50,Épuisé,Oui,N/A
Lhmiza,Parfums,GEPARLYS Bleu Royal Collection Privée Pour Homme Eau de Parfum 100 ml,500.00,320.00,36,En stock,Oui,N/A
Lhmiza,Parfums,Dolce & Gabbana Light Blue Love is Love Pour Femme Eau De Toilette Spray 100ml,1.200,825.00,31,En stock,Oui,N/A
Lhmiza,Parfums,Gemina.b IDOLE La Nuit de GEPARLYS Pour Homme Eau de Toilette 90ml,500.00,320.00,36,En stock,Oui,N/A
Lhmiza,Parfums,Gemina.b IDOLE For Men de GEPARLYS Pour Homme Eau de Toilette 90ml,500.00,320.00,36,Épuisé,Oui,N/A
Lhmiza,Parfums,Cèdre Bleu Collection Privée de GEPARLYS Pour Homme Eau de Parfum 100ml,500.00,320.00,36,En stock,Oui,N/A
Lhmiza,Parfums,Johan B ELEGANT INTENSE Pour Homme Eau de Toilette 100ml,500.00,299.00,40,Épuisé,Oui,N/A
Lhmiza,Parfums,Coffret valentina pink de Valentino Pour Femme Eau de parfum 80ml et spray 10ml,1.250,1.189,5,Épuisé,Oui,N/A
Lhmiza,Parfums,AIMEZ-MOI COMME JE SUIS de Caron Pour Homme Eau de Toilette 125 ml Testeur Authentique,850.00,545.00,36,Épuisé,Oui,N/A
Lhmiza,Parfums,BVLGARI MAN WOOD NEROLI Pour Homme Eau de Parfum 100ml,1.400,1.150,18,En stock,Oui,N/A
Lhmiza,Parfums,Encre noire de Lalique Eau de toilette pour homme 100 ml Testeur Authentique,970.00,516.00,47,En stock,Oui,N/A
Lhmiza,Parfums,New Brand Velvet – Eau de Parfum Pour Femme 100 ml,200.00,149.00,26,En stock,Oui,N/A
Lhmiza,Parfums,New Brand Dani Women – Eau de Parfum pour Femme 100 ml,200.00,149.00,26,En stock,Oui,N/A
Lhmiza,Parfums,Jimmy Choo Illicit Eau De Parfum Pour Femme 100ml,850.00,689.00,19,Épuisé,Oui,N/A
Lhmiza,Parfums,Dolce & Gabban Dolce Garden Eau de Parfum Pour Femme 75ml,1.005,855.00,15,En stock,Oui,N/A
Lhmiza,Parfums,Emporio Armani Because It’s You Pour Femme Eau De Parfum 100ml,1.120,923.00,18,En stock,Oui,N/A
Lhmiza,Parfums,Mademoiselle Rochas In Black Pour Femme Eau de Parfum 90ml,1.250,1.039,17,En stock,Oui,N/A
Lhmiza,Parfums,Royal Amber S.T. Dupont pour Homme et Femme Eau de Parfum 100ml,1.020,885.00,13,Épuisé,Oui,N/A
Lhmiza,Parfums,Pure Bloom S.T. Dupont pour Femme Eau de Parfum 100ml,1.020,885.00,13,En stock,Oui,N/A
Lhmiza,Parfums,Terre D’Hermès Eau Intense Vétiver Eau De Parfum Pour Homme 100ml,1.200,1.025,15,En stock,Oui,N/A
Lhmiza,Parfums,BOUCHERON Oud de Carthage Eau de Parfum 125ml pour Homme et Femme,1.700,1.435,16,En stock,Oui,N/A
Lhmiza,Parfums,Armani Acqua di Gio Absolu Eau de Parfum Pour Homme 75ml,1.035,885.00,14,Épuisé,Oui,N/A
Lhmiza,Parfums,Sauvage de DIOR Le Parfum Pour Homme 100ml,1.750,1.425,19,En stock,Oui,N/A
Lhmiza,Parfums,Sauvage de DIOR Eau de Parfum Pour Homme 100ml,1.480,1.185,20,En stock,Oui,N/A
Lhmiza,Parfums,Sauvage de DIOR Eau de Toilette Pour Homme 200ml,1.700,1.445,15,En stock,Oui,N/A
Lhmiza,Parfums,Sauvage de DIOR Eau de Toilette Pour Homme 100ml,1.200,920.00,23,En stock,Oui,N/A
Lhmiza,Parfums,Scandal de Jean Paul Gaultier Feminino Eau de Parfum – 80 ml,1.100,929.00,16,En stock,Oui,N/A
Lhmiza,Parfums,Vetiver Extreme de Guerlain Eau de Toilette pour Homme 100ml,1.250,1.054,16,Épuisé,Oui,N/A
Lhmiza,Parfums,Poême de LANCÔME Eau de Parfum Femme 30ml,560.00,425.00,24,Épuisé,Oui,N/A
Lhmiza,Parfums,L’Heure Bleue de GUERLAIN Eau De Parfum Pour Femme 75ml,1.050,845.00,20,Épuisé,Oui,N/A
Lhmiza,Parfums,Inspiration de LACOSTE Eau de Parfum pour Femme 50ml,680.00,445.00,35,En stock,Oui,N/A
Lhmiza,Parfums,Shalimar de Guerlain Eau De Parfum pour femme 90ml,1.750,1.485,15,En stock,Oui,N/A
Lhmiza,Parfums,ELIE SAAB Girl Of Now Eau De Parfum Pour Femme 90ml,1.200,1.005,16,En stock,Oui,N/A
Lhmiza,Parfums,L’Ombre des Merveilles Hermès Eau de parfum Pour Femme 100ml,1.420,1.285,10,En stock,Oui,N/A
Lhmiza,Parfums,Trésor Midnight Rose de LANCÔME Eau de Parfum Femme 75ml,950.00,805.00,15,En stock,Oui,N/A
Lhmiza,Parfums,Lancôme Trésor L’Eau de Parfum Pour Femme 100ml,1.330,1.025,23,En stock,Oui,N/A
Lhmiza,Parfums,Yves Saint Laurent Kouros Silver Pour Homme Eau de Toilette 100ml,930.00,775.00,17,En stock,Oui,N/A
Lhmiza,Parfums,Calvin Klein women Eau de Parfum intense 100ml,1.580,1.295,18,En stock,Oui,N/A
Lhmiza,Parfums,Stronger With You d’Emporio Armani Pour Homme Eau de Toilette 100ml,950.00,839.00,12,En stock,Oui,N/A
Lhmiza,Parfums,Stronger With You d’Emporio Armani Pour Homme Eau de Toilette 50ml,700.00,589.00,16,En stock,Oui,N/A
Lhmiza,Parfums,Coffret Issey Miyake L’EAU D’ISSEY POUR HOMME Eau de toilette,1.050,839.00,20,En stock,Oui,N/A
Lhmiza,Parfums,Coffret Versace Bright Crystal Pour Femme Eau de Toilette,1.180,935.00,21,En stock,Oui,N/A
Lhmiza,Parfums,Coffret Chrome AZZARO Eau de Toilette Pour Homme,850.00,625.00,26,En stock,Oui,N/A
Lhmiza,Parfums,Armani Code de Giorgio Armani Pour Homme Déodorant Stick 75g,300.00,225.00,25,Épuisé,Oui,N/A
Lhmiza,Parfums,Azzaro Wanted Pour Homme Déodorant Stick 75ml,300.00,225.00,25,Épuisé,Oui,N/A
Lhmiza,Parfums,Giorgio Armani Acqua Di Gio Profumo pour Homme Déodorant Stick 75g,300.00,225.00,25,Épuisé,Oui,N/A
Lhmiza,Parfums,PACO RABANNE XS pour Homme Déodorant Stick 75g,300.00,225.00,25,Épuisé,Oui,N/A
Lhmiza,Parfums,CK BE déodorant stick Calvin Klein Pour Homme 75g,300.00,220.00,27,En stock,Oui,N/A
Lhmiza,Parfums,The One de Dolce&Gabbana Deodorant Stick Pour Homme 75ml,320.00,250.00,22,Épuisé,Oui,N/A
Lhmiza,Parfums,Lady Million Privé de Paco Rabanne Eau de Parfum Pour Femme 80ml,1.045,855.00,18,En stock,Oui,N/A
Lhmiza,Parfums,Lady Million de Paco Rabanne Eau de Parfum Pour Femme 50ml,800.00,685.00,14,En stock,Oui,N/A
Lhmiza,Parfums,HERMÈS H24 Pour Homme Eau de toilette 100ml,1.200,935.00,22,En stock,Oui,N/A
Lhmiza,Parfums,HERMÈS H24 Pour Homme Eau de toilette 50ml,900.00,745.00,17,En stock,Oui,N/A
Lhmiza,Parfums,Coffret Davidoff Run Wild Pour Homme Eau de Toilette,1.034,839.00,19,En stock,Oui,N/A
Lhmiza,Parfums,Coffret Givenchy Live Irrésistible Blossom Crush de Givenchy Pour Femme Eau De Toilette,1.200,889.00,26,Épuisé,Oui,N/A
Lhmiza,Parfums,Coffret Givenchy Blue Label Pour Homme Eau De Toilette,1.120,875.00,22,En stock,Oui,N/A
Lhmiza,Parfums,Hugo Man de Hugo Boss Pour Homme Eau de Toilette 125ml Testeur Authentique,900.00,518.00,42,En stock,Oui,N/A
Lhmiza,Parfums,Coffret Hugo Man de Hugo Boss Pour Homme Eau de Toilette 3Pcs,1.280,915.00,29,En stock,Oui,N/A
Lhmiza,Parfums,Coffret Hugo Man de Hugo Boss Pour Homme Eau de Toilette 2Pcs,756.00,680.00,10,En stock,Oui,N/A
Lhmiza,Parfums,Light Blue Eau Intense Pour Homme Dolce&Gabbana pour Homme 100ml Testeur Authentique,980.00,750.00,23,En stock,Oui,N/A
Lhmiza,Parfums,Bottega Veneta Eau Sensuelle Eau De Parfum Pour Femme 50 ml,1.030,882.00,14,Épuisé,Oui,N/A
Lhmiza,Parfums,Atkinsons 24 Old Bond Street Eau de Cologne pour Homme et Femme 50 ml,630.00,525.00,17,Épuisé,Oui,N/A
Lhmiza,Parfums,Be Seduced Girl de JOHAN.B Eau De Parfum Pour Femme 100 ml,500.00,299.00,40,Épuisé,Oui,N/A
Lhmiza,Parfums,Elegant Black Johan B pour Homme Eau de Toilette 100 ml,500.00,299.00,40,Épuisé,Oui,N/A
Lhmiza,Parfums,Touch of Pink Lacoste Fragrances pour Femme 90 ml,985.00,728.00,26,En stock,Oui,N/A
Lhmiza,Parfums,Sky di Gioia de Giorgio Armani pour Femme 50 ml,930.00,778.00,16,En stock,Oui,N/A
Lhmiza,Parfums,Narciso Rodriguez For Him Bleu Noir Eau De Toilette Extreme pour Homme 100 ml,1.220,948.00,22,En stock,Oui,N/A
Lhmiza,Parfums,D&G Anthology 1 Le Bateleur Eau de Toilette Dolce & Gabbana pour homme 100 ml,850.00,682.00,20,En stock,Oui,N/A
Lhmiza,Parfums,D&G Anthology La Force 11 Eau de Toilette Dolce & Gabbana pour homme 100 ml,850.00,682.00,20,En stock,Oui,N/A
Lhmiza,Parfums,Givenchy Pour Homme de Givenchy Eau De Toilette Spray 100 ml Pour Homme,1.150,969.00,16,En stock,Oui,N/A
Lhmiza,Parfums,TOM FORD Ombre Leather Eau de Parfum Pour Homme et Femme 50 ml,1.600,1.425,11,En stock,Oui,N/A
Lhmiza,Parfums,TOM FORD Métallique Eau de Parfum Pour Femme 100 ml,2.084,1.872,10,En stock,Oui,N/A
Lhmiza,Parfums,TOM FORD OUD WOOD Eau de Parfum Pour Homme et Femme 100 ml,3.450,3.025,12,En stock,Oui,N/A
Lhmiza,Parfums,Tom Ford Beau De Jour Eau de Parfum Pour Homme 100 ml,2.280,2.053,10,En stock,Oui,N/A
Lhmiza,Parfums,TOM FORD Velvet Orchid Eau De Parfum Pour Femme 100 ml,2.850,2.389,16,En stock,Oui,N/A
Lhmiza,Parfums,TOM FORD Black Orchid Eau de Parfum Pour Homme 50 ml,1.200,1.048,13,En stock,Oui,N/A
Lhmiza,Parfums,Versace Dylan Blue Pour Femme Eau de Parfum 50 ml,895.00,745.00,17,En stock,Oui,N/A
Lhmiza,Parfums,Coffret ARMANI CODE PROFUMO de Giorgio Armani Pour Homme Eau de parfum,1.045,845.00,19,Épuisé,Oui,N/A
Lhmiza,Parfums,Coffret Sì de GIORGIO Armani Pour Femme Eau de Parfum,1.330,1.065,20,En stock,Oui,N/A
Lhmiza,Parfums,Coffret ACQUA DI GIÒ PROFONDO DE GIORGIO ARMANI HOMME Eau de Parfum,1.020,851.70,17,En stock,Oui,N/A
Lhmiza,Parfums,Coffret Hermès Terre d’Hermès pour Homme Eau de Toilette,1.180,944.94,20,En stock,Oui,N/A
Lhmiza,Parfums,Coffret Jimmy Choo Pour Femme Eau de Parfum,1.130,839.03,26,Épuisé,Oui,N/A
Lhmiza,Parfums,Coffret Hugo Boss BOSS The Scent Pour Femme Eau de Parfum,1.380,1.019,26,En stock,Oui,N/A
Lhmiza,Parfums,Coffret Gucci Bloom Ambrosia di Fiori Pour Femme Eau de parfum,1.350,1.104,18,En stock,Oui,N/A
Lhmiza,Parfums,Gucci Coffret BLOOM Pour Femme Eau de parfum,1.450,1.194,18,Épuisé,Oui,N/A
Lhmiza,Parfums,Coffret La Vie est Belle de LANCÔME Eau de Parfum,1.080,875.02,19,En stock,Oui,N/A
Lhmiza,Parfums,Coffret AZZARO WANTED BY NIGHT Pour Homme Eau de Parfum,1.150,954.96,17,Épuisé,Oui,N/A
Lhmiza,Parfums,Coffret FLOWERBOMB de VIKTOR & ROLF Pour Femme Eau de Parfum,1.320,1.054,20,En stock,Oui,N/A
Lhmiza,Parfums,Coffret Burberry My Burberry Pour Femme Eau de Parfum,1.450,1.195,18,En stock,Oui,N/A
Lhmiza,Parfums,Splendida BVLGARI TUBÉREUSE MYSTIQUE Eau de Parfum Pour Femme 100ml,1.890,1.481,22,En stock,Oui,N/A
Lhmiza,Parfums,Splendida BVLGARI Iris d’Or Eau de Parfum Pour Femme 100ml,1.230,984.98,20,En stock,Oui,N/A
Lhmiza,Parfums,L’Oriental White Edition de Estelle Ewen Pour Homme Eau De Toilette 100 ml,500.00,320.00,36,En stock,Oui,N/A
Lhmiza,Parfums,Bleu Imperial de Geparlys Pour Homme Eau De Parfum 100ml,500.00,320.00,36,En stock,Oui,N/A
Lhmiza,Parfums,Allure Sensuelle Femme de Chanel Eau De Parfum 100 ml,2.120,1.887,11,En stock,Oui,N/A
Lhmiza,Parfums,AIMEZ-MOI COMME JE SUIS de Caron Pour Homme Eau de toilette 125 ml,1.220,920.00,25,En stock,Oui,N/A
Lhmiza,Parfums,AIMEZ-MOI COMME JE SUIS de Caron Pour Homme Eau de toilette 75 ml,1.030,769.00,25,En stock,Oui,N/A
Lhmiza,Parfums,Twilly d’Hermès Eau Poivrée Eau De Parfum Pour Femme 85ml Testeur,1.250,750.00,40,En stock,Oui,N/A
Lhmiza,Parfums,Twilly d’Hermès Eau Poivrée Eau De Parfum Pour Femme 85ml,1.250,1.062,15,En stock,Oui,N/A
Lhmiza,Parfums,Twilly d’Hermès Eau Poivrée Eau De Parfum Pour Femme 50ml,920.00,782.00,15,En stock,Oui,N/A
Lhmiza,Parfums,Chloé de Chloé Eau de Parfum Pour Femme 50ml,930.00,697.50,25,En stock,Oui,N/A
Lhmiza,Parfums,Gucci Bamboo de GUCCI Eau de Parfum Pour Femme 50 ml,980.00,833.00,15,En stock,Oui,N/A
Lhmiza,Parfums,Coffret Paradiso de Roberto Cavalli Pour Femme Eau de Parfum,1.080,825.12,24,En stock,Oui,N/A
Lhmiza,Parfums,Coffret Twilly d’Hermès Eau de Parfum Pour Femme,1.650,1.325,20,En stock,Oui,N/A
Lhmiza,Parfums,Coffret Flower Bomb Midnight Eau de Parfum de VIKTOR & ROLF Pour Femme,1.120,755.00,33,En stock,Oui,N/A
Lhmiza,Parfums,COFFRET LA NUIT DE L’HOMME DE YVES SAINT LAURENT EAU DE TOILETTE,1.480,1.036,30,Épuisé,Oui,N/A
Lhmiza,Parfums,COFFRET CHLOÉ NOMADE EAU DE PARFUM Pour Femme,1.550,1.162,25,En stock,Oui,N/A
Lhmiza,Parfums,Flower Blossom de GEMINA.B Eau de Parfum Pour Femme 85 ml,500.00,350.00,30,En stock,Oui,N/A
Lhmiza,Parfums,CARTIER LA PANTHERE Pour Femme Eau de Parfum 75ml,1.350,925.00,31,Épuisé,Oui,N/A
Lhmiza,Parfums,Coffret CARTIER LA PANTHERE Pour Femme Eau de Parfum 75ml,1.450,1.106,24,Épuisé,Oui,N/A
Lhmiza,Parfums,Mon Guerlain Eau de Parfum Intense Pour Femme 100 ml,1.800,1.550,14,En stock,Oui,N/A
Lhmiza,Parfums,Nomade de Chloé Absolu de Parfum Pour Femme 75 ml,1.230,1.008,18,En stock,Oui,N/A
Lhmiza,Parfums,Narciso Rodriguez FOR HER PURE MUSC Eau de parfum vaporisateur Pour Femme 100 ml,1.520,1.124,26,En stock,Oui,N/A
Lhmiza,Parfums,Narciso Rodriguez FOR HER FLEUR MUSC Eau de parfum vaporisateur Pour Femme 100 ml,1.550,1.184,24,En stock,Oui,N/A
Lhmiza,Parfums,New Brand Holla Pour Femme Eau de Parfum 100 ml,200.00,149.00,26,En stock,Oui,N/A
Lhmiza,Parfums,Black Stamino de PRESTIGE Pour Homme Eau de Toilette 100 ml,400.00,225.00,44,En stock,Oui,N/A
Lhmiza,Parfums,New Brand Jessy Kiss – Eau de Parfum pour Femme 100 ml,200.00,149.00,26,En stock,Oui,N/A
Lhmiza,Parfums,PRESTIGE NEW STYLE de New Brand Pour Femme Eau de Parfum 100 ml,200.00,149.00,26,En stock,Oui,N/A
Lhmiza,Parfums,Lamis Hot Blast Men – Eau de Toilette Pour Homme 100 ml,200.00,123.00,39,Épuisé,Oui,N/A
Lhmiza,Parfums,Joop Jump de Joop! Eau De Toilette Spray Pour Homme 200 ml,740.00,645.00,13,En stock,Oui,N/A
Lhmiza,Parfums,HM Hanae Mori Pour Homme Eau de Toilette 100 ml,775.00,632.00,18,Épuisé,Oui,N/A
Lhmiza,Parfums,Porsche Design Sport Pour Homme Eau De Toilette 80ml,720.00,576.00,20,Épuisé,Oui,N/A
Lhmiza,Parfums,PALOMA PICASSO Pour Femme 100 ml Spray Eau de Parfum,1.200,995.00,17,En stock,Oui,N/A
Lhmiza,Parfums,Coffret Noël One Million de Paco Rabanne Eau de Toilette Pour Homme,1.075,850.00,21,En stock,Oui,N/A
Lhmiza,Parfums,Coffret Burberry Eau de Toilette Pour Homme Spray 100 ml + Deodorant Stick 75g,1.100,778.00,29,En stock,Oui,N/A
Lhmiza,Parfums,WRITER Yves de Sistelle Coffret Cadeau Pour Homme,600.00,395.00,34,Épuisé,Oui,N/A
Lhmiza,Parfums,Coffret Cadeau Femme Lady Presidente de EMPER – 3 Pièces,500.00,245.00,51,Épuisé,Oui,N/A
Lhmiza,Parfums,Coffret Cadeau Femme G de EMPER – 3 Pièces,500.00,245.00,51,Épuisé,Oui,N/A
Lhmiza,Parfums,Coffret Cadeau Homme UNPLUGGED de EMPER – 3 Pièces,500.00,245.00,51,Épuisé,Oui,N/A
Lhmiza,Parfums,Coffret Cadeau Homme LEGEND de EMPER – 3 Pièces,500.00,245.00,51,Épuisé,Oui,N/A
Lhmiza,Parfums,Issey Miyake Coffret L’EAU D’ISSEY POUR HOMME SPORT Eau de toilette,700.00,525.00,25,En stock,Oui,N/A
Lhmiza,Parfums,DIESEL SPIRIT OF THE BRAVE COFFRET Eau de Toilette pour Homme,850.00,629.00,26,En stock,Oui,N/A
Lhmiza,Parfums,Coffret Versace EROS Eau de toilette Pour Homme,1.150,899.00,22,En stock,Oui,N/A
Lhmiza,Parfums,Coffret Paco Rabanne PURE XS Pour Femme Eau de parfum,999.00,829.00,17,En stock,Oui,N/A
Lhmiza,Parfums,COFFRET LANCÔME LA VIE EST BELLE L’ÉCLAT PARFUM POUR FEMME,985.00,812.00,18,En stock,Oui,N/A
Lhmiza,Parfums,Coffret Gucci Guilty Pour Femme,1.390,1.115,20,Épuisé,Oui,N/A
Lhmiza,Parfums,Coffret Gucci Bloom Nettare di Fiori Pour Femme,1.425,1.128,21,Épuisé,Oui,N/A
Lhmiza,Parfums,Coffret Emporio Armani Stronger With You Pour Homme,985.00,725.00,26,Épuisé,Oui,N/A
Lhmiza,Parfums,Coffret Carolina Herrera 212 VIP ROSÉ COFFRET Pour Femme,1.050,849.00,19,Épuisé,Oui,N/A
Lhmiza,Parfums,COFFRET AZZARO WANTED POUR HOMME EAU DE TOILETTE,1.050,890.00,15,En stock,Oui,N/A
Lhmiza,Parfums,ARMANI ACQUA DI GIO ABSOLU COFFRET EAU DE PARFUM HOMME,1.028,959.00,7,Épuisé,Oui,N/A
Lhmiza,Parfums,The One Dolce & Gabbana Royal Night Pour Homme Eau de Parfum Exclusive Edition 100 ml,1.580,1.289,18,En stock,Oui,N/A
Lhmiza,Parfums,Paco Rabanne Paco Pour Homme Eau de Toilette 100ml,550.00,445.00,19,Épuisé,Oui,N/A
Lhmiza,Parfums,L’Interdit Eau de Parfum Intense Givenchy Pour Femme 80ml,1.250,1.045,16,En stock,Oui,N/A
Lhmiza,Parfums,L’Interdit de Givenchy Pour Femme Eau De Parfum 35ml,780.00,635.00,19,En stock,Oui,N/A
Lhmiza,Parfums,L’Interdit de Givenchy Pour Femme Eau De Parfum 50ml,1.180,789.00,33,En stock,Oui,N/A
Lhmiza,Parfums,Miss Dior Blooming Bouquet Eau de Toilette Pour Femme 100ml,1.850,1.639,11,En stock,Oui,N/A
Lhmiza,Parfums,Miss Dior Absolutely Blooming Eau de Parfum Pour Femme 100ml,1.780,1.488,16,En stock,Oui,N/A
Lhmiza,Parfums,COCO NOIR de CHANEL Eau de Parfum 100ml,1.820,1.536,16,En stock,Oui,N/A
Lhmiza,Parfums,CHRISTIAN DIOR Miss Dior Pour Femme Eau de Parfum 100ml,1.720,1.483,14,En stock,Oui,N/A
Lhmiza,Parfums,Chanel Gabrielle Essence Eau de Parfum Pour Femme 100ml,1.800,1.588,12,En stock,Oui,N/A
Lhmiza,Parfums,Chanel Gabrielle Essence Eau de Parfum Pour Femme 50ml,1.400,1.170,16,En stock,Oui,N/A
Lhmiza,Parfums,CHANEL COCO MADEMOISELLE Eau de Parfum Intense 100ml,1.800,1.589,12,En stock,Oui,N/A
Lhmiza,Parfums,Chanel Coco Mademoiselle Eau de parfum 100ml,1.980,1.750,12,En stock,Oui,N/A
Lhmiza,Parfums,Chanel Chance Eau de Toilette Pour Femme 50ml,950.00,804.00,15,Épuisé,Oui,N/A
Lhmiza,Parfums,Bleu de CHANEL Le Parfum Pour Homme 100ml,1.980,1.889,5,En stock,Oui,N/A
Lhmiza,Parfums,New Brand Prestige My Brand Eau de Parfum Pour Femme 100 ml,200.00,149.00,26,En stock,Oui,N/A
Lhmiza,Parfums,New Brand NB Fluo Pink Eau de Parfum Pour Femme 100 ml,200.00,149.00,26,En stock,Oui,N/A
Lhmiza,Parfums,New Brand Chic n Glam O De La Vie Eau de Parfum Pour Femme 80 ml,200.00,149.00,26,En stock,Oui,N/A
Lhmiza,Parfums,Emper Chifon Rose Couture Eau de Parfum Pour Femme 100 ml,350.00,220.00,37,En stock,Oui,N/A
Lhmiza,Parfums,Elysee Fashion Ever Love Intense Pour Femme Eau De Parfum 100 ml,450.00,315.00,30,Épuisé,Oui,N/A
Lhmiza,Parfums,Prestige Ever Love Lady Pour Femme Eau de Parfum 100 ml,450.00,315.00,30,En stock,Oui,N/A
Lhmiza,Parfums,Paco Rabanne Invictus Legend Eau de Parfum Pour Homme 100 ml,1.020,820.00,20,Épuisé,Oui,N/A
Lhmiza,Parfums,Varens D’Orient Nomad Eau de Toilette Ulric de Varens pour Homme 100 ml,220.00,147.00,33,En stock,Oui,N/A
Lhmiza,Parfums,Varens D’Orient Elixir Eau de Toilette Ulric de Varens pour Homme 100 ml,220.00,147.00,33,En stock,Oui,N/A
Lhmiza,Parfums,New Brand Dangerous Woman Eau de Parfum Pour Femme 100 ml,200.00,149.00,26,En stock,Oui,N/A
Lhmiza,Parfums,New Brand 4 Men Eau de Toilette Pour Homme 100 ml,200.00,149.00,26,En stock,Oui,N/A
Lhmiza,Parfums,Elysees Fashion CHARMING LOVE Pour Femme Eau de Parfum 100 ml,300.00,212.00,29,En stock,Oui,N/A
Lhmiza,Parfums,Conviction Elysees Fashion pour Homme Eau de Parfum 90 ml,320.00,225.00,30,En stock,Oui,N/A
Lhmiza,Parfums,Bourjois Glamour Fantasy Pour Femme Eau de Parfum Spray 50 ml,300.00,218.00,27,En stock,Oui,N/A
Lhmiza,Parfums,Black Opium Eau de Parfum Intense Par Yves Saint Laurent Pour Femme 50 ml,980.00,745.00,24,En stock,Oui,N/A
Lhmiza,Parfums,Conviction Eau de Parfum Pour Homme 100 ml,320.00,225.00,30,En stock,Oui,N/A
Lhmiza,Parfums,Chris Adams Feisty Pour Femme Eau De Parfum 80 ml,220.00,175.00,20,Épuisé,Oui,N/A
Lhmiza,Parfums,Chris Adams Classic Denim Man Eau De Parfum 100 ml,150.00,109.00,27,Épuisé,Oui,N/A
Lhmiza,Parfums,New Brand Cute Eau de Parfum Pour Femme 100 ml,200.00,149.00,26,En stock,Oui,N/A
Lhmiza,Parfums,Hypnôse de LANCÔME Pour Femme Eau de Parfum 75 ml,1.100,875.00,20,Épuisé,Oui,N/A
Lhmiza,Parfums,Dolce & Gabbana Pour Homme Intenso Eau de Parfum Pour Homme 125 ml,1.150,1.009,12,En stock,Oui,N/A
Lhmiza,Parfums,Dolce & Gabbana Pour Homme Intenso Eau de Parfum Pour Homme 75 ml,1.050,815.00,22,En stock,Oui,N/A
Lhmiza,Parfums,Daily de New Brand Pour Femme Eau de Parfum 100ml,200.00,149.00,26,En stock,Oui,N/A
Lhmiza,Parfums,Cabotine de Grès Pour Femme Eau de Toilette 100 ml,750.00,555.00,26,En stock,Oui,N/A
Lhmiza,Parfums,Pure XS pour elle de Paco Rabanne Eau De Parfum 80ml,1.180,1.008,15,En stock,Oui,N/A
Lhmiza,Parfums,Pure XS pour elle de Paco Rabanne Eau De Parfum 50ml,850.00,685.00,19,En stock,Oui,N/A
Lhmiza,Parfums,MAUBOUSSIN Promise Me Pour Femme Eau de Parfum 90 ml,700.00,485.00,31,En stock,Oui,N/A
Lhmiza,Parfums,La Vie est Belle de Lancôme Eau de parfum Pour Femme 100ml,1.790,1.585,11,En stock,Oui,N/A
Lhmiza,Parfums,La Vie est Belle de Lancôme Eau de parfum Pour Femme 75ml,1.350,1.185,12,En stock,Oui,N/A
Lhmiza,Parfums,La Vie est Belle de Lancôme Eau de parfum Pour Femme 50ml,1.280,1.105,14,En stock,Oui,N/A
Lhmiza,Parfums,La Vie est Belle de Lancôme Eau de parfum Pour Femme 30ml,950.00,820.00,14,En stock,Oui,N/A
Lhmiza,Parfums,La Petite Robe Noire de Guerlain Pour Femme Eau De Parfum 100ml,1.350,1.265,6,En stock,Oui,N/A
Lhmiza,Parfums,Idôle Lancôme Eau de Parfum Femme 50ml,1.000,765.00,24,En stock,Oui,N/A
Lhmiza,Parfums,Gucci Oud de Gucci Eau De Parfum 75ml unisexe,1.780,1.479,17,En stock,Oui,N/A
Lhmiza,Parfums,BURBERRY The Beat pour Femme Eau de Parfum 75 ml,1.050,820.00,22,Épuisé,Oui,N/A
Lhmiza,Parfums,Bleu de CHANEL pour Homme Eau de Toilette 100ml,1.400,1.120,20,En stock,Oui,N/A
Lhmiza,Parfums,Alien de Thierry Mugler Eau de toilette Pour Femme 60 ml,980.00,749.00,24,Épuisé,Oui,N/A
Lhmiza,Parfums,Noir Delice de Geparlys Pour Femme Eau de Parfum 85 ml,500.00,350.00,30,Épuisé,Oui,N/A
Lhmiza,Parfums,New Brand Together Night Pour Femme Eau de Parfum 100ml,200.00,149.00,26,En stock,Oui,N/A
Lhmiza,Parfums,New Brand Together Day Pour Femme Eau de Parfum 100ml,200.00,149.00,26,En stock,Oui,N/A
Lhmiza,Parfums,New Brand Forever Eau de Parfum Pour Femme 100 ml,200.00,149.00,26,Épuisé,Oui,N/A
Lhmiza,Parfums,New Brand Chic n Glam Diamond Pink Eau de Parfum Pour Femme 100 ml,250.00,186.00,26,En stock,Oui,N/A
Lhmiza,Parfums,Valentino Uomo Eau De Toilette pour homme 50 ml,850.00,699.00,18,En stock,Oui,N/A
Lhmiza,Parfums,Princess Charming Pour Femme de New Brand Eau de Parfum 100ml,200.00,139.00,31,En stock,Oui,N/A
Lhmiza,Parfums,Paco Rabanne Pure XS Eau de Toilette 50ml,800.00,685.00,14,En stock,Oui,N/A
Lhmiza,Parfums,L’Homme Ideal Eau de Parfum de Guerlain 100ml,1.200,995.00,17,En stock,Oui,N/A
Lhmiza,Parfums,BVLGARI MAN IN BLACK Eau de Parfum Pour Homme 100ml,1.200,965.00,20,En stock,Oui,N/A
Lhmiza,Parfums,Beautiful Dream Eau de Parfum Pour Femme Lonkoom 100ml,220.00,135.00,39,Épuisé,Oui,N/A
Lhmiza,Parfums,Acqua di Gio Profumo pour Homme par Giorgio Armani Eau de Parfum 75ml,1.050,879.00,16,Épuisé,Oui,N/A
Lhmiza,Parfums,Prestige Sweetie Eau de Parfum Pour Femme 100ml de New Brand,200.00,139.00,31,En stock,Oui,N/A
Lhmiza,Parfums,Christian Dior Sauvage Eau de Parfum pour homme 60 ml,930.00,820.00,12,En stock,Oui,N/A
Lhmiza,Parfums,Azzaro pour Homme Coffret Voyage Eau de Toilette 30ml,450.00,320.00,29,En stock,Oui,N/A
Lhmiza,Parfums,AMBILIGHT LONKOOM Rose Pour Femme Eau de Parfum 100ml,220.00,135.00,39,Épuisé,Oui,N/A
Lhmiza,Parfums,Lacoste L’Homme Intense Déodorant Stick 75ml,220.00,145.00,34,Épuisé,Oui,N/A
Lhmiza,Parfums,Hugo Boss BOSS Bottled Night Deodorant Stick Pour Homme 75ml,220.00,145.00,34,Épuisé,Oui,N/A
Lhmiza,Parfums,YVES SAINT LAURENT Kouros Pour Homme Déodorant Stick 75g,220.00,145.00,34,Épuisé,Oui,N/A
Lhmiza,Parfums,Dolce & Gabbana Light Blue Pour Homme Deodorant Stick 75g,220.00,145.00,34,Épuisé,Oui,N/A
Lhmiza,Parfums,Givenchy Gentlemen Only Absolute Homme Eau de Parfum 100ml,1.200,988.00,18,Épuisé,Oui,N/A
Lhmiza,Parfums,Nuit d’Issey Pulse Of The Night Issey Miyake pour homme Eau de Parfum 100ml,1.200,820.00,32,En stock,Oui,N/A
Lhmiza,Parfums,Lonkoom Legend Silver Hommes Eau de Toilette 100ml,220.00,139.00,37,En stock,Oui,N/A
Lhmiza,Parfums,Chanel Antaeus Eau De Toilette Pour Homme 100ml,1.280,1.046,18,Épuisé,Oui,N/A
Lhmiza,Parfums,Gucci Bloom Pour Femme Eau de parfum 100ml,1.260,965.00,23,En stock,Oui,N/A
Lhmiza,Parfums,Roberto Cavalli Nero Assoluto pour femme Eau de Parfum 75ml,1.480,1.025,31,En stock,Oui,N/A
Lhmiza,Parfums,Roberto Cavalli UOMO Eau de Toilette vaporisateur pour homme 100ml,1.100,935.00,15,En stock,Oui,N/A
Lhmiza,Parfums,Chloé Absolu de Parfum Pour Femme Eau de Parfum 50ml,939.00,749.00,20,En stock,Oui,N/A
Lhmiza,Parfums,Gucci Mémoire d’une Odeur Pour Femme eau de parfum 100 ml,1.350,1.050,22,Épuisé,Oui,N/A
Lhmiza,Parfums,Gucci Guilty Absolute Pour Femme eau de parfum 90 ml,1.400,1.129,19,En stock,Oui,N/A
Lhmiza,Parfums,Gucci Guilty Pour Femme eau de parfum 90ml,1.300,1.099,15,Épuisé,Oui,N/A
Lhmiza,Parfums,Guerlain La Petite Robe Noire Black Perfecto Eau de Parfum Florale 100ml,1.300,1.128,13,En stock,Oui,N/A
Lhmiza,Parfums,Deep Sense de Prime Collection Pour Femme Eau de Parfum 100ml,280.00,195.00,30,En stock,Oui,N/A
Lhmiza,Parfums,Chris Adams CA Gentleman Eau De Parfum Pour Homme 100ml,150.00,89.00,41,Épuisé,Oui,N/A
Lhmiza,Parfums,Le Mâle Essence De Parfum Eau De Parfum Intense Homme de JEAN PAUL GAULTIER 75ml,1.300,980.00,25,Épuisé,Oui,N/A
Lhmiza,Parfums,Le Mâle – Essence de Parfum Homme de JEAN PAUL GAULTIER 75ml,1.260,920.00,27,Épuisé,Oui,N/A
Lhmiza,Parfums,Libre Eau de Parfum de YVES SAINT LAURENT Femme 90ml,1.550,1.335,14,En stock,Oui,N/A
Lhmiza,Parfums,Libre Eau de Parfum de YVES SAINT LAURENT Femme 50ml,1.200,1.069,11,En stock,Oui,N/A
Lhmiza,Parfums,GUERLAIN L’HOMME IDEAL EAU DE PARFUM 50 ML,900.00,750.00,17,En stock,Oui,N/A
Lhmiza,Parfums,Dunhill London Century Pour Homme Eau De Parfum 135ml,950.00,780.00,18,Épuisé,Oui,N/A
Lhmiza,Parfums,CARTIER La Panthère Pour Femme Eau de Toilette 75ml,980.00,745.00,24,Épuisé,Oui,N/A
Lhmiza,Parfums,Gucci Bamboo Femme Eau de Parfum 30ml,700.00,599.00,14,Épuisé,Oui,N/A
Lhmiza,Parfums,Classique Essence de Parfum Jean Paul Gaultier pour femme 100ml,1.550,1.020,34,Épuisé,Oui,N/A
Lhmiza,Parfums,Classique Eau de Parfum Intense de Jean Paul Gaultier Pour Femme 100ml,1.600,1.239,23,Épuisé,Oui,N/A
Lhmiza,Parfums,Gentleman – Coffret Eau de Toilette Homme de GIVENCHY 100ml + 15ml,1.200,845.00,30,En stock,Oui,N/A
Lhmiza,Parfums,Paco Rabanne Black Xs Homme Eau De Toilette Spray 50ml 1.7oz 3.5,700.00,640.00,9,Épuisé,Oui,N/A
Lhmiza,Parfums,Generic OPUS Men EDITION LIMITÉE ARMAF Eau de Toilette 100 ml,380.00,199.00,48,En stock,Oui,N/A
Lhmiza,Parfums,Love Sense Life Pour Femme de Marc Joseph Eau De Parfum 90ml,260.00,176.00,32,En stock,Oui,N/A
Lhmiza,Parfums,Deep Sense Black Homme – Eau De Parfum 100ml,200.00,139.00,31,Épuisé,Oui,N/A
Lhmiza,Parfums,BURBERRY London Eau de Parfum femmes 100 ml,1.109,789.00,29,Épuisé,Oui,N/A
Lhmiza,Parfums,MARCONI Blue Eau De Toilette 90 ml Pour Homme,300.00,160.00,47,Épuisé,Oui,N/A
Lhmiza,Parfums,MARCONI Black Eau De Toilette 90 ml Pour Homme,300.00,160.00,47,Épuisé,Oui,N/A
Lhmiza,Parfums,Sandora Collection Catch Pour Femme Eau de Parfum 100ml,200.00,79.00,61,En stock,Oui,N/A
Lhmiza,Parfums,Sandora Collection Paris Mademoiselle Pour Femme Eau de Parfum 100ml,200.00,79.00,61,En stock,Oui,N/A
Lhmiza,Parfums,Sandora Collection High Class Pour Femme Eau de Parfum 100ml,200.00,79.00,61,En stock,Oui,N/A
Lhmiza,Parfums,Sandora Collection Infinity Pour Femme Eau de Parfum 100ml,200.00,79.00,61,En stock,Oui,N/A
Lhmiza,Parfums,Sandora Collection Beyond Heat Pour Femme Eau de Parfum 100ml,200.00,79.00,61,En stock,Oui,N/A
Lhmiza,Parfums,Sandora Collection Fancy Pour Femme Eau de Parfum 100ml,200.00,79.00,61,En stock,Oui,N/A
Lhmiza,Parfums,Sandora Collection Mistress Pour Femme Eau de Parfum 100ml,200.00,79.00,61,En stock,Oui,N/A
Lhmiza,Parfums,Sandora Collection Catwalk Pour Femme Eau de Parfum 100ml,200.00,79.00,61,En stock,Oui,N/A
Lhmiza,Parfums,Sandora Collection Club 747 Pour Femme EAU DE PARFUM 100ml,200.00,79.00,61,En stock,Oui,N/A
Lhmiza,Parfums,Sandora Collection True Blue Pour Femme EAU DE PARFUM 100ml,200.00,79.00,61,En stock,Oui,N/A
Lhmiza,Parfums,Dorall Collection ALWAYS ON MY MIND Pour FEMME EAU DE TOILETTE 100ml,200.00,69.00,66,En stock,Oui,N/A
Lhmiza,Parfums,Supreme Royal pour Homme de Lonkoom – Eau de Toilette 100 ml,200.00,89.00,56,Épuisé,Oui,N/A
Lhmiza,Parfums,Adidas – Eau de Toilette pour Homme Pure Game – Relaxant – 100 ml,200.00,111.00,45,Épuisé,Oui,N/A
Lhmiza,Parfums,Adidas Eau de Toilette UEFA Champions Edition Pour Homme 100ml,200.00,111.00,45,En stock,Oui,N/A
Lhmiza,Parfums,Adidas – Eau De Toilette pour Homme Team Force – Energisant – 100ml,200.00,111.00,45,Épuisé,Oui,N/A
Lhmiza,Parfums,Lonkoom City Classic London Pour Homme 100ml – Eau de Cologne,200.00,125.00,38,En stock,Oui,N/A
Lhmiza,Parfums,Lonkoom City Amazing New York Pour Femme 100ml – Eau de Parfum,200.00,125.00,38,En stock,Oui,N/A
Lhmiza,Parfums,Eau de Lacoste L.12.12 Bleu Eau de Toilette 100 ml,795.00,560.00,30,En stock,Oui,N/A
Lhmiza,Parfums,New Brand – Chic’N Glam Nowhere Pure – Eau de toilette homme – 100ml,300.00,176.00,41,En stock,Oui,N/A
Lhmiza,Parfums,Bvlgari Aqva Pour Homme Marine Eau de Toilette 100ml,800.00,699.00,13,Épuisé,Oui,N/A
Lhmiza,Parfums,Armani Code Colonia de Giorgio Armani pour homme Eau De Toilette Spray 125 ML,1.000,845.00,16,En stock,Oui,N/A
Lhmiza,Parfums,Versace pour Homme Dylan Blue Eau de Toilette 100 ml,1.050,855.00,19,En stock,Oui,N/A
Lhmiza,Parfums,Versace Dylan Blue Pour Femme Eau de Parfum 100 ml,1.200,995.00,17,En stock,Oui,N/A
Lhmiza,Parfums,Van Cleef & Arpels Santal Blanc Eau de Parfum 75 ml,1.150,945.00,18,Épuisé,Oui,N/A
Lhmiza,Parfums,Van Cleef & Arpels Moonlight Patchouli Collection Extraordinaire 75 ml,1.150,945.00,18,Épuisé,Oui,N/A
Lhmiza,Parfums,Van Cleef & Arpels Bois d’Iris Collection Extraordinaire 75 ml,1.150,945.00,18,Épuisé,Oui,N/A
Lhmiza,Parfums,Montale Crystal Aoud 100ml Eau de Parfum Pour Homme et Femme,1.150,979.00,15,En stock,Oui,N/A
Lhmiza,Parfums,Montale Black Aoud Eau de Parfum 100 ml Pour Homme,1.150,979.00,15,En stock,Oui,N/A
Lhmiza,Parfums,Mont Blanc Legend Spirit Pour Homme Eau de Toilette 100 ml,800.00,650.00,19,En stock,Oui,N/A
Lhmiza,Parfums,Mont Blanc Legend Night Pour Homme Eau de Parfum 100 ml,800.00,650.00,19,En stock,Oui,N/A
Lhmiza,Parfums,Mancera Roses Greedy Eau de Parfum 120ml Pour Homme et Femme,1.150,945.00,18,En stock,Oui,N/A
Lhmiza,Parfums,MANCERA red tobacco Eau De Parfum Spray (Unisex) 120ml,1.150,999.00,13,En stock,Oui,N/A
Lhmiza,Parfums,Mancera Cedrat Boise Eau De Parfum Spray (Unisex) 120ml,1.150,1.000,13,En stock,Oui,N/A
Lhmiza,Parfums,MANCERA AOUD Vanille Eau De Parfum Spray (Unisex) 120ml,1.150,1.050,9,En stock,Oui,N/A
Lhmiza,Parfums,Mancera Amber & Roses Eau De Parfum Spray (Unisex) 120ml,1.150,945.00,18,En stock,Oui,N/A
Lhmiza,Parfums,L’Homme Rochas Eau de Toilette 100 ml,950.00,799.00,16,En stock,Oui,N/A
Lhmiza,Parfums,Karl Lagerfeld Bois de Yuzu Pour Homme Eau de Toilette 100 ml,600.00,480.00,20,Épuisé,Oui,N/A
Lhmiza,Parfums,JIMMY CHOO URBAN HERO Eau de Parfum 100 ml,850.00,679.00,20,En stock,Oui,N/A
Lhmiza,Parfums,Jean Paul Gaultier La Belle Eau de Parfum 100 ml,1.520,1.385,9,En stock,Oui,N/A
Lhmiza,Parfums,Intense Roses Musk Montale Eau de Parfum 100 ml Femme,1.150,945.00,18,En stock,Oui,N/A
Lhmiza,Parfums,Geparlys Glenn Perri Darksider Red Men Eau de Toilette 100 ml,400.00,245.00,39,En stock,Oui,N/A
Lhmiza,Parfums,Dolce & Gabbana Light Blue Femme Eau de Toilette 100 ml,1.300,1.069,18,En stock,Oui,N/A
Lhmiza,Parfums,YVES SAINT LAURENT Cinéma – Eau de Parfum 90 ml,1.215,980.00,19,En stock,Oui,N/A
Lhmiza,Parfums,YVES SAINT LAURENT Cinéma – Eau de Parfum 50 ml,910.00,720.00,21,Épuisé,Oui,N/A
Lhmiza,Parfums,Yes I Am The King Lion Eau de Parfum 100 ml,500.00,320.00,36,En stock,Oui,N/A
Lhmiza,Parfums,Yes I Am The King Le Parfum Eau de Parfum 100 ml,500.00,320.00,36,En stock,Oui,N/A
Lhmiza,Parfums,Yes I Am The King Giant Eau de Parfum 100 ml,500.00,320.00,36,Épuisé,Oui,N/A
Lhmiza,Parfums,WRITER White Flacon Eau De Toilette Pour Homme 100ml,600.00,265.00,56,Épuisé,Oui,N/A
Lhmiza,Parfums,WRITER Gold Flacon Eau De Toilette Pour Homme 100ml,600.00,265.00,56,Épuisé,Oui,N/A
Lhmiza,Parfums,UNVEIL de Paris Bleu Eau De Toilette Homme 90ml,500.00,289.00,42,En stock,Oui,N/A
Lhmiza,Parfums,LES INFINIS L’Amoureuse Pour Femme Eau de Parfum 85 ml,600.00,399.00,34,En stock,Oui,N/A
Lhmiza,Parfums,JOHAN.B Sugar Fantasy Pour Femme Eau de Parfum 85 ml,500.00,299.00,40,En stock,Oui,N/A
Lhmiza,Parfums,JOHAN.B Sensual Women Eau de Parfum 85 ml,400.00,245.00,39,Épuisé,Oui,N/A
Lhmiza,Parfums,JOHAN.B Rich Red Icône Pour Homme Eau de Parfum 90 ml,500.00,299.00,40,En stock,Oui,N/A
Lhmiza,Parfums,JOHAN.B Delice Volé Pour Femme Eau De Parfum 85ml,500.00,299.00,40,En stock,Oui,N/A
Lhmiza,Parfums,JOHAN.B Delice Nacré Pour Femme Eau De Parfum 85ml,500.00,299.00,40,En stock,Oui,N/A
Lhmiza,Parfums,JOHAN.B Cherry Delice Pour Femme Eau De Parfum 85ml,500.00,320.00,36,En stock,Oui,N/A
Lhmiza,Parfums,Johan B Absolute Innocence Pour Femme Eau de Parfum 100 ml,500.00,299.00,40,En stock,Oui,N/A
Lhmiza,Parfums,GEPARLYS You Are femme Eau de Parfum 85 ml,500.00,345.00,31,En stock,Oui,N/A
Lhmiza,Parfums,GEPARLYS Unpredictable Imparfait Pour Femme Eau de Parfum 100 ml,400.00,265.00,34,Épuisé,Oui,N/A
Lhmiza,Parfums,GEPARLYS Pure Paradise Pour Femme Eau de Parfum 100 ml,300.00,189.00,37,Épuisé,Oui,N/A
Lhmiza,Parfums,GEPARLYS Lovely Life Pour Femme Eau de Parfum 100 ml,400.00,299.00,25,En stock,Oui,N/A
Lhmiza,Parfums,GEPARLYS Bois d’Iris Pour Homme Eau de Parfum 100 ml,500.00,385.00,23,En stock,Oui,N/A
Lhmiza,Parfums,Geparlys Be Seduced Girl Party Eau de Parfum 100 ml Pour Femme,500.00,299.00,40,En stock,Oui,N/A
Lhmiza,Parfums,GEPARLYS Be Seduced Cherie Pour Femme Eau De Parfum 100 ml,500.00,350.00,30,En stock,Oui,N/A
Lhmiza,Parfums,GEMINA.B Joyful Pour Femme Eau de Parfum 85 ml,500.00,350.00,30,Épuisé,Oui,N/A
Lhmiza,Parfums,GEMINA.B Fatale Flower Pour Femme Eau de Parfum 85 ml,500.00,350.00,30,En stock,Oui,N/A
Lhmiza,Parfums,ELMIRA Eau de Parfum Pour Femme 100 ml,500.00,299.00,40,Épuisé,Oui,N/A
Lhmiza,Parfums,Bella Flower Pour Femme 85 ml Eau De Parfum,500.00,350.00,30,En stock,Oui,N/A
Lhmiza,Parfums,Be Seduced Boy de Johan.b Eau De Toilette Pour Homme 100 ml,500.00,299.00,40,Épuisé,Oui,N/A
Lhmiza,Parfums,Yes I Am The King Legend de GEPARLYS Eau de Toilette 100 ml,500.00,320.00,36,En stock,Oui,N/A
Lhmiza,Parfums,K by DOLCE & GABBANA – Eau de Toilette 100 ml Homme,1.080,820.00,24,En stock,Oui,N/A
Lhmiza,Parfums,Fahrenheit Le Parfum – Eau de Parfum de DIOR 75ml Homme,1.240,950.00,23,En stock,Oui,N/A
Lhmiza,Parfums,Fahrenheit Eau de Toilette DIOR 100 ml Pour Homme,1.450,1.214,16,En stock,Oui,N/A
Lhmiza,Parfums,Explorer – Eau de parfum de MONTBLANC 100 ml,1.020,735.00,28,En stock,Oui,N/A
Lhmiza,Parfums,Coffret BOSS Bottled Infinite Hugo Boss édition limitée Eau de Parfum,900.00,699.00,22,En stock,Oui,N/A
Lhmiza,Parfums,Eyvoke Alpha Force 100ml Pour Homme Eau De Toilette,200.00,149.00,26,En stock,Oui,N/A
Lhmiza,Parfums,EYVOKE STRIKE FORCE MAN EDT 100 eau de toilette,200.00,149.00,26,En stock,Oui,N/A
Lhmiza,Parfums,Extasia eau de parfum spray 100 ml pour Femme,200.00,149.00,26,En stock,Oui,N/A
Lhmiza,Parfums,New Brand GT Eau de Toilette for Men 100ml,200.00,149.00,26,En stock,Oui,N/A
Lhmiza,Parfums,"NEW BRAND PERFUMES Edp parfum de nuit 100 ml spr, 3.30 Fl Oz",200.00,149.00,26,En stock,Oui,N/A
Lhmiza,Parfums,LES PETITES FOLIES 0010 50ml EAU DE PARFUM FEMME VAPORISATEUR,200.00,149.00,26,En stock,Oui,N/A
Lhmiza,Parfums,Les Petites Folies 015 – Eau de Parfum 100ml,200.00,149.00,26,En stock,Oui,N/A
Lhmiza,Parfums,Euphoria Men Coffret Eau De Toilette Spray 100ml et After Shave Balm 100ml,1.000,799.00,20,En stock,Oui,N/A
Lhmiza,Parfums,Jean Paul Gaultier Coffret LE MALE Eau de toilette 125ml,1.200,850.00,29,En stock,Oui,N/A
Lhmiza,Parfums,Paco Rabanne Coffret LADY MILLION Eau de parfum 50ml,1.200,825.00,31,Épuisé,Oui,N/A
Lhmiza,Parfums,Paco Rabanne Coffret PURE XS Eau de toilette 100ml,1.200,880.00,27,En stock,Oui,N/A
Lhmiza,Parfums,Paco Rabanne Coffret INVICTUS Eau de toilette 100ml,1.170,985.00,16,En stock,Oui,N/A
Lhmiza,Parfums,Paco Rabanne Coffret OLYMPÉA Eau de parfum 50ml,1.100,850.00,23,En stock,Oui,N/A
Lhmiza,Parfums,Carolina Herrera Coffret GOOD GIRL Eau de parfum 50ml,1.250,950.00,24,En stock,Oui,N/A
Lhmiza,Parfums,Coffret de Parfum Lady Emblem de Mont Blanc 75ml,1.100,780.00,29,Épuisé,Oui,N/A
Lhmiza,Parfums,Coffret Eau de Toilette pour Homme EXTASIA BLACK de NB Prestige,300.00,165.00,45,En stock,Oui,N/A
Lhmiza,Parfums,Coffret Eau de Parfum pour Femme FOREVER de NB Prestige,300.00,165.00,45,Épuisé,Oui,N/A
Lhmiza,Parfums,Coffret Eau de Parfum pour Femme PRINCESS DREAMING de NB Prestige,300.00,165.00,45,Épuisé,Oui,N/A
Lhmiza,Parfums,Coffret Eau de Parfum pour Femme FRENCH CANCAN de NB Prestige,300.00,165.00,45,En stock,Oui,N/A
Lhmiza,Parfums,Coffret Eau de Parfum pour Femme GOLD de NB Prestige,300.00,165.00,45,Épuisé,Oui,N/A
Lhmiza,Parfums,Coffret Eau de Toilette pour Homme COMMANDO de NB Prestige,300.00,165.00,45,En stock,Oui,N/A
Lhmiza,Parfums,Coffret Eau de Parfum pour Femme L’OR de NB Prestige,300.00,165.00,45,En stock,Oui,N/A
Lhmiza,Parfums,Coffret Eau de Toilette pour Homme Invincible de NB Prestige,300.00,165.00,45,En stock,Oui,N/A
Lhmiza,Parfums,Extasia Black pour homme EDT 100ml,200.00,139.00,31,En stock,Oui,N/A
Lhmiza,Parfums,NB Prestige – Volcano – Eau de toilette pour homme – 100 ml,200.00,139.00,31,En stock,Oui,N/A
Lhmiza,Parfums,Parfum Master Essence Platinum Masculino Pour Homme Nouvelle Marque EDT 100ml,200.00,139.00,31,En stock,Oui,N/A
Lhmiza,Parfums,New Brand Essence Women – Eau de Parfum Pour Femme 100 ml,200.00,139.00,31,Épuisé,Oui,N/A
Lhmiza,Parfums,Essence de New Brand Fragrance pour Homme Eau de Toilette Vaporisateur 100 ml,200.00,139.00,31,Épuisé,Oui,N/A
Lhmiza,Parfums,Rose de Fragluxe pour Femme Eau de Toilette 100ml,200.00,99.00,51,En stock,Oui,N/A
Lhmiza,Parfums,Extasia de Fragluxe Pour Femme Eau de Toilette 100ml,200.00,99.00,51,En stock,Oui,N/A
Lhmiza,Parfums,Mysterious Girl New Brand Eau de Parfum Femme 100ml,200.00,149.00,26,Épuisé,Oui,N/A
Lhmiza,Parfums,L’Interdit de Givenchy Pour Femme Eau De Parfum 80ml,1.300,970.00,25,En stock,Oui,N/A
Lhmiza,Parfums,Scandal de Jean Paul Gaultier Feminino Eau de Parfum – 30 ml,900.00,630.00,30,En stock,Oui,N/A
Lhmiza,Parfums,Scandal de Jean Paul Gaultier Feminino Eau de Parfum – 50 ml,1.000,780.00,22,En stock,Oui,N/A
Lhmiza,Parfums,Bvlgari Man In Black Eau De Parfum 15ml,200.00,145.00,28,Épuisé,Oui,N/A
Lhmiza,Parfums,Hugo Boss HUGO Man déodorant stick pour homme 75ml,300.00,234.00,22,En stock,Oui,N/A
Lhmiza,Parfums,Yves Saint Laurent La Nuit de L’Homme déodorant stick pour homme 75g,220.00,145.00,34,Épuisé,Oui,N/A
Lhmiza,Parfums,Hugo Boss BOSS The Scent déodorant stick pour homme 75ml,300.00,234.00,22,En stock,Oui,N/A
Lhmiza,Parfums,Hugo Boss BOSS Bottled déodorant stick pour homme 75ml,300.00,234.00,22,En stock,Oui,N/A
Lhmiza,Parfums,Davidoff Cool Water déodorant stick pour homme 70ml,220.00,145.00,34,Épuisé,Oui,N/A
Lhmiza,Parfums,Déodorant stick de Gucci Guilty pour Homme 75 ml,220.00,145.00,34,Épuisé,Oui,N/A
Lhmiza,Parfums,Lacoste Eau de Lacoste L.12.12 Blanc 75 ml déodorant stick pour homme,300.00,234.00,22,Épuisé,Oui,N/A
Lhmiza,Parfums,Carolina Herrera 212 VIP Men Are You On The List NYC Eau de Toilette 100 ml,1.200,920.00,23,En stock,Oui,N/A
Lhmiza,Parfums,Carolina Herrera 212 Vip Black Extra Perfume For Men – 100ml,1.200,899.00,25,En stock,Oui,N/A
Lhmiza,Parfums,Carolina Herrera 212 Men NYC de Carolina Herrera Eau de Toilette 100 ml,1.250,1.008,19,En stock,Oui,N/A
Lhmiza,Parfums,Coffret Pour lui in black de Mauboussin Eau de parfum 100 ml – 3 produits,800.00,650.00,19,En stock,Oui,N/A
Lhmiza,Parfums,Strong de New Brand Pour Homme – Eau de Toilette 100 ml,200.00,149.00,26,En stock,Oui,N/A
Lhmiza,Parfums,L’homme de New Brand Eau De Toilette 100 ml,200.00,149.00,26,En stock,Oui,N/A
Lhmiza,Parfums,Silence de New Brand Pour Femme – Eau De Parfum 100 ml,200.00,149.00,26,Épuisé,Oui,N/A
Lhmiza,Parfums,UDV Ulric De Varens Paris Love Pour Femme – Eau De Parfum 100 ml,140.00,110.00,21,En stock,Oui,N/A
Lhmiza,Parfums,UDV Ulric De Varens Divine Issime Eau De Parfum Pour Femme 75 ml,140.00,109.00,22,En stock,Oui,N/A
Lhmiza,Parfums,UDV Ulric De Varens Gold Issime Eau De Parfum Pour Femme 75 ml,140.00,109.00,22,Épuisé,Oui,N/A
Lhmiza,Parfums,Ulric de Varens Sensuelle Pour Femme Eau de Parfum 75 ml,140.00,105.00,25,En stock,Oui,N/A
Lhmiza,Parfums,Paco Rabanne OLYMPEA INTENSE Pour Femme 80ml Eau De Parfum,1.250,1.050,16,En stock,Oui,N/A
Lhmiza,Parfums,Création Lamis Parfum de toilette Everyone OUD – 100ml,100.00,85.00,15,En stock,Oui,N/A
Lhmiza,Parfums,Lattafa Raghba Pour Femme – Eau de parfum 100 ml,250.00,189.00,24,En stock,Oui,N/A
Lhmiza,Parfums,Lattafa Oud mood Pour Homme et Femme – Eau de Parfum 100 ml,250.00,199.00,20,En stock,Oui,N/A
Lhmiza,Parfums,Création Lamis Love You Lots – Eau de parfum pour femme 100 ml,140.00,99.00,29,Épuisé,Oui,N/A
Lhmiza,Parfums,Chic’N Glam Diamond Pour Femme – Eau de Parfum 100 ml,250.00,150.00,40,En stock,Oui,N/A
Lhmiza,Parfums,CHRIS ADAMS Signature Pour Femme – Eau De Parfum 80 ml,220.00,175.00,20,Épuisé,Oui,N/A
Lhmiza,Parfums,CHRIS ADAMS Rebellion Pour Homme – Eau de Toilette – 100 ml,200.00,125.00,38,En stock,Oui,N/A
Lhmiza,Parfums,Allure Homme Sport de Chanel Eau de toilette 100 ml,1.400,1.090,22,En stock,Oui,N/A
Lhmiza,Parfums,Bleu de CHANEL pour Homme Eau de parfum 100ml,1.800,1.485,18,En stock,Oui,N/A
Lhmiza,Parfums,Azzaro Visit pour Homme – Eau de Toilette 100 ml,780.00,599.00,23,En stock,Oui,N/A
Lhmiza,Parfums,Gentleman pour Homme de GIVENCHY Eau de Toilette – 50ml,850.00,699.00,18,En stock,Oui,N/A
Lhmiza,Parfums,Kenzo Homme – Eau de Toilette 100 ml,1.100,899.00,18,En stock,Oui,N/A
Lhmiza,Parfums,Habit Rouge pour Homme de GUERLAIN – Eau de Parfum 100 ml,1.250,1.099,12,Épuisé,Oui,N/A
Lhmiza,Parfums,Le Male de JEAN PAUL GAULTIER – Eau de Toilette 125 ml,1.100,972.00,12,Épuisé,Oui,N/A
Lhmiza,Parfums,L’Homme Idéal de Guerlain pour Homme – Eau de Toilette 100ml,1.000,889.00,11,En stock,Oui,N/A
Lhmiza,Parfums,Only The Brave EXTRÊME de DIESEL Homme – Eau de Toilette 50 ml,850.00,599.00,30,En stock,Oui,N/A
Lhmiza,Parfums,Only The Brave de DIESEL Homme – Eau de Toilette 50 ml,820.00,579.00,29,En stock,Oui,N/A
Lhmiza,Parfums,Paco Rabanne One Million pour Homme – Eau de toilette 100ml,950.00,N/A,N/A,En stock,Non,N/A
Lhmiza,Parfums,Paco Rabanne One Million Lucky pour Homme – Eau de toilette 100ml,850.00,685.00,19,Épuisé,Oui,N/A
Lhmiza,Parfums,Azzaro pour Homme Eau de Toilette Vaporisateur 100ml,800.00,665.00,17,En stock,Oui,N/A
Lhmiza,Parfums,The Scent Hugo Boss Homme – Eau de Toilette 100ml,1.020,849.00,17,En stock,Oui,N/A
Lhmiza,Parfums,SpiceBomb de Viktor & Rolf Homme Eau de Toilette Vaporisateur 90ml,1.250,1.045,16,En stock,Oui,N/A
Lhmiza,Parfums,Pure XS de Paco Rabanne Homme – Eau de Toilette 100ml,1.080,895.00,17,En stock,Oui,N/A
Lhmiza,Parfums,Writer de CYRUS Eau de Toilette pour Homme – 100 ml,580.00,299.00,48,En stock,Oui,N/A
Lhmiza,Parfums,Mine Noir 1950 Pour Homme de Marc Joseph Eau De Parfum 100ml,300.00,240.00,20,Épuisé,Oui,N/A
Lhmiza,Parfums,Deep Sense Blue Homme – Eau De Parfum 100ml,250.00,199.00,20,En stock,Oui,N/A
Lhmiza,Parfums,Deep Sense Prestige pour Homme Eau de Parfum 100ml,300.00,195.00,35,En stock,Oui,N/A
Lhmiza,Parfums,Lovita pour Femme de Creation Lamis Deluxe Eau de Parfum 100ml,160.00,119.00,26,En stock,Oui,N/A
Lhmiza,Parfums,MONTBLANC Legend Intense – Eau de Toilette 100 ml,1.000,885.00,12,En stock,Oui,N/A
Lhmiza,Parfums,Tender Mood Femme – Eau de Parfum 100 ml,200.00,160.00,20,En stock,Oui,N/A
Lhmiza,Parfums,Tender Rich Femme – Eau de Parfum 100 ml,200.00,160.00,20,Épuisé,Oui,N/A
Lhmiza,Parfums,Joop! Pour Homme Eau de Toilette 125 ml,800.00,580.00,28,En stock,Oui,N/A
Lhmiza,Parfums,Smalto par Francesco Smalto Pour Homme – Eau de Toilette 50 ml,500.00,350.00,30,Épuisé,Oui,N/A
Lhmiza,Parfums,L’Air de Nina Ricci Femme – Eau de Parfum 100 ml,1.000,730.00,27,En stock,Oui,N/A
Lhmiza,Parfums,Royal Lonkoom pour Homme – Eau de Toilette 100 ml,200.00,79.00,61,Épuisé,Oui,N/A
Lhmiza,Parfums,Illustrious Deluxe Limited Edition pour Homme de Creation Lamis – Eau de Toilette 100 Ml,200.00,119.00,41,En stock,Oui,N/A
Lhmiza,Parfums,Eternal Royal pour Homme de Lonkoom – Eau de Toilette 100 ml,100.00,79.00,21,Épuisé,Oui,N/A
Lhmiza,Parfums,CA Dreamz Blue pour Homme de Chris Adams – Eau de Parfum 100 ml,200.00,119.00,41,En stock,Oui,N/A
Lhmiza,Parfums,CA Dreamz pour Homme de Chris Adams – Eau de Parfum 100 ml,200.00,119.00,41,En stock,Oui,N/A
Lhmiza,Parfums,Silver Fist Warrior Deluxe Limited Edition pour Homme de Creation Lamis – Eau De Toilette 100 ml,200.00,99.00,51,En stock,Oui,N/A
Lhmiza,Parfums,Marc Joseph Pour Homme – Eau De Parfum 100 ml,250.00,189.00,24,En stock,Oui,N/A
Lhmiza,Parfums,Marc Joseph Pour Femme – Eau De Parfum 100 ml,250.00,189.00,24,En stock,Oui,N/A
Lhmiza,Parfums,Fahrenheit Cologne de Dior Homme 75 ml,1.000,750.00,25,En stock,Oui,N/A
Lhmiza,Parfums,Terre d’Hermès Homme Eau de Toilette Vaporisateur 100 ml,1.000,865.00,14,En stock,Oui,N/A
Lhmiza,Parfums,Decibel Azzaro Pour Homme Eau de Toilette 50 ml,600.00,440.00,27,Épuisé,Oui,N/A
Lhmiza,Parfums,The One Pour Homme – Eau de Toilette de DOLCE & GABBANA 100 ml,1.200,899.00,25,En stock,Oui,N/A
Lhmiza,Parfums,Ulric de Varens Varensia Femme Eau de Parfum 50 ml,200.00,115.00,43,En stock,Oui,N/A
Lhmiza,Parfums,Indeed pour Homme eau de parfum 100 ml,300.00,210.00,30,Épuisé,Oui,N/A
Lhmiza,Parfums,MJ pour Homme de Marc Joseph 100 ml,300.00,220.00,27,En stock,Oui,N/A
Lhmiza,Parfums,Dolby Sport pour Homme eau de parfum 100 ml,200.00,159.00,21,En stock,Oui,N/A
Lhmiza,Parfums,Euphoria Femme de Calvin Klein Eau de Parfum 100 ml,1.265,988.00,22,En stock,Oui,N/A
Lhmiza,Parfums,Allure Femme de Chanel Eau De Toilette 50 ml,1.200,920.00,23,En stock,Oui,N/A
Lhmiza,Parfums,Allure Sensuelle Femme de Chanel Eau De Toilette Spray 50 ml,1.200,920.00,23,En stock,Oui,N/A
Lhmiza,Parfums,"Lady Million Privé de Paco Rabanne – Eau de Parfum, 50 ml",940.00,660.00,30,En stock,Oui,N/A
Lhmiza,Parfums,Ultraviolet Man de Paco Rabanne Eau de Toilette Vaporisateur 50 ml,600.00,540.00,10,En stock,Oui,N/A
Lhmiza,Parfums,Dolce & Gabbana Light Blue Intense Pour Homme Eau de Parfum 50ml,850.00,689.00,19,En stock,Oui,N/A
Lhmiza,Parfums,"Very Irrésistible Givenchy Femme – Eau de Parfum, 75 ml",1.100,890.00,19,Épuisé,Oui,N/A
Lhmiza,Parfums,"L’eau de Narciso Rodriguez For Her, Eau de Toilette 50 ML",885.00,589.00,33,En stock,Oui,N/A
Lhmiza,Parfums,Gucci Bamboo Femme eau de parfum 75ml,1.300,930.00,28,En stock,Oui,N/A
Lhmiza,Parfums,HUGO BOSS MAN LA GOURDE VERT 125ml,950.00,748.00,21,En stock,Oui,N/A
Lhmiza,Parfums,Omnia Coral Femme Eau de Toilette Vaporisateur 65 ml de Bvlgari,850.00,599.00,30,Épuisé,Oui,N/A
Lhmiza,Parfums,Omnia Indian Garnet Femme Eau de Toilette Vaporisateur 65 ml de Bvlgari,850.00,599.00,30,En stock,Oui,N/A
Lhmiza,Parfums,Invictus Homme 100 ML – Eau de Toilette de PACO RABANNE,900.00,708.00,21,En stock,Oui,N/A
Lhmiza,Parfums,Dior Homme Intense – Eau de Parfum 100 ML,1.250,1.020,18,Épuisé,Oui,N/A
Lhmiza,Parfums,Good Girl de Carolina Herrera Femme – Eau de Parfum 80 ml,1.200,940.00,22,En stock,Oui,N/A
Lhmiza,Parfums,Mauboussin Pour Lui In Black Eau de Parfum 100 ML,1.000,660.00,34,En stock,Oui,N/A
Lhmiza,Parfums,Mauboussin Elixir Eau de Parfum pour Elle 100 ml,1.000,660.00,34,En stock,Oui,N/A
Lhmiza,Parfums,Viva Luck Femme – Eau de Toilette 100 ML,200.00,120.00,40,En stock,Oui,N/A
Lhmiza,Parfums,Sauvage – Eau de Toilette Christian Dior,850.00,699.00,18,En stock,Oui,N/A
Lhmiza,Parfums,Deep Sense Sport Homme – Eau De Parfum 100 ML,250.00,189.00,24,En stock,Oui,N/A
Lhmiza,Parfums,Mine Homme de Marc Joseph – Eau De Parfum,300.00,250.00,17,En stock,Oui,N/A
Lhmiza,Parfums,Circuit 1 By Jean Paul Dupont Eau De Toilette Pour Homme,180.00,130.00,28,En stock,Oui,N/A
Lhmiza,Parfums,Connect Donna by Jean Paul Dupont Pour Femme,200.00,150.00,25,Épuisé,Oui,N/A
Lhmiza,Parfums,Connect Uomo by Jean Paul Dupont Pour Homme,200.00,150.00,25,Épuisé,Oui,N/A
Lhmiza,Parfums,Everyone Noir Homme Parfum De Toilette,100.00,85.00,15,En stock,Oui,N/A
Lhmiza,Parfums,Everyone Homme Parfum De Toilette,100.00,85.00,15,En stock,Oui,N/A
Lhmiza,Parfums,Ulric de Varens Pour Homme – Eaux de toilette,200.00,119.00,41,Épuisé,Oui,N/A
Lhmiza,Parfums,Chris Adams CA Dreamz Eau de parfum pour femme,200.00,120.00,40,En stock,Oui,N/A
Lhmiza,Parfums,Chris Adams DX 77 Pour Homme,200.00,109.00,46,En stock,Oui,N/A
Lhmiza,Parfums,Chris Adams Dolby Pour Homme 100ml,150.00,99.00,34,Épuisé,Oui,N/A
Lhmiza,Parfums,Chris Adams CA Man 100ml Pour Homme,150.00,89.00,41,En stock,Oui,N/A
Lhmiza,Parfums,Chris Adams CA Classic pour homme 100 ml,150.00,95.00,37,En stock,Oui,N/A
Lhmiza,Parfums,Chris Adams Active Man 100ml,150.00,99.00,34,En stock,Oui,N/A
Lhmiza,Parfums,MARCONI Eau De Toilette 90 ml Pour Homme,300.00,216.00,28,En stock,Oui,N/A
Lhmiza,Parfums,LifeTime Eau De Parfum Pour Homme,200.00,119.00,41,En stock,Oui,N/A
Lhmiza,Montres & Bijoux,Montre Femme IEKE Carrée Dorée Bracelet Bijou,400.00,299.00,N/A,En stock,Non,N/A
Lhmiza,Montres & Bijoux,Montre Femme IEKE Rectangulaire Bracelet Coloré,400.00,299.00,N/A,En stock,Non,N/A
Lhmiza,Montres & Bijoux,Montre Femme IEKE Ovale Bracelet Fin Élégant,400.00,299.00,N/A,En stock,Non,N/A
Lhmiza,Montres & Bijoux,Montre Femme IEKE Rectangulaire Bracelet Effet Croco,400.00,299.00,N/A,En stock,Non,N/A
Lhmiza,Montres & Bijoux,Montre Femme IEKE Dorée Ovale Bracelet Bijou,400.00,299.00,N/A,En stock,Non,N/A
Lhmiza,Montres & Bijoux,CHENXI 8222 Montre Homme Acier Inoxydable Quartz,400.00,250.00,N/A,En stock,Non,N/A
Lhmiza,Montres & Bijoux,Coffret Montre Femme IEKE Dorée Quartz avec Bijoux Luxe,700.00,450.00,36,En stock,Oui,N/A
Lhmiza,Montres & Bijoux,Coffret Montre Femme IEKE Dorée & Bracelet Élégant,600.00,399.00,34,En stock,Oui,N/A
Lhmiza,Montres & Bijoux,Pagani Design PD-1783 – Élégance et puissance mécanique,1.700,1.089,N/A,En stock,Non,N/A
Lhmiza,Montres & Bijoux,PAGANI DESIGN PD-1790 – Montre Mécanique Élégante & Fiable,1.700,1.089,N/A,En stock,Non,N/A
Lhmiza,Montres & Bijoux,Pagani Design PD-1701 – Élégance et précision japonaise,1.700,1.089,N/A,En stock,Non,N/A
Lhmiza,Montres & Bijoux,Montre Pagani Design PD-1766 Chronographe pour homme en acier inoxydable,1.700,1.089,N/A,En stock,Non,N/A
Lhmiza,Montres & Bijoux,Montre Pagani Design PD-1795 pour homme avec un bracelet en cuir véritable,1.700,1.089,N/A,En stock,Non,N/A
Lhmiza,Montres & Bijoux,Montre Pagani Design PD-1795 pour homme en acier inoxydable,1.700,1.089,N/A,En stock,Non,N/A
Lhmiza,Montres & Bijoux,PAGANI DESIGN PD-1645 Tiffany Bleu – Montre Mécanique Luxe,1.700,1.089,N/A,En stock,Non,N/A
Lhmiza,Montres & Bijoux,CURREN 8459 Montre Homme Quartz Chronographe Luxe,400.00,299.00,N/A,En stock,Non,N/A
Lhmiza,Montres & Bijoux,Montre ORSGA Chronographe Homme – Luxe & Fiabilité,500.00,299.00,N/A,En stock,Non,N/A
Lhmiza,Montres & Bijoux,Montre ORSGA Chronograph Homme – Élégance & Fiabilité,500.00,299.00,N/A,En stock,Non,N/A
Lhmiza,Montres & Bijoux,ORSGA 1153 Montre Homme Luxe Acier Inoxydable Étanche,500.00,299.00,N/A,En stock,Non,N/A
Lhmiza,Montres & Bijoux,Parure Xuping Dorée Étoile de Mer Beige Inoxydable,250.00,164.00,34,En stock,Oui,N/A
Lhmiza,Montres & Bijoux,Parure Xuping Dorée Étoile de Mer Bleue Inoxydable,250.00,164.00,34,En stock,Oui,N/A
Lhmiza,Montres & Bijoux,Parure Xuping Dorée Inoxydable Design Ajouré Chic,250.00,164.00,34,En stock,Oui,N/A
Lhmiza,Montres & Bijoux,Parure Xuping Dorée Inoxydable avec Zircons Chaine,250.00,164.00,34,En stock,Oui,N/A
Lhmiza,Montres & Bijoux,Parure Xuping Dorée Inoxydable Cercle Sculpté Élégant,300.00,215.00,28,En stock,Oui,N/A
Lhmiza,Montres & Bijoux,Parure Xuping Dorée Inoxydable avec Zircons Tressés,300.00,215.00,28,En stock,Oui,N/A
Lhmiza,Montres & Bijoux,Parure Xuping Inoxydable Dorée avec Zircons Modernes,300.00,215.00,28,En stock,Oui,N/A
Lhmiza,Montres & Bijoux,Parure Xuping Dorée Inoxydable avec Zircons Luxueux,300.00,215.00,28,En stock,Oui,N/A
Lhmiza,Montres & Bijoux,Parure Xuping Dorée Inoxydable avec Zircons Éclatants,300.00,215.00,28,En stock,Oui,N/A
Lhmiza,Montres & Bijoux,Parure Xuping Acier Inoxydable Doré Zircon – Élégance,300.00,215.00,28,En stock,Oui,N/A
Lhmiza,Montres & Bijoux,Montre Homme LIGE9839 Sport Quartz,500.00,399.00,N/A,En stock,Non,N/A
Lhmiza,Montres & Bijoux,Montre Femme Carrée NAVIFORCE NF5050,450.00,320.00,N/A,En stock,Non,N/A
Lhmiza,Montres & Bijoux,Montre Femme Carrée NAVIFORCE NF5061,500.00,350.00,N/A,Épuisé,Non,N/A
Lhmiza,Montres & Bijoux,"Montre Militaire Homme NAVIFORCE NF9163 – Sport Analogique & Digitale, Étanche 3ATM",500.00,375.00,N/A,En stock,Non,N/A
Lhmiza,Montres & Bijoux,Montre LIGE 8908 Noir Bronze Homme Chronographe,500.00,350.00,30,En stock,Oui,N/A
Lhmiza,Montres & Bijoux,Montre Homme LIGE 9906 Chronographe Étanche – Bracelet Acier,500.00,350.00,N/A,En stock,Non,N/A
Lhmiza,Montres & Bijoux,Montre Homme LIGE 10004 Chronographe Sport – Cadran Tachymètre,500.00,350.00,N/A,En stock,Non,N/A
Lhmiza,Montres & Bijoux,Montre Homme LIGE 9972 Chronographe – Bracelet Silicone Style Acier,500.00,350.00,N/A,En stock,Non,N/A
Lhmiza,Montres & Bijoux,Montre Homme LIGE 9957 Chronographe Sport – Bracelet Silicone,500.00,350.00,30,En stock,Oui,N/A
Lhmiza,Montres & Bijoux,Montre Femme REWARD RD21551L,400.00,249.00,N/A,En stock,Non,N/A
Lhmiza,Montres & Bijoux,Montre Femme REWARD RD212061L,400.00,249.00,N/A,En stock,Non,N/A
Lhmiza,Montres & Bijoux,Montre Femme REWARD RD212060L,400.00,249.00,N/A,En stock,Non,N/A
Lhmiza,Montres & Bijoux,Ensemble de Deux Montres SANDA 1108,600.00,450.00,25,En stock,Oui,N/A
Lhmiza,Montres & Bijoux,Montre Pagani Design PD-1773 Chronographe,1.700,1.089,N/A,En stock,Non,N/A
Lhmiza,Montres & Bijoux,Montre Pagani Design PD-1707 Chronographe,1.700,1.089,N/A,En stock,Non,N/A
Lhmiza,Montres & Bijoux,Montre Pagani Design PD-1690 Baby Blue Automatique,1.700,1.089,36,En stock,Oui,N/A
Lhmiza,Montres & Bijoux,Montre Pagani Design PD-1728 Nautilus Automatique,1.700,1.089,N/A,En stock,Non,N/A
Lhmiza,Montres & Bijoux,Montre Pagani Design PD-1761 Chronographe,1.700,1.089,N/A,En stock,Non,N/A
Lhmiza,Montres & Bijoux,Montre Pagani Design PD-1653 Black Red Steel Automatique,1.700,1.089,36,En stock,Oui,N/A
Lhmiza,Montres & Bijoux,Montre Pagani Design PD-1653 Rainbow Automatique,1.700,1.089,36,En stock,Oui,N/A
Lhmiza,Montres & Bijoux,Montre Pagani Design PD-1662-LD GMT Automatique,1.700,1.089,36,En stock,Oui,N/A
Lhmiza,Montres & Bijoux,Curren 8457 Montre Homme Rectangulaire en Acier Inoxydable,500.00,299.00,N/A,En stock,Non,N/A
Lhmiza,Montres & Bijoux,Curren 8402 Montre Chronographe Homme Sport et Luxe,500.00,299.00,N/A,En stock,Non,N/A
Lhmiza,Montres & Bijoux,Curren 8363 Montre Chronographe Homme en Acier Inoxydable avec Tachymètre,500.00,299.00,N/A,En stock,Non,N/A
Lhmiza,Montres & Bijoux,Curren 8395 Montre Chronographe Homme en Acier Inoxydable,500.00,299.00,N/A,En stock,Non,N/A
Lhmiza,Montres & Bijoux,Curren 8427 Montre Chronographe Homme en Acier Inoxydable,500.00,299.00,N/A,En stock,Non,N/A
Lhmiza,Montres & Bijoux,Reward RD81547 Montre Homme Chronographe,500.00,350.00,30,En stock,Oui,N/A
Lhmiza,Montres & Bijoux,Reward RD611514 Montre Homme Élégante en Acier avec Cadran Minimaliste,500.00,350.00,N/A,En stock,Non,N/A
Lhmiza,Montres & Bijoux,Reward RD611265 Montre Homme Design Moderne avec Bracelet en Acier Inoxydable,500.00,350.00,30,En stock,Oui,N/A
Lhmiza,Montres & Bijoux,Kademan K9102 Montre Homme à Double Affichage avec Chronographe,500.00,350.00,30,En stock,Oui,N/A
Lhmiza,Montres & Bijoux,Kademan K9068G Montre Homme à Double Affichage avec Chronographe,500.00,350.00,30,En stock,Oui,N/A
Lhmiza,Montres & Bijoux,Montre Femme Reward RD211510L Argenté,400.00,299.00,25,En stock,Oui,N/A
Lhmiza,Montres & Bijoux,Montre Homme Chronographe Mini Focus MF0471G,500.00,350.00,30,En stock,Oui,N/A
Lhmiza,Montres & Bijoux,Montre Homme Mini Focus MF0319G,500.00,350.00,30,En stock,Oui,N/A
Lhmiza,Montres & Bijoux,Montre Connectée Curren R2S,700.00,499.00,N/A,En stock,Non,N/A
Lhmiza,Montres & Bijoux,MINI FOCUS MF0426G Montre de sport multifonction pour Homme,600.00,350.00,N/A,En stock,Non,N/A
Lhmiza,Montres & Bijoux,MINI FOCUS MF0489L Montre de luxe pour Femme,500.00,299.00,N/A,En stock,Non,N/A
Lhmiza,Montres & Bijoux,MINI FOCUS MF0491L Montre pour Femme,500.00,299.00,N/A,En stock,Non,N/A
Lhmiza,Montres & Bijoux,SKMEI 2243 Montre électronique étanche pour homme,500.00,299.00,N/A,En stock,Non,N/A
Lhmiza,Montres & Bijoux,NAVIFORCE NF9221 Montre à quartz numérique étanche pour homme,600.00,399.00,N/A,En stock,Non,N/A
Lhmiza,Montres & Bijoux,"REWARD RD611264L Montre carrée étanches pour femme, bracelet en acier inoxydable",500.00,299.00,N/A,En stock,Non,N/A
Lhmiza,Montres & Bijoux,Extri Montre féminine en acier inoxydable avec mouvement à quartz analogique,700.00,499.00,N/A,En stock,Non,N/A
Lhmiza,Montres & Bijoux,Extri Montre japonaise en forme de perles de cristal pour Femme bracelet en acier inoxydable,600.00,350.00,N/A,En stock,Non,N/A
Lhmiza,Montres & Bijoux,EXTRI Montre femme étanche cuir Design carré élégant,500.00,299.00,N/A,En stock,Non,N/A
Lhmiza,Montres & Bijoux,"T5 Montre Homme Bracelet Luxe en Acier, Quartz Chronographe Sportif, Résistant à l’Eau",600.00,399.00,N/A,En stock,Non,N/A
Lhmiza,Montres & Bijoux,T5 4031 Montre pour Homme Chronographe en Acier Inoxydable,600.00,399.00,N/A,En stock,Non,N/A
Lhmiza,Montres & Bijoux,"NAVIFORCE NF8033 Montre Pour Homme Quartz, Calendrier, Bracelet Silicone Style Décontracté",500.00,320.00,N/A,En stock,Non,N/A
Lhmiza,Montres & Bijoux,"REWARD RD83966M Montre de Luxe Décontractée pour Homme à Quartz Analogique, Étanche, avec Bracelet en Silicone",450.00,299.00,N/A,En stock,Non,N/A
Lhmiza,Montres & Bijoux,"REWARD RD81550M Montre habillée homme bracelet acier inoxydable, étanche, chronographe",500.00,350.00,N/A,En stock,Non,N/A
Lhmiza,Montres & Bijoux,"REWARD RD83965M Montre Homme Quartz Analogique, Bracelet Silicone, Étanche, Chronographe, Décontracté",500.00,320.00,N/A,En stock,Non,N/A
Lhmiza,Montres & Bijoux,MINI FOCUS MF0463G Doré Bleu Montre en acier inoxydable pour homme,600.00,350.00,42,En stock,Oui,N/A
Lhmiza,Montres & Bijoux,MINI FOCUS MF0463G Doré Verte Montre en acier inoxydable pour homme,600.00,350.00,42,En stock,Oui,N/A
Lhmiza,Montres & Bijoux,SKMEI M029 Argenté Noir Montre mécanique de luxe pour Hommes,800.00,550.00,31,En stock,Oui,N/A
Lhmiza,Montres & Bijoux,SKMEI M029 Argenté Montre mécanique de luxe pour Hommes,800.00,550.00,31,En stock,Oui,N/A
Lhmiza,Montres & Bijoux,SKMEI M029 Argenté Doré Montre mécanique de luxe pour Hommes,800.00,550.00,31,En stock,Oui,N/A
Lhmiza,Montres & Bijoux,"SKMEI-M031 Doré Montre mécanique de luxe pour homme transparente, creuse, automatique",800.00,559.00,30,En stock,Oui,N/A
Lhmiza,Montres & Bijoux,"SKMEI-M031 Noir Montre mécanique de luxe pour homme transparente, creuse, automatique",800.00,559.00,30,En stock,Oui,N/A
Lhmiza,Montres & Bijoux,"SKMEI-M031 Argenté Montre mécanique de luxe pour homme transparente, creuse, automatique",800.00,559.00,30,En stock,Oui,N/A
Lhmiza,Montres & Bijoux,CADVAN C8805 Argenté Bleu Montre Décontractée de Luxe pour Homme en Acier Inoxydable,300.00,199.00,34,En stock,Oui,N/A
Lhmiza,Montres & Bijoux,CURREN 8440 Doré Montre pour homme avec fonction chronographe à mouvement quartz,500.00,299.00,40,En stock,Oui,N/A
Lhmiza,Montres & Bijoux,CURREN 8440 Argenté Noir Montre pour homme avec fonction chronographe à mouvement quartz,500.00,299.00,40,En stock,Oui,N/A
Lhmiza,Montres & Bijoux,CURREN 8440 Argenté Bleu Montre pour homme avec fonction chronographe à mouvement quartz,500.00,299.00,40,En stock,Oui,N/A
Lhmiza,Montres & Bijoux,NIBOSI-2565 Doré Montre de sport en acier inoxydable pour homme,500.00,350.00,30,En stock,Oui,N/A
Lhmiza,Montres & Bijoux,NIBOSI-2565 Argenté Montre de sport en acier inoxydable pour homme,500.00,350.00,30,En stock,Oui,N/A
Lhmiza,Montres & Bijoux,NIBOSI-2565 Noir Montre de sport en acier inoxydable pour homme,500.00,350.00,30,Épuisé,Oui,N/A
Lhmiza,Montres & Bijoux,FOXBOX FB0011B Doré Montre Pour Homme carrée de luxe en acier inoxydable,500.00,350.00,30,En stock,Oui,N/A
Lhmiza,Montres & Bijoux,FOXBOX FB0011B Noir Montre Pour Homme carrée de luxe en acier inoxydable,500.00,350.00,30,En stock,Oui,N/A
Lhmiza,Montres & Bijoux,FOXBOX FB0011B Argenté Montre Pour Homme carrée de luxe en acier inoxydable,500.00,350.00,30,En stock,Oui,N/A
Lhmiza,Montres & Bijoux,REWARD RD81070L Noir Montre bracelet en acier inoxydable de luxe pour Femme,400.00,299.00,25,En stock,Oui,N/A
Lhmiza,Montres & Bijoux,REWARD RD81070L Bleu Montre bracelet en acier inoxydable de luxe pour Femme,400.00,299.00,25,En stock,Oui,N/A
Lhmiza,Montres & Bijoux,REWARD RD81070L Bronze Montre bracelet en acier inoxydable de luxe pour Femme,400.00,299.00,25,En stock,Oui,N/A
Lhmiza,Montres & Bijoux,REWARD RD81070L Violet Montre bracelet en acier inoxydable de luxe pour Femme,400.00,299.00,25,En stock,Oui,N/A
Lhmiza,Montres & Bijoux,RAWARD RD81968M Noir Montre bracelet de luxe acier inoxydable pour Homme,500.00,350.00,30,En stock,Oui,N/A
Lhmiza,Montres & Bijoux,RAWARD RD81968M Noir Bronze Montre bracelet de luxe acier inoxydable pour Homme,500.00,350.00,30,En stock,Oui,N/A
Lhmiza,Montres & Bijoux,RAWARD RD81968M Argenté Vert Montre bracelet de luxe acier inoxydable pour Homme,500.00,350.00,30,En stock,Oui,N/A
Lhmiza,Montres & Bijoux,RAWARD RD81968M Argenté Noir Montre bracelet de luxe acier inoxydable pour Homme,500.00,350.00,30,En stock,Oui,N/A
Lhmiza,Montres & Bijoux,REWARD RD21552L Bronze Montre bracelet de luxe en acier inoxydable pour femme,400.00,299.00,25,En stock,Oui,N/A
Lhmiza,Montres & Bijoux,REWARD RD21552L Doré Montre bracelet de luxe en acier inoxydable pour femme,400.00,299.00,25,En stock,Oui,N/A
Lhmiza,Montres & Bijoux,REWARD RD21552L Argenté Montre bracelet de luxe en acier inoxydable pour femme,400.00,299.00,25,En stock,Oui,N/A
Lhmiza,Montres & Bijoux,Montre SKMEI 1400 Argenté pour femmes,400.00,250.00,38,En stock,Oui,N/A
Lhmiza,Montres & Bijoux,Montre SKMEI 1400 Noir pour femmes,400.00,250.00,38,En stock,Oui,N/A
Lhmiza,Montres & Bijoux,Montre SKMEI 1400 Bronze pour femmes,400.00,250.00,38,Épuisé,Oui,N/A
Lhmiza,Montres & Bijoux,Bracelet Manchette Élégant en Acier Inoxydable avec Charme Doré pour Femmes,300.00,165.00,45,En stock,Oui,N/A
Lhmiza,Montres & Bijoux,Bracelet en acier inoxydable au design exclusif avec une boussole octogonale,300.00,179.00,40,En stock,Oui,N/A
Lhmiza,Montres & Bijoux,Collier en acier inoxydable avec pendentif représentant la carte du Maroc,200.00,145.00,28,Épuisé,Oui,N/A
Lhmiza,Montres & Bijoux,REWARD 81967 Noir Entier Montre Pour Hommes,500.00,350.00,30,En stock,Oui,N/A
Lhmiza,Montres & Bijoux,Montre REWARD-RD83969 Bleu pour hommes,500.00,350.00,30,En stock,Oui,N/A
Lhmiza,Montres & Bijoux,Montre REWARD-RD83969 Noir Doré pour hommes,500.00,350.00,30,En stock,Oui,N/A
Lhmiza,Montres & Bijoux,REWARD-81967 Doré Montre Pour Hommes,500.00,350.00,30,En stock,Oui,N/A
Lhmiza,Montres & Bijoux,REWARD-81967 Noir Montre Pour Hommes,500.00,350.00,30,En stock,Oui,N/A
Lhmiza,Montres & Bijoux,REWARD-81967 Argenté Bleu Montre Pour Hommes,500.00,350.00,30,En stock,Oui,N/A
Lhmiza,Montres & Bijoux,Montre REWARD-21551 Argenté Doré pour femmes,400.00,299.00,25,En stock,Oui,N/A
Lhmiza,Montres & Bijoux,Montre REWARD-21551 Argenté pour femmes,400.00,299.00,25,En stock,Oui,N/A
Lhmiza,Montres & Bijoux,SKMEI 1961 Bronze Noir Montre pour hommes de luxe,400.00,249.00,38,En stock,Oui,N/A
Lhmiza,Montres & Bijoux,TEVISE T801A Argenté Bleu montre mécanique pour hommes automatique,600.00,399.00,34,En stock,Oui,N/A
Lhmiza,Montres & Bijoux,"REWARD RD21054 Bronze Montre-bracelet en acier massif pour femme, mouvement japonais, à la mode",600.00,320.00,47,En stock,Oui,N/A
Lhmiza,Montres & Bijoux,"REWARD RD21054 Doré Montre-bracelet en acier massif pour femme, mouvement japonais, à la mode",600.00,320.00,47,En stock,Oui,N/A
Lhmiza,Montres & Bijoux,"REWARD RD21054 Argenté Bronze Montre-bracelet en acier massif pour femme, mouvement japonais, à la mode",600.00,320.00,47,En stock,Oui,N/A
Lhmiza,Montres & Bijoux,"REWARD RD81054 Noir Bronze Montres-bracelets chronographe multifonction pour hommes, étanche à Quartz",600.00,350.00,42,En stock,Oui,N/A
Lhmiza,Montres & Bijoux,"REWARD RD81064 Or Verte Montres classiques pour hommes lumineux multifonction, montre-bracelet en acier inoxydable",600.00,350.00,42,En stock,Oui,N/A
Lhmiza,Montres & Bijoux,"REWARD RD21074 Bronze montre bracelet de luxe pour femmes, en acier inoxydable à Quartz",600.00,320.00,47,En stock,Oui,N/A
Lhmiza,Montres & Bijoux,"REWARD RD21074 Argenté montre bracelet de luxe pour femmes, en acier inoxydable à Quartz",600.00,320.00,47,En stock,Oui,N/A
Lhmiza,Montres & Bijoux,"REWARD RD21074 Doré montre bracelet de luxe pour femmes, en acier inoxydable à Quartz",600.00,320.00,47,En stock,Oui,N/A
Lhmiza,Montres & Bijoux,"REWARD RD21074 Argenté Or montre bracelet de luxe pour femmes, en acier inoxydable à Quartz",600.00,320.00,47,En stock,Oui,N/A
Lhmiza,Montres & Bijoux,"REWARD RD21074 Bleu montre bracelet de luxe pour femmes, en acier inoxydable à Quartz",600.00,320.00,47,En stock,Oui,N/A
Lhmiza,Montres & Bijoux,"REWARD RD81057M Argenté Or Montre pour Homme, décontractées à Quartz multifonctionnelles, chronographe",600.00,350.00,42,En stock,Oui,N/A
Lhmiza,Montres & Bijoux,"REWARD RD81057M Bleu Montre pour Homme, décontractées à Quartz multifonctionnelles, chronographe à Puce en Acier Inoxydable",600.00,350.00,42,En stock,Oui,N/A
Lhmiza,Montres & Bijoux,"REWARD RD81005M Argenté Bleu Montres à Quartz pour hommes, bracelet étanche, affaires, acier inoxydable",600.00,350.00,42,En stock,Oui,N/A
Lhmiza,Montres & Bijoux,"REWARD RD82019M Bronze Noir montre bracelet à Quartz pour hommes, étanche, Anti-éblouissement, verre rigide, acier inoxydable",600.00,350.00,42,En stock,Oui,N/A
Lhmiza,Montres & Bijoux,"REWARD RD82008M Doré montre bracelet étanche à Quartz pour hommes, chronographe, Sport, marque de luxe",600.00,350.00,42,En stock,Oui,N/A
Lhmiza,Montres & Bijoux,"REWARD RD82008M Bronze Bleu montre bracelet étanche à Quartz pour hommes, chronographe, Sport, marque de luxe",600.00,350.00,42,En stock,Oui,N/A
Lhmiza,Montres & Bijoux,"REWARD RD82001M Doré montre de Sport à Quartz pour homme, marque de luxe, acier inoxydable, chronographe",600.00,350.00,42,En stock,Oui,N/A
Lhmiza,Montres & Bijoux,REWARD RD21058L Bronze montre Bracelet ovale pour femmes étanche à Quartz,600.00,320.00,47,En stock,Oui,N/A
Lhmiza,Montres & Bijoux,TEVISE T845B Noir automatique Pour hommes montre mode affaires en acier inoxydable bande étanche,700.00,445.00,36,En stock,Oui,N/A
Lhmiza,Montres & Bijoux,TEVISE 629-003 Argenté Or Noir montre mécanique de luxe pour hommes mécanique,600.00,399.00,34,En stock,Oui,N/A
Lhmiza,Montres & Bijoux,"TEVISE T850B Noir Bronze montre automatique pour hommes, bracelet en cuir mécanique, Phase De lune",600.00,399.00,34,En stock,Oui,N/A
Lhmiza,Montres & Bijoux,TEVISE T845A Or Argenté montre hommes bracelet en acier inoxydable étanche automatique mécanique de luxe,700.00,445.00,36,En stock,Oui,N/A
Lhmiza,Montres & Bijoux,TEVISE T845A Argenté montre hommes bracelet en acier inoxydable étanche automatique mécanique de luxe,700.00,445.00,36,Épuisé,Oui,N/A
Lhmiza,Montres & Bijoux,TEVISE T845A Noir Argenté montre hommes bracelet en acier inoxydable étanche automatique mécanique de luxe,700.00,445.00,36,En stock,Oui,N/A
Lhmiza,Montres & Bijoux,TEVISE T845A Or Noir montre hommes bracelet en acier inoxydable étanche automatique mécanique de luxe,700.00,445.00,36,En stock,Oui,N/A
Lhmiza,Montres & Bijoux,TEVISE T845A Noir Or montre hommes bracelet en acier inoxydable étanche automatique mécanique de luxe,700.00,445.00,36,En stock,Oui,N/A
Lhmiza,Montres & Bijoux,"TEVISE T842C bronze montre de luxe pour hommes, mécanique, automatique, étanche, de marque supérieure",600.00,399.00,34,En stock,Oui,N/A
Lhmiza,Montres & Bijoux,"TEVISE 8378F Argenté Bleu montre mécanique pour hommes cadran lumineux de Phase de lune, étanche, automatique",600.00,399.00,34,En stock,Oui,N/A
Lhmiza,Montres & Bijoux,"TEVISE T820 Argenté Or montre mécanique à Tourbillon pour hommes, squelette, automatique, en acier inoxydable",600.00,399.00,34,En stock,Oui,N/A
Lhmiza,Montres & Bijoux,TEVISE T801A Argenté Noir montre mécanique pour hommes automatique,600.00,399.00,34,En stock,Oui,N/A
Lhmiza,Montres & Bijoux,TEVISE T801A Noir montre mécanique pour hommes automatique,600.00,399.00,34,En stock,Oui,N/A
Lhmiza,Montres & Bijoux,TEVISE T845B Bronze Noir automatique Pour hommes montre mode affaires en acier inoxydable bande étanche,700.00,445.00,36,En stock,Oui,N/A
Lhmiza,Montres & Bijoux,"TEVISE 8378F Argenté Noir montre mécanique pour hommes cadran lumineux de Phase de lune, étanche, automatique",600.00,399.00,34,En stock,Oui,N/A
Lhmiza,Montres & Bijoux,TEVISE T845A Bronze montre Pour Hommes bracelet en acier inoxydable étanche automatique mécanique de luxe,700.00,445.00,36,En stock,Oui,N/A
Lhmiza,Montres & Bijoux,KADEMAN K6173 Argenté montre pour hommes électronique double affichage acier inoxydable,600.00,350.00,42,En stock,Oui,N/A
Lhmiza,Montres & Bijoux,KADEMAN K6173 Noir montre pour hommes électronique double affichage acier inoxydable,600.00,350.00,42,En stock,Oui,N/A
Lhmiza,Montres & Bijoux,KADEMAN K6173 Argenté Noir montre pour hommes électronique double affichage acier inoxydable,600.00,350.00,42,En stock,Oui,N/A
Lhmiza,Montres & Bijoux,KADEMAN K6173 Noir Bronze montre pour hommes électronique double affichage acier inoxydable,600.00,350.00,42,En stock,Oui,N/A
Lhmiza,Montres & Bijoux,KADEMAN K6173 Bleu montre pour hommes électronique double affichage acier inoxydable,600.00,350.00,42,En stock,Oui,N/A
Lhmiza,Montres & Bijoux,KADEMAN K6171 Argenté montre Pour hommes en acier pleine numérique double affichage montres 3ATM décontracté,600.00,350.00,42,En stock,Oui,N/A
Lhmiza,Montres & Bijoux,KADEMAN K6171 Noir Bronze montre Pour hommes en acier pleine numérique double affichage montres 3ATM décontracté,600.00,350.00,42,En stock,Oui,N/A
Lhmiza,Montres & Bijoux,KADEMAN K6171 Noir Argenté montre Pour hommes en acier pleine numérique double affichage montres 3ATM décontracté,600.00,350.00,42,En stock,Oui,N/A
Lhmiza,Montres & Bijoux,PAGANI DESIGN PD-1674 Noir Bronze Pour hommes Tourbillon NH39 automatique mécanique montre saphir cristal,1.900,1.150,39,Épuisé,Oui,N/A
Lhmiza,Montres & Bijoux,PAGANI DESIGN PD-1674 Noir Argenté Pour hommes Tourbillon NH39 automatique mécanique montre saphir cristal,1.900,1.150,39,Épuisé,Oui,N/A
Lhmiza,Montres & Bijoux,PAGANI DESIGN PD-1674 Bleu Bronze Pour hommes Tourbillon NH39 automatique mécanique montre saphir cristal,1.900,1.150,39,En stock,Oui,N/A
Lhmiza,Montres & Bijoux,PAGANI DESIGN PD-1674 Bleu Argenté Pour hommes Tourbillon NH39 automatique mécanique montre saphir cristal,1.900,1.150,39,En stock,Oui,N/A
Lhmiza,Montres & Bijoux,PAGANI DESIGN PD-1685 Argenté couturière montre mécanique automatique saphir cristal lumineux en acier inoxydable,1.900,1.150,39,En stock,Oui,N/A
Lhmiza,Montres & Bijoux,PAGANI DESIGN PD-1685 Argenté Bleu couturière montre mécanique automatique saphir cristal lumineux en acier inoxydable,1.900,1.150,39,En stock,Oui,N/A
Lhmiza,Montres & Bijoux,PAGANI DESIGN PD-1685 Argenté Noir couturière montre mécanique automatique saphir cristal lumineux en acier inoxydable,1.900,1.150,39,En stock,Oui,N/A
Lhmiza,Montres & Bijoux,PAGANI DESIGN PD-1667 Argenté Bleu ‘007’ James Bond Seamaster Mécanique Automatique Saphir Cristal Lumineux En Acier,1.900,1.150,39,En stock,Oui,N/A
Lhmiza,Montres & Bijoux,PAGANI DESIGN PD-1667 Argenté Noir ‘007’ James Bond Seamaster Mécanique Automatique Saphir Cristal Lumineux En Acier,1.900,1.150,39,En stock,Oui,N/A
Lhmiza,Montres & Bijoux,PAGANI DESIGN PD-1667 Étanche Argenté Noir ‘007’ James Bond Seamaster Mécanique Automatique Saphir Cristal Lumineux En Acier,1.900,1.150,39,En stock,Oui,N/A
Lhmiza,Montres & Bijoux,"PAGANI DESIGN PD-1639 Argenté Noir montre mécanique automatique pour hommes, créative de luxe, étanche",1.700,1.089,36,En stock,Oui,N/A
Lhmiza,Montres & Bijoux,"PAGANI DESIGN PD-1651 Argenté Noir montre mécanique automatique pour hommes, luxe, verre saphir, étanche",1.700,1.089,36,En stock,Oui,N/A
Lhmiza,Montres & Bijoux,"PAGANI DESIGN PD-1651 Argenté Marron montre mécanique automatique pour hommes, luxe, verre saphir, étanche",1.700,1.089,36,En stock,Oui,N/A
Lhmiza,Montres & Bijoux,"PAGANI DESIGN PD 1645 Argenté Noir montre mécanique en acier et saphir pour hommes, marque de luxe",1.700,1.089,36,En stock,Oui,N/A
Lhmiza,Montres & Bijoux,"PAGANI DESIGN PD 1644 Argenté Bleu – montre bracelet à Quartz pour hommes, chronographe japonais, mouvement de luxe, saphir",1.700,1.089,36,En stock,Oui,N/A
Lhmiza,Montres & Bijoux,BENYAR BY-5169 Argenté Or Montre classique pour homme avec chronographe et bracelet en acier inoxydable,600.00,390.00,35,En stock,Oui,N/A
Lhmiza,Montres & Bijoux,BENYAR BY-5169 Argenté Montre classique pour homme avec chronographe et bracelet en acier inoxydable,600.00,390.00,35,En stock,Oui,N/A
Lhmiza,Montres & Bijoux,"BENYAR BY 5180 Bronze Noir – montre de Sport à Quartz pour hommes, chronographe, en cuir véritable",600.00,390.00,35,En stock,Oui,N/A
Lhmiza,Montres & Bijoux,"BENYAR BY 5180 Bronze Argenté – montre de Sport à Quartz pour hommes, chronographe, en cuir véritable",600.00,390.00,35,En stock,Oui,N/A
Lhmiza,Montres & Bijoux,"BENYAR BY 5114 Noir Argenté – montre bracelet en cuir pour hommes, marque de luxe",600.00,390.00,35,En stock,Oui,N/A
Lhmiza,Montres & Bijoux,"BENYAR BY 5114 Marron Argenté – montre bracelet en cuir pour hommes, marque de luxe",600.00,390.00,35,En stock,Oui,N/A
Lhmiza,Montres & Bijoux,"BENYAR BY 5114 Noir – montre bracelet en cuir pour hommes, marque de luxe",600.00,390.00,35,En stock,Oui,N/A
Lhmiza,Montres & Bijoux,"BENYAR BY 5114 Marron Bronze Argenté – montre bracelet en cuir pour hommes, marque de luxe",600.00,390.00,35,En stock,Oui,N/A
Lhmiza,Montres & Bijoux,"BENYAR BY 5160 Noir Bleu montre étanche en acier inoxydable pour hommes, chronographe à Quartz",600.00,390.00,35,En stock,Oui,N/A
Lhmiza,Montres & Bijoux,"BENYAR BY 5160 Noir montre étanche en acier inoxydable pour hommes, chronographe à Quartz",600.00,390.00,35,En stock,Oui,N/A
Lhmiza,Montres & Bijoux,"BENYAR BY 5160 Argenté Noir montre étanche en acier inoxydable pour hommes, chronographe à Quartz",600.00,390.00,35,En stock,Oui,N/A
Lhmiza,Montres & Bijoux,BENYAR BY 5170 Argenté Bleu Montre pour Homme étanche analogique chronographe à Quartz Designer en Acier Inoxydable,600.00,390.00,35,En stock,Oui,N/A
Lhmiza,Montres & Bijoux,BENYAR BY 5190 Marron Bleu montre chronographe étanche Sport en cuir véritable pour hommes,600.00,390.00,35,En stock,Oui,N/A
Lhmiza,Montres & Bijoux,BENYAR BY 5190 Marron Argenté montre chronographe étanche Sport en cuir véritable pour hommes,600.00,390.00,35,En stock,Oui,N/A
Lhmiza,Montres & Bijoux,BENYAR BY 5192 Argenté – montre sport à quartz pour hommes Chronographe,600.00,390.00,35,En stock,Oui,N/A
Lhmiza,Montres & Bijoux,BENYAR BY 5192 Bleu – montre sport à quartz pour hommes Chronographe,600.00,390.00,35,En stock,Oui,N/A
Lhmiza,Montres & Bijoux,BENYAR BY 5192 Noir – montre sport à quartz pour hommes Chronographe,600.00,390.00,35,En stock,Oui,N/A
Lhmiza,Montres & Bijoux,"BENYAR BY 5194 Argenté Bleu montre à Quartz pour hommes, chronographe",600.00,390.00,35,En stock,Oui,N/A
Lhmiza,Montres & Bijoux,"BENYAR BY 5194 Argenté montre à Quartz pour hommes, chronographe",600.00,390.00,35,En stock,Oui,N/A
Lhmiza,Montres & Bijoux,"BENYAR BY 5194 Argenté Noir montre à Quartz pour hommes, chronographe",600.00,390.00,35,En stock,Oui,N/A
Lhmiza,Montres & Bijoux,BENYAR BY 5190 Noir Bleu montre chronographe étanche Sport en cuir véritable pour hommes,500.00,350.00,30,En stock,Oui,N/A
Lhmiza,Montres & Bijoux,BENYAR BY 5190 Noir montre chronographe étanche Sport en cuir véritable pour hommes,500.00,350.00,30,En stock,Oui,N/A
Lhmiza,Montres & Bijoux,BENYAR BY 5190 Noir Orange montre chronographe étanche Sport en cuir véritable pour hommes,500.00,350.00,30,En stock,Oui,N/A
Lhmiza,Montres & Bijoux,"BENYAR BYS001 Argenté Bronze Noir Montre bracelet en acier inoxydable pour homme, étanche, chronographe de luxe",1.000,699.00,30,En stock,Oui,N/A
Lhmiza,Montres & Bijoux,"BENYAR BYS001 Bronze Montre bracelet en acier inoxydable pour homme, étanche, chronographe de luxe",1.000,699.00,30,En stock,Oui,N/A
Lhmiza,Montres & Bijoux,"BENYAR BYS001 Argenté Montre bracelet en acier inoxydable pour homme, étanche, chronographe de luxe",1.000,699.00,30,En stock,Oui,N/A
Lhmiza,Montres & Bijoux,"BENYAR BYS001 Argenté Noir Montre bracelet en acier inoxydable pour homme, étanche, chronographe de luxe",1.000,699.00,30,Épuisé,Oui,N/A
Lhmiza,Montres & Bijoux,"BENYAR BYS001 Argenté Bleu Montre bracelet en acier inoxydable pour homme, étanche, chronographe de luxe",1.000,699.00,30,En stock,Oui,N/A
Lhmiza,Montres & Bijoux,"BENYAR BY-5193 Noir montre étanche pour homme, marque de luxe, bracelet en cuir, Quartz, chronographe",600.00,390.00,35,En stock,Oui,N/A
Lhmiza,Montres & Bijoux,"BENYAR BY-5193 Bleu montre étanche pour homme, marque de luxe, bracelet en cuir, Quartz, chronographe",600.00,390.00,35,En stock,Oui,N/A
Lhmiza,Montres & Bijoux,"BENYAR BY-5140 Noir montre étanche pour homme, marque de luxe, bracelet en cuir, Sport, Quartz, chronographe",600.00,390.00,35,En stock,Oui,N/A
Lhmiza,Montres & Bijoux,"BENYAR BY-5140 Bleu montre étanche pour homme, marque de luxe, bracelet en cuir, Sport, Quartz, chronographe",600.00,390.00,35,En stock,Oui,N/A
Lhmiza,Montres & Bijoux,"BENYAR BY-5140 Marron Bleu montre étanche pour homme, marque de luxe, bracelet en cuir, Sport, Quartz, chronographe",600.00,390.00,35,En stock,Oui,N/A
Lhmiza,Montres & Bijoux,"BENYAR BY-5140 Marron Noir montre étanche pour homme, marque de luxe, bracelet en cuir, Sport, Quartz, chronographe",600.00,390.00,35,En stock,Oui,N/A
Lhmiza,Montres & Bijoux,BENYAR BY-5164 Argenté Noir Montre à Quartz classique pour Homme en Acier Inoxydable étanche à l’eau,600.00,390.00,35,Épuisé,Oui,N/A
Lhmiza,Montres & Bijoux,BENYAR BY-5164 Argenté Bleu Montre à Quartz classique pour Homme en Acier Inoxydable étanche à l’eau,600.00,390.00,35,En stock,Oui,N/A
Lhmiza,Montres & Bijoux,"BENYAR BY 5104M Argenté Noir montre bracelet acier inoxydable pour homme, marque de luxe",600.00,350.00,42,En stock,Oui,N/A
Lhmiza,Montres & Bijoux,BENYAR BY-5104M Montre Homme Quartz Cuir Noir Argenté,600.00,350.00,42,Épuisé,Oui,N/A
Lhmiza,Montres & Bijoux,BENYAR BY-5104M Montre Homme Quartz Cuir Noir Bronze,600.00,350.00,42,En stock,Oui,N/A
Lhmiza,Montres & Bijoux,"BENYAR BY 5154 Or Argenté Bleu – montre bracelet de Sport en acier inoxydable pour homme, marque de luxe",600.00,390.00,35,En stock,Oui,N/A
Lhmiza,Montres & Bijoux,"BENYAR BY 5154 Or Noir – montre bracelet de Sport en acier inoxydable pour homme, marque de luxe",600.00,390.00,35,En stock,Oui,N/A
Lhmiza,Montres & Bijoux,"BENYAR BY 5102 Bleu – montre bracelet en cuir pour homme, marque de luxe, chronographe",600.00,390.00,35,En stock,Oui,N/A
Lhmiza,Montres & Bijoux,"BENYAR BY5133 Argenté Noir Montre à quartz pour hommes, bracelet en acier inoxydable",600.00,390.00,35,En stock,Oui,N/A
Lhmiza,Montres & Bijoux,"BENYAR BY 5151 Noir – montre de luxe en cuir pour hommes, horloge à Quartz, mode chronographe",600.00,350.00,42,En stock,Oui,N/A
Lhmiza,Montres & Bijoux,"BENYAR BY 5151 Noir Bleu – montre de luxe en cuir pour hommes, horloge à Quartz, mode chronographe",600.00,350.00,42,En stock,Oui,N/A
Lhmiza,Montres & Bijoux,BENYAR BY 5112 Marron Argenté montre cuir Sport hommes étanche chronographe Quartz,600.00,390.00,35,En stock,Oui,N/A
Lhmiza,Montres & Bijoux,BENYAR BY 5112 Marron Noir montre cuir Sport hommes étanche chronographe Quartz,600.00,390.00,35,En stock,Oui,N/A
Lhmiza,Montres & Bijoux,"BENYAR BY 5129 Bronze – montre étanche en acier inoxydable pour homme, marque de luxe, chronographe",600.00,390.00,35,En stock,Oui,N/A
Lhmiza,Montres & Bijoux,"BENYAR BY 5128 Argenté Noir – montre étanche en acier inoxydable pour homme, marque de luxe, chronographe",600.00,350.00,42,En stock,Oui,N/A
Lhmiza,Montres & Bijoux,"BENYAR BY 5120 Noir – montre étanche en acier inoxydable pour homme, marque de luxe, chronographe",600.00,390.00,35,En stock,Oui,N/A
Lhmiza,Montres & Bijoux,"BENYAR BY 5120 Argenté Noir – montre étanche en acier inoxydable pour homme, marque de luxe, chronographe",600.00,390.00,35,En stock,Oui,N/A
Lhmiza,Montres & Bijoux,MINI FOCUS MF0102G Noir – montre à Quartz en cuir véritable pour hommes chronographe,400.00,250.00,38,En stock,Oui,N/A
Lhmiza,Montres & Bijoux,MINI FOCUS MF0102G Bleu – montre à Quartz en cuir véritable pour hommes chronographe,400.00,250.00,38,En stock,Oui,N/A
Lhmiza,Montres & Bijoux,"MINI FOCUS MF0350G Bleu – montre bracelet en Silicone pour hommes, marque de luxe, Quartz, étanche",600.00,350.00,42,En stock,Oui,N/A
Lhmiza,Montres & Bijoux,MINI FOCUS MF0278G Or Bleu montre de luxe en acier inoxydable pour hommes,600.00,350.00,42,En stock,Oui,N/A
Lhmiza,Montres & Bijoux,"Mini Focus MF0175G Noir Montre à Quartz étanche pour Homme Chronographe, Calendrier en Cuir véritable",700.00,350.00,50,En stock,Oui,N/A
Lhmiza,Montres & Bijoux,MINIFOCUS MF0110G Argenté Pour homme Business montres Calendrier lumineux étanche élégant,600.00,350.00,42,En stock,Oui,N/A
Lhmiza,Montres & Bijoux,MINI FOCUS MF0273G Noir Argenté – Montre bracelet à Quartz pour hommes,600.00,350.00,42,En stock,Oui,N/A
Lhmiza,Montres & Bijoux,MINI FOCUS MF0287 Bleu – chronographe militaire à Quartz pour hommes avec bracelet en Gel de silice,600.00,350.00,42,En stock,Oui,N/A
Lhmiza,Montres & Bijoux,"MINI FOCUS MF 0349 Noir Bronze Montre Sport pour hommes, chronographe à Quartz, calendrier militaire, Silicone, étanche 3ATM",600.00,350.00,42,En stock,Oui,N/A
Lhmiza,Montres & Bijoux,MINI FOCUS MF0416G Noir Bronze – montre de luxe pour hommes bracelet en acier inoxydable,600.00,350.00,42,En stock,Oui,N/A
Lhmiza,Montres & Bijoux,MINI FOCUS MF0416G Noir – montre de luxe pour hommes bracelet en acier inoxydable,600.00,350.00,42,En stock,Oui,N/A
Lhmiza,Montres & Bijoux,MINI FOCUS MF0402G Rouge – montre à Quartz multifonction pour hommes bracelet en Silicone,600.00,350.00,42,En stock,Oui,N/A
Lhmiza,Montres & Bijoux,"MINI FOCUS MF0420G Rouge – montre de Sport pour hommes bracelet en Silicone, étanche à Quartz",600.00,350.00,42,En stock,Oui,N/A
Lhmiza,Montres & Bijoux,MINI FOCUS MF0425L Noir Montre Étanche pour Femme Bracelet en Acier,500.00,299.00,40,En stock,Oui,N/A
Lhmiza,Montres & Bijoux,MINI FOCUS MF0425L Bleu Montre Étanche pour Femme Bracelet en Acier,500.00,299.00,40,En stock,Oui,N/A
Lhmiza,Montres & Bijoux,MINI FOCUS MF0425L Argenté Montre Étanche pour Femme Bracelet en Acier,500.00,299.00,40,En stock,Oui,N/A
Lhmiza,Montres & Bijoux,MINI FOCUS MF0307L Argenté Montre Étanche pour Femme Bracelet en Acier,500.00,299.00,40,En stock,Oui,N/A
Lhmiza,Montres & Bijoux,MINI FOCUS MF0307L Noir Montre Étanche pour Femme Bracelet en Acier,500.00,299.00,40,En stock,Oui,N/A
Lhmiza,Montres & Bijoux,MINI FOCUS MF0307L Bleu Montre Étanche pour Femme Bracelet en Acier,500.00,299.00,40,En stock,Oui,N/A
Lhmiza,Montres & Bijoux,MINI FOCUS MF0307L Bronze Montre Étanche pour Femme Bracelet en Acier,500.00,299.00,40,En stock,Oui,N/A
Lhmiza,Montres & Bijoux,MINI FOCUS MF0307L Doré Montre Étanche pour Femme Bracelet en Acier,500.00,299.00,40,En stock,Oui,N/A
Lhmiza,Montres & Bijoux,Mini Focus MF0263L Violet Montre de Luxe pour Femme Bracelet en Acier Inoxydable Strass,600.00,299.00,50,En stock,Oui,N/A
Lhmiza,Montres & Bijoux,"MINI FOCUS MF0334L Argenté Montre de luxe pour femmes, bracelet en acier inoxydable",500.00,299.00,40,En stock,Oui,N/A
Lhmiza,Montres & Bijoux,"MINI FOCUS MF0334L Bronze Montre de luxe pour femmes, bracelet en acier inoxydable",500.00,299.00,40,En stock,Oui,N/A
Lhmiza,Montres & Bijoux,"MINI FOCUS MF0334L Doré Montre de luxe pour femmes, bracelet en acier inoxydable",500.00,299.00,40,En stock,Oui,N/A
Lhmiza,Montres & Bijoux,"MINI FOCUS MF0334L Bleu Montre de luxe pour femmes, bracelet en acier inoxydable",500.00,299.00,40,En stock,Oui,N/A
Lhmiza,Montres & Bijoux,"MINI FOCUS MF0334L Noir Montre de luxe pour femmes, bracelet en acier inoxydable",500.00,299.00,40,En stock,Oui,N/A
Lhmiza,Montres & Bijoux,"MINI FOCUS MF0031L Bronze Montre de luxe pour femmes, bracelet en acier inoxydable",500.00,299.00,40,En stock,Oui,N/A
Lhmiza,Montres & Bijoux,"MINI FOCUS MF0031L Doré Montre de luxe pour femmes, bracelet en acier inoxydable",500.00,299.00,40,En stock,Oui,N/A
Lhmiza,Montres & Bijoux,"MINI FOCUS MF0031L Argenté Montre de luxe pour femmes, bracelet en acier inoxydable",500.00,299.00,40,En stock,Oui,N/A
Lhmiza,Montres & Bijoux,MINI FOCUS MF0335L Argenté Montre Femmes bracelet en acier inoxydable montre à Quartz mode,500.00,N/A,N/A,En stock,Non,N/A
Lhmiza,Montres & Bijoux,MINI FOCUS MF0335L Bronze Montre Femmes bracelet en acier inoxydable montre à Quartz mode,500.00,299.00,40,En stock,Oui,N/A
Lhmiza,Montres & Bijoux,MINI FOCUS MF0335L Bleu Montre Femmes bracelet en acier inoxydable montre à Quartz mode,500.00,299.00,40,En stock,Oui,N/A
Lhmiza,Montres & Bijoux,MINI FOCUS MF0335L Noir Montre Femmes bracelet en acier inoxydable montre à Quartz mode,500.00,299.00,40,En stock,Oui,N/A
Lhmiza,Montres & Bijoux,MINI FOCUS MF0308L Argenté Montre Femmes bracelet en acier inoxydable montre à Quartz mode étanche,600.00,320.00,47,En stock,Oui,N/A
Lhmiza,Montres & Bijoux,"MINI FOCUS MF0215L Doré – montre de luxe en cristal pour femmes, Ultra mince",500.00,299.00,40,En stock,Oui,N/A
Lhmiza,Montres & Bijoux,"MINI FOCUS MF0215L Argenté – montre de luxe en cristal pour femmes, Ultra mince",500.00,299.00,40,En stock,Oui,N/A
Lhmiza,Montres & Bijoux,"MINI FOCUS MF0215L Bleu – montre de luxe en cristal pour femmes, Ultra mince",500.00,299.00,40,En stock,Oui,N/A
Lhmiza,Montres & Bijoux,"MINI FOCUS MF0215L Noir – montre de luxe en cristal pour femmes, Ultra mince",500.00,299.00,40,En stock,Oui,N/A
Lhmiza,Montres & Bijoux,"MINI FOCUS MF0215L Bronze – montre de luxe en cristal pour femmes, Ultra mince",500.00,299.00,40,En stock,Oui,N/A
Lhmiza,Montres & Bijoux,MINI FOCUS MF0333L Bleu montre bracelet de luxe en acier pour femmes,500.00,299.00,40,En stock,Oui,N/A
Lhmiza,Montres & Bijoux,MINI FOCUS MF0304L Bleu Montre-Bracelet analogique à Quartz pour femmes,500.00,299.00,40,En stock,Oui,N/A
Lhmiza,Montres & Bijoux,MINI FOCUS MF0304L Noir Montre-Bracelet analogique à Quartz pour femmes,500.00,299.00,40,En stock,Oui,N/A
Lhmiza,Montres & Bijoux,MINI FOCUS MF0416G Doré – montre de luxe pour hommes bracelet en acier inoxydable,600.00,350.00,42,En stock,Oui,N/A
Lhmiza,Montres & Bijoux,MINI FOCUS MF0416G Bleu – montre de luxe pour hommes bracelet en acier inoxydable,600.00,350.00,42,En stock,Oui,N/A
Lhmiza,Montres & Bijoux,MINI FOCUS MF0416G Argenté – montre de luxe pour hommes bracelet en acier inoxydable,600.00,350.00,42,En stock,Oui,N/A
Lhmiza,Montres & Bijoux,MINI FOCUS MF0402G Noir Or – montre à Quartz multifonction pour hommes bracelet en Silicone,600.00,350.00,42,En stock,Oui,N/A
Lhmiza,Montres & Bijoux,MINI FOCUS MF0402G Noir Bronze – montre à Quartz multifonction pour hommes bracelet en Silicone,600.00,350.00,42,En stock,Oui,N/A
Lhmiza,Montres & Bijoux,MINI FOCUS MF0402G Bleu Bronze – montre à Quartz multifonction pour hommes bracelet en Silicone,600.00,350.00,42,En stock,Oui,N/A
Lhmiza,Montres & Bijoux,MINI FOCUS MF0402G Noir Rouge – montre à Quartz multifonction pour hommes bracelet en Silicone,600.00,350.00,42,En stock,Oui,N/A
Lhmiza,Montres & Bijoux,"MINI FOCUS MF0420G Noir – montre de Sport pour hommes bracelet en Silicone, étanche à Quartz",600.00,350.00,42,En stock,Oui,N/A
Lhmiza,Montres & Bijoux,"MINI FOCUS MF0420G Bleu Bronze – montre de Sport pour hommes bracelet en Silicone, étanche à Quartz",600.00,350.00,42,En stock,Oui,N/A
Lhmiza,Montres & Bijoux,"MINI FOCUS MF0420G Bleu Argenté – montre de Sport pour hommes bracelet en Silicone, étanche à Quartz",600.00,350.00,42,En stock,Oui,N/A
Lhmiza,Montres & Bijoux,"MINI FOCUS MF0420G Noir Bronze – montre de Sport pour hommes bracelet en Silicone, étanche à Quartz",600.00,350.00,42,En stock,Oui,N/A
Lhmiza,Montres & Bijoux,MINI FOCUS MF0168G Noir – montre bracelet à Quartz pour hommes,300.00,169.00,44,En stock,Oui,N/A
Lhmiza,Montres & Bijoux,MINI FOCUS MF0168G Blanc – montre bracelet à Quartz pour hommes,300.00,169.00,44,En stock,Oui,N/A
Lhmiza,Montres & Bijoux,MINI FOCUS MF0273G Noir Bronze – Montre bracelet à Quartz pour hommes,600.00,350.00,42,En stock,Oui,N/A
Lhmiza,Montres & Bijoux,MINI FOCUS MF0287 Noir Orange – chronographe militaire à Quartz pour hommes avec bracelet en Gel de silice,600.00,350.00,42,En stock,Oui,N/A
Lhmiza,Montres & Bijoux,CRRJU 2296 Argenté Bleu montre bracelet étanche en acier inoxydable pour hommes,600.00,399.00,34,En stock,Oui,N/A
Lhmiza,Montres & Bijoux,"REWARD – 63084 Noir Montre de luxe pour femme, étanche, mouvement à quartz, bracelet habillé et décontracté",600.00,350.00,42,En stock,Oui,N/A
Lhmiza,Montres & Bijoux,"MEGIR 2115 Rouge montre bracelet en cuir à Quartz pour femme et fille, étanche, avec chronographe",500.00,350.00,30,En stock,Oui,N/A
Lhmiza,Montres & Bijoux,"NAVIFORCE NF9173M Doré Bleu montre bracelet en acier pour hommes, étanche",600.00,399.00,34,En stock,Oui,N/A
Lhmiza,Montres & Bijoux,"MINI FOCUS 0424 Noir montre de luxe pour femmes, marque supérieure, décontractée, bracelet en maille et acier, cadran diamant",500.00,299.00,40,En stock,Oui,N/A
Lhmiza,Montres & Bijoux,"MINI FOCUS 0424 Dorée montre de luxe pour femmes, marque supérieure, décontractée, bracelet en maille et acier, cadran diamant",500.00,299.00,40,En stock,Oui,N/A
Lhmiza,Montres & Bijoux,"MINI FOCUS 0424 Bronze montre de luxe pour femmes, marque supérieure, décontractée, bracelet en maille et acier, cadran diamant",500.00,299.00,40,En stock,Oui,N/A
Lhmiza,Montres & Bijoux,"MINI FOCUS 0424 Bleu montre de luxe pour femmes, marque supérieure, décontractée, bracelet en maille et acier, cadran diamant",500.00,299.00,40,En stock,Oui,N/A
Lhmiza,Montres & Bijoux,"MINI FOCUS 0424 Argenté montre de luxe pour femmes, marque supérieure, décontractée, bracelet en maille et acier, cadran diamant",500.00,299.00,40,En stock,Oui,N/A
Lhmiza,Montres & Bijoux,"NIBOSI 2309 Argent Blanc montre à Quartz pour femmes, nouvelle mode, chronographe lumineux",500.00,325.00,35,En stock,Oui,N/A
Lhmiza,Montres & Bijoux,"NIBOSI 2309 Argent Noir montre à Quartz pour femmes, nouvelle mode, chronographe lumineux",500.00,325.00,35,En stock,Oui,N/A
Lhmiza,Montres & Bijoux,"NIBOSI 2309 Argent Bleu montre à Quartz pour femmes, nouvelle mode, chronographe lumineux",500.00,325.00,35,En stock,Oui,N/A
Lhmiza,Montres & Bijoux,"NIBOSI 2309 Bronze Blanc montre à Quartz pour femmes, nouvelle mode, chronographe lumineux",500.00,325.00,35,En stock,Oui,N/A
Lhmiza,Montres & Bijoux,"NIBOSI 2309 Bronze Noir montre à Quartz pour femmes, nouvelle mode, chronographe lumineux",500.00,325.00,35,En stock,Oui,N/A
Lhmiza,Montres & Bijoux,"NIBOSI 2309 Noir Bleu montre à Quartz pour femmes, nouvelle mode, chronographe lumineux",500.00,325.00,35,En stock,Oui,N/A
Lhmiza,Montres & Bijoux,"NIBOSI 2309 Noir Bronze montre à Quartz pour femmes, nouvelle mode, chronographe lumineux",500.00,325.00,35,En stock,Oui,N/A
Lhmiza,Montres & Bijoux,"NIBOSI 2309 Noir montre à Quartz pour femmes, nouvelle mode, chronographe lumineux",500.00,325.00,35,En stock,Oui,N/A
Lhmiza,Montres & Bijoux,"NIBOSI 2309 Bleu montre à Quartz pour femmes, nouvelle mode, chronographe lumineux",500.00,325.00,35,En stock,Oui,N/A
Lhmiza,Montres & Bijoux,"NIBOSI 2309 Dorée montre à Quartz pour femmes, nouvelle mode, chronographe lumineux",500.00,325.00,35,En stock,Oui,N/A
Lhmiza,Montres & Bijoux,"NIBOSI 2309 Or Blanc montre à Quartz pour femmes, nouvelle mode, chronographe lumineux",500.00,325.00,35,En stock,Oui,N/A
Lhmiza,Montres & Bijoux,"NIBOSI 2309 Or Noir montre à Quartz pour femmes, nouvelle mode, chronographe lumineux",500.00,325.00,35,En stock,Oui,N/A
Lhmiza,Montres & Bijoux,NAVIFORCE 5017 Dorée montre Bracelet en acier inoxydable pour femmes,600.00,350.00,42,En stock,Oui,N/A
Lhmiza,Montres & Bijoux,"NAVIFORCE 5016 dorée montre bracelet de luxe pour femmes, à Quartz, étanche, décontractée",600.00,350.00,42,En stock,Oui,N/A
Lhmiza,Montres & Bijoux,MEGIR 1079 Argent montre Bracelet de luxe pour femmes,600.00,350.00,42,En stock,Oui,N/A
Lhmiza,Montres & Bijoux,MEGIR 1079 Bronze montre Bracelet de luxe pour femmes,600.00,350.00,42,En stock,Oui,N/A
Lhmiza,Montres & Bijoux,"MEGIR 3006 Argent Bleu montre à quartz étanche pour hommes, bracelet en cuir véritable",600.00,350.00,42,En stock,Oui,N/A
Lhmiza,Montres & Bijoux,"MEGIR 3006 Argent Noir montre à quartz étanche pour hommes, bracelet en cuir véritable",600.00,350.00,42,En stock,Oui,N/A
Lhmiza,Montres & Bijoux,"MEGIR 3006 Noir Bleu montre à quartz étanche pour hommes, bracelet en cuir véritable",600.00,350.00,42,En stock,Oui,N/A
Lhmiza,Montres & Bijoux,"MEGIR 3006 Noir montre à quartz étanche pour hommes, bracelet en cuir véritable",600.00,350.00,42,En stock,Oui,N/A
Lhmiza,Montres & Bijoux,"MEGIR 2091 Noir montre de luxe pour hommes, bracelet en acier, étanche, Quartz",700.00,489.00,30,En stock,Oui,N/A
Lhmiza,Montres & Bijoux,"MEGIR 2091 Argent Noir montre de luxe pour hommes, bracelet en acier, étanche, Quartz",700.00,489.00,30,En stock,Oui,N/A
Lhmiza,Montres & Bijoux,"MEGIR 2154 Noir montre de Sport pour hommes, chronographe étanche, entièrement en acier",600.00,350.00,42,En stock,Oui,N/A
Lhmiza,Montres & Bijoux,"MEGIR 2056 Argent montre de Sport chronographe pour hommes, avec mouvement à Quartz",600.00,350.00,42,En stock,Oui,N/A
Lhmiza,Montres & Bijoux,"MEGIR 2056 Noir montre de Sport chronographe pour hommes, avec mouvement à Quartz",600.00,350.00,42,En stock,Oui,N/A
Lhmiza,Montres & Bijoux,"MEGIR 2161 Bleu montre de luxe en Silicone pour hommes, avec cadran à Quartz, chronographe",600.00,350.00,42,En stock,Oui,N/A
Lhmiza,Montres & Bijoux,"MEGIR 2161 Noir montre de luxe en Silicone pour hommes, avec cadran à Quartz, chronographe",600.00,350.00,42,En stock,Oui,N/A
Lhmiza,Montres & Bijoux,"MEGIR 2161 Bronze Noir montre de luxe en Silicone pour hommes, avec cadran à Quartz, chronographe",600.00,350.00,42,En stock,Oui,N/A
Lhmiza,Montres & Bijoux,MEGIR M2064G Bronze Bleu montre à Quartz avec chronographe analogique pour homme,600.00,350.00,42,En stock,Oui,N/A
Lhmiza,Montres & Bijoux,MEGIR M2064G Argent Noir montre à Quartz avec chronographe analogique pour homme,600.00,350.00,42,En stock,Oui,N/A
Lhmiza,Montres & Bijoux,MEGIR M2064G Argent Vert montre à Quartz avec chronographe analogique pour homme,600.00,350.00,42,En stock,Oui,N/A
Lhmiza,Montres & Bijoux,MEGIR M2064G Noir montre à Quartz avec chronographe analogique pour homme,600.00,350.00,42,En stock,Oui,N/A
Lhmiza,Montres & Bijoux,"MEGIR MN2144G Bleu montre pour hommes, étanche, bracelet en Silicone, chronographe lumineux",600.00,350.00,42,En stock,Oui,N/A
Lhmiza,Montres & Bijoux,"MEGIR MN2144G Bronze montre pour hommes, étanche, bracelet en Silicone, chronographe lumineux",600.00,350.00,42,En stock,Oui,N/A
Lhmiza,Montres & Bijoux,"MEGIR MN2144G Noir montre pour hommes, étanche, bracelet en Silicone, chronographe lumineux",600.00,350.00,42,En stock,Oui,N/A
Lhmiza,Montres & Bijoux,MEGIR MN2050G Noir Bronze Montre à quartz bracelets décontractées à bande de silicone Homme,600.00,350.00,42,En stock,Oui,N/A
Lhmiza,Montres & Bijoux,MEGIR MS2108G-Bleu Bronze Montre Pour homme à Quartz armée sport chronographe montre-luxe,650.00,379.00,42,En stock,Oui,N/A
Lhmiza,Montres & Bijoux,"MEGIR 2084 Marron montre bracelet en cuir pour hommes, mode et décontracté, étanche, Quartz, chronographe",600.00,350.00,42,En stock,Oui,N/A
Lhmiza,Montres & Bijoux,"MEGIR 2106G Noir montre pour homme bracelet en Silicone, étanche, à Quartz, chronographe",600.00,350.00,42,En stock,Oui,N/A
Lhmiza,Montres & Bijoux,"MEGIR 2106G Bleu montre pour homme bracelet en Silicone, étanche, à Quartz, chronographe",600.00,350.00,42,En stock,Oui,N/A
Lhmiza,Montres & Bijoux,MEGIR 2066 Argent-Noir 3ATM Étanche De Luxe Hommes Montres De Mode Automatique,600.00,350.00,42,En stock,Oui,N/A
Lhmiza,Montres & Bijoux,Montre Connectée Série 7 pour Homme et Femme,650.00,399.00,39,En stock,Oui,N/A
Lhmiza,Montres & Bijoux,Montre connectée X7 Pro pour les hommes et les femmes,650.00,399.00,39,Épuisé,Oui,N/A
Lhmiza,Montres & Bijoux,REWARD RD21059L dorée Montre à Quartz pour femme en acier inoxydable,600.00,350.00,42,En stock,Oui,N/A
Lhmiza,Montres & Bijoux,REWARD RD21059L Bronze Violet Montre à Quartz pour femme en acier inoxydable,600.00,350.00,42,En stock,Oui,N/A
Lhmiza,Montres & Bijoux,REWARD RD21059L Bronze Bleu Montre à Quartz pour femme en acier inoxydable,600.00,350.00,42,En stock,Oui,N/A
Lhmiza,Montres & Bijoux,REWARD RD21059L Bronze Blanc Montre à Quartz pour femme en acier inoxydable,600.00,350.00,42,En stock,Oui,N/A
Lhmiza,Montres & Bijoux,REWARD RD21050L Dorée montre à Quartz de luxe pour femme en acier massif et diamant,600.00,350.00,42,En stock,Oui,N/A
Lhmiza,Montres & Bijoux,REWARD RD21050L Bronze Noir montre à Quartz de luxe pour femme en acier massif et diamant,600.00,350.00,42,En stock,Oui,N/A
Lhmiza,Montres & Bijoux,REWARD RD21050L Bronze Mauve montre à Quartz de luxe pour femme en acier massif et diamant,600.00,350.00,42,En stock,Oui,N/A
Lhmiza,Montres & Bijoux,REWARD RD21050L Bronze Bleu montre à Quartz de luxe pour femme en acier massif et diamant,600.00,350.00,42,En stock,Oui,N/A
Lhmiza,Montres & Bijoux,REWARD RD81063M Noir Montre à Quartz pour homme chronographe,600.00,350.00,42,En stock,Oui,N/A
Lhmiza,Montres & Bijoux,REWARD RD81063M Noir Bleu Montre à Quartz pour homme chronographe,600.00,350.00,42,En stock,Oui,N/A
Lhmiza,Montres & Bijoux,REWARD RD81063M Bronze Noir Montre à Quartz pour homme chronographe,600.00,350.00,42,En stock,Oui,N/A
Lhmiza,Montres & Bijoux,REWARD RD81063M Bronze Bleu Montre à Quartz pour homme chronographe,600.00,350.00,42,En stock,Oui,N/A
Lhmiza,Montres & Bijoux,"REWARD RD82024M Bronze Noir Montre à Quartz étanche pour homme chronographe, en acier inoxydable",600.00,350.00,42,En stock,Oui,N/A
Lhmiza,Montres & Bijoux,"REWARD RD82024M Bronze Bleu Montre à Quartz étanche pour homme chronographe, en acier inoxydable",600.00,350.00,42,En stock,Oui,N/A
Lhmiza,Montres & Bijoux,REWARD RD2132 Noir montre à Quartz chronographe luxe de marque pour hommes en acier inoxydable,600.00,350.00,42,En stock,Oui,N/A
Lhmiza,Montres & Bijoux,REWARD RD2132 Bleu montre à Quartz chronographe luxe de marque pour hommes en acier inoxydable,600.00,350.00,42,En stock,Oui,N/A
Lhmiza,Montres & Bijoux,REWARD RD2132 Argenté Noir montre à Quartz chronographe luxe de marque pour hommes en acier inoxydable,600.00,350.00,42,En stock,Oui,N/A
Lhmiza,Montres & Bijoux,REWARD RD2132 Argenté Bleu montre à Quartz chronographe luxe de marque pour hommes en acier inoxydable,600.00,350.00,42,En stock,Oui,N/A
Lhmiza,Montres & Bijoux,"NAVIFORCE NF5008 doré montre bracelet en acier inoxydable pour femmes, classique, Simple, Quartz",600.00,399.00,34,En stock,Oui,N/A
Lhmiza,Montres & Bijoux,"NAVIFORCE NF5008 argent montre bracelet en acier inoxydable pour femmes, classique, Simple, Quartz",600.00,399.00,34,En stock,Oui,N/A
Lhmiza,Montres & Bijoux,"NAVIFORCE NF5001 noir montre à Quartz pour femmes, bracelet en maille, en acier inoxydable",600.00,399.00,34,En stock,Oui,N/A
Lhmiza,Montres & Bijoux,"NAVIFORCE NF5001 bronze montre à Quartz pour femmes, bracelet en maille, en acier inoxydable",600.00,399.00,34,En stock,Oui,N/A
Lhmiza,Montres & Bijoux,"NAVIFORCE NF5001 bleu montre à Quartz pour femmes, bracelet en maille, en acier inoxydable",600.00,399.00,34,En stock,Oui,N/A
Lhmiza,Montres & Bijoux,"NAVIFORCE NF5001 argenté montre à Quartz pour femmes, bracelet en maille, en acier inoxydable",600.00,399.00,34,En stock,Oui,N/A
Lhmiza,Montres & Bijoux,CURREN 8345 Argenté Noir montre à Quartz de luxe pour hommes,600.00,350.00,42,En stock,Oui,N/A
Lhmiza,Montres & Bijoux,MEGIR 2075 Argenté Marron montre bracelet à Quartz pour hommes,600.00,350.00,42,En stock,Oui,N/A
Lhmiza,Montres & Bijoux,NIBOSI 2505 Noir Bleu montre étanche à Quartz pour hommes,600.00,350.00,42,En stock,Oui,N/A
Lhmiza,Montres & Bijoux,NIBOSI 2505 Argenté Bleu montre étanche à Quartz pour hommes,600.00,350.00,42,En stock,Oui,N/A
Lhmiza,Montres & Bijoux,Curren 8355 Bleu Classique Business Quartz Hommes Montre 3ATM Étanche Grand Cadran Lumineux,600.00,320.00,47,En stock,Oui,N/A
Lhmiza,Montres & Bijoux,"REWARD – 82026 Doré montre de sport décontractée pour hommes, marque de luxe, en acier inoxydable, étanche, chronographe",600.00,399.00,34,En stock,Oui,N/A
Lhmiza,Montres & Bijoux,"SINOBI – S9721G04 montre décontractée pour hommes, bracelet en acier inoxydable",500.00,350.00,30,En stock,Oui,N/A
Lhmiza,Montres & Bijoux,"SINOBI – S9721G03 montre décontractée pour hommes, bracelet en acier inoxydable",500.00,350.00,30,En stock,Oui,N/A
Lhmiza,Montres & Bijoux,"SINOBI – S9721G02 montre décontractée pour hommes, bracelet en acier inoxydable",500.00,350.00,30,En stock,Oui,N/A
Lhmiza,Montres & Bijoux,"SINOBI – S9721G01 montre décontractée pour hommes, bracelet en acier inoxydable",500.00,350.00,30,En stock,Oui,N/A
Lhmiza,Montres & Bijoux,"CURREN – 8362 Noir montre bracelet en acier inoxydable pour homme, marque de luxe, chronographe décontracté, à Quartz",500.00,350.00,30,En stock,Oui,N/A
Lhmiza,Montres & Bijoux,"CURREN – 8362 Bleu montre bracelet en acier inoxydable pour homme, marque de luxe, chronographe décontracté, à Quartz",500.00,350.00,30,En stock,Oui,N/A
Lhmiza,Montres & Bijoux,"CURREN – 8362 Argenté montre bracelet en acier inoxydable pour homme, marque de luxe, chronographe décontracté, à Quartz",500.00,350.00,30,En stock,Oui,N/A
Lhmiza,Montres & Bijoux,"MEGIR – 2154 Argenté Bleu montre de Sport pour hommes, chronographe étanche, entièrement en acier",500.00,350.00,30,En stock,Oui,N/A
Lhmiza,Montres & Bijoux,"REWARD – 63084 Violet Montre de luxe pour femme, étanche, mouvement à quartz, bracelet habillé et décontracté",600.00,350.00,42,En stock,Oui,N/A
Lhmiza,Montres & Bijoux,"REWARD – 63084 Doré Montre de luxe pour femme, étanche, mouvement à quartz, bracelet habillé et décontracté",600.00,350.00,42,En stock,Oui,N/A
Lhmiza,Montres & Bijoux,"REWARD – 63084 Argenté Or Montre de luxe pour femme, étanche, mouvement à quartz, bracelet habillé et décontracté",600.00,350.00,42,En stock,Oui,N/A
Lhmiza,Montres & Bijoux,"REWARD – 63084 Argenté Bronze Montre de luxe pour femme, étanche, mouvement à quartz, bracelet habillé et décontracté",600.00,350.00,42,En stock,Oui,N/A
Lhmiza,Montres & Bijoux,"REWARD – 82026 Noir Bronze montre de sport décontractée pour hommes, marque de luxe, en acier inoxydable, étanche, chronographe",600.00,399.00,34,En stock,Oui,N/A
Lhmiza,Montres & Bijoux,"REWARD – 82026 Argenté montre de sport décontractée pour hommes, marque de luxe, en acier inoxydable, étanche, chronographe",600.00,399.00,34,En stock,Oui,N/A
Lhmiza,Montres & Bijoux,"NIBOSI 2502 Bleu montre de sport pour hommes, marque de luxe, Quartz, acier inoxydable, étanche 3ATM",600.00,350.00,42,En stock,Oui,N/A
Lhmiza,Montres & Bijoux,"NIBOSI 2502 Noir montre de sport pour hommes, marque de luxe, Quartz, acier inoxydable, étanche 3ATM",600.00,350.00,42,En stock,Oui,N/A
Lhmiza,Montres & Bijoux,"REWARD-81017 Noir montre à Quartz pour hommes, marque de luxe, étanche, chronographe, entièrement en acier",600.00,399.00,34,En stock,Oui,N/A
Lhmiza,Montres & Bijoux,MEGIR ML3406G Montre de Sport étanche en cuir véritable pour homme,600.00,350.00,42,En stock,Oui,N/A
Lhmiza,Montres & Bijoux,BENYAR BY-5104M Montre Homme Quartz Cuir Blanc Or,600.00,350.00,42,En stock,Oui,N/A
Lhmiza,Montres & Bijoux,Collier avec grande chaîne à ailes pour femmes,200.00,148.00,26,En stock,Oui,N/A
Lhmiza,Montres & Bijoux,NAVIFORCE NF9171 Noir Bronze montre bracelet analogique à Quartz pour homme,600.00,399.00,34,En stock,Oui,N/A
Lhmiza,Montres & Bijoux,NAVIFORCE NF9171 Argenté Bleu montre bracelet analogique à Quartz pour homme,600.00,399.00,34,En stock,Oui,N/A
Lhmiza,Montres & Bijoux,NAVIFORCE NF9138S Or Noir montre bracelet analogique à Quartz pour homme,600.00,399.00,34,En stock,Oui,N/A
Lhmiza,Montres & Bijoux,NAVIFORCE NF9138S Marron montre bracelet analogique à Quartz pour homme,600.00,399.00,34,En stock,Oui,N/A
Lhmiza,Montres & Bijoux,NAVIFORCE NF9138S Bleu montre bracelet analogique à Quartz pour homme,600.00,399.00,34,En stock,Oui,N/A
Lhmiza,Montres & Bijoux,NAVIFORCE NF9138S Argenté Noir montre bracelet analogique à Quartz pour homme,600.00,399.00,34,En stock,Oui,N/A
Lhmiza,Montres & Bijoux,NIBOSI 2335 Noir Hommes Montres Militaire Étanche Sport Analogique Quartz Chronographe en Acier Inoxydable,600.00,350.00,42,En stock,Oui,N/A
Lhmiza,Montres & Bijoux,NIBOSI 2335 Bleu Hommes Montres Militaire Étanche Sport Analogique Quartz Chronographe en Acier Inoxydable,600.00,350.00,42,En stock,Oui,N/A
Lhmiza,Montres & Bijoux,TEVISE T823F Or Noir montre homme de style explosif montre mécanique tourbillon multifonction étanche lumineuse,700.00,445.00,36,En stock,Oui,N/A
Lhmiza,Montres & Bijoux,TEVISE T823F Argenté Noir montre homme de style explosif montre mécanique tourbillon multifonction étanche lumineuse,700.00,445.00,36,En stock,Oui,N/A
Lhmiza,Montres & Bijoux,NIBOSI NI2330 Noir Montre Femme Bracelet Céramique de Luxe,600.00,299.00,50,En stock,Oui,N/A
Lhmiza,Montres & Bijoux,NIBOSI NI2330 Blanc Montre Femme Bracelet Céramique de Luxe,600.00,299.00,50,En stock,Oui,N/A
Lhmiza,Montres & Bijoux,NIBOSI 2351 Or Noir Montre bracelet Militaire de Luxe Etanche et Décontractée de Mode pour Hommes,600.00,350.00,42,En stock,Oui,N/A
Lhmiza,Montres & Bijoux,NIBOSI 2351 Or Bleu Montre bracelet Militaire de Luxe Etanche et Décontractée de Mode pour Hommes,600.00,350.00,42,En stock,Oui,N/A
Lhmiza,Montres & Bijoux,NIBOSI 2351 Noir Entier Montre bracelet Militaire de Luxe Etanche et Décontractée de Mode pour Hommes,600.00,350.00,42,En stock,Oui,N/A
Lhmiza,Montres & Bijoux,NIBOSI 2351 Bronze Noir Montre bracelet Militaire de Luxe Etanche et Décontractée de Mode pour Hommes,600.00,350.00,42,En stock,Oui,N/A
Lhmiza,Montres & Bijoux,NIBOSI 2351 Argenté Noir Montre bracelet Militaire de Luxe Etanche et Décontractée de Mode pour Hommes,600.00,350.00,42,En stock,Oui,N/A
Lhmiza,Montres & Bijoux,MEGIR 2068 Noir Bleu Montre chronographe à quartz pour homme (,600.00,339.00,44,En stock,Oui,N/A
Lhmiza,Montres & Bijoux,MEGIR 2068 Bleu Bronze Montre chronographe à quartz pour homme,600.00,339.00,44,En stock,Oui,N/A
Lhmiza,Montres & Bijoux,NIBOSI 2379 Noir Montre Homme Chronographe Date Acier Inoxydable Mode Lumineuses Quartz Analogique,600.00,350.00,42,En stock,Oui,N/A
Lhmiza,Montres & Bijoux,NIBOSI 2379 Bleu Bronze Montre Homme Chronographe Date Acier Inoxydable Mode Lumineuses Quartz Analogique,600.00,350.00,42,En stock,Oui,N/A
Lhmiza,Montres & Bijoux,NIBOSI 2379 Argenté Noir Montre Homme Chronographe Date Acier Inoxydable Mode Lumineuses Quartz Analogique,600.00,350.00,42,En stock,Oui,N/A
Lhmiza,Montres & Bijoux,NIBOSI 2331 Noir Entier Montre à quartz de luxe étanche pour homme Cadran ultra fin,600.00,350.00,42,En stock,Oui,N/A
Lhmiza,Montres & Bijoux,NIBOSI 2331 Argenté Noir Montre à quartz de luxe étanche pour homme Cadran ultra fin,600.00,350.00,42,En stock,Oui,N/A
Lhmiza,Montres & Bijoux,NIBOSI 2331 Argenté Bleu Montre à quartz de luxe étanche pour homme Cadran ultra fin,600.00,350.00,42,En stock,Oui,N/A
Lhmiza,Montres & Bijoux,Mini Focus MF0226L Montres à Quartz pour Femme avec Mouvement Japonais Bracelet en Acier Inoxydable Étanche Or,500.00,285.00,43,En stock,Oui,N/A
Lhmiza,Montres & Bijoux,Mini Focus MF0226L Montres à Quartz pour Femme avec Mouvement Japonais Bracelet en Acier Inoxydable Étanche Bronze,500.00,285.00,43,En stock,Oui,N/A
Lhmiza,Montres & Bijoux,Mini Focus MF0226L Montres à Quartz pour Femme avec Mouvement Japonais Bracelet en Acier Inoxydable Étanche Argenté,500.00,285.00,43,En stock,Oui,N/A
Lhmiza,Montres & Bijoux,"MINI FOCUS MF 0349 Verte Noir Montre Sport pour hommes, chronographe à Quartz, calendrier militaire, Silicone, étanche 3ATM",600.00,350.00,42,En stock,Oui,N/A
Lhmiza,Montres & Bijoux,"MINI FOCUS MF 0349 Rouge Noir Montre Sport pour hommes, chronographe à Quartz, calendrier militaire, Silicone, étanche 3ATM",600.00,350.00,42,En stock,Oui,N/A
Lhmiza,Montres & Bijoux,"MINI FOCUS MF 0349 Bleu Noir Montre Sport pour hommes, chronographe à Quartz, calendrier militaire, Silicone, étanche 3ATM",600.00,350.00,42,En stock,Oui,N/A
Lhmiza,Montres & Bijoux,"MINI FOCUS MF 0349 Bleu Bronze Montre Sport pour hommes, chronographe à Quartz, calendrier militaire, Silicone, étanche 3ATM",600.00,350.00,42,En stock,Oui,N/A
Lhmiza,Montres & Bijoux,"MINI FOCUS MF 0349 Bleu Argenté Montre Sport pour hommes, chronographe à Quartz, calendrier militaire, Silicone, étanche 3ATM",600.00,350.00,42,En stock,Oui,N/A
Lhmiza,Montres & Bijoux,MINFOCUS MF0309L Or Montre femme coquille surface cadran de luxe en acier inoxydable,500.00,299.00,40,En stock,Oui,N/A
Lhmiza,Montres & Bijoux,MINFOCUS MF0309L Noir Montre femme coquille surface cadran de luxe en acier inoxydable,500.00,299.00,40,En stock,Oui,N/A
Lhmiza,Montres & Bijoux,MINFOCUS MF0309L Bronze Montre femme coquille surface cadran de luxe en acier inoxydable,500.00,299.00,40,En stock,Oui,N/A
Lhmiza,Montres & Bijoux,MINFOCUS MF0309L Bleu Montre femme coquille surface cadran de luxe en acier inoxydable,500.00,299.00,40,En stock,Oui,N/A
Lhmiza,Montres & Bijoux,MINFOCUS MF0309L Argenté Montre femme coquille surface cadran de luxe en acier inoxydable,500.00,299.00,40,Épuisé,Oui,N/A
Lhmiza,Montres & Bijoux,KADEMAN 9074L Bleu montre femmes étanche de luxe en acier inoxydable,600.00,240.00,60,En stock,Oui,N/A
Lhmiza,Montres & Bijoux,CRRJU 2165 Rose Montre analogique à quartz pour femme avec bracelet en acier inoxydable,400.00,250.00,38,En stock,Oui,N/A
Lhmiza,Montres & Bijoux,CRRJU 2165 Or Montre analogique à quartz pour femme avec bracelet en acier inoxydable,400.00,250.00,38,En stock,Oui,N/A
Lhmiza,Montres & Bijoux,MINI FOCUS MF0198G Bleu Hommes Montre En Acier Inoxydable Bracelet À Quartz Mouvement Simple,600.00,350.00,42,En stock,Oui,N/A
Lhmiza,Montres & Bijoux,MINI FOCUS MF0198G Or Hommes Montre En Acier Inoxydable Bracelet À Quartz Mouvement Simple,600.00,350.00,42,En stock,Oui,N/A
Lhmiza,Montres & Bijoux,MINI FOCUS MF0198G Bronze Hommes Montre En Acier Inoxydable Bracelet À Quartz Mouvement Simple,600.00,350.00,42,En stock,Oui,N/A
Lhmiza,Montres & Bijoux,NAVIFORCE NF9182SBE Argenté Bleu Montre chronographe numérique pour Homme Multifonctionnel en Acier Inoxydable,600.00,399.00,34,En stock,Oui,N/A
Lhmiza,Montres & Bijoux,NAVIFORCE 9093 Argenté Montre analogique à quartz pour homme avec bracelet en acier inoxydable étanche,600.00,399.00,34,En stock,Oui,N/A
Lhmiza,Montres & Bijoux,NAVIFORCE 9093 Noir Montre analogique à quartz pour homme avec bracelet en acier inoxydable étanche,600.00,399.00,34,En stock,Oui,N/A
Lhmiza,Montres & Bijoux,MEGIR ML2096G Noir Montre à Quartz en cuir pour homme,500.00,325.00,35,En stock,Oui,N/A
Lhmiza,Montres & Bijoux,MINI FOCUS MF0198G Noir Hommes Montre En Acier Inoxydable Bracelet À Quartz Mouvement Simple,600.00,350.00,42,En stock,Oui,N/A
Lhmiza,Montres & Bijoux,"MINIFOCUS MF0230G Noir analogique pour hommes, bracelet en acier inoxydable, montre chronographe analogique",600.00,350.00,42,En stock,Oui,N/A
Lhmiza,Montres & Bijoux,"MINIFOCUS MF0230G Argenté analogique pour hommes, bracelet en acier inoxydable, montre chronographe analogique",600.00,350.00,42,En stock,Oui,N/A
Lhmiza,Montres & Bijoux,"MINIFOCUS MF0114G Noir montre à Quartz pour homme en acier inoxydable étanche, ultra-mince",600.00,350.00,42,En stock,Oui,N/A
Lhmiza,Montres & Bijoux,"MINIFOCUS MF0114G Bleu montre à Quartz pour homme en acier inoxydable étanche, ultra-mince",600.00,350.00,42,En stock,Oui,N/A
Lhmiza,Montres & Bijoux,MINIFOCUS MF0110G Noir Pour homme Business montres Calendrier lumineux étanche élégant,600.00,350.00,42,En stock,Oui,N/A
Lhmiza,Montres & Bijoux,BENYAR BY-5164 Argenté Bronze Montre à Quartz classique pour Homme en Acier Inoxydable étanche à l’eau,600.00,390.00,35,En stock,Oui,N/A
Lhmiza,Montres & Bijoux,BENYAR BY-5169 Argenté Noir Montre classique pour homme avec chronographe et bracelet en acier inoxydable,600.00,390.00,35,En stock,Oui,N/A
Lhmiza,Montres & Bijoux,DOM 1268L Noir Argenté Montre de luxe squelette Pour hommes Sport Bracelet en cuir automatique,980.00,588.00,40,En stock,Oui,N/A
Lhmiza,Montres & Bijoux,DOM 1268L Bleu Montre de luxe squelette Pour hommes Sport Bracelet en cuir automatique,980.00,588.00,40,En stock,Oui,N/A
Lhmiza,Montres & Bijoux,DOM 1268L Noir Montre de luxe squelette Pour hommes Sport Bracelet en cuir automatique,980.00,588.00,40,En stock,Oui,N/A
Lhmiza,Montres & Bijoux,KADEMAN K9079 Argenté Bronze montre bracelet à Quartz pour femmes étanche double affichage LCD de Luxe,600.00,350.00,42,En stock,Oui,N/A
Lhmiza,Montres & Bijoux,KADEMAN K9079 Noir montre bracelet à Quartz pour femmes étanche double affichage LCD de Luxe,600.00,350.00,42,En stock,Oui,N/A
Lhmiza,Montres & Bijoux,"MINIFOCUS MF0339G Bleu Montre à quartz étanche pour homme avec calendrier et chronographe, bracelet en acier inoxydable",600.00,350.00,42,En stock,Oui,N/A
Lhmiza,Montres & Bijoux,"MINIFOCUS MF0339G Argenté Montre à quartz étanche pour homme avec calendrier et chronographe, bracelet en acier inoxydable",600.00,350.00,42,En stock,Oui,N/A
Lhmiza,Montres & Bijoux,KADEMAN K9080 Argenté Bronze montre bracelet à Quartz pour femmes étanche double affichage LCD de Luxe,600.00,350.00,42,En stock,Oui,N/A
Lhmiza,Montres & Bijoux,KADEMAN K9080 Argenté Or montre bracelet à Quartz pour femmes étanche double affichage LCD de Luxe,600.00,350.00,42,En stock,Oui,N/A
Lhmiza,Montres & Bijoux,KADEMAN K9080 Argenté Noir montre bracelet à Quartz pour femmes étanche double affichage LCD de Luxe,600.00,350.00,42,En stock,Oui,N/A
Lhmiza,Montres & Bijoux,"MINIFOCUS MF0314G Bleu Montre à quartz étanche pour homme avec calendrier et chronographe, bracelet en acier inoxydable",600.00,350.00,42,En stock,Oui,N/A
Lhmiza,Montres & Bijoux,"MINIFOCUS MF0314G Bleu Or Montre à quartz étanche pour homme avec calendrier et chronographe, bracelet en acier inoxydable",600.00,350.00,42,En stock,Oui,N/A
Lhmiza,Montres & Bijoux,"MINIFOCUS MF0314G Argenté Montre à quartz étanche pour homme avec calendrier et chronographe, bracelet en acier inoxydable",600.00,350.00,42,En stock,Oui,N/A
Lhmiza,Montres & Bijoux,MINIFOCUS MF0282G Argenté Bleu Bronze Quartz hommes,600.00,350.00,42,En stock,Oui,N/A
Lhmiza,Montres & Bijoux,MINIFOCUS MF0282G Argenté Noir Quartz hommes,600.00,350.00,42,En stock,Oui,N/A
Lhmiza,Montres & Bijoux,MINIFOCUS MF0282G Argenté Or Quartz hommes,600.00,350.00,42,En stock,Oui,N/A
Lhmiza,Montres & Bijoux,MINIFOCUS MF0282G Bleu Bronze Quartz hommes,600.00,350.00,42,En stock,Oui,N/A
Lhmiza,Montres & Bijoux,"MINIFOCUS MF0229G Bleu Montre à quartz étanche pour homme avec calendrier et chronographe, bracelet en acier inoxydable",600.00,350.00,42,En stock,Oui,N/A
Lhmiza,Montres & Bijoux,"MINIFOCUS MF0229G Noir Montre à quartz étanche pour homme avec calendrier et chronographe, bracelet en acier inoxydable",600.00,350.00,42,En stock,Oui,N/A
Lhmiza,Montres & Bijoux,"MINIFOCUS MF0229G Argenté Montre à quartz étanche pour homme avec calendrier et chronographe, bracelet en acier inoxydable",600.00,350.00,42,En stock,Oui,N/A
Lhmiza,Montres & Bijoux,Mini Focus MF0330L Marron Montre à Quartz pour Femme Cadran Paon Bracelet en Cuir véritable,500.00,280.00,44,En stock,Oui,N/A
Lhmiza,Montres & Bijoux,Mini Focus MF0330L Blanche Montre à Quartz pour Femme Cadran Paon Bracelet en Cuir véritable,500.00,280.00,44,En stock,Oui,N/A
Lhmiza,Montres & Bijoux,Mini Focus MF0330L Noir Montre à Quartz pour Femme Cadran Paon Bracelet en Cuir véritable,500.00,280.00,44,En stock,Oui,N/A
Lhmiza,Montres & Bijoux,Mini Focus MF0330L Bleu Montre à Quartz pour Femme Cadran Paon Bracelet en Cuir véritable,500.00,280.00,44,En stock,Oui,N/A
Lhmiza,Montres & Bijoux,Mini Focus MF0159L Bleu Montre à Quartz analogique pour Femme avec Bracelet en Cuir,500.00,250.00,50,En stock,Oui,N/A
Lhmiza,Montres & Bijoux,Mini Focus MF0159L Noir Montre à Quartz analogique pour Femme avec Bracelet en Cuir,500.00,250.00,50,En stock,Oui,N/A
Lhmiza,Montres & Bijoux,MF Mini Focus MF0291L Bronze Montre pour Femme en métal avec bracelet en maille métallique,500.00,280.00,44,En stock,Oui,N/A
Lhmiza,Montres & Bijoux,MF Mini Focus MF0291L Dorée Montre pour Femme en métal avec bracelet en maille métallique,500.00,280.00,44,En stock,Oui,N/A
Lhmiza,Montres & Bijoux,MF Mini Focus MF0291L Bleu Montre pour Femme en métal avec bracelet en maille métallique,500.00,280.00,44,En stock,Oui,N/A
Lhmiza,Montres & Bijoux,MF Mini Focus MF0291L Argenté Montre pour Femme en métal avec bracelet en maille métallique,500.00,280.00,44,En stock,Oui,N/A
Lhmiza,Montres & Bijoux,Montre Femme RD63084L Argenté de marque REWARD avec bracelet en acier inoxydable,600.00,350.00,42,En stock,Oui,N/A
Lhmiza,Montres & Bijoux,Montre Femme RD63084L Bronze de marque REWARD avec bracelet en acier inoxydable,600.00,350.00,42,En stock,Oui,N/A
Lhmiza,Montres & Bijoux,Montre Femme RD63084L Noir de marque REWARD avec bracelet en acier inoxydable,600.00,350.00,42,En stock,Oui,N/A
Lhmiza,Montres & Bijoux,Montre Femme RD63084L Bleu de marque REWARD avec bracelet en acier inoxydable,600.00,350.00,42,En stock,Oui,N/A
Lhmiza,Montres & Bijoux,REWARD RD81005M Dorée à quartz pour homme,600.00,399.00,34,En stock,Oui,N/A
Lhmiza,Montres & Bijoux,REWARD RD81005M Noir Montre à quartz pour homme,600.00,399.00,34,En stock,Oui,N/A
Lhmiza,Montres & Bijoux,REWARD RD81005M Argenté Bronze Montre à quartz pour homme,600.00,399.00,34,En stock,Oui,N/A
Lhmiza,Montres & Bijoux,REWARD RD81005M Argenté Bleu Montre à quartz pour homme,600.00,399.00,34,En stock,Oui,N/A
Lhmiza,Montres & Bijoux,REWARD RD81005M Noir Bronze Montre à quartz pour homme,600.00,399.00,34,En stock,Oui,N/A
Lhmiza,Montres & Bijoux,REWARD RD62002 Noir Pour Homme en acier inoxydable double mouvement Royal marque de luxe,600.00,350.00,42,En stock,Oui,N/A
Lhmiza,Montres & Bijoux,REWARD RD62002 Noir Bronze Pour Homme en acier inoxydable double mouvement Royal marque de luxe,600.00,350.00,42,En stock,Oui,N/A
Lhmiza,Montres & Bijoux,REWARD RD62002 Argenté Noir Pour Homme en acier inoxydable double mouvement Royal marque de luxe,600.00,350.00,42,En stock,Oui,N/A
Lhmiza,Montres & Bijoux,REWARD RD81009M Bleu montre à Quartz chronographe luxe de marque pour hommes en acier inoxydable,600.00,350.00,42,En stock,Oui,N/A
Lhmiza,Montres & Bijoux,REWARD RD81009M Argenté Noir montre à Quartz chronographe luxe de marque pour hommes en acier inoxydable,600.00,350.00,42,En stock,Oui,N/A
Lhmiza,Montres & Bijoux,REWARD RD81009M Noir montre à Quartz chronographe luxe de marque pour hommes en acier inoxydable,600.00,350.00,42,En stock,Oui,N/A
Lhmiza,Montres & Bijoux,REWARD RD81009M Or Cadran Vert montre à Quartz chronographe luxe de marque pour hommes en acier inoxydable,600.00,350.00,42,En stock,Oui,N/A
Lhmiza,Montres & Bijoux,REWARD RD82022M Bleu Bronze montre à Quartz chronographe luxe de marque pour hommes en acier inoxydable,600.00,389.00,35,En stock,Oui,N/A
Lhmiza,Montres & Bijoux,REWARD RD82022M Noir montre à Quartz chronographe luxe de marque pour hommes en acier inoxydable,600.00,389.00,35,En stock,Oui,N/A
Lhmiza,Montres & Bijoux,REWARD RD82022M Noir Bronze montre à Quartz chronographe luxe de marque pour hommes en acier inoxydable,600.00,389.00,35,En stock,Oui,N/A
Lhmiza,Montres & Bijoux,REWARD RD82022M Argenté montre à Quartz chronographe luxe de marque pour hommes en acier inoxydable,600.00,389.00,35,En stock,Oui,N/A
Lhmiza,Montres & Bijoux,NIBOSI 2382 Noir Entier montre de luxe quartz hommes à quartz Ultra-mince,600.00,350.00,42,En stock,Oui,N/A
Lhmiza,Montres & Bijoux,NIBOSI 2382 Bronze Noir montre de luxe quartz hommes à quartz Ultra-mince,600.00,350.00,42,En stock,Oui,N/A
Lhmiza,Montres & Bijoux,NIBOSI 2382 Argenté Noir montre de luxe quartz hommes à quartz Ultra-mince,600.00,350.00,42,En stock,Oui,N/A
Lhmiza,Montres & Bijoux,NIBOSI 2382 Argenté montre de luxe quartz hommes à quartz Ultra-mince,600.00,350.00,42,En stock,Oui,N/A
Lhmiza,Montres & Bijoux,SKMEI 1543 Mode Simple Vert lumineux LED Montre Femme bracelet électronique en acier Or Rose,300.00,189.00,37,En stock,Oui,N/A
Lhmiza,Montres & Bijoux,SKMEI 1543 Mode Simple Vert lumineux LED Montre Femme bracelet électronique en acier Or,300.00,189.00,37,En stock,Oui,N/A
Lhmiza,Montres & Bijoux,SKMEI 1543 Mode Simple Vert lumineux LED Montre Femme bracelet électronique en acier Argenté,300.00,189.00,37,En stock,Oui,N/A
Lhmiza,Montres & Bijoux,BENYAR BY5151 Argenté Gold Montres Hommes Chronographe Date Étanche Design élégant Bracelet Analogique Quartz en Cuir,600.00,350.00,42,En stock,Oui,N/A
Lhmiza,Montres & Bijoux,MEGIR 2087 Argenté Montre hommes chronographe Quartz en acier inoxydable étanche lumineux,600.00,350.00,42,En stock,Oui,N/A
Lhmiza,Montres & Bijoux,SANDA P206L Marron Montre Femme Simple étanche ceinture en Cuir à Quartz,400.00,250.00,38,En stock,Oui,N/A
Lhmiza,Montres & Bijoux,SANDA P206L Rouge Montre Femme Simple étanche ceinture en Cuir à Quartz,400.00,250.00,38,En stock,Oui,N/A
Lhmiza,Montres & Bijoux,SANDA P206L Blanche Montre Femme Simple étanche ceinture en Cuir à Quartz,400.00,250.00,38,En stock,Oui,N/A
Lhmiza,Montres & Bijoux,SANDA P206L Grenat Montre Femme Simple étanche ceinture en Cuir à Quartz,400.00,250.00,38,En stock,Oui,N/A
Lhmiza,Montres & Bijoux,SANDA P206L Noir Montre Femme Simple étanche ceinture en Cuir à Quartz,400.00,250.00,38,Épuisé,Oui,N/A
Lhmiza,Montres & Bijoux,SANDA P206L Rose Montre Femme Simple étanche ceinture en Cuir à Quartz,400.00,250.00,38,En stock,Oui,N/A
Lhmiza,Montres & Bijoux,MEGIR MS5006L Noir Pour Femme Simple cadran rond montres à Quartz acier inoxydable étanche,500.00,299.00,40,En stock,Oui,N/A
Lhmiza,Montres & Bijoux,BENYAR BY 5140M Argenté Bleu montre hommes de luxe chronographe,600.00,350.00,42,En stock,Oui,N/A
Lhmiza,Montres & Bijoux,BENYAR BY 5140M Argenté Noir montre hommes de luxe chronographe,600.00,350.00,42,En stock,Oui,N/A
Lhmiza,Montres & Bijoux,REWARD 81010 Argenté Bleu Montre de luxe hommes en acier inoxydable Quartz Sport chronographe étanche,600.00,350.00,42,En stock,Oui,N/A
Lhmiza,Montres & Bijoux,REWARD 81010 Noir Montre de luxe hommes en acier inoxydable Quartz Sport chronographe étanche,600.00,350.00,42,En stock,Oui,N/A
Lhmiza,Montres & Bijoux,REWARD 63091 Marron Bleu montres mécaniques automatique Tourbillon squelette montre hommes affaires décontracté en cuir,700.00,468.00,33,En stock,Oui,N/A
Lhmiza,Montres & Bijoux,REWARD 63091 Marron Blanc montres mécaniques automatique Tourbillon squelette montre hommes affaires décontracté en cuir,700.00,468.00,33,En stock,Oui,N/A
Lhmiza,Montres & Bijoux,MEGIR 2068 Entièrement Noir Montre chronographe à quartz pour homme,600.00,339.00,44,Épuisé,Oui,N/A
Lhmiza,Montres & Bijoux,MEGIR 2068 Argenté-Noir Montre chronographe à quartz pour homme,600.00,339.00,44,En stock,Oui,N/A
Lhmiza,Montres & Bijoux,DOM G-1068 Rouge montre femmes marque de luxe mode décontracté étanche en cuir dame doré quartz,650.00,450.00,31,En stock,Oui,N/A
Lhmiza,Montres & Bijoux,Dom G-1012 affaires or Rose Véritable montre marque de luxe femmes montres en acier inoxydable dames Quartz,500.00,299.00,40,En stock,Oui,N/A
Lhmiza,Montres & Bijoux,SINOBI 9803 bleu ciel femmes montres à Quartz Design Original petit,400.00,230.00,43,En stock,Oui,N/A
Lhmiza,Montres & Bijoux,SINOBI 9794 Champagne Or montre de mode Genève concepteur dames montre de luxe marque diamant Quartz,400.00,230.00,43,En stock,Oui,N/A
Lhmiza,Montres & Bijoux,SINOBI 9794 Vert montre de mode Genève concepteur dames montre de luxe marque diamant Quartz or montres cadeaux pour les femmes,400.00,230.00,43,En stock,Oui,N/A
Lhmiza,Montres & Bijoux,SINOBI pour dames Argenté Noir en acier inoxydable montre élégante de luxe nouvelle montre à Quartz pour femmes,400.00,250.00,38,En stock,Oui,N/A
Lhmiza,Montres & Bijoux,MINI FOCUS MF0188G Noir montre pour homme bracelet en acier inoxydable à Quartz étanche marque de luxe,600.00,350.00,42,En stock,Oui,N/A
Lhmiza,Montres & Bijoux,MINI FOCUS MF0188G Bleu montre pour homme bracelet en acier inoxydable à Quartz étanche marque de luxe,600.00,350.00,42,En stock,Oui,N/A
Lhmiza,Montres & Bijoux,MINI FOCUS MF0188G Argenté Bleu montre pour homme bracelet en acier inoxydable à Quartz étanche marque de luxe,600.00,350.00,42,En stock,Oui,N/A
Lhmiza,Montres & Bijoux,MINI FOCUS MF0188G Argenté Noir montre pour homme bracelet en acier inoxydable à Quartz étanche marque de luxe,600.00,350.00,42,En stock,Oui,N/A
Lhmiza,Montres & Bijoux,NIBOSI 2357 Blanche Montre à Quartz Femme Style décontracté Étanche,600.00,249.00,59,En stock,Oui,N/A
Lhmiza,Montres & Bijoux,NIBOSI 2357 Doré Montre à Quartz Femme Style décontracté Étanche,600.00,249.00,59,En stock,Oui,N/A
Lhmiza,Montres & Bijoux,NIBOSI 2357 Violet Montre à Quartz Femme Style décontracté Étanche,600.00,299.00,50,En stock,Oui,N/A
Lhmiza,Montres & Bijoux,NIBOSI 2357 Noir Montre à Quartz Femme Style décontracté Étanche,600.00,299.00,50,En stock,Oui,N/A
Lhmiza,Montres & Bijoux,BENYAR BY-5129M montre pour hommes chronographe à Quartz bracelet en cuir Noir,600.00,350.00,42,En stock,Oui,N/A
Lhmiza,Montres & Bijoux,Curren 8325 Argenté Bleu Montre d’affaires pour homme avec plusieurs fuseaux horaires en acier,600.00,320.00,47,En stock,Oui,N/A
Lhmiza,Montres & Bijoux,Mini Focus MF0288G Montre de Sport à Quartz étanche pour Homme avec Calendrier et chronographe,600.00,350.00,42,En stock,Oui,N/A
Lhmiza,Montres & Bijoux,CURREN 8348 Bleu Rose Gold Montre d’Affaires à Six Broches de Cadran Concis avec Calendrier Étanche Pour Homme,600.00,320.00,47,En stock,Oui,N/A
Lhmiza,Montres & Bijoux,CURREN 8360 Noir Rose Gold Montre Pour Homme Bracelet étanche chronographe Militaire en Acier Inoxydable,600.00,350.00,42,En stock,Oui,N/A
Lhmiza,Montres & Bijoux,CURREN 8360 Argenté Marron Montre Pour Homme Bracelet étanche chronographe Militaire en Acier Inoxydable,600.00,350.00,42,En stock,Oui,N/A
Lhmiza,Montres & Bijoux,"REWARD RD63078M Bleu Rose Gold Montre-bracelet À Quartz pour Homme, Analogique, Multi-chronographe, Pointeur Lumineux",600.00,350.00,42,En stock,Oui,N/A
Lhmiza,Montres & Bijoux,"REWARD RD63078M Noir Rose Gold Montre-bracelet À Quartz pour Homme, Analogique, Multi-chronographe, Pointeur Lumineux",600.00,350.00,42,En stock,Oui,N/A
Lhmiza,Montres & Bijoux,"REWARD RD63078M Noir Entier Montre-bracelet À Quartz pour Homme, Analogique, Multi-chronographe, Pointeur Lumineux",600.00,350.00,42,En stock,Oui,N/A
Lhmiza,Montres & Bijoux,"REWARD RD63078M Argenté Noir Montre-bracelet À Quartz pour Homme, Analogique, Multi-chronographe, Pointeur Lumineux",600.00,350.00,42,En stock,Oui,N/A
Lhmiza,Montres & Bijoux,REWARD RD63080M Argenté Marron Montre de luxe Pour homme 3ATM étanche analogique Quartz,600.00,350.00,42,En stock,Oui,N/A
Lhmiza,Montres & Bijoux,REWARD RD63080M Argenté Noir Montre de luxe Pour homme 3ATM étanche analogique Quartz,600.00,350.00,42,En stock,Oui,N/A
Lhmiza,Montres & Bijoux,REWARD RD63080M Rose Gold Bleu Montre de luxe Pour homme 3ATM étanche analogique Quartz,600.00,350.00,42,En stock,Oui,N/A
Lhmiza,Montres & Bijoux,REWARD RD63080M Rose Gold Noir Montre de luxe Pour homme 3ATM étanche analogique Quartz,600.00,350.00,42,En stock,Oui,N/A
Lhmiza,Montres & Bijoux,REWARD RD63080M Noir Vert Montre de luxe Pour homme 3ATM étanche analogique Quartz,600.00,350.00,42,En stock,Oui,N/A
Lhmiza,Montres & Bijoux,Fashion DOM LP-205L Rouge Femme Montre-bracelet 30m Étanche Cadran Creux,400.00,250.00,38,En stock,Oui,N/A
Lhmiza,Montres & Bijoux,Fashion DOM LP-205L Noir Femme Montre-bracelet 30m Étanche Cadran Creux,400.00,250.00,38,En stock,Oui,N/A
Lhmiza,Montres & Bijoux,Fashion DOM LP-205L Blanche Femme Montre-bracelet 30m Étanche Cadran Creux,400.00,250.00,38,En stock,Oui,N/A
Lhmiza,Montres & Bijoux,SINOBI 9758 Argenté Noir décontracté pour Homme en Acier Inoxydable Montre Bracelet 3 ATM imperméable Lumineux,600.00,375.00,38,En stock,Oui,N/A
Lhmiza,Montres & Bijoux,NIBOSI 2325 Montre Pour Homme Rose Gold Blanc Montre à quartz Cadran Métallique Bande Luxe Célèbre,600.00,350.00,42,En stock,Oui,N/A
Lhmiza,Montres & Bijoux,NIBOSI 2325 Montre Pour Homme Rose Gold Noir Montre à quartz Cadran Métallique Bande Luxe Célèbre,600.00,350.00,42,En stock,Oui,N/A
Lhmiza,Montres & Bijoux,NIBOSI 2325 Montre Pour Homme Argenté Noir Montre à quartz Cadran Métallique Bande Luxe Célèbre,600.00,350.00,42,En stock,Oui,N/A
Lhmiza,Montres & Bijoux,NIBOSI 2325 Montre Pour Homme Noir Entier Montre à quartz Cadran Métallique Bande Luxe Célèbre,600.00,350.00,42,En stock,Oui,N/A
Lhmiza,Montres & Bijoux,NIBOSI 2325 Montre Pour Homme Gold Blanc Montre à quartz Cadran Métallique Bande Luxe Célèbre,600.00,350.00,42,En stock,Oui,N/A
Lhmiza,Montres & Bijoux,NIBOSI 2325 Montre Pour Homme Gold Noir Montre à quartz Cadran Métallique Bande Luxe Célèbre,600.00,350.00,42,En stock,Oui,N/A
Lhmiza,Montres & Bijoux,MEGIR 2120 Montre à Quartz Pour Homme Avec Chronographe Étanche Et Bracelet En Cuir Véritable Marron,600.00,350.00,42,En stock,Oui,N/A
Lhmiza,Montres & Bijoux,MEGIR 2120 Montre à Quartz Pour Homme Avec Chronographe Étanche Et Bracelet En Cuir Véritable Noir,600.00,350.00,42,En stock,Oui,N/A
Lhmiza,Montres & Bijoux,MEGIR 2084 Montre Pour Homme à Quartz Multifonctionnelle en Cuir – Noir,500.00,320.00,36,En stock,Oui,N/A
Lhmiza,Montres & Bijoux,MEGIR 2084 Montre Pour Homme à Quartz Multifonctionnelle en Cuir – Bleu,500.00,320.00,36,En stock,Oui,N/A
Lhmiza,Montres & Bijoux,MEGIR 2074 Sports montre chronographe pour homme avec bracelet cuir Café Gold Chiffres étanche,500.00,320.00,36,En stock,Oui,N/A
Lhmiza,Montres & Bijoux,MEGIR 2074 Sports montre chronographe pour homme avec bracelet cuir noir jaune Chiffres étanche,500.00,320.00,36,En stock,Oui,N/A
Lhmiza,Montres & Bijoux,MEGIR 2074 Sports montre chronographe pour homme avec bracelet cuir noir rouge Chiffres étanche,500.00,320.00,36,En stock,Oui,N/A
Lhmiza,Montres & Bijoux,NAVIFORCE NF9113 Montre Pour Homme sport Mode Casual Étanche Quartz Sport Acier Inoxydable – Noir Gold,600.00,399.00,34,En stock,Oui,N/A
Lhmiza,Montres & Bijoux,SANDA 1051 Rose Gold Noir montre Femme en acier inoxydable bracelet décontracté,500.00,299.00,40,En stock,Oui,N/A
Lhmiza,Montres & Bijoux,SANDA 1051 Rose Gold montre Femme en acier inoxydable bracelet décontracté,500.00,299.00,40,En stock,Oui,N/A
Lhmiza,Montres & Bijoux,SANDA 1012 Blanc Montre de luxe Pour Femme à quartz Bracelet en acier inoxydable,500.00,299.00,40,En stock,Oui,N/A
Lhmiza,Montres & Bijoux,SANDA 1012 Noir Montre de luxe Pour Femme à quartz Bracelet en acier inoxydable,500.00,299.00,40,En stock,Oui,N/A
Lhmiza,Montres & Bijoux,MINI FOCUS MF0308L Noir Montre Femmes bracelet en acier inoxydable montre à Quartz mode étanche,600.00,320.00,47,En stock,Oui,N/A
Lhmiza,Montres & Bijoux,MINI FOCUS MF0308L Bleu Montre Femmes bracelet en acier inoxydable montre à Quartz mode étanche,600.00,320.00,47,En stock,Oui,N/A
Lhmiza,Montres & Bijoux,MINI FOCUS MF0308L Doré Montre Femmes bracelet en acier inoxydable montre à Quartz mode étanche,600.00,320.00,47,En stock,Oui,N/A
Lhmiza,Montres & Bijoux,MINI FOCUS MF0308L Rose Gold Montre Femmes bracelet en acier inoxydable montre à Quartz mode étanche,600.00,320.00,47,En stock,Oui,N/A
Lhmiza,Montres & Bijoux,REWARD 82003 Noir Rose Gold Montre Sport pour Homme Analogique À Quartz,600.00,320.00,47,En stock,Oui,N/A
Lhmiza,Montres & Bijoux,REWARD 82003 Noir Montre Sport pour Homme Analogique À Quartz,600.00,320.00,47,En stock,Oui,N/A
Lhmiza,Montres & Bijoux,REWARD 82003 Doré Montre Sport pour Homme Analogique À Quartz,600.00,320.00,47,En stock,Oui,N/A
Lhmiza,Montres & Bijoux,REWARD 22006 Violette Montre Femme de luxe décontracté étanche,600.00,320.00,47,En stock,Oui,N/A
Lhmiza,Montres & Bijoux,REWARD 22006 Blue Montre Femme de luxe décontracté étanche,600.00,320.00,47,En stock,Oui,N/A
Lhmiza,Montres & Bijoux,REWARD 22006 Rose Gold Montre Femme de luxe décontracté étanche,600.00,320.00,47,En stock,Oui,N/A
Lhmiza,Montres & Bijoux,REWARD 21003 Blue Gold Montre Femme à Quartz décontracté étanche,600.00,320.00,47,En stock,Oui,N/A
Lhmiza,Montres & Bijoux,REWARD 21003 Blue Montre Femme à Quartz décontracté étanche,600.00,320.00,47,En stock,Oui,N/A
Lhmiza,Montres & Bijoux,REWARD 21003 Doré Montre Femme à Quartz décontracté étanche,600.00,320.00,47,En stock,Oui,N/A
Lhmiza,Montres & Bijoux,REWARD 21003 Rose Gold Montre Femme à Quartz décontracté étanche,600.00,320.00,47,En stock,Oui,N/A
Lhmiza,Montres & Bijoux,CURREN 9020 Doré-Noir Montre Femme avec Bracelet en Acier à Quartz Chiffres Romains,400.00,220.00,45,En stock,Oui,N/A
Lhmiza,Montres & Bijoux,CURREN 9020 Argenté Montre Femme avec Bracelet en Acier à Quartz Chiffres Romains,400.00,220.00,45,En stock,Oui,N/A
Lhmiza,Montres & Bijoux,MEGIR M2011 LBH MB montre Pour Homme avec bracelet en toile casual étanche chronographe,500.00,299.00,40,En stock,Oui,N/A
Lhmiza,Montres & Bijoux,MEGIR M2011 LHL GH montre Pour Homme avec bracelet en toile casual étanche chronographe,500.00,299.00,40,En stock,Oui,N/A
Lhmiza,Montres & Bijoux,MEGIR M2011 LBL MH montre Pour Homme avec bracelet en toile casual étanche chronographe,500.00,299.00,40,En stock,Oui,N/A
Lhmiza,Montres & Bijoux,MEGIR M2011 LBL GB montre Pour Homme avec bracelet en toile casual étanche chronographe,500.00,299.00,40,En stock,Oui,N/A
Lhmiza,Montres & Bijoux,MEGIR 3008 Blanc Montre militaire à quartz avec bracelet en acier inoxydable,600.00,350.00,42,En stock,Oui,N/A
Lhmiza,Montres & Bijoux,MEGIR 3008 Noir Montre militaire à quartz avec bracelet en acier inoxydable,600.00,350.00,42,En stock,Oui,N/A
Lhmiza,Montres & Bijoux,NAVIFORCE NF9150 Rose Gold Montre à Quartz analogique en Acier Inoxydable pour Homme,600.00,399.00,34,En stock,Oui,N/A
Lhmiza,Montres & Bijoux,CURREN 8303 Montre à quartz pour homme avec bande d’acier ultra-mince – Vert,300.00,199.00,34,En stock,Oui,N/A
Lhmiza,Montres & Bijoux,CURREN 8303 Montre à quartz pour homme avec bande d’acier ultra-mince – Noir,300.00,199.00,34,En stock,Oui,N/A
Lhmiza,Montres & Bijoux,CURREN 8315 Noir Cadran Gris Montre à Quartz pour Homme étanche en Acier Inoxydable Calendrier Multifonction pour Homme,600.00,329.00,45,En stock,Oui,N/A
Lhmiza,Montres & Bijoux,CURREN 8310 Montre à Calendrier à Six Broches Etanche en Cuir pour Hommes – Rouge,500.00,299.00,40,En stock,Oui,N/A
Lhmiza,Montres & Bijoux,CURREN 8310 Montre à Calendrier à Six Broches Etanche en Cuir pour Hommes – Café,500.00,299.00,40,En stock,Oui,N/A
Lhmiza,Montres & Bijoux,CURREN 8302 Homme Date Quartz Montre Affichage Ultra-mince Dial – Noir,400.00,269.00,33,En stock,Oui,N/A
Lhmiza,Montres & Bijoux,CURREN 8302 Homme Date Quartz Montre Affichage Ultra-mince Dial – Blanc,400.00,269.00,33,En stock,Oui,N/A
Lhmiza,Montres & Bijoux,CURREN 8348 Montre Noir-Bronze d’Affaires à Six Broches de Cadran Concis avec Calendrier Étanche,600.00,320.00,47,En stock,Oui,N/A
Lhmiza,Montres & Bijoux,CURREN 8348 Montre dorée d’Affaires à Six Broches de Cadran Concis avec Calendrier Étanche,600.00,320.00,47,En stock,Oui,N/A
Lhmiza,Montres & Bijoux,CURREN 8265 Montre à Quartz pour Homme Noir,400.00,215.00,46,En stock,Oui,N/A
Lhmiza,Montres & Bijoux,"Mini Focus MF0175G Bleu Montre à Quartz étanche pour Homme Chronographe, Calendrier en Cuir véritable",700.00,350.00,50,En stock,Oui,N/A
Lhmiza,Montres & Bijoux,MINI FOCUS 0235L Bleu montres à Quartz en acier inoxydable pour femmes,600.00,320.00,47,En stock,Oui,N/A
Lhmiza,Montres & Bijoux,MINI FOCUS 0235L Doré montres à Quartz en acier inoxydable pour femmes,600.00,320.00,47,En stock,Oui,N/A
Lhmiza,Montres & Bijoux,MINI FOCUS 0235L Noir montres à Quartz en acier inoxydable pour femmes,600.00,320.00,47,En stock,Oui,N/A
Lhmiza,Montres & Bijoux,MINI FOCUS 0235L Bronze montres à Quartz en acier inoxydable pour femmes,600.00,320.00,47,En stock,Oui,N/A
Lhmiza,Montres & Bijoux,MEGIR 2068 Doré-Bleu Montre chronographe à quartz pour homme,700.00,280.00,60,En stock,Oui,N/A
Lhmiza,Montres & Bijoux,MEGIR 2068 Noir Montre chronographe à quartz pour homme,600.00,339.00,44,En stock,Oui,N/A
Lhmiza,Montres & Bijoux,MEGIR 2090 Noir Multifonctionnel Quartz Sport Pour Hommes Montre Chronographe,600.00,339.00,44,En stock,Oui,N/A
Lhmiza,Montres & Bijoux,"Montre à Quartz Curren 8028 Noir Style Classique Pour Homme, Haute Qualité en Acier",600.00,299.00,50,En stock,Oui,N/A
Lhmiza,Montres & Bijoux,Montre Curren 8073 Argent pour homme Chronographe Décontractée Cool Analogique Simple Rigide,600.00,299.00,50,En stock,Oui,N/A
Lhmiza,Montres & Bijoux,Curren 8020 Noir Montre à Quartz pour Homme en Acier Inoxydable,600.00,325.00,46,En stock,Oui,N/A
Lhmiza,Montres & Bijoux,Curren 8315 Bleu Montre à Quartz pour Homme étanche en Acier Inoxydable Calendrier Multifonction pour Homme,600.00,329.00,45,En stock,Oui,N/A
Lhmiza,Montres & Bijoux,MINI FOCUS MF0329L Bronze Montre Pour Femme marque de luxe mode décontracté Montre à Quartz,600.00,299.00,50,En stock,Oui,N/A
Lhmiza,Montres & Bijoux,MINI FOCUS MF0329L Bleu Montre Pour Femme marque de luxe mode décontracté Montre à Quartz,600.00,299.00,50,En stock,Oui,N/A
Lhmiza,Montres & Bijoux,MINI FOCUS MF0329L Noir Montre Pour Femme marque de luxe mode décontracté Montre à Quartz,600.00,299.00,50,En stock,Oui,N/A
Lhmiza,Montres & Bijoux,MINI FOCUS MF0329L Argent Montre Pour Femme marque de luxe mode décontracté Montre à Quartz,600.00,299.00,50,En stock,Oui,N/A
Lhmiza,Montres & Bijoux,MINI FOCUS MF0329L Doré Montre Pour Femme marque de luxe mode décontracté Montre à Quartz,600.00,299.00,50,En stock,Oui,N/A
Lhmiza,Montres & Bijoux,Mini Focus MF0263L Doré Montre de Luxe pour Femme Bracelet en Acier Inoxydable Strass,600.00,299.00,50,En stock,Oui,N/A
Lhmiza,Montres & Bijoux,Mini Focus MF0263L Argent Montre de Luxe pour Femme Bracelet en Acier Inoxydable Strass,600.00,299.00,50,En stock,Oui,N/A
Lhmiza,Montres & Bijoux,Mini Focus MF0263L Bleu Montre de Luxe pour Femme Bracelet en Acier Inoxydable Strass,600.00,299.00,50,En stock,Oui,N/A
Lhmiza,Montres & Bijoux,Mini Focus MF0263L Bronze Montre de Luxe pour Femme Bracelet en Acier Inoxydable Strass,600.00,299.00,50,En stock,Oui,N/A
Lhmiza,Montres & Bijoux,Mini Focus MF0226L Montres à Quartz pour Femme avec Mouvement Japonais Bracelet en Acier Inoxydable Étanche Bleu,500.00,285.00,43,En stock,Oui,N/A
Lhmiza,Montres & Bijoux,MINI FOCUS MF0120L Montre Pour Femmes Design Unique à Quartz analogique Bracelet en Acier Inoxydable Bronze,500.00,285.00,43,En stock,Oui,N/A
Lhmiza,Montres & Bijoux,MINI FOCUS MF0120L Montre Pour Femmes Design Unique à Quartz analogique Bracelet en Acier Inoxydable Bleu,500.00,285.00,43,En stock,Oui,N/A
Lhmiza,Montres & Bijoux,MINI FOCUS MF0120L Montre Pour Femmes Design Unique à Quartz analogique Bracelet en Acier Inoxydable Noir,500.00,285.00,43,En stock,Oui,N/A
Lhmiza,Montres & Bijoux,MEGIR 2066 Bleu-Noir 3ATM Étanche De Luxe Hommes Montres De Mode Automatique,600.00,350.00,42,En stock,Oui,N/A
Lhmiza,Montres & Bijoux,CURREN 8348 Marron Montre d’Affaires à Six Broches de Cadran Concis avec Calendrier Étanche,600.00,320.00,47,En stock,Oui,N/A
Lhmiza,Montres & Bijoux,CURREN 8336 Bleu Montre à Quartz étanche pour Homme avec Bracelet en Acier Inoxydable,600.00,320.00,47,En stock,Oui,N/A
Lhmiza,Montres & Bijoux,CURREN 8336 Bronze-Noir Montre à Quartz étanche pour Homme avec Bracelet en Acier Inoxydable,600.00,320.00,47,En stock,Oui,N/A
Lhmiza,Montres & Bijoux,CURREN 8336 Doré Montre à Quartz étanche pour Homme avec Bracelet en Acier Inoxydable,600.00,320.00,47,En stock,Oui,N/A
Lhmiza,Montres & Bijoux,CURREN 8336 Argenté Montre à Quartz étanche pour Homme avec Bracelet en Acier Inoxydable,600.00,320.00,47,En stock,Oui,N/A
Lhmiza,Montres & Bijoux,Curren 8355 Argent-Noir Classique Business Quartz Hommes Montre 3ATM Étanche Grand Cadran Lumineux,600.00,320.00,47,En stock,Oui,N/A
Lhmiza,Montres & Bijoux,CURREN 8309 Verte Montre Hommes nouvelle mode décontracté cadran classique en acier inoxydable montre à Quartz,600.00,320.00,47,En stock,Oui,N/A
Lhmiza,Montres & Bijoux,CURREN 8309 Bleu Montre Hommes nouvelle mode décontracté cadran classique en acier inoxydable montre à Quartz,600.00,320.00,47,En stock,Oui,N/A
Lhmiza,Montres & Bijoux,CURREN 8309 Noir Montre Hommes nouvelle mode décontracté cadran classique en acier inoxydable montre à Quartz,600.00,320.00,47,En stock,Oui,N/A
Lhmiza,Montres & Bijoux,CURREN 8309 Noir-Doré Montre Hommes nouvelle mode décontracté cadran classique en acier inoxydable montre à Quartz,600.00,320.00,47,En stock,Oui,N/A
Lhmiza,Montres & Bijoux,CURREN 8309 Rouge Montre Hommes nouvelle mode décontracté cadran classique en acier inoxydable montre à Quartz,600.00,320.00,47,En stock,Oui,N/A
Lhmiza,Montres & Bijoux,MEGIR ML2085G Noir Montre Homme Quartz Classique Montre Cuir chronographe,600.00,339.00,44,En stock,Oui,N/A
Lhmiza,Montres & Bijoux,Curren 8337 Doré Homme Quartz Montre Étanche Extérieure Minute Heure Chronographe Calendrier Cadran Alliage,600.00,350.00,42,En stock,Oui,N/A
Lhmiza,Montres & Bijoux,Curren 8337 Noir Homme Quartz Montre Étanche Extérieure Minute Heure Chronographe Calendrier Cadran Alliage,600.00,350.00,42,Épuisé,Oui,N/A
Lhmiza,Montres & Bijoux,Curren 8337 Bleu Homme Quartz Montre Étanche Extérieure Minute Heure Chronographe Calendrier Cadran Alliage,600.00,350.00,42,En stock,Oui,N/A
Lhmiza,Montres & Bijoux,NAVIFORCE 9117 Montre à Quartz de Calendrier pour Homme Argenté,600.00,299.00,50,En stock,Oui,N/A
Lhmiza,Montres & Bijoux,NAVIFORCE 9117 Montre à Quartz de Calendrier pour Homme Doré,600.00,299.00,50,En stock,Oui,N/A
Lhmiza,Montres & Bijoux,NAVIFORCE 9117 Montre à Quartz de Calendrier pour Homme Noir et Bronze,600.00,299.00,50,En stock,Oui,N/A
Lhmiza,Montres & Bijoux,NAVIFORCE 9117 Montre à Quartz de Calendrier pour Homme Bleu,600.00,299.00,50,En stock,Oui,N/A
Lhmiza,Montres & Bijoux,NAVIFORCE 9117 Montre à Quartz de Calendrier pour Homme Noir,600.00,299.00,50,En stock,Oui,N/A
Lhmiza,Montres & Bijoux,NAVIFORCE 9147 Montre Argenté-Noir Luxe Hommes analogique Quartz Sport montre extérieur étanche,600.00,450.00,25,En stock,Oui,N/A
Lhmiza,Montres & Bijoux,NAVIFORCE 9147 Montre Argenté Luxe Hommes analogique Quartz Sport montre extérieur étanche,600.00,450.00,25,En stock,Oui,N/A
Lhmiza,Montres & Bijoux,NAVIFORCE 9147 Montre Bronze-Argenté Luxe Hommes analogique Quartz Sport montre extérieur étanche,600.00,450.00,25,En stock,Oui,N/A
Lhmiza,Montres & Bijoux,NAVIFORCE NF9113 Montre Pour Homme sport Mode Casual Étanche Quartz Sport Acier Inoxydable – Bleu Doré,600.00,399.00,34,En stock,Oui,N/A
Lhmiza,Téléphones & Accessoires,Chargeur Voiture iRed IR-04 66W LED 4-en-1 Rétractable,250.00,175.00,30,En stock,Oui,N/A
Lhmiza,Téléphones & Accessoires,L’Original Écouteurs sans fil SoundPEATS T3 Pro,300.00,198.00,34,Épuisé,Oui,N/A
Lhmiza,Téléphones & Accessoires,Routeur 4G LTE JioFi MF680S,400.00,249.00,38,En stock,Oui,N/A
Lhmiza,Téléphones & Accessoires,Convertisseur Allume-cigare Multifonction avec Ports USB et Type-C,300.00,189.00,37,En stock,Oui,N/A
Lhmiza,Téléphones & Accessoires,Montre Connectée MÜMO Smart Pocket Watch MSW-50,600.00,489.00,19,En stock,Oui,N/A
Lhmiza,Téléphones & Accessoires,Montre Connectée Oraimo Watch OSW-41 avec Écran AMOLED,1.020,835.00,18,En stock,Oui,N/A
Lhmiza,Téléphones & Accessoires,Montre Connectée Oraimo Tempo W3 avec Grand Écran,550.00,485.00,12,En stock,Oui,N/A
Lhmiza,Téléphones & Accessoires,Montre Connectée Oraimo Watch 4 Plus,450.00,349.00,22,En stock,Oui,N/A
Lhmiza,Téléphones & Accessoires,Aspirateur à Main Portable Sans Fil JB-107,200.00,149.00,26,En stock,Oui,N/A
Lhmiza,Téléphones & Accessoires,Montre intelligente Oraimo OSW-16,650.00,447.00,31,En stock,Oui,N/A
Lhmiza,Téléphones & Accessoires,casque stéréo Hi-fi sans fil Tws P9 Plus,250.00,169.00,32,En stock,Oui,N/A
Lhmiza,Téléphones & Accessoires,"Montre connectée WS8 Ultra, bracelet de sport, NFC, appel Bluetooth, pour Apple Androïde",850.00,499.00,41,En stock,Oui,N/A
Lhmiza,Téléphones & Accessoires,"WSTER WS-1828 Microphone karaoké à condensateur sans fil Bluetooth, Original",400.00,239.00,40,En stock,Oui,N/A
Lhmiza,Téléphones & Accessoires,Airpods DK102 sans fil écouteur Bluetooth Mini écouteurs pour iPhone Xiaomi Samsung,500.00,325.00,35,En stock,Oui,N/A
Lhmiza,Téléphones & Accessoires,Haut-parleur LP V9 Super Bass Haut-parleur Bluetooth stéréo sans fil,325.00,193.00,41,En stock,Oui,N/A
Lhmiza,Téléphones & Accessoires,Oraimo Montre intelligente Tempo W2 Écran tactile complet,700.00,529.00,24,En stock,Oui,N/A
Lhmiza,Téléphones & Accessoires,"Marea Smart Série 6 B58001 Montre connectée avec écran infini Appel Bluetooth, couronne numérique chargement magnétique Noir",625.00,399.00,36,En stock,Oui,N/A
Lhmiza,Téléphones & Accessoires,Oraimo OEB-E94D Écouteurs Sans Fil Bluetooth FreePods 2,400.00,279.00,30,Épuisé,Oui,N/A
Lhmiza,Téléphones & Accessoires,Mini caméra 1080P capteur Action caméra Vision nocturne caméscope mouvement DVR Micro caméra,400.00,199.00,50,En stock,Oui,N/A
Lhmiza,Téléphones & Accessoires,Manette De Jeu Mobile Pubg Avec Ventilateur De Refroidissement,300.00,165.00,45,Épuisé,Oui,N/A
Lhmiza,Téléphones & Accessoires,Airpods DK101 sans fil écouteur Bluetooth Mini écouteurs pour iPhone Xiaomi Samsung,750.00,425.00,43,Épuisé,Oui,N/A
