shop,platform,categorie,sous_categorie,marque,produit,prix,ancien_prix,remise_pct,stock,en_promo,rating,url_produit,stock_bin,promo_bin,prix_score,remise_norm,score_popularite,top_k,log_prix,segment_prix,shop_id,categorie_id,platform_id,cluster,cluster_nom,pca1,pca2,dbscan_label
Lhmiza,WooCommerce,Parfums,Parfums,,Dorall Collection ALWAYS ON MY MIND Pour FEMME EAU DE TOILETTE 100ml,200.0,69.0,66.0,En stock,Oui,0.0,,1,1,0.967,0.66,0.9238,1,5.303304908059076,mid-range,4,16,1,1,Premium,3.933994141781353,2.006405394725117,2
Lasolda,WooCommerce,Beauté & Sport,Beauté & Sport,,Mascara volume lash Waterp...,49.0,149.0,67.0,En stock,Oui,0.0,,1,1,0.9542,0.67,0.9226,1,3.912023005428146,low-cost,3,2,1,4,Low-cost,2.6070497129176564,2.9644094624334896,3
Lasolda,WooCommerce,Beauté & Sport,Beauté & Sport,,Éponge en silicone Multifon...,29.0,70.0,59.0,En stock,Oui,0.0,,1,1,0.9924,0.59,0.9161,1,3.4011973816621555,low-cost,3,2,1,4,Low-cost,2.2989465227778734,3.1109345679897498,3
Lasolda,WooCommerce,Beauté & Sport,Beauté & Sport,,Support Bague Pour Vernis,29.0,69.0,58.0,En stock,Oui,0.0,,1,1,0.9924,0.58,0.9141,1,3.4011973816621555,low-cost,3,2,1,4,Low-cost,2.2856984441769783,3.0819037779090737,3
Lhmiza,WooCommerce,Parfums,Parfums,,Sandora Collection Club 747 Pour Femme EAU DE PARFUM 100ml,200.0,79.0,61.0,En stock,Oui,0.0,,1,1,0.967,0.61,0.9138,1,5.303304908059076,mid-range,4,16,1,1,Premium,3.86775374877688,1.8612514443217365,2
Lhmiza,WooCommerce,Parfums,Parfums,,Sandora Collection True Blue Pour Femme EAU DE PARFUM 100ml,200.0,79.0,61.0,En stock,Oui,0.0,,1,1,0.967,0.61,0.9138,1,5.303304908059076,mid-range,4,16,1,1,Premium,3.86775374877688,1.8612514443217365,2
Lhmiza,WooCommerce,Parfums,Parfums,,Sandora Collection Beyond Heat Pour Femme Eau de Parfum 100ml,200.0,79.0,61.0,En stock,Oui,0.0,,1,1,0.967,0.61,0.9138,1,5.303304908059076,mid-range,4,16,1,1,Premium,3.86775374877688,1.8612514443217365,2
Lhmiza,WooCommerce,Parfums,Parfums,,Sandora Collection Fancy Pour Femme Eau de Parfum 100ml,200.0,79.0,61.0,En stock,Oui,0.0,,1,1,0.967,0.61,0.9138,1,5.303304908059076,mid-range,4,16,1,1,Premium,3.86775374877688,1.8612514443217365,2
Lhmiza,WooCommerce,Parfums,Parfums,,Sandora Collection Mistress Pour Femme Eau de Parfum 100ml,200.0,79.0,61.0,En stock,Oui,0.0,,1,1,0.967,0.61,0.9138,1,5.303304908059076,mid-range,4,16,1,1,Premium,3.86775374877688,1.8612514443217365,2
Lhmiza,WooCommerce,Parfums,Parfums,,Sandora Collection Catwalk Pour Femme Eau de Parfum 100ml,200.0,79.0,61.0,En stock,Oui,0.0,,1,1,0.967,0.61,0.9138,1,5.303304908059076,mid-range,4,16,1,1,Premium,3.86775374877688,1.8612514443217365,2
Lhmiza,WooCommerce,Parfums,Parfums,,Sandora Collection High Class Pour Femme Eau de Parfum 100ml,200.0,79.0,61.0,En stock,Oui,0.0,,1,1,0.967,0.61,0.9138,1,5.303304908059076,mid-range,4,16,1,1,Premium,3.86775374877688,1.8612514443217365,2
Lhmiza,WooCommerce,Parfums,Parfums,,Sandora Collection Paris Mademoiselle Pour Femme Eau de Parfum 100ml,200.0,79.0,61.0,En stock,Oui,0.0,,1,1,0.967,0.61,0.9138,1,5.303304908059076,mid-range,4,16,1,1,Premium,3.86775374877688,1.8612514443217365,2
Lhmiza,WooCommerce,Parfums,Parfums,,Sandora Collection Infinity Pour Femme Eau de Parfum 100ml,200.0,79.0,61.0,En stock,Oui,0.0,,1,1,0.967,0.61,0.9138,1,5.303304908059076,mid-range,4,16,1,1,Premium,3.86775374877688,1.8612514443217365,2
Lhmiza,WooCommerce,Parfums,Parfums,,Sandora Collection Catch Pour Femme Eau de Parfum 100ml,200.0,79.0,61.0,En stock,Oui,0.0,,1,1,0.967,0.61,0.9138,1,5.303304908059076,mid-range,4,16,1,1,Premium,3.86775374877688,1.8612514443217365,2
Lasolda,WooCommerce,Maison,Maison,,Fouet électrique Pour fair...,29.0,59.0,51.0,En stock,Oui,0.0,,1,1,0.996,0.51,0.901,1,3.4011973816621555,low-cost,3,13,1,4,Low-cost,2.429316213214767,2.947313372370244,-1
Lhmiza,WooCommerce,Beauté,Beauté,,Jaysuing Huile Anti-Chute pour les Cheveux 100ml,200.0,89.0,56.0,En stock,Oui,0.0,,1,1,0.932,0.56,0.895,1,5.303304908059076,mid-range,4,1,1,1,Premium,3.4560583205093445,1.593565782264309,3
Lhmiza,WooCommerce,Parfums,Parfums,,Rose de Fragluxe pour Femme Eau de Toilette 100ml,200.0,99.0,51.0,En stock,Oui,0.0,,1,1,0.967,0.51,0.8938,1,5.303304908059076,mid-range,4,16,1,1,Premium,3.7352729627679335,1.570943543514975,2
Lhmiza,WooCommerce,Parfums,Parfums,,Extasia de Fragluxe Pour Femme Eau de Toilette 100ml,200.0,99.0,51.0,En stock,Oui,0.0,,1,1,0.967,0.51,0.8938,1,5.303304908059076,mid-range,4,16,1,1,Premium,3.7352729627679335,1.570943543514975,2
Lhmiza,WooCommerce,Parfums,Parfums,,Silver Fist Warrior Deluxe Limited Edition pour Homme de Creation Lamis – Eau De Toilette 100 ml,200.0,99.0,51.0,En stock,Oui,0.0,,1,1,0.967,0.51,0.8938,1,5.303304908059076,mid-range,4,16,1,1,Premium,3.7352729627679335,1.570943543514975,2
Lasolda,WooCommerce,Automobile et bricolage,Automobile et bricolage,,Bas de porte isolant adhési...,49.0,99.0,51.0,En stock,Oui,0.0,,1,1,0.9636,0.51,0.8929,1,3.912023005428146,low-cost,3,0,1,4,Low-cost,2.359639536011793,2.496858482270824,3
Lasolda,WooCommerce,Maison,Maison,,Centrifugeuses Manuel Extra...,99.0,199.0,50.0,En stock,Oui,0.0,,1,1,0.9681,0.5,0.892,1,4.605170185988092,low-cost,3,13,1,1,Premium,2.939501706581989,2.0843919559714674,2
Lasolda,WooCommerce,Beauté & Sport,Beauté & Sport,,Set de flacons vides voyage...,49.0,99.0,51.0,En stock,Oui,0.0,,1,1,0.9542,0.51,0.8906,1,3.912023005428146,low-cost,3,2,1,4,Low-cost,2.3950804553033427,2.4999168211426706,3
Lhmiza,WooCommerce,Beauté,Beauté,,Épilateur de Sourcils Électrique 2 en 1 Mini Rasoir,200.0,95.0,53.0,En stock,Oui,0.0,,1,1,0.932,0.53,0.889,1,5.303304908059076,mid-range,4,1,1,1,Premium,3.416314084706661,1.5064734120222805,3
Lasolda,WooCommerce,Maison,Maison,,Range chaussures 12 paires ...,79.0,149.0,47.0,En stock,Oui,0.0,,1,1,0.9741,0.47,0.8875,1,4.382026634673881,low-cost,3,13,1,1,Premium,2.8033641529193534,2.1526270147001174,2
Lhmiza,WooCommerce,Montres & Bijoux,Montres & Bijoux,,Bracelet Manchette Élégant en Acier Inoxydable avec Charme Doré pour Femmes,300.0,165.0,45.0,En stock,Oui,0.0,,1,1,0.9887,0.45,0.8872,1,5.707110264748875,mid-range,4,15,1,1,Premium,3.833793269439984,1.140772152814765,2
Lhmiza,WooCommerce,Montres & Bijoux,Montres & Bijoux,,MINI FOCUS MF0168G Blanc – montre bracelet à Quartz pour hommes,300.0,169.0,44.0,En stock,Oui,0.0,,1,1,0.9887,0.44,0.8852,1,5.707110264748875,mid-range,4,15,1,1,Premium,3.820545190839089,1.1117413627340886,2
Lhmiza,WooCommerce,Montres & Bijoux,Montres & Bijoux,,MINI FOCUS MF0168G Noir – montre bracelet à Quartz pour hommes,300.0,169.0,44.0,En stock,Oui,0.0,,1,1,0.9887,0.44,0.8852,1,5.707110264748875,mid-range,4,15,1,1,Premium,3.820545190839089,1.1117413627340886,2
Lhmiza,WooCommerce,Beauté,Beauté,,Savon-Shampoing Vegan GIRKON Cheveux Anti-Chute Platyclatus,200.0,99.0,51.0,En stock,Oui,0.0,,1,1,0.932,0.51,0.885,1,5.303304908059076,mid-range,4,1,1,1,Premium,3.3898179275048714,1.448411831860928,3
Lhmiza,WooCommerce,Beauté,Beauté,,Tondeuse Rechargeable HTC AT-538,200.0,98.0,51.0,En stock,Oui,0.0,,1,1,0.932,0.51,0.885,1,5.303304908059076,mid-range,4,1,1,1,Premium,3.3898179275048714,1.448411831860928,3
Lhmiza,WooCommerce,Beauté,Beauté,,Tondeuse à Cheveux Rechargeable HTC AT-118,200.0,99.0,51.0,En stock,Oui,0.0,,1,1,0.932,0.51,0.885,1,5.303304908059076,mid-range,4,1,1,1,Premium,3.3898179275048714,1.448411831860928,3
Lhmiza,WooCommerce,Beauté,Beauté,,Disaar Poudre Organique Brune pour Épaissir les Cheveux,200.0,99.0,51.0,En stock,Oui,0.0,,1,1,0.932,0.51,0.885,1,5.303304908059076,mid-range,4,1,1,1,Premium,3.3898179275048714,1.448411831860928,3
Lhmiza,WooCommerce,Beauté,Beauté,,Disaar Poudre Organique Teinte Noire pour Épaissir les Cheveux,200.0,99.0,51.0,En stock,Oui,0.0,,1,1,0.932,0.51,0.885,1,5.303304908059076,mid-range,4,1,1,1,Premium,3.3898179275048714,1.448411831860928,3
Lhmiza,WooCommerce,Beauté,Beauté,,Sac à cosmétiques multifonctionnel en cuir idéal pour voyager,200.0,99.0,51.0,En stock,Oui,0.0,,1,1,0.932,0.51,0.885,1,5.303304908059076,mid-range,4,1,1,1,Premium,3.3898179275048714,1.448411831860928,3
Lhmiza,WooCommerce,Beauté,Beauté,,Épilateur électrique polyvalent portable 2 en 1 pour femme,200.0,99.0,51.0,En stock,Oui,0.0,,1,1,0.932,0.51,0.885,1,5.303304908059076,mid-range,4,1,1,1,Premium,3.3898179275048714,1.448411831860928,3
Lhmiza,WooCommerce,Beauté,Beauté,,David Beckham Instinct Gel Douche 200 ml,120.0,69.0,43.0,En stock,Oui,0.0,,1,1,0.9942,0.43,0.8846,1,4.795790545596741,mid-range,4,1,1,1,Premium,3.101864001040232,1.6160385848784036,3
Lhmiza,WooCommerce,Parfums,Parfums,,Chris Adams DX 77 Pour Homme,200.0,109.0,46.0,En stock,Oui,0.0,,1,1,0.967,0.46,0.8838,1,5.303304908059076,mid-range,4,16,1,1,Premium,3.669032569763461,1.4257895931115945,2
Lhmiza,WooCommerce,Montres & Bijoux,Montres & Bijoux,,CURREN 8265 Montre à Quartz pour Homme Noir,400.0,215.0,46.0,En stock,Oui,0.0,,1,1,0.963,0.46,0.8828,1,5.993961427306569,mid-range,4,15,1,1,Premium,3.957282594562821,0.9530330855799742,2
Lhmiza,WooCommerce,Parfums,Parfums,,Adidas Eau de Toilette UEFA Champions Edition Pour Homme 100ml,200.0,111.0,45.0,En stock,Oui,0.0,,1,1,0.967,0.45,0.8818,1,5.303304908059076,mid-range,4,16,1,1,Premium,3.6557844911625663,1.3967588030309182,2
Lhmiza,WooCommerce,Beauté,Beauté,,"Disaar Shampooing Colorant Marron pour Cheveux à base de ginseng et d’huile de serpent, pour Couvrir les Cheveux Gris-blancs",100.0,59.0,41.0,En stock,Oui,0.0,,1,1,0.9981,0.41,0.8815,1,4.61512051684126,low-cost,4,1,1,1,Premium,2.996360645229088,1.6825368009039352,3
Lhmiza,WooCommerce,Beauté,Beauté,,"Disaar Shampooing Colorant pour Cheveux à L’huile D’argan au Collagène, pour Couvrir les Cheveux Gris-blancs",100.0,59.0,41.0,En stock,Oui,0.0,,1,1,0.9981,0.41,0.8815,1,4.61512051684126,low-cost,4,1,1,1,Premium,2.996360645229088,1.6825368009039352,3
Lhmiza,WooCommerce,Montres & Bijoux,Montres & Bijoux,,CURREN 9020 Argenté Montre Femme avec Bracelet en Acier à Quartz Chiffres Romains,400.0,220.0,45.0,En stock,Oui,0.0,,1,1,0.963,0.45,0.8808,1,5.993961427306569,mid-range,4,15,1,1,Premium,3.944034515961927,0.924002295499298,2
Lhmiza,WooCommerce,Montres & Bijoux,Montres & Bijoux,,CURREN 9020 Doré-Noir Montre Femme avec Bracelet en Acier à Quartz Chiffres Romains,400.0,220.0,45.0,En stock,Oui,0.0,,1,1,0.963,0.45,0.8808,1,5.993961427306569,mid-range,4,15,1,1,Premium,3.944034515961927,0.924002295499298,2
Lasolda,WooCommerce,Beauté & Sport,Beauté & Sport,,Boule éponge,29.0,49.0,41.0,En stock,Oui,0.0,,1,1,0.9924,0.41,0.8801,1,3.4011973816621555,low-cost,3,2,1,4,Low-cost,2.06048110796177,2.5883803465375785,3
Lasolda,WooCommerce,Beauté & Sport,Beauté & Sport,,Collier cervical magnétique...,89.0,199.0,55.0,En stock,Oui,0.0,,1,1,0.8779,0.55,0.8795,1,4.499809670330265,low-cost,3,2,1,1,Premium,2.655666562065882,2.1489721878977304,3
Lhmiza,WooCommerce,Parfums,Parfums,,Ulric de Varens Varensia Femme Eau de Parfum 50 ml,200.0,115.0,43.0,En stock,Oui,0.0,,1,1,0.967,0.43,0.8778,1,5.303304908059076,mid-range,4,16,1,1,Premium,3.6292883339607767,1.3386972228695655,2
Lhmiza,WooCommerce,Beauté,Beauté,,Huile Ayurvédique Kesh King Solution Anti-Chute,125.0,75.0,40.0,En stock,Oui,0.0,,1,1,0.9903,0.4,0.8776,1,4.836281906951478,mid-range,4,1,1,1,Premium,3.0773858891642427,1.4979781207948906,3
Lhmiza,WooCommerce,Montres & Bijoux,Montres & Bijoux,,Bracelet en acier inoxydable au design exclusif avec une boussole octogonale,300.0,179.0,40.0,En stock,Oui,0.0,,1,1,0.9887,0.4,0.8772,1,5.707110264748875,mid-range,4,15,1,1,Premium,3.76755287643551,0.995618202411384,2
Lhmiza,WooCommerce,Parfums,Parfums,,Chris Adams CA Man 100ml Pour Homme,150.0,89.0,41.0,En stock,Oui,0.0,,1,1,0.9796,0.41,0.8769,1,5.017279836814924,mid-range,4,16,1,1,Premium,3.482834979294913,1.4842351628158716,2
Lhmiza,WooCommerce,Montres & Bijoux,Montres & Bijoux,,SINOBI 9803 bleu ciel femmes montres à Quartz Design Original petit,400.0,230.0,43.0,En stock,Oui,0.0,,1,1,0.963,0.43,0.8768,1,5.993961427306569,mid-range,4,15,1,1,Premium,3.9175383587601376,0.8659407153379456,2
Lhmiza,WooCommerce,Montres & Bijoux,Montres & Bijoux,,SINOBI 9794 Vert montre de mode Genève concepteur dames montre de luxe marque diamant Quartz or montres cadeaux pour les femmes,400.0,230.0,43.0,En stock,Oui,0.0,,1,1,0.963,0.43,0.8768,1,5.993961427306569,mid-range,4,15,1,1,Premium,3.9175383587601376,0.8659407153379456,2
Lhmiza,WooCommerce,Montres & Bijoux,Montres & Bijoux,,SINOBI 9794 Champagne Or montre de mode Genève concepteur dames montre de luxe marque diamant Quartz,400.0,230.0,43.0,En stock,Oui,0.0,,1,1,0.963,0.43,0.8768,1,5.993961427306569,mid-range,4,15,1,1,Premium,3.9175383587601376,0.8659407153379456,2
Lhmiza,WooCommerce,Beauté,Beauté,,Kit de Manucure 16 en 1 Ensemble de Pédicure Professionnel,180.0,99.0,45.0,En stock,Oui,0.0,,1,1,0.9398,0.45,0.875,1,5.198497031265826,mid-range,4,1,1,1,Premium,3.269015564956952,1.3521353637314966,3
Lhmiza,WooCommerce,Parfums,Parfums,,Mauboussin Promise Me – Déodorant Femme 200 ml,200.0,119.0,41.0,En stock,Oui,0.0,,1,1,0.967,0.41,0.8738,1,5.303304908059076,mid-range,4,16,1,1,Premium,3.6027921767589874,1.280635642708213,2
Lhmiza,WooCommerce,Parfums,Parfums,,Mauboussin Pour Lui – Déodorant Homme 200 ml,200.0,119.0,41.0,En stock,Oui,0.0,,1,1,0.967,0.41,0.8738,1,5.303304908059076,mid-range,4,16,1,1,Premium,3.6027921767589874,1.280635642708213,2
Lhmiza,WooCommerce,Parfums,Parfums,,Mauboussin Private Club – Déodorant Spray Homme 200 ml,200.0,119.0,41.0,En stock,Oui,0.0,,1,1,0.967,0.41,0.8738,1,5.303304908059076,mid-range,4,16,1,1,Premium,3.6027921767589874,1.280635642708213,2
Lhmiza,WooCommerce,Parfums,Parfums,,Mauboussin Cristal Oud – Déodorant Spray Homme 200 ml,200.0,119.0,41.0,En stock,Oui,0.0,,1,1,0.967,0.41,0.8738,1,5.303304908059076,mid-range,4,16,1,1,Premium,3.6027921767589874,1.280635642708213,2
Lhmiza,WooCommerce,Parfums,Parfums,,LifeTime Eau De Parfum Pour Homme,200.0,119.0,41.0,En stock,Oui,0.0,,1,1,0.967,0.41,0.8738,1,5.303304908059076,mid-range,4,16,1,1,Premium,3.6027921767589874,1.280635642708213,2
Lhmiza,WooCommerce,Parfums,Parfums,,Illustrious Deluxe Limited Edition pour Homme de Creation Lamis – Eau de Toilette 100 Ml,200.0,119.0,41.0,En stock,Oui,0.0,,1,1,0.967,0.41,0.8738,1,5.303304908059076,mid-range,4,16,1,1,Premium,3.6027921767589874,1.280635642708213,2
Lhmiza,WooCommerce,Parfums,Parfums,,CA Dreamz Blue pour Homme de Chris Adams – Eau de Parfum 100 ml,200.0,119.0,41.0,En stock,Oui,0.0,,1,1,0.967,0.41,0.8738,1,5.303304908059076,mid-range,4,16,1,1,Premium,3.6027921767589874,1.280635642708213,2
Lhmiza,WooCommerce,Parfums,Parfums,,CA Dreamz pour Homme de Chris Adams – Eau de Parfum 100 ml,200.0,119.0,41.0,En stock,Oui,0.0,,1,1,0.967,0.41,0.8738,1,5.303304908059076,mid-range,4,16,1,1,Premium,3.6027921767589874,1.280635642708213,2
Lhmiza,WooCommerce,Beauté,Beauté,,Tonique Capillaire Balea Men Power Effect Coffein Boost – Anti-Chute et Stimulant,200.0,110.0,45.0,En stock,Oui,0.0,,1,1,0.932,0.45,0.873,1,5.303304908059076,mid-range,4,1,1,1,Premium,3.310329455899504,1.274227091376871,3
Lhmiza,WooCommerce,Beauté,Beauté,,2 Pcs Rouge à Lèvres Magique peel off Kiss Beauty,120.0,76.0,37.0,En stock,Oui,0.0,,1,1,0.9942,0.37,0.8726,1,4.795790545596741,mid-range,4,1,1,1,Premium,3.022375529434864,1.4418538443943465,3
Lhmiza,WooCommerce,Parfums,Parfums,,Viva Luck Femme – Eau de Toilette 100 ML,200.0,120.0,40.0,En stock,Oui,0.0,,1,1,0.967,0.4,0.8718,1,5.303304908059076,mid-range,4,16,1,1,Premium,3.589544098158093,1.251604852627537,2
Lhmiza,WooCommerce,Parfums,Parfums,,Chris Adams CA Dreamz Eau de parfum pour femme,200.0,120.0,40.0,En stock,Oui,0.0,,1,1,0.967,0.4,0.8718,1,5.303304908059076,mid-range,4,16,1,1,Premium,3.589544098158093,1.251604852627537,2
Lhmiza,WooCommerce,Montres & Bijoux,Montres & Bijoux,,Mini Focus MF0159L Bleu Montre à Quartz analogique pour Femme avec Bracelet en Cuir,500.0,250.0,50.0,En stock,Oui,0.0,,1,1,0.8857,0.5,0.8714,1,6.2166061010848646,mid-range,4,15,1,1,Premium,4.051713036321261,0.8457281086565813,2
Lhmiza,WooCommerce,Montres & Bijoux,Montres & Bijoux,,Mini Focus MF0159L Noir Montre à Quartz analogique pour Femme avec Bracelet en Cuir,500.0,250.0,50.0,En stock,Oui,0.0,,1,1,0.8857,0.5,0.8714,1,6.2166061010848646,mid-range,4,15,1,1,Premium,4.051713036321261,0.8457281086565813,2
Lhmiza,WooCommerce,Montres & Bijoux,Montres & Bijoux,,SKMEI 1543 Mode Simple Vert lumineux LED Montre Femme bracelet électronique en acier Argenté,300.0,189.0,37.0,En stock,Oui,0.0,,1,1,0.9887,0.37,0.8712,1,5.707110264748875,mid-range,4,15,1,1,Premium,3.7278086406328255,0.9085258321693552,2
Lhmiza,WooCommerce,Montres & Bijoux,Montres & Bijoux,,SKMEI 1543 Mode Simple Vert lumineux LED Montre Femme bracelet électronique en acier Or,300.0,189.0,37.0,En stock,Oui,0.0,,1,1,0.9887,0.37,0.8712,1,5.707110264748875,mid-range,4,15,1,1,Premium,3.7278086406328255,0.9085258321693552,2
Lhmiza,WooCommerce,Montres & Bijoux,Montres & Bijoux,,SKMEI 1543 Mode Simple Vert lumineux LED Montre Femme bracelet électronique en acier Or Rose,300.0,189.0,37.0,En stock,Oui,0.0,,1,1,0.9887,0.37,0.8712,1,5.707110264748875,mid-range,4,15,1,1,Premium,3.7278086406328255,0.9085258321693552,2
Lasolda,WooCommerce,Beauté & Sport,Beauté & Sport,,Lip Plumper – Rend Le...,89.0,179.0,50.0,En stock,Oui,0.0,,1,1,0.8779,0.5,0.8695,1,4.499809670330265,low-cost,3,2,1,1,Premium,2.5894261690614093,2.00381823749435,3
Lhmiza,WooCommerce,Parfums,Parfums,,Chris Adams CA Classic pour homme 100 ml,150.0,95.0,37.0,En stock,Oui,0.0,,1,1,0.9796,0.37,0.8689,1,5.017279836814924,mid-range,4,16,1,1,Premium,3.4298426648913347,1.368112002493167,2
Lasolda,WooCommerce,Beauté & Sport,Beauté & Sport,,Kit Nettoyage Visage,79.0,149.0,47.0,En stock,Oui,0.0,,1,1,0.8969,0.47,0.8682,1,4.382026634673881,low-cost,3,2,1,1,Premium,2.51075164608964,2.013655143796305,3
Lhmiza,WooCommerce,Parfums,Parfums,,Lonkoom City Classic London Pour Homme 100ml – Eau de Cologne,200.0,125.0,38.0,En stock,Oui,0.0,,1,1,0.967,0.38,0.8678,1,5.303304908059076,mid-range,4,16,1,1,Premium,3.563047940956304,1.1935432724661843,2
Lhmiza,WooCommerce,Parfums,Parfums,,Lonkoom City Amazing New York Pour Femme 100ml – Eau de Parfum,200.0,125.0,38.0,En stock,Oui,0.0,,1,1,0.967,0.38,0.8678,1,5.303304908059076,mid-range,4,16,1,1,Premium,3.563047940956304,1.1935432724661843,2
Lhmiza,WooCommerce,Parfums,Parfums,,CHRIS ADAMS Rebellion Pour Homme – Eau de Toilette – 100 ml,200.0,125.0,38.0,En stock,Oui,0.0,,1,1,0.967,0.38,0.8678,1,5.303304908059076,mid-range,4,16,1,1,Premium,3.563047940956304,1.1935432724661843,2
Lhmiza,WooCommerce,Montres & Bijoux,Montres & Bijoux,,SANDA P206L Marron Montre Femme Simple étanche ceinture en Cuir à Quartz,400.0,250.0,38.0,En stock,Oui,0.0,,1,1,0.963,0.38,0.8668,1,5.993961427306569,mid-range,4,15,1,1,Premium,3.851297965755665,0.7207867649345645,2
Lhmiza,WooCommerce,Montres & Bijoux,Montres & Bijoux,,SANDA P206L Rouge Montre Femme Simple étanche ceinture en Cuir à Quartz,400.0,250.0,38.0,En stock,Oui,0.0,,1,1,0.963,0.38,0.8668,1,5.993961427306569,mid-range,4,15,1,1,Premium,3.851297965755665,0.7207867649345645,2
Lhmiza,WooCommerce,Montres & Bijoux,Montres & Bijoux,,CRRJU 2165 Or Montre analogique à quartz pour femme avec bracelet en acier inoxydable,400.0,250.0,38.0,En stock,Oui,0.0,,1,1,0.963,0.38,0.8668,1,5.993961427306569,mid-range,4,15,1,1,Premium,3.851297965755665,0.7207867649345645,2
Lhmiza,WooCommerce,Montres & Bijoux,Montres & Bijoux,,CRRJU 2165 Rose Montre analogique à quartz pour femme avec bracelet en acier inoxydable,400.0,250.0,38.0,En stock,Oui,0.0,,1,1,0.963,0.38,0.8668,1,5.993961427306569,mid-range,4,15,1,1,Premium,3.851297965755665,0.7207867649345645,2
Lhmiza,WooCommerce,Montres & Bijoux,Montres & Bijoux,,SKMEI 1961 Bronze Noir Montre pour hommes de luxe,400.0,249.0,38.0,En stock,Oui,0.0,,1,1,0.963,0.38,0.8668,1,5.993961427306569,mid-range,4,15,1,1,Premium,3.851297965755665,0.7207867649345645,2
Lhmiza,WooCommerce,Montres & Bijoux,Montres & Bijoux,,MINI FOCUS MF0102G Noir – montre à Quartz en cuir véritable pour hommes chronographe,400.0,250.0,38.0,En stock,Oui,0.0,,1,1,0.963,0.38,0.8668,1,5.993961427306569,mid-range,4,15,1,1,Premium,3.851297965755665,0.7207867649345645,2
Lhmiza,WooCommerce,Montres & Bijoux,Montres & Bijoux,,Fashion DOM LP-205L Blanche Femme Montre-bracelet 30m Étanche Cadran Creux,400.0,250.0,38.0,En stock,Oui,0.0,,1,1,0.963,0.38,0.8668,1,5.993961427306569,mid-range,4,15,1,1,Premium,3.851297965755665,0.7207867649345645,2
Lhmiza,WooCommerce,Montres & Bijoux,Montres & Bijoux,,Parure Xuping Dorée Étoile de Mer Beige Inoxydable,250.0,164.0,34.0,En stock,Oui,0.0,,1,1,0.9952,0.34,0.8668,1,5.525452939131784,mid-range,4,15,1,1,Premium,3.610750679997584,0.9493313644529172,2
Lhmiza,WooCommerce,Montres & Bijoux,Montres & Bijoux,,Parure Xuping Dorée Inoxydable Design Ajouré Chic,250.0,164.0,34.0,En stock,Oui,0.0,,1,1,0.9952,0.34,0.8668,1,5.525452939131784,mid-range,4,15,1,1,Premium,3.610750679997584,0.9493313644529172,2
Lhmiza,WooCommerce,Montres & Bijoux,Montres & Bijoux,,Parure Xuping Dorée Étoile de Mer Bleue Inoxydable,250.0,164.0,34.0,En stock,Oui,0.0,,1,1,0.9952,0.34,0.8668,1,5.525452939131784,mid-range,4,15,1,1,Premium,3.610750679997584,0.9493313644529172,2
Lhmiza,WooCommerce,Montres & Bijoux,Montres & Bijoux,,Parure Xuping Dorée Inoxydable avec Zircons Chaine,250.0,164.0,34.0,En stock,Oui,0.0,,1,1,0.9952,0.34,0.8668,1,5.525452939131784,mid-range,4,15,1,1,Premium,3.610750679997584,0.9493313644529172,2
Lhmiza,WooCommerce,Montres & Bijoux,Montres & Bijoux,,Montre SKMEI 1400 Noir pour femmes,400.0,250.0,38.0,En stock,Oui,0.0,,1,1,0.963,0.38,0.8668,1,5.993961427306569,mid-range,4,15,1,1,Premium,3.851297965755665,0.7207867649345645,2
Lhmiza,WooCommerce,Montres & Bijoux,Montres & Bijoux,,Montre SKMEI 1400 Argenté pour femmes,400.0,250.0,38.0,En stock,Oui,0.0,,1,1,0.963,0.38,0.8668,1,5.993961427306569,mid-range,4,15,1,1,Premium,3.851297965755665,0.7207867649345645,2
Lhmiza,WooCommerce,Montres & Bijoux,Montres & Bijoux,,MINI FOCUS MF0102G Bleu – montre à Quartz en cuir véritable pour hommes chronographe,400.0,250.0,38.0,En stock,Oui,0.0,,1,1,0.963,0.38,0.8668,1,5.993961427306569,mid-range,4,15,1,1,Premium,3.851297965755665,0.7207867649345645,2
Lhmiza,WooCommerce,Montres & Bijoux,Montres & Bijoux,,SINOBI pour dames Argenté Noir en acier inoxydable montre élégante de luxe nouvelle montre à Quartz pour femmes,400.0,250.0,38.0,En stock,Oui,0.0,,1,1,0.963,0.38,0.8668,1,5.993961427306569,mid-range,4,15,1,1,Premium,3.851297965755665,0.7207867649345645,2
Lhmiza,WooCommerce,Montres & Bijoux,Montres & Bijoux,,SANDA P206L Rose Montre Femme Simple étanche ceinture en Cuir à Quartz,400.0,250.0,38.0,En stock,Oui,0.0,,1,1,0.963,0.38,0.8668,1,5.993961427306569,mid-range,4,15,1,1,Premium,3.851297965755665,0.7207867649345645,2
Lhmiza,WooCommerce,Montres & Bijoux,Montres & Bijoux,,SANDA P206L Grenat Montre Femme Simple étanche ceinture en Cuir à Quartz,400.0,250.0,38.0,En stock,Oui,0.0,,1,1,0.963,0.38,0.8668,1,5.993961427306569,mid-range,4,15,1,1,Premium,3.851297965755665,0.7207867649345645,2
Lhmiza,WooCommerce,Montres & Bijoux,Montres & Bijoux,,Fashion DOM LP-205L Noir Femme Montre-bracelet 30m Étanche Cadran Creux,400.0,250.0,38.0,En stock,Oui,0.0,,1,1,0.963,0.38,0.8668,1,5.993961427306569,mid-range,4,15,1,1,Premium,3.851297965755665,0.7207867649345645,2
Lhmiza,WooCommerce,Montres & Bijoux,Montres & Bijoux,,Fashion DOM LP-205L Rouge Femme Montre-bracelet 30m Étanche Cadran Creux,400.0,250.0,38.0,En stock,Oui,0.0,,1,1,0.963,0.38,0.8668,1,5.993961427306569,mid-range,4,15,1,1,Premium,3.851297965755665,0.7207867649345645,2
Lhmiza,WooCommerce,Montres & Bijoux,Montres & Bijoux,,SANDA P206L Blanche Montre Femme Simple étanche ceinture en Cuir à Quartz,400.0,250.0,38.0,En stock,Oui,0.0,,1,1,0.963,0.38,0.8668,1,5.993961427306569,mid-range,4,15,1,1,Premium,3.851297965755665,0.7207867649345645,2
Lasolda,WooCommerce,Automobile et bricolage,Automobile et bricolage,,Pompes De Gonflage Manuelle...,59.0,99.0,40.0,En stock,Oui,0.0,,1,1,0.9455,0.4,0.8664,1,4.0943445622221,low-cost,3,0,1,4,Low-cost,2.282658202489411,2.038089337741152,3
Lhmiza,WooCommerce,Montres & Bijoux,Montres & Bijoux,,CURREN 8303 Montre à quartz pour homme avec bande d’acier ultra-mince – Vert,300.0,199.0,34.0,En stock,Oui,0.0,,1,1,0.9887,0.34,0.8652,1,5.707110264748875,mid-range,4,15,1,1,Premium,3.688064404830143,0.8214334619273269,2
Lhmiza,WooCommerce,Montres & Bijoux,Montres & Bijoux,,CURREN 8303 Montre à quartz pour homme avec bande d’acier ultra-mince – Noir,300.0,199.0,34.0,En stock,Oui,0.0,,1,1,0.9887,0.34,0.8652,1,5.707110264748875,mid-range,4,15,1,1,Premium,3.688064404830143,0.8214334619273269,2
Lhmiza,WooCommerce,Montres & Bijoux,Montres & Bijoux,,CADVAN C8805 Argenté Bleu Montre Décontractée de Luxe pour Homme en Acier Inoxydable,300.0,199.0,34.0,En stock,Oui,0.0,,1,1,0.9887,0.34,0.8652,1,5.707110264748875,mid-range,4,15,1,1,Premium,3.688064404830143,0.8214334619273269,2
Lhmiza,WooCommerce,Beauté,Beauté,,BIANNA Crème Profondément Hydratante au Thé Vert et au Bambou,150.0,99.0,34.0,En stock,Oui,0.0,,1,1,0.9883,0.34,0.8651,1,5.017279836814924,mid-range,4,1,1,1,Premium,3.078276005969191,1.2005430404154065,3
Lhmiza,WooCommerce,Beauté,Beauté,,BIANNA Gommage Pour Le Visage à l’Abricot Doux,150.0,99.0,34.0,En stock,Oui,0.0,,1,1,0.9883,0.34,0.8651,1,5.017279836814924,mid-range,4,1,1,1,Premium,3.078276005969191,1.2005430404154065,3
Lhmiza,WooCommerce,Beauté,Beauté,,Shampooing Colorant COSMO Dark Brown,150.0,99.0,34.0,En stock,Oui,0.0,,1,1,0.9883,0.34,0.8651,1,5.017279836814924,mid-range,4,1,1,1,Premium,3.078276005969191,1.2005430404154065,3
Lhmiza,WooCommerce,Beauté,Beauté,,BIANNA Gommage Irrésistible Pour le Visage a La mûre,150.0,99.0,34.0,En stock,Oui,0.0,,1,1,0.9883,0.34,0.8651,1,5.017279836814924,mid-range,4,1,1,1,Premium,3.078276005969191,1.2005430404154065,3
Lhmiza,WooCommerce,Beauté,Beauté,,BIANNA MICELLAIRE H2O au Thé Vert et au Bambou Nettoyant en Douceur,150.0,99.0,34.0,En stock,Oui,0.0,,1,1,0.9883,0.34,0.8651,1,5.017279836814924,mid-range,4,1,1,1,Premium,3.078276005969191,1.2005430404154065,3
Lhmiza,WooCommerce,Beauté,Beauté,,BIANNA TONIQUE VISAGE au Thé Vert et au Bambou Solution Efficace,150.0,99.0,34.0,En stock,Oui,0.0,,1,1,0.9883,0.34,0.8651,1,5.017279836814924,mid-range,4,1,1,1,Premium,3.078276005969191,1.2005430404154065,3
Lhmiza,WooCommerce,Beauté,Beauté,,BIANNA Gommage Pour Le Visage Océan Brézé,150.0,99.0,34.0,En stock,Oui,0.0,,1,1,0.9883,0.34,0.8651,1,5.017279836814924,mid-range,4,1,1,1,Premium,3.078276005969191,1.2005430404154065,3
Lhmiza,WooCommerce,Beauté,Beauté,,Shampooing Colorant COSMO Natural Black,150.0,99.0,34.0,En stock,Oui,0.0,,1,1,0.9883,0.34,0.8651,1,5.017279836814924,mid-range,4,1,1,1,Premium,3.078276005969191,1.2005430404154065,3
Lhmiza,WooCommerce,Beauté,Beauté,,BIANNA MASQUE FACIAL à L’Argile Matifiante au Thé Vert et au Bambou,150.0,99.0,34.0,En stock,Oui,0.0,,1,1,0.9883,0.34,0.8651,1,5.017279836814924,mid-range,4,1,1,1,Premium,3.078276005969191,1.2005430404154065,3
Lhmiza,WooCommerce,Beauté,Beauté,,Kemei KM-929 Tondeuse Pro Silence Multifonction USB,200.0,119.0,41.0,En stock,Oui,0.0,,1,1,0.932,0.41,0.865,1,5.303304908059076,mid-range,4,1,1,1,Premium,3.2573371414959253,1.158103931054166,3
Lhmiza,WooCommerce,Beauté,Beauté,,Rich Dame Curl à la Crème – Custard Définisseur de Boucles Naturelles 500g,200.0,119.0,41.0,En stock,Oui,0.0,,1,1,0.932,0.41,0.865,1,5.303304908059076,mid-range,4,1,1,1,Premium,3.2573371414959253,1.158103931054166,3
Lhmiza,WooCommerce,Beauté,Beauté,,Gold Caviar Protein – Lissage Réparateur Luxueux par TUNOUS Beauty Salon 100 ml,200.0,119.0,41.0,En stock,Oui,0.0,,1,1,0.932,0.41,0.865,1,5.303304908059076,mid-range,4,1,1,1,Premium,3.2573371414959253,1.158103931054166,3
Lhmiza,WooCommerce,Beauté,Beauté,,Tondeuse Professionnelle HTC AT-119,200.0,118.0,41.0,En stock,Oui,0.0,,1,1,0.932,0.41,0.865,1,5.303304908059076,mid-range,4,1,1,1,Premium,3.2573371414959253,1.158103931054166,3
Lhmiza,WooCommerce,Beauté,Beauté,,Lissage Brésilien Black Caviar Protein 0% Formaldéhyde – 135ml,200.0,118.0,41.0,En stock,Oui,0.0,,1,1,0.932,0.41,0.865,1,5.303304908059076,mid-range,4,1,1,1,Premium,3.2573371414959253,1.158103931054166,3
Lhmiza,WooCommerce,Beauté,Beauté,,Diamond Protein – Lissage à la Protéine Premium par TUNOUS Beauty Salon 100 ml,200.0,119.0,41.0,En stock,Oui,0.0,,1,1,0.932,0.41,0.865,1,5.303304908059076,mid-range,4,1,1,1,Premium,3.2573371414959253,1.158103931054166,3
Lhmiza,WooCommerce,Beauté,Beauté,,Organic Protein – Lissage Naturel et Réparateur par TUNOUS Beauty Salon 100 ml,200.0,119.0,41.0,En stock,Oui,0.0,,1,1,0.932,0.41,0.865,1,5.303304908059076,mid-range,4,1,1,1,Premium,3.2573371414959253,1.158103931054166,3
Lhmiza,WooCommerce,Parfums,Parfums,,Ghost Eau de Parfum pour Homme 100 ml,200.0,129.0,36.0,En stock,Oui,0.0,,1,1,0.967,0.36,0.8638,1,5.303304908059076,mid-range,4,16,1,1,Premium,3.536551783754515,1.1354816923048323,2
Lasolda,WooCommerce,Beauté & Sport,Beauté & Sport,,Soutien Correcteur De Postu...,99.0,199.0,50.0,En stock,Oui,0.0,,1,1,0.855,0.5,0.8638,1,4.605170185988092,low-cost,3,2,1,1,Premium,2.619677359017906,1.911393669941928,3
Lhmiza,WooCommerce,Parfums,Parfums,,Chris Adams Active Man 100ml,150.0,99.0,34.0,En stock,Oui,0.0,,1,1,0.9796,0.34,0.8629,1,5.017279836814924,mid-range,4,16,1,1,Premium,3.3900984290886504,1.2810196322511385,2
Lasolda,WooCommerce,Maison,Maison,,Boîte Multi Rangements En T...,99.0,149.0,34.0,En stock,Oui,0.0,,1,1,0.9681,0.34,0.86,1,4.605170185988092,low-cost,3,13,1,1,Premium,2.7275324489676747,1.6198993146806484,2
Lasolda,WooCommerce,Maison,Maison,,Lampe solaire détecteur de ...,99.0,149.0,34.0,En stock,Oui,0.0,,1,1,0.9681,0.34,0.86,1,4.605170185988092,low-cost,3,13,1,1,Premium,2.7275324489676747,1.6198993146806484,2
Lhmiza,WooCommerce,Montres & Bijoux,Montres & Bijoux,,MF Mini Focus MF0291L Bronze Montre pour Femme en métal avec bracelet en maille métallique,500.0,280.0,44.0,En stock,Oui,0.0,,1,1,0.8857,0.44,0.8594,1,6.2166061010848646,mid-range,4,15,1,1,Premium,3.972224564715893,0.6715433681725245,2
Lhmiza,WooCommerce,Montres & Bijoux,Montres & Bijoux,,MF Mini Focus MF0291L Argenté Montre pour Femme en métal avec bracelet en maille métallique,500.0,280.0,44.0,En stock,Oui,0.0,,1,1,0.8857,0.44,0.8594,1,6.2166061010848646,mid-range,4,15,1,1,Premium,3.972224564715893,0.6715433681725245,2
Lhmiza,WooCommerce,Montres & Bijoux,Montres & Bijoux,,MF Mini Focus MF0291L Bleu Montre pour Femme en métal avec bracelet en maille métallique,500.0,280.0,44.0,En stock,Oui,0.0,,1,1,0.8857,0.44,0.8594,1,6.2166061010848646,mid-range,4,15,1,1,Premium,3.972224564715893,0.6715433681725245,2
Lhmiza,WooCommerce,Montres & Bijoux,Montres & Bijoux,,Mini Focus MF0330L Bleu Montre à Quartz pour Femme Cadran Paon Bracelet en Cuir véritable,500.0,280.0,44.0,En stock,Oui,0.0,,1,1,0.8857,0.44,0.8594,1,6.2166061010848646,mid-range,4,15,1,1,Premium,3.972224564715893,0.6715433681725245,2
Lhmiza,WooCommerce,Montres & Bijoux,Montres & Bijoux,,MF Mini Focus MF0291L Dorée Montre pour Femme en métal avec bracelet en maille métallique,500.0,280.0,44.0,En stock,Oui,0.0,,1,1,0.8857,0.44,0.8594,1,6.2166061010848646,mid-range,4,15,1,1,Premium,3.972224564715893,0.6715433681725245,2
Lhmiza,WooCommerce,Montres & Bijoux,Montres & Bijoux,,Mini Focus MF0330L Marron Montre à Quartz pour Femme Cadran Paon Bracelet en Cuir véritable,500.0,280.0,44.0,En stock,Oui,0.0,,1,1,0.8857,0.44,0.8594,1,6.2166061010848646,mid-range,4,15,1,1,Premium,3.972224564715893,0.6715433681725245,2
Lhmiza,WooCommerce,Montres & Bijoux,Montres & Bijoux,,Mini Focus MF0330L Blanche Montre à Quartz pour Femme Cadran Paon Bracelet en Cuir véritable,500.0,280.0,44.0,En stock,Oui,0.0,,1,1,0.8857,0.44,0.8594,1,6.2166061010848646,mid-range,4,15,1,1,Premium,3.972224564715893,0.6715433681725245,2
Lhmiza,WooCommerce,Montres & Bijoux,Montres & Bijoux,,Mini Focus MF0330L Noir Montre à Quartz pour Femme Cadran Paon Bracelet en Cuir véritable,500.0,280.0,44.0,En stock,Oui,0.0,,1,1,0.8857,0.44,0.8594,1,6.2166061010848646,mid-range,4,15,1,1,Premium,3.972224564715893,0.6715433681725245,2
Lhmiza,WooCommerce,Beauté,Beauté,,Brown Hair Shampoo 3 en 1 – Coloration Brune Rapide pour Cheveux Gris Sans Ammoniaque,200.0,125.0,38.0,En stock,Oui,0.0,,1,1,0.932,0.38,0.859,1,5.303304908059076,mid-range,4,1,1,1,Premium,3.217592905693242,1.0710115608121376,3
Lhmiza,WooCommerce,Beauté,Beauté,,Tondeuse Rechargeable HTC AT-588,200.0,125.0,38.0,En stock,Oui,0.0,,1,1,0.932,0.38,0.859,1,5.303304908059076,mid-range,4,1,1,1,Premium,3.217592905693242,1.0710115608121376,3
Lhmiza,WooCommerce,Montres & Bijoux,Montres & Bijoux,,Mini Focus MF0226L Montres à Quartz pour Femme avec Mouvement Japonais Bracelet en Acier Inoxydable Étanche Bleu,500.0,285.0,43.0,En stock,Oui,0.0,,1,1,0.8857,0.43,0.8574,1,6.2166061010848646,mid-range,4,15,1,1,Premium,3.958976486114999,0.6425125780918484,2
Lhmiza,WooCommerce,Montres & Bijoux,Montres & Bijoux,,MINI FOCUS MF0120L Montre Pour Femmes Design Unique à Quartz analogique Bracelet en Acier Inoxydable Bronze,500.0,285.0,43.0,En stock,Oui,0.0,,1,1,0.8857,0.43,0.8574,1,6.2166061010848646,mid-range,4,15,1,1,Premium,3.958976486114999,0.6425125780918484,2
Lhmiza,WooCommerce,Montres & Bijoux,Montres & Bijoux,,Mini Focus MF0226L Montres à Quartz pour Femme avec Mouvement Japonais Bracelet en Acier Inoxydable Étanche Bronze,500.0,285.0,43.0,En stock,Oui,0.0,,1,1,0.8857,0.43,0.8574,1,6.2166061010848646,mid-range,4,15,1,1,Premium,3.958976486114999,0.6425125780918484,2
Lhmiza,WooCommerce,Montres & Bijoux,Montres & Bijoux,,Mini Focus MF0226L Montres à Quartz pour Femme avec Mouvement Japonais Bracelet en Acier Inoxydable Étanche Or,500.0,285.0,43.0,En stock,Oui,0.0,,1,1,0.8857,0.43,0.8574,1,6.2166061010848646,mid-range,4,15,1,1,Premium,3.958976486114999,0.6425125780918484,2
Lhmiza,WooCommerce,Montres & Bijoux,Montres & Bijoux,,MINI FOCUS MF0120L Montre Pour Femmes Design Unique à Quartz analogique Bracelet en Acier Inoxydable Bleu,500.0,285.0,43.0,En stock,Oui,0.0,,1,1,0.8857,0.43,0.8574,1,6.2166061010848646,mid-range,4,15,1,1,Premium,3.958976486114999,0.6425125780918484,2
Lhmiza,WooCommerce,Montres & Bijoux,Montres & Bijoux,,Mini Focus MF0226L Montres à Quartz pour Femme avec Mouvement Japonais Bracelet en Acier Inoxydable Étanche Argenté,500.0,285.0,43.0,En stock,Oui,0.0,,1,1,0.8857,0.43,0.8574,1,6.2166061010848646,mid-range,4,15,1,1,Premium,3.958976486114999,0.6425125780918484,2
Lhmiza,WooCommerce,Montres & Bijoux,Montres & Bijoux,,MINI FOCUS MF0120L Montre Pour Femmes Design Unique à Quartz analogique Bracelet en Acier Inoxydable Noir,500.0,285.0,43.0,En stock,Oui,0.0,,1,1,0.8857,0.43,0.8574,1,6.2166061010848646,mid-range,4,15,1,1,Premium,3.958976486114999,0.6425125780918484,2
Lhmiza,WooCommerce,Montres & Bijoux,Montres & Bijoux,,CURREN 8302 Homme Date Quartz Montre Affichage Ultra-mince Dial – Blanc,400.0,269.0,33.0,En stock,Oui,0.0,,1,1,0.963,0.33,0.8568,1,5.993961427306569,mid-range,4,15,1,1,Premium,3.785057572751192,0.5756328145311838,2
Lhmiza,WooCommerce,Montres & Bijoux,Montres & Bijoux,,CURREN 8302 Homme Date Quartz Montre Affichage Ultra-mince Dial – Noir,400.0,269.0,33.0,En stock,Oui,0.0,,1,1,0.963,0.33,0.8568,1,5.993961427306569,mid-range,4,15,1,1,Premium,3.785057572751192,0.5756328145311838,2
Lhmiza,WooCommerce,Beauté,Beauté,,"Kit Soin Cheveux Professionnel Diamond Bleu – Hydratation, Réparation & Brillance",200.0,129.0,36.0,En stock,Oui,0.0,,1,1,0.932,0.36,0.855,1,5.303304908059076,mid-range,4,1,1,1,Premium,3.1910967484914523,1.0129499806507851,3
Lhmiza,WooCommerce,Beauté,Beauté,,SKALA Expert Divino Potão – Traitement Bouclage et Hydratation,200.0,129.0,36.0,En stock,Oui,0.0,,1,1,0.932,0.36,0.855,1,5.303304908059076,mid-range,4,1,1,1,Premium,3.1910967484914523,1.0129499806507851,3
Lhmiza,WooCommerce,Beauté,Beauté,,SKALA Expert Maionese Capilar Nutritiva – Crème 2-en-1 Hydratation et Nutrition,200.0,129.0,36.0,En stock,Oui,0.0,,1,1,0.932,0.36,0.855,1,5.303304908059076,mid-range,4,1,1,1,Premium,3.1910967484914523,1.0129499806507851,3
Lhmiza,WooCommerce,Beauté,Beauté,,SKALA Expert Babosa Aloe Vera – Traitement Bouclage et Hydratation,200.0,129.0,36.0,En stock,Oui,0.0,,1,1,0.932,0.36,0.855,1,5.303304908059076,mid-range,4,1,1,1,Premium,3.1910967484914523,1.0129499806507851,3
Lhmiza,WooCommerce,Beauté,Beauté,,KOYO Shampoing Colorant au Cresson – Brun Foncé 420ml,200.0,129.0,36.0,En stock,Oui,0.0,,1,1,0.932,0.36,0.855,1,5.303304908059076,mid-range,4,1,1,1,Premium,3.1910967484914523,1.0129499806507851,3
Lhmiza,WooCommerce,Beauté,Beauté,,Tondeuse Professionnelle VGR V-075 — Édition Limitée,200.0,129.0,36.0,En stock,Oui,0.0,,1,1,0.932,0.36,0.855,1,5.303304908059076,mid-range,4,1,1,1,Premium,3.1910967484914523,1.0129499806507851,3
Lhmiza,WooCommerce,Beauté,Beauté,,SKALA Expert Dona Skala – Traitement 2-en-1 Bouclage et Hydratation,200.0,129.0,36.0,En stock,Oui,0.0,,1,1,0.932,0.36,0.855,1,5.303304908059076,mid-range,4,1,1,1,Premium,3.1910967484914523,1.0129499806507851,3
Lhmiza,WooCommerce,Beauté,Beauté,,Set de Ventouses Anti-Cellulite 4 Pièces,200.0,129.0,36.0,En stock,Oui,0.0,,1,1,0.932,0.36,0.855,1,5.303304908059076,mid-range,4,1,1,1,Premium,3.1910967484914523,1.0129499806507851,3
Lhmiza,WooCommerce,Beauté,Beauté,,SKALA Expert Mais Crespinhos – Crème 2-en-1 pour Hydratation et Bouclage,200.0,129.0,36.0,En stock,Oui,0.0,,1,1,0.932,0.36,0.855,1,5.303304908059076,mid-range,4,1,1,1,Premium,3.1910967484914523,1.0129499806507851,3
Lhmiza,WooCommerce,Beauté,Beauté,,Brunka Lisa India – Shampoo & Masque Réparateur Hydratant,200.0,129.0,36.0,En stock,Oui,0.0,,1,1,0.932,0.36,0.855,1,5.303304908059076,mid-range,4,1,1,1,Premium,3.1910967484914523,1.0129499806507851,3
Lhmiza,WooCommerce,Beauté,Beauté,,Shampoing Colorant KOYO au Cresson – Noir Naturel 420ml,200.0,129.0,36.0,En stock,Oui,0.0,,1,1,0.932,0.36,0.855,1,5.303304908059076,mid-range,4,1,1,1,Premium,3.1910967484914523,1.0129499806507851,3
Lhmiza,WooCommerce,Beauté,Beauté,,SKALA Expert Gelatina Capilar Mais Cachos – Gel Capillaire Légèreté,200.0,129.0,36.0,En stock,Oui,0.0,,1,1,0.932,0.36,0.855,1,5.303304908059076,mid-range,4,1,1,1,Premium,3.1910967484914523,1.0129499806507851,3
Lhmiza,WooCommerce,Beauté,Beauté,,SKALA Expert Potão do Amor – Traitement 2-en-1 Bouclage et Hydratation,200.0,129.0,36.0,En stock,Oui,0.0,,1,1,0.932,0.36,0.855,1,5.303304908059076,mid-range,4,1,1,1,Premium,3.1910967484914523,1.0129499806507851,3
Lhmiza,WooCommerce,Beauté,Beauté,,SKALA Expert Traitement 2-en-1 Crespinhos Divino Kids – Bouclage et Hydratation Supérieurs,200.0,129.0,36.0,En stock,Oui,0.0,,1,1,0.932,0.36,0.855,1,5.303304908059076,mid-range,4,1,1,1,Premium,3.1910967484914523,1.0129499806507851,3
Lhmiza,WooCommerce,Beauté,Beauté,,SKALA Traitement 2-en-1 Mais Cachinhos – Le Meilleur Soin Cheveux Enfants,200.0,129.0,36.0,En stock,Oui,0.0,,1,1,0.932,0.36,0.855,1,5.303304908059076,mid-range,4,1,1,1,Premium,3.1910967484914523,1.0129499806507851,3
Lhmiza,WooCommerce,Beauté,Beauté,,Vichy Dercos Technique – Shampooing Énergisant Anti-Chute – 200 ml,200.0,129.0,36.0,En stock,Oui,0.0,,1,1,0.932,0.36,0.855,1,5.303304908059076,mid-range,4,1,1,1,Premium,3.1910967484914523,1.0129499806507851,3
Lhmiza,WooCommerce,Parfums,Parfums,,Parfum Master Essence Platinum Masculino Pour Homme Nouvelle Marque EDT 100ml,200.0,139.0,31.0,En stock,Oui,0.0,,1,1,0.967,0.31,0.8538,1,5.303304908059076,mid-range,4,16,1,1,Premium,3.4703113907500414,0.9903277419014512,2
Lhmiza,WooCommerce,Parfums,Parfums,,Prestige Sweetie Eau de Parfum Pour Femme 100ml de New Brand,200.0,139.0,31.0,En stock,Oui,0.0,,1,1,0.967,0.31,0.8538,1,5.303304908059076,mid-range,4,16,1,1,Premium,3.4703113907500414,0.9903277419014512,2
Lasolda,WooCommerce,Beauté & Sport,Beauté & Sport,,Soutien correcteur posture ...,99.0,179.0,45.0,En stock,Oui,0.0,,1,1,0.855,0.45,0.8538,1,4.605170185988092,low-cost,3,2,1,1,Premium,2.5534369660134324,1.766239719538547,3
Lhmiza,WooCommerce,Parfums,Parfums,,NB Prestige – Volcano – Eau de toilette pour homme – 100 ml,200.0,139.0,31.0,En stock,Oui,0.0,,1,1,0.967,0.31,0.8538,1,5.303304908059076,mid-range,4,16,1,1,Premium,3.4703113907500414,0.9903277419014512,2
Lhmiza,WooCommerce,Parfums,Parfums,,Princess Charming Pour Femme de New Brand Eau de Parfum 100ml,200.0,139.0,31.0,En stock,Oui,0.0,,1,1,0.967,0.31,0.8538,1,5.303304908059076,mid-range,4,16,1,1,Premium,3.4703113907500414,0.9903277419014512,2
Lhmiza,WooCommerce,Parfums,Parfums,,Extasia Black pour homme EDT 100ml,200.0,139.0,31.0,En stock,Oui,0.0,,1,1,0.967,0.31,0.8538,1,5.303304908059076,mid-range,4,16,1,1,Premium,3.4703113907500414,0.9903277419014512,2
Lhmiza,WooCommerce,Montres & Bijoux,Montres & Bijoux,,Parure Xuping Dorée Inoxydable Cercle Sculpté Élégant,300.0,215.0,28.0,En stock,Oui,0.0,,1,1,0.9887,0.28,0.8532,1,5.707110264748875,mid-range,4,15,1,1,Premium,3.608575933224775,0.6472487214432696,2
Lhmiza,WooCommerce,Montres & Bijoux,Montres & Bijoux,,Parure Xuping Dorée Inoxydable avec Zircons Tressés,300.0,215.0,28.0,En stock,Oui,0.0,,1,1,0.9887,0.28,0.8532,1,5.707110264748875,mid-range,4,15,1,1,Premium,3.608575933224775,0.6472487214432696,2
Lhmiza,WooCommerce,Montres & Bijoux,Montres & Bijoux,,Parure Xuping Dorée Inoxydable avec Zircons Luxueux,300.0,215.0,28.0,En stock,Oui,0.0,,1,1,0.9887,0.28,0.8532,1,5.707110264748875,mid-range,4,15,1,1,Premium,3.608575933224775,0.6472487214432696,2
Lhmiza,WooCommerce,Montres & Bijoux,Montres & Bijoux,,Parure Xuping Acier Inoxydable Doré Zircon – Élégance,300.0,215.0,28.0,En stock,Oui,0.0,,1,1,0.9887,0.28,0.8532,1,5.707110264748875,mid-range,4,15,1,1,Premium,3.608575933224775,0.6472487214432696,2
Lhmiza,WooCommerce,Montres & Bijoux,Montres & Bijoux,,Parure Xuping Dorée Inoxydable avec Zircons Éclatants,300.0,215.0,28.0,En stock,Oui,0.0,,1,1,0.9887,0.28,0.8532,1,5.707110264748875,mid-range,4,15,1,1,Premium,3.608575933224775,0.6472487214432696,2
Lhmiza,WooCommerce,Montres & Bijoux,Montres & Bijoux,,Parure Xuping Inoxydable Dorée avec Zircons Modernes,300.0,215.0,28.0,En stock,Oui,0.0,,1,1,0.9887,0.28,0.8532,1,5.707110264748875,mid-range,4,15,1,1,Premium,3.608575933224775,0.6472487214432696,2
Lhmiza,WooCommerce,Beauté,Beauté,,Shakebar Shampooing Réparateur & Hydratant 300ml,150.0,108.0,28.0,En stock,Oui,0.0,,1,1,0.9883,0.28,0.8531,1,5.017279836814924,mid-range,4,1,1,1,Premium,2.9987875343638235,1.0263582999313494,3
Lhmiza,WooCommerce,Beauté,Beauté,,Shakebar Shampooing Boucles & Éclat Hydratant 300ml,150.0,108.0,28.0,En stock,Oui,0.0,,1,1,0.9883,0.28,0.8531,1,5.017279836814924,mid-range,4,1,1,1,Premium,2.9987875343638235,1.0263582999313494,3
Lhmiza,WooCommerce,Beauté,Beauté,,Shakebar Shampooing Volume & Énergie Cheveux 300ml,150.0,108.0,28.0,En stock,Oui,0.0,,1,1,0.9883,0.28,0.8531,1,5.017279836814924,mid-range,4,1,1,1,Premium,2.9987875343638235,1.0263582999313494,3
Lhmiza,WooCommerce,Beauté,Beauté,,Shakebar Shampooing Protection Couleur & Éclat 300ml,150.0,108.0,28.0,En stock,Oui,0.0,,1,1,0.9883,0.28,0.8531,1,5.017279836814924,mid-range,4,1,1,1,Premium,2.9987875343638235,1.0263582999313494,3
Lhmiza,WooCommerce,Beauté,Beauté,,Shakebar Shampooing Nourrissant & Brillance 300ml,150.0,108.0,28.0,En stock,Oui,0.0,,1,1,0.9883,0.28,0.8531,1,5.017279836814924,mid-range,4,1,1,1,Premium,2.9987875343638235,1.0263582999313494,3
Lhmiza,WooCommerce,Montres & Bijoux,Montres & Bijoux,,Collier avec grande chaîne à ailes pour femmes,200.0,148.0,26.0,En stock,Oui,0.0,,1,1,0.9984,0.26,0.8516,1,5.303304908059076,mid-range,4,15,1,1,Premium,3.4066829808957,0.8690688535886734,2
Lhmiza,WooCommerce,Montres & Bijoux,Montres & Bijoux,,"MINI FOCUS 0424 Noir montre de luxe pour femmes, marque supérieure, décontractée, bracelet en maille et acier, cadran diamant",500.0,299.0,40.0,En stock,Oui,0.0,,1,1,0.8857,0.4,0.8514,1,6.2166061010848646,mid-range,4,15,1,1,Premium,3.9192322503123145,0.5554202078498197,2
Lhmiza,WooCommerce,Montres & Bijoux,Montres & Bijoux,,"MINI FOCUS 0424 Bronze montre de luxe pour femmes, marque supérieure, décontractée, bracelet en maille et acier, cadran diamant",500.0,299.0,40.0,En stock,Oui,0.0,,1,1,0.8857,0.4,0.8514,1,6.2166061010848646,mid-range,4,15,1,1,Premium,3.9192322503123145,0.5554202078498197,2
Lhmiza,WooCommerce,Montres & Bijoux,Montres & Bijoux,,"MINI FOCUS 0424 Bleu montre de luxe pour femmes, marque supérieure, décontractée, bracelet en maille et acier, cadran diamant",500.0,299.0,40.0,En stock,Oui,0.0,,1,1,0.8857,0.4,0.8514,1,6.2166061010848646,mid-range,4,15,1,1,Premium,3.9192322503123145,0.5554202078498197,2
Lhmiza,WooCommerce,Montres & Bijoux,Montres & Bijoux,,CURREN 8440 Argenté Noir Montre pour homme avec fonction chronographe à mouvement quartz,500.0,299.0,40.0,En stock,Oui,0.0,,1,1,0.8857,0.4,0.8514,1,6.2166061010848646,mid-range,4,15,1,1,Premium,3.9192322503123145,0.5554202078498197,2
Lhmiza,WooCommerce,Montres & Bijoux,Montres & Bijoux,,CURREN 8440 Doré Montre pour homme avec fonction chronographe à mouvement quartz,500.0,299.0,40.0,En stock,Oui,0.0,,1,1,0.8857,0.4,0.8514,1,6.2166061010848646,mid-range,4,15,1,1,Premium,3.9192322503123145,0.5554202078498197,2
Lhmiza,WooCommerce,Montres & Bijoux,Montres & Bijoux,,MINI FOCUS MF0425L Bleu Montre Étanche pour Femme Bracelet en Acier,500.0,299.0,40.0,En stock,Oui,0.0,,1,1,0.8857,0.4,0.8514,1,6.2166061010848646,mid-range,4,15,1,1,Premium,3.9192322503123145,0.5554202078498197,2
Lhmiza,WooCommerce,Montres & Bijoux,Montres & Bijoux,,MINI FOCUS MF0425L Noir Montre Étanche pour Femme Bracelet en Acier,500.0,299.0,40.0,En stock,Oui,0.0,,1,1,0.8857,0.4,0.8514,1,6.2166061010848646,mid-range,4,15,1,1,Premium,3.9192322503123145,0.5554202078498197,2
Lhmiza,WooCommerce,Montres & Bijoux,Montres & Bijoux,,MINI FOCUS MF0307L Argenté Montre Étanche pour Femme Bracelet en Acier,500.0,299.0,40.0,En stock,Oui,0.0,,1,1,0.8857,0.4,0.8514,1,6.2166061010848646,mid-range,4,15,1,1,Premium,3.9192322503123145,0.5554202078498197,2
Lhmiza,WooCommerce,Montres & Bijoux,Montres & Bijoux,,MINI FOCUS MF0425L Argenté Montre Étanche pour Femme Bracelet en Acier,500.0,299.0,40.0,En stock,Oui,0.0,,1,1,0.8857,0.4,0.8514,1,6.2166061010848646,mid-range,4,15,1,1,Premium,3.9192322503123145,0.5554202078498197,2
Lhmiza,WooCommerce,Montres & Bijoux,Montres & Bijoux,,MINI FOCUS MF0307L Bronze Montre Étanche pour Femme Bracelet en Acier,500.0,299.0,40.0,En stock,Oui,0.0,,1,1,0.8857,0.4,0.8514,1,6.2166061010848646,mid-range,4,15,1,1,Premium,3.9192322503123145,0.5554202078498197,2
Lhmiza,WooCommerce,Montres & Bijoux,Montres & Bijoux,,CURREN 8440 Argenté Bleu Montre pour homme avec fonction chronographe à mouvement quartz,500.0,299.0,40.0,En stock,Oui,0.0,,1,1,0.8857,0.4,0.8514,1,6.2166061010848646,mid-range,4,15,1,1,Premium,3.9192322503123145,0.5554202078498197,2
Lhmiza,WooCommerce,Montres & Bijoux,Montres & Bijoux,,MINI FOCUS MF0335L Bronze Montre Femmes bracelet en acier inoxydable montre à Quartz mode,500.0,299.0,40.0,En stock,Oui,0.0,,1,1,0.8857,0.4,0.8514,1,6.2166061010848646,mid-range,4,15,1,1,Premium,3.9192322503123145,0.5554202078498197,2
Lhmiza,WooCommerce,Montres & Bijoux,Montres & Bijoux,,"MINI FOCUS MF0031L Argenté Montre de luxe pour femmes, bracelet en acier inoxydable",500.0,299.0,40.0,En stock,Oui,0.0,,1,1,0.8857,0.4,0.8514,1,6.2166061010848646,mid-range,4,15,1,1,Premium,3.9192322503123145,0.5554202078498197,2
Lhmiza,WooCommerce,Montres & Bijoux,Montres & Bijoux,,"MINI FOCUS MF0031L Doré Montre de luxe pour femmes, bracelet en acier inoxydable",500.0,299.0,40.0,En stock,Oui,0.0,,1,1,0.8857,0.4,0.8514,1,6.2166061010848646,mid-range,4,15,1,1,Premium,3.9192322503123145,0.5554202078498197,2
Lhmiza,WooCommerce,Montres & Bijoux,Montres & Bijoux,,"MINI FOCUS MF0031L Bronze Montre de luxe pour femmes, bracelet en acier inoxydable",500.0,299.0,40.0,En stock,Oui,0.0,,1,1,0.8857,0.4,0.8514,1,6.2166061010848646,mid-range,4,15,1,1,Premium,3.9192322503123145,0.5554202078498197,2
Lhmiza,WooCommerce,Montres & Bijoux,Montres & Bijoux,,"MINI FOCUS MF0334L Noir Montre de luxe pour femmes, bracelet en acier inoxydable",500.0,299.0,40.0,En stock,Oui,0.0,,1,1,0.8857,0.4,0.8514,1,6.2166061010848646,mid-range,4,15,1,1,Premium,3.9192322503123145,0.5554202078498197,2
Lhmiza,WooCommerce,Montres & Bijoux,Montres & Bijoux,,"MINI FOCUS MF0334L Bleu Montre de luxe pour femmes, bracelet en acier inoxydable",500.0,299.0,40.0,En stock,Oui,0.0,,1,1,0.8857,0.4,0.8514,1,6.2166061010848646,mid-range,4,15,1,1,Premium,3.9192322503123145,0.5554202078498197,2
Lhmiza,WooCommerce,Montres & Bijoux,Montres & Bijoux,,"MINI FOCUS MF0334L Doré Montre de luxe pour femmes, bracelet en acier inoxydable",500.0,299.0,40.0,En stock,Oui,0.0,,1,1,0.8857,0.4,0.8514,1,6.2166061010848646,mid-range,4,15,1,1,Premium,3.9192322503123145,0.5554202078498197,2
Lhmiza,WooCommerce,Montres & Bijoux,Montres & Bijoux,,"MINI FOCUS MF0334L Bronze Montre de luxe pour femmes, bracelet en acier inoxydable",500.0,299.0,40.0,En stock,Oui,0.0,,1,1,0.8857,0.4,0.8514,1,6.2166061010848646,mid-range,4,15,1,1,Premium,3.9192322503123145,0.5554202078498197,2
Lhmiza,WooCommerce,Montres & Bijoux,Montres & Bijoux,,"MINI FOCUS MF0334L Argenté Montre de luxe pour femmes, bracelet en acier inoxydable",500.0,299.0,40.0,En stock,Oui,0.0,,1,1,0.8857,0.4,0.8514,1,6.2166061010848646,mid-range,4,15,1,1,Premium,3.9192322503123145,0.5554202078498197,2
Lhmiza,WooCommerce,Montres & Bijoux,Montres & Bijoux,,MINI FOCUS MF0307L Doré Montre Étanche pour Femme Bracelet en Acier,500.0,299.0,40.0,En stock,Oui,0.0,,1,1,0.8857,0.4,0.8514,1,6.2166061010848646,mid-range,4,15,1,1,Premium,3.9192322503123145,0.5554202078498197,2
Lhmiza,WooCommerce,Montres & Bijoux,Montres & Bijoux,,"MINI FOCUS 0424 Argenté montre de luxe pour femmes, marque supérieure, décontractée, bracelet en maille et acier, cadran diamant",500.0,299.0,40.0,En stock,Oui,0.0,,1,1,0.8857,0.4,0.8514,1,6.2166061010848646,mid-range,4,15,1,1,Premium,3.9192322503123145,0.5554202078498197,2
Lhmiza,WooCommerce,Beauté,Beauté,,ZGTS Derma Roller Titanium,205.0,105.0,49.0,En stock,Oui,0.0,,1,1,0.8136,0.49,0.8514,1,5.327876168789581,mid-range,4,1,1,1,Premium,3.283938748708878,1.2607114822453291,3
Lhmiza,WooCommerce,Montres & Bijoux,Montres & Bijoux,,CURREN 8310 Montre à Calendrier à Six Broches Etanche en Cuir pour Hommes – Rouge,500.0,299.0,40.0,En stock,Oui,0.0,,1,1,0.8857,0.4,0.8514,1,6.2166061010848646,mid-range,4,15,1,1,Premium,3.9192322503123145,0.5554202078498197,2
Lhmiza,WooCommerce,Montres & Bijoux,Montres & Bijoux,,MEGIR M2011 LBL GB montre Pour Homme avec bracelet en toile casual étanche chronographe,500.0,299.0,40.0,En stock,Oui,0.0,,1,1,0.8857,0.4,0.8514,1,6.2166061010848646,mid-range,4,15,1,1,Premium,3.9192322503123145,0.5554202078498197,2
Lhmiza,WooCommerce,Montres & Bijoux,Montres & Bijoux,,"MINI FOCUS MF0215L Bleu – montre de luxe en cristal pour femmes, Ultra mince",500.0,299.0,40.0,En stock,Oui,0.0,,1,1,0.8857,0.4,0.8514,1,6.2166061010848646,mid-range,4,15,1,1,Premium,3.9192322503123145,0.5554202078498197,2
Lhmiza,WooCommerce,Montres & Bijoux,Montres & Bijoux,,"MINI FOCUS MF0215L Argenté – montre de luxe en cristal pour femmes, Ultra mince",500.0,299.0,40.0,En stock,Oui,0.0,,1,1,0.8857,0.4,0.8514,1,6.2166061010848646,mid-range,4,15,1,1,Premium,3.9192322503123145,0.5554202078498197,2
Lhmiza,WooCommerce,Montres & Bijoux,Montres & Bijoux,,MEGIR M2011 LHL GH montre Pour Homme avec bracelet en toile casual étanche chronographe,500.0,299.0,40.0,En stock,Oui,0.0,,1,1,0.8857,0.4,0.8514,1,6.2166061010848646,mid-range,4,15,1,1,Premium,3.9192322503123145,0.5554202078498197,2
Lhmiza,WooCommerce,Montres & Bijoux,Montres & Bijoux,,CURREN 8310 Montre à Calendrier à Six Broches Etanche en Cuir pour Hommes – Café,500.0,299.0,40.0,En stock,Oui,0.0,,1,1,0.8857,0.4,0.8514,1,6.2166061010848646,mid-range,4,15,1,1,Premium,3.9192322503123145,0.5554202078498197,2
Lhmiza,WooCommerce,Montres & Bijoux,Montres & Bijoux,,MEGIR M2011 LBL MH montre Pour Homme avec bracelet en toile casual étanche chronographe,500.0,299.0,40.0,En stock,Oui,0.0,,1,1,0.8857,0.4,0.8514,1,6.2166061010848646,mid-range,4,15,1,1,Premium,3.9192322503123145,0.5554202078498197,2
Lhmiza,WooCommerce,Montres & Bijoux,Montres & Bijoux,,MINFOCUS MF0309L Or Montre femme coquille surface cadran de luxe en acier inoxydable,500.0,299.0,40.0,En stock,Oui,0.0,,1,1,0.8857,0.4,0.8514,1,6.2166061010848646,mid-range,4,15,1,1,Premium,3.9192322503123145,0.5554202078498197,2
Lhmiza,WooCommerce,Montres & Bijoux,Montres & Bijoux,,MINFOCUS MF0309L Noir Montre femme coquille surface cadran de luxe en acier inoxydable,500.0,299.0,40.0,En stock,Oui,0.0,,1,1,0.8857,0.4,0.8514,1,6.2166061010848646,mid-range,4,15,1,1,Premium,3.9192322503123145,0.5554202078498197,2
Lhmiza,WooCommerce,Montres & Bijoux,Montres & Bijoux,,"MINI FOCUS 0424 Dorée montre de luxe pour femmes, marque supérieure, décontractée, bracelet en maille et acier, cadran diamant",500.0,299.0,40.0,En stock,Oui,0.0,,1,1,0.8857,0.4,0.8514,1,6.2166061010848646,mid-range,4,15,1,1,Premium,3.9192322503123145,0.5554202078498197,2
Lhmiza,WooCommerce,Montres & Bijoux,Montres & Bijoux,,MINI FOCUS MF0304L Noir Montre-Bracelet analogique à Quartz pour femmes,500.0,299.0,40.0,En stock,Oui,0.0,,1,1,0.8857,0.4,0.8514,1,6.2166061010848646,mid-range,4,15,1,1,Premium,3.9192322503123145,0.5554202078498197,2
Lhmiza,WooCommerce,Montres & Bijoux,Montres & Bijoux,,MINI FOCUS MF0304L Bleu Montre-Bracelet analogique à Quartz pour femmes,500.0,299.0,40.0,En stock,Oui,0.0,,1,1,0.8857,0.4,0.8514,1,6.2166061010848646,mid-range,4,15,1,1,Premium,3.9192322503123145,0.5554202078498197,2
Lhmiza,WooCommerce,Montres & Bijoux,Montres & Bijoux,,MINI FOCUS MF0307L Noir Montre Étanche pour Femme Bracelet en Acier,500.0,299.0,40.0,En stock,Oui,0.0,,1,1,0.8857,0.4,0.8514,1,6.2166061010848646,mid-range,4,15,1,1,Premium,3.9192322503123145,0.5554202078498197,2
Lhmiza,WooCommerce,Montres & Bijoux,Montres & Bijoux,,MINI FOCUS MF0307L Bleu Montre Étanche pour Femme Bracelet en Acier,500.0,299.0,40.0,En stock,Oui,0.0,,1,1,0.8857,0.4,0.8514,1,6.2166061010848646,mid-range,4,15,1,1,Premium,3.9192322503123145,0.5554202078498197,2
Lhmiza,WooCommerce,Montres & Bijoux,Montres & Bijoux,,"MINI FOCUS MF0215L Bronze – montre de luxe en cristal pour femmes, Ultra mince",500.0,299.0,40.0,En stock,Oui,0.0,,1,1,0.8857,0.4,0.8514,1,6.2166061010848646,mid-range,4,15,1,1,Premium,3.9192322503123145,0.5554202078498197,2
Lhmiza,WooCommerce,Montres & Bijoux,Montres & Bijoux,,MINI FOCUS MF0333L Bleu montre bracelet de luxe en acier pour femmes,500.0,299.0,40.0,En stock,Oui,0.0,,1,1,0.8857,0.4,0.8514,1,6.2166061010848646,mid-range,4,15,1,1,Premium,3.9192322503123145,0.5554202078498197,2
Lhmiza,WooCommerce,Montres & Bijoux,Montres & Bijoux,,"MINI FOCUS MF0215L Noir – montre de luxe en cristal pour femmes, Ultra mince",500.0,299.0,40.0,En stock,Oui,0.0,,1,1,0.8857,0.4,0.8514,1,6.2166061010848646,mid-range,4,15,1,1,Premium,3.9192322503123145,0.5554202078498197,2
Lhmiza,WooCommerce,Montres & Bijoux,Montres & Bijoux,,"MINI FOCUS MF0215L Doré – montre de luxe en cristal pour femmes, Ultra mince",500.0,299.0,40.0,En stock,Oui,0.0,,1,1,0.8857,0.4,0.8514,1,6.2166061010848646,mid-range,4,15,1,1,Premium,3.9192322503123145,0.5554202078498197,2
Lhmiza,WooCommerce,Montres & Bijoux,Montres & Bijoux,,MINI FOCUS MF0335L Noir Montre Femmes bracelet en acier inoxydable montre à Quartz mode,500.0,299.0,40.0,En stock,Oui,0.0,,1,1,0.8857,0.4,0.8514,1,6.2166061010848646,mid-range,4,15,1,1,Premium,3.9192322503123145,0.5554202078498197,2
Lhmiza,WooCommerce,Montres & Bijoux,Montres & Bijoux,,MINI FOCUS MF0335L Bleu Montre Femmes bracelet en acier inoxydable montre à Quartz mode,500.0,299.0,40.0,En stock,Oui,0.0,,1,1,0.8857,0.4,0.8514,1,6.2166061010848646,mid-range,4,15,1,1,Premium,3.9192322503123145,0.5554202078498197,2
Lhmiza,WooCommerce,Beauté,Beauté,,X-Lisso de MyCare – Lissage Brésilien Professionnel 125 ml pour Cheveux Résistants,158.0,106.0,33.0,En stock,Oui,0.0,,1,1,0.9417,0.33,0.8514,1,5.068904202220232,mid-range,4,1,1,1,Premium,3.052616732079872,1.0921725681144872,3
Lhmiza,WooCommerce,Montres & Bijoux,Montres & Bijoux,,Dom G-1012 affaires or Rose Véritable montre marque de luxe femmes montres en acier inoxydable dames Quartz,500.0,299.0,40.0,En stock,Oui,0.0,,1,1,0.8857,0.4,0.8514,1,6.2166061010848646,mid-range,4,15,1,1,Premium,3.9192322503123145,0.5554202078498197,2
Lhmiza,WooCommerce,Montres & Bijoux,Montres & Bijoux,,MEGIR MS5006L Noir Pour Femme Simple cadran rond montres à Quartz acier inoxydable étanche,500.0,299.0,40.0,En stock,Oui,0.0,,1,1,0.8857,0.4,0.8514,1,6.2166061010848646,mid-range,4,15,1,1,Premium,3.9192322503123145,0.5554202078498197,2
Lhmiza,WooCommerce,Montres & Bijoux,Montres & Bijoux,,MINFOCUS MF0309L Bleu Montre femme coquille surface cadran de luxe en acier inoxydable,500.0,299.0,40.0,En stock,Oui,0.0,,1,1,0.8857,0.4,0.8514,1,6.2166061010848646,mid-range,4,15,1,1,Premium,3.9192322503123145,0.5554202078498197,2
Lhmiza,WooCommerce,Montres & Bijoux,Montres & Bijoux,,MINFOCUS MF0309L Bronze Montre femme coquille surface cadran de luxe en acier inoxydable,500.0,299.0,40.0,En stock,Oui,0.0,,1,1,0.8857,0.4,0.8514,1,6.2166061010848646,mid-range,4,15,1,1,Premium,3.9192322503123145,0.5554202078498197,2
Lhmiza,WooCommerce,Montres & Bijoux,Montres & Bijoux,,SANDA 1051 Rose Gold Noir montre Femme en acier inoxydable bracelet décontracté,500.0,299.0,40.0,En stock,Oui,0.0,,1,1,0.8857,0.4,0.8514,1,6.2166061010848646,mid-range,4,15,1,1,Premium,3.9192322503123145,0.5554202078498197,2
Lhmiza,WooCommerce,Montres & Bijoux,Montres & Bijoux,,SANDA 1012 Blanc Montre de luxe Pour Femme à quartz Bracelet en acier inoxydable,500.0,299.0,40.0,En stock,Oui,0.0,,1,1,0.8857,0.4,0.8514,1,6.2166061010848646,mid-range,4,15,1,1,Premium,3.9192322503123145,0.5554202078498197,2
Lhmiza,WooCommerce,Montres & Bijoux,Montres & Bijoux,,SANDA 1051 Rose Gold montre Femme en acier inoxydable bracelet décontracté,500.0,299.0,40.0,En stock,Oui,0.0,,1,1,0.8857,0.4,0.8514,1,6.2166061010848646,mid-range,4,15,1,1,Premium,3.9192322503123145,0.5554202078498197,2
Lhmiza,WooCommerce,Montres & Bijoux,Montres & Bijoux,,SANDA 1012 Noir Montre de luxe Pour Femme à quartz Bracelet en acier inoxydable,500.0,299.0,40.0,En stock,Oui,0.0,,1,1,0.8857,0.4,0.8514,1,6.2166061010848646,mid-range,4,15,1,1,Premium,3.9192322503123145,0.5554202078498197,2
Lhmiza,WooCommerce,Montres & Bijoux,Montres & Bijoux,,MEGIR M2011 LBH MB montre Pour Homme avec bracelet en toile casual étanche chronographe,500.0,299.0,40.0,En stock,Oui,0.0,,1,1,0.8857,0.4,0.8514,1,6.2166061010848646,mid-range,4,15,1,1,Premium,3.9192322503123145,0.5554202078498197,2
Lhmiza,WooCommerce,Beauté,Beauté,,Shampooing BIANNA COLLAGÈNE,150.0,109.0,27.0,En stock,Oui,0.0,,1,1,0.9883,0.27,0.8511,1,5.017279836814924,mid-range,4,1,1,1,Premium,2.985539455762929,0.997327509850673,3
Lhmiza,WooCommerce,Beauté,Beauté,,Shampooing BIANNA KÉRATINE,150.0,109.0,27.0,En stock,Oui,0.0,,1,1,0.9883,0.27,0.8511,1,5.017279836814924,mid-range,4,1,1,1,Premium,2.985539455762929,0.997327509850673,3
Lhmiza,WooCommerce,Beauté,Beauté,,Shampooing BIANNA ARGAN,150.0,109.0,27.0,En stock,Oui,0.0,,1,1,0.9883,0.27,0.8511,1,5.017279836814924,mid-range,4,1,1,1,Premium,2.985539455762929,0.997327509850673,3
Lhmiza,WooCommerce,Beauté,Beauté,,Bianna Shampooing Protéiné Soin Intensif 500 ml,150.0,109.0,27.0,En stock,Oui,0.0,,1,1,0.9883,0.27,0.8511,1,5.017279836814924,mid-range,4,1,1,1,Premium,2.985539455762929,0.997327509850673,3
Lhmiza,WooCommerce,Beauté,Beauté,,Shampooing BIANNA NO-YELLOW,150.0,109.0,27.0,En stock,Oui,0.0,,1,1,0.9883,0.27,0.8511,1,5.017279836814924,mid-range,4,1,1,1,Premium,2.985539455762929,0.997327509850673,3
Lasolda,WooCommerce,Automobile et bricolage,Automobile et bricolage,,Mini Table Pliable De Siège...,119.0,239.0,50.0,En stock,Oui,0.0,,1,1,0.8,0.5,0.85,1,4.787491742782046,mid-range,3,0,1,1,Premium,2.6175168525532886,1.7245558419830798,3
Lhmiza,WooCommerce,Beauté,Beauté,,"KEMEI KM-1113 Tondeuse à cheveux pour hommes, sans fil",200.0,135.0,33.0,En stock,Oui,0.0,,1,1,0.932,0.33,0.849,1,5.303304908059076,mid-range,4,1,1,1,Premium,3.151352512688769,0.9258576104087566,3
Lhmiza,WooCommerce,Beauté,Beauté,,Tondeuse à Cheveux Professionnelle Kemei KM-1325,200.0,135.0,33.0,En stock,Oui,0.0,,1,1,0.932,0.33,0.849,1,5.303304908059076,mid-range,4,1,1,1,Premium,3.151352512688769,0.9258576104087566,3
Lhmiza,WooCommerce,Parfums,Parfums,,Circuit 1 By Jean Paul Dupont Eau De Toilette Pour Homme,180.0,130.0,28.0,En stock,Oui,0.0,,1,1,0.9686,0.28,0.8482,1,5.198497031265826,mid-range,4,16,1,1,Premium,3.3843612476930085,0.9750265356768388,2
Lhmiza,WooCommerce,Parfums,Parfums,,Zaragoza Night Eau de Parfum Homme 100ml,200.0,145.0,28.0,En stock,Oui,0.0,,1,1,0.967,0.28,0.8478,1,5.303304908059076,mid-range,4,16,1,1,Premium,3.430567154947357,0.9032353716594228,2
Lhmiza,WooCommerce,Parfums,Parfums,,Zaragoza Coral Shell Eau de Toilette pour Femme 100 ml,200.0,145.0,28.0,En stock,Oui,0.0,,1,1,0.967,0.28,0.8478,1,5.303304908059076,mid-range,4,16,1,1,Premium,3.430567154947357,0.9032353716594228,2
Lhmiza,WooCommerce,Parfums,Parfums,,Zaragoza Tuber Rosa Eau de Toilette pour Femme 100 ml,200.0,145.0,28.0,En stock,Oui,0.0,,1,1,0.967,0.28,0.8478,1,5.303304908059076,mid-range,4,16,1,1,Premium,3.430567154947357,0.9032353716594228,2
Lhmiza,WooCommerce,Parfums,Parfums,,Zaragoza Sweet Oud Eau de Toilette pour Homme 100 ml,200.0,145.0,28.0,En stock,Oui,0.0,,1,1,0.967,0.28,0.8478,1,5.303304908059076,mid-range,4,16,1,1,Premium,3.430567154947357,0.9032353716594228,2
Lhmiza,WooCommerce,Parfums,Parfums,,Zaragoza Sweet Bomb Eau de Toilette pour Femme 100 ml,200.0,145.0,28.0,En stock,Oui,0.0,,1,1,0.967,0.28,0.8478,1,5.303304908059076,mid-range,4,16,1,1,Premium,3.430567154947357,0.9032353716594228,2
Lhmiza,WooCommerce,Parfums,Parfums,,Zaragoza Army Eau de Parfum Homme 100ml,200.0,145.0,28.0,En stock,Oui,0.0,,1,1,0.967,0.28,0.8478,1,5.303304908059076,mid-range,4,16,1,1,Premium,3.430567154947357,0.9032353716594228,2
Lhmiza,WooCommerce,Parfums,Parfums,,Zaragoza Feminity Eau de Toilette Femme 100 ml,200.0,145.0,28.0,En stock,Oui,0.0,,1,1,0.967,0.28,0.8478,1,5.303304908059076,mid-range,4,16,1,1,Premium,3.430567154947357,0.9032353716594228,2
Lhmiza,WooCommerce,Parfums,Parfums,,Zaragoza Dark Eau de Parfum Homme 100ml,200.0,145.0,28.0,En stock,Oui,0.0,,1,1,0.967,0.28,0.8478,1,5.303304908059076,mid-range,4,16,1,1,Premium,3.430567154947357,0.9032353716594228,2
Lhmiza,WooCommerce,Parfums,Parfums,,Zaragoza Silver Eau de Parfum Homme 100ml,200.0,145.0,28.0,En stock,Oui,0.0,,1,1,0.967,0.28,0.8478,1,5.303304908059076,mid-range,4,16,1,1,Premium,3.430567154947357,0.9032353716594228,2
Lhmiza,WooCommerce,Parfums,Parfums,,Zaragoza Copper Eau de Parfum Homme 100ml,200.0,145.0,28.0,En stock,Oui,0.0,,1,1,0.967,0.28,0.8478,1,5.303304908059076,mid-range,4,16,1,1,Premium,3.430567154947357,0.9032353716594228,2
Lhmiza,WooCommerce,Parfums,Parfums,,Zaragoza Titanium Eau de Parfum Homme 100ml,200.0,145.0,28.0,En stock,Oui,0.0,,1,1,0.967,0.28,0.8478,1,5.303304908059076,mid-range,4,16,1,1,Premium,3.430567154947357,0.9032353716594228,2
Lhmiza,WooCommerce,Parfums,Parfums,,Zaragoza Desert Eau de Parfum Homme 100ml,200.0,145.0,28.0,En stock,Oui,0.0,,1,1,0.967,0.28,0.8478,1,5.303304908059076,mid-range,4,16,1,1,Premium,3.430567154947357,0.9032353716594228,2
Lhmiza,WooCommerce,Parfums,Parfums,,Zaragoza Gold Eau de Parfum Homme 100ml,200.0,145.0,28.0,En stock,Oui,0.0,,1,1,0.967,0.28,0.8478,1,5.303304908059076,mid-range,4,16,1,1,Premium,3.430567154947357,0.9032353716594228,2
Lhmiza,WooCommerce,Parfums,Parfums,,Zaragoza Exist Eau de Parfum Homme 100ml,200.0,145.0,28.0,En stock,Oui,0.0,,1,1,0.967,0.28,0.8478,1,5.303304908059076,mid-range,4,16,1,1,Premium,3.430567154947357,0.9032353716594228,2
Lhmiza,WooCommerce,Parfums,Parfums,,Ulric de Varens Sensuelle Pour Femme Eau de Parfum 75 ml,140.0,105.0,25.0,En stock,Oui,0.0,,1,1,0.9874,0.25,0.8469,1,4.948759890378168,mid-range,4,16,1,1,Premium,3.245973278094583,1.0733238202040805,2
Lhmiza,WooCommerce,Parfums,Parfums,,New Brand Pure Sense – Eau de Toilette Pour Homme 100 ml,300.0,149.0,50.0,En stock,Oui,0.0,,1,1,0.7799,0.5,0.845,1,5.707110264748875,mid-range,4,16,1,1,Premium,3.761668226641967,1.0922812847699808,2
Lhmiza,WooCommerce,Parfums,Parfums,,New Brand Princess Dreaming Femme Eau de Parfum 100ml,300.0,149.0,50.0,En stock,Oui,0.0,,1,1,0.7799,0.5,0.845,1,5.707110264748875,mid-range,4,16,1,1,Premium,3.761668226641967,1.0922812847699808,2
Lhmiza,WooCommerce,Beauté,Beauté,,Tondeuse électrique 3 en 1 Kemei KM-1433 pour hommes,200.0,139.0,31.0,En stock,Oui,0.0,,1,1,0.932,0.31,0.845,1,5.303304908059076,mid-range,4,1,1,1,Premium,3.12485635548698,0.8677960302474043,3
Lhmiza,WooCommerce,Beauté,Beauté,,"Tondeuse Kemei KM-641 – Précision Pro, Autonomie Longue Durée",200.0,139.0,31.0,En stock,Oui,0.0,,1,1,0.932,0.31,0.845,1,5.303304908059076,mid-range,4,1,1,1,Premium,3.12485635548698,0.8677960302474043,3
Lhmiza,WooCommerce,Parfums,Parfums,,New Brand Stranger – Eau de Toilette Pour Homme 100 ml,300.0,149.0,50.0,En stock,Oui,0.0,,1,1,0.7799,0.5,0.845,1,5.707110264748875,mid-range,4,16,1,1,Premium,3.761668226641967,1.0922812847699808,2
Lhmiza,WooCommerce,Parfums,Parfums,,New Brand Invincible – Eau de Toilette Pour Homme 100 ml,300.0,149.0,50.0,En stock,Oui,0.0,,1,1,0.7799,0.5,0.845,1,5.707110264748875,mid-range,4,16,1,1,Premium,3.761668226641967,1.0922812847699808,2
Lhmiza,WooCommerce,Parfums,Parfums,,New Brand Prestige The NB Eau de Toilette 100ml,300.0,149.0,50.0,En stock,Oui,0.0,,1,1,0.7799,0.5,0.845,1,5.707110264748875,mid-range,4,16,1,1,Premium,3.761668226641967,1.0922812847699808,2
Lhmiza,WooCommerce,Parfums,Parfums,,New Brand Fashionista Femme Eau de Parfum 100ml,300.0,149.0,50.0,En stock,Oui,0.0,,1,1,0.7799,0.5,0.845,1,5.707110264748875,mid-range,4,16,1,1,Premium,3.761668226641967,1.0922812847699808,2
Lhmiza,WooCommerce,Parfums,Parfums,,New Brand Gold – Eau de Toilette Pour Homme 100 ml,300.0,149.0,50.0,En stock,Oui,0.0,,1,1,0.7799,0.5,0.845,1,5.707110264748875,mid-range,4,16,1,1,Premium,3.761668226641967,1.0922812847699808,2
Lhmiza,WooCommerce,Beauté,Beauté,,Crème Lissante à la Kératine Fiber Straight 125 ml,200.0,139.0,31.0,En stock,Oui,0.0,,1,1,0.932,0.31,0.845,1,5.303304908059076,mid-range,4,1,1,1,Premium,3.12485635548698,0.8677960302474043,3
Lhmiza,WooCommerce,Parfums,Parfums,,Story Of New Brand White Men Eau de Toilette 100ml,300.0,149.0,50.0,En stock,Oui,0.0,,1,1,0.7799,0.5,0.845,1,5.707110264748875,mid-range,4,16,1,1,Premium,3.761668226641967,1.0922812847699808,2
Lhmiza,WooCommerce,Parfums,Parfums,,New Brand Prestige The Men Eau de Toilette 100ml,300.0,149.0,50.0,En stock,Oui,0.0,,1,1,0.7799,0.5,0.845,1,5.707110264748875,mid-range,4,16,1,1,Premium,3.761668226641967,1.0922812847699808,2
Lhmiza,WooCommerce,Parfums,Parfums,,IronStone Coffret Pour Homme Eau de Toilette 100ml + Déodorant 150ml,300.0,150.0,50.0,En stock,Oui,0.0,,1,1,0.7799,0.5,0.845,1,5.707110264748875,mid-range,4,16,1,1,Premium,3.761668226641967,1.0922812847699808,2
Lhmiza,WooCommerce,Parfums,Parfums,,New Brand Golf Blue Eau de Toilette 100ml,300.0,149.0,50.0,En stock,Oui,0.0,,1,1,0.7799,0.5,0.845,1,5.707110264748875,mid-range,4,16,1,1,Premium,3.761668226641967,1.0922812847699808,2
Lhmiza,WooCommerce,Parfums,Parfums,,New Brand Golf Red Men Eau de Toilette 100ml,300.0,149.0,50.0,En stock,Oui,0.0,,1,1,0.7799,0.5,0.845,1,5.707110264748875,mid-range,4,16,1,1,Premium,3.761668226641967,1.0922812847699808,2
Lhmiza,WooCommerce,Parfums,Parfums,,New Brand Sensual Femme Eau de Parfum 100ml,300.0,149.0,50.0,En stock,Oui,0.0,,1,1,0.7799,0.5,0.845,1,5.707110264748875,mid-range,4,16,1,1,Premium,3.761668226641967,1.0922812847699808,2
Lhmiza,WooCommerce,Parfums,Parfums,,New Brand Only You Black Homme Eau de Toilette 100ml,300.0,149.0,50.0,En stock,Oui,0.0,,1,1,0.7799,0.5,0.845,1,5.707110264748875,mid-range,4,16,1,1,Premium,3.761668226641967,1.0922812847699808,2
Lhmiza,WooCommerce,Parfums,Parfums,,New Brand Only You – Eau de Toilette Pour Homme 100 ml,300.0,150.0,50.0,En stock,Oui,0.0,,1,1,0.7799,0.5,0.845,1,5.707110264748875,mid-range,4,16,1,1,Premium,3.761668226641967,1.0922812847699808,2
Lhmiza,WooCommerce,Parfums,Parfums,,In Woman Red Coffret Pour Femme Eau de Parfum 100ml + Déodorant 150ml,300.0,150.0,50.0,En stock,Oui,0.0,,1,1,0.7799,0.5,0.845,1,5.707110264748875,mid-range,4,16,1,1,Premium,3.761668226641967,1.0922812847699808,2
Lhmiza,WooCommerce,Parfums,Parfums,,In Woman Coffret Pour Femme Eau de Parfum 90ml + Déodorant 150ml,300.0,150.0,50.0,En stock,Oui,0.0,,1,1,0.7799,0.5,0.845,1,5.707110264748875,mid-range,4,16,1,1,Premium,3.761668226641967,1.0922812847699808,2
Lhmiza,WooCommerce,Beauté,Beauté,,Kemei KM-6550 3 en 1 – Tondeuse Multifonction,200.0,138.0,31.0,En stock,Oui,0.0,,1,1,0.932,0.31,0.845,1,5.303304908059076,mid-range,4,1,1,1,Premium,3.12485635548698,0.8677960302474043,3
Lhmiza,WooCommerce,Parfums,Parfums,,His Passion Coffret Pour Homme Eau de Toilette 100ml + Déodorant 150ml,300.0,150.0,50.0,En stock,Oui,0.0,,1,1,0.7799,0.5,0.845,1,5.707110264748875,mid-range,4,16,1,1,Premium,3.761668226641967,1.0922812847699808,2
Lhmiza,WooCommerce,Parfums,Parfums,,Lovita pour Femme de Creation Lamis Deluxe Eau de Parfum 100ml,160.0,119.0,26.0,En stock,Oui,0.0,,1,1,0.9701,0.26,0.8445,1,5.081404364984463,mid-range,4,16,1,1,Premium,3.305794172654125,0.9966093691562684,2
Lhmiza,WooCommerce,Parfums,Parfums,,New Brand Together Day Pour Femme Eau de Parfum 100ml,200.0,149.0,26.0,En stock,Oui,0.0,,1,1,0.967,0.26,0.8438,1,5.303304908059076,mid-range,4,16,1,1,Premium,3.4040709977455683,0.8451737914980701,2
Lhmiza,WooCommerce,Parfums,Parfums,,EYVOKE STRIKE FORCE MAN EDT 100 eau de toilette,200.0,149.0,26.0,En stock,Oui,0.0,,1,1,0.967,0.26,0.8438,1,5.303304908059076,mid-range,4,16,1,1,Premium,3.4040709977455683,0.8451737914980701,2
Lhmiza,WooCommerce,Parfums,Parfums,,Extasia eau de parfum spray 100 ml pour Femme,200.0,149.0,26.0,En stock,Oui,0.0,,1,1,0.967,0.26,0.8438,1,5.303304908059076,mid-range,4,16,1,1,Premium,3.4040709977455683,0.8451737914980701,2
Lhmiza,WooCommerce,Parfums,Parfums,,Les Petites Folies 015 – Eau de Parfum 100ml,200.0,149.0,26.0,En stock,Oui,0.0,,1,1,0.967,0.26,0.8438,1,5.303304908059076,mid-range,4,16,1,1,Premium,3.4040709977455683,0.8451737914980701,2
Lhmiza,WooCommerce,Parfums,Parfums,,Strong de New Brand Pour Homme – Eau de Toilette 100 ml,200.0,149.0,26.0,En stock,Oui,0.0,,1,1,0.967,0.26,0.8438,1,5.303304908059076,mid-range,4,16,1,1,Premium,3.4040709977455683,0.8451737914980701,2
Lhmiza,WooCommerce,Parfums,Parfums,,L’homme de New Brand Eau De Toilette 100 ml,200.0,149.0,26.0,En stock,Oui,0.0,,1,1,0.967,0.26,0.8438,1,5.303304908059076,mid-range,4,16,1,1,Premium,3.4040709977455683,0.8451737914980701,2
Lhmiza,WooCommerce,Parfums,Parfums,,New Brand NB Fluo Pink Eau de Parfum Pour Femme 100 ml,200.0,149.0,26.0,En stock,Oui,0.0,,1,1,0.967,0.26,0.8438,1,5.303304908059076,mid-range,4,16,1,1,Premium,3.4040709977455683,0.8451737914980701,2
Lhmiza,WooCommerce,Parfums,Parfums,,New Brand Chic n Glam O De La Vie Eau de Parfum Pour Femme 80 ml,200.0,149.0,26.0,En stock,Oui,0.0,,1,1,0.967,0.26,0.8438,1,5.303304908059076,mid-range,4,16,1,1,Premium,3.4040709977455683,0.8451737914980701,2
Lhmiza,WooCommerce,Parfums,Parfums,,New Brand Velvet – Eau de Parfum Pour Femme 100 ml,200.0,149.0,26.0,En stock,Oui,0.0,,1,1,0.967,0.26,0.8438,1,5.303304908059076,mid-range,4,16,1,1,Premium,3.4040709977455683,0.8451737914980701,2
Lhmiza,WooCommerce,Parfums,Parfums,,New Brand Holla Pour Femme Eau de Parfum 100 ml,200.0,149.0,26.0,En stock,Oui,0.0,,1,1,0.967,0.26,0.8438,1,5.303304908059076,mid-range,4,16,1,1,Premium,3.4040709977455683,0.8451737914980701,2
Lhmiza,WooCommerce,Parfums,Parfums,,New Brand Together Night Pour Femme Eau de Parfum 100ml,200.0,149.0,26.0,En stock,Oui,0.0,,1,1,0.967,0.26,0.8438,1,5.303304908059076,mid-range,4,16,1,1,Premium,3.4040709977455683,0.8451737914980701,2
Lhmiza,WooCommerce,Parfums,Parfums,,New Brand 4 Men Eau de Toilette Pour Homme 100 ml,200.0,149.0,26.0,En stock,Oui,0.0,,1,1,0.967,0.26,0.8438,1,5.303304908059076,mid-range,4,16,1,1,Premium,3.4040709977455683,0.8451737914980701,2
Lhmiza,WooCommerce,Parfums,Parfums,,New Brand Prestige My Brand Eau de Parfum Pour Femme 100 ml,200.0,149.0,26.0,En stock,Oui,0.0,,1,1,0.967,0.26,0.8438,1,5.303304908059076,mid-range,4,16,1,1,Premium,3.4040709977455683,0.8451737914980701,2
Lhmiza,WooCommerce,Parfums,Parfums,,Daily de New Brand Pour Femme Eau de Parfum 100ml,200.0,149.0,26.0,En stock,Oui,0.0,,1,1,0.967,0.26,0.8438,1,5.303304908059076,mid-range,4,16,1,1,Premium,3.4040709977455683,0.8451737914980701,2
Lhmiza,WooCommerce,Parfums,Parfums,,New Brand Cute Eau de Parfum Pour Femme 100 ml,200.0,149.0,26.0,En stock,Oui,0.0,,1,1,0.967,0.26,0.8438,1,5.303304908059076,mid-range,4,16,1,1,Premium,3.4040709977455683,0.8451737914980701,2
Lhmiza,WooCommerce,Parfums,Parfums,,New Brand Dangerous Woman Eau de Parfum Pour Femme 100 ml,200.0,149.0,26.0,En stock,Oui,0.0,,1,1,0.967,0.26,0.8438,1,5.303304908059076,mid-range,4,16,1,1,Premium,3.4040709977455683,0.8451737914980701,2
Lhmiza,WooCommerce,Parfums,Parfums,,"NEW BRAND PERFUMES Edp parfum de nuit 100 ml spr, 3.30 Fl Oz",200.0,149.0,26.0,En stock,Oui,0.0,,1,1,0.967,0.26,0.8438,1,5.303304908059076,mid-range,4,16,1,1,Premium,3.4040709977455683,0.8451737914980701,2
Lhmiza,WooCommerce,Parfums,Parfums,,LES PETITES FOLIES 0010 50ml EAU DE PARFUM FEMME VAPORISATEUR,200.0,149.0,26.0,En stock,Oui,0.0,,1,1,0.967,0.26,0.8438,1,5.303304908059076,mid-range,4,16,1,1,Premium,3.4040709977455683,0.8451737914980701,2
Lhmiza,WooCommerce,Parfums,Parfums,,New Brand Jessy Kiss – Eau de Parfum pour Femme 100 ml,200.0,149.0,26.0,En stock,Oui,0.0,,1,1,0.967,0.26,0.8438,1,5.303304908059076,mid-range,4,16,1,1,Premium,3.4040709977455683,0.8451737914980701,2
Lhmiza,WooCommerce,Parfums,Parfums,,PRESTIGE NEW STYLE de New Brand Pour Femme Eau de Parfum 100 ml,200.0,149.0,26.0,En stock,Oui,0.0,,1,1,0.967,0.26,0.8438,1,5.303304908059076,mid-range,4,16,1,1,Premium,3.4040709977455683,0.8451737914980701,2
Lhmiza,WooCommerce,Parfums,Parfums,,New Brand Dani Women – Eau de Parfum pour Femme 100 ml,200.0,149.0,26.0,En stock,Oui,0.0,,1,1,0.967,0.26,0.8438,1,5.303304908059076,mid-range,4,16,1,1,Premium,3.4040709977455683,0.8451737914980701,2
Lhmiza,WooCommerce,Parfums,Parfums,,New Brand GT Eau de Toilette for Men 100ml,200.0,149.0,26.0,En stock,Oui,0.0,,1,1,0.967,0.26,0.8438,1,5.303304908059076,mid-range,4,16,1,1,Premium,3.4040709977455683,0.8451737914980701,2
Lhmiza,WooCommerce,Parfums,Parfums,,Eyvoke Alpha Force 100ml Pour Homme Eau De Toilette,200.0,149.0,26.0,En stock,Oui,0.0,,1,1,0.967,0.26,0.8438,1,5.303304908059076,mid-range,4,16,1,1,Premium,3.4040709977455683,0.8451737914980701,2
Lhmiza,WooCommerce,Montres & Bijoux,Montres & Bijoux,,MEGIR 2074 Sports montre chronographe pour homme avec bracelet cuir noir jaune Chiffres étanche,500.0,320.0,36.0,En stock,Oui,0.0,,1,1,0.8857,0.36,0.8434,1,6.2166061010848646,mid-range,4,15,1,1,Premium,3.866239935908737,0.4392970475271149,2
Lhmiza,WooCommerce,Montres & Bijoux,Montres & Bijoux,,MEGIR 2074 Sports montre chronographe pour homme avec bracelet cuir noir rouge Chiffres étanche,500.0,320.0,36.0,En stock,Oui,0.0,,1,1,0.8857,0.36,0.8434,1,6.2166061010848646,mid-range,4,15,1,1,Premium,3.866239935908737,0.4392970475271149,2
Lhmiza,WooCommerce,Montres & Bijoux,Montres & Bijoux,,MEGIR 2074 Sports montre chronographe pour homme avec bracelet cuir Café Gold Chiffres étanche,500.0,320.0,36.0,En stock,Oui,0.0,,1,1,0.8857,0.36,0.8434,1,6.2166061010848646,mid-range,4,15,1,1,Premium,3.866239935908737,0.4392970475271149,2
Lhmiza,WooCommerce,Montres & Bijoux,Montres & Bijoux,,MEGIR 2084 Montre Pour Homme à Quartz Multifonctionnelle en Cuir – Bleu,500.0,320.0,36.0,En stock,Oui,0.0,,1,1,0.8857,0.36,0.8434,1,6.2166061010848646,mid-range,4,15,1,1,Premium,3.866239935908737,0.4392970475271149,2
Lhmiza,WooCommerce,Montres & Bijoux,Montres & Bijoux,,MEGIR 2084 Montre Pour Homme à Quartz Multifonctionnelle en Cuir – Noir,500.0,320.0,36.0,En stock,Oui,0.0,,1,1,0.8857,0.36,0.8434,1,6.2166061010848646,mid-range,4,15,1,1,Premium,3.866239935908737,0.4392970475271149,2
Lhmiza,WooCommerce,Beauté,Beauté,,Masque BIANNA au Collagène,150.0,115.0,23.0,En stock,Oui,0.0,,1,1,0.9883,0.23,0.8431,1,5.017279836814924,mid-range,4,1,1,1,Premium,2.9325471413593505,0.8812043495279682,3
Lhmiza,WooCommerce,Beauté,Beauté,,Masque BIANNA à l’huile d’argan,150.0,115.0,23.0,En stock,Oui,0.0,,1,1,0.9883,0.23,0.8431,1,5.017279836814924,mid-range,4,1,1,1,Premium,2.9325471413593505,0.8812043495279682,3
Lhmiza,WooCommerce,Beauté,Beauté,,Bianna Crème Soin Capillaire Protéinée 500 ml,150.0,115.0,23.0,En stock,Oui,0.0,,1,1,0.9883,0.23,0.8431,1,5.017279836814924,mid-range,4,1,1,1,Premium,2.9325471413593505,0.8812043495279682,3
Lhmiza,WooCommerce,Beauté,Beauté,,Masque BIANNA à la kératine,150.0,115.0,23.0,En stock,Oui,0.0,,1,1,0.9883,0.23,0.8431,1,5.017279836814924,mid-range,4,1,1,1,Premium,2.9325471413593505,0.8812043495279682,3
Lhmiza,WooCommerce,Parfums,Parfums,,Connect Uomo Exotic Eau de Toilette 100 ml,200.0,150.0,25.0,En stock,Oui,0.0,,1,1,0.967,0.25,0.8418,1,5.303304908059076,mid-range,4,16,1,1,Premium,3.3908229191446737,0.8161430014173939,2
Lhmiza,WooCommerce,Montres & Bijoux,Montres & Bijoux,,"NIBOSI 2309 Argent Bleu montre à Quartz pour femmes, nouvelle mode, chronographe lumineux",500.0,325.0,35.0,En stock,Oui,0.0,,1,1,0.8857,0.35,0.8414,1,6.2166061010848646,mid-range,4,15,1,1,Premium,3.852991857307842,0.4102662574464387,2
Lhmiza,WooCommerce,Montres & Bijoux,Montres & Bijoux,,"NIBOSI 2309 Dorée montre à Quartz pour femmes, nouvelle mode, chronographe lumineux",500.0,325.0,35.0,En stock,Oui,0.0,,1,1,0.8857,0.35,0.8414,1,6.2166061010848646,mid-range,4,15,1,1,Premium,3.852991857307842,0.4102662574464387,2
Lhmiza,WooCommerce,Montres & Bijoux,Montres & Bijoux,,"NIBOSI 2309 Bronze Noir montre à Quartz pour femmes, nouvelle mode, chronographe lumineux",500.0,325.0,35.0,En stock,Oui,0.0,,1,1,0.8857,0.35,0.8414,1,6.2166061010848646,mid-range,4,15,1,1,Premium,3.852991857307842,0.4102662574464387,2
Lhmiza,WooCommerce,Montres & Bijoux,Montres & Bijoux,,"NIBOSI 2309 Argent Noir montre à Quartz pour femmes, nouvelle mode, chronographe lumineux",500.0,325.0,35.0,En stock,Oui,0.0,,1,1,0.8857,0.35,0.8414,1,6.2166061010848646,mid-range,4,15,1,1,Premium,3.852991857307842,0.4102662574464387,2
Lhmiza,WooCommerce,Montres & Bijoux,Montres & Bijoux,,"NIBOSI 2309 Or Blanc montre à Quartz pour femmes, nouvelle mode, chronographe lumineux",500.0,325.0,35.0,En stock,Oui,0.0,,1,1,0.8857,0.35,0.8414,1,6.2166061010848646,mid-range,4,15,1,1,Premium,3.852991857307842,0.4102662574464387,2
Lhmiza,WooCommerce,Montres & Bijoux,Montres & Bijoux,,"NIBOSI 2309 Argent Blanc montre à Quartz pour femmes, nouvelle mode, chronographe lumineux",500.0,325.0,35.0,En stock,Oui,0.0,,1,1,0.8857,0.35,0.8414,1,6.2166061010848646,mid-range,4,15,1,1,Premium,3.852991857307842,0.4102662574464387,2
Lhmiza,WooCommerce,Montres & Bijoux,Montres & Bijoux,,MEGIR ML2096G Noir Montre à Quartz en cuir pour homme,500.0,325.0,35.0,En stock,Oui,0.0,,1,1,0.8857,0.35,0.8414,1,6.2166061010848646,mid-range,4,15,1,1,Premium,3.852991857307842,0.4102662574464387,2
Lhmiza,WooCommerce,Montres & Bijoux,Montres & Bijoux,,"NIBOSI 2309 Noir Bleu montre à Quartz pour femmes, nouvelle mode, chronographe lumineux",500.0,325.0,35.0,En stock,Oui,0.0,,1,1,0.8857,0.35,0.8414,1,6.2166061010848646,mid-range,4,15,1,1,Premium,3.852991857307842,0.4102662574464387,2
Lhmiza,WooCommerce,Montres & Bijoux,Montres & Bijoux,,"NIBOSI 2309 Or Noir montre à Quartz pour femmes, nouvelle mode, chronographe lumineux",500.0,325.0,35.0,En stock,Oui,0.0,,1,1,0.8857,0.35,0.8414,1,6.2166061010848646,mid-range,4,15,1,1,Premium,3.852991857307842,0.4102662574464387,2
Lhmiza,WooCommerce,Montres & Bijoux,Montres & Bijoux,,"NIBOSI 2309 Noir Bronze montre à Quartz pour femmes, nouvelle mode, chronographe lumineux",500.0,325.0,35.0,En stock,Oui,0.0,,1,1,0.8857,0.35,0.8414,1,6.2166061010848646,mid-range,4,15,1,1,Premium,3.852991857307842,0.4102662574464387,2
Lhmiza,WooCommerce,Montres & Bijoux,Montres & Bijoux,,"NIBOSI 2309 Bleu montre à Quartz pour femmes, nouvelle mode, chronographe lumineux",500.0,325.0,35.0,En stock,Oui,0.0,,1,1,0.8857,0.35,0.8414,1,6.2166061010848646,mid-range,4,15,1,1,Premium,3.852991857307842,0.4102662574464387,2
Lhmiza,WooCommerce,Montres & Bijoux,Montres & Bijoux,,"NIBOSI 2309 Bronze Blanc montre à Quartz pour femmes, nouvelle mode, chronographe lumineux",500.0,325.0,35.0,En stock,Oui,0.0,,1,1,0.8857,0.35,0.8414,1,6.2166061010848646,mid-range,4,15,1,1,Premium,3.852991857307842,0.4102662574464387,2
Lhmiza,WooCommerce,Montres & Bijoux,Montres & Bijoux,,"NIBOSI 2309 Noir montre à Quartz pour femmes, nouvelle mode, chronographe lumineux",500.0,325.0,35.0,En stock,Oui,0.0,,1,1,0.8857,0.35,0.8414,1,6.2166061010848646,mid-range,4,15,1,1,Premium,3.852991857307842,0.4102662574464387,2
Lhmiza,WooCommerce,Beauté,Beauté,,Tunous Organic Shampoo & Mask – Réparation & Hydratation,180.0,129.0,28.0,En stock,Oui,0.0,,1,1,0.9398,0.28,0.841,1,5.198497031265826,mid-range,4,1,1,1,Premium,3.043798228741743,0.8586119323600014,3
Lhmiza,WooCommerce,Beauté,Beauté,,Tunous Bio Diamond Shampoo & Mask – Brillance & Volume,180.0,129.0,28.0,En stock,Oui,0.0,,1,1,0.9398,0.28,0.841,1,5.198497031265826,mid-range,4,1,1,1,Premium,3.043798228741743,0.8586119323600014,3
Lhmiza,WooCommerce,Parfums,Parfums,,UDV Ulric De Varens Divine Issime Eau De Parfum Pour Femme 75 ml,140.0,109.0,22.0,En stock,Oui,0.0,,1,1,0.9874,0.22,0.8409,1,4.948759890378168,mid-range,4,16,1,1,Premium,3.2062290422919,0.986231449962052,2
Lasolda,WooCommerce,Beauté & Sport,Beauté & Sport,,Savon Artisanal A La Rose,45.0,60.0,25.0,En stock,Oui,0.0,,1,1,0.9618,0.25,0.8405,1,3.828641396489095,low-cost,3,2,1,4,Low-cost,2.018706840178888,1.8082783307174888,3
Lasolda,WooCommerce,Beauté & Sport,Beauté & Sport,,Savon Artisanal A Huile D’A...,45.0,60.0,25.0,En stock,Oui,0.0,,1,1,0.9618,0.25,0.8405,1,3.828641396489095,low-cost,3,2,1,4,Low-cost,2.018706840178888,1.8082783307174888,3
Lhmiza,WooCommerce,Téléphones & Accessoires,Téléphones & Accessoires,,Aspirateur à Main Portable Sans Fil JB-107,200.0,149.0,26.0,En stock,Oui,0.0,,1,1,0.95,0.26,0.8395,1,5.303304908059076,mid-range,4,19,1,1,Premium,3.454633493017251,0.846511586001699,2
Lhmiza,WooCommerce,Beauté,Beauté,,BIANNA Gel Nettoyant Visage au Thé Vert et Bambou,150.0,119.0,21.0,En stock,Oui,0.0,,1,1,0.9883,0.21,0.8391,1,5.017279836814924,mid-range,4,1,1,1,Premium,2.906050984157561,0.8231427693666159,3
Lhmiza,WooCommerce,Beauté,Beauté,,Baume Multi-Protéines Hair Lab Salerm 600ml,200.0,145.0,28.0,En stock,Oui,0.0,,1,1,0.932,0.28,0.839,1,5.303304908059076,mid-range,4,1,1,1,Premium,3.0851121196842954,0.7807036600053756,3
Lhmiza,WooCommerce,Beauté,Beauté,,Nutrilab Slim Flush Réducteur d’Appétit & Amincissement 60 Gélules,200.0,145.0,28.0,En stock,Oui,0.0,,1,1,0.932,0.28,0.839,1,5.303304908059076,mid-range,4,1,1,1,Premium,3.0851121196842954,0.7807036600053756,3
Lhmiza,WooCommerce,Téléphones & Accessoires,Téléphones & Accessoires,,casque stéréo Hi-fi sans fil Tws P9 Plus,250.0,169.0,32.0,En stock,Oui,0.0,,1,1,0.9,0.32,0.839,1,5.525452939131784,mid-range,4,19,1,1,Premium,3.596432165637333,0.8239811619887459,2
Lhmiza,WooCommerce,Beauté,Beauté,,Shampoing Multi Protéines Hair Lab Salerm 600 ml,200.0,145.0,28.0,En stock,Oui,0.0,,1,1,0.932,0.28,0.839,1,5.303304908059076,mid-range,4,1,1,1,Premium,3.0851121196842954,0.7807036600053756,3
Lhmiza,WooCommerce,Parfums,Parfums,,UDV Ulric De Varens Paris Love Pour Femme – Eau De Parfum 100 ml,140.0,110.0,21.0,En stock,Oui,0.0,,1,1,0.9874,0.21,0.8389,1,4.948759890378168,mid-range,4,16,1,1,Premium,3.192980963691005,0.9572006598813758,2
Lhmiza,WooCommerce,Parfums,Parfums,,Coffret Lifetime de Chris Adams Pour Homme Eau de Parfum,200.0,155.0,23.0,En stock,Oui,0.0,,1,1,0.967,0.23,0.8378,1,5.303304908059076,mid-range,4,16,1,1,Premium,3.3643267619428845,0.7580814212560416,2
Lhmiza,WooCommerce,Beauté,Beauté,,SONAR SN-7565 – Tondeuse Professionnelle 3 en 1 avec Recharge USB,200.0,149.0,26.0,En stock,Oui,0.0,,1,1,0.932,0.26,0.835,1,5.303304908059076,mid-range,4,1,1,1,Premium,3.0586159624825062,0.7226420798440232,3
Lhmiza,WooCommerce,Parfums,Parfums,,Coffret Eau de Parfum pour Femme L’OR de NB Prestige,300.0,165.0,45.0,En stock,Oui,0.0,,1,1,0.7799,0.45,0.835,1,5.707110264748875,mid-range,4,16,1,1,Premium,3.6954278336374937,0.9471273343665996,2
Lhmiza,WooCommerce,Téléphones & Accessoires,Téléphones & Accessoires,,Chargeur Voiture iRed IR-04 66W LED 4-en-1 Rétractable,250.0,175.0,30.0,En stock,Oui,0.0,,1,1,0.9,0.3,0.835,1,5.525452939131784,mid-range,4,19,1,1,Premium,3.569936008435544,0.7659195818273936,2
Lhmiza,WooCommerce,Parfums,Parfums,,Coffret Eau de Toilette pour Homme Invincible de NB Prestige,300.0,165.0,45.0,En stock,Oui,0.0,,1,1,0.7799,0.45,0.835,1,5.707110264748875,mid-range,4,16,1,1,Premium,3.6954278336374937,0.9471273343665996,2
Lhmiza,WooCommerce,Parfums,Parfums,,Coffret Eau de Parfum pour Femme FRENCH CANCAN de NB Prestige,300.0,165.0,45.0,En stock,Oui,0.0,,1,1,0.7799,0.45,0.835,1,5.707110264748875,mid-range,4,16,1,1,Premium,3.6954278336374937,0.9471273343665996,2
Lhmiza,WooCommerce,Beauté,Beauté,,Moringa Oleifera Bio Complément Alimentaire 100% Naturel,200.0,149.0,26.0,En stock,Oui,0.0,,1,1,0.932,0.26,0.835,1,5.303304908059076,mid-range,4,1,1,1,Premium,3.0586159624825062,0.7226420798440232,3
Lhmiza,WooCommerce,Parfums,Parfums,,Coffret Eau de Toilette pour Homme COMMANDO de NB Prestige,300.0,165.0,45.0,En stock,Oui,0.0,,1,1,0.7799,0.45,0.835,1,5.707110264748875,mid-range,4,16,1,1,Premium,3.6954278336374937,0.9471273343665996,2
Lhmiza,WooCommerce,Beauté,Beauté,,"Tunous Bio Diamond Kit Soin Cheveux Shampooing, Masque et Sérum",200.0,149.0,26.0,En stock,Oui,0.0,,1,1,0.932,0.26,0.835,1,5.303304908059076,mid-range,4,1,1,1,Premium,3.0586159624825062,0.7226420798440232,3
Lhmiza,WooCommerce,Beauté,Beauté,,"Tunous Organic Kit Soin Cheveux Shampooing, Masque et Sérum",200.0,149.0,26.0,En stock,Oui,0.0,,1,1,0.932,0.26,0.835,1,5.303304908059076,mid-range,4,1,1,1,Premium,3.0586159624825062,0.7226420798440232,3
Lhmiza,WooCommerce,Parfums,Parfums,,Coffret Eau de Toilette pour Homme EXTASIA BLACK de NB Prestige,300.0,165.0,45.0,En stock,Oui,0.0,,1,1,0.7799,0.45,0.835,1,5.707110264748875,mid-range,4,16,1,1,Premium,3.6954278336374937,0.9471273343665996,2
Lhmiza,WooCommerce,Parfums,Parfums,,Dolby Sport pour Homme eau de parfum 100 ml,200.0,159.0,21.0,En stock,Oui,0.0,,1,1,0.967,0.21,0.8338,1,5.303304908059076,mid-range,4,16,1,1,Premium,3.337830604741096,0.7000198410946893,2
Lasolda,WooCommerce,Maison,Maison,,Sac Organisateur Pliable (...,189.0,300.0,37.0,En stock,Oui,0.0,,1,1,0.8386,0.37,0.8336,1,5.247024072160486,mid-range,3,13,1,1,Premium,2.9586727358216187,1.1528294408446274,2
Lhmiza,WooCommerce,Beauté,Beauté,,HTC AT-1088 Tondeuse à cheveux multifonctionnelle 3 en 1,250.0,145.0,42.0,En stock,Oui,0.0,,1,1,0.7981,0.42,0.8335,1,5.525452939131784,mid-range,4,1,1,1,Premium,3.268687707019202,0.9101325097119588,3
Lhmiza,WooCommerce,Parfums,Parfums,,Rose Petals Eau de Parfum Unisexe 80 ml,300.0,169.0,44.0,En stock,Oui,0.0,,1,1,0.7799,0.44,0.833,1,5.707110264748875,mid-range,4,16,1,1,Premium,3.682179755036599,0.9180965442859236,2
Lhmiza,WooCommerce,Beauté,Beauté,,Lisseur SOKANY SK-993 750°F Wet & Dry Nano Silver,200.0,150.0,25.0,En stock,Oui,0.0,,1,1,0.932,0.25,0.833,1,5.303304908059076,mid-range,4,1,1,1,Premium,3.045367883881612,0.6936112897633471,3
Lhmiza,WooCommerce,Beauté,Beauté,,MAXILINE LISSTOX PROFISSIONAL 2×50G,200.0,150.0,25.0,En stock,Oui,0.0,,1,1,0.932,0.25,0.833,1,5.303304908059076,mid-range,4,1,1,1,Premium,3.045367883881612,0.6936112897633471,3
Lhmiza,WooCommerce,Parfums,Parfums,,Baccarat Rouge 540 Extrait de Parfum Maison Francis Kurkdjian pour Hommes et Femmes 200 ml,9.5,7.885,17.0,En stock,Oui,0.0,,1,1,0.9953,0.17,0.8328,1,2.3513752571634776,low-cost,4,16,1,4,Low-cost,1.9703984235641263,2.5895956680199754,-1
Lasolda,WooCommerce,Maison,Maison,,"Presse Agrume Electrique , ...",219.0,399.0,45.0,En stock,Oui,0.0,,1,1,0.7709,0.45,0.8327,1,5.393627546352362,mid-range,3,13,1,1,Premium,3.079328196250472,1.2221826731179797,2
Lasolda,WooCommerce,Beauté & Sport,Beauté & Sport,,Pack Éponge En silicone Mu...,99.0,149.0,34.0,En stock,Oui,0.0,,1,1,0.855,0.34,0.8318,1,4.605170185988092,low-cost,3,2,1,1,Premium,2.407708101403592,1.4469010286511088,3
Lhmiza,WooCommerce,Parfums,Parfums,,Tender Mood Femme – Eau de Parfum 100 ml,200.0,160.0,20.0,En stock,Oui,0.0,,1,1,0.967,0.2,0.8318,1,5.303304908059076,mid-range,4,16,1,1,Premium,3.3245825261402007,0.6709890510140132,2
Lasolda,WooCommerce,Beauté & Sport,Beauté & Sport,,Sérum Cheveux Noima Brillan...,99.0,150.0,34.0,En stock,Oui,0.0,,1,1,0.855,0.34,0.8318,1,4.605170185988092,low-cost,3,2,1,1,Premium,2.407708101403592,1.4469010286511088,3
Lhmiza,WooCommerce,Beauté,Beauté,,Ivano Pro IVO-1060 – Rasoir Électrique 3 en 1 Haut de Gamme,250.0,148.0,41.0,En stock,Oui,0.0,,1,1,0.7981,0.41,0.8315,1,5.525452939131784,mid-range,4,1,1,1,Premium,3.255439628418308,0.8811017196312825,3
Lhmiza,WooCommerce,Parfums,Parfums,,Baccarat Rouge 540 Extrait de Parfum Maison Francis Kurkdjian pour Hommes et Femmes 70 ml,6.2,5.185,16.0,En stock,Oui,0.0,,1,1,0.9969,0.16,0.8312,1,1.9740810260220096,low-cost,4,16,1,4,Low-cost,1.7876356604006949,2.8150274785491995,-1
Lasolda,WooCommerce,Automobile et bricolage,Automobile et bricolage,,Cendrier de Voiture Détacha...,99.0,139.0,29.0,En stock,Oui,0.0,,1,1,0.8909,0.29,0.8307,1,4.605170185988092,low-cost,3,0,1,1,Premium,2.326206356393731,1.3239218112668694,3
Lasolda,WooCommerce,Maison,Maison,,Porte-balai mural 5 emplace...,149.0,199.0,25.0,En stock,Oui,0.0,,1,1,0.9183,0.25,0.8296,1,5.010635294096256,mid-range,3,13,1,1,Premium,2.753872525259846,1.0393958879928131,2
Lhmiza,WooCommerce,Beauté,Beauté,,Kemei KM-426 Tondeuse Électrique Métal Gold Rechargeable,250.0,149.0,40.0,En stock,Oui,0.0,,1,1,0.7981,0.4,0.8295,1,5.525452939131784,mid-range,4,1,1,1,Premium,3.242191549817413,0.8520709295506064,3
Lhmiza,WooCommerce,Beauté,Beauté,,Kit Polyvalent Mini Tondeuse à Cheveux et Rasoir Portable Sans Fil WS-8150,250.0,149.0,40.0,En stock,Oui,0.0,,1,1,0.7981,0.4,0.8295,1,5.525452939131784,mid-range,4,1,1,1,Premium,3.242191549817413,0.8520709295506064,3
Lhmiza,WooCommerce,Beauté,Beauté,,Tondeuse KEMEI KM-679 Pro Gold Sans Fil – Précision Zéro,250.0,149.0,40.0,En stock,Oui,0.0,,1,1,0.7981,0.4,0.8295,1,5.525452939131784,mid-range,4,1,1,1,Premium,3.242191549817413,0.8520709295506064,3
Lhmiza,WooCommerce,Beauté,Beauté,,Honey & Propolis – Shampooing Hydratant et Traitement Capillaire Profond,200.0,155.0,23.0,En stock,Oui,0.0,,1,1,0.932,0.23,0.829,1,5.303304908059076,mid-range,4,1,1,1,Premium,3.0188717266798224,0.6355497096019946,3
Lhmiza,WooCommerce,Parfums,Parfums,,Chic’N Glam Diamond Pour Femme – Eau de Parfum 100 ml,250.0,150.0,40.0,En stock,Oui,0.0,,1,1,0.7956,0.4,0.8289,1,5.525452939131784,mid-range,4,16,1,1,Premium,3.5589059892486694,0.9386646297235476,2
Lhmiza,WooCommerce,Parfums,Parfums,,Lonkoom Legend Silver Hommes Eau de Toilette 100ml,220.0,139.0,37.0,En stock,Oui,0.0,,1,1,0.8192,0.37,0.8288,1,5.3981627015177525,mid-range,4,16,1,1,Premium,3.479598166008444,0.9594628763069,2
Lhmiza,WooCommerce,Parfums,Parfums,,Everyone Homme Parfum De Toilette,100.0,85.0,15.0,En stock,Oui,0.0,,1,1,0.9937,0.15,0.8284,1,4.61512051684126,low-cost,4,16,1,1,Premium,2.967096285939648,1.012418362623918,2
Lhmiza,WooCommerce,Parfums,Parfums,,Everyone Noir Homme Parfum De Toilette,100.0,85.0,15.0,En stock,Oui,0.0,,1,1,0.9937,0.15,0.8284,1,4.61512051684126,low-cost,4,16,1,1,Premium,2.967096285939648,1.012418362623918,2
Lhmiza,WooCommerce,Parfums,Parfums,,Création Lamis Parfum de toilette Everyone OUD – 100ml,100.0,85.0,15.0,En stock,Oui,0.0,,1,1,0.9937,0.15,0.8284,1,4.61512051684126,low-cost,4,16,1,1,Premium,2.967096285939648,1.012418362623918,2
Lhmiza,WooCommerce,Parfums,Parfums,,New Brand – Chic’N Glam Nowhere Pure – Eau de toilette homme – 100ml,300.0,176.0,41.0,En stock,Oui,0.0,,1,1,0.7799,0.41,0.827,1,5.707110264748875,mid-range,4,16,1,1,Premium,3.6424355192339153,0.8310041740438949,2
Lhmiza,WooCommerce,Beauté,Beauté,,"Tondeuse Kemei KM-5021 – Coupe Précise, Silencieuse et Durable",220.0,139.0,37.0,En stock,Oui,0.0,,1,1,0.8117,0.37,0.8269,1,5.3981627015177525,mid-range,4,1,1,1,Premium,3.155239951090005,0.8633111943570688,3
Lasolda,WooCommerce,Maison,Maison,,Boîte À Manger Électrique P...,139.0,179.0,22.0,En stock,Oui,0.0,,1,1,0.9283,0.22,0.8261,1,4.941642422609304,mid-range,3,13,1,1,Premium,2.69055058728031,1.0081134558111675,2
Lhmiza,WooCommerce,Téléphones & Accessoires,Téléphones & Accessoires,,Convertisseur Allume-cigare Multifonction avec Ports USB et Type-C,300.0,189.0,37.0,En stock,Oui,0.0,,1,1,0.8,0.37,0.824,1,5.707110264748875,mid-range,4,19,1,1,Premium,3.6684405449143376,0.7517745004348486,2
Lhmiza,WooCommerce,Parfums,Parfums,,Tom Ford Lost Cherry Eau de Parfum 100 ml,5.2,4.585,12.0,En stock,Oui,0.0,,1,1,0.9984,0.12,0.8236,1,1.824549292051046,low-cost,4,16,1,4,Low-cost,1.668198465094779,2.800677795523972,-1
Lhmiza,WooCommerce,Beauté,Beauté,,"Tondeuse Kemei KM-2273 – Lame en T, Puissance Pro et Autonomie XXL pour une Coupe Parfaite",300.0,164.0,45.0,En stock,Oui,0.0,,1,1,0.7301,0.45,0.8225,1,5.707110264748875,mid-range,4,1,1,1,Premium,3.338660010653402,0.8104498096827562,3
Lhmiza,WooCommerce,Beauté,Beauté,,Tondeuse Geemy GM-3152 3 en 1,300.0,165.0,45.0,En stock,Oui,0.0,,1,1,0.7301,0.45,0.8225,1,5.707110264748875,mid-range,4,1,1,1,Premium,3.338660010653402,0.8104498096827562,3
Lhmiza,WooCommerce,Beauté,Beauté,,VGR Voyager V-099 Tondeuse Électrique 3 en 1,250.0,160.0,36.0,En stock,Oui,0.0,,1,1,0.7981,0.36,0.8215,1,5.525452939131784,mid-range,4,1,1,1,Premium,3.189199235413835,0.7359477692279014,3
Lhmiza,WooCommerce,Parfums,Parfums,,CHIC ‘N GLAM Volume – Eau de Toilette Pour Homme 100 ml,300.0,186.0,38.0,En stock,Oui,0.0,,1,1,0.7799,0.38,0.821,1,5.707110264748875,mid-range,4,16,1,1,Premium,3.602691283431231,0.7439118038018663,2
Lhmiza,WooCommerce,Parfums,Parfums,,Varens D’Orient Nomad Eau de Toilette Ulric de Varens pour Homme 100 ml,220.0,147.0,33.0,En stock,Oui,0.0,,1,1,0.8192,0.33,0.8208,1,5.3981627015177525,mid-range,4,16,1,1,Premium,3.4266058516048656,0.8433397159841955,2
Lhmiza,WooCommerce,Parfums,Parfums,,Varens D’Orient Elixir Eau de Toilette Ulric de Varens pour Homme 100 ml,220.0,147.0,33.0,En stock,Oui,0.0,,1,1,0.8192,0.33,0.8208,1,5.3981627015177525,mid-range,4,16,1,1,Premium,3.4266058516048656,0.8433397159841955,2
Lhmiza,WooCommerce,Beauté,Beauté,,"Kemei KM-658 Tondeuse professionnelle avec affichage LCD, sans fil",300.0,169.0,44.0,En stock,Oui,0.0,,1,1,0.7301,0.44,0.8205,1,5.707110264748875,mid-range,4,1,1,1,Premium,3.325411932052507,0.7814190196020798,3
Lhmiza,WooCommerce,Beauté,Beauté,,"Brosse nettoyante pour Le Visage, Brosse électrique Intelligente en Silicone pour Le Nettoyage en Profondeur",300.0,168.0,44.0,En stock,Oui,0.0,,1,1,0.7301,0.44,0.8205,1,5.707110264748875,mid-range,4,1,1,1,Premium,3.325411932052507,0.7814190196020798,3
Lhmiza,WooCommerce,Parfums,Parfums,,Ana Abiyedh Lattafa Eau de Parfum pour hommes et femmes 60ml,300.0,189.0,37.0,En stock,Oui,0.0,,1,1,0.7799,0.37,0.819,1,5.707110264748875,mid-range,4,16,1,1,Premium,3.5894432048303364,0.7148810137211901,2
Lhmiza,WooCommerce,Parfums,Parfums,,Fakhar Pride Of Lattafa Pour Femmes Eau de Parfum 100ml,300.0,189.0,37.0,En stock,Oui,0.0,,1,1,0.7799,0.37,0.819,1,5.707110264748875,mid-range,4,16,1,1,Premium,3.5894432048303364,0.7148810137211901,2
Lhmiza,WooCommerce,Parfums,Parfums,,Ana Abiyedh Rouge Lattafa Eau de Parfum pour hommes et femmes 60ml,300.0,189.0,37.0,En stock,Oui,0.0,,1,1,0.7799,0.37,0.819,1,5.707110264748875,mid-range,4,16,1,1,Premium,3.5894432048303364,0.7148810137211901,2
Lhmiza,WooCommerce,Beauté,Beauté,,Shampoing Réparateur HI Repair Salerm 250 ml,200.0,165.0,18.0,En stock,Oui,0.0,,1,1,0.932,0.18,0.819,1,5.303304908059076,mid-range,4,1,1,1,Premium,2.9526313336753494,0.4903957591986135,3
Lhmiza,WooCommerce,Beauté,Beauté,,Salerm 21 Express Spray Sans Rinçage 190 ml,200.0,165.0,18.0,En stock,Oui,0.0,,1,1,0.932,0.18,0.819,1,5.303304908059076,mid-range,4,1,1,1,Premium,2.9526313336753494,0.4903957591986135,3
Lhmiza,WooCommerce,Parfums,Parfums,,Qimmah Lattafa Eau de Parfum pour femmes 100ml,300.0,189.0,37.0,En stock,Oui,0.0,,1,1,0.7799,0.37,0.819,1,5.707110264748875,mid-range,4,16,1,1,Premium,3.5894432048303364,0.7148810137211901,2
Lhmiza,WooCommerce,Parfums,Parfums,,Ajwad Lattafa Eau de Parfum pour hommes et femmes 60ml,300.0,189.0,37.0,En stock,Oui,0.0,,1,1,0.7799,0.37,0.819,1,5.707110264748875,mid-range,4,16,1,1,Premium,3.5894432048303364,0.7148810137211901,2
Lhmiza,WooCommerce,Parfums,Parfums,,Deep Sense With You Eau de Parfum 100ml,300.0,189.0,37.0,En stock,Oui,0.0,,1,1,0.7799,0.37,0.819,1,5.707110264748875,mid-range,4,16,1,1,Premium,3.5894432048303364,0.7148810137211901,2
Lhmiza,WooCommerce,Parfums,Parfums,,Qaed Al Fursan Lattafa Eau de Parfum pour hommes et femmes 90ml,300.0,189.0,37.0,En stock,Oui,0.0,,1,1,0.7799,0.37,0.819,1,5.707110264748875,mid-range,4,16,1,1,Premium,3.5894432048303364,0.7148810137211901,2
Lhmiza,WooCommerce,Beauté,Beauté,,Ivano Pro IVO-5021 – Tondeuse Professionnelle Haute Précision,230.0,155.0,33.0,En stock,Oui,0.0,,1,1,0.8058,0.33,0.8174,1,5.442417710521793,mid-range,4,1,1,1,Premium,3.117688176270656,0.7117852416272248,3
Lhmiza,WooCommerce,Beauté,Beauté,,"EMS – Mini masseur Cervical pour le cou et le corps, Vibration électrique, Stimulation musculaire",300.0,175.0,42.0,En stock,Oui,0.0,,1,1,0.7301,0.42,0.8165,1,5.707110264748875,mid-range,4,1,1,1,Premium,3.2989157748507174,0.7233574394407273,3
Lhmiza,WooCommerce,Beauté,Beauté,,Ivano Pro IVO-3033 Rasoir 4en1 Rechargeable,300.0,175.0,42.0,En stock,Oui,0.0,,1,1,0.7301,0.42,0.8165,1,5.707110264748875,mid-range,4,1,1,1,Premium,3.2989157748507174,0.7233574394407273,3
Lasolda,WooCommerce,Beauté & Sport,Beauté & Sport,,Organics Hair Mayonnaise,119.0,200.0,40.0,En stock,Oui,0.0,,1,1,0.7405,0.4,0.8151,1,4.787491742782046,mid-range,3,2,1,1,Premium,2.4819523573804925,1.3891340518926412,3
Lasolda,WooCommerce,Maison,Maison,,Hot Plate Réchaud Électriqu...,159.0,199.0,20.0,En stock,Oui,0.0,,1,1,0.8944,0.2,0.8136,1,5.075173815233827,mid-range,3,13,1,1,Premium,2.698492812965534,0.8280369656844985,2
Lhmiza,WooCommerce,Beauté,Beauté,,Tondeuse Électrique Multifonction 4 en 1 SHINON SH-7105,250.0,169.0,32.0,En stock,Oui,0.0,,1,1,0.7981,0.32,0.8135,1,5.525452939131784,mid-range,4,1,1,1,Premium,3.136206921010257,0.6198246089051969,3
Lhmiza,WooCommerce,Beauté,Beauté,,Ivano Pro IVO-988 Tondeuse Nez 3en1 Pro,250.0,169.0,32.0,En stock,Oui,0.0,,1,1,0.7981,0.32,0.8135,1,5.525452939131784,mid-range,4,1,1,1,Premium,3.136206921010257,0.6198246089051969,3
Lasolda,WooCommerce,Maison,Maison,,Barre Penderie Murale Multi...,159.0,189.0,16.0,En stock,Oui,0.0,,1,1,0.8944,0.16,0.8056,1,5.075173815233827,mid-range,3,13,1,1,Premium,2.6455004985619555,0.7119138053617937,2
Lasolda,WooCommerce,Maison,Maison,,TATCH Hachoir électrique à ...,219.0,319.0,31.0,En stock,Oui,0.0,,1,1,0.7709,0.31,0.8047,1,5.393627546352362,mid-range,3,13,1,1,Premium,2.893855095837947,0.8157516119885126,2
Lasolda,WooCommerce,Maison,Maison,,Rangement A Épices Rotatif ...,169.0,199.0,15.0,En stock,Oui,0.0,,1,1,0.8845,0.15,0.8011,1,5.135798437050262,mid-range,3,13,1,1,Premium,2.6520432219184533,0.632683046911637,2
Lasolda,WooCommerce,Maison,Maison,,Moulin à Café,169.0,199.0,15.0,En stock,Oui,0.0,,1,1,0.8845,0.15,0.8011,1,5.135798437050262,mid-range,3,13,1,1,Premium,2.6520432219184533,0.632683046911637,2
Lasolda,WooCommerce,Maison,Maison,,Levier pour meubles –...,199.0,249.0,20.0,En stock,Oui,0.0,,1,1,0.8207,0.2,0.7952,1,5.298317366548036,mid-range,3,13,1,1,Premium,2.743214208532132,0.6080975799020452,2
Lasolda,WooCommerce,Maison,Maison,,Batteur Chrome Électrique,169.0,189.0,11.0,En stock,Oui,0.0,,1,1,0.8845,0.11,0.7931,1,5.135798437050262,mid-range,3,13,1,1,Premium,2.5990509075148744,0.5165598865889321,2
Lasolda,WooCommerce,Beauté & Sport,Beauté & Sport,,Miroir De Maquillage Led Ro...,89.0,99.0,10.0,En stock,Oui,0.0,,1,1,0.8779,0.1,0.7895,1,4.499809670330265,low-cost,3,2,1,1,Premium,2.0595030250256245,0.8425866342673021,3
Lasolda,WooCommerce,Maison,Maison,,"Porte Manger Electrique , l...",179.0,199.0,10.0,En stock,Oui,0.0,,1,1,0.8645,0.1,0.7861,1,5.19295685089021,mid-range,3,13,1,1,Premium,2.596381285580029,0.430094848743635,2
Lasolda,WooCommerce,Maison,Maison,,"Patins anti-bruit, blocage...",179.0,199.0,10.0,En stock,Oui,0.0,,1,1,0.8645,0.1,0.7861,1,5.19295685089021,mid-range,3,13,1,1,Premium,2.596381285580029,0.430094848743635,2
Lasolda,WooCommerce,Maison,Maison,,Ventilateur Carré Posable 3...,249.0,350.0,29.0,En stock,Oui,0.0,,1,1,0.7072,0.29,0.7848,1,5.521460917862246,mid-range,3,13,1,1,Premium,2.8765932095580515,0.6112033777381185,2
Lasolda,WooCommerce,Maison,Maison,,"Moulinette 1,2,3 + Mixeur ...",249.0,349.0,29.0,En stock,Oui,0.0,,1,1,0.7072,0.29,0.7848,1,5.521460917862246,mid-range,3,13,1,1,Premium,2.8765932095580515,0.6112033777381185,2
Lasolda,WooCommerce,Maison,Maison,,Réchaud Électrique – ...,169.0,179.0,6.0,En stock,Oui,0.0,,1,1,0.8845,0.06,0.7831,1,5.135798437050262,mid-range,3,13,1,1,Premium,2.5328105145104014,0.3714059361855512,2
Lasolda,WooCommerce,Beauté & Sport,Beauté & Sport,,Culotte Rehausseur Des Fess...,139.0,200.0,31.0,En stock,Oui,0.0,,1,1,0.6832,0.31,0.7828,1,4.941642422609304,mid-range,3,2,1,1,Premium,2.388755359673984,0.9698446017816936,3
Lasolda,WooCommerce,Les plus demandés,Les plus demandés,,Labubu Have A Seat – Pop Ma...,299.0,500.0,40.0,En stock,Oui,0.0,,1,1,0.6,0.4,0.78,1,5.703782474656201,mid-range,3,12,1,1,Premium,3.0016505315398057,0.6999285764801739,2
Lasolda,WooCommerce,Maison,Maison,,ETENDOIR MULTIFONCTION R...,239.0,309.0,23.0,En stock,Oui,0.0,,1,1,0.7191,0.23,0.7758,1,5.480638923341991,mid-range,3,13,1,1,Premium,2.78780401234943,0.4758547688470425,2
Lasolda,WooCommerce,Automobile et bricolage,Automobile et bricolage,,Produit anti-rayures voitur...,179.0,279.0,36.0,En stock,Oui,0.0,,1,1,0.6,0.36,0.772,1,5.19295685089021,mid-range,3,0,1,1,Premium,2.4626541525137635,0.8551464189674419,3
Lasolda,WooCommerce,Beauté & Sport,Beauté & Sport,,Boite Accessoire et Maquillage,189.0,370.0,49.0,En stock,Oui,0.0,,1,1,0.4962,0.49,0.772,1,5.247024072160486,mid-range,3,2,1,1,Premium,2.622324246282564,1.1087493741858134,3
Lasolda,WooCommerce,Automobile et bricolage,Automobile et bricolage,,Mug électrique chauffant in...,129.0,149.0,13.0,En stock,Oui,0.0,,1,1,0.7818,0.13,0.7715,1,4.867534450455582,mid-range,3,0,1,1,Premium,2.1498010298628607,0.5795526138360811,3
Lasolda,WooCommerce,Maison,Maison,,Penderie Porte Manteau Simp...,299.0,500.0,40.0,En stock,Oui,0.0,,1,1,0.5637,0.4,0.7709,1,5.703782474656201,mid-range,3,13,1,1,Premium,2.99506378513634,0.6710633638655883,2
Lasolda,WooCommerce,Maison,Maison,,Boite De Rangement Maquilla...,189.0,199.0,5.0,En stock,Oui,0.0,,1,1,0.8386,0.05,0.7697,1,5.247024072160486,mid-range,3,13,1,1,Premium,2.5350399716124787,0.224226477534065,2
Lasolda,WooCommerce,Maison,Maison,,Glacière Et Distributeur D&...,189.0,199.0,5.0,En stock,Oui,0.0,,1,1,0.8386,0.05,0.7697,1,5.247024072160486,mid-range,3,13,1,1,Premium,2.5350399716124787,0.224226477534065,2
Lasolda,WooCommerce,Beauté & Sport,Beauté & Sport,,Chevillères Soutien de la C...,149.0,199.0,25.0,En stock,Oui,0.0,,1,1,0.6679,0.25,0.767,1,5.010635294096256,mid-range,3,2,1,1,Premium,2.328869826992133,0.734879772713271,3
Lasolda,WooCommerce,Beauté & Sport,Beauté & Sport,,Correcteur posture dos régl...,149.0,199.0,25.0,En stock,Oui,0.0,,1,1,0.6679,0.25,0.767,1,5.010635294096256,mid-range,3,2,1,1,Premium,2.328869826992133,0.734879772713271,3
Lasolda,WooCommerce,Maison,Maison,,Blender 1.5L Avec Moulin,269.0,389.0,31.0,En stock,Oui,0.0,,1,1,0.6195,0.31,0.7669,1,5.598421958998375,mid-range,3,13,1,1,Premium,2.870957222389238,0.5339433201911977,2
Lasolda,WooCommerce,Maison,Maison,,Moulin A Café Electrique,249.0,299.0,17.0,En stock,Oui,0.0,,1,1,0.7072,0.17,0.7608,1,5.521460917862246,mid-range,3,13,1,1,Premium,2.717616266347316,0.2628338967700041,2
Lasolda,WooCommerce,Maison,Maison,,TATCH Blender Incassable Av...,299.0,450.0,34.0,En stock,Oui,0.0,,1,1,0.5637,0.34,0.7589,1,5.703782474656201,mid-range,3,13,1,1,Premium,2.9155753135309723,0.4968786233815311,2
Lasolda,WooCommerce,Beauté & Sport,Beauté & Sport,,Aspirateur points noirs rec...,179.0,299.0,40.0,En stock,Oui,0.0,,1,1,0.5153,0.4,0.7588,1,5.19295685089021,mid-range,3,2,1,1,Premium,2.4933004435257926,0.9020695759287076,3
Lasolda,WooCommerce,Beauté & Sport,Beauté & Sport,,Oxymétre: Mesure du taux d&...,219.0,499.0,56.0,En stock,Oui,0.0,,1,1,0.374,0.56,0.7555,1,5.393627546352362,mid-range,3,2,1,1,Premium,2.6881494894602502,1.0970763955122091,3
Lasolda,WooCommerce,Maison,Maison,,Mini Chauffage Malin Express,259.0,329.0,21.0,En stock,Oui,0.0,,1,1,0.6434,0.21,0.7528,1,5.560681631015528,mid-range,3,13,1,1,Premium,2.739437042864655,0.29149289921775,2
Lasolda,WooCommerce,Maison,Maison,,TATCH Mixeur Plongeant 4 En 1,269.0,350.0,23.0,En stock,Oui,0.0,,1,1,0.6195,0.23,0.7509,1,5.598421958998375,mid-range,3,13,1,1,Premium,2.764972593582081,0.301696999545788,2
Lasolda,WooCommerce,Maison,Maison,,Presse panini,289.0,399.0,28.0,En stock,Oui,0.0,,1,1,0.5737,0.28,0.7494,1,5.66988092298052,mid-range,3,13,1,1,Premium,2.8283890826193185,0.3549790399933778,2
Lasolda,WooCommerce,Beauté & Sport,Beauté & Sport,,Bande Lifting Visage V-FACE,189.0,300.0,37.0,En stock,Oui,0.0,,1,1,0.4962,0.37,0.748,1,5.247024072160486,mid-range,3,2,1,1,Premium,2.4633473030718287,0.7603798932176992,3
Lasolda,WooCommerce,Beauté & Sport,Beauté & Sport,,Brosse nettoyante exfoliant...,149.0,169.0,12.0,En stock,Oui,0.0,,1,1,0.6679,0.12,0.741,1,5.010635294096256,mid-range,3,2,1,1,Premium,2.156644805180504,0.3574795016644804,3
Lasolda,WooCommerce,Maison,Maison,,Moule A Gâteau Cake Electri...,399.0,699.0,43.0,En stock,Oui,0.0,,1,1,0.4124,0.43,0.7391,1,5.991464547107982,mid-range,3,13,1,1,Premium,3.049419460604485,0.4207805940960995,2
Lasolda,WooCommerce,Beauté & Sport,Beauté & Sport,,Palette De Fards à Paupière...,139.0,149.0,7.0,En stock,Oui,0.0,,1,1,0.6832,0.07,0.7348,1,4.941642422609304,mid-range,3,2,1,1,Premium,2.070801473252513,0.2731056398454651,3
Lasolda,WooCommerce,Beauté & Sport,Beauté & Sport,,Brosse Peigne Chauffant A C...,199.0,300.0,34.0,En stock,Oui,0.0,,1,1,0.4618,0.34,0.7335,1,5.298317366548036,mid-range,3,2,1,1,Premium,2.420826084395887,0.6064040032904845,3
Lasolda,WooCommerce,Maison,Maison,,Crêpière électrique 8 Personne,299.0,379.0,21.0,En stock,Oui,0.0,,1,1,0.5637,0.21,0.7329,1,5.703782474656201,mid-range,3,13,1,1,Premium,2.7433502917193424,0.1194783523327405,2
Lasolda,WooCommerce,Beauté & Sport,Beauté & Sport,,Tondeuse à cheveux professi...,199.0,299.0,33.0,En stock,Oui,0.0,,1,1,0.4618,0.33,0.7315,1,5.298317366548036,mid-range,3,2,1,1,Premium,2.4075780057949925,0.5773732132098084,3
Lasolda,WooCommerce,Beauté & Sport,Beauté & Sport,,Appareil de musculation abd...,249.0,499.0,50.0,En stock,Oui,0.0,,1,1,0.3206,0.5,0.7302,1,5.521460917862246,mid-range,3,2,1,1,Premium,2.625844815283445,0.7863453019870751,3
Lasolda,WooCommerce,Beauté & Sport,Beauté & Sport,,Pack Beauté Brosse De Visag...,219.0,379.0,42.0,En stock,Oui,0.0,,1,1,0.374,0.42,0.7275,1,5.393627546352362,mid-range,3,2,1,1,Premium,2.5026763890477257,0.6906453343827427,3
Lasolda,WooCommerce,Maison,Maison,,Hachoir Electrique Moulinet...,289.0,350.0,17.0,En stock,Oui,0.0,,1,1,0.5737,0.17,0.7274,1,5.66988092298052,mid-range,3,13,1,1,Premium,2.682660218009478,0.03564034910594,2
Lasolda,WooCommerce,Beauté & Sport,Beauté & Sport,,Coussin Orthopédique Soulag...,199.0,279.0,29.0,En stock,Oui,0.0,,1,1,0.4618,0.29,0.7235,1,5.298317366548036,mid-range,3,2,1,1,Premium,2.354585691391414,0.4612500528871034,3
Lasolda,WooCommerce,Maison,Maison,,Séchoir linge portable élec...,299.0,349.0,14.0,En stock,Oui,0.0,,1,1,0.5637,0.14,0.7189,1,5.703782474656201,mid-range,3,13,1,1,Premium,2.65061374151308,-0.0837371782319927,2
Lasolda,WooCommerce,Maison,Maison,,TATCH Robot Multifonction,359.0,499.0,28.0,En stock,Oui,0.0,,1,1,0.4502,0.28,0.7186,1,5.886104031450156,mid-range,3,13,1,1,Premium,2.832065630375088,0.0922714427392505,2
Lasolda,WooCommerce,Maison,Maison,,Kit Aiid Al Adha – Ai...,369.0,497.0,26.0,En stock,Oui,0.0,,1,1,0.4402,0.26,0.7121,1,5.91350300563827,mid-range,3,13,1,1,Premium,2.81032460850393,0.0062839519259089,2
Lasolda,WooCommerce,Beauté & Sport,Beauté & Sport,,Trousse De Pinceaux Maquill...,269.0,499.0,46.0,En stock,Oui,0.0,,1,1,0.2786,0.46,0.7116,1,5.598421958998375,mid-range,3,2,1,1,Premium,2.575270221711329,0.5781025815876392,3
Lasolda,WooCommerce,Beauté & Sport,Beauté & Sport,,BALLON FITNESS ADULTE 65 CM,169.0,190.0,11.0,En stock,Oui,0.0,,1,1,0.5534,0.11,0.7104,1,5.135798437050262,mid-range,3,2,1,1,Premium,2.112592254330216,0.1351975978231961,3
Lasolda,WooCommerce,Maison,Maison,,"Étagère Salle De Bain , Gai...",279.0,299.0,7.0,En stock,Oui,0.0,,1,1,0.5837,0.07,0.7099,1,5.634789603169249,mid-range,3,13,1,1,Premium,2.5419432646171485,-0.2215847889594541,2
Lasolda,WooCommerce,Maison,Maison,,Coussin Masseur Corps Cou,299.0,329.0,9.0,En stock,Oui,0.0,,1,1,0.5637,0.09,0.7089,1,5.703782474656201,mid-range,3,13,1,1,Premium,2.584373348508607,-0.2288911286353738,2
Lasolda,WooCommerce,Maison,Maison,,Lunch Box Scolaire – 2 Boît...,329.0,400.0,18.0,En stock,Oui,0.0,,1,1,0.49,0.18,0.7085,1,5.799092654460526,mid-range,3,13,1,1,Premium,2.690478768462884,-0.1018555137037172,2
Lasolda,WooCommerce,Maison,Maison,,Armoire De Rangement Avec P...,329.0,399.0,18.0,En stock,Oui,0.0,,1,1,0.49,0.18,0.7085,1,5.799092654460526,mid-range,3,13,1,1,Premium,2.690478768462884,-0.1018555137037172,2
Lasolda,WooCommerce,Beauté & Sport,Beauté & Sport,,Nettoyeur UltraSonic purifi...,249.0,399.0,38.0,En stock,Oui,0.0,,1,1,0.3206,0.38,0.7062,1,5.521460917862246,mid-range,3,2,1,1,Premium,2.46686787207271,0.4379758210189611,3
Justyol,Shopify,Homme,Men,TOWN TEAM,Short de bain tie-dye gris pour homme - Confort et style pour l'été - SWO24SSTE11396TM1 - Pink / 4XL,79.0,399.0,80.0,En stock,,0.0,,1,0,0.9843,0.8,0.7061,1,4.382026634673881,low-cost,1,11,0,4,Low-cost,0.0958602158008991,2.5908897635908734,0
Justyol,Shopify,Homme,Men,TOWN TEAM,T-shirt pour homme au design simple avec poche poitrine - Un look moderne et confortable - TSH24SBRR20013TM1 - Black / 3XL,79.0,399.0,80.0,En stock,,0.0,,1,0,0.9843,0.8,0.7061,1,4.382026634673881,low-cost,1,11,0,4,Low-cost,0.0958602158008991,2.5908897635908734,0
Lasolda,WooCommerce,Beauté & Sport,Beauté & Sport,,Masseur De Tête Electrique ...,199.0,249.0,20.0,En stock,Oui,0.0,,1,1,0.4618,0.2,0.7055,1,5.298317366548036,mid-range,3,2,1,1,Premium,2.2353529839833626,0.1999729421610177,3
Lasolda,WooCommerce,Maison,Maison,,Ventilateur Colonne Avec Té...,449.0,649.0,31.0,En stock,Oui,0.0,,1,1,0.3725,0.31,0.7051,1,6.1092475827643655,mid-range,3,13,1,1,Premium,2.913168000530008,-0.0447810847830059,2
Justyol,Shopify,Homme,Men,TOWN TEAM,Short de bain pour homme en tissu léger et à séchage rapide – Design confortable avec ceinture ajustable – SWO24SSAE11394TM1 - CYAN / 4XL,79.0,359.0,78.0,En stock,,0.0,,1,0,0.9843,0.78,0.7021,1,4.382026634673881,low-cost,1,11,0,4,Low-cost,0.0693640585991098,2.5328281834295208,0
Justyol,Shopify,Homme,Men,TOWN TEAM,Short de bain pour homme en tissu léger et à séchage rapide – Design confortable avec ceinture ajustable – SWO24SSAE11394TM1 - Pink / 3XL,79.0,359.0,78.0,En stock,,0.0,,1,0,0.9843,0.78,0.7021,1,4.382026634673881,low-cost,1,11,0,4,Low-cost,0.0693640585991098,2.5328281834295208,0
Justyol,Shopify,Homme,Men,TOWN TEAM,Shorts de Bain Homme Tie-Dye Bleu – Style Moderne et Confort pour l'Été - SWO24SSTE11425TM1 - Blue / 3XL,79.0,359.0,78.0,En stock,,0.0,,1,0,0.9843,0.78,0.7021,1,4.382026634673881,low-cost,1,11,0,4,Low-cost,0.0693640585991098,2.5328281834295208,0
Justyol,Shopify,Homme,Men,TOWN TEAM,Short de Bain Homme Moderne avec Imprimé Coloré – Style Tendance - SWO24SSAE11426TM1 - Black / 3XL,79.0,359.0,78.0,En stock,,0.0,,1,0,0.9843,0.78,0.7021,1,4.382026634673881,low-cost,1,11,0,4,Low-cost,0.0693640585991098,2.5328281834295208,0
Justyol,Shopify,Homme,Men,TOWN TEAM,Short de bain homme décoré avec motif coloré - SWO24SSAE11430TM1 - Blue / 3XL,79.0,359.0,78.0,En stock,,0.0,,1,0,0.9843,0.78,0.7021,1,4.382026634673881,low-cost,1,11,0,4,Low-cost,0.0693640585991098,2.5328281834295208,0
Lasolda,WooCommerce,Beauté & Sport,Beauté & Sport,,Brosse Lissante Homme – Ant...,189.0,219.0,14.0,En stock,Oui,0.0,,1,1,0.4962,0.14,0.7021,1,5.247024072160486,mid-range,3,2,1,1,Premium,2.15894724627074,0.0930540406332221,3
Justyol,Shopify,Homme,Men,TOWN TEAM,Short de bain pour homme en tissu léger et à séchage rapide – Design confortable avec ceinture ajustable – SWO24SSAE11394TM1 - CYAN / 3XL,79.0,359.0,78.0,En stock,,0.0,,1,0,0.9843,0.78,0.7021,1,4.382026634673881,low-cost,1,11,0,4,Low-cost,0.0693640585991098,2.5328281834295208,0
Justyol,Shopify,Homme,Men,TOWN TEAM,Short de bain pour homme en tissu léger et à séchage rapide – Design confortable avec ceinture ajustable – SWO24SSAE11394TM1 - Pink / 4XL,79.0,359.0,78.0,En stock,,0.0,,1,0,0.9843,0.78,0.7021,1,4.382026634673881,low-cost,1,11,0,4,Low-cost,0.0693640585991098,2.5328281834295208,0
Justyol,Shopify,Homme,Men,TOWN TEAM,Short de bain pour homme en tissu léger et à séchage rapide – Design confortable avec ceinture ajustable – SWO24SSAE11394TM1 - Pink / 2XL,79.0,359.0,78.0,En stock,,0.0,,1,0,0.9843,0.78,0.7021,1,4.382026634673881,low-cost,1,11,0,4,Low-cost,0.0693640585991098,2.5328281834295208,0
Justyol,Shopify,Homme,Men,TOWN TEAM,Short de bain pour homme en tissu léger et à séchage rapide – Design confortable avec ceinture ajustable – SWO24SSAE11394TM1 - ROYAL-B / 3XL,79.0,359.0,78.0,En stock,,0.0,,1,0,0.9843,0.78,0.7021,1,4.382026634673881,low-cost,1,11,0,4,Low-cost,0.0693640585991098,2.5328281834295208,0
Justyol,Shopify,Homme,Men,TOWN TEAM,Short de bain pour homme en tissu léger et à séchage rapide – Design confortable avec ceinture ajustable – SWO24SSAE11394TM1 - Orange / 4XL,79.0,359.0,78.0,En stock,,0.0,,1,0,0.9843,0.78,0.7021,1,4.382026634673881,low-cost,1,11,0,4,Low-cost,0.0693640585991098,2.5328281834295208,0
Justyol,Shopify,Homme,Men,TOWN TEAM,Shorts de Bain Homme Moderne – Design Tête de Mort et Fleurs en Bleu pour l'Été - SWO24SSAE11428TM1 - Blue / 4XL,79.0,359.0,78.0,En stock,,0.0,,1,0,0.9843,0.78,0.7021,1,4.382026634673881,low-cost,1,11,0,4,Low-cost,0.0693640585991098,2.5328281834295208,0
Justyol,Shopify,Homme,Men,TOWN TEAM,Shorts de Bain Homme Moderne – Design Tête de Mort et Fleurs en Bleu pour l'Été - SWO24SSAE11428TM1 - Blue / 3XL,79.0,359.0,78.0,En stock,,0.0,,1,0,0.9843,0.78,0.7021,1,4.382026634673881,low-cost,1,11,0,4,Low-cost,0.0693640585991098,2.5328281834295208,0
Justyol,Shopify,Homme,Men,TOWN TEAM,Short de bain pour homme en tissu léger et à séchage rapide – Design confortable avec ceinture ajustable – SWO24SSAE11394TM1 - Orange / 3XL,79.0,359.0,78.0,En stock,,0.0,,1,0,0.9843,0.78,0.7021,1,4.382026634673881,low-cost,1,11,0,4,Low-cost,0.0693640585991098,2.5328281834295208,0
Justyol,Shopify,Homme,Men,TOWN TEAM,Short de bain pour homme en tissu léger et à séchage rapide – Design confortable avec ceinture ajustable – SWO24SSAE11394TM1 - ROYAL-B / 4XL,79.0,359.0,78.0,En stock,,0.0,,1,0,0.9843,0.78,0.7021,1,4.382026634673881,low-cost,1,11,0,4,Low-cost,0.0693640585991098,2.5328281834295208,0
Justyol,Shopify,Homme,Men,TOWN TEAM,Short de Bain Homme Corail à Imprimé Crabe – Style Estival et Confortable - SWO24SSAE11429TM1 - Coral / 4XL,79.0,359.0,78.0,En stock,,0.0,,1,0,0.9843,0.78,0.7021,1,4.382026634673881,low-cost,1,11,0,4,Low-cost,0.0693640585991098,2.5328281834295208,0
Lasolda,WooCommerce,Automobile et bricolage,Automobile et bricolage,,Chauffage de Voiture Anti-...,269.0,369.0,27.0,En stock,Oui,0.0,,1,1,0.3818,0.27,0.6995,1,5.598421958998375,mid-range,3,0,1,1,Premium,2.3602730496017834,0.1136865791567834,3
Lasolda,WooCommerce,Maison,Maison,,Cafetière A Expresso Et Cap...,469.0,679.0,31.0,En stock,Oui,0.0,,1,1,0.3426,0.31,0.6977,1,6.152732694704104,mid-range,3,13,1,1,Premium,2.9102208269559062,-0.1022245848416395,2
Justyol,Shopify,Enfants,Kids Babies All,TOWN TEAM,T-shirt Enfant avec Impression Colorée et Message Inspirant - Confortable et Moderne - TSH24SPRO32640TB1 - OFF WHIT / 10,69.0,299.0,77.0,En stock,,0.0,,1,0,0.9677,0.77,0.6959,1,4.248495242049359,low-cost,1,7,0,4,Low-cost,-0.1020991678431986,2.553554391674389,0
Justyol,Shopify,Homme,Men,TOWN TEAM,T-shirt homme en vert avec graphique et texte en arabe - Style décontracté - TSH24SPRO20920TM1 - Green-ylw / L,99.0,439.0,77.0,En stock,,0.0,,1,0,0.9666,0.77,0.6956,1,4.605170185988092,low-cost,1,11,0,4,Low-cost,0.1433367672735477,2.337000386245898,0
Justyol,Shopify,Homme,Men,TOWN TEAM,T-shirt homme noir avec col Henley et boutons - TSH24SBRO20007TM1 - Black / S,99.0,439.0,77.0,En stock,,0.0,,1,0,0.9666,0.77,0.6956,1,4.605170185988092,low-cost,1,11,0,4,Low-cost,0.1433367672735477,2.337000386245898,0
Justyol,Shopify,Homme,Men,TOWN TEAM,T-shirt homme noir avec col Henley et boutons - TSH24SBRO20007TM1 - Black / 3XL,99.0,439.0,77.0,En stock,,0.0,,1,0,0.9666,0.77,0.6956,1,4.605170185988092,low-cost,1,11,0,4,Low-cost,0.1433367672735477,2.337000386245898,0
Justyol,Shopify,Homme,Men,TOWN TEAM,Chemise pour homme à carreaux à manches longues – Design moderne et confortable – FSH23GCCR19815TM1 - BEG/BLK / 6XL,119.0,599.0,80.0,En stock,,0.0,,1,0,0.9406,0.8,0.6952,1,4.787491742782046,mid-range,1,11,0,4,Low-cost,0.2460192647934317,2.277398236695258,0
Justyol,Shopify,Homme,Men,TOWN TEAM,Chemise pour homme à carreaux à manches longues – Design moderne et confortable – FSH23GCCR19815TM1 - BEG/BLK / 5XL,119.0,599.0,80.0,En stock,,0.0,,1,0,0.9406,0.8,0.6952,1,4.787491742782046,mid-range,1,11,0,4,Low-cost,0.2460192647934317,2.277398236695258,0
Justyol,Shopify,Homme,Men,TOWN TEAM,Chemise homme à carreaux à manches longues avec poche poitrine - FSH23GCCR19819TM1 - BEG/NVY / 5XL,119.0,599.0,80.0,En stock,,0.0,,1,0,0.9406,0.8,0.6952,1,4.787491742782046,mid-range,1,11,0,4,Low-cost,0.2460192647934317,2.277398236695258,0
Justyol,Shopify,Homme,Men,TOWN TEAM,Chemise homme à carreaux à manches longues avec poche poitrine - FSH23GCCR19819TM1 - BEG/NVY / 7XL,119.0,599.0,80.0,En stock,,0.0,,1,0,0.9406,0.8,0.6952,1,4.787491742782046,mid-range,1,11,0,4,Low-cost,0.2460192647934317,2.277398236695258,0
Justyol,Shopify,Homme,Men,TOWN TEAM,Chemise homme à carreaux à manches longues avec poche poitrine - FSH23GCCR19819TM1 - BEG/NVY / 6XL,119.0,599.0,80.0,En stock,,0.0,,1,0,0.9406,0.8,0.6952,1,4.787491742782046,mid-range,1,11,0,4,Low-cost,0.2460192647934317,2.277398236695258,0
Justyol,Shopify,Homme,Men,TOWN TEAM,Chemise homme à carreaux à manches longues avec poche poitrine - FSH23GCCR19819TM1 - BEG/NVY / 4XL,119.0,599.0,80.0,En stock,,0.0,,1,0,0.9406,0.8,0.6952,1,4.787491742782046,mid-range,1,11,0,4,Low-cost,0.2460192647934317,2.277398236695258,0
Justyol,Shopify,Homme,Men,TOWN TEAM,Chemise pour homme à carreaux à manches longues – Design moderne et confortable – FSH23GCCR19815TM1 - BEG/BLK / 7XL,119.0,599.0,80.0,En stock,,0.0,,1,0,0.9406,0.8,0.6952,1,4.787491742782046,mid-range,1,11,0,4,Low-cost,0.2460192647934317,2.277398236695258,0
Justyol,Shopify,Enfants,Kids Babies All,TOWN TEAM,Short de bain pour garçon décoré - Design confortable et moderne - SWO24SSAE11388TB1 - Blue / 8,59.0,239.0,75.0,En stock,,0.0,,1,0,0.9769,0.75,0.6942,1,4.0943445622221,low-cost,1,7,0,4,Low-cost,-0.1913211570850063,2.6076268383688284,0
Justyol,Shopify,Enfants,Kids Babies All,TOWN TEAM,Short de bain pour garçon décoré - Design confortable et moderne - SWO24SSAE11388TB1 - Blue / 6,59.0,239.0,75.0,En stock,,0.0,,1,0,0.9769,0.75,0.6942,1,4.0943445622221,low-cost,1,7,0,4,Low-cost,-0.1913211570850063,2.6076268383688284,0
Justyol,Shopify,Enfants,Kids Babies All,TOWN TEAM,Chemise garçon à manches courtes avec imprimé distinctif – SSH24SAIC19405TB1 - BLK/WHT / 10,79.0,359.0,78.0,En stock,,0.0,,1,0,0.9478,0.78,0.693,1,4.382026634673881,low-cost,1,7,0,4,Low-cost,-0.0434056696537486,2.47433376554847,0
Justyol,Shopify,Enfants,Kids Babies All,TOWN TEAM,T-shirt enfant garçon décoré à manches courtes - SSH24SPCR31118TB1 - White / 12,79.0,359.0,78.0,En stock,,0.0,,1,0,0.9478,0.78,0.693,1,4.382026634673881,low-cost,1,7,0,4,Low-cost,-0.0434056696537486,2.47433376554847,0
Justyol,Shopify,Enfants,Kids Babies All,TOWN TEAM,Chemise garçon à manches courtes avec boutons sur le devant – SSH24SAER31105TB1 - Navy / 14,79.0,359.0,78.0,En stock,,0.0,,1,0,0.9478,0.78,0.693,1,4.382026634673881,low-cost,1,7,0,4,Low-cost,-0.0434056696537486,2.47433376554847,0
Justyol,Shopify,Enfants,Kids Babies All,TOWN TEAM,T-shirt enfant garçon décoré à manches courtes - SSH24SPCR31118TB1 - Mint / 14,79.0,359.0,78.0,En stock,,0.0,,1,0,0.9478,0.78,0.693,1,4.382026634673881,low-cost,1,7,0,4,Low-cost,-0.0434056696537486,2.47433376554847,0
Justyol,Shopify,Enfants,Kids Babies All,TOWN TEAM,Chemise garçon à manches courtes avec boutons sur le devant – SSH24SAER31105TB1 - Navy / 12,79.0,359.0,78.0,En stock,,0.0,,1,0,0.9478,0.78,0.693,1,4.382026634673881,low-cost,1,7,0,4,Low-cost,-0.0434056696537486,2.47433376554847,0
Justyol,Shopify,Enfants,Kids Babies All,TOWN TEAM,Chemise garçon à manches courtes avec imprimé distinctif – SSH24SAIC19405TB1 - BLK/WHT / 12,79.0,359.0,78.0,En stock,,0.0,,1,0,0.9478,0.78,0.693,1,4.382026634673881,low-cost,1,7,0,4,Low-cost,-0.0434056696537486,2.47433376554847,0
Justyol,Shopify,Enfants,Kids Babies All,TOWN TEAM,T-shirt enfant garçon décoré à manches courtes - SSH24SPCR31118TB1 - Mint / 12,79.0,359.0,78.0,En stock,,0.0,,1,0,0.9478,0.78,0.693,1,4.382026634673881,low-cost,1,7,0,4,Low-cost,-0.0434056696537486,2.47433376554847,0
Justyol,Shopify,Enfants,Kids Babies All,TOWN TEAM,Chemise garçon à manches courtes avec imprimé distinctif – SSH24SAIC19405TB1 - BLK/WHT / 14,79.0,359.0,78.0,En stock,,0.0,,1,0,0.9478,0.78,0.693,1,4.382026634673881,low-cost,1,7,0,4,Low-cost,-0.0434056696537486,2.47433376554847,0
Justyol,Shopify,Enfants,Kids Babies All,TOWN TEAM,T-shirt enfant garçon décoré à manches courtes - SSH24SPCR31118TB1 - White / 14,79.0,359.0,78.0,En stock,,0.0,,1,0,0.9478,0.78,0.693,1,4.382026634673881,low-cost,1,7,0,4,Low-cost,-0.0434056696537486,2.47433376554847,0
Justyol,Shopify,Enfants,Kids Babies All,TOWN TEAM,"T-shirt enfant ""Game Play"" - Style décontracté et graphique - TSH24SARO32635TB1 - OFF WHIT / 10",69.0,279.0,75.0,En stock,,0.0,,1,0,0.9677,0.75,0.6919,1,4.248495242049359,low-cost,1,7,0,4,Low-cost,-0.1285953250449878,2.4954928115130364,0
Lasolda,WooCommerce,Maison,Maison,,"Robot 4 en 1 (Blender, Cent...",499.0,699.0,29.0,En stock,Oui,0.0,,1,1,0.3347,0.29,0.6917,1,6.214608098422191,mid-range,3,13,1,1,Premium,2.905610245563686,-0.2094130455265763,2
Lasolda,WooCommerce,Maison,Maison,,"Barbecue , Grille , Electri...",499.0,700.0,29.0,En stock,Oui,0.0,,1,1,0.3347,0.29,0.6917,1,6.214608098422191,mid-range,3,13,1,1,Premium,2.905610245563686,-0.2094130455265763,2
Justyol,Shopify,Homme,Men,TOWN TEAM,T‑shirt homme moderne manches courtes -TSH24SPRO20179TM1 - D-ORANGE / 4XL,99.0,399.0,75.0,En stock,,0.0,,1,0,0.9666,0.75,0.6916,1,4.605170185988092,low-cost,1,11,0,4,Low-cost,0.1168406100717584,2.278938806084545,0
Justyol,Shopify,Homme,Men,TOWN TEAM,T-shirt oversize pour homme - Confort et style décontracté - TSH24SPRO20997TM1 - L-BEIGE / 3XL,99.0,399.0,75.0,En stock,,0.0,,1,0,0.9666,0.75,0.6916,1,4.605170185988092,low-cost,1,11,0,4,Low-cost,0.1168406100717584,2.278938806084545,0
Justyol,Shopify,Homme,Men,TOWN TEAM,T-shirt Homme Ample à Rayures – Élégance Simple et Confort Moderne - TSH24SPRO20114TM1 - D-OLIVE / 2XL,99.0,399.0,75.0,En stock,,0.0,,1,0,0.9666,0.75,0.6916,1,4.605170185988092,low-cost,1,11,0,4,Low-cost,0.1168406100717584,2.278938806084545,0
Justyol,Shopify,Homme,Men,TOWN TEAM,T-shirt oversize pour homme - Confort et style décontracté - TSH24SPRO20997TM1 - Black / 3XL,99.0,399.0,75.0,En stock,,0.0,,1,0,0.9666,0.75,0.6916,1,4.605170185988092,low-cost,1,11,0,4,Low-cost,0.1168406100717584,2.278938806084545,0
Justyol,Shopify,Homme,Men,TOWN TEAM,T‑shirt homme moderne manches courtes -TSH24SPRO20179TM1 - Olive / 4XL,99.0,399.0,75.0,En stock,,0.0,,1,0,0.9666,0.75,0.6916,1,4.605170185988092,low-cost,1,11,0,4,Low-cost,0.1168406100717584,2.278938806084545,0
Lasolda,WooCommerce,Beauté & Sport,Beauté & Sport,,Mini Stylo Laser Anti-Rides...,199.0,229.0,13.0,En stock,Oui,0.0,,1,1,0.4618,0.13,0.6915,1,5.298317366548036,mid-range,3,2,1,1,Premium,2.1426164337771003,-0.0032425884037156,3
Justyol,Shopify,Ventes Flash,All Best Selling,JWOMEN,Jupe satin femme – Jupe midi fluide élégante 100% polyester - m. kahverengi / 42,46.2,160.0,71.0,En stock,,0.0,,1,0,0.9955,0.71,0.6909,1,3.8543938925915096,low-cost,1,20,0,0,Mid-range,-0.0624527616970305,2.7473685388417635,0
Justyol,Shopify,Ventes Flash,All Best Selling,JWOMEN,Jupe satin femme – Jupe midi fluide élégante 100% polyester - siyah / 42,46.2,160.0,71.0,En stock,,0.0,,1,0,0.9955,0.71,0.6909,1,3.8543938925915096,low-cost,1,20,0,0,Mid-range,-0.0624527616970305,2.7473685388417635,0
Lasolda,WooCommerce,Beauté & Sport,Beauté & Sport,,"Balance , Pèse Personne Imp...",229.0,300.0,24.0,En stock,Oui,0.0,,1,1,0.3588,0.24,0.6877,1,5.438079308923196,mid-range,3,2,1,1,Premium,2.272708277640025,0.1237630761636376,3
Justyol,Shopify,Homme,Men,TOWN TEAM,Chemise homme à manches longues avec poche poitrine - FSH23APCR19813TM1 - Olive / 7XL,119.0,499.0,76.0,En stock,,0.0,,1,0,0.9406,0.76,0.6872,1,4.787491742782046,mid-range,1,11,0,4,Low-cost,0.1930269503898531,2.161275076372553,0
Justyol,Shopify,Homme,Men,TOWN TEAM,Chemise homme à manches longues avec poche poitrine - FSH23APCR19813TM1 - Olive / 5XL,119.0,499.0,76.0,En stock,,0.0,,1,0,0.9406,0.76,0.6872,1,4.787491742782046,mid-range,1,11,0,4,Low-cost,0.1930269503898531,2.161275076372553,0
Justyol,Shopify,Homme,Men,TOWN TEAM,Chemise homme à manches longues avec poche poitrine - FSH23APCR19813TM1 - White / 6XL,119.0,499.0,76.0,En stock,,0.0,,1,0,0.9406,0.76,0.6872,1,4.787491742782046,mid-range,1,11,0,4,Low-cost,0.1930269503898531,2.161275076372553,0
Justyol,Shopify,Homme,Men,TOWN TEAM,Chemise homme à manches longues avec poche poitrine - FSH23APCR19813TM1 - Olive / 6XL,119.0,499.0,76.0,En stock,,0.0,,1,0,0.9406,0.76,0.6872,1,4.787491742782046,mid-range,1,11,0,4,Low-cost,0.1930269503898531,2.161275076372553,0
Justyol,Shopify,Homme,Men,TOWN TEAM,Chemise homme à manches longues avec poche poitrine - FSH23APCR19813TM1 - White / 7XL,119.0,499.0,76.0,En stock,,0.0,,1,0,0.9406,0.76,0.6872,1,4.787491742782046,mid-range,1,11,0,4,Low-cost,0.1930269503898531,2.161275076372553,0
Justyol,Shopify,Homme,Men,TOWN TEAM,Chemise homme à manches longues avec poche poitrine - FSH23APCR19813TM1 - Brick / 6XL,119.0,499.0,76.0,En stock,,0.0,,1,0,0.9406,0.76,0.6872,1,4.787491742782046,mid-range,1,11,0,4,Low-cost,0.1930269503898531,2.161275076372553,0
Justyol,Shopify,Homme,Men,TOWN TEAM,Chemise homme à manches longues avec poche poitrine - FSH23APCR19813TM1 - Brick / 5XL,119.0,499.0,76.0,En stock,,0.0,,1,0,0.9406,0.76,0.6872,1,4.787491742782046,mid-range,1,11,0,4,Low-cost,0.1930269503898531,2.161275076372553,0
Justyol,Shopify,Homme,Men,TOWN TEAM,Chemise homme à manches longues avec poche poitrine - FSH23APCR19813TM1 - White / 5XL,119.0,499.0,76.0,En stock,,0.0,,1,0,0.9406,0.76,0.6872,1,4.787491742782046,mid-range,1,11,0,4,Low-cost,0.1930269503898531,2.161275076372553,0
Justyol,Shopify,Homme,Men,TOWN TEAM,Chemise homme à manches longues avec poche poitrine - FSH23APCR19813TM1 - Olive / 4XL,119.0,499.0,76.0,En stock,,0.0,,1,0,0.9406,0.76,0.6872,1,4.787491742782046,mid-range,1,11,0,4,Low-cost,0.1930269503898531,2.161275076372553,0
Lasolda,WooCommerce,Maison,Maison,,Boite De Rangement Bijoux E...,459.0,600.0,24.0,En stock,Oui,0.0,,1,1,0.3546,0.24,0.6867,1,6.131226489483141,mid-range,3,13,1,1,Premium,2.816924562662124,-0.2795530468542155,2
Justyol,Shopify,Ventes Flash,All Best Selling,JWOMEN,"Robe Chemise Imprimée 2455 – 100 % Viscose, Élégance Estivale - yeşil / 40",72.0,248.0,71.0,En stock,,0.0,,1,0,0.9764,0.71,0.6861,1,4.290459441148391,low-cost,1,20,0,0,Mid-range,0.1202047760251273,2.4366843357529486,0
Lhmiza,WooCommerce,Maquillage,Maquillage,,"Pinceaux Maquillages Professionnels Kit de 8pcs, Poils Synthétiques Vegan, 100% Sans Cruauté, Soyeux et Denses",200.0,99.0,51.0,En stock,Oui,0.0,,1,1,0.136,0.51,0.686,1,5.303304908059076,mid-range,4,14,1,1,Premium,3.057449151533576,0.7646324161133129,2
Lhmiza,WooCommerce,Maquillage,Maquillage,,Etagère Rotative Multi Rangement EZ Organizer,200.0,99.0,51.0,En stock,Oui,0.0,,1,1,0.136,0.51,0.686,1,5.303304908059076,mid-range,4,14,1,1,Premium,3.057449151533576,0.7646324161133129,2
Justyol,Shopify,Homme,Men,TOWN TEAM,T-shirt pour homme noir simple - TSH24SBRO20178TM1 - OFF WHIT / 6XL,99.0,359.0,72.0,En stock,,0.0,,1,0,0.9666,0.72,0.6856,1,4.605170185988092,low-cost,1,11,0,4,Low-cost,0.0770963742690746,2.1918464358425167,0
Justyol,Shopify,Homme,Men,TOWN TEAM,T-shirt pour homme noir simple - TSH24SBRO20178TM1 - Stone / 3XL,99.0,359.0,72.0,En stock,,0.0,,1,0,0.9666,0.72,0.6856,1,4.605170185988092,low-cost,1,11,0,4,Low-cost,0.0770963742690746,2.1918464358425167,0
Justyol,Shopify,Homme,Men,TOWN TEAM,T-shirt pour homme noir simple - TSH24SBRO20178TM1 - Stone / 5XL,99.0,359.0,72.0,En stock,,0.0,,1,0,0.9666,0.72,0.6856,1,4.605170185988092,low-cost,1,11,0,4,Low-cost,0.0770963742690746,2.1918464358425167,0
Justyol,Shopify,Homme,Men,TOWN TEAM,T-shirt Homme Imprimé Flamme – Style Moderne et Décontracté - TSH24SPRO20192TM1 - Beige / 3XL,99.0,359.0,72.0,En stock,,0.0,,1,0,0.9666,0.72,0.6856,1,4.605170185988092,low-cost,1,11,0,4,Low-cost,0.0770963742690746,2.1918464358425167,0
Justyol,Shopify,Homme,Men,TOWN TEAM,T-shirt pour homme noir élégant - TSH24SBRO20010TM1 - Black / 3XL,99.0,359.0,72.0,En stock,,0.0,,1,0,0.9666,0.72,0.6856,1,4.605170185988092,low-cost,1,11,0,4,Low-cost,0.0770963742690746,2.1918464358425167,0
Justyol,Shopify,Homme,Men,TOWN TEAM,T-shirt pour homme noir élégant - TSH24SBRO20010TM1 - Black / 2XL,99.0,359.0,72.0,En stock,,0.0,,1,0,0.9666,0.72,0.6856,1,4.605170185988092,low-cost,1,11,0,4,Low-cost,0.0770963742690746,2.1918464358425167,0
Justyol,Shopify,Homme,Men,TOWN TEAM,T-shirt pour homme noir simple - TSH24SBRO20178TM1 - Olive / 3XL,99.0,359.0,72.0,En stock,,0.0,,1,0,0.9666,0.72,0.6856,1,4.605170185988092,low-cost,1,11,0,4,Low-cost,0.0770963742690746,2.1918464358425167,0
Justyol,Shopify,Enfants,Kids Babies All,TOWN TEAM,Polo pour garçon brodé au design moderne - POS24SPPR31285TB1 - TURQUOIS / 14,79.0,299.0,74.0,En stock,,0.0,,1,0,0.9478,0.74,0.685,1,4.382026634673881,low-cost,1,7,0,4,Low-cost,-0.0963979840573268,2.3582106052257656,0
Justyol,Shopify,Enfants,Kids Babies All,TOWN TEAM,T-shirt pour garçon à manches courtes avec des illustrations modernes imprimées - SSH24SPIR31114TB1 - Navy / 12,79.0,299.0,74.0,En stock,,0.0,,1,0,0.9478,0.74,0.685,1,4.382026634673881,low-cost,1,7,0,4,Low-cost,-0.0963979840573268,2.3582106052257656,0
Justyol,Shopify,Enfants,Kids Babies All,TOWN TEAM,Polo pour garçon brodé au design moderne - POS24SPPR31285TB1 - TURQUOIS / 12,79.0,299.0,74.0,En stock,,0.0,,1,0,0.9478,0.74,0.685,1,4.382026634673881,low-cost,1,7,0,4,Low-cost,-0.0963979840573268,2.3582106052257656,0
Justyol,Shopify,Enfants,Kids Babies All,TOWN TEAM,T-shirt pour garçon à manches courtes avec des illustrations modernes imprimées - SSH24SPIR31114TB1 - Navy / 14,79.0,299.0,74.0,En stock,,0.0,,1,0,0.9478,0.74,0.685,1,4.382026634673881,low-cost,1,7,0,4,Low-cost,-0.0963979840573268,2.3582106052257656,0
Justyol,Shopify,Enfants,Kids Babies All,TOWN TEAM,Polo pour garçon brodé au design moderne - POS24SPPR31285TB1 - TURQUOIS / 16,79.0,299.0,74.0,En stock,,0.0,,1,0,0.9478,0.74,0.685,1,4.382026634673881,low-cost,1,7,0,4,Low-cost,-0.0963979840573268,2.3582106052257656,0
Justyol,Shopify,Enfants,Kids Babies All,TOWN TEAM,Polo pour garçon imprimé au design moderne et distinctif - POS24SPPR21753TB1 - White / 14,79.0,299.0,74.0,En stock,,0.0,,1,0,0.9478,0.74,0.685,1,4.382026634673881,low-cost,1,7,0,4,Low-cost,-0.0963979840573268,2.3582106052257656,0
Justyol,Shopify,Enfants,Kids Babies All,TOWN TEAM,T-shirt pour garçon à manches courtes avec des illustrations modernes imprimées - SSH24SPIR31114TB1 - Navy / 16,79.0,299.0,74.0,En stock,,0.0,,1,0,0.9478,0.74,0.685,1,4.382026634673881,low-cost,1,7,0,4,Low-cost,-0.0963979840573268,2.3582106052257656,0
Justyol,Shopify,Enfants,Kids Babies All,TOWN TEAM,Polo enfant au design pratique et confortable – POS24SPPR31278TB1 - White / 16,79.0,299.0,74.0,En stock,,0.0,,1,0,0.9478,0.74,0.685,1,4.382026634673881,low-cost,1,7,0,4,Low-cost,-0.0963979840573268,2.3582106052257656,0
Justyol,Shopify,Enfants,Kids Babies All,TOWN TEAM,Chemise Garçon à Imprimé Street – Style Urbain et Confort - SSH24SPGR31116TB1 - Olive / 12,79.0,299.0,74.0,En stock,,0.0,,1,0,0.9478,0.74,0.685,1,4.382026634673881,low-cost,1,7,0,4,Low-cost,-0.0963979840573268,2.3582106052257656,0
Justyol,Shopify,Enfants,Kids Babies All,TOWN TEAM,Polo pour garçon de couleur turquoise - POS24SPPR31279TB1 - TURQUOIS / 16,79.0,299.0,74.0,En stock,,0.0,,1,0,0.9478,0.74,0.685,1,4.382026634673881,low-cost,1,7,0,4,Low-cost,-0.0963979840573268,2.3582106052257656,0
Justyol,Shopify,Enfants,Kids Babies All,TOWN TEAM,Chemise Garçon à Imprimé Street – Style Urbain et Confort - SSH24SPGR31116TB1 - Olive / 14,79.0,299.0,74.0,En stock,,0.0,,1,0,0.9478,0.74,0.685,1,4.382026634673881,low-cost,1,7,0,4,Low-cost,-0.0963979840573268,2.3582106052257656,0
Justyol,Shopify,Enfants,Kids Babies All,TOWN TEAM,Polo garçon noir au design distinctif – POS24SPPR31275TB1 - Black / 12,79.0,299.0,74.0,En stock,,0.0,,1,0,0.9478,0.74,0.685,1,4.382026634673881,low-cost,1,7,0,4,Low-cost,-0.0963979840573268,2.3582106052257656,0
Justyol,Shopify,Enfants,Kids Babies All,TOWN TEAM,Polo pour garçon décoré en couleur lavande - POS24SPPR31280TB1 - Mauve / 12,79.0,299.0,74.0,En stock,,0.0,,1,0,0.9478,0.74,0.685,1,4.382026634673881,low-cost,1,7,0,4,Low-cost,-0.0963979840573268,2.3582106052257656,0
Justyol,Shopify,Enfants,Kids Babies All,TOWN TEAM,Polo pour garçon décoré en couleur lavande - POS24SPPR31280TB1 - Mauve / 16,79.0,299.0,74.0,En stock,,0.0,,1,0,0.9478,0.74,0.685,1,4.382026634673881,low-cost,1,7,0,4,Low-cost,-0.0963979840573268,2.3582106052257656,0
Justyol,Shopify,Enfants,Kids Babies All,TOWN TEAM,Polo pour enfant avec imprimé distinctif au dos – POS24SPPU31299TB1 - OFF WHIT / 16,79.0,299.0,74.0,En stock,,0.0,,1,0,0.9478,0.74,0.685,1,4.382026634673881,low-cost,1,7,0,4,Low-cost,-0.0963979840573268,2.3582106052257656,0
Justyol,Shopify,Enfants,Kids Babies All,TOWN TEAM,Chemise Garçon à Imprimé Street – Style Urbain et Confort - SSH24SPGR31116TB1 - L-BEIGE / 12,79.0,299.0,74.0,En stock,,0.0,,1,0,0.9478,0.74,0.685,1,4.382026634673881,low-cost,1,7,0,4,Low-cost,-0.0963979840573268,2.3582106052257656,0
Justyol,Shopify,Enfants,Kids Babies All,TOWN TEAM,Polo enfant au design pratique et confortable – POS24SPPR31278TB1 - White / 14,79.0,299.0,74.0,En stock,,0.0,,1,0,0.9478,0.74,0.685,1,4.382026634673881,low-cost,1,7,0,4,Low-cost,-0.0963979840573268,2.3582106052257656,0
Justyol,Shopify,Enfants,Kids Babies All,TOWN TEAM,Polo pour garçon de couleur turquoise - POS24SPPR31279TB1 - TURQUOIS / 14,79.0,299.0,74.0,En stock,,0.0,,1,0,0.9478,0.74,0.685,1,4.382026634673881,low-cost,1,7,0,4,Low-cost,-0.0963979840573268,2.3582106052257656,0
Justyol,Shopify,Enfants,Kids Babies All,TOWN TEAM,Polo garçon noir au design distinctif – POS24SPPR31275TB1 - Black / 14,79.0,299.0,74.0,En stock,,0.0,,1,0,0.9478,0.74,0.685,1,4.382026634673881,low-cost,1,7,0,4,Low-cost,-0.0963979840573268,2.3582106052257656,0
Justyol,Shopify,Enfants,Kids Babies All,TOWN TEAM,Polo pour garçon décoré en couleur lavande - POS24SPPR31280TB1 - Mauve / 14,79.0,299.0,74.0,En stock,,0.0,,1,0,0.9478,0.74,0.685,1,4.382026634673881,low-cost,1,7,0,4,Low-cost,-0.0963979840573268,2.3582106052257656,0
Justyol,Shopify,Enfants,Kids Babies All,TOWN TEAM,Polo enfant au design pratique et confortable – POS24SPPR31278TB1 - White / 12,79.0,299.0,74.0,En stock,,0.0,,1,0,0.9478,0.74,0.685,1,4.382026634673881,low-cost,1,7,0,4,Low-cost,-0.0963979840573268,2.3582106052257656,0
Justyol,Shopify,Enfants,Kids Babies All,TOWN TEAM,T-shirt Garçon Oversized – Style Décontracté avec Imprimé ‘RAD RIDE’ - TSH25SPRO35101TB1 - OFF WHIT / 8,59.0,199.0,70.0,En stock,,0.0,,1,0,0.9769,0.7,0.6842,1,4.0943445622221,low-cost,1,7,0,4,Low-cost,-0.2575615500894793,2.4624728879654474,0
Justyol,Shopify,Enfants,Kids Babies All,TOWN TEAM,T-shirt Garçon Oversized – Style Décontracté avec Imprimé ‘RAD RIDE’ - TSH25SPRO35101TB1 - OFF WHIT / 6,59.0,199.0,70.0,En stock,,0.0,,1,0,0.9769,0.7,0.6842,1,4.0943445622221,low-cost,1,7,0,4,Low-cost,-0.2575615500894793,2.4624728879654474,0
Justyol,Shopify,Enfants,Kids Babies All,TOWN TEAM,T-shirt oversized avec graphismes pour enfant - Style décontracté - TSH24SARO32577TJ1 - White / 9,59.0,199.0,70.0,En stock,,0.0,,1,0,0.9769,0.7,0.6842,1,4.0943445622221,low-cost,1,7,0,4,Low-cost,-0.2575615500894793,2.4624728879654474,0
Justyol,Shopify,Enfants,Kids Babies All,TOWN TEAM,T-shirt Garçon Oversized – Style Décontracté avec Imprimé ‘RAD RIDE’ - TSH25SPRO35101TB1 - OFF WHIT / 10,59.0,199.0,70.0,En stock,,0.0,,1,0,0.9769,0.7,0.6842,1,4.0943445622221,low-cost,1,7,0,4,Low-cost,-0.2575615500894793,2.4624728879654474,0
Justyol,Shopify,Enfants,Kids Babies All,TOWN TEAM,T-shirt Garçon Oversized – Style Décontracté avec Imprimé ‘RAD RIDE’ - TSH25SPRO35101TB1 - OFF WHIT / 12,59.0,199.0,70.0,En stock,,0.0,,1,0,0.9769,0.7,0.6842,1,4.0943445622221,low-cost,1,7,0,4,Low-cost,-0.2575615500894793,2.4624728879654474,0
Justyol,Shopify,Enfants,Kids Babies All,TOWN TEAM,T-shirt Garçon Oversized – Style Décontracté avec Imprimé ‘RAD RIDE’ - TSH25SPRO35101TB1 - OFF WHIT / 14,59.0,199.0,70.0,En stock,,0.0,,1,0,0.9769,0.7,0.6842,1,4.0943445622221,low-cost,1,7,0,4,Low-cost,-0.2575615500894793,2.4624728879654474,0
Lasolda,WooCommerce,Beauté & Sport,Beauté & Sport,,Short Rembourrée Fesses Eff...,189.0,199.0,5.0,En stock,Oui,0.0,,1,1,0.4962,0.05,0.6841,1,5.247024072160486,mid-range,3,2,1,1,Premium,2.0397145388626883,-0.1682230700928632,3
Justyol,Shopify,Enfants,Kids Babies All,TOWN TEAM,T-shirt garçon élégant avec imprimé distinctif sur la poitrine – TSH24SPRO32598TB1 - White / 10,69.0,239.0,71.0,En stock,,0.0,,1,0,0.9677,0.71,0.6839,1,4.248495242049359,low-cost,1,7,0,4,Low-cost,-0.1815876394485662,2.379369651190332,0
Justyol,Shopify,Enfants,Kids Babies All,TOWN TEAM,Polo garçon à motifs plage – POS24SAMR31290TB1 - OFF WHIT / 16,69.0,239.0,71.0,En stock,,0.0,,1,0,0.9677,0.71,0.6839,1,4.248495242049359,low-cost,1,7,0,4,Low-cost,-0.1815876394485662,2.379369651190332,0
Justyol,Shopify,Enfants,Kids Babies All,TOWN TEAM,"T-shirt Oversized Garçon ""START"" – Design rétro avec imprimé console de jeu - TSH25SPRO35102TB1 - OFF WHIT / 14",69.0,239.0,71.0,En stock,,0.0,,1,0,0.9677,0.71,0.6839,1,4.248495242049359,low-cost,1,7,0,4,Low-cost,-0.1815876394485662,2.379369651190332,0
Justyol,Shopify,Enfants,Kids Babies All,TOWN TEAM,"T-shirt Oversized Garçon ""START"" – Design rétro avec imprimé console de jeu - TSH25SPRO35102TB1 - OFF WHIT / 6",69.0,239.0,71.0,En stock,,0.0,,1,0,0.9677,0.71,0.6839,1,4.248495242049359,low-cost,1,7,0,4,Low-cost,-0.1815876394485662,2.379369651190332,0
Justyol,Shopify,Enfants,Kids Babies All,TOWN TEAM,"T-shirt Oversized Garçon ""START"" – Design rétro avec imprimé console de jeu - TSH25SPRO35102TB1 - OFF WHIT / 12",69.0,239.0,71.0,En stock,,0.0,,1,0,0.9677,0.71,0.6839,1,4.248495242049359,low-cost,1,7,0,4,Low-cost,-0.1815876394485662,2.379369651190332,0
Justyol,Shopify,Enfants,Kids Babies All,TOWN TEAM,"T-shirt oversized avec graphique ""Holy Powers"" pour enfant - Style décontracté - TSH24SPRO32624TB1 - Stone / 10",69.0,239.0,71.0,En stock,,0.0,,1,0,0.9677,0.71,0.6839,1,4.248495242049359,low-cost,1,7,0,4,Low-cost,-0.1815876394485662,2.379369651190332,0
Justyol,Shopify,Enfants,Kids Babies All,TOWN TEAM,"T-shirt Oversized Garçon ""START"" – Design rétro avec imprimé console de jeu - TSH25SPRO35102TB1 - OFF WHIT / 8",69.0,239.0,71.0,En stock,,0.0,,1,0,0.9677,0.71,0.6839,1,4.248495242049359,low-cost,1,7,0,4,Low-cost,-0.1815876394485662,2.379369651190332,0
Justyol,Shopify,Enfants,Kids Babies All,TOWN TEAM,Polo garçon à motifs plage – POS24SAMR31290TB1 - OFF WHIT / 14,69.0,239.0,71.0,En stock,,0.0,,1,0,0.9677,0.71,0.6839,1,4.248495242049359,low-cost,1,7,0,4,Low-cost,-0.1815876394485662,2.379369651190332,0
Justyol,Shopify,Enfants,Kids Babies All,TOWN TEAM,T-shirt Garçon à Imprimé Graphique – Style Fun et Confort - TSH24SPRO20931TJ1 - D-OLIVE / 10,69.0,239.0,71.0,En stock,,0.0,,1,0,0.9677,0.71,0.6839,1,4.248495242049359,low-cost,1,7,0,4,Low-cost,-0.1815876394485662,2.379369651190332,0
Justyol,Shopify,Enfants,Kids Babies All,TOWN TEAM,Polo garçon à motifs plage – POS24SAMR31290TB1 - OFF WHIT / 12,69.0,239.0,71.0,En stock,,0.0,,1,0,0.9677,0.71,0.6839,1,4.248495242049359,low-cost,1,7,0,4,Low-cost,-0.1815876394485662,2.379369651190332,0
Justyol,Shopify,Enfants,Kids Babies All,TOWN TEAM,T-shirt Enfant avec Imprimé Spatial - Confortable et Créatif pour un Look Dynamique - TSH24SARO32638TB1 - White / 10,69.0,239.0,71.0,En stock,,0.0,,1,0,0.9677,0.71,0.6839,1,4.248495242049359,low-cost,1,7,0,4,Low-cost,-0.1815876394485662,2.379369651190332,0
Justyol,Shopify,Enfants,Kids Babies All,TOWN TEAM,"T-shirt Oversized Garçon ""START"" – Design rétro avec imprimé console de jeu - TSH25SPRO35102TB1 - OFF WHIT / 10",69.0,239.0,71.0,En stock,,0.0,,1,0,0.9677,0.71,0.6839,1,4.248495242049359,low-cost,1,7,0,4,Low-cost,-0.1815876394485662,2.379369651190332,0
Lasolda,WooCommerce,Maison,Maison,,Presse Orange Electrique,389.0,450.0,14.0,En stock,Oui,0.0,,1,1,0.4223,0.14,0.6836,1,5.966146739123692,mid-range,3,13,1,1,Premium,2.661411840018053,-0.3945815953290855,2
Justyol,Shopify,Homme,Men,TOWN TEAM,"Débardeur homme sans manches à coupe ample, avec imprimé sportif moderne – TNK24SPRO20245TM1 - Beige / L",89.0,299.0,70.0,En stock,,0.0,,1,0,0.973,0.7,0.6832,1,4.499809670330265,low-cost,1,11,0,4,Low-cost,0.0078132353118098,2.210534333119487,0
Justyol,Shopify,Homme,Men,TOWN TEAM,T-shirt homme à manches courtes à motif imprimé – TSH24SARO20944TM1 - CREAM / 2XL,89.0,299.0,70.0,En stock,,0.0,,1,0,0.973,0.7,0.6832,1,4.499809670330265,low-cost,1,11,0,4,Low-cost,0.0078132353118098,2.210534333119487,0
Justyol,Shopify,Homme,Men,TOWN TEAM,T-shirt pour homme à manches courtes de couleur marron foncé - TSH24SPRR20150TM1 - Camel / 3XL,89.0,299.0,70.0,En stock,,0.0,,1,0,0.973,0.7,0.6832,1,4.499809670330265,low-cost,1,11,0,4,Low-cost,0.0078132353118098,2.210534333119487,0
Justyol,Shopify,Homme,Men,TOWN TEAM,"Débardeur homme sans manches à coupe ample, avec imprimé sportif moderne – TNK24SPRO20245TM1 - Beige / M",89.0,299.0,70.0,En stock,,0.0,,1,0,0.973,0.7,0.6832,1,4.499809670330265,low-cost,1,11,0,4,Low-cost,0.0078132353118098,2.210534333119487,0
Justyol,Shopify,Homme,Men,TOWN TEAM,"Débardeur homme sans manches à coupe ample, avec imprimé sportif moderne – TNK24SPRO20245TM1 - Beige / 3XL",89.0,299.0,70.0,En stock,,0.0,,1,0,0.973,0.7,0.6832,1,4.499809670330265,low-cost,1,11,0,4,Low-cost,0.0078132353118098,2.210534333119487,0
Justyol,Shopify,Homme,Men,TOWN TEAM,"Débardeur homme sans manches à coupe ample, avec imprimé sportif moderne – TNK24SPRO20245TM1 - Beige / XL",89.0,299.0,70.0,En stock,,0.0,,1,0,0.973,0.7,0.6832,1,4.499809670330265,low-cost,1,11,0,4,Low-cost,0.0078132353118098,2.210534333119487,0
Justyol,Shopify,Homme,Men,TOWN TEAM,"Débardeur homme sans manches à coupe ample, avec imprimé sportif moderne – TNK24SPRO20245TM1 - Beige / 2XL",89.0,299.0,70.0,En stock,,0.0,,1,0,0.973,0.7,0.6832,1,4.499809670330265,low-cost,1,11,0,4,Low-cost,0.0078132353118098,2.210534333119487,0
Justyol,Shopify,Homme,Men,TOWN TEAM,"Débardeur homme sans manches à coupe ample, avec imprimé sportif moderne – TNK24SPRO20245TM1 - Beige / S",89.0,299.0,70.0,En stock,,0.0,,1,0,0.973,0.7,0.6832,1,4.499809670330265,low-cost,1,11,0,4,Low-cost,0.0078132353118098,2.210534333119487,0
Lasolda,WooCommerce,Maison,Maison,,Kits énergie solaire maison...,359.0,399.0,10.0,En stock,Oui,0.0,,1,1,0.4502,0.1,0.6826,1,5.886104031450156,mid-range,3,13,1,1,Premium,2.5936002155589843,-0.430282778712921,2
Justyol,Shopify,Homme,Men,TOWN TEAM,Short de bain homme noir – SWM23SFIB11372TM1 - Black / 2XL,99.0,329.0,70.0,En stock,,0.0,,1,0,0.9666,0.7,0.6816,1,4.605170185988092,low-cost,1,11,0,4,Low-cost,0.0506002170672853,2.1337848556811645,0
Justyol,Shopify,Enfants,Kids Babies All,TOWN TEAM,"Chemise garçon à manches courtes ornée de motifs, avec boutons sur le devant – SSH24SASR31108TB1 - OFF WHIT / 14",79.0,279.0,72.0,En stock,,0.0,,1,0,0.9478,0.72,0.681,1,4.382026634673881,low-cost,1,7,0,4,Low-cost,-0.1228941412591161,2.300149025064413,0
Justyol,Shopify,Enfants,Kids Babies All,TOWN TEAM,T-shirt pour garçon décoré avec un design moderne - TSH24SPRO20934TJ1 - Blue / 10,79.0,279.0,72.0,En stock,,0.0,,1,0,0.9478,0.72,0.681,1,4.382026634673881,low-cost,1,7,0,4,Low-cost,-0.1228941412591161,2.300149025064413,0
Justyol,Shopify,Enfants,Kids Babies All,TOWN TEAM,Polo enfant style estival couleur vert clair - POS24SAMR31294TB1 - Mint / 10,79.0,279.0,72.0,En stock,,0.0,,1,0,0.9478,0.72,0.681,1,4.382026634673881,low-cost,1,7,0,4,Low-cost,-0.1228941412591161,2.300149025064413,0
Justyol,Shopify,Enfants,Kids Babies All,TOWN TEAM,Polo enfant style estival couleur vert clair - POS24SAMR31294TB1 - Mint / 14,79.0,279.0,72.0,En stock,,0.0,,1,0,0.9478,0.72,0.681,1,4.382026634673881,low-cost,1,7,0,4,Low-cost,-0.1228941412591161,2.300149025064413,0
Justyol,Shopify,Enfants,Kids Babies All,TOWN TEAM,Polo enfant style estival couleur vert clair - POS24SAMR31294TB1 - Mint / 16,79.0,279.0,72.0,En stock,,0.0,,1,0,0.9478,0.72,0.681,1,4.382026634673881,low-cost,1,7,0,4,Low-cost,-0.1228941412591161,2.300149025064413,0
Justyol,Shopify,Enfants,Kids Babies All,TOWN TEAM,T-shirt Garçon à Imprimé Motivant – Style Décontracté et Confort - TSH24SPRO32583TB1 - Beige / 8,79.0,279.0,72.0,En stock,,0.0,,1,0,0.9478,0.72,0.681,1,4.382026634673881,low-cost,1,7,0,4,Low-cost,-0.1228941412591161,2.300149025064413,0
Justyol,Shopify,Enfants,Kids Babies All,TOWN TEAM,Chemise garçon à manches courtes ornée de motifs – SSH24SASR31110TB1 - White / 14,79.0,279.0,72.0,En stock,,0.0,,1,0,0.9478,0.72,0.681,1,4.382026634673881,low-cost,1,7,0,4,Low-cost,-0.1228941412591161,2.300149025064413,0
Justyol,Shopify,Enfants,Kids Babies All,TOWN TEAM,Polo enfant style estival couleur vert clair - POS24SAMR31294TB1 - Mint / 12,79.0,279.0,72.0,En stock,,0.0,,1,0,0.9478,0.72,0.681,1,4.382026634673881,low-cost,1,7,0,4,Low-cost,-0.1228941412591161,2.300149025064413,0
Justyol,Shopify,Enfants,Kids Babies All,TOWN TEAM,"Polo enfant de couleur bleue, au design moderne adapté à tous les styles – POS24SPPR31273TB1 - Blue / 14",79.0,279.0,72.0,En stock,,0.0,,1,0,0.9478,0.72,0.681,1,4.382026634673881,low-cost,1,7,0,4,Low-cost,-0.1228941412591161,2.300149025064413,0
Justyol,Shopify,Enfants,Kids Babies All,TOWN TEAM,Chemise pour garçon décorée de motifs floraux modernes - SSH24SAER19401TB1 - BLK/WHT / 12,79.0,279.0,72.0,En stock,,0.0,,1,0,0.9478,0.72,0.681,1,4.382026634673881,low-cost,1,7,0,4,Low-cost,-0.1228941412591161,2.300149025064413,0
Justyol,Shopify,Enfants,Kids Babies All,TOWN TEAM,"Chemise garçon à manches courtes ornée de motifs, avec boutons sur le devant – SSH24SASR31108TB1 - OFF WHIT / 16",79.0,279.0,72.0,En stock,,0.0,,1,0,0.9478,0.72,0.681,1,4.382026634673881,low-cost,1,7,0,4,Low-cost,-0.1228941412591161,2.300149025064413,0
Justyol,Shopify,Enfants,Kids Babies All,TOWN TEAM,T-shirt pour garçon noir avec un design distinctif - TSH24SARO20022TB1 - Black / 10,79.0,279.0,72.0,En stock,,0.0,,1,0,0.9478,0.72,0.681,1,4.382026634673881,low-cost,1,7,0,4,Low-cost,-0.1228941412591161,2.300149025064413,0
Justyol,Shopify,Enfants,Kids Babies All,TOWN TEAM,T-shirt pour garçon bleu avec une impression distinctive - TSH24SCRO32614TB1 - Navy / 12,79.0,279.0,72.0,En stock,,0.0,,1,0,0.9478,0.72,0.681,1,4.382026634673881,low-cost,1,7,0,4,Low-cost,-0.1228941412591161,2.300149025064413,0
Justyol,Shopify,Enfants,Kids Babies All,TOWN TEAM,Polo garçon unique avec illustrations – POS24SAPR31289TB1 - Army / 16,79.0,279.0,72.0,En stock,,0.0,,1,0,0.9478,0.72,0.681,1,4.382026634673881,low-cost,1,7,0,4,Low-cost,-0.1228941412591161,2.300149025064413,0
Justyol,Shopify,Enfants,Kids Babies All,TOWN TEAM,Chemise garçon à imprimé géométrique – SSH24SASR19439TB1 - WHT/BLK / 10,79.0,279.0,72.0,En stock,,0.0,,1,0,0.9478,0.72,0.681,1,4.382026634673881,low-cost,1,7,0,4,Low-cost,-0.1228941412591161,2.300149025064413,0
Justyol,Shopify,Enfants,Kids Babies All,TOWN TEAM,"Polo enfant de couleur bleue, au design moderne adapté à tous les styles – POS24SPPR31273TB1 - Blue / 16",79.0,279.0,72.0,En stock,,0.0,,1,0,0.9478,0.72,0.681,1,4.382026634673881,low-cost,1,7,0,4,Low-cost,-0.1228941412591161,2.300149025064413,0
Justyol,Shopify,Enfants,Kids Babies All,TOWN TEAM,Chemise garçon à manches courtes ornée de motifs – SSH24SASR31110TB1 - White / 16,79.0,279.0,72.0,En stock,,0.0,,1,0,0.9478,0.72,0.681,1,4.382026634673881,low-cost,1,7,0,4,Low-cost,-0.1228941412591161,2.300149025064413,0
Justyol,Shopify,Enfants,Kids Babies All,TOWN TEAM,Polo pour garçon blanc avec des détails distinctifs - POS24SPPR21841TB1 - White / 12,79.0,279.0,72.0,En stock,,0.0,,1,0,0.9478,0.72,0.681,1,4.382026634673881,low-cost,1,7,0,4,Low-cost,-0.1228941412591161,2.300149025064413,0
Justyol,Shopify,Enfants,Kids Babies All,TOWN TEAM,T-shirt pour garçon à manches courtes décoré - SSH24SASR31111TB1 - White / 14,79.0,279.0,72.0,En stock,,0.0,,1,0,0.9478,0.72,0.681,1,4.382026634673881,low-cost,1,7,0,4,Low-cost,-0.1228941412591161,2.300149025064413,0
Justyol,Shopify,Enfants,Kids Babies All,TOWN TEAM,Polo garçon unique avec illustrations – POS24SAPR31289TB1 - Army / 10,79.0,279.0,72.0,En stock,,0.0,,1,0,0.9478,0.72,0.681,1,4.382026634673881,low-cost,1,7,0,4,Low-cost,-0.1228941412591161,2.300149025064413,0
Justyol,Shopify,Enfants,Kids Babies All,TOWN TEAM,T-shirt pour enfant avec texte imprimé et poche pratique au design moderne - TSH24SPRS32639TB1 - Army / 12,79.0,279.0,72.0,En stock,,0.0,,1,0,0.9478,0.72,0.681,1,4.382026634673881,low-cost,1,7,0,4,Low-cost,-0.1228941412591161,2.300149025064413,0
Justyol,Shopify,Enfants,Kids Babies All,TOWN TEAM,T-shirt pour garçon à manches courtes avec impression sur le côté - TSH24SPRO32617TJ1 - Army / 10,79.0,279.0,72.0,En stock,,0.0,,1,0,0.9478,0.72,0.681,1,4.382026634673881,low-cost,1,7,0,4,Low-cost,-0.1228941412591161,2.300149025064413,0
Justyol,Shopify,Enfants,Kids Babies All,TOWN TEAM,T-shirt pour garçon beige avec impression distinctive - TSH24SPRO32615TB1 - Stone / 10,79.0,279.0,72.0,En stock,,0.0,,1,0,0.9478,0.72,0.681,1,4.382026634673881,low-cost,1,7,0,4,Low-cost,-0.1228941412591161,2.300149025064413,0
Justyol,Shopify,Enfants,Kids Babies All,TOWN TEAM,Chemise garçon à manches courtes ornée de motifs – SSH24SASR31110TB1 - White / 10,79.0,279.0,72.0,En stock,,0.0,,1,0,0.9478,0.72,0.681,1,4.382026634673881,low-cost,1,7,0,4,Low-cost,-0.1228941412591161,2.300149025064413,0
Justyol,Shopify,Enfants,Kids Babies All,TOWN TEAM,Chemise enfant avec boutons et poche avant - SSH24SEIS19433TB1 - OFF WHIT / 12,79.0,279.0,72.0,En stock,,0.0,,1,0,0.9478,0.72,0.681,1,4.382026634673881,low-cost,1,7,0,4,Low-cost,-0.1228941412591161,2.300149025064413,0
Justyol,Shopify,Enfants,Kids Babies All,TOWN TEAM,Polo garçon unique avec illustrations – POS24SAPR31289TB1 - Army / 14,79.0,279.0,72.0,En stock,,0.0,,1,0,0.9478,0.72,0.681,1,4.382026634673881,low-cost,1,7,0,4,Low-cost,-0.1228941412591161,2.300149025064413,0
Justyol,Shopify,Enfants,Kids Babies All,TOWN TEAM,Polo garçon unique avec illustrations – POS24SAPR31289TB1 - NEON YLW / 16,79.0,279.0,72.0,En stock,,0.0,,1,0,0.9478,0.72,0.681,1,4.382026634673881,low-cost,1,7,0,4,Low-cost,-0.1228941412591161,2.300149025064413,0
Justyol,Shopify,Enfants,Kids Babies All,TOWN TEAM,Polo garçon unique avec illustrations – POS24SAPR31289TB1 - NEON YLW / 12,79.0,279.0,72.0,En stock,,0.0,,1,0,0.9478,0.72,0.681,1,4.382026634673881,low-cost,1,7,0,4,Low-cost,-0.1228941412591161,2.300149025064413,0
Justyol,Shopify,Enfants,Kids Babies All,TOWN TEAM,Polo garçon unique avec illustrations – POS24SAPR31289TB1 - NEON YLW / 14,79.0,279.0,72.0,En stock,,0.0,,1,0,0.9478,0.72,0.681,1,4.382026634673881,low-cost,1,7,0,4,Low-cost,-0.1228941412591161,2.300149025064413,0
Justyol,Shopify,Enfants,Kids Babies All,TOWN TEAM,Chemise pour garçon à manches courtes avec impression de cactus - SSH24SXES31124TB1 - L-OLIVE / 16,79.0,279.0,72.0,En stock,,0.0,,1,0,0.9478,0.72,0.681,1,4.382026634673881,low-cost,1,7,0,4,Low-cost,-0.1228941412591161,2.300149025064413,0
Justyol,Shopify,Enfants,Kids Babies All,TOWN TEAM,Chemise pour garçon à manches courtes avec impression de cactus - SSH24SXES31124TB1 - L-OLIVE / 12,79.0,279.0,72.0,En stock,,0.0,,1,0,0.9478,0.72,0.681,1,4.382026634673881,low-cost,1,7,0,4,Low-cost,-0.1228941412591161,2.300149025064413,0
Justyol,Shopify,Enfants,Kids Babies All,TOWN TEAM,Polo pour garçon imprimé au design jeune et moderne - POS24SPPR21845TB1 - Orange / 12,79.0,279.0,72.0,En stock,,0.0,,1,0,0.9478,0.72,0.681,1,4.382026634673881,low-cost,1,7,0,4,Low-cost,-0.1228941412591161,2.300149025064413,0
Justyol,Shopify,Enfants,Kids Babies All,TOWN TEAM,T-shirt Enfant avec Imprimé Varié et Design Moderne – Style Tendance - SSH24SASR19438TB1 - WHT/NVY / 10,79.0,279.0,72.0,En stock,,0.0,,1,0,0.9478,0.72,0.681,1,4.382026634673881,low-cost,1,7,0,4,Low-cost,-0.1228941412591161,2.300149025064413,0
Justyol,Shopify,Enfants,Kids Babies All,TOWN TEAM,Polo pour garçon imprimé au design jeune et moderne - POS24SPPR21845TB1 - D-Stone / 12,79.0,279.0,72.0,En stock,,0.0,,1,0,0.9478,0.72,0.681,1,4.382026634673881,low-cost,1,7,0,4,Low-cost,-0.1228941412591161,2.300149025064413,0
Justyol,Shopify,Enfants,Kids Babies All,TOWN TEAM,T-shirt pour enfant avec texte imprimé et poche pratique au design moderne - TSH24SPRS32639TB1 - Army / 10,79.0,279.0,72.0,En stock,,0.0,,1,0,0.9478,0.72,0.681,1,4.382026634673881,low-cost,1,7,0,4,Low-cost,-0.1228941412591161,2.300149025064413,0
Justyol,Shopify,Enfants,Kids Babies All,TOWN TEAM,Chemise pour garçon avec imprimés et manches courtes au design moderne - SSH24SASR31109TB1 - Sky Blue / 14,79.0,279.0,72.0,En stock,,0.0,,1,0,0.9478,0.72,0.681,1,4.382026634673881,low-cost,1,7,0,4,Low-cost,-0.1228941412591161,2.300149025064413,0
Justyol,Shopify,Enfants,Kids Babies All,TOWN TEAM,Chemise pour garçon à manches courtes avec impression de cactus - SSH24SXES31124TB1 - L-OLIVE / 14,79.0,279.0,72.0,En stock,,0.0,,1,0,0.9478,0.72,0.681,1,4.382026634673881,low-cost,1,7,0,4,Low-cost,-0.1228941412591161,2.300149025064413,0
Justyol,Shopify,Enfants,Kids Babies All,TOWN TEAM,Chemise enfant avec boutons et poche avant - SSH24SEIS19433TB1 - OFF WHIT / 14,79.0,279.0,72.0,En stock,,0.0,,1,0,0.9478,0.72,0.681,1,4.382026634673881,low-cost,1,7,0,4,Low-cost,-0.1228941412591161,2.300149025064413,0
Justyol,Shopify,Enfants,Kids Babies All,TOWN TEAM,Polo pour garçon imprimé au design jeune et moderne - POS24SPPR21845TB1 - D-Stone / 16,79.0,279.0,72.0,En stock,,0.0,,1,0,0.9478,0.72,0.681,1,4.382026634673881,low-cost,1,7,0,4,Low-cost,-0.1228941412591161,2.300149025064413,0
Justyol,Shopify,Enfants,Kids Babies All,TOWN TEAM,"Chemise garçon à manches courtes ornée de motifs, avec boutons sur le devant – SSH24SASR31108TB1 - OFF WHIT / 12",79.0,279.0,72.0,En stock,,0.0,,1,0,0.9478,0.72,0.681,1,4.382026634673881,low-cost,1,7,0,4,Low-cost,-0.1228941412591161,2.300149025064413,0
Justyol,Shopify,Enfants,Kids Babies All,TOWN TEAM,Polo pour garçon blanc avec des détails distinctifs - POS24SPPR21841TB1 - White / 16,79.0,279.0,72.0,En stock,,0.0,,1,0,0.9478,0.72,0.681,1,4.382026634673881,low-cost,1,7,0,4,Low-cost,-0.1228941412591161,2.300149025064413,0
Justyol,Shopify,Enfants,Kids Babies All,TOWN TEAM,T-shirt pour garçon à manches courtes décoré - SSH24SASR31111TB1 - Indigo / 14,79.0,279.0,72.0,En stock,,0.0,,1,0,0.9478,0.72,0.681,1,4.382026634673881,low-cost,1,7,0,4,Low-cost,-0.1228941412591161,2.300149025064413,0
Justyol,Shopify,Enfants,Kids Babies All,TOWN TEAM,Polo garçon unique avec illustrations – POS24SAPR31289TB1 - Army / 12,79.0,279.0,72.0,En stock,,0.0,,1,0,0.9478,0.72,0.681,1,4.382026634673881,low-cost,1,7,0,4,Low-cost,-0.1228941412591161,2.300149025064413,0
Justyol,Shopify,Enfants,Kids Babies All,TOWN TEAM,T-shirt garçon avec imprimé moderne – TSH24SPRO32595TB1 - OFF WHIT / 10,79.0,279.0,72.0,En stock,,0.0,,1,0,0.9478,0.72,0.681,1,4.382026634673881,low-cost,1,7,0,4,Low-cost,-0.1228941412591161,2.300149025064413,0
Justyol,Shopify,Enfants,Kids Babies All,TOWN TEAM,Chemise garçon à imprimé géométrique – SSH24SASR19439TB1 - WHT/BLK / 12,79.0,279.0,72.0,En stock,,0.0,,1,0,0.9478,0.72,0.681,1,4.382026634673881,low-cost,1,7,0,4,Low-cost,-0.1228941412591161,2.300149025064413,0
Justyol,Shopify,Enfants,Kids Babies All,TOWN TEAM,Polo pour garçon en couleurs vives - POS24SAMR31287TB1 - OFF WHIT / 12,79.0,279.0,72.0,En stock,,0.0,,1,0,0.9478,0.72,0.681,1,4.382026634673881,low-cost,1,7,0,4,Low-cost,-0.1228941412591161,2.300149025064413,0
Justyol,Shopify,Enfants,Kids Babies All,TOWN TEAM,Polo pour garçon blanc avec des détails distinctifs - POS24SPPR21841TB1 - White / 14,79.0,279.0,72.0,En stock,,0.0,,1,0,0.9478,0.72,0.681,1,4.382026634673881,low-cost,1,7,0,4,Low-cost,-0.1228941412591161,2.300149025064413,0
Justyol,Shopify,Enfants,Kids Babies All,TOWN TEAM,T-shirt garçon avec imprimé moderne – TSH24SPRO32595TB1 - OFF WHIT / 12,79.0,279.0,72.0,En stock,,0.0,,1,0,0.9478,0.72,0.681,1,4.382026634673881,low-cost,1,7,0,4,Low-cost,-0.1228941412591161,2.300149025064413,0
Justyol,Shopify,Enfants,Kids Babies All,TOWN TEAM,T-shirt pour garçon à manches courtes décoré - SSH24SASR31111TB1 - White / 12,79.0,279.0,72.0,En stock,,0.0,,1,0,0.9478,0.72,0.681,1,4.382026634673881,low-cost,1,7,0,4,Low-cost,-0.1228941412591161,2.300149025064413,0
Justyol,Shopify,Enfants,Kids Babies All,TOWN TEAM,Polo pour garçon imprimé au design jeune et moderne - POS24SPPR21845TB1 - Orange / 14,79.0,279.0,72.0,En stock,,0.0,,1,0,0.9478,0.72,0.681,1,4.382026634673881,low-cost,1,7,0,4,Low-cost,-0.1228941412591161,2.300149025064413,0
Justyol,Shopify,Enfants,Kids Babies All,TOWN TEAM,Polo pour garçon imprimé au design jeune et moderne - POS24SPPR21845TB1 - Orange / 16,79.0,279.0,72.0,En stock,,0.0,,1,0,0.9478,0.72,0.681,1,4.382026634673881,low-cost,1,7,0,4,Low-cost,-0.1228941412591161,2.300149025064413,0
Justyol,Shopify,Enfants,Kids Babies All,TOWN TEAM,Chemise enfant avec boutons et poche avant - SSH24SEIS19433TB1 - OFF WHIT / 16,79.0,279.0,72.0,En stock,,0.0,,1,0,0.9478,0.72,0.681,1,4.382026634673881,low-cost,1,7,0,4,Low-cost,-0.1228941412591161,2.300149025064413,0
Justyol,Shopify,Enfants,Kids Babies All,TOWN TEAM,Chemise pour garçon avec imprimés et manches courtes au design moderne - SSH24SASR31109TB1 - Sky Blue / 12,79.0,279.0,72.0,En stock,,0.0,,1,0,0.9478,0.72,0.681,1,4.382026634673881,low-cost,1,7,0,4,Low-cost,-0.1228941412591161,2.300149025064413,0
Justyol,Shopify,Enfants,Kids Babies All,TOWN TEAM,T-shirt Enfant avec Imprimé Varié et Design Moderne – Style Tendance - SSH24SASR19438TB1 - OFF WHIT / 14,79.0,279.0,72.0,En stock,,0.0,,1,0,0.9478,0.72,0.681,1,4.382026634673881,low-cost,1,7,0,4,Low-cost,-0.1228941412591161,2.300149025064413,0
Justyol,Shopify,Enfants,Kids Babies All,TOWN TEAM,Chemise pour garçon avec imprimés et manches courtes au design moderne - SSH24SASR31109TB1 - Sky Blue / 10,79.0,279.0,72.0,En stock,,0.0,,1,0,0.9478,0.72,0.681,1,4.382026634673881,low-cost,1,7,0,4,Low-cost,-0.1228941412591161,2.300149025064413,0
Justyol,Shopify,Enfants,Kids Babies All,TOWN TEAM,T-shirt Enfant avec Imprimé Varié et Design Moderne – Style Tendance - SSH24SASR19438TB1 - OFF WHIT / 16,79.0,279.0,72.0,En stock,,0.0,,1,0,0.9478,0.72,0.681,1,4.382026634673881,low-cost,1,7,0,4,Low-cost,-0.1228941412591161,2.300149025064413,0
Justyol,Shopify,Enfants,Kids Babies All,TOWN TEAM,T-shirt pour garçon imprimé au design moderne et distinctif - TSH24SPRO32586TB1 - White / 8,79.0,279.0,72.0,En stock,,0.0,,1,0,0.9478,0.72,0.681,1,4.382026634673881,low-cost,1,7,0,4,Low-cost,-0.1228941412591161,2.300149025064413,0
Justyol,Shopify,Enfants,Kids Babies All,TOWN TEAM,Polo pour garçon imprimé au design jeune et moderne - POS24SPPR21845TB1 - D-Stone / 14,79.0,279.0,72.0,En stock,,0.0,,1,0,0.9478,0.72,0.681,1,4.382026634673881,low-cost,1,7,0,4,Low-cost,-0.1228941412591161,2.300149025064413,0
Lasolda,WooCommerce,Beauté & Sport,Beauté & Sport,,Sèche Cheveux Noir,299.0,450.0,34.0,En stock,Oui,0.0,,1,1,0.2443,0.34,0.6791,1,5.703782474656201,mid-range,3,2,1,1,Premium,2.437983439911445,0.1266035934769872,3
Justyol,Shopify,Homme,Men,TOWN TEAM,Short de bain pour homme avec couleurs vives et motifs innovants - Idéal pour la baignade et la plage - SWO24SSAE11386TM1 - Blue / 2XL,109.0,359.0,70.0,En stock,,0.0,,1,0,0.9558,0.7,0.679,1,4.700480365792417,mid-range,1,11,0,4,Low-cost,0.0857815906925025,2.0599498047166787,0
Justyol,Shopify,Homme,Men,TOWN TEAM,Short de bain pour homme avec couleurs vives et motifs innovants - Idéal pour la baignade et la plage - SWO24SSAE11386TM1 - Blue / L,109.0,359.0,70.0,En stock,,0.0,,1,0,0.9558,0.7,0.679,1,4.700480365792417,mid-range,1,11,0,4,Low-cost,0.0857815906925025,2.0599498047166787,0
Justyol,Shopify,Homme,Men,TOWN TEAM,Short de bain pour homme avec couleurs vives et motifs innovants - Idéal pour la baignade et la plage - SWO24SSAE11386TM1 - Blue / 3XL,109.0,359.0,70.0,En stock,,0.0,,1,0,0.9558,0.7,0.679,1,4.700480365792417,mid-range,1,11,0,4,Low-cost,0.0857815906925025,2.0599498047166787,0
Justyol,Shopify,Homme,Men,TOWN TEAM,Short de bain pour homme avec couleurs vives et motifs innovants - Idéal pour la baignade et la plage - SWO24SSAE11386TM1 - Blue / 4XL,109.0,359.0,70.0,En stock,,0.0,,1,0,0.9558,0.7,0.679,1,4.700480365792417,mid-range,1,11,0,4,Low-cost,0.0857815906925025,2.0599498047166787,0
Justyol,Shopify,Homme,Men,TOWN TEAM,"Short de Bain Homme ""Salt Sand Sea"" Dégradé - SWO24SSAE11411TM1 - Green / 4XL",109.0,359.0,70.0,En stock,,0.0,,1,0,0.9558,0.7,0.679,1,4.700480365792417,mid-range,1,11,0,4,Low-cost,0.0857815906925025,2.0599498047166787,0
Justyol,Shopify,Homme,Men,TOWN TEAM,"Short de Bain Homme ""Salt Sand Sea"" Dégradé - SWO24SSAE11411TM1 - Green / 2XL",109.0,359.0,70.0,En stock,,0.0,,1,0,0.9558,0.7,0.679,1,4.700480365792417,mid-range,1,11,0,4,Low-cost,0.0857815906925025,2.0599498047166787,0
Justyol,Shopify,Homme,Men,TOWN TEAM,T-shirt pour homme à manches courtes avec impression distinctive - TSH24SARO20130TM1 - L-GREEN / XL,109.0,359.0,70.0,En stock,,0.0,,1,0,0.9558,0.7,0.679,1,4.700480365792417,mid-range,1,11,0,4,Low-cost,0.0857815906925025,2.0599498047166787,0
Justyol,Shopify,Homme,Men,TOWN TEAM,T-shirt pour homme à manches courtes avec impression distinctive - TSH24SARO20130TM1 - L-GREEN / 3XL,109.0,359.0,70.0,En stock,,0.0,,1,0,0.9558,0.7,0.679,1,4.700480365792417,mid-range,1,11,0,4,Low-cost,0.0857815906925025,2.0599498047166787,0
Justyol,Shopify,Homme,Men,TOWN TEAM,"Short de Bain Homme ""Salt Sand Sea"" Dégradé - SWO24SSAE11411TM1 - Green / 3XL",109.0,359.0,70.0,En stock,,0.0,,1,0,0.9558,0.7,0.679,1,4.700480365792417,mid-range,1,11,0,4,Low-cost,0.0857815906925025,2.0599498047166787,0
Justyol,Shopify,Homme,Men,TOWN TEAM,"Short de Bain Homme ""Salt Sand Sea"" Dégradé - SWO24SSAE11411TM1 - Green / M",109.0,359.0,70.0,En stock,,0.0,,1,0,0.9558,0.7,0.679,1,4.700480365792417,mid-range,1,11,0,4,Low-cost,0.0857815906925025,2.0599498047166787,0
Justyol,Shopify,Homme,Men,TOWN TEAM,Short de bain pour homme avec couleurs vives et motifs innovants - Idéal pour la baignade et la plage - SWO24SSAE11386TM1 - Blue / XL,109.0,359.0,70.0,En stock,,0.0,,1,0,0.9558,0.7,0.679,1,4.700480365792417,mid-range,1,11,0,4,Low-cost,0.0857815906925025,2.0599498047166787,0
Justyol,Shopify,Homme,Men,TOWN TEAM,Short de bain pour homme avec couleurs vives et motif d'étoiles de mer – Idéal pour la baignade et la plage - SWO24SSAE11412TM1 - CYAN / 2XL,109.0,359.0,70.0,En stock,,0.0,,1,0,0.9558,0.7,0.679,1,4.700480365792417,mid-range,1,11,0,4,Low-cost,0.0857815906925025,2.0599498047166787,0
Justyol,Shopify,Homme,Men,TOWN TEAM,Short de bain pour homme avec couleurs vives et motif d'étoiles de mer – Idéal pour la baignade et la plage - SWO24SSAE11412TM1 - CYAN / 4XL,109.0,359.0,70.0,En stock,,0.0,,1,0,0.9558,0.7,0.679,1,4.700480365792417,mid-range,1,11,0,4,Low-cost,0.0857815906925025,2.0599498047166787,0
Justyol,Shopify,Homme,Men,TOWN TEAM,T-shirt Oversized Homme – Design Moderne et Attitude - TSH23SCRO20782TM1 - BLK/MUV / 3XL,109.0,359.0,70.0,En stock,,0.0,,1,0,0.9558,0.7,0.679,1,4.700480365792417,mid-range,1,11,0,4,Low-cost,0.0857815906925025,2.0599498047166787,0
Justyol,Shopify,Homme,Men,TOWN TEAM,"T-shirt Homme à Imprimé Crâne - Message Audacieux ""Leave This World"" - TSH24SPRO20096TM1 - Silver / 3XL",109.0,359.0,70.0,En stock,,0.0,,1,0,0.9558,0.7,0.679,1,4.700480365792417,mid-range,1,11,0,4,Low-cost,0.0857815906925025,2.0599498047166787,0
Justyol,Shopify,Homme,Men,TOWN TEAM,Short de bain pour homme avec couleurs vives et motif d'étoiles de mer – Idéal pour la baignade et la plage - SWO24SSAE11412TM1 - CYAN / XL,109.0,359.0,70.0,En stock,,0.0,,1,0,0.9558,0.7,0.679,1,4.700480365792417,mid-range,1,11,0,4,Low-cost,0.0857815906925025,2.0599498047166787,0
Justyol,Shopify,Homme,Men,TOWN TEAM,Short de bain pour homme avec couleurs vives et motif d'étoiles de mer – Idéal pour la baignade et la plage - SWO24SSAE11412TM1 - CYAN / 3XL,109.0,359.0,70.0,En stock,,0.0,,1,0,0.9558,0.7,0.679,1,4.700480365792417,mid-range,1,11,0,4,Low-cost,0.0857815906925025,2.0599498047166787,0
Lasolda,WooCommerce,Maison,Maison,,Presse Orange Electrique Av...,349.0,369.0,5.0,En stock,Oui,0.0,,1,1,0.4741,0.05,0.6785,1,5.857933154483459,mid-range,3,13,1,1,Premium,2.532650911228101,-0.533994489300063,2
Lasolda,WooCommerce,Maison,Maison,,Barbecue à Charbon sur Pied...,369.0,399.0,8.0,En stock,Oui,0.0,,1,1,0.4402,0.08,0.676,1,5.91350300563827,mid-range,3,13,1,1,Premium,2.57155344266834,-0.5166525887973377,2
Lasolda,WooCommerce,Maison,Maison,,Batteur Easy Max Moulinex,369.0,399.0,8.0,En stock,Oui,0.0,,1,1,0.4402,0.08,0.676,1,5.91350300563827,mid-range,3,13,1,1,Premium,2.57155344266834,-0.5166525887973377,2
Justyol,Shopify,Homme,Men,TOWN TEAM,Short de sport pour homme de couleur noire avec taille élastique - SHR24SMBS15001TM1 - Black / S,119.0,399.0,70.0,En stock,,0.0,,1,0,0.9406,0.7,0.6752,1,4.787491742782046,mid-range,1,11,0,4,Low-cost,0.1135384787844854,1.987090335888496,0
Justyol,Shopify,Homme,Men,TOWN TEAM,Short de sport pour homme de couleur noire avec taille élastique - SHR24SMBS15001TM1 - Black / 3XL,119.0,399.0,70.0,En stock,,0.0,,1,0,0.9406,0.7,0.6752,1,4.787491742782046,mid-range,1,11,0,4,Low-cost,0.1135384787844854,1.987090335888496,0
Justyol,Shopify,Homme,Men,TOWN TEAM,"Short homme d’été avec taille élastique, cordon de serrage et imprimé palmiers – coloris clair – SHR24SGAS23183TM1 - Mint / 31",119.0,399.0,70.0,En stock,,0.0,,1,0,0.9406,0.7,0.6752,1,4.787491742782046,mid-range,1,11,0,4,Low-cost,0.1135384787844854,1.987090335888496,0
Justyol,Shopify,Homme,Men,TOWN TEAM,Short de sport pour homme avec taille élastique - SHR24SMBX15003TM1 - Black / 4XL,119.0,399.0,70.0,En stock,,0.0,,1,0,0.9406,0.7,0.6752,1,4.787491742782046,mid-range,1,11,0,4,Low-cost,0.1135384787844854,1.987090335888496,0
Justyol,Shopify,Homme,Men,TOWN TEAM,"Short homme d’été avec taille élastique, cordon de serrage et imprimé palmiers – coloris clair – SHR24SGAS23183TM1 - Mint / 40",119.0,399.0,70.0,En stock,,0.0,,1,0,0.9406,0.7,0.6752,1,4.787491742782046,mid-range,1,11,0,4,Low-cost,0.1135384787844854,1.987090335888496,0
Justyol,Shopify,Homme,Men,TOWN TEAM,Short de sport pour homme avec taille élastique - SHR24SMBX15003TM1 - Black / 2XL,119.0,399.0,70.0,En stock,,0.0,,1,0,0.9406,0.7,0.6752,1,4.787491742782046,mid-range,1,11,0,4,Low-cost,0.1135384787844854,1.987090335888496,0
Justyol,Shopify,Homme,Men,TOWN TEAM,"Short homme d’été avec taille élastique, cordon de serrage et imprimé palmiers – coloris clair – SHR24SGAS23183TM1 - Mint / 38",119.0,399.0,70.0,En stock,,0.0,,1,0,0.9406,0.7,0.6752,1,4.787491742782046,mid-range,1,11,0,4,Low-cost,0.1135384787844854,1.987090335888496,0
Justyol,Shopify,Homme,Men,TOWN TEAM,Short de sport pour homme avec taille élastique - SHR24SMBX15003TM1 - D-Stone / XL,119.0,399.0,70.0,En stock,,0.0,,1,0,0.9406,0.7,0.6752,1,4.787491742782046,mid-range,1,11,0,4,Low-cost,0.1135384787844854,1.987090335888496,0
Justyol,Shopify,Homme,Men,TOWN TEAM,"Short homme d’été avec taille élastique, cordon de serrage et imprimé palmiers – coloris clair – SHR24SGAS23183TM1 - Beige / 38",119.0,399.0,70.0,En stock,,0.0,,1,0,0.9406,0.7,0.6752,1,4.787491742782046,mid-range,1,11,0,4,Low-cost,0.1135384787844854,1.987090335888496,0
Justyol,Shopify,Homme,Men,TOWN TEAM,Short de sport pour homme avec taille élastique - SHR24SMBX15003TM1 - D-Stone / 2XL,119.0,399.0,70.0,En stock,,0.0,,1,0,0.9406,0.7,0.6752,1,4.787491742782046,mid-range,1,11,0,4,Low-cost,0.1135384787844854,1.987090335888496,0
Justyol,Shopify,Homme,Men,TOWN TEAM,"Short homme d’été avec taille élastique, cordon de serrage et imprimé palmiers – coloris clair – SHR24SGAS23183TM1 - Beige / 36",119.0,399.0,70.0,En stock,,0.0,,1,0,0.9406,0.7,0.6752,1,4.787491742782046,mid-range,1,11,0,4,Low-cost,0.1135384787844854,1.987090335888496,0
Justyol,Shopify,Homme,Men,TOWN TEAM,Short de sport pour homme avec taille élastique - SHR24SMBX15003TM1 - D-Stone / L,119.0,399.0,70.0,En stock,,0.0,,1,0,0.9406,0.7,0.6752,1,4.787491742782046,mid-range,1,11,0,4,Low-cost,0.1135384787844854,1.987090335888496,0
Justyol,Shopify,Homme,Men,TOWN TEAM,"Short homme d’été avec taille élastique, cordon de serrage et imprimé palmiers – coloris clair – SHR24SGAS23183TM1 - Beige / 34",119.0,399.0,70.0,En stock,,0.0,,1,0,0.9406,0.7,0.6752,1,4.787491742782046,mid-range,1,11,0,4,Low-cost,0.1135384787844854,1.987090335888496,0
Justyol,Shopify,Homme,Men,TOWN TEAM,"Short homme d’été avec taille élastique, cordon de serrage et imprimé palmiers – coloris clair – SHR24SGAS23183TM1 - Mint / 36",119.0,399.0,70.0,En stock,,0.0,,1,0,0.9406,0.7,0.6752,1,4.787491742782046,mid-range,1,11,0,4,Low-cost,0.1135384787844854,1.987090335888496,0
Justyol,Shopify,Homme,Men,TOWN TEAM,"Short homme d’été avec taille élastique, cordon de serrage et imprimé palmiers – coloris clair – SHR24SGAS23183TM1 - Beige / 32",119.0,399.0,70.0,En stock,,0.0,,1,0,0.9406,0.7,0.6752,1,4.787491742782046,mid-range,1,11,0,4,Low-cost,0.1135384787844854,1.987090335888496,0
Justyol,Shopify,Homme,Men,TOWN TEAM,"Short homme d’été avec taille élastique, cordon de serrage et imprimé palmiers – coloris clair – SHR24SGAS23183TM1 - Beige / 31",119.0,399.0,70.0,En stock,,0.0,,1,0,0.9406,0.7,0.6752,1,4.787491742782046,mid-range,1,11,0,4,Low-cost,0.1135384787844854,1.987090335888496,0
Justyol,Shopify,Homme,Men,TOWN TEAM,T-shirt homme au design élégant de couleur olive – TSH24SPRO20931TM1 - D-OLIVE / XL,119.0,399.0,70.0,En stock,,0.0,,1,0,0.9406,0.7,0.6752,1,4.787491742782046,mid-range,1,11,0,4,Low-cost,0.1135384787844854,1.987090335888496,0
Justyol,Shopify,Homme,Men,TOWN TEAM,Polo homme à motif distinctif – POS24SAPR21811TM1 - OFF WHIT / 2XL,119.0,399.0,70.0,En stock,,0.0,,1,0,0.9406,0.7,0.6752,1,4.787491742782046,mid-range,1,11,0,4,Low-cost,0.1135384787844854,1.987090335888496,0
Justyol,Shopify,Homme,Men,TOWN TEAM,Short pour homme avec une impression distinctive - SHR24SGAS23182TM1 - Black / 38,119.0,399.0,70.0,En stock,,0.0,,1,0,0.9406,0.7,0.6752,1,4.787491742782046,mid-range,1,11,0,4,Low-cost,0.1135384787844854,1.987090335888496,0
Justyol,Shopify,Homme,Men,TOWN TEAM,Short pour homme avec une impression distinctive - SHR24SGAS23182TM1 - Beige / 34,119.0,399.0,70.0,En stock,,0.0,,1,0,0.9406,0.7,0.6752,1,4.787491742782046,mid-range,1,11,0,4,Low-cost,0.1135384787844854,1.987090335888496,0
Justyol,Shopify,Homme,Men,TOWN TEAM,Short pour homme avec une impression distinctive - SHR24SGAS23182TM1 - Black / 34,119.0,399.0,70.0,En stock,,0.0,,1,0,0.9406,0.7,0.6752,1,4.787491742782046,mid-range,1,11,0,4,Low-cost,0.1135384787844854,1.987090335888496,0
Justyol,Shopify,Homme,Men,TOWN TEAM,T-shirt homme au design élégant de couleur olive – TSH24SPRO20931TM1 - D-OLIVE / 2XL,119.0,399.0,70.0,En stock,,0.0,,1,0,0.9406,0.7,0.6752,1,4.787491742782046,mid-range,1,11,0,4,Low-cost,0.1135384787844854,1.987090335888496,0
Justyol,Shopify,Homme,Men,TOWN TEAM,Short pour homme avec une impression distinctive - SHR24SGAS23182TM1 - Beige / 31,119.0,399.0,70.0,En stock,,0.0,,1,0,0.9406,0.7,0.6752,1,4.787491742782046,mid-range,1,11,0,4,Low-cost,0.1135384787844854,1.987090335888496,0
Justyol,Shopify,Homme,Men,TOWN TEAM,Short pour homme avec une impression distinctive - SHR24SGAS23182TM1 - Beige / 36,119.0,399.0,70.0,En stock,,0.0,,1,0,0.9406,0.7,0.6752,1,4.787491742782046,mid-range,1,11,0,4,Low-cost,0.1135384787844854,1.987090335888496,0
Justyol,Shopify,Homme,Men,TOWN TEAM,Short pour homme avec une impression distinctive - SHR24SGAS23182TM1 - Black / 36,119.0,399.0,70.0,En stock,,0.0,,1,0,0.9406,0.7,0.6752,1,4.787491742782046,mid-range,1,11,0,4,Low-cost,0.1135384787844854,1.987090335888496,0
Justyol,Shopify,Homme,Men,TOWN TEAM,Short pour homme avec une impression distinctive - SHR24SGAS23182TM1 - Beige / 38,119.0,399.0,70.0,En stock,,0.0,,1,0,0.9406,0.7,0.6752,1,4.787491742782046,mid-range,1,11,0,4,Low-cost,0.1135384787844854,1.987090335888496,0
Justyol,Shopify,Homme,Men,TOWN TEAM,Short pour homme avec une impression distinctive - SHR24SGAS23182TM1 - Beige / 32,119.0,399.0,70.0,En stock,,0.0,,1,0,0.9406,0.7,0.6752,1,4.787491742782046,mid-range,1,11,0,4,Low-cost,0.1135384787844854,1.987090335888496,0
Justyol,Shopify,Homme,Men,TOWN TEAM,Short pour homme avec une impression distinctive - SHR24SGAS23182TM1 - Beige / 33,119.0,399.0,70.0,En stock,,0.0,,1,0,0.9406,0.7,0.6752,1,4.787491742782046,mid-range,1,11,0,4,Low-cost,0.1135384787844854,1.987090335888496,0
Justyol,Shopify,Homme,Men,TOWN TEAM,Short pour homme avec une impression distinctive - SHR24SGAS23182TM1 - Black / 30,119.0,399.0,70.0,En stock,,0.0,,1,0,0.9406,0.7,0.6752,1,4.787491742782046,mid-range,1,11,0,4,Low-cost,0.1135384787844854,1.987090335888496,0
Justyol,Shopify,Homme,Men,TOWN TEAM,Short pour homme avec une impression distinctive - SHR24SGAS23182TM1 - Black / 31,119.0,399.0,70.0,En stock,,0.0,,1,0,0.9406,0.7,0.6752,1,4.787491742782046,mid-range,1,11,0,4,Low-cost,0.1135384787844854,1.987090335888496,0
Justyol,Shopify,Homme,Men,TOWN TEAM,Short pour homme avec une impression distinctive - SHR24SGAS23182TM1 - Black / 40,119.0,399.0,70.0,En stock,,0.0,,1,0,0.9406,0.7,0.6752,1,4.787491742782046,mid-range,1,11,0,4,Low-cost,0.1135384787844854,1.987090335888496,0
Justyol,Shopify,Homme,Men,TOWN TEAM,Short pour homme avec une impression distinctive - SHR24SGAS23182TM1 - Beige / 30,119.0,399.0,70.0,En stock,,0.0,,1,0,0.9406,0.7,0.6752,1,4.787491742782046,mid-range,1,11,0,4,Low-cost,0.1135384787844854,1.987090335888496,0
Justyol,Shopify,Homme,Men,TOWN TEAM,Short pour homme avec une impression distinctive - SHR24SGAS23182TM1 - Black / 33,119.0,399.0,70.0,En stock,,0.0,,1,0,0.9406,0.7,0.6752,1,4.787491742782046,mid-range,1,11,0,4,Low-cost,0.1135384787844854,1.987090335888496,0
Justyol,Shopify,Homme,Men,TOWN TEAM,Short pour homme avec une impression distinctive - SHR24SGAS23182TM1 - Black / 32,119.0,399.0,70.0,En stock,,0.0,,1,0,0.9406,0.7,0.6752,1,4.787491742782046,mid-range,1,11,0,4,Low-cost,0.1135384787844854,1.987090335888496,0
Justyol,Shopify,Homme,Men,TOWN TEAM,Chemise homme noire avec poches avant style moderne - SSH24SEER19454TM1 - Black / S,119.0,399.0,70.0,En stock,,0.0,,1,0,0.9406,0.7,0.6752,1,4.787491742782046,mid-range,1,11,0,4,Low-cost,0.1135384787844854,1.987090335888496,0
Justyol,Shopify,Homme,Men,TOWN TEAM,Chemise homme avec imprimé géométrique et couleurs chaudes - SSH25SACR16152TM1 - NVY/WHT / S,119.0,399.0,70.0,En stock,,0.0,,1,0,0.9406,0.7,0.6752,1,4.787491742782046,mid-range,1,11,0,4,Low-cost,0.1135384787844854,1.987090335888496,0
Justyol,Shopify,Homme,Men,TOWN TEAM,Chemise homme noire avec poches avant style moderne - SSH24SEER19454TM1 - Black / L,119.0,399.0,70.0,En stock,,0.0,,1,0,0.9406,0.7,0.6752,1,4.787491742782046,mid-range,1,11,0,4,Low-cost,0.1135384787844854,1.987090335888496,0
Justyol,Shopify,Homme,Men,TOWN TEAM,Chemise homme noire avec poches avant style moderne - SSH24SEER19454TM1 - Black / M,119.0,399.0,70.0,En stock,,0.0,,1,0,0.9406,0.7,0.6752,1,4.787491742782046,mid-range,1,11,0,4,Low-cost,0.1135384787844854,1.987090335888496,0
Justyol,Shopify,Homme,Men,TOWN TEAM,T-shirt pour homme imprimé au design moderne et tendance - TSH24SPRO20061TM1 - Beige / 2XL,119.0,399.0,70.0,En stock,,0.0,,1,0,0.9406,0.7,0.6752,1,4.787491742782046,mid-range,1,11,0,4,Low-cost,0.1135384787844854,1.987090335888496,0
Justyol,Shopify,Homme,Men,TOWN TEAM,Short homme imprimé – Regular fit | Style estival et confort quotidien - SHR24SGAS23167TM1 - Black / 38,119.0,399.0,70.0,En stock,,0.0,,1,0,0.9406,0.7,0.6752,1,4.787491742782046,mid-range,1,11,0,4,Low-cost,0.1135384787844854,1.987090335888496,0
Justyol,Shopify,Homme,Men,TOWN TEAM,Short homme imprimé – Regular fit | Style estival et confort quotidien - SHR24SGAS23167TM1 - Black / 30,119.0,399.0,70.0,En stock,,0.0,,1,0,0.9406,0.7,0.6752,1,4.787491742782046,mid-range,1,11,0,4,Low-cost,0.1135384787844854,1.987090335888496,0
Justyol,Shopify,Homme,Men,TOWN TEAM,Short homme imprimé – Regular fit | Style estival et confort quotidien - SHR24SGAS23167TM1 - Black / 32,119.0,399.0,70.0,En stock,,0.0,,1,0,0.9406,0.7,0.6752,1,4.787491742782046,mid-range,1,11,0,4,Low-cost,0.1135384787844854,1.987090335888496,0
Justyol,Shopify,Homme,Men,TOWN TEAM,Short de sport pour homme de couleur noire avec taille élastique - SHR24SMBS15001TM1 - Black / 4XL,119.0,399.0,70.0,En stock,,0.0,,1,0,0.9406,0.7,0.6752,1,4.787491742782046,mid-range,1,11,0,4,Low-cost,0.1135384787844854,1.987090335888496,0
Justyol,Shopify,Homme,Men,TOWN TEAM,Short homme imprimé – Regular fit | Style estival et confort quotidien - SHR24SGAS23167TM1 - Black / 29,119.0,399.0,70.0,En stock,,0.0,,1,0,0.9406,0.7,0.6752,1,4.787491742782046,mid-range,1,11,0,4,Low-cost,0.1135384787844854,1.987090335888496,0
Justyol,Shopify,Homme,Men,TOWN TEAM,Short de sport pour homme avec taille élastique - SHR24SMBX15003TM1 - Black / S,119.0,399.0,70.0,En stock,,0.0,,1,0,0.9406,0.7,0.6752,1,4.787491742782046,mid-range,1,11,0,4,Low-cost,0.1135384787844854,1.987090335888496,0
Justyol,Shopify,Homme,Men,TOWN TEAM,"Short homme d’été avec taille élastique, cordon de serrage et imprimé palmiers – coloris clair – SHR24SGAS23183TM1 - Mint / 33",119.0,399.0,70.0,En stock,,0.0,,1,0,0.9406,0.7,0.6752,1,4.787491742782046,mid-range,1,11,0,4,Low-cost,0.1135384787844854,1.987090335888496,0
Justyol,Shopify,Homme,Men,TOWN TEAM,T-shirt Oversized pour homme – Couleur camel avec coupe décontractée - TSH24SBRR20074TM1 - Camel / M,119.0,399.0,70.0,En stock,,0.0,,1,0,0.9406,0.7,0.6752,1,4.787491742782046,mid-range,1,11,0,4,Low-cost,0.1135384787844854,1.987090335888496,0
Justyol,Shopify,Homme,Men,TOWN TEAM,T-shirt Homme à Imprimé Graphique – Style Audacieux et Confort - TSH24SPRR20065TM1 - OFF WHIT / 3XL,119.0,399.0,70.0,En stock,,0.0,,1,0,0.9406,0.7,0.6752,1,4.787491742782046,mid-range,1,11,0,4,Low-cost,0.1135384787844854,1.987090335888496,0
Justyol,Shopify,Homme,Men,TOWN TEAM,"Short homme d’été avec taille élastique, cordon de serrage et imprimé palmiers – coloris clair – SHR24SGAS23183TM1 - Mint / 32",119.0,399.0,70.0,En stock,,0.0,,1,0,0.9406,0.7,0.6752,1,4.787491742782046,mid-range,1,11,0,4,Low-cost,0.1135384787844854,1.987090335888496,0
Justyol,Shopify,Homme,Men,TOWN TEAM,Short de bain pour homme de couleur jaune avec taille élastique - SWO24SSAE11424TM1 - Yellow / XL,119.0,399.0,70.0,En stock,,0.0,,1,0,0.9406,0.7,0.6752,1,4.787491742782046,mid-range,1,11,0,4,Low-cost,0.1135384787844854,1.987090335888496,0
Justyol,Shopify,Homme,Men,TOWN TEAM,Short de bain pour homme de couleur jaune avec taille élastique - SWO24SSAE11424TM1 - Yellow / S,119.0,399.0,70.0,En stock,,0.0,,1,0,0.9406,0.7,0.6752,1,4.787491742782046,mid-range,1,11,0,4,Low-cost,0.1135384787844854,1.987090335888496,0
Justyol,Shopify,Homme,Men,TOWN TEAM,"Short homme d’été avec taille élastique, cordon de serrage et imprimé palmiers – coloris clair – SHR24SGAS23183TM1 - Mint / 34",119.0,399.0,70.0,En stock,,0.0,,1,0,0.9406,0.7,0.6752,1,4.787491742782046,mid-range,1,11,0,4,Low-cost,0.1135384787844854,1.987090335888496,0
Justyol,Shopify,Homme,Men,TOWN TEAM,Short de sport pour homme avec taille élastique - SHR24SMBX15003TM1 - Black / 3XL,119.0,399.0,70.0,En stock,,0.0,,1,0,0.9406,0.7,0.6752,1,4.787491742782046,mid-range,1,11,0,4,Low-cost,0.1135384787844854,1.987090335888496,0
Justyol,Shopify,Homme,Men,TOWN TEAM,Short de bain pour homme de couleur jaune avec taille élastique - SWO24SSAE11424TM1 - Yellow / 3XL,119.0,399.0,70.0,En stock,,0.0,,1,0,0.9406,0.7,0.6752,1,4.787491742782046,mid-range,1,11,0,4,Low-cost,0.1135384787844854,1.987090335888496,0
Justyol,Shopify,Homme,Men,TOWN TEAM,"Short homme d’été avec taille élastique, cordon de serrage et imprimé palmiers – coloris clair – SHR24SGAS23183TM1 - Mint / 30",119.0,399.0,70.0,En stock,,0.0,,1,0,0.9406,0.7,0.6752,1,4.787491742782046,mid-range,1,11,0,4,Low-cost,0.1135384787844854,1.987090335888496,0
Justyol,Shopify,Homme,Men,TOWN TEAM,Short de bain pour homme de couleur jaune avec taille élastique - SWO24SSAE11424TM1 - Yellow / 4XL,119.0,399.0,70.0,En stock,,0.0,,1,0,0.9406,0.7,0.6752,1,4.787491742782046,mid-range,1,11,0,4,Low-cost,0.1135384787844854,1.987090335888496,0
Justyol,Shopify,Homme,Men,TOWN TEAM,Short de sport pour homme avec taille élastique - SHR24SMBX15003TM1 - Black / M,119.0,399.0,70.0,En stock,,0.0,,1,0,0.9406,0.7,0.6752,1,4.787491742782046,mid-range,1,11,0,4,Low-cost,0.1135384787844854,1.987090335888496,0
Justyol,Shopify,Homme,Men,TOWN TEAM,"Short homme d’été avec taille élastique, cordon de serrage et imprimé palmiers – coloris clair – SHR24SGAS23183TM1 - Beige / 40",119.0,399.0,70.0,En stock,,0.0,,1,0,0.9406,0.7,0.6752,1,4.787491742782046,mid-range,1,11,0,4,Low-cost,0.1135384787844854,1.987090335888496,0
Justyol,Shopify,Homme,Men,TOWN TEAM,Short de sport pour homme avec taille élastique - SHR24SMBX15003TM1 - D-Stone / 3XL,119.0,399.0,70.0,En stock,,0.0,,1,0,0.9406,0.7,0.6752,1,4.787491742782046,mid-range,1,11,0,4,Low-cost,0.1135384787844854,1.987090335888496,0
Justyol,Shopify,Homme,Men,TOWN TEAM,"Short homme d’été avec taille élastique, cordon de serrage et imprimé palmiers – coloris clair – SHR24SGAS23183TM1 - Beige / 33",119.0,399.0,70.0,En stock,,0.0,,1,0,0.9406,0.7,0.6752,1,4.787491742782046,mid-range,1,11,0,4,Low-cost,0.1135384787844854,1.987090335888496,0
Justyol,Shopify,Homme,Men,TOWN TEAM,Short de bain pour homme de couleur jaune avec taille élastique - SWO24SSAE11424TM1 - Yellow / 2XL,119.0,399.0,70.0,En stock,,0.0,,1,0,0.9406,0.7,0.6752,1,4.787491742782046,mid-range,1,11,0,4,Low-cost,0.1135384787844854,1.987090335888496,0
Justyol,Shopify,Homme,Men,TOWN TEAM,Short de sport pour homme avec taille élastique - SHR24SMBX15003TM1 - Black / XL,119.0,399.0,70.0,En stock,,0.0,,1,0,0.9406,0.7,0.6752,1,4.787491742782046,mid-range,1,11,0,4,Low-cost,0.1135384787844854,1.987090335888496,0
Justyol,Shopify,Homme,Men,TOWN TEAM,"Short homme d’été avec taille élastique, cordon de serrage et imprimé palmiers – coloris clair – SHR24SGAS23183TM1 - Beige / 30",119.0,399.0,70.0,En stock,,0.0,,1,0,0.9406,0.7,0.6752,1,4.787491742782046,mid-range,1,11,0,4,Low-cost,0.1135384787844854,1.987090335888496,0
Justyol,Shopify,Homme,Men,TOWN TEAM,Short de sport pour homme avec taille élastique - SHR24SMBX15003TM1 - Black / L,119.0,399.0,70.0,En stock,,0.0,,1,0,0.9406,0.7,0.6752,1,4.787491742782046,mid-range,1,11,0,4,Low-cost,0.1135384787844854,1.987090335888496,0
Justyol,Shopify,Homme,Men,TOWN TEAM,Short de sport pour homme avec taille élastique - SHR24SMBX15003TM1 - D-Stone / M,119.0,399.0,70.0,En stock,,0.0,,1,0,0.9406,0.7,0.6752,1,4.787491742782046,mid-range,1,11,0,4,Low-cost,0.1135384787844854,1.987090335888496,0
Justyol,Shopify,Homme,Men,TOWN TEAM,Short de sport pour homme avec taille élastique - SHR24SMBX15003TM1 - D-Stone / 4XL,119.0,399.0,70.0,En stock,,0.0,,1,0,0.9406,0.7,0.6752,1,4.787491742782046,mid-range,1,11,0,4,Low-cost,0.1135384787844854,1.987090335888496,0
Justyol,Shopify,Homme,Men,TOWN TEAM,Short Homme Oversized Fit – Confort et Style Décontracté – SHR24SMBX15002TM1 - OFF WHIT / M,119.0,399.0,70.0,En stock,,0.0,,1,0,0.9406,0.7,0.6752,1,4.787491742782046,mid-range,1,11,0,4,Low-cost,0.1135384787844854,1.987090335888496,0
Justyol,Shopify,Homme,Men,TOWN TEAM,Short Homme Oversized Fit – Confort et Style Décontracté – SHR24SMBX15002TM1 - Olive / M,119.0,399.0,70.0,En stock,,0.0,,1,0,0.9406,0.7,0.6752,1,4.787491742782046,mid-range,1,11,0,4,Low-cost,0.1135384787844854,1.987090335888496,0
Justyol,Shopify,Homme,Men,TOWN TEAM,Short Homme Oversized Fit – Confort et Style Décontracté – SHR24SMBX15002TM1 - Olive / 2XL,119.0,399.0,70.0,En stock,,0.0,,1,0,0.9406,0.7,0.6752,1,4.787491742782046,mid-range,1,11,0,4,Low-cost,0.1135384787844854,1.987090335888496,0
Justyol,Shopify,Homme,Men,TOWN TEAM,Short Homme Oversized Fit – Confort et Style Décontracté – SHR24SMBX15002TM1 - Olive / 3XL,119.0,399.0,70.0,En stock,,0.0,,1,0,0.9406,0.7,0.6752,1,4.787491742782046,mid-range,1,11,0,4,Low-cost,0.1135384787844854,1.987090335888496,0
Justyol,Shopify,Homme,Men,TOWN TEAM,Short Homme Oversized Fit – Confort et Style Décontracté – SHR24SMBX15002TM1 - Olive / L,119.0,399.0,70.0,En stock,,0.0,,1,0,0.9406,0.7,0.6752,1,4.787491742782046,mid-range,1,11,0,4,Low-cost,0.1135384787844854,1.987090335888496,0
Justyol,Shopify,Homme,Men,TOWN TEAM,Short Homme Oversized Fit – Confort et Style Décontracté – SHR24SMBX15002TM1 - Olive / S,119.0,399.0,70.0,En stock,,0.0,,1,0,0.9406,0.7,0.6752,1,4.787491742782046,mid-range,1,11,0,4,Low-cost,0.1135384787844854,1.987090335888496,0
Justyol,Shopify,Homme,Men,TOWN TEAM,Short Homme Oversized Fit – Confort et Style Décontracté – SHR24SMBX15002TM1 - OFF WHIT / 4XL,119.0,399.0,70.0,En stock,,0.0,,1,0,0.9406,0.7,0.6752,1,4.787491742782046,mid-range,1,11,0,4,Low-cost,0.1135384787844854,1.987090335888496,0
Justyol,Shopify,Homme,Men,TOWN TEAM,Short Homme Oversized Fit – Confort et Style Décontracté – SHR24SMBX15002TM1 - OFF WHIT / XL,119.0,399.0,70.0,En stock,,0.0,,1,0,0.9406,0.7,0.6752,1,4.787491742782046,mid-range,1,11,0,4,Low-cost,0.1135384787844854,1.987090335888496,0
Justyol,Shopify,Homme,Men,TOWN TEAM,Short Homme Oversized Fit – Confort et Style Décontracté – SHR24SMBX15002TM1 - Olive / XL,119.0,399.0,70.0,En stock,,0.0,,1,0,0.9406,0.7,0.6752,1,4.787491742782046,mid-range,1,11,0,4,Low-cost,0.1135384787844854,1.987090335888496,0
Justyol,Shopify,Homme,Men,TOWN TEAM,"T-shirt Oversized ""Reality"" – Confort et style moderne - TSH24SPRO20049TM1 - OFF WHIT / 3XL",119.0,399.0,70.0,En stock,,0.0,,1,0,0.9406,0.7,0.6752,1,4.787491742782046,mid-range,1,11,0,4,Low-cost,0.1135384787844854,1.987090335888496,0
Justyol,Shopify,Homme,Men,TOWN TEAM,T-shirt Oversized pour homme – Couleur camel avec coupe décontractée - TSH24SBRR20074TM1 - Camel / S,119.0,399.0,70.0,En stock,,0.0,,1,0,0.9406,0.7,0.6752,1,4.787491742782046,mid-range,1,11,0,4,Low-cost,0.1135384787844854,1.987090335888496,0
Justyol,Shopify,Homme,Men,TOWN TEAM,"T-shirt Oversized ""Reality"" – Confort et style moderne - TSH24SPRO20049TM1 - OFF WHIT / 6XL",119.0,399.0,70.0,En stock,,0.0,,1,0,0.9406,0.7,0.6752,1,4.787491742782046,mid-range,1,11,0,4,Low-cost,0.1135384787844854,1.987090335888496,0
Justyol,Shopify,Homme,Men,TOWN TEAM,T-shirt Oversized pour homme – Couleur camel avec coupe décontractée - TSH24SBRR20074TM1 - Camel / XL,119.0,399.0,70.0,En stock,,0.0,,1,0,0.9406,0.7,0.6752,1,4.787491742782046,mid-range,1,11,0,4,Low-cost,0.1135384787844854,1.987090335888496,0
Justyol,Shopify,Homme,Men,TOWN TEAM,"T-shirt Oversized ""Reality"" – Confort et style moderne - TSH24SPRO20049TM1 - OFF WHIT / 4XL",119.0,399.0,70.0,En stock,,0.0,,1,0,0.9406,0.7,0.6752,1,4.787491742782046,mid-range,1,11,0,4,Low-cost,0.1135384787844854,1.987090335888496,0
Justyol,Shopify,Homme,Men,TOWN TEAM,T-shirt Oversized pour homme – Couleur camel avec coupe décontractée - TSH24SBRR20074TM1 - Camel / 2XL,119.0,399.0,70.0,En stock,,0.0,,1,0,0.9406,0.7,0.6752,1,4.787491742782046,mid-range,1,11,0,4,Low-cost,0.1135384787844854,1.987090335888496,0
Justyol,Shopify,Homme,Men,TOWN TEAM,Short Homme Oversized Fit – Confort et Style Décontracté – SHR24SMBX15002TM1 - Olive / 4XL,119.0,399.0,70.0,En stock,,0.0,,1,0,0.9406,0.7,0.6752,1,4.787491742782046,mid-range,1,11,0,4,Low-cost,0.1135384787844854,1.987090335888496,0
Justyol,Shopify,Homme,Men,TOWN TEAM,T-shirt Oversized pour homme – Couleur camel avec coupe décontractée - TSH24SBRR20074TM1 - Camel / L,119.0,399.0,70.0,En stock,,0.0,,1,0,0.9406,0.7,0.6752,1,4.787491742782046,mid-range,1,11,0,4,Low-cost,0.1135384787844854,1.987090335888496,0
Justyol,Shopify,Homme,Men,TOWN TEAM,T-shirt à imprimé de personnage avec slogan - T-shirt décontracté pour homme - TSH24SPRO20032TM1 - OFF WHIT / 3XL,119.0,399.0,70.0,En stock,,0.0,,1,0,0.9406,0.7,0.6752,1,4.787491742782046,mid-range,1,11,0,4,Low-cost,0.1135384787844854,1.987090335888496,0
Justyol,Shopify,Homme,Men,TOWN TEAM,Short de Bain Homme - Confortable et Stylé pour l'Été - SWO25SSTE11444TM1 - Navy / XL,119.0,399.0,70.0,En stock,,0.0,,1,0,0.9406,0.7,0.6752,1,4.787491742782046,mid-range,1,11,0,4,Low-cost,0.1135384787844854,1.987090335888496,0
Justyol,Shopify,Homme,Men,TOWN TEAM,Shorts de Bain Homme à Imprimé Dynamique - Confort et Style Estival - SWO25SSAE11443TM1 - Olive/Yell / S,119.0,399.0,70.0,En stock,,0.0,,1,0,0.9406,0.7,0.6752,1,4.787491742782046,mid-range,1,11,0,4,Low-cost,0.1135384787844854,1.987090335888496,0
Justyol,Shopify,Homme,Men,TOWN TEAM,Shorts de Bain Homme à Imprimé Dynamique - Confort et Style Estival - SWO25SSAE11443TM1 - Olive/Yell / L,119.0,399.0,70.0,En stock,,0.0,,1,0,0.9406,0.7,0.6752,1,4.787491742782046,mid-range,1,11,0,4,Low-cost,0.1135384787844854,1.987090335888496,0
Justyol,Shopify,Homme,Men,TOWN TEAM,Short de Bain Homme avec Motif Graphique - Confort et Style - SWO25SSAE11445TM1 - Black / S,119.0,399.0,70.0,En stock,,0.0,,1,0,0.9406,0.7,0.6752,1,4.787491742782046,mid-range,1,11,0,4,Low-cost,0.1135384787844854,1.987090335888496,0
Justyol,Shopify,Homme,Men,TOWN TEAM,Short Homme Oversized Fit – Confort et Style Décontracté – SHR24SMBX15002TM1 - OFF WHIT / 2XL,119.0,399.0,70.0,En stock,,0.0,,1,0,0.9406,0.7,0.6752,1,4.787491742782046,mid-range,1,11,0,4,Low-cost,0.1135384787844854,1.987090335888496,0
Justyol,Shopify,Homme,Men,TOWN TEAM,Short Homme Oversized Fit – Confort et Style Décontracté – SHR24SMBX15002TM1 - OFF WHIT / 3XL,119.0,399.0,70.0,En stock,,0.0,,1,0,0.9406,0.7,0.6752,1,4.787491742782046,mid-range,1,11,0,4,Low-cost,0.1135384787844854,1.987090335888496,0
Justyol,Shopify,Homme,Men,TOWN TEAM,Short de Bain Homme avec Motif Graphique - Confort et Style - SWO25SSAE11445TM1 - Black / XL,119.0,399.0,70.0,En stock,,0.0,,1,0,0.9406,0.7,0.6752,1,4.787491742782046,mid-range,1,11,0,4,Low-cost,0.1135384787844854,1.987090335888496,0
Justyol,Shopify,Homme,Men,TOWN TEAM,Shorts de Bain Homme à Imprimé Dynamique - Confort et Style Estival - SWO25SSAE11443TM1 - Olive/Yell / XL,119.0,399.0,70.0,En stock,,0.0,,1,0,0.9406,0.7,0.6752,1,4.787491742782046,mid-range,1,11,0,4,Low-cost,0.1135384787844854,1.987090335888496,0
Justyol,Shopify,Homme,Men,TOWN TEAM,Short de Bain Homme - Confortable et Stylé pour l'Été - SWO25SSTE11444TM1 - Navy / L,119.0,399.0,70.0,En stock,,0.0,,1,0,0.9406,0.7,0.6752,1,4.787491742782046,mid-range,1,11,0,4,Low-cost,0.1135384787844854,1.987090335888496,0
Justyol,Shopify,Homme,Men,TOWN TEAM,Short de Bain Homme avec Motif Graphique - Confort et Style - SWO25SSAE11445TM1 - Black / M,119.0,399.0,70.0,En stock,,0.0,,1,0,0.9406,0.7,0.6752,1,4.787491742782046,mid-range,1,11,0,4,Low-cost,0.1135384787844854,1.987090335888496,0
Justyol,Shopify,Homme,Men,TOWN TEAM,Short Homme Oversized Fit – Confort et Style Décontracté – SHR24SMBX15002TM1 - OFF WHIT / L,119.0,399.0,70.0,En stock,,0.0,,1,0,0.9406,0.7,0.6752,1,4.787491742782046,mid-range,1,11,0,4,Low-cost,0.1135384787844854,1.987090335888496,0
Justyol,Shopify,Homme,Men,TOWN TEAM,Short Homme Oversized Fit – Confort et Style Décontracté – SHR24SMBX15002TM1 - OFF WHIT / S,119.0,399.0,70.0,En stock,,0.0,,1,0,0.9406,0.7,0.6752,1,4.787491742782046,mid-range,1,11,0,4,Low-cost,0.1135384787844854,1.987090335888496,0
Justyol,Shopify,Homme,Men,TOWN TEAM,Shorts de Bain Homme à Imprimé Dynamique - Confort et Style Estival - SWO25SSAE11443TM1 - Olive/Yell / 2XL,119.0,399.0,70.0,En stock,,0.0,,1,0,0.9406,0.7,0.6752,1,4.787491742782046,mid-range,1,11,0,4,Low-cost,0.1135384787844854,1.987090335888496,0
Justyol,Shopify,Homme,Men,TOWN TEAM,Short de Bain Homme - Confortable et Stylé pour l'Été - SWO25SSTE11444TM1 - Navy / 3XL,119.0,399.0,70.0,En stock,,0.0,,1,0,0.9406,0.7,0.6752,1,4.787491742782046,mid-range,1,11,0,4,Low-cost,0.1135384787844854,1.987090335888496,0
Justyol,Shopify,Homme,Men,TOWN TEAM,Shorts de Bain Homme à Imprimé Dynamique - Confort et Style Estival - SWO25SSAE11443TM1 - Olive/Yell / 4XL,119.0,399.0,70.0,En stock,,0.0,,1,0,0.9406,0.7,0.6752,1,4.787491742782046,mid-range,1,11,0,4,Low-cost,0.1135384787844854,1.987090335888496,0
Justyol,Shopify,Homme,Men,TOWN TEAM,Short de Bain Homme - Confortable et Stylé pour l'Été - SWO25SSTE11444TM1 - Navy / 2XL,119.0,399.0,70.0,En stock,,0.0,,1,0,0.9406,0.7,0.6752,1,4.787491742782046,mid-range,1,11,0,4,Low-cost,0.1135384787844854,1.987090335888496,0
Justyol,Shopify,Homme,Men,TOWN TEAM,T-shirt homme design moderne en tissu côtelé - TSH24SERO20221TM1 - Khaki / M,119.0,399.0,70.0,En stock,,0.0,,1,0,0.9406,0.7,0.6752,1,4.787491742782046,mid-range,1,11,0,4,Low-cost,0.1135384787844854,1.987090335888496,0
Justyol,Shopify,Homme,Men,TOWN TEAM,T-shirt homme design moderne en tissu côtelé - TSH24SERO20221TM1 - Khaki / S,119.0,399.0,70.0,En stock,,0.0,,1,0,0.9406,0.7,0.6752,1,4.787491742782046,mid-range,1,11,0,4,Low-cost,0.1135384787844854,1.987090335888496,0
Justyol,Shopify,Homme,Men,TOWN TEAM,Short de Bain Homme avec Motif Graphique - Confort et Style - SWO25SSAE11445TM1 - Black / 4XL,119.0,399.0,70.0,En stock,,0.0,,1,0,0.9406,0.7,0.6752,1,4.787491742782046,mid-range,1,11,0,4,Low-cost,0.1135384787844854,1.987090335888496,0
Justyol,Shopify,Homme,Men,TOWN TEAM,Shorts de Bain Homme à Imprimé Dynamique - Confort et Style Estival - SWO25SSAE11443TM1 - Olive/Yell / 3XL,119.0,399.0,70.0,En stock,,0.0,,1,0,0.9406,0.7,0.6752,1,4.787491742782046,mid-range,1,11,0,4,Low-cost,0.1135384787844854,1.987090335888496,0
Justyol,Shopify,Homme,Men,TOWN TEAM,Short de Bain Homme - Confortable et Stylé pour l'Été - SWO25SSTE11444TM1 - Navy / S,119.0,399.0,70.0,En stock,,0.0,,1,0,0.9406,0.7,0.6752,1,4.787491742782046,mid-range,1,11,0,4,Low-cost,0.1135384787844854,1.987090335888496,0
Justyol,Shopify,Homme,Men,TOWN TEAM,Short de Bain Homme avec Motif Graphique - Confort et Style - SWO25SSAE11445TM1 - Black / 3XL,119.0,399.0,70.0,En stock,,0.0,,1,0,0.9406,0.7,0.6752,1,4.787491742782046,mid-range,1,11,0,4,Low-cost,0.1135384787844854,1.987090335888496,0
Justyol,Shopify,Homme,Men,TOWN TEAM,Short de Bain Homme - Confortable et Stylé pour l'Été - SWO25SSTE11444TM1 - Navy / M,119.0,399.0,70.0,En stock,,0.0,,1,0,0.9406,0.7,0.6752,1,4.787491742782046,mid-range,1,11,0,4,Low-cost,0.1135384787844854,1.987090335888496,0
Justyol,Shopify,Homme,Men,TOWN TEAM,Shorts de Bain Homme à Imprimé Dynamique - Confort et Style Estival - SWO25SSAE11443TM1 - Olive/Yell / M,119.0,399.0,70.0,En stock,,0.0,,1,0,0.9406,0.7,0.6752,1,4.787491742782046,mid-range,1,11,0,4,Low-cost,0.1135384787844854,1.987090335888496,0
Justyol,Shopify,Homme,Men,TOWN TEAM,Short de Bain Homme avec Motif Graphique - Confort et Style - SWO25SSAE11445TM1 - Black / 2XL,119.0,399.0,70.0,En stock,,0.0,,1,0,0.9406,0.7,0.6752,1,4.787491742782046,mid-range,1,11,0,4,Low-cost,0.1135384787844854,1.987090335888496,0
Justyol,Shopify,Homme,Men,TOWN TEAM,Short de Bain Homme - Confortable et Stylé pour l'Été - SWO25SSTE11444TM1 - Navy / 4XL,119.0,399.0,70.0,En stock,,0.0,,1,0,0.9406,0.7,0.6752,1,4.787491742782046,mid-range,1,11,0,4,Low-cost,0.1135384787844854,1.987090335888496,0
Justyol,Shopify,Homme,Men,TOWN TEAM,T-shirt Homme – Design Texturé en Noir – TSH24SBRO20085TM1 - Black / M,119.0,399.0,70.0,En stock,,0.0,,1,0,0.9406,0.7,0.6752,1,4.787491742782046,mid-range,1,11,0,4,Low-cost,0.1135384787844854,1.987090335888496,0
Justyol,Shopify,Homme,Men,TOWN TEAM,T-shirt Homme – Design Texturé en Noir – TSH24SBRO20085TM1 - Black / L,119.0,399.0,70.0,En stock,,0.0,,1,0,0.9406,0.7,0.6752,1,4.787491742782046,mid-range,1,11,0,4,Low-cost,0.1135384787844854,1.987090335888496,0
Justyol,Shopify,Homme,Men,TOWN TEAM,T-shirt Homme – Design Texturé en Noir – TSH24SBRO20085TM1 - Black / S,119.0,399.0,70.0,En stock,,0.0,,1,0,0.9406,0.7,0.6752,1,4.787491742782046,mid-range,1,11,0,4,Low-cost,0.1135384787844854,1.987090335888496,0
Justyol,Shopify,Homme,Men,TOWN TEAM,T-shirt Homme – Design Texturé en Noir – TSH24SBRO20085TM1 - Black / XL,119.0,399.0,70.0,En stock,,0.0,,1,0,0.9406,0.7,0.6752,1,4.787491742782046,mid-range,1,11,0,4,Low-cost,0.1135384787844854,1.987090335888496,0
Justyol,Shopify,Homme,Men,TOWN TEAM,Short homme imprimé – Regular fit | Style estival et confort quotidien - SHR24SGAS23167TM1 - Olive / 36,119.0,399.0,70.0,En stock,,0.0,,1,0,0.9406,0.7,0.6752,1,4.787491742782046,mid-range,1,11,0,4,Low-cost,0.1135384787844854,1.987090335888496,0
Justyol,Shopify,Homme,Men,TOWN TEAM,Short homme imprimé – Regular fit | Style estival et confort quotidien - SHR24SGAS23167TM1 - Olive / 30,119.0,399.0,70.0,En stock,,0.0,,1,0,0.9406,0.7,0.6752,1,4.787491742782046,mid-range,1,11,0,4,Low-cost,0.1135384787844854,1.987090335888496,0
Justyol,Shopify,Homme,Men,TOWN TEAM,Short homme imprimé – Regular fit | Style estival et confort quotidien - SHR24SGAS23167TM1 - Olive / 40,119.0,399.0,70.0,En stock,,0.0,,1,0,0.9406,0.7,0.6752,1,4.787491742782046,mid-range,1,11,0,4,Low-cost,0.1135384787844854,1.987090335888496,0
Justyol,Shopify,Homme,Men,TOWN TEAM,Short homme imprimé – Regular fit | Style estival et confort quotidien - SHR24SGAS23167TM1 - Olive / 38,119.0,399.0,70.0,En stock,,0.0,,1,0,0.9406,0.7,0.6752,1,4.787491742782046,mid-range,1,11,0,4,Low-cost,0.1135384787844854,1.987090335888496,0
Justyol,Shopify,Homme,Men,TOWN TEAM,Short homme imprimé – Regular fit | Style estival et confort quotidien - SHR24SGAS23167TM1 - Olive / 34,119.0,399.0,70.0,En stock,,0.0,,1,0,0.9406,0.7,0.6752,1,4.787491742782046,mid-range,1,11,0,4,Low-cost,0.1135384787844854,1.987090335888496,0
Justyol,Shopify,Homme,Men,TOWN TEAM,Short homme imprimé – Regular fit | Style estival et confort quotidien - SHR24SGAS23167TM1 - Olive / 32,119.0,399.0,70.0,En stock,,0.0,,1,0,0.9406,0.7,0.6752,1,4.787491742782046,mid-range,1,11,0,4,Low-cost,0.1135384787844854,1.987090335888496,0
Justyol,Shopify,Homme,Men,TOWN TEAM,Short homme imprimé – Regular fit | Style estival et confort quotidien - SHR24SGAS23167TM1 - Olive / 33,119.0,399.0,70.0,En stock,,0.0,,1,0,0.9406,0.7,0.6752,1,4.787491742782046,mid-range,1,11,0,4,Low-cost,0.1135384787844854,1.987090335888496,0
Justyol,Shopify,Homme,Men,TOWN TEAM,Short homme imprimé – Regular fit | Style estival et confort quotidien - SHR24SGAS23167TM1 - Black / 40,119.0,399.0,70.0,En stock,,0.0,,1,0,0.9406,0.7,0.6752,1,4.787491742782046,mid-range,1,11,0,4,Low-cost,0.1135384787844854,1.987090335888496,0
Justyol,Shopify,Homme,Men,TOWN TEAM,Short homme imprimé – Regular fit | Style estival et confort quotidien - SHR24SGAS23167TM1 - Black / 36,119.0,399.0,70.0,En stock,,0.0,,1,0,0.9406,0.7,0.6752,1,4.787491742782046,mid-range,1,11,0,4,Low-cost,0.1135384787844854,1.987090335888496,0
Justyol,Shopify,Homme,Men,TOWN TEAM,Short de sport pour homme de couleur noire avec taille élastique - SHR24SMBS15001TM1 - Black / 2XL,119.0,399.0,70.0,En stock,,0.0,,1,0,0.9406,0.7,0.6752,1,4.787491742782046,mid-range,1,11,0,4,Low-cost,0.1135384787844854,1.987090335888496,0
Justyol,Shopify,Homme,Men,TOWN TEAM,Short homme imprimé – Regular fit | Style estival et confort quotidien - SHR24SGAS23167TM1 - Black / 34,119.0,399.0,70.0,En stock,,0.0,,1,0,0.9406,0.7,0.6752,1,4.787491742782046,mid-range,1,11,0,4,Low-cost,0.1135384787844854,1.987090335888496,0
Justyol,Shopify,Homme,Men,TOWN TEAM,Short de sport pour homme de couleur noire avec taille élastique - SHR24SMBS15001TM1 - Black / XL,119.0,399.0,70.0,En stock,,0.0,,1,0,0.9406,0.7,0.6752,1,4.787491742782046,mid-range,1,11,0,4,Low-cost,0.1135384787844854,1.987090335888496,0
Justyol,Shopify,Homme,Men,TOWN TEAM,Short homme imprimé – Regular fit | Style estival et confort quotidien - SHR24SGAS23167TM1 - Black / 31,119.0,399.0,70.0,En stock,,0.0,,1,0,0.9406,0.7,0.6752,1,4.787491742782046,mid-range,1,11,0,4,Low-cost,0.1135384787844854,1.987090335888496,0
Justyol,Shopify,Homme,Men,TOWN TEAM,Short de sport pour homme de couleur noire avec taille élastique - SHR24SMBS15001TM1 - Black / L,119.0,399.0,70.0,En stock,,0.0,,1,0,0.9406,0.7,0.6752,1,4.787491742782046,mid-range,1,11,0,4,Low-cost,0.1135384787844854,1.987090335888496,0
Justyol,Shopify,Homme,Men,TOWN TEAM,Short homme imprimé – Regular fit | Style estival et confort quotidien - SHR24SGAS23167TM1 - Black / 33,119.0,399.0,70.0,En stock,,0.0,,1,0,0.9406,0.7,0.6752,1,4.787491742782046,mid-range,1,11,0,4,Low-cost,0.1135384787844854,1.987090335888496,0
Justyol,Shopify,Homme,Men,TOWN TEAM,Short de sport pour homme de couleur noire avec taille élastique - SHR24SMBS15001TM1 - Black / M,119.0,399.0,70.0,En stock,,0.0,,1,0,0.9406,0.7,0.6752,1,4.787491742782046,mid-range,1,11,0,4,Low-cost,0.1135384787844854,1.987090335888496,0
Justyol,Shopify,Ventes Flash,All Best Selling,JKIDS,Robe bébé en maille côtelée avec détails dentelle et bandeau assorti - rose / 0-3 m,81.0,258.0,69.0,En stock,,0.0,,1,0,0.9484,0.69,0.6751,1,4.406719247264253,low-cost,1,20,0,0,Mid-range,0.1249173225321575,2.273921289804575,0
Lasolda,WooCommerce,Maison,Maison,,"Toaster , Panini , Plancha ...",599.0,800.0,25.0,En stock,Oui,0.0,,1,1,0.2908,0.25,0.6727,1,6.396929655216146,premium,3,13,1,1,Premium,2.901491645980892,-0.4898174121114271,2
Lasolda,WooCommerce,Maison,Maison,,Cuiseur à Vapeur,599.0,799.0,25.0,En stock,Oui,0.0,,1,1,0.2908,0.25,0.6727,1,6.396929655216146,premium,3,13,1,1,Premium,2.901491645980892,-0.4898174121114271,2
Justyol,Shopify,Enfants,Kids Babies All,TOWN TEAM,T-shirt à coupe décontractée pour enfant – Confort et style décontracté - TSH24SBRR20013TB1 - White / 6,69.0,199.0,65.0,En stock,,0.0,,1,0,0.9677,0.65,0.6719,1,4.248495242049359,low-cost,1,7,0,4,Low-cost,-0.2610761110539337,2.205184910706275,0
Justyol,Shopify,Enfants,Kids Babies All,TOWN TEAM,T-shirt à coupe décontractée pour enfant – Confort et style décontracté - TSH24SBRR20013TB1 - Beige / 6,69.0,199.0,65.0,En stock,,0.0,,1,0,0.9677,0.65,0.6719,1,4.248495242049359,low-cost,1,7,0,4,Low-cost,-0.2610761110539337,2.205184910706275,0
Justyol,Shopify,Enfants,Kids Babies All,TOWN TEAM,T-shirt à coupe décontractée pour enfant – Confort et style décontracté - TSH24SBRR20013TB1 - White / 8,69.0,199.0,65.0,En stock,,0.0,,1,0,0.9677,0.65,0.6719,1,4.248495242049359,low-cost,1,7,0,4,Low-cost,-0.2610761110539337,2.205184910706275,0
Justyol,Shopify,Enfants,Kids Babies All,TOWN TEAM,T-shirt à coupe décontractée pour enfant – Confort et style décontracté - TSH24SBRR20013TB1 - Black / 10,69.0,199.0,65.0,En stock,,0.0,,1,0,0.9677,0.65,0.6719,1,4.248495242049359,low-cost,1,7,0,4,Low-cost,-0.2610761110539337,2.205184910706275,0
Justyol,Shopify,Enfants,Kids Babies All,TOWN TEAM,Polo garçon avec illustrations distinctives – POS24SAPU31295TB1 - Black / 14,79.0,239.0,67.0,En stock,,0.0,,1,0,0.9478,0.67,0.671,1,4.382026634673881,low-cost,1,7,0,4,Low-cost,-0.189134534263589,2.1549950746610325,0
Justyol,Shopify,Enfants,Kids Babies All,TOWN TEAM,Polo enfant uni élégant – POS24SPPR31284TB1 - Mauve / 16,79.0,239.0,67.0,En stock,,0.0,,1,0,0.9478,0.67,0.671,1,4.382026634673881,low-cost,1,7,0,4,Low-cost,-0.189134534263589,2.1549950746610325,0
Justyol,Shopify,Enfants,Kids Babies All,TOWN TEAM,Polo enfant uni élégant – POS24SPPR31284TB1 - Mauve / 14,79.0,239.0,67.0,En stock,,0.0,,1,0,0.9478,0.67,0.671,1,4.382026634673881,low-cost,1,7,0,4,Low-cost,-0.189134534263589,2.1549950746610325,0
Justyol,Shopify,Enfants,Kids Babies All,TOWN TEAM,Polo pour garçon aux couleurs distinctives - POS24SPPR31286TB1 - Navy / 14,79.0,239.0,67.0,En stock,,0.0,,1,0,0.9478,0.67,0.671,1,4.382026634673881,low-cost,1,7,0,4,Low-cost,-0.189134534263589,2.1549950746610325,0
Justyol,Shopify,Enfants,Kids Babies All,TOWN TEAM,Polo pour garçon aux couleurs distinctives - POS24SPPR31286TB1 - Army / 12,79.0,239.0,67.0,En stock,,0.0,,1,0,0.9478,0.67,0.671,1,4.382026634673881,low-cost,1,7,0,4,Low-cost,-0.189134534263589,2.1549950746610325,0
Justyol,Shopify,Enfants,Kids Babies All,TOWN TEAM,Polo pour garçon aux couleurs distinctives - POS24SPPR31286TB1 - Navy / 12,79.0,239.0,67.0,En stock,,0.0,,1,0,0.9478,0.67,0.671,1,4.382026634673881,low-cost,1,7,0,4,Low-cost,-0.189134534263589,2.1549950746610325,0
Justyol,Shopify,Enfants,Kids Babies All,TOWN TEAM,Polo enfant uni élégant – POS24SPPR31284TB1 - Mauve / 12,79.0,239.0,67.0,En stock,,0.0,,1,0,0.9478,0.67,0.671,1,4.382026634673881,low-cost,1,7,0,4,Low-cost,-0.189134534263589,2.1549950746610325,0
Justyol,Shopify,Enfants,Kids Babies All,TOWN TEAM,Polo garçon avec illustrations distinctives – POS24SAPU31295TB1 - OFF WHIT / 14,79.0,239.0,67.0,En stock,,0.0,,1,0,0.9478,0.67,0.671,1,4.382026634673881,low-cost,1,7,0,4,Low-cost,-0.189134534263589,2.1549950746610325,0
Justyol,Shopify,Enfants,Kids Babies All,TOWN TEAM,Polo enfant uni élégant – POS24SPPR31284TB1 - Mauve / 10,79.0,239.0,67.0,En stock,,0.0,,1,0,0.9478,0.67,0.671,1,4.382026634673881,low-cost,1,7,0,4,Low-cost,-0.189134534263589,2.1549950746610325,0
Justyol,Shopify,Enfants,Kids Babies All,TOWN TEAM,Polo garçon avec illustrations distinctives – POS24SAPU31295TB1 - Black / 12,79.0,239.0,67.0,En stock,,0.0,,1,0,0.9478,0.67,0.671,1,4.382026634673881,low-cost,1,7,0,4,Low-cost,-0.189134534263589,2.1549950746610325,0
Justyol,Shopify,Enfants,Kids Babies All,TOWN TEAM,Polo garçon avec illustrations distinctives – POS24SAPU31295TB1 - Black / 10,79.0,239.0,67.0,En stock,,0.0,,1,0,0.9478,0.67,0.671,1,4.382026634673881,low-cost,1,7,0,4,Low-cost,-0.189134534263589,2.1549950746610325,0
Justyol,Shopify,Enfants,Kids Babies All,TOWN TEAM,Polo pour garçon aux couleurs distinctives - POS24SPPR31286TB1 - Army / 14,79.0,239.0,67.0,En stock,,0.0,,1,0,0.9478,0.67,0.671,1,4.382026634673881,low-cost,1,7,0,4,Low-cost,-0.189134534263589,2.1549950746610325,0
Justyol,Shopify,Enfants,Kids Babies All,JKIDS,Ensemble garçon Little Camper – T-shirt imprimé et pantalon coupe basse confortable - kahve / 6 yaş,83.0,338.0,75.0,En stock,,0.0,,1,0,0.879,0.75,0.6698,1,4.430816798843313,low-cost,1,7,0,4,Low-cost,-0.1136599733872934,2.2887741661615,0
Justyol,Shopify,Ventes Flash,All Best Selling,JWOMEN,Tunique Chemise Longue Rayée Femme – Fluide & Élégante - beyaz / 36,105.0,398.0,74.0,En stock,,0.0,,1,0,0.8822,0.74,0.6686,1,4.663439094112067,mid-range,1,20,0,0,Mid-range,0.2568827264754746,2.1838907928977904,0
Justyol,Shopify,Enfants,Kids Babies All,JKIDS,Collant Fille Licorne Blanc Élastique Confortable - beyaz / 5-6 y,62.4,170.8,63.0,En stock,,0.0,,1,0,0.9699,0.63,0.6685,1,4.14946386144318,low-cost,1,7,0,4,Low-cost,-0.330552624471628,2.215806642463676,0
Justyol,Shopify,Ventes Flash,All Best Selling,JMEN,Chemise homme à motif gaufré style casual - BLACK / M,73.0,192.52,62.0,En stock,,0.0,,1,0,0.9753,0.62,0.6678,1,4.30406509320417,low-cost,1,20,0,0,Mid-range,0.006211807616039,2.165139208609613,0
Lasolda,WooCommerce,Maison,Maison,,Blender avec 2 bol en verre,379.0,399.0,5.0,En stock,Oui,0.0,,1,1,0.4263,0.05,0.6666,1,5.940171252720432,mid-range,3,13,1,1,Premium,2.533481905669383,-0.6346218728381887,2
Justyol,Shopify,Homme,Men,JMEN,Chemise homme fit rayée manches courtes en coton - beige / XL,82.0,210.34,61.0,En stock,,0.0,,1,0,0.9755,0.61,0.6659,1,4.418840607796598,low-cost,1,11,0,4,Low-cost,-0.1459203015371702,2.0062141019417448,0
Justyol,Shopify,Homme,Men,JMEN,t‑shirt homme CalvinBasic casual confortable- 88245 - noir / m,84.0,214.3,61.0,En stock,,0.0,,1,0,0.975,0.61,0.6657,1,4.442651256490317,low-cost,1,11,0,4,Low-cost,-0.1357567246392191,1.9894871029596208,0
Lasolda,WooCommerce,Maison,Maison,,Appareil A Raclette Et Plan...,699.0,999.0,30.0,En stock,Oui,0.0,,1,1,0.2151,0.3,0.6638,1,6.551080335043404,premium,3,13,1,1,Premium,2.9797032017904925,-0.5202624875623849,2
Lasolda,WooCommerce,Maison,Maison,,Pack Barbecue A Charbon Por...,549.0,670.0,18.0,En stock,Oui,0.0,,1,1,0.3108,0.18,0.6637,1,6.309918278226516,premium,3,13,1,1,Premium,2.784667219916494,-0.6155856425950706,2
Lasolda,WooCommerce,Maison,Maison,,Porte Manteaux Et Pantalons,449.0,499.0,10.0,En stock,Oui,0.0,,1,1,0.3725,0.1,0.6631,1,6.1092475827643655,mid-range,3,13,1,1,Premium,2.634958349911222,-0.6544276764772055,2
Justyol,Shopify,Ventes Flash,All Best Selling,JKIDS,Ensemble bébé garçon salopette en mousseline brodée koala - beige / 12m,77.4,200.8,61.0,En stock,,0.0,,1,0,0.9641,0.61,0.663,1,4.361823927356363,low-cost,1,20,0,0,Mid-range,0.010540417475878,2.08668268047636,0
Justyol,Shopify,Ventes Flash,All Best Selling,JKIDS,Ensemble bébé garçon salopette en mousseline brodée koala - beige / 18m,77.4,200.8,61.0,En stock,,0.0,,1,0,0.9641,0.61,0.663,1,4.361823927356363,low-cost,1,20,0,0,Mid-range,0.010540417475878,2.08668268047636,0
Justyol,Shopify,Ventes Flash,All Best Selling,JKIDS,Ensemble bébé fille été robe et bloomer avec nœud - SAUMON / 6M,77.4,200.8,61.0,En stock,,0.0,,1,0,0.9641,0.61,0.663,1,4.361823927356363,low-cost,1,20,0,0,Mid-range,0.010540417475878,2.08668268047636,0
Justyol,Shopify,Ventes Flash,All Best Selling,JKIDS,Ensemble bébé fille été robe et bloomer avec nœud - SAUMON / 12M,77.4,200.8,61.0,En stock,,0.0,,1,0,0.9641,0.61,0.663,1,4.361823927356363,low-cost,1,20,0,0,Mid-range,0.010540417475878,2.08668268047636,0
Justyol,Shopify,Ventes Flash,All Best Selling,JKIDS,Ensemble bébé garçon salopette en mousseline brodée koala - BLEU / 12m,77.4,200.8,61.0,En stock,,0.0,,1,0,0.9641,0.61,0.663,1,4.361823927356363,low-cost,1,20,0,0,Mid-range,0.010540417475878,2.08668268047636,0
Justyol,Shopify,Homme,Men,TOWN TEAM,"Chemise homme à manches longues, coupe moderne et design élégant – SHI24SEIS19429TM1 - Orange / 5XL",129.0,499.0,74.0,En stock,,0.0,,1,0,0.8602,0.74,0.663,1,4.867534450455582,mid-range,1,11,0,4,Low-cost,0.140990968671231,1.9723253754903536,0
Justyol,Shopify,Ventes Flash,All Best Selling,JKIDS,Ensemble bébé fille été robe et bloomer avec nœud - SAUMON / 18M,77.4,200.8,61.0,En stock,,0.0,,1,0,0.9641,0.61,0.663,1,4.361823927356363,low-cost,1,20,0,0,Mid-range,0.010540417475878,2.08668268047636,0
Justyol,Shopify,Homme,Men,TOWN TEAM,Polo pour homme de couleur marine - POS24SNTR21764TM1 - Navy / 2XL,129.0,499.0,74.0,En stock,,0.0,,1,0,0.8602,0.74,0.663,1,4.867534450455582,mid-range,1,11,0,4,Low-cost,0.140990968671231,1.9723253754903536,0
Justyol,Shopify,Homme,Men,TOWN TEAM,"Chemise homme à manches longues, coupe moderne et design élégant – SHI24SEIS19429TM1 - Off White / 3XL",129.0,499.0,74.0,En stock,,0.0,,1,0,0.8602,0.74,0.663,1,4.867534450455582,mid-range,1,11,0,4,Low-cost,0.140990968671231,1.9723253754903536,0
Justyol,Shopify,Homme,Men,TOWN TEAM,"Chemise homme à manches longues, coupe moderne et design élégant – SHI24SEIS19429TM1 - LI.Beige / 5XL",129.0,499.0,74.0,En stock,,0.0,,1,0,0.8602,0.74,0.663,1,4.867534450455582,mid-range,1,11,0,4,Low-cost,0.140990968671231,1.9723253754903536,0
Justyol,Shopify,Homme,Men,TOWN TEAM,"Chemise homme à manches longues, coupe moderne et design élégant – SHI24SEIS19429TM1 - LI.Beige / 6XL",129.0,499.0,74.0,En stock,,0.0,,1,0,0.8602,0.74,0.663,1,4.867534450455582,mid-range,1,11,0,4,Low-cost,0.140990968671231,1.9723253754903536,0
Justyol,Shopify,Homme,Men,TOWN TEAM,"Chemise homme à manches longues, coupe moderne et design élégant – SHI24SEIS19429TM1 - LI.Beige / 4XL",129.0,499.0,74.0,En stock,,0.0,,1,0,0.8602,0.74,0.663,1,4.867534450455582,mid-range,1,11,0,4,Low-cost,0.140990968671231,1.9723253754903536,0
Justyol,Shopify,Ventes Flash,All Best Selling,JKIDS,Ensemble bébé garçon salopette en mousseline brodée koala - BLEU / 6m,77.4,200.8,61.0,En stock,,0.0,,1,0,0.9641,0.61,0.663,1,4.361823927356363,low-cost,1,20,0,0,Mid-range,0.010540417475878,2.08668268047636,0
Justyol,Shopify,Ventes Flash,All Best Selling,JKIDS,Ensemble bébé garçon salopette en mousseline brodée koala - BLEU / 18m,77.4,200.8,61.0,En stock,,0.0,,1,0,0.9641,0.61,0.663,1,4.361823927356363,low-cost,1,20,0,0,Mid-range,0.010540417475878,2.08668268047636,0
Justyol,Shopify,Homme,Men,TOWN TEAM,"Chemise homme à manches longues, coupe moderne et design élégant – SHI24SEIS19429TM1 - SKYBLUE / 5XL",129.0,499.0,74.0,En stock,,0.0,,1,0,0.8602,0.74,0.663,1,4.867534450455582,mid-range,1,11,0,4,Low-cost,0.140990968671231,1.9723253754903536,0
Justyol,Shopify,Homme,Men,TOWN TEAM,"Chemise homme à manches longues, coupe moderne et design élégant – SHI24SEIS19429TM1 - Orange / 6XL",129.0,499.0,74.0,En stock,,0.0,,1,0,0.8602,0.74,0.663,1,4.867534450455582,mid-range,1,11,0,4,Low-cost,0.140990968671231,1.9723253754903536,0
Justyol,Shopify,Homme,Men,TOWN TEAM,"Chemise homme à manches longues, coupe moderne et design élégant – SHI24SEIS19429TM1 - Charcoal / 2XL",129.0,499.0,74.0,En stock,,0.0,,1,0,0.8602,0.74,0.663,1,4.867534450455582,mid-range,1,11,0,4,Low-cost,0.140990968671231,1.9723253754903536,0
Justyol,Shopify,Homme,Men,TOWN TEAM,"Chemise homme à manches longues, coupe moderne et design élégant – SHI24SEIS19429TM1 - Orange / 3XL",129.0,499.0,74.0,En stock,,0.0,,1,0,0.8602,0.74,0.663,1,4.867534450455582,mid-range,1,11,0,4,Low-cost,0.140990968671231,1.9723253754903536,0
Justyol,Shopify,Homme,Men,TOWN TEAM,Polo pour homme de couleur marine - POS24SNTR21764TM1 - Navy / XL,129.0,499.0,74.0,En stock,,0.0,,1,0,0.8602,0.74,0.663,1,4.867534450455582,mid-range,1,11,0,4,Low-cost,0.140990968671231,1.9723253754903536,0
Justyol,Shopify,Ventes Flash,All Best Selling,JKIDS,Ensemble bébé garçon salopette en mousseline brodée koala - beige / 6m,77.4,200.8,61.0,En stock,,0.0,,1,0,0.9641,0.61,0.663,1,4.361823927356363,low-cost,1,20,0,0,Mid-range,0.010540417475878,2.08668268047636,0
Justyol,Shopify,Homme,Men,JMEN,t‑shirt homme col en V imprimé casual- 88174 - vert d'eau / m,90.0,226.18,60.0,En stock,,0.0,,1,0,0.9691,0.6,0.6623,1,4.51085950651685,low-cost,1,11,0,4,Low-cost,-0.1224189061169552,1.90937788719296,0
Justyol,Shopify,Homme,Men,JMEN,t‑shirt homme col en V imprimé casual- 88174 - jaune / m,90.0,226.18,60.0,En stock,,0.0,,1,0,0.9691,0.6,0.6623,1,4.51085950651685,low-cost,1,11,0,4,Low-cost,-0.1224189061169552,1.90937788719296,0
Lasolda,WooCommerce,Beauté & Sport,Beauté & Sport,,Brosse lisseur à vapeur &#...,399.0,650.0,39.0,En stock,Oui,0.0,,1,1,0.1336,0.39,0.6614,1,5.991464547107982,mid-range,3,2,1,1,Premium,2.549716125549597,-0.0270033497525144,3
Lasolda,WooCommerce,Beauté & Sport,Beauté & Sport,,Lisseur à cheveux Plaques C...,299.0,399.0,25.0,En stock,Oui,0.0,,1,1,0.2443,0.25,0.6611,1,5.703782474656201,mid-range,3,2,1,1,Premium,2.318750732503394,-0.1346735172490985,3
Justyol,Shopify,Homme,Men,TOWN TEAM,Polo Homme Élégant – Design Classique et Confort pour le Quotidien et les Occasions Décontractées - POS24SCPV21903TM1 - OFF WHIT / 2XL,129.0,479.0,73.0,En stock,,0.0,,1,0,0.8602,0.73,0.661,1,4.867534450455582,mid-range,1,11,0,4,Low-cost,0.1277428900703365,1.9432945854096777,0
Justyol,Shopify,Homme,Men,TOWN TEAM,Polo Homme Élégant – Design Classique et Confort pour le Quotidien et les Occasions Décontractées - POS24SCPV21903TM1 - OFF WHIT / 3XL,129.0,479.0,73.0,En stock,,0.0,,1,0,0.8602,0.73,0.661,1,4.867534450455582,mid-range,1,11,0,4,Low-cost,0.1277428900703365,1.9432945854096777,0
Justyol,Shopify,Homme,Men,TOWN TEAM,Polo Homme Élégant – Design Classique et Confort pour le Quotidien et les Occasions Décontractées - POS24SCPV21903TM1 - OFF WHIT / 4XL,129.0,479.0,73.0,En stock,,0.0,,1,0,0.8602,0.73,0.661,1,4.867534450455582,mid-range,1,11,0,4,Low-cost,0.1277428900703365,1.9432945854096777,0
Justyol,Shopify,Homme,Men,TOWN TEAM,Polo Homme Élégant – Design Classique et Confort pour le Quotidien et les Occasions Décontractées - POS24SCPV21903TM1 - OFF WHIT / XL,129.0,479.0,73.0,En stock,,0.0,,1,0,0.8602,0.73,0.661,1,4.867534450455582,mid-range,1,11,0,4,Low-cost,0.1277428900703365,1.9432945854096777,0
Justyol,Shopify,Homme,Men,TOWN TEAM,"Polo Homme Moderne Noir – Design Élégant avec Détails ""BLACK"" et Logo ""LEGEND"" - POS24SPPR21757TM1 - Black / 4XL",129.0,479.0,73.0,En stock,,0.0,,1,0,0.8602,0.73,0.661,1,4.867534450455582,mid-range,1,11,0,4,Low-cost,0.1277428900703365,1.9432945854096777,0
Justyol,Shopify,Homme,Men,TOWN TEAM,"Polo ""ROAD 149"" pour homme - Style moderne et confort - POS24SPPR21814TM1 - Black / 3XL",129.0,479.0,73.0,En stock,,0.0,,1,0,0.8602,0.73,0.661,1,4.867534450455582,mid-range,1,11,0,4,Low-cost,0.1277428900703365,1.9432945854096777,0
Justyol,Shopify,Homme,Men,TOWN TEAM,Polo Homme Élégant – Style Pratique et Moderne pour le Quotidien - POS24SPPR21753TM1 - White / 7XL,129.0,479.0,73.0,En stock,,0.0,,1,0,0.8602,0.73,0.661,1,4.867534450455582,mid-range,1,11,0,4,Low-cost,0.1277428900703365,1.9432945854096777,0
Justyol,Shopify,Homme,Men,TOWN TEAM,Chemise homme à manches courtes de couleur blanche - SSH24SACC19449TM1 - White / L,129.0,479.0,73.0,En stock,,0.0,,1,0,0.8602,0.73,0.661,1,4.867534450455582,mid-range,1,11,0,4,Low-cost,0.1277428900703365,1.9432945854096777,0
Justyol,Shopify,Homme,Men,TOWN TEAM,Polo pour homme à manches courtes - Design classique simple - POS24SPPR21904TM1 - Stone / 5XL,129.0,479.0,73.0,En stock,,0.0,,1,0,0.8602,0.73,0.661,1,4.867534450455582,mid-range,1,11,0,4,Low-cost,0.1277428900703365,1.9432945854096777,0
Justyol,Shopify,Homme,Men,TOWN TEAM,Chemise homme à manches courtes avec imprimé distinctif – SSH24SAIC19405TM1 - BLK/WHT / XL,129.0,479.0,73.0,En stock,,0.0,,1,0,0.8602,0.73,0.661,1,4.867534450455582,mid-range,1,11,0,4,Low-cost,0.1277428900703365,1.9432945854096777,0
Justyol,Shopify,Homme,Men,TOWN TEAM,Chemise pour homme décorée avec des boutons - SSH24SAER19490TM1 - WHT/PRNT / 5XL,129.0,479.0,73.0,En stock,,0.0,,1,0,0.8602,0.73,0.661,1,4.867534450455582,mid-range,1,11,0,4,Low-cost,0.1277428900703365,1.9432945854096777,0
Justyol,Shopify,Homme,Men,TOWN TEAM,Chemise Homme Élégante à Carreaux – Style Moderne et Confort pour les Jours Chauds - SSH24SCIR17447TM1 - WHT/WINE / 5XL,129.0,479.0,73.0,En stock,,0.0,,1,0,0.8602,0.73,0.661,1,4.867534450455582,mid-range,1,11,0,4,Low-cost,0.1277428900703365,1.9432945854096777,0
Justyol,Shopify,Homme,Men,TOWN TEAM,Chemise pour homme décorée avec des boutons - SSH24SAER19490TM1 - WHT/PRNT / 6XL,129.0,479.0,73.0,En stock,,0.0,,1,0,0.8602,0.73,0.661,1,4.867534450455582,mid-range,1,11,0,4,Low-cost,0.1277428900703365,1.9432945854096777,0
Justyol,Shopify,Homme,Men,TOWN TEAM,Chemise homme à manches courtes de couleur blanche - SSH24SACC19449TM1 - White / XL,129.0,479.0,73.0,En stock,,0.0,,1,0,0.8602,0.73,0.661,1,4.867534450455582,mid-range,1,11,0,4,Low-cost,0.1277428900703365,1.9432945854096777,0
Justyol,Shopify,Homme,Men,TOWN TEAM,Polo pour homme à manches courtes - Design classique simple - POS24SPPR21904TM1 - Navy / 4XL,129.0,479.0,73.0,En stock,,0.0,,1,0,0.8602,0.73,0.661,1,4.867534450455582,mid-range,1,11,0,4,Low-cost,0.1277428900703365,1.9432945854096777,0
Justyol,Shopify,Homme,Men,TOWN TEAM,Polo pour homme noir avec un motif distinctif - POS24SPPR21839TM1 - Black / XL,129.0,479.0,73.0,En stock,,0.0,,1,0,0.8602,0.73,0.661,1,4.867534450455582,mid-range,1,11,0,4,Low-cost,0.1277428900703365,1.9432945854096777,0
Justyol,Shopify,Homme,Men,TOWN TEAM,Chemise Homme Élégante à Carreaux – Style Moderne et Confort pour les Jours Chauds - SSH24SCIR17447TM1 - WHT/WINE / XL,129.0,479.0,73.0,En stock,,0.0,,1,0,0.8602,0.73,0.661,1,4.867534450455582,mid-range,1,11,0,4,Low-cost,0.1277428900703365,1.9432945854096777,0
Justyol,Shopify,Homme,Men,TOWN TEAM,"Polo Homme Moderne Noir – Design Élégant avec Détails ""BLACK"" et Logo ""LEGEND"" - POS24SPPR21757TM1 - Black / 3XL",129.0,479.0,73.0,En stock,,0.0,,1,0,0.8602,0.73,0.661,1,4.867534450455582,mid-range,1,11,0,4,Low-cost,0.1277428900703365,1.9432945854096777,0
Justyol,Shopify,Homme,Men,TOWN TEAM,Polo pour homme noir avec un motif distinctif - POS24SPPR21839TM1 - Black / 2XL,129.0,479.0,73.0,En stock,,0.0,,1,0,0.8602,0.73,0.661,1,4.867534450455582,mid-range,1,11,0,4,Low-cost,0.1277428900703365,1.9432945854096777,0
Justyol,Shopify,Homme,Men,TOWN TEAM,Chemise homme à manches courtes avec imprimé distinctif – SSH24SAIC19405TM1 - BLK/WHT / S,129.0,479.0,73.0,En stock,,0.0,,1,0,0.8602,0.73,0.661,1,4.867534450455582,mid-range,1,11,0,4,Low-cost,0.1277428900703365,1.9432945854096777,0
Justyol,Shopify,Homme,Men,TOWN TEAM,Polo pour homme à manches courtes - Design classique simple - POS24SPPR21904TM1 - Navy / 7XL,129.0,479.0,73.0,En stock,,0.0,,1,0,0.8602,0.73,0.661,1,4.867534450455582,mid-range,1,11,0,4,Low-cost,0.1277428900703365,1.9432945854096777,0
Justyol,Shopify,Homme,Men,TOWN TEAM,Chemise Homme à Manches Courtes – Élégance Simple et Confort au Quotidien - SSH24SSIC19427TM1 - OFF/BRN / 2XL,129.0,479.0,73.0,En stock,,0.0,,1,0,0.8602,0.73,0.661,1,4.867534450455582,mid-range,1,11,0,4,Low-cost,0.1277428900703365,1.9432945854096777,0
Justyol,Shopify,Homme,Men,TOWN TEAM,Chemise Homme Élégante à Carreaux – Style Moderne et Confort pour les Jours Chauds - SSH24SCIR17447TM1 - WHT/WINE / S,129.0,479.0,73.0,En stock,,0.0,,1,0,0.8602,0.73,0.661,1,4.867534450455582,mid-range,1,11,0,4,Low-cost,0.1277428900703365,1.9432945854096777,0
Justyol,Shopify,Homme,Men,TOWN TEAM,Polo Homme Élégant – Style Pratique et Moderne pour le Quotidien - POS24SPPR21753TM1 - White / 6XL,129.0,479.0,73.0,En stock,,0.0,,1,0,0.8602,0.73,0.661,1,4.867534450455582,mid-range,1,11,0,4,Low-cost,0.1277428900703365,1.9432945854096777,0
Justyol,Shopify,Homme,Men,TOWN TEAM,Chemise Homme à Manches Courtes – Élégance Simple et Confort au Quotidien - SSH24SSIC19427TM1 - OFF/BRN / 3XL,129.0,479.0,73.0,En stock,,0.0,,1,0,0.8602,0.73,0.661,1,4.867534450455582,mid-range,1,11,0,4,Low-cost,0.1277428900703365,1.9432945854096777,0
Justyol,Shopify,Homme,Men,TOWN TEAM,Chemise Homme Élégante à Carreaux – Style Moderne et Confort pour les Jours Chauds - SSH24SCIR17447TM1 - WHT/WINE / L,129.0,479.0,73.0,En stock,,0.0,,1,0,0.8602,0.73,0.661,1,4.867534450455582,mid-range,1,11,0,4,Low-cost,0.1277428900703365,1.9432945854096777,0
Justyol,Shopify,Homme,Men,TOWN TEAM,Polo pour homme à manches courtes - Design classique simple - POS24SPPR21904TM1 - Stone / 6XL,129.0,479.0,73.0,En stock,,0.0,,1,0,0.8602,0.73,0.661,1,4.867534450455582,mid-range,1,11,0,4,Low-cost,0.1277428900703365,1.9432945854096777,0
Justyol,Shopify,Homme,Men,TOWN TEAM,Polo pour homme à manches courtes - Design classique simple - POS24SPPR21904TM1 - Navy / 5XL,129.0,479.0,73.0,En stock,,0.0,,1,0,0.8602,0.73,0.661,1,4.867534450455582,mid-range,1,11,0,4,Low-cost,0.1277428900703365,1.9432945854096777,0
Justyol,Shopify,Homme,Men,TOWN TEAM,Polo pour homme à manches courtes - Design classique simple - POS24SPPR21904TM1 - Stone / 7XL,129.0,479.0,73.0,En stock,,0.0,,1,0,0.8602,0.73,0.661,1,4.867534450455582,mid-range,1,11,0,4,Low-cost,0.1277428900703365,1.9432945854096777,0
Justyol,Shopify,Homme,Men,TOWN TEAM,Chemise homme à manches courtes avec imprimé distinctif – SSH24SAIC19405TM1 - BLK/WHT / L,129.0,479.0,73.0,En stock,,0.0,,1,0,0.8602,0.73,0.661,1,4.867534450455582,mid-range,1,11,0,4,Low-cost,0.1277428900703365,1.9432945854096777,0
Justyol,Shopify,Homme,Men,TOWN TEAM,Polo pour homme noir avec un motif distinctif - POS24SPPR21839TM1 - Black / L,129.0,479.0,73.0,En stock,,0.0,,1,0,0.8602,0.73,0.661,1,4.867534450455582,mid-range,1,11,0,4,Low-cost,0.1277428900703365,1.9432945854096777,0
Justyol,Shopify,Homme,Men,TOWN TEAM,Chemise Homme Élégante à Carreaux – Style Moderne et Confort pour les Jours Chauds - SSH24SCIR17447TM1 - WHT/WINE / 6XL,129.0,479.0,73.0,En stock,,0.0,,1,0,0.8602,0.73,0.661,1,4.867534450455582,mid-range,1,11,0,4,Low-cost,0.1277428900703365,1.9432945854096777,0
Justyol,Shopify,Homme,Men,TOWN TEAM,Polo homme noir avec imprimé logo distinctif - POS24SPPR21758TM1 - Black / 2XL,129.0,479.0,73.0,En stock,,0.0,,1,0,0.8602,0.73,0.661,1,4.867534450455582,mid-range,1,11,0,4,Low-cost,0.1277428900703365,1.9432945854096777,0
Justyol,Shopify,Homme,Men,TOWN TEAM,Polo Homme Élégant – Style Pratique et Moderne pour le Quotidien - POS24SPPR21753TM1 - White / 5XL,129.0,479.0,73.0,En stock,,0.0,,1,0,0.8602,0.73,0.661,1,4.867534450455582,mid-range,1,11,0,4,Low-cost,0.1277428900703365,1.9432945854096777,0
Justyol,Shopify,Homme,Men,TOWN TEAM,Polo homme noir avec imprimé logo distinctif - POS24SPPR21758TM1 - Black / XL,129.0,479.0,73.0,En stock,,0.0,,1,0,0.8602,0.73,0.661,1,4.867534450455582,mid-range,1,11,0,4,Low-cost,0.1277428900703365,1.9432945854096777,0
Justyol,Shopify,Homme,Men,TOWN TEAM,Polo homme noir avec imprimé logo distinctif - POS24SPPR21758TM1 - Black / L,129.0,479.0,73.0,En stock,,0.0,,1,0,0.8602,0.73,0.661,1,4.867534450455582,mid-range,1,11,0,4,Low-cost,0.1277428900703365,1.9432945854096777,0
Justyol,Shopify,Ventes Flash,All Best Selling,JMEN,T-shirt Homme Oversize 100% Coton à Texture Douce et Imprimé - siyah / m,60.6,140.0,57.0,En stock,,0.0,,1,0,0.9832,0.57,0.6598,1,4.120661870539474,low-cost,1,20,0,0,Mid-range,-0.1369093803130369,2.150582865313646,0
Justyol,Shopify,Ventes Flash,All Best Selling,JMEN,T-shirt Homme Oversize 100% Coton à Texture Douce et Imprimé - fiesta / m,60.6,140.0,57.0,En stock,,0.0,,1,0,0.9832,0.57,0.6598,1,4.120661870539474,low-cost,1,20,0,0,Mid-range,-0.1369093803130369,2.150582865313646,0
Justyol,Shopify,Enfants,Kids Babies All,JKIDS,Ensemble 2 pièces enfant avec short Little Happy coton - PINK / 12M,78.0,202.0,61.0,En stock,,0.0,,1,0,0.95,0.61,0.6595,1,4.3694478524670215,low-cost,1,7,0,4,Low-cost,-0.272786551428792,1.991154588460517,0
Justyol,Shopify,Enfants,Kids Babies All,JKIDS,Ensemble 2 pièces enfant avec short Little Happy coton - ORANGE / 12/18m,78.0,202.0,61.0,En stock,,0.0,,1,0,0.95,0.61,0.6595,1,4.3694478524670215,low-cost,1,7,0,4,Low-cost,-0.272786551428792,1.991154588460517,0
Justyol,Shopify,Enfants,Kids Babies All,TOWN TEAM,"T-shirt Garçon – Imprimé ""DREAM"" en Néon Vert – TSH25SPRO32649TB1 - LIMON / 6",89.0,299.0,70.0,En stock,,0.0,,1,0,0.8768,0.7,0.6592,1,4.499809670330265,low-cost,1,7,0,4,Low-cost,-0.1505133948446559,2.0950743438481734,0
Justyol,Shopify,Enfants,Kids Babies All,TOWN TEAM,"T-shirt Garçon – Imprimé ""DREAM"" en Néon Vert – TSH25SPRO32649TB1 - LIMON / 4",89.0,299.0,70.0,En stock,,0.0,,1,0,0.8768,0.7,0.6592,1,4.499809670330265,low-cost,1,7,0,4,Low-cost,-0.1505133948446559,2.0950743438481734,0
Justyol,Shopify,Ventes Flash,All Best Selling,JWOMEN,Débardeur sportif pour femme avec logo et bande décorative - 97255 - indigo / m,92.4,254.0,64.0,En stock,,0.0,,1,0,0.9248,0.64,0.6592,1,4.536891345234797,low-cost,1,20,0,0,Mid-range,0.0995446508099627,2.018944759514242,0
Justyol,Shopify,Enfants,Kids Babies All,TOWN TEAM,T-shirt Garçon Slim Fit – Imprimé ‘MONDAY’ avec Détails Ludiques - TSH25SPRS32693TB1 - OFF WHIT / 12,89.0,299.0,70.0,En stock,,0.0,,1,0,0.8768,0.7,0.6592,1,4.499809670330265,low-cost,1,7,0,4,Low-cost,-0.1505133948446559,2.0950743438481734,0
Justyol,Shopify,Enfants,Kids Babies All,TOWN TEAM,T-shirt pour garçon décoré oversize avec impression moderne - Design confortable et attrayant - TSH24SPRO20069TB1 - Black / 10,89.0,299.0,70.0,En stock,,0.0,,1,0,0.8768,0.7,0.6592,1,4.499809670330265,low-cost,1,7,0,4,Low-cost,-0.1505133948446559,2.0950743438481734,0
Justyol,Shopify,Enfants,Kids Babies All,TOWN TEAM,Chemise garçon ornée de mots motivants – SSH24SPER31106TB1 - White / 14,89.0,299.0,70.0,En stock,,0.0,,1,0,0.8768,0.7,0.6592,1,4.499809670330265,low-cost,1,7,0,4,Low-cost,-0.1505133948446559,2.0950743438481734,0
Justyol,Shopify,Enfants,Kids Babies All,TOWN TEAM,Chemise garçon blanche à rayures avec boutons – SHI24SSIS31100TB1 - White / 10,89.0,299.0,70.0,En stock,,0.0,,1,0,0.8768,0.7,0.6592,1,4.499809670330265,low-cost,1,7,0,4,Low-cost,-0.1505133948446559,2.0950743438481734,0
Justyol,Shopify,Enfants,Kids Babies All,TOWN TEAM,Polo enfant blanc au design simple et élégant – POS24SPPR31274TB1 - White / 10,89.0,299.0,70.0,En stock,,0.0,,1,0,0.8768,0.7,0.6592,1,4.499809670330265,low-cost,1,7,0,4,Low-cost,-0.1505133948446559,2.0950743438481734,0
Justyol,Shopify,Enfants,Kids Babies All,TOWN TEAM,Chemise garçon ornée de mots motivants – SSH24SPER31106TB1 - White / 12,89.0,299.0,70.0,En stock,,0.0,,1,0,0.8768,0.7,0.6592,1,4.499809670330265,low-cost,1,7,0,4,Low-cost,-0.1505133948446559,2.0950743438481734,0
Justyol,Shopify,Enfants,Kids Babies All,TOWN TEAM,Short enfant garçon casual avec cordon de serrage à la taille et imprimé moderne – SHR25SMAS32120TB1 - Cashmere / 4,89.0,299.0,70.0,En stock,,0.0,,1,0,0.8768,0.7,0.6592,1,4.499809670330265,low-cost,1,7,0,4,Low-cost,-0.1505133948446559,2.0950743438481734,0
Justyol,Shopify,Enfants,Kids Babies All,TOWN TEAM,Short enfant garçon casual avec cordon de serrage à la taille et imprimé moderne – SHR25SMAS32120TB1 - Cashmere / 8,89.0,299.0,70.0,En stock,,0.0,,1,0,0.8768,0.7,0.6592,1,4.499809670330265,low-cost,1,7,0,4,Low-cost,-0.1505133948446559,2.0950743438481734,0
Justyol,Shopify,Enfants,Kids Babies All,TOWN TEAM,Polo enfant blanc au design simple et élégant – POS24SPPR31274TB1 - White / 14,89.0,299.0,70.0,En stock,,0.0,,1,0,0.8768,0.7,0.6592,1,4.499809670330265,low-cost,1,7,0,4,Low-cost,-0.1505133948446559,2.0950743438481734,0
Justyol,Shopify,Enfants,Kids Babies All,TOWN TEAM,"T-shirt stone garçon avec imprimé ""SIMSER"" – Style moderne et positif - TSH24SPRO32658TB1 - Stone / 10",89.0,299.0,70.0,En stock,,0.0,,1,0,0.8768,0.7,0.6592,1,4.499809670330265,low-cost,1,7,0,4,Low-cost,-0.1505133948446559,2.0950743438481734,0
Justyol,Shopify,Enfants,Kids Babies All,TOWN TEAM,T-shirt Garçon Slim Fit – Imprimé ‘MONDAY’ avec Détails Ludiques - TSH25SPRS32693TB1 - OFF WHIT / 6,89.0,299.0,70.0,En stock,,0.0,,1,0,0.8768,0.7,0.6592,1,4.499809670330265,low-cost,1,7,0,4,Low-cost,-0.1505133948446559,2.0950743438481734,0
Justyol,Shopify,Enfants,Kids Babies All,TOWN TEAM,T-shirt Garçon à Imprimé Sportif – Style Décontracté et Confort - TSH24SARO32620TB1 - OFF WHIT / 6,89.0,299.0,70.0,En stock,,0.0,,1,0,0.8768,0.7,0.6592,1,4.499809670330265,low-cost,1,7,0,4,Low-cost,-0.1505133948446559,2.0950743438481734,0
Justyol,Shopify,Enfants,Kids Babies All,TOWN TEAM,Short enfant garçon casual avec cordon de serrage à la taille et imprimé moderne – SHR25SMAS32120TB1 - D-GREY / 12,89.0,299.0,70.0,En stock,,0.0,,1,0,0.8768,0.7,0.6592,1,4.499809670330265,low-cost,1,7,0,4,Low-cost,-0.1505133948446559,2.0950743438481734,0
Justyol,Shopify,Enfants,Kids Babies All,TOWN TEAM,Short enfant garçon casual avec cordon de serrage à la taille et imprimé moderne – SHR25SMAS32120TB1 - D-GREY / 4,89.0,299.0,70.0,En stock,,0.0,,1,0,0.8768,0.7,0.6592,1,4.499809670330265,low-cost,1,7,0,4,Low-cost,-0.1505133948446559,2.0950743438481734,0
Justyol,Shopify,Enfants,Kids Babies All,TOWN TEAM,Short enfant garçon casual avec cordon de serrage à la taille et imprimé moderne – SHR25SMAS32120TB1 - Cashmere / 16,89.0,299.0,70.0,En stock,,0.0,,1,0,0.8768,0.7,0.6592,1,4.499809670330265,low-cost,1,7,0,4,Low-cost,-0.1505133948446559,2.0950743438481734,0
Justyol,Shopify,Enfants,Kids Babies All,TOWN TEAM,"T-shirt Garçon Beige à Imprimé ""Keep Smile"" – Style Urbain et Décontracté - TSH25SPRO32719TB1 - Beige / 14",89.0,299.0,70.0,En stock,,0.0,,1,0,0.8768,0.7,0.6592,1,4.499809670330265,low-cost,1,7,0,4,Low-cost,-0.1505133948446559,2.0950743438481734,0
Justyol,Shopify,Enfants,Kids Babies All,TOWN TEAM,Short enfant garçon casual avec cordon de serrage à la taille et imprimé moderne – SHR25SMAS32120TB1 - D-GREY / 6,89.0,299.0,70.0,En stock,,0.0,,1,0,0.8768,0.7,0.6592,1,4.499809670330265,low-cost,1,7,0,4,Low-cost,-0.1505133948446559,2.0950743438481734,0
Justyol,Shopify,Enfants,Kids Babies All,TOWN TEAM,Short enfant garçon casual avec cordon de serrage à la taille et imprimé moderne – SHR25SMAS32120TB1 - Cashmere / 6,89.0,299.0,70.0,En stock,,0.0,,1,0,0.8768,0.7,0.6592,1,4.499809670330265,low-cost,1,7,0,4,Low-cost,-0.1505133948446559,2.0950743438481734,0
Justyol,Shopify,Enfants,Kids Babies All,TOWN TEAM,"T-shirt Garçon Beige à Imprimé ""Keep Smile"" – Style Urbain et Décontracté - TSH25SPRO32719TB1 - Beige / 12",89.0,299.0,70.0,En stock,,0.0,,1,0,0.8768,0.7,0.6592,1,4.499809670330265,low-cost,1,7,0,4,Low-cost,-0.1505133948446559,2.0950743438481734,0
Justyol,Shopify,Enfants,Kids Babies All,TOWN TEAM,Short enfant garçon casual avec cordon de serrage à la taille et imprimé moderne – SHR25SMAS32120TB1 - Cashmere / 14,89.0,299.0,70.0,En stock,,0.0,,1,0,0.8768,0.7,0.6592,1,4.499809670330265,low-cost,1,7,0,4,Low-cost,-0.1505133948446559,2.0950743438481734,0
Justyol,Shopify,Enfants,Kids Babies All,TOWN TEAM,Short enfant garçon casual avec cordon de serrage à la taille et imprimé moderne – SHR25SMAS32120TB1 - Cashmere / 10,89.0,299.0,70.0,En stock,,0.0,,1,0,0.8768,0.7,0.6592,1,4.499809670330265,low-cost,1,7,0,4,Low-cost,-0.1505133948446559,2.0950743438481734,0
Justyol,Shopify,Enfants,Kids Babies All,TOWN TEAM,"T-shirt Garçon Beige à Imprimé ""Keep Smile"" – Style Urbain et Décontracté - TSH25SPRO32719TB1 - Beige / 8",89.0,299.0,70.0,En stock,,0.0,,1,0,0.8768,0.7,0.6592,1,4.499809670330265,low-cost,1,7,0,4,Low-cost,-0.1505133948446559,2.0950743438481734,0
Justyol,Shopify,Enfants,Kids Babies All,TOWN TEAM,Short enfant garçon casual avec cordon de serrage à la taille et imprimé moderne – SHR25SMAS32120TB1 - Cashmere / 12,89.0,299.0,70.0,En stock,,0.0,,1,0,0.8768,0.7,0.6592,1,4.499809670330265,low-cost,1,7,0,4,Low-cost,-0.1505133948446559,2.0950743438481734,0
Justyol,Shopify,Enfants,Kids Babies All,TOWN TEAM,"T-shirt Garçon Beige à Imprimé ""Keep Smile"" – Style Urbain et Décontracté - TSH25SPRO32719TB1 - Beige / 10",89.0,299.0,70.0,En stock,,0.0,,1,0,0.8768,0.7,0.6592,1,4.499809670330265,low-cost,1,7,0,4,Low-cost,-0.1505133948446559,2.0950743438481734,0
Justyol,Shopify,Enfants,Kids Babies All,TOWN TEAM,Short enfant garçon casual avec cordon de serrage à la taille et imprimé moderne – SHR25SMAS32120TB1 - D-GREY / 10,89.0,299.0,70.0,En stock,,0.0,,1,0,0.8768,0.7,0.6592,1,4.499809670330265,low-cost,1,7,0,4,Low-cost,-0.1505133948446559,2.0950743438481734,0
Justyol,Shopify,Enfants,Kids Babies All,TOWN TEAM,"T-shirt Garçon Beige à Imprimé ""Keep Smile"" – Style Urbain et Décontracté - TSH25SPRO32719TB1 - Beige / 16",89.0,299.0,70.0,En stock,,0.0,,1,0,0.8768,0.7,0.6592,1,4.499809670330265,low-cost,1,7,0,4,Low-cost,-0.1505133948446559,2.0950743438481734,0
Justyol,Shopify,Enfants,Kids Babies All,TOWN TEAM,"T-shirt Garçon – Imprimé ""DREAM"" en Néon Vert – TSH25SPRO32649TB1 - LIMON / 10",89.0,299.0,70.0,En stock,,0.0,,1,0,0.8768,0.7,0.6592,1,4.499809670330265,low-cost,1,7,0,4,Low-cost,-0.1505133948446559,2.0950743438481734,0
Justyol,Shopify,Enfants,Kids Babies All,TOWN TEAM,"T-shirt Garçon – Imprimé ""DREAM"" en Néon Vert – TSH25SPRO32649TB1 - LIMON / 14",89.0,299.0,70.0,En stock,,0.0,,1,0,0.8768,0.7,0.6592,1,4.499809670330265,low-cost,1,7,0,4,Low-cost,-0.1505133948446559,2.0950743438481734,0
Justyol,Shopify,Enfants,Kids Babies All,TOWN TEAM,Shorts en Denim Garçon – Confort et Style Décontracté - SHR23SDPP31682TB1 - D-GREY / 10,89.0,299.0,70.0,En stock,,0.0,,1,0,0.8768,0.7,0.6592,1,4.499809670330265,low-cost,1,7,0,4,Low-cost,-0.1505133948446559,2.0950743438481734,0
Justyol,Shopify,Enfants,Kids Babies All,TOWN TEAM,T-shirt Garçon Slim Fit – Imprimé ‘MONDAY’ avec Détails Ludiques - TSH25SPRS32693TB1 - OFF WHIT / 14,89.0,299.0,70.0,En stock,,0.0,,1,0,0.8768,0.7,0.6592,1,4.499809670330265,low-cost,1,7,0,4,Low-cost,-0.1505133948446559,2.0950743438481734,0
Justyol,Shopify,Enfants,Kids Babies All,TOWN TEAM,T-shirt pour garçon décoré oversize avec impression moderne - Design confortable et attrayant - TSH24SPRO20069TB1 - Black / 12,89.0,299.0,70.0,En stock,,0.0,,1,0,0.8768,0.7,0.6592,1,4.499809670330265,low-cost,1,7,0,4,Low-cost,-0.1505133948446559,2.0950743438481734,0
Justyol,Shopify,Enfants,Kids Babies All,TOWN TEAM,Polo enfant blanc au design simple et élégant – POS24SPPR31274TB1 - White / 16,89.0,299.0,70.0,En stock,,0.0,,1,0,0.8768,0.7,0.6592,1,4.499809670330265,low-cost,1,7,0,4,Low-cost,-0.1505133948446559,2.0950743438481734,0
Justyol,Shopify,Enfants,Kids Babies All,TOWN TEAM,Polo enfant blanc au design simple et élégant – POS24SPPR31274TB1 - White / 12,89.0,299.0,70.0,En stock,,0.0,,1,0,0.8768,0.7,0.6592,1,4.499809670330265,low-cost,1,7,0,4,Low-cost,-0.1505133948446559,2.0950743438481734,0
Justyol,Shopify,Enfants,Kids Babies All,TOWN TEAM,Chemise garçon blanche à rayures avec boutons – SHI24SSIS31100TB1 - White / 12,89.0,299.0,70.0,En stock,,0.0,,1,0,0.8768,0.7,0.6592,1,4.499809670330265,low-cost,1,7,0,4,Low-cost,-0.1505133948446559,2.0950743438481734,0
Justyol,Shopify,Ventes Flash,All Best Selling,TOWN TEAM,Sweat-shirt pour garçon à rayures avec des couleurs chaudes et modernes - PUL23WAYC27506TB1 - Wine / 16,119.0,499.0,76.0,En stock,,0.0,,1,0,0.8283,0.76,0.6591,1,4.787491742782046,mid-range,1,20,0,0,Mid-range,0.298240281242831,2.1071759306799493,0
Justyol,Shopify,Ventes Flash,All Best Selling,TOWN TEAM,Sweat-shirt pour garçon à rayures avec des couleurs chaudes et modernes - PUL23WAYC27506TB1 - Wine / 11,119.0,499.0,76.0,En stock,,0.0,,1,0,0.8283,0.76,0.6591,1,4.787491742782046,mid-range,1,20,0,0,Mid-range,0.298240281242831,2.1071759306799493,0
Justyol,Shopify,Ventes Flash,All Best Selling,TOWN TEAM,Sweat-shirt pour garçon à rayures avec des couleurs chaudes et modernes - PUL23WAYC27506TB1 - Charcoal / 11,119.0,499.0,76.0,En stock,,0.0,,1,0,0.8283,0.76,0.6591,1,4.787491742782046,mid-range,1,20,0,0,Mid-range,0.298240281242831,2.1071759306799493,0
Justyol,Shopify,Ventes Flash,All Best Selling,TOWN TEAM,Sweat-shirt pour garçon à rayures avec des couleurs chaudes et modernes - PUL23WAYC27506TB1 - Wine / 4,119.0,499.0,76.0,En stock,,0.0,,1,0,0.8283,0.76,0.6591,1,4.787491742782046,mid-range,1,20,0,0,Mid-range,0.298240281242831,2.1071759306799493,0
Justyol,Shopify,Ventes Flash,All Best Selling,TOWN TEAM,Sweat-shirt pour garçon à rayures avec des couleurs chaudes et modernes - PUL23WAYC27506TB1 - Charcoal / 14,119.0,499.0,76.0,En stock,,0.0,,1,0,0.8283,0.76,0.6591,1,4.787491742782046,mid-range,1,20,0,0,Mid-range,0.298240281242831,2.1071759306799493,0
Lasolda,WooCommerce,Beauté & Sport,Beauté & Sport,,Boucleur Sans Fil Portable...,329.0,469.0,30.0,En stock,Oui,0.0,,1,1,0.1908,0.3,0.6577,1,5.799092654460526,mid-range,3,2,1,1,Premium,2.387151389028456,-0.1046450990863678,3
Justyol,Shopify,Homme,Men,JMEN,chemise homme manches courtes oversize - blanc / XL,101.0,247.96,59.0,En stock,,0.0,,1,0,0.9583,0.59,0.6576,1,4.624972813284271,mid-range,1,11,0,4,Low-cost,-0.0922823466756006,1.7935243462403383,0
Justyol,Shopify,Homme,Men,JMEN,T-shirt homme oversize imprimé en coton épais 100 % au toucher doux - 88356 - noir / l,104.0,254.8,59.0,En stock,,0.0,,1,0,0.9578,0.59,0.6574,1,4.653960350157523,mid-range,1,11,0,4,Low-cost,-0.0797760625503221,1.7733268263101245,0
Justyol,Shopify,Homme,Men,TOWN TEAM,"T-shirt Homme avec Logo ""YOUNG PROGRESS"" – Design Moderne et Confortable - TSH25SPRO20236TM1 - Olive / XL",129.0,449.0,71.0,En stock,,0.0,,1,0,0.8602,0.71,0.657,1,4.867534450455582,mid-range,1,11,0,4,Low-cost,0.1012467328685471,1.885233005248325,0
Justyol,Shopify,Homme,Men,TOWN TEAM,"T-shirt Homme avec Logo ""YOUNG PROGRESS"" – Design Moderne et Confortable - TSH25SPRO20234TM1 - Grey / XL",129.0,449.0,71.0,En stock,,0.0,,1,0,0.8602,0.71,0.657,1,4.867534450455582,mid-range,1,11,0,4,Low-cost,0.1012467328685471,1.885233005248325,0
Justyol,Shopify,Homme,Men,TOWN TEAM,"T-shirt Homme avec Logo ""YOUNG PROGRESS"" – Design Moderne et Confortable - TSH25SPRO20236TM1 - Olive / L",129.0,449.0,71.0,En stock,,0.0,,1,0,0.8602,0.71,0.657,1,4.867534450455582,mid-range,1,11,0,4,Low-cost,0.1012467328685471,1.885233005248325,0
Justyol,Shopify,Homme,Men,TOWN TEAM,Polo homme décoré avec couleurs douces et design élégant - POS24SAPR21776TM1 - Navy / 5XL,129.0,439.0,71.0,En stock,,0.0,,1,0,0.8602,0.71,0.657,1,4.867534450455582,mid-range,1,11,0,4,Low-cost,0.1012467328685471,1.885233005248325,0
Justyol,Shopify,Homme,Men,TOWN TEAM,"T-shirt Homme avec Logo ""REBEL SELF"" – Design Moderne et Confortable - TSH25SPRO20222TM1 - White / 2XL",129.0,449.0,71.0,En stock,,0.0,,1,0,0.8602,0.71,0.657,1,4.867534450455582,mid-range,1,11,0,4,Low-cost,0.1012467328685471,1.885233005248325,0
Justyol,Shopify,Homme,Men,TOWN TEAM,"T-shirt Homme Olive avec Logo ""Ami"" – Design Moderne et Confortable - TSH25SERO20237TM1 - Olive / 3XL",129.0,449.0,71.0,En stock,,0.0,,1,0,0.8602,0.71,0.657,1,4.867534450455582,mid-range,1,11,0,4,Low-cost,0.1012467328685471,1.885233005248325,0
Justyol,Shopify,Homme,Men,TOWN TEAM,T-shirt homme avec texte audacieux et design moderne - TSH24SPRO20121TM1 - OFF WHIT / 2XL,129.0,439.0,71.0,En stock,,0.0,,1,0,0.8602,0.71,0.657,1,4.867534450455582,mid-range,1,11,0,4,Low-cost,0.1012467328685471,1.885233005248325,0
Justyol,Shopify,Homme,Men,TOWN TEAM,"T-shirt Homme avec Logo ""YOUNG PROGRESS"" – Design Moderne et Confortable - TSH25SPRO20236TM1 - Olive / M",129.0,449.0,71.0,En stock,,0.0,,1,0,0.8602,0.71,0.657,1,4.867534450455582,mid-range,1,11,0,4,Low-cost,0.1012467328685471,1.885233005248325,0
Justyol,Shopify,Homme,Men,TOWN TEAM,Chemise Homme à Manches Courtes – Design Moderne avec Col Ouvert et Boutons - SSH24SEIS19432TM1 - Navy / L,129.0,439.0,71.0,En stock,,0.0,,1,0,0.8602,0.71,0.657,1,4.867534450455582,mid-range,1,11,0,4,Low-cost,0.1012467328685471,1.885233005248325,0
Justyol,Shopify,Homme,Men,TOWN TEAM,"T-shirt Homme Olive avec Logo ""Ami"" – Design Moderne et Confortable - TSH25SERO20237TM1 - Olive / L",129.0,449.0,71.0,En stock,,0.0,,1,0,0.8602,0.71,0.657,1,4.867534450455582,mid-range,1,11,0,4,Low-cost,0.1012467328685471,1.885233005248325,0
Justyol,Shopify,Homme,Men,TOWN TEAM,"T-shirt Homme avec Logo ""REBEL SELF"" – Design Moderne et Confortable - TSH25SPRO20222TM1 - White / L",129.0,449.0,71.0,En stock,,0.0,,1,0,0.8602,0.71,0.657,1,4.867534450455582,mid-range,1,11,0,4,Low-cost,0.1012467328685471,1.885233005248325,0
Justyol,Shopify,Homme,Men,TOWN TEAM,"T-shirt Homme avec Design ""Le Visage Français"" – Logo ""La Situation en French Fries"" et Slogan Motivant - TSH25SPRO20228TM1 - Black / 3XL",129.0,449.0,71.0,En stock,,0.0,,1,0,0.8602,0.71,0.657,1,4.867534450455582,mid-range,1,11,0,4,Low-cost,0.1012467328685471,1.885233005248325,0
Justyol,Shopify,Homme,Men,TOWN TEAM,"T-shirt Homme avec Design ""NO RISK NO STORY"" – Design Audacieux et Unique - TSH25SPRO20229TM1 - Black / M",129.0,449.0,71.0,En stock,,0.0,,1,0,0.8602,0.71,0.657,1,4.867534450455582,mid-range,1,11,0,4,Low-cost,0.1012467328685471,1.885233005248325,0
Justyol,Shopify,Homme,Men,TOWN TEAM,"T-shirt Homme avec Logo ""YOUNG PROGRESS"" – Design Moderne et Confortable - TSH25SPRO20234TM1 - Grey / M",129.0,449.0,71.0,En stock,,0.0,,1,0,0.8602,0.71,0.657,1,4.867534450455582,mid-range,1,11,0,4,Low-cost,0.1012467328685471,1.885233005248325,0
Justyol,Shopify,Homme,Men,TOWN TEAM,Short en jean homme regular fit – Style urbain imprimé - SHR24SDAP30193TM1 - White / 38,129.0,439.0,71.0,En stock,,0.0,,1,0,0.8602,0.71,0.657,1,4.867534450455582,mid-range,1,11,0,4,Low-cost,0.1012467328685471,1.885233005248325,0
Justyol,Shopify,Homme,Men,TOWN TEAM,T-shirt Homme avec Imprimé Motivational - Confort et Style Unique - TSH25SPRO20238TM1 - Café / 3XL,129.0,449.0,71.0,En stock,,0.0,,1,0,0.8602,0.71,0.657,1,4.867534450455582,mid-range,1,11,0,4,Low-cost,0.1012467328685471,1.885233005248325,0
Justyol,Shopify,Homme,Men,TOWN TEAM,Short en jean homme regular fit – Style urbain imprimé - SHR24SDAP30193TM1 - White / 36,129.0,439.0,71.0,En stock,,0.0,,1,0,0.8602,0.71,0.657,1,4.867534450455582,mid-range,1,11,0,4,Low-cost,0.1012467328685471,1.885233005248325,0
Justyol,Shopify,Homme,Men,TOWN TEAM,T-shirt Homme avec Imprimé Motivational - Confort et Style Unique - TSH25SPRO20238TM1 - Café / M,129.0,449.0,71.0,En stock,,0.0,,1,0,0.8602,0.71,0.657,1,4.867534450455582,mid-range,1,11,0,4,Low-cost,0.1012467328685471,1.885233005248325,0
Justyol,Shopify,Homme,Men,TOWN TEAM,"T-shirt Homme avec Logo ""REBEL SELF"" – Design Moderne et Confortable - TSH25SPRO20222TM1 - White / 3XL",129.0,449.0,71.0,En stock,,0.0,,1,0,0.8602,0.71,0.657,1,4.867534450455582,mid-range,1,11,0,4,Low-cost,0.1012467328685471,1.885233005248325,0
Justyol,Shopify,Homme,Men,TOWN TEAM,T-shirt Homme avec Imprimé Motivational - Confort et Style Unique - TSH25SPRO20238TM1 - Café / 2XL,129.0,449.0,71.0,En stock,,0.0,,1,0,0.8602,0.71,0.657,1,4.867534450455582,mid-range,1,11,0,4,Low-cost,0.1012467328685471,1.885233005248325,0
Justyol,Shopify,Homme,Men,TOWN TEAM,Short en jean homme regular fit – Style urbain imprimé - SHR24SDAP30193TM1 - White / 31,129.0,439.0,71.0,En stock,,0.0,,1,0,0.8602,0.71,0.657,1,4.867534450455582,mid-range,1,11,0,4,Low-cost,0.1012467328685471,1.885233005248325,0
Justyol,Shopify,Homme,Men,TOWN TEAM,"T-shirt Homme avec Design ""Le Visage Français"" – Logo ""La Situation en French Fries"" et Slogan Motivant - TSH25SPRO20228TM1 - Black / S",129.0,449.0,71.0,En stock,,0.0,,1,0,0.8602,0.71,0.657,1,4.867534450455582,mid-range,1,11,0,4,Low-cost,0.1012467328685471,1.885233005248325,0
Justyol,Shopify,Homme,Men,TOWN TEAM,Polo homme décoré avec couleurs douces et design élégant - POS24SAPR21776TM1 - Navy / 6XL,129.0,439.0,71.0,En stock,,0.0,,1,0,0.8602,0.71,0.657,1,4.867534450455582,mid-range,1,11,0,4,Low-cost,0.1012467328685471,1.885233005248325,0
Justyol,Shopify,Homme,Men,TOWN TEAM,T-shirt pour homme décoré de feuilles - TSH24SARS20133TM1 - L-OLIVE / 3XL,129.0,439.0,71.0,En stock,,0.0,,1,0,0.8602,0.71,0.657,1,4.867534450455582,mid-range,1,11,0,4,Low-cost,0.1012467328685471,1.885233005248325,0
Justyol,Shopify,Homme,Men,TOWN TEAM,T-shirt pour homme noir au design moderne - TSH24SPRO20189TM1 - Black / 2XL,129.0,439.0,71.0,En stock,,0.0,,1,0,0.8602,0.71,0.657,1,4.867534450455582,mid-range,1,11,0,4,Low-cost,0.1012467328685471,1.885233005248325,0
Justyol,Shopify,Homme,Men,TOWN TEAM,T-shirt pour homme à manches courtes avec motif - SSH24SASR19448TM1 - MULTICOL / L,129.0,439.0,71.0,En stock,,0.0,,1,0,0.8602,0.71,0.657,1,4.867534450455582,mid-range,1,11,0,4,Low-cost,0.1012467328685471,1.885233005248325,0
Justyol,Shopify,Homme,Men,TOWN TEAM,Polo pour homme avec bords blancs - POS24SBTR21813TM1 - Black / 2XL,129.0,439.0,71.0,En stock,,0.0,,1,0,0.8602,0.71,0.657,1,4.867534450455582,mid-range,1,11,0,4,Low-cost,0.1012467328685471,1.885233005248325,0
Justyol,Shopify,Homme,Men,TOWN TEAM,T-shirt pour homme noir avec impression artistique - TSH24SPRO20194TM1 - Black / 2XL,129.0,439.0,71.0,En stock,,0.0,,1,0,0.8602,0.71,0.657,1,4.867534450455582,mid-range,1,11,0,4,Low-cost,0.1012467328685471,1.885233005248325,0
Justyol,Shopify,Homme,Men,TOWN TEAM,T-shirt pour homme orange avec petite impression - TSH24SPRO20080TM1 - D-ORANGE / XL,129.0,439.0,71.0,En stock,,0.0,,1,0,0.8602,0.71,0.657,1,4.867534450455582,mid-range,1,11,0,4,Low-cost,0.1012467328685471,1.885233005248325,0
Justyol,Shopify,Homme,Men,TOWN TEAM,Polo pour homme à manches courtes - Design moderne avec impression et logo - POS24SPPR21844TM1 - Black / XL,129.0,439.0,71.0,En stock,,0.0,,1,0,0.8602,0.71,0.657,1,4.867534450455582,mid-range,1,11,0,4,Low-cost,0.1012467328685471,1.885233005248325,0
Justyol,Shopify,Homme,Men,TOWN TEAM,T-shirt pour homme avec poches avant - SSH24SPGR19496TM1 - Black / XL,129.0,439.0,71.0,En stock,,0.0,,1,0,0.8602,0.71,0.657,1,4.867534450455582,mid-range,1,11,0,4,Low-cost,0.1012467328685471,1.885233005248325,0
Justyol,Shopify,Homme,Men,TOWN TEAM,"T-shirt Homme avec Design ""Le Visage Français"" – Logo ""La Situation en French Fries"" et Slogan Motivant - TSH25SPRO20228TM1 - Black / L",129.0,449.0,71.0,En stock,,0.0,,1,0,0.8602,0.71,0.657,1,4.867534450455582,mid-range,1,11,0,4,Low-cost,0.1012467328685471,1.885233005248325,0
Justyol,Shopify,Homme,Men,TOWN TEAM,"T-shirt Homme avec Design ""NO RISK NO STORY"" – Design Audacieux et Unique - TSH25SPRO20229TM1 - Black / L",129.0,449.0,71.0,En stock,,0.0,,1,0,0.8602,0.71,0.657,1,4.867534450455582,mid-range,1,11,0,4,Low-cost,0.1012467328685471,1.885233005248325,0
Justyol,Shopify,Homme,Men,TOWN TEAM,"T-shirt Homme avec Logo ""YOUNG PROGRESS"" – Design Moderne et Confortable - TSH25SPRO20234TM1 - Grey / L",129.0,449.0,71.0,En stock,,0.0,,1,0,0.8602,0.71,0.657,1,4.867534450455582,mid-range,1,11,0,4,Low-cost,0.1012467328685471,1.885233005248325,0
Justyol,Shopify,Homme,Men,TOWN TEAM,"T-shirt Homme avec Logo ""YOUNG PROGRESS"" – Design Moderne et Confortable - TSH25SPRO20236TM1 - Olive / 3XL",129.0,449.0,71.0,En stock,,0.0,,1,0,0.8602,0.71,0.657,1,4.867534450455582,mid-range,1,11,0,4,Low-cost,0.1012467328685471,1.885233005248325,0
Justyol,Shopify,Homme,Men,TOWN TEAM,Short Homme en Jean avec Imprimé Tendance - Confortable et Stylé pour l'Été - SHR24SDSP30191TM1 - Black / 34,129.0,439.0,71.0,En stock,,0.0,,1,0,0.8602,0.71,0.657,1,4.867534450455582,mid-range,1,11,0,4,Low-cost,0.1012467328685471,1.885233005248325,0
Justyol,Shopify,Homme,Men,TOWN TEAM,Short Homme en Jean avec Imprimé Tendance - Confortable et Stylé pour l'Été - SHR24SDSP30191TM1 - Black / 36,129.0,439.0,71.0,En stock,,0.0,,1,0,0.8602,0.71,0.657,1,4.867534450455582,mid-range,1,11,0,4,Low-cost,0.1012467328685471,1.885233005248325,0
Justyol,Shopify,Homme,Men,TOWN TEAM,Short Homme en Jean avec Imprimé Tendance - Confortable et Stylé pour l'Été - SHR24SDSP30191TM1 - Black / 31,129.0,439.0,71.0,En stock,,0.0,,1,0,0.8602,0.71,0.657,1,4.867534450455582,mid-range,1,11,0,4,Low-cost,0.1012467328685471,1.885233005248325,0
Justyol,Shopify,Homme,Men,TOWN TEAM,"T-shirt Homme avec Logo ""REBEL SELF"" – Design Moderne et Confortable - TSH25SPRO20222TM1 - White / XL",129.0,449.0,71.0,En stock,,0.0,,1,0,0.8602,0.71,0.657,1,4.867534450455582,mid-range,1,11,0,4,Low-cost,0.1012467328685471,1.885233005248325,0
Justyol,Shopify,Homme,Men,TOWN TEAM,Short Homme en Jean avec Imprimé Tendance - Confortable et Stylé pour l'Été - SHR24SDSP30191TM1 - Black / 32,129.0,439.0,71.0,En stock,,0.0,,1,0,0.8602,0.71,0.657,1,4.867534450455582,mid-range,1,11,0,4,Low-cost,0.1012467328685471,1.885233005248325,0
Justyol,Shopify,Homme,Men,TOWN TEAM,Short Homme en Jean avec Imprimé Tendance - Confortable et Stylé pour l'Été - SHR24SDSP30191TM1 - Black / 40,129.0,439.0,71.0,En stock,,0.0,,1,0,0.8602,0.71,0.657,1,4.867534450455582,mid-range,1,11,0,4,Low-cost,0.1012467328685471,1.885233005248325,0
Justyol,Shopify,Homme,Men,TOWN TEAM,Polo Homme Moderne – Élégance Simple avec Détails Imprimés pour le Quotidien - POS24SPPR21819TM1 - Black / L,129.0,439.0,71.0,En stock,,0.0,,1,0,0.8602,0.71,0.657,1,4.867534450455582,mid-range,1,11,0,4,Low-cost,0.1012467328685471,1.885233005248325,0
Justyol,Shopify,Homme,Men,TOWN TEAM,T-shirt Homme Ample – Confort Moderne et Élégant pour le Quotidien - TSH24SBRO20135TM1 - Stone / XL,129.0,439.0,71.0,En stock,,0.0,,1,0,0.8602,0.71,0.657,1,4.867534450455582,mid-range,1,11,0,4,Low-cost,0.1012467328685471,1.885233005248325,0
Justyol,Shopify,Enfants,Kids Babies All,TOWN TEAM,"T-shirt Garçon Pêche ""Vacation"" – Design Fun et Graphique - TSH25SPRO32667TB1 - Simon / 12",79.0,199.0,60.0,En stock,,0.0,,1,0,0.9478,0.6,0.657,1,4.382026634673881,low-cost,1,7,0,4,Low-cost,-0.2818710844698515,1.951779544096299,0
Justyol,Shopify,Enfants,Kids Babies All,TOWN TEAM,"T-shirt Garçon Pêche ""Vacation"" – Design Fun et Graphique - TSH25SPRO32667TB1 - Simon / 16",79.0,199.0,60.0,En stock,,0.0,,1,0,0.9478,0.6,0.657,1,4.382026634673881,low-cost,1,7,0,4,Low-cost,-0.2818710844698515,1.951779544096299,0
Justyol,Shopify,Enfants,Kids Babies All,TOWN TEAM,"T-shirt Garçon Pêche ""Vacation"" – Design Fun et Graphique - TSH25SPRO32667TB1 - Simon / 10",79.0,199.0,60.0,En stock,,0.0,,1,0,0.9478,0.6,0.657,1,4.382026634673881,low-cost,1,7,0,4,Low-cost,-0.2818710844698515,1.951779544096299,0
Justyol,Shopify,Homme,Men,TOWN TEAM,Chemise Homme à Manches Courtes – Design Moderne avec Col Ouvert et Boutons - SSH24SEIS19432TM1 - L-BLUE / S,129.0,439.0,71.0,En stock,,0.0,,1,0,0.8602,0.71,0.657,1,4.867534450455582,mid-range,1,11,0,4,Low-cost,0.1012467328685471,1.885233005248325,0
Justyol,Shopify,Enfants,Kids Babies All,TOWN TEAM,"T-shirt Garçon Pêche ""Vacation"" – Design Fun et Graphique - TSH25SPRO32667TB1 - Simon / 14",79.0,199.0,60.0,En stock,,0.0,,1,0,0.9478,0.6,0.657,1,4.382026634673881,low-cost,1,7,0,4,Low-cost,-0.2818710844698515,1.951779544096299,0
Justyol,Shopify,Enfants,Kids Babies All,TOWN TEAM,"T-shirt Garçon Pêche ""Vacation"" – Design Fun et Graphique - TSH25SPRO32667TB1 - Simon / 8",79.0,199.0,60.0,En stock,,0.0,,1,0,0.9478,0.6,0.657,1,4.382026634673881,low-cost,1,7,0,4,Low-cost,-0.2818710844698515,1.951779544096299,0
Justyol,Shopify,Homme,Men,TOWN TEAM,"T-shirt Homme avec Logo ""YOUNG PROGRESS"" – Design Moderne et Confortable - TSH25SPRO20236TM1 - Olive / 2XL",129.0,449.0,71.0,En stock,,0.0,,1,0,0.8602,0.71,0.657,1,4.867534450455582,mid-range,1,11,0,4,Low-cost,0.1012467328685471,1.885233005248325,0
Justyol,Shopify,Homme,Men,TOWN TEAM,Short en jean homme regular fit – Style urbain imprimé - SHR24SDAP30193TM1 - White / 34,129.0,439.0,71.0,En stock,,0.0,,1,0,0.8602,0.71,0.657,1,4.867534450455582,mid-range,1,11,0,4,Low-cost,0.1012467328685471,1.885233005248325,0
Justyol,Shopify,Homme,Men,TOWN TEAM,T-shirt Homme avec Imprimé Motivational - Confort et Style Unique - TSH25SPRO20238TM1 - Café / L,129.0,449.0,71.0,En stock,,0.0,,1,0,0.8602,0.71,0.657,1,4.867534450455582,mid-range,1,11,0,4,Low-cost,0.1012467328685471,1.885233005248325,0
Justyol,Shopify,Homme,Men,TOWN TEAM,T-shirt homme à manches courtes avec imprimé distinctif – TSH24SPRS20046TM1 - D-ORANGE / 2XL,129.0,439.0,71.0,En stock,,0.0,,1,0,0.8602,0.71,0.657,1,4.867534450455582,mid-range,1,11,0,4,Low-cost,0.1012467328685471,1.885233005248325,0
Justyol,Shopify,Homme,Men,TOWN TEAM,"T-shirt Homme avec Design ""NO RISK NO STORY"" – Design Audacieux et Unique - TSH25SPRO20229TM1 - Black / XL",129.0,449.0,71.0,En stock,,0.0,,1,0,0.8602,0.71,0.657,1,4.867534450455582,mid-range,1,11,0,4,Low-cost,0.1012467328685471,1.885233005248325,0
Justyol,Shopify,Homme,Men,TOWN TEAM,"T-shirt Homme avec Design ""NO RISK NO STORY"" – Design Audacieux et Unique - TSH25SPRO20229TM1 - Black / 3XL",129.0,449.0,71.0,En stock,,0.0,,1,0,0.8602,0.71,0.657,1,4.867534450455582,mid-range,1,11,0,4,Low-cost,0.1012467328685471,1.885233005248325,0
Justyol,Shopify,Homme,Men,TOWN TEAM,"T-shirt Homme avec Design ""Le Visage Français"" – Logo ""La Situation en French Fries"" et Slogan Motivant - TSH25SPRO20228TM1 - Black / 2XL",129.0,449.0,71.0,En stock,,0.0,,1,0,0.8602,0.71,0.657,1,4.867534450455582,mid-range,1,11,0,4,Low-cost,0.1012467328685471,1.885233005248325,0
Justyol,Shopify,Homme,Men,TOWN TEAM,"T-shirt Homme avec Logo ""REBEL SELF"" – Design Moderne et Confortable - TSH25SPRO20222TM1 - White / M",129.0,449.0,71.0,En stock,,0.0,,1,0,0.8602,0.71,0.657,1,4.867534450455582,mid-range,1,11,0,4,Low-cost,0.1012467328685471,1.885233005248325,0
Justyol,Shopify,Homme,Men,TOWN TEAM,"T-shirt Homme Olive avec Logo ""Ami"" – Design Moderne et Confortable - TSH25SERO20237TM1 - Olive / M",129.0,449.0,71.0,En stock,,0.0,,1,0,0.8602,0.71,0.657,1,4.867534450455582,mid-range,1,11,0,4,Low-cost,0.1012467328685471,1.885233005248325,0
Justyol,Shopify,Homme,Men,TOWN TEAM,"T-shirt Homme Olive avec Logo ""Ami"" – Design Moderne et Confortable - TSH25SERO20237TM1 - Olive / XL",129.0,449.0,71.0,En stock,,0.0,,1,0,0.8602,0.71,0.657,1,4.867534450455582,mid-range,1,11,0,4,Low-cost,0.1012467328685471,1.885233005248325,0
Justyol,Shopify,Homme,Men,TOWN TEAM,Chemise Homme à Manches Courtes – Design Moderne avec Col Ouvert et Boutons - SSH24SEIS19432TM1 - Navy / M,129.0,439.0,71.0,En stock,,0.0,,1,0,0.8602,0.71,0.657,1,4.867534450455582,mid-range,1,11,0,4,Low-cost,0.1012467328685471,1.885233005248325,0
Justyol,Shopify,Homme,Men,TOWN TEAM,"T-shirt Homme avec Design ""NO RISK NO STORY"" – Design Audacieux et Unique - TSH25SPRO20229TM1 - Black / 2XL",129.0,449.0,71.0,En stock,,0.0,,1,0,0.8602,0.71,0.657,1,4.867534450455582,mid-range,1,11,0,4,Low-cost,0.1012467328685471,1.885233005248325,0
Justyol,Shopify,Homme,Men,TOWN TEAM,"T-shirt Homme avec Logo ""YOUNG PROGRESS"" – Design Moderne et Confortable - TSH25SPRO20236TM1 - Olive / S",129.0,449.0,71.0,En stock,,0.0,,1,0,0.8602,0.71,0.657,1,4.867534450455582,mid-range,1,11,0,4,Low-cost,0.1012467328685471,1.885233005248325,0
Justyol,Shopify,Homme,Men,TOWN TEAM,"T-shirt Homme avec Logo ""YOUNG PROGRESS"" – Design Moderne et Confortable - TSH25SPRO20234TM1 - Grey / S",129.0,449.0,71.0,En stock,,0.0,,1,0,0.8602,0.71,0.657,1,4.867534450455582,mid-range,1,11,0,4,Low-cost,0.1012467328685471,1.885233005248325,0
Justyol,Shopify,Homme,Men,TOWN TEAM,Short cargo pour homme avec poches latérales et taille élastique - SHR24SMBC29159TM1 - OFF WHIT / M,129.0,439.0,71.0,En stock,,0.0,,1,0,0.8602,0.71,0.657,1,4.867534450455582,mid-range,1,11,0,4,Low-cost,0.1012467328685471,1.885233005248325,0
Justyol,Shopify,Homme,Men,TOWN TEAM,Short cargo pour homme avec poches latérales et taille élastique - SHR24SMBC29159TM1 - OFF WHIT / XL,129.0,439.0,71.0,En stock,,0.0,,1,0,0.8602,0.71,0.657,1,4.867534450455582,mid-range,1,11,0,4,Low-cost,0.1012467328685471,1.885233005248325,0
Justyol,Shopify,Homme,Men,TOWN TEAM,Short cargo pour homme avec poches latérales et taille élastique - SHR24SMBC29159TM1 - OFF WHIT / S,129.0,439.0,71.0,En stock,,0.0,,1,0,0.8602,0.71,0.657,1,4.867534450455582,mid-range,1,11,0,4,Low-cost,0.1012467328685471,1.885233005248325,0
Justyol,Shopify,Homme,Men,TOWN TEAM,Short cargo pour homme avec poches latérales et taille élastique - SHR24SMBC29159TM1 - OFF WHIT / 3XL,129.0,439.0,71.0,En stock,,0.0,,1,0,0.8602,0.71,0.657,1,4.867534450455582,mid-range,1,11,0,4,Low-cost,0.1012467328685471,1.885233005248325,0
Justyol,Shopify,Homme,Men,TOWN TEAM,Polo Homme Moderne – Élégance Simple avec Détails Imprimés pour le Quotidien - POS24SPPR21819TM1 - Black / 4XL,129.0,439.0,71.0,En stock,,0.0,,1,0,0.8602,0.71,0.657,1,4.867534450455582,mid-range,1,11,0,4,Low-cost,0.1012467328685471,1.885233005248325,0
Justyol,Shopify,Homme,Men,TOWN TEAM,Chemise Homme à Manches Courtes – Design Moderne avec Col Ouvert et Boutons - SSH24SEIS19432TM1 - Navy / S,129.0,439.0,71.0,En stock,,0.0,,1,0,0.8602,0.71,0.657,1,4.867534450455582,mid-range,1,11,0,4,Low-cost,0.1012467328685471,1.885233005248325,0
Justyol,Shopify,Homme,Men,TOWN TEAM,"T-shirt Homme Olive avec Logo ""Ami"" – Design Moderne et Confortable - TSH25SERO20237TM1 - Olive / S",129.0,449.0,71.0,En stock,,0.0,,1,0,0.8602,0.71,0.657,1,4.867534450455582,mid-range,1,11,0,4,Low-cost,0.1012467328685471,1.885233005248325,0
Justyol,Shopify,Homme,Men,TOWN TEAM,T-shirt Homme Ample – Confort Moderne et Élégant pour le Quotidien - TSH24SBRO20135TM1 - Stone / 2XL,129.0,439.0,71.0,En stock,,0.0,,1,0,0.8602,0.71,0.657,1,4.867534450455582,mid-range,1,11,0,4,Low-cost,0.1012467328685471,1.885233005248325,0
Justyol,Shopify,Homme,Men,TOWN TEAM,Short cargo pour homme avec poches latérales et taille élastique - SHR24SMBC29159TM1 - D-ORANGE / 2XL,129.0,439.0,71.0,En stock,,0.0,,1,0,0.8602,0.71,0.657,1,4.867534450455582,mid-range,1,11,0,4,Low-cost,0.1012467328685471,1.885233005248325,0
Justyol,Shopify,Homme,Men,TOWN TEAM,Short cargo pour homme avec poches latérales et taille élastique - SHR24SMBC29159TM1 - D-ORANGE / L,129.0,439.0,71.0,En stock,,0.0,,1,0,0.8602,0.71,0.657,1,4.867534450455582,mid-range,1,11,0,4,Low-cost,0.1012467328685471,1.885233005248325,0
Justyol,Shopify,Homme,Men,TOWN TEAM,Short cargo pour homme avec poches latérales et taille élastique - SHR24SMBC29159TM1 - D-ORANGE / XL,129.0,439.0,71.0,En stock,,0.0,,1,0,0.8602,0.71,0.657,1,4.867534450455582,mid-range,1,11,0,4,Low-cost,0.1012467328685471,1.885233005248325,0
Justyol,Shopify,Homme,Men,TOWN TEAM,Short cargo pour homme avec poches latérales et taille élastique - SHR24SMBC29159TM1 - D-ORANGE / M,129.0,439.0,71.0,En stock,,0.0,,1,0,0.8602,0.71,0.657,1,4.867534450455582,mid-range,1,11,0,4,Low-cost,0.1012467328685471,1.885233005248325,0
Justyol,Shopify,Homme,Men,TOWN TEAM,Short cargo pour homme avec poches latérales et taille élastique - SHR24SMBC29159TM1 - D-ORANGE / 3XL,129.0,439.0,71.0,En stock,,0.0,,1,0,0.8602,0.71,0.657,1,4.867534450455582,mid-range,1,11,0,4,Low-cost,0.1012467328685471,1.885233005248325,0
Justyol,Shopify,Homme,Men,TOWN TEAM,Short cargo pour homme avec poches latérales et taille élastique - SHR24SMBC29159TM1 - Green / 4XL,129.0,439.0,71.0,En stock,,0.0,,1,0,0.8602,0.71,0.657,1,4.867534450455582,mid-range,1,11,0,4,Low-cost,0.1012467328685471,1.885233005248325,0
Justyol,Shopify,Homme,Men,TOWN TEAM,Short cargo pour homme avec poches latérales et taille élastique - SHR24SMBC29159TM1 - Green / 2XL,129.0,439.0,71.0,En stock,,0.0,,1,0,0.8602,0.71,0.657,1,4.867534450455582,mid-range,1,11,0,4,Low-cost,0.1012467328685471,1.885233005248325,0
Justyol,Shopify,Homme,Men,TOWN TEAM,Short cargo pour homme avec poches latérales et taille élastique - SHR24SMBC29159TM1 - D-ORANGE / S,129.0,439.0,71.0,En stock,,0.0,,1,0,0.8602,0.71,0.657,1,4.867534450455582,mid-range,1,11,0,4,Low-cost,0.1012467328685471,1.885233005248325,0
Justyol,Shopify,Homme,Men,TOWN TEAM,Short cargo pour homme avec poches latérales et taille élastique - SHR24SMBC29159TM1 - Green / L,129.0,439.0,71.0,En stock,,0.0,,1,0,0.8602,0.71,0.657,1,4.867534450455582,mid-range,1,11,0,4,Low-cost,0.1012467328685471,1.885233005248325,0
Justyol,Shopify,Homme,Men,TOWN TEAM,Short cargo pour homme avec poches latérales et taille élastique - SHR24SMBC29159TM1 - Green / M,129.0,439.0,71.0,En stock,,0.0,,1,0,0.8602,0.71,0.657,1,4.867534450455582,mid-range,1,11,0,4,Low-cost,0.1012467328685471,1.885233005248325,0
Justyol,Shopify,Homme,Men,TOWN TEAM,Short cargo pour homme avec poches latérales et taille élastique - SHR24SMBC29159TM1 - Green / S,129.0,439.0,71.0,En stock,,0.0,,1,0,0.8602,0.71,0.657,1,4.867534450455582,mid-range,1,11,0,4,Low-cost,0.1012467328685471,1.885233005248325,0
Justyol,Shopify,Homme,Men,TOWN TEAM,Short cargo pour homme avec poches latérales et taille élastique - SHR24SMBC29159TM1 - Green / XL,129.0,439.0,71.0,En stock,,0.0,,1,0,0.8602,0.71,0.657,1,4.867534450455582,mid-range,1,11,0,4,Low-cost,0.1012467328685471,1.885233005248325,0
Justyol,Shopify,Homme,Men,TOWN TEAM,Short cargo pour homme avec poches latérales et taille élastique - SHR24SMBC29159TM1 - OFF WHIT / 6XL,129.0,439.0,71.0,En stock,,0.0,,1,0,0.8602,0.71,0.657,1,4.867534450455582,mid-range,1,11,0,4,Low-cost,0.1012467328685471,1.885233005248325,0
Justyol,Shopify,Homme,Men,TOWN TEAM,Short cargo pour homme avec poches latérales et taille élastique - SHR24SMBC29159TM1 - OFF WHIT / 7XL,129.0,439.0,71.0,En stock,,0.0,,1,0,0.8602,0.71,0.657,1,4.867534450455582,mid-range,1,11,0,4,Low-cost,0.1012467328685471,1.885233005248325,0
Justyol,Shopify,Homme,Men,TOWN TEAM,Short cargo pour homme avec poches latérales et taille élastique - SHR24SMBC29159TM1 - D-ORANGE / 4XL,129.0,439.0,71.0,En stock,,0.0,,1,0,0.8602,0.71,0.657,1,4.867534450455582,mid-range,1,11,0,4,Low-cost,0.1012467328685471,1.885233005248325,0
Justyol,Shopify,Homme,Men,TOWN TEAM,Short cargo pour homme avec poches latérales et taille élastique - SHR24SMBC29159TM1 - OFF WHIT / L,129.0,439.0,71.0,En stock,,0.0,,1,0,0.8602,0.71,0.657,1,4.867534450455582,mid-range,1,11,0,4,Low-cost,0.1012467328685471,1.885233005248325,0
Justyol,Shopify,Homme,Men,TOWN TEAM,Polo pour homme avec bords blancs - POS24SBTR21813TM1 - D-BEIGE / 3XL,129.0,439.0,71.0,En stock,,0.0,,1,0,0.8602,0.71,0.657,1,4.867534450455582,mid-range,1,11,0,4,Low-cost,0.1012467328685471,1.885233005248325,0
Justyol,Shopify,Homme,Men,TOWN TEAM,T-shirt pour homme décoré de feuilles - TSH24SARS20133TM1 - L-OLIVE / 2XL,129.0,439.0,71.0,En stock,,0.0,,1,0,0.8602,0.71,0.657,1,4.867534450455582,mid-range,1,11,0,4,Low-cost,0.1012467328685471,1.885233005248325,0
Justyol,Shopify,Homme,Men,TOWN TEAM,T-shirt homme à manches courtes avec imprimé distinctif – TSH24SPRS20046TM1 - D-ORANGE / L,129.0,439.0,71.0,En stock,,0.0,,1,0,0.8602,0.71,0.657,1,4.867534450455582,mid-range,1,11,0,4,Low-cost,0.1012467328685471,1.885233005248325,0
Justyol,Shopify,Homme,Men,TOWN TEAM,Polo pour homme avec bords blancs - POS24SBTR21813TM1 - Olive / 3XL,129.0,439.0,71.0,En stock,,0.0,,1,0,0.8602,0.71,0.657,1,4.867534450455582,mid-range,1,11,0,4,Low-cost,0.1012467328685471,1.885233005248325,0
Justyol,Shopify,Homme,Men,TOWN TEAM,T-shirt pour homme à manches courtes avec motif - SSH24SASR19448TM1 - MULTICOL / XL,129.0,439.0,71.0,En stock,,0.0,,1,0,0.8602,0.71,0.657,1,4.867534450455582,mid-range,1,11,0,4,Low-cost,0.1012467328685471,1.885233005248325,0
Justyol,Shopify,Homme,Men,TOWN TEAM,T-shirt pour homme avec poches avant - SSH24SPGR19496TM1 - Black / L,129.0,439.0,71.0,En stock,,0.0,,1,0,0.8602,0.71,0.657,1,4.867534450455582,mid-range,1,11,0,4,Low-cost,0.1012467328685471,1.885233005248325,0
Justyol,Shopify,Homme,Men,TOWN TEAM,T-shirt pour homme orange avec petite impression - TSH24SPRO20080TM1 - D-ORANGE / 3XL,129.0,439.0,71.0,En stock,,0.0,,1,0,0.8602,0.71,0.657,1,4.867534450455582,mid-range,1,11,0,4,Low-cost,0.1012467328685471,1.885233005248325,0
Justyol,Shopify,Homme,Men,TOWN TEAM,Short Homme en Jean avec Imprimé Tendance - Confortable et Stylé pour l'Été - SHR24SDSP30191TM1 - Black / 33,129.0,439.0,71.0,En stock,,0.0,,1,0,0.8602,0.71,0.657,1,4.867534450455582,mid-range,1,11,0,4,Low-cost,0.1012467328685471,1.885233005248325,0
Justyol,Shopify,Homme,Men,TOWN TEAM,Polo pour homme avec bords blancs - POS24SBTR21813TM1 - D-ORANGE / S,129.0,439.0,71.0,En stock,,0.0,,1,0,0.8602,0.71,0.657,1,4.867534450455582,mid-range,1,11,0,4,Low-cost,0.1012467328685471,1.885233005248325,0
Justyol,Shopify,Homme,Men,TOWN TEAM,Short cargo pour homme avec poches latérales et taille élastique - SHR24SMBC29159TM1 - Green / 3XL,129.0,439.0,71.0,En stock,,0.0,,1,0,0.8602,0.71,0.657,1,4.867534450455582,mid-range,1,11,0,4,Low-cost,0.1012467328685471,1.885233005248325,0
Justyol,Shopify,Homme,Men,TOWN TEAM,Short cargo pour homme avec poches latérales et taille élastique - SHR24SMBC29159TM1 - OFF WHIT / 4XL,129.0,439.0,71.0,En stock,,0.0,,1,0,0.8602,0.71,0.657,1,4.867534450455582,mid-range,1,11,0,4,Low-cost,0.1012467328685471,1.885233005248325,0
Justyol,Shopify,Homme,Men,TOWN TEAM,Short cargo pour homme avec poches latérales et taille élastique - SHR24SMBC29159TM1 - OFF WHIT / 2XL,129.0,439.0,71.0,En stock,,0.0,,1,0,0.8602,0.71,0.657,1,4.867534450455582,mid-range,1,11,0,4,Low-cost,0.1012467328685471,1.885233005248325,0
Justyol,Shopify,Homme,Men,TOWN TEAM,Polo Homme à Rayures Subtiles – Élégance Décontractée et Confort - POS24SAPR21779TM1 - Navy / 2XL,129.0,439.0,71.0,En stock,,0.0,,1,0,0.8602,0.71,0.657,1,4.867534450455582,mid-range,1,11,0,4,Low-cost,0.1012467328685471,1.885233005248325,0
Justyol,Shopify,Homme,Men,TOWN TEAM,Short cargo pour homme avec poches latérales et taille élastique - SHR24SMBC29159TM1 - Black / S,129.0,439.0,71.0,En stock,,0.0,,1,0,0.8602,0.71,0.657,1,4.867534450455582,mid-range,1,11,0,4,Low-cost,0.1012467328685471,1.885233005248325,0
Justyol,Shopify,Homme,Men,TOWN TEAM,Short cargo pour homme avec poches latérales et taille élastique - SHR24SMBC29159TM1 - Black / 3XL,129.0,439.0,71.0,En stock,,0.0,,1,0,0.8602,0.71,0.657,1,4.867534450455582,mid-range,1,11,0,4,Low-cost,0.1012467328685471,1.885233005248325,0
Justyol,Shopify,Homme,Men,TOWN TEAM,Polo pour homme à manches courtes - Design moderne avec impression et logo - POS24SPPR21844TM1 - Black / L,129.0,439.0,71.0,En stock,,0.0,,1,0,0.8602,0.71,0.657,1,4.867534450455582,mid-range,1,11,0,4,Low-cost,0.1012467328685471,1.885233005248325,0
Justyol,Shopify,Enfants,Kids Babies All,TOWN TEAM,T-shirt enfant à imprimés colorés avec slogans amusants - TSH24SARO32581TB1 - White / 10,79.0,199.0,60.0,En stock,,0.0,,1,0,0.9478,0.6,0.657,1,4.382026634673881,low-cost,1,7,0,4,Low-cost,-0.2818710844698515,1.951779544096299,0
Justyol,Shopify,Enfants,Kids Babies All,TOWN TEAM,T-shirt enfant à imprimés colorés avec slogans amusants - TSH24SARO32581TB1 - White / 12,79.0,199.0,60.0,En stock,,0.0,,1,0,0.9478,0.6,0.657,1,4.382026634673881,low-cost,1,7,0,4,Low-cost,-0.2818710844698515,1.951779544096299,0
Justyol,Shopify,Homme,Men,TOWN TEAM,Short cargo pour homme avec poches latérales et taille élastique - SHR24SMBC29159TM1 - Beige / 2XL,129.0,439.0,71.0,En stock,,0.0,,1,0,0.8602,0.71,0.657,1,4.867534450455582,mid-range,1,11,0,4,Low-cost,0.1012467328685471,1.885233005248325,0
Justyol,Shopify,Homme,Men,TOWN TEAM,Short en denim blanc pour homme - Confort et style décontracté - SHR24SDBP30197TM1 - OFF WHIT / 34,129.0,439.0,71.0,En stock,,0.0,,1,0,0.8602,0.71,0.657,1,4.867534450455582,mid-range,1,11,0,4,Low-cost,0.1012467328685471,1.885233005248325,0
Justyol,Shopify,Homme,Men,TOWN TEAM,Short cargo pour homme avec poches latérales et taille élastique - SHR24SMBC29159TM1 - Beige / M,129.0,439.0,71.0,En stock,,0.0,,1,0,0.8602,0.71,0.657,1,4.867534450455582,mid-range,1,11,0,4,Low-cost,0.1012467328685471,1.885233005248325,0
Justyol,Shopify,Homme,Men,TOWN TEAM,Short cargo pour homme avec poches latérales et taille élastique - SHR24SMBC29159TM1 - Beige / XL,129.0,439.0,71.0,En stock,,0.0,,1,0,0.8602,0.71,0.657,1,4.867534450455582,mid-range,1,11,0,4,Low-cost,0.1012467328685471,1.885233005248325,0
Justyol,Shopify,Homme,Men,TOWN TEAM,Short cargo pour homme avec poches latérales et taille élastique - SHR24SMBC29159TM1 - Beige / S,129.0,439.0,71.0,En stock,,0.0,,1,0,0.8602,0.71,0.657,1,4.867534450455582,mid-range,1,11,0,4,Low-cost,0.1012467328685471,1.885233005248325,0
Justyol,Shopify,Homme,Men,TOWN TEAM,Short cargo pour homme avec poches latérales et taille élastique - SHR24SMBC29159TM1 - Beige / L,129.0,439.0,71.0,En stock,,0.0,,1,0,0.8602,0.71,0.657,1,4.867534450455582,mid-range,1,11,0,4,Low-cost,0.1012467328685471,1.885233005248325,0
Justyol,Shopify,Homme,Men,TOWN TEAM,Short cargo pour homme avec poches latérales et taille élastique - SHR24SMBC29159TM1 - Beige / 3XL,129.0,439.0,71.0,En stock,,0.0,,1,0,0.8602,0.71,0.657,1,4.867534450455582,mid-range,1,11,0,4,Low-cost,0.1012467328685471,1.885233005248325,0
Justyol,Shopify,Homme,Men,TOWN TEAM,Short cargo pour homme avec poches latérales et taille élastique - SHR24SMBC29159TM1 - Beige / 4XL,129.0,439.0,71.0,En stock,,0.0,,1,0,0.8602,0.71,0.657,1,4.867534450455582,mid-range,1,11,0,4,Low-cost,0.1012467328685471,1.885233005248325,0
Justyol,Shopify,Homme,Men,TOWN TEAM,Polo Homme Regular Fit – Couleurs Noir et Beige – POS24SBPU21901TM1 - Black / XL,129.0,439.0,71.0,En stock,,0.0,,1,0,0.8602,0.71,0.657,1,4.867534450455582,mid-range,1,11,0,4,Low-cost,0.1012467328685471,1.885233005248325,0
Justyol,Shopify,Homme,Men,TOWN TEAM,Short en jean homme déchiré à coupe moderne – SHR24SDCP30198TM1 - White / 38,129.0,439.0,71.0,En stock,,0.0,,1,0,0.8602,0.71,0.657,1,4.867534450455582,mid-range,1,11,0,4,Low-cost,0.1012467328685471,1.885233005248325,0
Justyol,Shopify,Homme,Men,TOWN TEAM,Short en jean homme classique à coupe confortable – SHR24SDSP30195TM1 - Blue / 40,129.0,439.0,71.0,En stock,,0.0,,1,0,0.8602,0.71,0.657,1,4.867534450455582,mid-range,1,11,0,4,Low-cost,0.1012467328685471,1.885233005248325,0
Justyol,Shopify,Homme,Men,TOWN TEAM,T-shirt Homme à Imprimé Graphique – Style Urbain et Confort - TSH24SPRS20914TM1 - Black / 3XL,129.0,439.0,71.0,En stock,,0.0,,1,0,0.8602,0.71,0.657,1,4.867534450455582,mid-range,1,11,0,4,Low-cost,0.1012467328685471,1.885233005248325,0
Justyol,Shopify,Homme,Men,TOWN TEAM,T-shirt pour homme noir décoré - TSH24SPRO20191TM1 - Black / 3XL,129.0,439.0,71.0,En stock,,0.0,,1,0,0.8602,0.71,0.657,1,4.867534450455582,mid-range,1,11,0,4,Low-cost,0.1012467328685471,1.885233005248325,0
Justyol,Shopify,Homme,Men,TOWN TEAM,"T-shirt Homme avec Logo ""YOUNG PROGRESS"" – Design Moderne et Confortable - TSH25SPRO20234TM1 - Grey / 2XL",129.0,449.0,71.0,En stock,,0.0,,1,0,0.8602,0.71,0.657,1,4.867534450455582,mid-range,1,11,0,4,Low-cost,0.1012467328685471,1.885233005248325,0
Justyol,Shopify,Homme,Men,TOWN TEAM,Polo à col Henley pour homme – Confort et style classique - POS24SNTU21832TM1 - Charcoal / 5XL,129.0,439.0,71.0,En stock,,0.0,,1,0,0.8602,0.71,0.657,1,4.867534450455582,mid-range,1,11,0,4,Low-cost,0.1012467328685471,1.885233005248325,0
Justyol,Shopify,Homme,Men,TOWN TEAM,Polo pour homme vert – Design élégant avec col contrasté - POS24SBTR21802TM1 - Army / 6xl,129.0,439.0,71.0,En stock,,0.0,,1,0,0.8602,0.71,0.657,1,4.867534450455582,mid-range,1,11,0,4,Low-cost,0.1012467328685471,1.885233005248325,0
Justyol,Shopify,Homme,Men,TOWN TEAM,Polo Homme à Rayures Subtiles – Élégance Décontractée et Confort - POS24SAPR21779TM1 - Black / 3XL,129.0,439.0,71.0,En stock,,0.0,,1,0,0.8602,0.71,0.657,1,4.867534450455582,mid-range,1,11,0,4,Low-cost,0.1012467328685471,1.885233005248325,0
Justyol,Shopify,Homme,Men,TOWN TEAM,Short cargo pour homme avec poches latérales et taille élastique - SHR24SMBC29159TM1 - Black / 2XL,129.0,439.0,71.0,En stock,,0.0,,1,0,0.8602,0.71,0.657,1,4.867534450455582,mid-range,1,11,0,4,Low-cost,0.1012467328685471,1.885233005248325,0
Justyol,Shopify,Homme,Men,TOWN TEAM,Short en jean homme déchiré à coupe moderne – SHR24SDCP30198TM1 - White / 36,129.0,439.0,71.0,En stock,,0.0,,1,0,0.8602,0.71,0.657,1,4.867534450455582,mid-range,1,11,0,4,Low-cost,0.1012467328685471,1.885233005248325,0
Justyol,Shopify,Homme,Men,TOWN TEAM,Short en jean homme classique à coupe confortable – SHR24SDSP30195TM1 - Black / 38,129.0,439.0,71.0,En stock,,0.0,,1,0,0.8602,0.71,0.657,1,4.867534450455582,mid-range,1,11,0,4,Low-cost,0.1012467328685471,1.885233005248325,0
Justyol,Shopify,Homme,Men,TOWN TEAM,Polo pour homme au design moderne - À manches courtes avec impression de logo - POS24SBPR21907TM1 - OFF WHIT / XL,129.0,439.0,71.0,En stock,,0.0,,1,0,0.8602,0.71,0.657,1,4.867534450455582,mid-range,1,11,0,4,Low-cost,0.1012467328685471,1.885233005248325,0
Justyol,Shopify,Homme,Men,TOWN TEAM,Polo Homme Regular Fit – Couleurs Noir et Beige – POS24SBPU21901TM1 - D-BEIGE / 3XL,129.0,439.0,71.0,En stock,,0.0,,1,0,0.8602,0.71,0.657,1,4.867534450455582,mid-range,1,11,0,4,Low-cost,0.1012467328685471,1.885233005248325,0
Justyol,Shopify,Homme,Men,TOWN TEAM,Short en denim blanc pour homme - Confort et style décontracté - SHR24SDBP30197TM1 - OFF WHIT / 36,129.0,439.0,71.0,En stock,,0.0,,1,0,0.8602,0.71,0.657,1,4.867534450455582,mid-range,1,11,0,4,Low-cost,0.1012467328685471,1.885233005248325,0
Justyol,Shopify,Homme,Men,TOWN TEAM,Short en denim blanc pour homme - Confort et style décontracté - SHR24SDBP30197TM1 - OFF WHIT / 38,129.0,439.0,71.0,En stock,,0.0,,1,0,0.8602,0.71,0.657,1,4.867534450455582,mid-range,1,11,0,4,Low-cost,0.1012467328685471,1.885233005248325,0
Justyol,Shopify,Homme,Men,TOWN TEAM,Short en denim blanc pour homme - Confort et style décontracté - SHR24SDBP30197TM1 - OFF WHIT / 30,129.0,439.0,71.0,En stock,,0.0,,1,0,0.8602,0.71,0.657,1,4.867534450455582,mid-range,1,11,0,4,Low-cost,0.1012467328685471,1.885233005248325,0
Justyol,Shopify,Homme,Men,TOWN TEAM,Short en denim blanc pour homme - Confort et style décontracté - SHR24SDBP30197TM1 - OFF WHIT / 31,129.0,439.0,71.0,En stock,,0.0,,1,0,0.8602,0.71,0.657,1,4.867534450455582,mid-range,1,11,0,4,Low-cost,0.1012467328685471,1.885233005248325,0
Justyol,Shopify,Homme,Men,TOWN TEAM,Short en denim blanc pour homme - Confort et style décontracté - SHR24SDBP30197TM1 - OFF WHIT / 32,129.0,439.0,71.0,En stock,,0.0,,1,0,0.8602,0.71,0.657,1,4.867534450455582,mid-range,1,11,0,4,Low-cost,0.1012467328685471,1.885233005248325,0
Justyol,Shopify,Homme,Men,TOWN TEAM,Short en denim blanc pour homme - Confort et style décontracté - SHR24SDBP30197TM1 - OFF WHIT / 33,129.0,439.0,71.0,En stock,,0.0,,1,0,0.8602,0.71,0.657,1,4.867534450455582,mid-range,1,11,0,4,Low-cost,0.1012467328685471,1.885233005248325,0
Justyol,Shopify,Homme,Men,TOWN TEAM,Polo pour homme au design moderne - À manches courtes avec impression de logo - POS24SBPR21907TM1 - OFF WHIT / 5XL,129.0,439.0,71.0,En stock,,0.0,,1,0,0.8602,0.71,0.657,1,4.867534450455582,mid-range,1,11,0,4,Low-cost,0.1012467328685471,1.885233005248325,0
Justyol,Shopify,Homme,Men,TOWN TEAM,Polo Homme Regular Fit – Couleurs Noir et Beige – POS24SBPU21901TM1 - Black / 4XL,129.0,439.0,71.0,En stock,,0.0,,1,0,0.8602,0.71,0.657,1,4.867534450455582,mid-range,1,11,0,4,Low-cost,0.1012467328685471,1.885233005248325,0
Justyol,Shopify,Homme,Men,TOWN TEAM,"T-shirt Oversized ""Fry and Fry Again!"" – Design amusant avec imprimé fries - TSH24SPRO20120TM1 - Black / XL",129.0,439.0,71.0,En stock,,0.0,,1,0,0.8602,0.71,0.657,1,4.867534450455582,mid-range,1,11,0,4,Low-cost,0.1012467328685471,1.885233005248325,0
Justyol,Shopify,Homme,Men,TOWN TEAM,Chemise Slim Fit – Élégance et confort assurés - SSH24SERS19452TM1 - Black / XL,129.0,439.0,71.0,En stock,,0.0,,1,0,0.8602,0.71,0.657,1,4.867534450455582,mid-range,1,11,0,4,Low-cost,0.1012467328685471,1.885233005248325,0
Justyol,Shopify,Homme,Men,TOWN TEAM,Chemise à motifs géométriques pour homme - Chemise moderne à manches courtes - SSH24SAVC19407TM1 - BLK/WHT / 3XL,129.0,439.0,71.0,En stock,,0.0,,1,0,0.8602,0.71,0.657,1,4.867534450455582,mid-range,1,11,0,4,Low-cost,0.1012467328685471,1.885233005248325,0
Justyol,Shopify,Homme,Men,TOWN TEAM,"T-shirt Oversized ""Fry and Fry Again!"" – Design amusant avec imprimé fries - TSH24SPRO20120TM1 - Black / 3XL",129.0,439.0,71.0,En stock,,0.0,,1,0,0.8602,0.71,0.657,1,4.867534450455582,mid-range,1,11,0,4,Low-cost,0.1012467328685471,1.885233005248325,0
Justyol,Shopify,Homme,Men,TOWN TEAM,"T-shirt Oversized ""Fry and Fry Again!"" – Design amusant avec imprimé fries - TSH24SPRO20120TM1 - Black / 2XL",129.0,439.0,71.0,En stock,,0.0,,1,0,0.8602,0.71,0.657,1,4.867534450455582,mid-range,1,11,0,4,Low-cost,0.1012467328685471,1.885233005248325,0
Justyol,Shopify,Homme,Men,TOWN TEAM,"T-shirt Oversized ""Fry and Fry Again!"" – Design amusant avec imprimé fries - TSH24SPRO20120TM1 - Black / L",129.0,439.0,71.0,En stock,,0.0,,1,0,0.8602,0.71,0.657,1,4.867534450455582,mid-range,1,11,0,4,Low-cost,0.1012467328685471,1.885233005248325,0
Justyol,Shopify,Homme,Men,TOWN TEAM,"T-shirt Oversized ""Fry and Fry Again!"" – Design amusant avec imprimé fries - TSH24SPRO20120TM1 - Black / S",129.0,439.0,71.0,En stock,,0.0,,1,0,0.8602,0.71,0.657,1,4.867534450455582,mid-range,1,11,0,4,Low-cost,0.1012467328685471,1.885233005248325,0
Justyol,Shopify,Homme,Men,TOWN TEAM,"T-shirt Oversized ""Fry and Fry Again!"" – Design amusant avec imprimé fries - TSH24SPRO20120TM1 - Black / M",129.0,439.0,71.0,En stock,,0.0,,1,0,0.8602,0.71,0.657,1,4.867534450455582,mid-range,1,11,0,4,Low-cost,0.1012467328685471,1.885233005248325,0
Justyol,Shopify,Homme,Men,TOWN TEAM,Polo pour homme au design moderne - À manches courtes avec impression de logo - POS24SBPR21907TM1 - OFF WHIT / 4XL,129.0,439.0,71.0,En stock,,0.0,,1,0,0.8602,0.71,0.657,1,4.867534450455582,mid-range,1,11,0,4,Low-cost,0.1012467328685471,1.885233005248325,0
Justyol,Shopify,Homme,Men,TOWN TEAM,Polo Homme Regular Fit – Couleurs Noir et Beige – POS24SBPU21901TM1 - D-BEIGE / S,129.0,439.0,71.0,En stock,,0.0,,1,0,0.8602,0.71,0.657,1,4.867534450455582,mid-range,1,11,0,4,Low-cost,0.1012467328685471,1.885233005248325,0
Justyol,Shopify,Homme,Men,TOWN TEAM,Short en jean homme déchiré à coupe moderne – SHR24SDCP30198TM1 - White / 33,129.0,439.0,71.0,En stock,,0.0,,1,0,0.8602,0.71,0.657,1,4.867534450455582,mid-range,1,11,0,4,Low-cost,0.1012467328685471,1.885233005248325,0
Justyol,Shopify,Homme,Men,TOWN TEAM,Short en jean homme classique à coupe confortable – SHR24SDSP30195TM1 - Black / 33,129.0,439.0,71.0,En stock,,0.0,,1,0,0.8602,0.71,0.657,1,4.867534450455582,mid-range,1,11,0,4,Low-cost,0.1012467328685471,1.885233005248325,0
Justyol,Shopify,Homme,Men,TOWN TEAM,Polo pour homme au design moderne - À manches courtes avec impression de logo - POS24SBPR21907TM1 - OFF WHIT / 6XL,129.0,439.0,71.0,En stock,,0.0,,1,0,0.8602,0.71,0.657,1,4.867534450455582,mid-range,1,11,0,4,Low-cost,0.1012467328685471,1.885233005248325,0
Justyol,Shopify,Homme,Men,TOWN TEAM,Polo Homme Regular Fit – Couleurs Noir et Beige – POS24SBPU21901TM1 - D-BEIGE / 6XL,129.0,439.0,71.0,En stock,,0.0,,1,0,0.8602,0.71,0.657,1,4.867534450455582,mid-range,1,11,0,4,Low-cost,0.1012467328685471,1.885233005248325,0
Justyol,Shopify,Homme,Men,TOWN TEAM,Chemise Homme à Motifs Géométriques – Coupe Décontractée et Confortable - SSH24SAEC19462TM1 - MULTICOL / XL,129.0,439.0,71.0,En stock,,0.0,,1,0,0.8602,0.71,0.657,1,4.867534450455582,mid-range,1,11,0,4,Low-cost,0.1012467328685471,1.885233005248325,0
Justyol,Shopify,Homme,Men,TOWN TEAM,Chemise Homme à Motifs Tropicaux - Coupe Décontractée à Manches Courtes - SSH24SASR19436TM1 - WHT/ARM / 6XL,129.0,439.0,71.0,En stock,,0.0,,1,0,0.8602,0.71,0.657,1,4.867534450455582,mid-range,1,11,0,4,Low-cost,0.1012467328685471,1.885233005248325,0
Justyol,Shopify,Homme,Men,TOWN TEAM,Polo pour homme au design moderne - À manches courtes avec impression de logo - POS24SBPR21907TM1 - OFF WHIT / 7XL,129.0,439.0,71.0,En stock,,0.0,,1,0,0.8602,0.71,0.657,1,4.867534450455582,mid-range,1,11,0,4,Low-cost,0.1012467328685471,1.885233005248325,0
Justyol,Shopify,Homme,Men,TOWN TEAM,Polo Homme Regular Fit – Couleurs Noir et Beige – POS24SBPU21901TM1 - D-BEIGE / 7XL,129.0,439.0,71.0,En stock,,0.0,,1,0,0.8602,0.71,0.657,1,4.867534450455582,mid-range,1,11,0,4,Low-cost,0.1012467328685471,1.885233005248325,0
Justyol,Shopify,Homme,Men,TOWN TEAM,Short en jean homme déchiré à coupe moderne – SHR24SDCP30198TM1 - Ice Blue / 38,129.0,439.0,71.0,En stock,,0.0,,1,0,0.8602,0.71,0.657,1,4.867534450455582,mid-range,1,11,0,4,Low-cost,0.1012467328685471,1.885233005248325,0
Justyol,Shopify,Homme,Men,TOWN TEAM,Short en jean homme classique à coupe confortable – SHR24SDSP30195TM1 - Black / 34,129.0,439.0,71.0,En stock,,0.0,,1,0,0.8602,0.71,0.657,1,4.867534450455582,mid-range,1,11,0,4,Low-cost,0.1012467328685471,1.885233005248325,0
Justyol,Shopify,Homme,Men,TOWN TEAM,Short en jean homme déchiré à coupe moderne – SHR24SDCP30198TM1 - White / 34,129.0,439.0,71.0,En stock,,0.0,,1,0,0.8602,0.71,0.657,1,4.867534450455582,mid-range,1,11,0,4,Low-cost,0.1012467328685471,1.885233005248325,0
Justyol,Shopify,Homme,Men,TOWN TEAM,Short en jean homme classique à coupe confortable – SHR24SDSP30195TM1 - Black / 40,129.0,439.0,71.0,En stock,,0.0,,1,0,0.8602,0.71,0.657,1,4.867534450455582,mid-range,1,11,0,4,Low-cost,0.1012467328685471,1.885233005248325,0
Justyol,Shopify,Homme,Men,TOWN TEAM,Polo pour homme au design moderne - À manches courtes avec impression de logo - POS24SBPR21907TM1 - OFF WHIT / 3XL,129.0,439.0,71.0,En stock,,0.0,,1,0,0.8602,0.71,0.657,1,4.867534450455582,mid-range,1,11,0,4,Low-cost,0.1012467328685471,1.885233005248325,0
Justyol,Shopify,Homme,Men,TOWN TEAM,Polo Homme Regular Fit – Couleurs Noir et Beige – POS24SBPU21901TM1 - D-BEIGE / 5XL,129.0,439.0,71.0,En stock,,0.0,,1,0,0.8602,0.71,0.657,1,4.867534450455582,mid-range,1,11,0,4,Low-cost,0.1012467328685471,1.885233005248325,0
Justyol,Shopify,Homme,Men,TOWN TEAM,Short en jean homme déchiré à coupe moderne – SHR24SDCP30198TM1 - White / 32,129.0,439.0,71.0,En stock,,0.0,,1,0,0.8602,0.71,0.657,1,4.867534450455582,mid-range,1,11,0,4,Low-cost,0.1012467328685471,1.885233005248325,0
Justyol,Shopify,Homme,Men,TOWN TEAM,Short en jean homme classique à coupe confortable – SHR24SDSP30195TM1 - Black / 30,129.0,439.0,71.0,En stock,,0.0,,1,0,0.8602,0.71,0.657,1,4.867534450455582,mid-range,1,11,0,4,Low-cost,0.1012467328685471,1.885233005248325,0
Justyol,Shopify,Homme,Men,TOWN TEAM,Short Homme Comfort Fit – Imprimé ‘Naughty & Fun’ – SHR24SMPS29160TM1 - Black / S,129.0,439.0,71.0,En stock,,0.0,,1,0,0.8602,0.71,0.657,1,4.867534450455582,mid-range,1,11,0,4,Low-cost,0.1012467328685471,1.885233005248325,0
Justyol,Shopify,Homme,Men,TOWN TEAM,Polo Homme – Imprimé ‘Sunpoint’ avec Design Unique – POS24SPPR21838TM1 - Khaki / 4XL,129.0,439.0,71.0,En stock,,0.0,,1,0,0.8602,0.71,0.657,1,4.867534450455582,mid-range,1,11,0,4,Low-cost,0.1012467328685471,1.885233005248325,0
Justyol,Shopify,Homme,Men,TOWN TEAM,Polo Homme – Imprimé ‘Sunpoint’ avec Design Unique – POS24SPPR21838TM1 - Black / 2XL,129.0,439.0,71.0,En stock,,0.0,,1,0,0.8602,0.71,0.657,1,4.867534450455582,mid-range,1,11,0,4,Low-cost,0.1012467328685471,1.885233005248325,0
Justyol,Shopify,Homme,Men,TOWN TEAM,Polo Homme – Imprimé ‘Sunpoint’ avec Design Unique – POS24SPPR21838TM1 - Black / L,129.0,439.0,71.0,En stock,,0.0,,1,0,0.8602,0.71,0.657,1,4.867534450455582,mid-range,1,11,0,4,Low-cost,0.1012467328685471,1.885233005248325,0
Justyol,Shopify,Homme,Men,TOWN TEAM,Chemise Slim Fit – Élégance et confort assurés - SSH24SERS19452TM1 - Black / 3XL,129.0,439.0,71.0,En stock,,0.0,,1,0,0.8602,0.71,0.657,1,4.867534450455582,mid-range,1,11,0,4,Low-cost,0.1012467328685471,1.885233005248325,0
Justyol,Shopify,Homme,Men,TOWN TEAM,Chemise à motifs géométriques pour homme - Chemise moderne à manches courtes - SSH24SAVC19407TM1 - BLK/WHT / 2XL,129.0,439.0,71.0,En stock,,0.0,,1,0,0.8602,0.71,0.657,1,4.867534450455582,mid-range,1,11,0,4,Low-cost,0.1012467328685471,1.885233005248325,0
Justyol,Shopify,Homme,Men,TOWN TEAM,Short Homme Comfort Fit – Imprimé ‘Keep Simple SOME’ – SHR24SMPS29161TM1 - Beige / 3XL,129.0,439.0,71.0,En stock,,0.0,,1,0,0.8602,0.71,0.657,1,4.867534450455582,mid-range,1,11,0,4,Low-cost,0.1012467328685471,1.885233005248325,0
Justyol,Shopify,Homme,Men,TOWN TEAM,Short Homme Comfort Fit – Imprimé ‘Naughty & Fun’ – SHR24SMPS29160TM1 - Black / 2XL,129.0,439.0,71.0,En stock,,0.0,,1,0,0.8602,0.71,0.657,1,4.867534450455582,mid-range,1,11,0,4,Low-cost,0.1012467328685471,1.885233005248325,0
Justyol,Shopify,Homme,Men,TOWN TEAM,Polo Homme – Imprimé ‘Sunpoint’ avec Design Unique – POS24SPPR21838TM1 - Khaki / 2XL,129.0,439.0,71.0,En stock,,0.0,,1,0,0.8602,0.71,0.657,1,4.867534450455582,mid-range,1,11,0,4,Low-cost,0.1012467328685471,1.885233005248325,0
Justyol,Shopify,Homme,Men,TOWN TEAM,Polo Homme Regular Fit – Couleurs Noir et Beige – POS24SBPU21901TM1 - Black / 7XL,129.0,439.0,71.0,En stock,,0.0,,1,0,0.8602,0.71,0.657,1,4.867534450455582,mid-range,1,11,0,4,Low-cost,0.1012467328685471,1.885233005248325,0
Justyol,Shopify,Homme,Men,TOWN TEAM,Short en jean homme déchiré à coupe moderne – SHR24SDCP30198TM1 - Ice Blue / 36,129.0,439.0,71.0,En stock,,0.0,,1,0,0.8602,0.71,0.657,1,4.867534450455582,mid-range,1,11,0,4,Low-cost,0.1012467328685471,1.885233005248325,0
Justyol,Shopify,Homme,Men,TOWN TEAM,Short en jean homme classique à coupe confortable – SHR24SDSP30195TM1 - Blue / 31,129.0,439.0,71.0,En stock,,0.0,,1,0,0.8602,0.71,0.657,1,4.867534450455582,mid-range,1,11,0,4,Low-cost,0.1012467328685471,1.885233005248325,0
Justyol,Shopify,Homme,Men,TOWN TEAM,Polo Homme Regular Fit – Couleurs Noir et Beige – POS24SBPU21901TM1 - Black / 6XL,129.0,439.0,71.0,En stock,,0.0,,1,0,0.8602,0.71,0.657,1,4.867534450455582,mid-range,1,11,0,4,Low-cost,0.1012467328685471,1.885233005248325,0
Justyol,Shopify,Homme,Men,TOWN TEAM,Short en jean homme déchiré à coupe moderne – SHR24SDCP30198TM1 - Ice Blue / 34,129.0,439.0,71.0,En stock,,0.0,,1,0,0.8602,0.71,0.657,1,4.867534450455582,mid-range,1,11,0,4,Low-cost,0.1012467328685471,1.885233005248325,0
Justyol,Shopify,Homme,Men,TOWN TEAM,Short en jean homme classique à coupe confortable – SHR24SDSP30195TM1 - Blue / 34,129.0,439.0,71.0,En stock,,0.0,,1,0,0.8602,0.71,0.657,1,4.867534450455582,mid-range,1,11,0,4,Low-cost,0.1012467328685471,1.885233005248325,0
Justyol,Shopify,Homme,Men,TOWN TEAM,Polo Homme Regular Fit – Couleurs Noir et Beige – POS24SBPU21901TM1 - Black / L,129.0,439.0,71.0,En stock,,0.0,,1,0,0.8602,0.71,0.657,1,4.867534450455582,mid-range,1,11,0,4,Low-cost,0.1012467328685471,1.885233005248325,0
Justyol,Shopify,Homme,Men,TOWN TEAM,Short en jean homme déchiré à coupe moderne – SHR24SDCP30198TM1 - Ice Blue / 40,129.0,439.0,71.0,En stock,,0.0,,1,0,0.8602,0.71,0.657,1,4.867534450455582,mid-range,1,11,0,4,Low-cost,0.1012467328685471,1.885233005248325,0
Justyol,Shopify,Homme,Men,TOWN TEAM,Short en jean homme classique à coupe confortable – SHR24SDSP30195TM1 - Blue / 38,129.0,439.0,71.0,En stock,,0.0,,1,0,0.8602,0.71,0.657,1,4.867534450455582,mid-range,1,11,0,4,Low-cost,0.1012467328685471,1.885233005248325,0
Justyol,Shopify,Homme,Men,TOWN TEAM,Polo Homme Regular Fit – Couleurs Noir et Beige – POS24SBPU21901TM1 - Black / 5XL,129.0,439.0,71.0,En stock,,0.0,,1,0,0.8602,0.71,0.657,1,4.867534450455582,mid-range,1,11,0,4,Low-cost,0.1012467328685471,1.885233005248325,0
Justyol,Shopify,Homme,Men,TOWN TEAM,Short en jean homme déchiré à coupe moderne – SHR24SDCP30198TM1 - Ice Blue / 33,129.0,439.0,71.0,En stock,,0.0,,1,0,0.8602,0.71,0.657,1,4.867534450455582,mid-range,1,11,0,4,Low-cost,0.1012467328685471,1.885233005248325,0
Justyol,Shopify,Homme,Men,TOWN TEAM,Short en jean homme déchiré à coupe moderne – SHR24SDCP30198TM1 - White / 31,129.0,439.0,71.0,En stock,,0.0,,1,0,0.8602,0.71,0.657,1,4.867534450455582,mid-range,1,11,0,4,Low-cost,0.1012467328685471,1.885233005248325,0
Justyol,Shopify,Homme,Men,TOWN TEAM,Short en jean homme classique à coupe confortable – SHR24SDSP30195TM1 - Black / 31,129.0,439.0,71.0,En stock,,0.0,,1,0,0.8602,0.71,0.657,1,4.867534450455582,mid-range,1,11,0,4,Low-cost,0.1012467328685471,1.885233005248325,0
Justyol,Shopify,Homme,Men,TOWN TEAM,Short en jean homme classique à coupe confortable – SHR24SDSP30195TM1 - Black / 36,129.0,439.0,71.0,En stock,,0.0,,1,0,0.8602,0.71,0.657,1,4.867534450455582,mid-range,1,11,0,4,Low-cost,0.1012467328685471,1.885233005248325,0
Justyol,Shopify,Homme,Men,TOWN TEAM,Short en jean homme déchiré à coupe moderne – SHR24SDCP30198TM1 - White / 40,129.0,439.0,71.0,En stock,,0.0,,1,0,0.8602,0.71,0.657,1,4.867534450455582,mid-range,1,11,0,4,Low-cost,0.1012467328685471,1.885233005248325,0
Justyol,Shopify,Homme,Men,TOWN TEAM,Polo Homme Regular Fit – Couleurs Noir et Beige – POS24SBPU21901TM1 - Black / 3XL,129.0,439.0,71.0,En stock,,0.0,,1,0,0.8602,0.71,0.657,1,4.867534450455582,mid-range,1,11,0,4,Low-cost,0.1012467328685471,1.885233005248325,0
Justyol,Shopify,Homme,Men,TOWN TEAM,Polo Homme Regular Fit – Couleurs Noir et Beige – POS24SBPU21901TM1 - D-BEIGE / 4XL,129.0,439.0,71.0,En stock,,0.0,,1,0,0.8602,0.71,0.657,1,4.867534450455582,mid-range,1,11,0,4,Low-cost,0.1012467328685471,1.885233005248325,0
Justyol,Shopify,Homme,Men,TOWN TEAM,Polo Homme Regular Fit – Couleurs Noir et Beige – POS24SBPU21901TM1 - Black / 2XL,129.0,439.0,71.0,En stock,,0.0,,1,0,0.8602,0.71,0.657,1,4.867534450455582,mid-range,1,11,0,4,Low-cost,0.1012467328685471,1.885233005248325,0
Justyol,Shopify,Homme,Men,TOWN TEAM,Short en jean homme classique à coupe confortable – SHR24SDSP30195TM1 - Blue / 30,129.0,439.0,71.0,En stock,,0.0,,1,0,0.8602,0.71,0.657,1,4.867534450455582,mid-range,1,11,0,4,Low-cost,0.1012467328685471,1.885233005248325,0
Justyol,Shopify,Homme,Men,TOWN TEAM,Polo Homme Regular Fit – Couleurs Noir et Beige – POS24SBPU21901TM1 - D-BEIGE / L,129.0,439.0,71.0,En stock,,0.0,,1,0,0.8602,0.71,0.657,1,4.867534450455582,mid-range,1,11,0,4,Low-cost,0.1012467328685471,1.885233005248325,0
Justyol,Shopify,Homme,Men,TOWN TEAM,Short en jean homme classique à coupe confortable – SHR24SDSP30195TM1 - Blue / 36,129.0,439.0,71.0,En stock,,0.0,,1,0,0.8602,0.71,0.657,1,4.867534450455582,mid-range,1,11,0,4,Low-cost,0.1012467328685471,1.885233005248325,0
Justyol,Shopify,Homme,Men,TOWN TEAM,Polo Homme Regular Fit – Couleurs Noir et Beige – POS24SBPU21901TM1 - Black / S,129.0,439.0,71.0,En stock,,0.0,,1,0,0.8602,0.71,0.657,1,4.867534450455582,mid-range,1,11,0,4,Low-cost,0.1012467328685471,1.885233005248325,0
Justyol,Shopify,Homme,Men,TOWN TEAM,Polo Homme Regular Fit – Couleurs Noir et Beige – POS24SBPU21901TM1 - D-BEIGE / XL,129.0,439.0,71.0,En stock,,0.0,,1,0,0.8602,0.71,0.657,1,4.867534450455582,mid-range,1,11,0,4,Low-cost,0.1012467328685471,1.885233005248325,0
Justyol,Shopify,Homme,Men,TOWN TEAM,Chemise homme décorée avec design géométrique - SSH24SAVC19404TM1 - BLK/BEG / 2XL,129.0,439.0,71.0,En stock,,0.0,,1,0,0.8602,0.71,0.657,1,4.867534450455582,mid-range,1,11,0,4,Low-cost,0.1012467328685471,1.885233005248325,0
Justyol,Shopify,Homme,Men,TOWN TEAM,Polo pour homme décoré à manches courtes - Design moderne avec logo - POS24SNPR21830TM1 - FADE BLU / 5XL,129.0,439.0,71.0,En stock,,0.0,,1,0,0.8602,0.71,0.657,1,4.867534450455582,mid-range,1,11,0,4,Low-cost,0.1012467328685471,1.885233005248325,0
Justyol,Shopify,Homme,Men,TOWN TEAM,"T-shirt Homme avec Logo ""Los Angeles"" – Design Moderne et Unique - TSH25SPRO20225TM1 - White / XL",129.0,449.0,71.0,En stock,,0.0,,1,0,0.8602,0.71,0.657,1,4.867534450455582,mid-range,1,11,0,4,Low-cost,0.1012467328685471,1.885233005248325,0
Justyol,Shopify,Homme,Men,TOWN TEAM,T-shirt Homme Oversized Fit – Couleurs Army et Navy – TSH24SPRO20108TM1 - Army / 2XL,129.0,439.0,71.0,En stock,,0.0,,1,0,0.8602,0.71,0.657,1,4.867534450455582,mid-range,1,11,0,4,Low-cost,0.1012467328685471,1.885233005248325,0
Justyol,Shopify,Homme,Men,TOWN TEAM,Short Homme Comfort Fit – Imprimé ‘Keep Simple SOME’ – SHR24SMPS29161TM1 - Beige / 4XL,129.0,439.0,71.0,En stock,,0.0,,1,0,0.8602,0.71,0.657,1,4.867534450455582,mid-range,1,11,0,4,Low-cost,0.1012467328685471,1.885233005248325,0
Justyol,Shopify,Homme,Men,TOWN TEAM,Short en jean homme classique à coupe confortable – SHR24SDSP30195TM1 - Black / 32,129.0,439.0,71.0,En stock,,0.0,,1,0,0.8602,0.71,0.657,1,4.867534450455582,mid-range,1,11,0,4,Low-cost,0.1012467328685471,1.885233005248325,0
Justyol,Shopify,Homme,Men,TOWN TEAM,Polo Homme – Imprimé ‘Sunpoint’ avec Design Unique – POS24SPPR21838TM1 - Khaki / L,129.0,439.0,71.0,En stock,,0.0,,1,0,0.8602,0.71,0.657,1,4.867534450455582,mid-range,1,11,0,4,Low-cost,0.1012467328685471,1.885233005248325,0
Justyol,Shopify,Homme,Men,TOWN TEAM,T-shirt Homme Oversized Fit – Couleurs Army et Navy – TSH24SPRO20108TM1 - Army / L,129.0,439.0,71.0,En stock,,0.0,,1,0,0.8602,0.71,0.657,1,4.867534450455582,mid-range,1,11,0,4,Low-cost,0.1012467328685471,1.885233005248325,0
Justyol,Shopify,Homme,Men,TOWN TEAM,Short Homme Comfort Fit – Imprimé ‘Keep Simple SOME’ – SHR24SMPS29161TM1 - Beige / 2XL,129.0,439.0,71.0,En stock,,0.0,,1,0,0.8602,0.71,0.657,1,4.867534450455582,mid-range,1,11,0,4,Low-cost,0.1012467328685471,1.885233005248325,0
Justyol,Shopify,Homme,Men,TOWN TEAM,Short Homme Comfort Fit – Imprimé ‘Naughty & Fun’ – SHR24SMPS29160TM1 - Black / 4XL,129.0,439.0,71.0,En stock,,0.0,,1,0,0.8602,0.71,0.657,1,4.867534450455582,mid-range,1,11,0,4,Low-cost,0.1012467328685471,1.885233005248325,0
Justyol,Shopify,Homme,Men,TOWN TEAM,Polo Homme – Imprimé ‘Sunpoint’ avec Design Unique – POS24SPPR21838TM1 - Khaki / XL,129.0,439.0,71.0,En stock,,0.0,,1,0,0.8602,0.71,0.657,1,4.867534450455582,mid-range,1,11,0,4,Low-cost,0.1012467328685471,1.885233005248325,0
Justyol,Shopify,Homme,Men,TOWN TEAM,T-shirt Homme Oversized Fit – Couleurs Army et Navy – TSH24SPRO20108TM1 - Army / XL,129.0,439.0,71.0,En stock,,0.0,,1,0,0.8602,0.71,0.657,1,4.867534450455582,mid-range,1,11,0,4,Low-cost,0.1012467328685471,1.885233005248325,0
Justyol,Shopify,Homme,Men,TOWN TEAM,Short Homme Comfort Fit – Imprimé ‘Keep Simple SOME’ – SHR24SMPS29161TM1 - Beige / L,129.0,439.0,71.0,En stock,,0.0,,1,0,0.8602,0.71,0.657,1,4.867534450455582,mid-range,1,11,0,4,Low-cost,0.1012467328685471,1.885233005248325,0
Justyol,Shopify,Homme,Men,TOWN TEAM,Short Homme Comfort Fit – Imprimé ‘Naughty & Fun’ – SHR24SMPS29160TM1 - Black / L,129.0,439.0,71.0,En stock,,0.0,,1,0,0.8602,0.71,0.657,1,4.867534450455582,mid-range,1,11,0,4,Low-cost,0.1012467328685471,1.885233005248325,0
Justyol,Shopify,Homme,Men,TOWN TEAM,Polo Homme – Imprimé ‘Sunpoint’ avec Design Unique – POS24SPPR21838TM1 - Black / XL,129.0,439.0,71.0,En stock,,0.0,,1,0,0.8602,0.71,0.657,1,4.867534450455582,mid-range,1,11,0,4,Low-cost,0.1012467328685471,1.885233005248325,0
Justyol,Shopify,Homme,Men,TOWN TEAM,Short Homme Comfort Fit – Imprimé ‘Keep Simple SOME’ – SHR24SMPS29161TM1 - Beige / S,129.0,439.0,71.0,En stock,,0.0,,1,0,0.8602,0.71,0.657,1,4.867534450455582,mid-range,1,11,0,4,Low-cost,0.1012467328685471,1.885233005248325,0
Justyol,Shopify,Homme,Men,TOWN TEAM,Polo Homme – Imprimé ‘Sunpoint’ avec Design Unique – POS24SPPR21838TM1 - Khaki / M,129.0,439.0,71.0,En stock,,0.0,,1,0,0.8602,0.71,0.657,1,4.867534450455582,mid-range,1,11,0,4,Low-cost,0.1012467328685471,1.885233005248325,0
Justyol,Shopify,Homme,Men,TOWN TEAM,T-shirt Homme Oversized Fit – Couleurs Army et Navy – TSH24SPRO20108TM1 - Navy / XL,129.0,439.0,71.0,En stock,,0.0,,1,0,0.8602,0.71,0.657,1,4.867534450455582,mid-range,1,11,0,4,Low-cost,0.1012467328685471,1.885233005248325,0
Justyol,Shopify,Homme,Men,TOWN TEAM,Short Homme Comfort Fit – Imprimé ‘Keep Simple SOME’ – SHR24SMPS29161TM1 - Beige / XL,129.0,439.0,71.0,En stock,,0.0,,1,0,0.8602,0.71,0.657,1,4.867534450455582,mid-range,1,11,0,4,Low-cost,0.1012467328685471,1.885233005248325,0
Justyol,Shopify,Homme,Men,TOWN TEAM,T-shirt Homme avec Imprimé Motivational - Confort et Style Unique - TSH25SPRO20238TM1 - Café / XL,129.0,449.0,71.0,En stock,,0.0,,1,0,0.8602,0.71,0.657,1,4.867534450455582,mid-range,1,11,0,4,Low-cost,0.1012467328685471,1.885233005248325,0
Justyol,Shopify,Homme,Men,TOWN TEAM,Short en jean homme regular fit – Style urbain imprimé - SHR24SDAP30193TM1 - White / 32,129.0,439.0,71.0,En stock,,0.0,,1,0,0.8602,0.71,0.657,1,4.867534450455582,mid-range,1,11,0,4,Low-cost,0.1012467328685471,1.885233005248325,0
Justyol,Shopify,Homme,Men,TOWN TEAM,Short Homme Comfort Fit – Imprimé ‘Naughty & Fun’ – SHR24SMPS29160TM1 - Black / 3XL,129.0,439.0,71.0,En stock,,0.0,,1,0,0.8602,0.71,0.657,1,4.867534450455582,mid-range,1,11,0,4,Low-cost,0.1012467328685471,1.885233005248325,0
Justyol,Shopify,Homme,Men,TOWN TEAM,Short en jean homme regular fit – Style urbain imprimé - SHR24SDAP30193TM1 - White / 40,129.0,439.0,71.0,En stock,,0.0,,1,0,0.8602,0.71,0.657,1,4.867534450455582,mid-range,1,11,0,4,Low-cost,0.1012467328685471,1.885233005248325,0
Justyol,Shopify,Homme,Men,TOWN TEAM,Short en jean homme regular fit – Style urbain imprimé - SHR24SDAP30193TM1 - White / 30,129.0,439.0,71.0,En stock,,0.0,,1,0,0.8602,0.71,0.657,1,4.867534450455582,mid-range,1,11,0,4,Low-cost,0.1012467328685471,1.885233005248325,0
Justyol,Shopify,Homme,Men,TOWN TEAM,Short Homme en Jean avec Imprimé Tendance - Confortable et Stylé pour l'Été - SHR24SDSP30191TM1 - Black / 30,129.0,439.0,71.0,En stock,,0.0,,1,0,0.8602,0.71,0.657,1,4.867534450455582,mid-range,1,11,0,4,Low-cost,0.1012467328685471,1.885233005248325,0
Justyol,Shopify,Homme,Men,TOWN TEAM,Short Homme en Jean avec Imprimé Tendance - Confortable et Stylé pour l'Été - SHR24SDSP30191TM1 - Black / 38,129.0,439.0,71.0,En stock,,0.0,,1,0,0.8602,0.71,0.657,1,4.867534450455582,mid-range,1,11,0,4,Low-cost,0.1012467328685471,1.885233005248325,0
Justyol,Shopify,Homme,Men,TOWN TEAM,Chemise Homme à Manches Courtes avec Imprimé Graphique - Confortable et Moderne pour un Look Estival - SSH24SACR19447TM1 - MULTICOL / XL,129.0,439.0,71.0,En stock,,0.0,,1,0,0.8602,0.71,0.657,1,4.867534450455582,mid-range,1,11,0,4,Low-cost,0.1012467328685471,1.885233005248325,0
Justyol,Shopify,Homme,Men,TOWN TEAM,T-shirt Homme Ample avec Détails Imprimés et Poche Zippée – Confort et Style Moderne - TSH24SPRO20929TM1 - Black / XL,129.0,439.0,71.0,En stock,,0.0,,1,0,0.8602,0.71,0.657,1,4.867534450455582,mid-range,1,11,0,4,Low-cost,0.1012467328685471,1.885233005248325,0
Justyol,Shopify,Homme,Men,TOWN TEAM,Short Homme en Jean avec Imprimé Tendance - Confortable et Stylé pour l'Été - SHR24SDSP30191TM1 - Black / 29,129.0,439.0,71.0,En stock,,0.0,,1,0,0.8602,0.71,0.657,1,4.867534450455582,mid-range,1,11,0,4,Low-cost,0.1012467328685471,1.885233005248325,0
Justyol,Shopify,Homme,Men,TOWN TEAM,Polo pour homme à manches courtes - Design moderne avec impression et logo - POS24SPPR21844TM1 - Black / 2XL,129.0,439.0,71.0,En stock,,0.0,,1,0,0.8602,0.71,0.657,1,4.867534450455582,mid-range,1,11,0,4,Low-cost,0.1012467328685471,1.885233005248325,0
Justyol,Shopify,Homme,Men,TOWN TEAM,Polo pour homme avec bords blancs - POS24SBTR21813TM1 - D-ORANGE / XL,129.0,439.0,71.0,En stock,,0.0,,1,0,0.8602,0.71,0.657,1,4.867534450455582,mid-range,1,11,0,4,Low-cost,0.1012467328685471,1.885233005248325,0
Justyol,Shopify,Homme,Men,TOWN TEAM,"T-shirt Homme avec Logo ""Los Angeles"" – Design Moderne et Unique - TSH25SPRO20225TM1 - White / 3XL",129.0,449.0,71.0,En stock,,0.0,,1,0,0.8602,0.71,0.657,1,4.867534450455582,mid-range,1,11,0,4,Low-cost,0.1012467328685471,1.885233005248325,0
Justyol,Shopify,Homme,Men,TOWN TEAM,"T-shirt Homme avec Logo ""Los Angeles"" – Design Moderne et Unique - TSH25SPRO20225TM1 - White / S",129.0,449.0,71.0,En stock,,0.0,,1,0,0.8602,0.71,0.657,1,4.867534450455582,mid-range,1,11,0,4,Low-cost,0.1012467328685471,1.885233005248325,0
Justyol,Shopify,Homme,Men,TOWN TEAM,"T-shirt Homme avec Logo ""Los Angeles"" – Design Moderne et Unique - TSH25SPRO20225TM1 - White / M",129.0,449.0,71.0,En stock,,0.0,,1,0,0.8602,0.71,0.657,1,4.867534450455582,mid-range,1,11,0,4,Low-cost,0.1012467328685471,1.885233005248325,0
Justyol,Shopify,Homme,Men,TOWN TEAM,"T-shirt Homme avec Logo ""Los Angeles"" – Design Moderne et Unique - TSH25SPRO20225TM1 - White / L",129.0,449.0,71.0,En stock,,0.0,,1,0,0.8602,0.71,0.657,1,4.867534450455582,mid-range,1,11,0,4,Low-cost,0.1012467328685471,1.885233005248325,0
Justyol,Shopify,Homme,Men,TOWN TEAM,"T-shirt Homme avec Logo ""Los Angeles"" – Design Moderne et Unique - TSH25SPRO20225TM1 - White / 2XL",129.0,449.0,71.0,En stock,,0.0,,1,0,0.8602,0.71,0.657,1,4.867534450455582,mid-range,1,11,0,4,Low-cost,0.1012467328685471,1.885233005248325,0
Justyol,Shopify,Homme,Men,TOWN TEAM,T-shirt Homme avec Imprimé Motivational - Confort et Style Unique - TSH25SPRO20238TM1 - Café / S,129.0,449.0,71.0,En stock,,0.0,,1,0,0.8602,0.71,0.657,1,4.867534450455582,mid-range,1,11,0,4,Low-cost,0.1012467328685471,1.885233005248325,0
Justyol,Shopify,Homme,Men,TOWN TEAM,Polo pour homme décoré à manches courtes - Design moderne avec logo - POS24SNPR21830TM1 - FADE BLU / 7XL,129.0,439.0,71.0,En stock,,0.0,,1,0,0.8602,0.71,0.657,1,4.867534450455582,mid-range,1,11,0,4,Low-cost,0.1012467328685471,1.885233005248325,0
Justyol,Shopify,Homme,Men,TOWN TEAM,Polo pour homme décoré à manches courtes - Design moderne avec logo - POS24SNPR21830TM1 - FADE BLU / 6XL,129.0,439.0,71.0,En stock,,0.0,,1,0,0.8602,0.71,0.657,1,4.867534450455582,mid-range,1,11,0,4,Low-cost,0.1012467328685471,1.885233005248325,0
Justyol,Shopify,Homme,Men,TOWN TEAM,"T-shirt Homme avec Design ""Le Visage Français"" – Logo ""La Situation en French Fries"" et Slogan Motivant - TSH25SPRO20228TM1 - Black / M",129.0,449.0,71.0,En stock,,0.0,,1,0,0.8602,0.71,0.657,1,4.867534450455582,mid-range,1,11,0,4,Low-cost,0.1012467328685471,1.885233005248325,0
Justyol,Shopify,Homme,Men,TOWN TEAM,"T-shirt Homme avec Design ""NO RISK NO STORY"" – Design Audacieux et Unique - TSH25SPRO20229TM1 - Black / S",129.0,449.0,71.0,En stock,,0.0,,1,0,0.8602,0.71,0.657,1,4.867534450455582,mid-range,1,11,0,4,Low-cost,0.1012467328685471,1.885233005248325,0
Justyol,Shopify,Homme,Men,TOWN TEAM,"T-shirt Homme avec Logo ""YOUNG PROGRESS"" – Design Moderne et Confortable - TSH25SPRO20234TM1 - Grey / 3XL",129.0,449.0,71.0,En stock,,0.0,,1,0,0.8602,0.71,0.657,1,4.867534450455582,mid-range,1,11,0,4,Low-cost,0.1012467328685471,1.885233005248325,0
Justyol,Shopify,Homme,Men,TOWN TEAM,Chemise Homme à Manches Courtes – Design Moderne avec Col Ouvert et Boutons - SSH24SEIS19432TM1 - Navy / 5XL,129.0,439.0,71.0,En stock,,0.0,,1,0,0.8602,0.71,0.657,1,4.867534450455582,mid-range,1,11,0,4,Low-cost,0.1012467328685471,1.885233005248325,0
Justyol,Shopify,Homme,Men,TOWN TEAM,"T-shirt Homme Olive avec Logo ""Ami"" – Design Moderne et Confortable - TSH25SERO20237TM1 - Olive / 2XL",129.0,449.0,71.0,En stock,,0.0,,1,0,0.8602,0.71,0.657,1,4.867534450455582,mid-range,1,11,0,4,Low-cost,0.1012467328685471,1.885233005248325,0
Justyol,Shopify,Homme,Men,TOWN TEAM,"T-shirt Homme avec Logo ""REBEL SELF"" – Design Moderne et Confortable - TSH25SPRO20222TM1 - White / S",129.0,449.0,71.0,En stock,,0.0,,1,0,0.8602,0.71,0.657,1,4.867534450455582,mid-range,1,11,0,4,Low-cost,0.1012467328685471,1.885233005248325,0
Justyol,Shopify,Homme,Men,TOWN TEAM,"T-shirt Homme avec Design ""Le Visage Français"" – Logo ""La Situation en French Fries"" et Slogan Motivant - TSH25SPRO20228TM1 - Black / XL",129.0,449.0,71.0,En stock,,0.0,,1,0,0.8602,0.71,0.657,1,4.867534450455582,mid-range,1,11,0,4,Low-cost,0.1012467328685471,1.885233005248325,0
Justyol,Shopify,Homme,Men,TOWN TEAM,Short en jean homme regular fit – Style urbain imprimé - SHR24SDAP30193TM1 - White / 33,129.0,439.0,71.0,En stock,,0.0,,1,0,0.8602,0.71,0.657,1,4.867534450455582,mid-range,1,11,0,4,Low-cost,0.1012467328685471,1.885233005248325,0
Justyol,Shopify,Homme,Men,TOWN TEAM,Short Homme Comfort Fit – Imprimé ‘Naughty & Fun’ – SHR24SMPS29160TM1 - Black / M,129.0,439.0,71.0,En stock,,0.0,,1,0,0.8602,0.71,0.657,1,4.867534450455582,mid-range,1,11,0,4,Low-cost,0.1012467328685471,1.885233005248325,0
Justyol,Shopify,Homme,Men,TOWN TEAM,Polo Homme – Imprimé ‘Sunpoint’ avec Design Unique – POS24SPPR21838TM1 - Khaki / 3XL,129.0,439.0,71.0,En stock,,0.0,,1,0,0.8602,0.71,0.657,1,4.867534450455582,mid-range,1,11,0,4,Low-cost,0.1012467328685471,1.885233005248325,0
Justyol,Shopify,Homme,Men,TOWN TEAM,T-shirt Homme Oversized Fit – Couleurs Army et Navy – TSH24SPRO20108TM1 - Navy / 2XL,129.0,439.0,71.0,En stock,,0.0,,1,0,0.8602,0.71,0.657,1,4.867534450455582,mid-range,1,11,0,4,Low-cost,0.1012467328685471,1.885233005248325,0
Justyol,Shopify,Homme,Men,TOWN TEAM,Short Homme Comfort Fit – Imprimé ‘Keep Simple SOME’ – SHR24SMPS29161TM1 - Beige / M,129.0,439.0,71.0,En stock,,0.0,,1,0,0.8602,0.71,0.657,1,4.867534450455582,mid-range,1,11,0,4,Low-cost,0.1012467328685471,1.885233005248325,0
Justyol,Shopify,Homme,Men,TOWN TEAM,Short Homme Comfort Fit – Imprimé ‘Naughty & Fun’ – SHR24SMPS29160TM1 - Black / XL,129.0,439.0,71.0,En stock,,0.0,,1,0,0.8602,0.71,0.657,1,4.867534450455582,mid-range,1,11,0,4,Low-cost,0.1012467328685471,1.885233005248325,0
Justyol,Shopify,Homme,Men,TOWN TEAM,Polo Homme – Imprimé ‘Sunpoint’ avec Design Unique – POS24SPPR21838TM1 - Khaki / S,129.0,439.0,71.0,En stock,,0.0,,1,0,0.8602,0.71,0.657,1,4.867534450455582,mid-range,1,11,0,4,Low-cost,0.1012467328685471,1.885233005248325,0
Justyol,Shopify,Homme,Men,TOWN TEAM,T-shirt Homme Oversized Fit – Couleurs Army et Navy – TSH24SPRO20108TM1 - Navy / 4XL,129.0,439.0,71.0,En stock,,0.0,,1,0,0.8602,0.71,0.657,1,4.867534450455582,mid-range,1,11,0,4,Low-cost,0.1012467328685471,1.885233005248325,0
Lasolda,WooCommerce,Automobile et bricolage,Automobile et bricolage,,Robinet Et Douche Systèmes ...,399.0,479.0,17.0,En stock,Oui,0.0,,1,1,0.2909,0.17,0.6567,1,5.991464547107982,mid-range,3,0,1,1,Premium,2.335945354248665,-0.5272809401012696,3
Justyol,Shopify,Enfants,Kids Babies All,JKIDS,Pull garçon en maille motif renard – Tricot chaud hiver 100% acrylique - lacivert / 8 y,74.0,179.0,59.0,En stock,,0.0,,1,0,0.9516,0.59,0.6559,1,4.31748811353631,low-cost,1,7,0,4,Low-cost,-0.3215731457747595,1.9694554430957023,0
Lasolda,WooCommerce,Maison,Maison,,Friteuse Electrique En Inox...,589.0,700.0,16.0,En stock,Oui,0.0,,1,1,0.2948,0.16,0.6557,1,6.380122536899765,premium,3,13,1,1,Premium,2.777710690987202,-0.7360040486690231,2
Lasolda,WooCommerce,Maison,Maison,,Machine à Café Avec Minuteu...,499.0,559.0,11.0,En stock,Oui,0.0,,1,1,0.3347,0.11,0.6557,1,6.214608098422191,mid-range,3,13,1,1,Premium,2.6671448307475827,-0.7319672669787478,2
Justyol,Shopify,Ventes Flash,All Best Selling,JWOMEN,T-shirt performante pour femme en polyester respirant et flexible - koyu gri / s,75.6,174.0,57.0,En stock,,0.0,,1,0,0.9663,0.57,0.6556,1,4.338597076746545,low-cost,1,20,0,0,Mid-range,-0.0511282824709017,1.988424425302,0
Justyol,Shopify,Ventes Flash,All Best Selling,JWOMEN,T-shirt performante pour femme en polyester respirant et flexible - siyah / s,75.6,174.0,57.0,En stock,,0.0,,1,0,0.9663,0.57,0.6556,1,4.338597076746545,low-cost,1,20,0,0,Mid-range,-0.0511282824709017,1.988424425302,0
Justyol,Shopify,Ventes Flash,All Best Selling,JKIDS,Ensemble bébé garçon 3 pièces t-shirt rayé salopette ours et chapeau - Gris / 18M,89.4,224.8,60.0,En stock,,0.0,,1,0,0.9394,0.6,0.6548,1,4.504244267398131,low-cost,1,20,0,0,Mid-range,0.0427855277887593,1.9384712847312573,0
Justyol,Shopify,Ventes Flash,All Best Selling,JKIDS,Ensemble bébé garçon 3 pièces t-shirt rayé salopette ours et chapeau - Kaki / 18M,89.4,224.8,60.0,En stock,,0.0,,1,0,0.9394,0.6,0.6548,1,4.504244267398131,low-cost,1,20,0,0,Mid-range,0.0427855277887593,1.9384712847312573,0
Justyol,Shopify,Ventes Flash,All Best Selling,JKIDS,"Ensemble bébé fille 3 pièces – Blouse, short et bandeau - fuchsia / 18 m",89.4,224.8,60.0,En stock,,0.0,,1,0,0.9394,0.6,0.6548,1,4.504244267398131,low-cost,1,20,0,0,Mid-range,0.0427855277887593,1.9384712847312573,0
Justyol,Shopify,Ventes Flash,All Best Selling,JKIDS,"Ensemble bébé fille 3 pièces – Blouse, short et bandeau - red / 12 m",89.4,224.8,60.0,En stock,,0.0,,1,0,0.9394,0.6,0.6548,1,4.504244267398131,low-cost,1,20,0,0,Mid-range,0.0427855277887593,1.9384712847312573,0
Justyol,Shopify,Ventes Flash,All Best Selling,JKIDS,"Ensemble bébé fille 3 pièces – Blouse, short et bandeau - red / 18 m",89.4,224.8,60.0,En stock,,0.0,,1,0,0.9394,0.6,0.6548,1,4.504244267398131,low-cost,1,20,0,0,Mid-range,0.0427855277887593,1.9384712847312573,0
Justyol,Shopify,Femme,Women,JWOMEN,T-shirt Femme Basic Imprimé en Maille – Coupe Confort - mavi / 42,60.6,191.0,68.0,En stock,,0.0,,1,0,0.8734,0.68,0.6544,1,4.120661870539474,low-cost,1,8,0,4,Low-cost,-0.3297954514812592,2.294055983286857,0
Justyol,Shopify,Ventes Flash,All Best Selling,JMEN,t‑shirt oversize homme rayé col enveloppe - noir / S,91.0,228.16,60.0,En stock,,0.0,,1,0,0.9327,0.6,0.6532,1,4.5217885770490405,low-cost,1,20,0,0,Mid-range,0.0458328718788608,1.920592691105653,0
Justyol,Shopify,Ventes Flash,All Best Selling,JMEN,t‑shirt homme texturé rayé fit - gris / M,91.0,228.16,60.0,En stock,,0.0,,1,0,0.9327,0.6,0.6532,1,4.5217885770490405,low-cost,1,20,0,0,Mid-range,0.0458328718788608,1.920592691105653,0
Justyol,Shopify,Ventes Flash,All Best Selling,JMEN,t‑shirt homme texturé rayé fit - gris / L,91.0,228.16,60.0,En stock,,0.0,,1,0,0.9327,0.6,0.6532,1,4.5217885770490405,low-cost,1,20,0,0,Mid-range,0.0458328718788608,1.920592691105653,0
Justyol,Shopify,Femme,Women,JWOMEN,Chemise Femme en Jean avec Nœud à la Taille - BLUE JEAN / 40,60.6,183.92,67.0,En stock,,0.0,,1,0,0.8734,0.67,0.6524,1,4.120661870539474,low-cost,1,8,0,4,Low-cost,-0.3430435300821539,2.2650251932061805,0
Justyol,Shopify,Femme,Women,JWOMEN,T-shirt à col polo zippé et rayé pour femme 0497 - saks / 42,60.6,184.0,67.0,En stock,,0.0,,1,0,0.8734,0.67,0.6524,1,4.120661870539474,low-cost,1,8,0,4,Low-cost,-0.3430435300821539,2.2650251932061805,0
Justyol,Shopify,Ventes Flash,All Best Selling,GARBALIA,Lviv Vegan Deri Akordiyon Kadın Cüzdan Kartlık - bleu bébé / STD,48.0,99.71,52.0,En stock,,0.0,,1,0,0.9933,0.52,0.6523,1,3.8918202981106265,low-cost,1,20,0,0,Mid-range,-0.2990641175056476,2.168399418527568,0
Justyol,Shopify,Ventes Flash,All Best Selling,JMEN,"Sweatshirt pour homme à col rond avec broderie, coupe décontractée - 88020 - ekru / xl",81.6,188.0,57.0,En stock,,0.0,,1,0,0.9473,0.57,0.6508,1,4.414009680526933,low-cost,1,20,0,0,Mid-range,-0.0316777198626437,1.919517435942722,0
Justyol,Shopify,Ventes Flash,All Best Selling,JMEN,"Sweatshirt pour homme à col rond avec broderie, coupe décontractée - 88020 - indigo / xxl",81.6,188.0,57.0,En stock,,0.0,,1,0,0.9473,0.57,0.6508,1,4.414009680526933,low-cost,1,20,0,0,Mid-range,-0.0316777198626437,1.919517435942722,0
Justyol,Shopify,Ventes Flash,All Best Selling,JMEN,"Sweatshirt pour homme à col rond avec broderie, coupe décontractée - 88020 - zümrüt / xxl",81.6,188.0,57.0,En stock,,0.0,,1,0,0.9473,0.57,0.6508,1,4.414009680526933,low-cost,1,20,0,0,Mid-range,-0.0316777198626437,1.919517435942722,0
Lasolda,WooCommerce,Maison,Maison,,Piscine Gonflable Rectangul...,599.0,699.0,14.0,En stock,Oui,0.0,,1,1,0.2908,0.14,0.6507,1,6.396929655216146,premium,3,13,1,1,Premium,2.7557627813710512,-0.8091561029988653,2
Justyol,Shopify,Ventes Flash,All Best Selling,JKIDS,Ensemble Bébé Salopette et Chemise avec Chapeau Motif Ourson - BLUE / 18m,94.8,235.6,60.0,En stock,,0.0,,1,0,0.9203,0.6,0.6501,1,4.562262684976814,low-cost,1,20,0,0,Mid-range,0.0546704166696262,1.8816074590527607,0
Justyol,Shopify,Ventes Flash,All Best Selling,JKIDS,Ensemble Bébé Salopette et Chemise avec Chapeau Motif Ourson - BLUE / 6M,94.8,235.6,60.0,En stock,,0.0,,1,0,0.9203,0.6,0.6501,1,4.562262684976814,low-cost,1,20,0,0,Mid-range,0.0546704166696262,1.8816074590527607,0
Justyol,Shopify,Ventes Flash,All Best Selling,JKIDS,Ensemble Bébé Salopette et Chemise avec Chapeau Motif Ourson - orange / 18m,94.8,235.6,60.0,En stock,,0.0,,1,0,0.9203,0.6,0.6501,1,4.562262684976814,low-cost,1,20,0,0,Mid-range,0.0546704166696262,1.8816074590527607,0
Justyol,Shopify,Ventes Flash,All Best Selling,JMEN,"Tayt pour homme à taille haute, slim fit, avec imprimé au niveau des chevilles, pour activité sportive - 84988 - antrasit / l",93.0,225.0,59.0,En stock,,0.0,,1,0,0.9237,0.59,0.6489,1,4.543294782270004,low-cost,1,20,0,0,Mid-range,0.0352847645018972,1.8683510673703485,0
Justyol,Shopify,Ventes Flash,All Best Selling,JWOMEN,Escarpins femme en similicuir – Chaussures chic à talon confortable 5 cm - a.larci / 39,70.8,147.0,52.0,En stock,,0.0,,1,0,0.9787,0.52,0.6487,1,4.273884476054178,low-cost,1,20,0,0,Mid-range,-0.1371749123085159,1.8985048886939715,0
Justyol,Shopify,Ventes Flash,All Best Selling,JWOMEN,Escarpins femme en similicuir – Chaussures chic à talon confortable 5 cm - a.siyah / 36,70.8,147.0,52.0,En stock,,0.0,,1,0,0.9787,0.52,0.6487,1,4.273884476054178,low-cost,1,20,0,0,Mid-range,-0.1371749123085159,1.8985048886939715,0
Justyol,Shopify,Ventes Flash,All Best Selling,JMEN,T-shirt homme performance respirant en polyester stretch - 88396 - bleu marine / s,96.0,238.0,60.0,En stock,,0.0,,1,0,0.9136,0.6,0.6484,1,4.574710978503383,low-cost,1,20,0,0,Mid-range,0.0551058997005711,1.8667628514920247,0
Justyol,Shopify,Ventes Flash,All Best Selling,JMEN,T-shirt homme performance respirant en polyester stretch - 88396 - blanc / s,96.0,238.0,60.0,En stock,,0.0,,1,0,0.9136,0.6,0.6484,1,4.574710978503383,low-cost,1,20,0,0,Mid-range,0.0551058997005711,1.8667628514920247,0
Justyol,Shopify,Ventes Flash,All Best Selling,JMEN,Athlète de basketball pour homme en polyester respirant et flexible - beyaz / m,91.2,216.0,58.0,En stock,,0.0,,1,0,0.9293,0.58,0.6483,1,4.523960130562548,low-cost,1,20,0,0,Mid-range,0.0175676528160172,1.8576344552475643,0
Justyol,Shopify,Femme,Women,JWOMEN,Jupe midi fendue effet sandy – Jupe élégante ajustée pour femme - kahverengi / 40,75.0,245.0,69.0,En stock,,0.0,,1,0,0.8409,0.69,0.6482,1,4.330733340286331,low-cost,1,8,0,4,Low-cost,-0.2465549076976788,2.15090731287118,0
Justyol,Shopify,Ventes Flash,All Best Selling,JMEN,"Sweatshirt pour homme à col rond, coupe décontractée - 88053 - kirmizi / l",82.2,188.0,56.0,En stock,,0.0,,1,0,0.9439,0.56,0.648,1,4.421247347827163,low-cost,1,20,0,0,Mid-range,-0.0440965310281521,1.882576050252783,0
Justyol,Shopify,Ventes Flash,All Best Selling,JMEN,T-shirt Homme Basique Oversize en Coton Doux - kaktüs / m,91.8,219.0,58.0,En stock,,0.0,,1,0,0.9282,0.58,0.648,1,4.530446639792155,low-cost,1,20,0,0,Mid-range,0.0195857523333357,1.8521390229491592,0
Justyol,Shopify,Ventes Flash,All Best Selling,JMEN,T-shirt Homme Basique Oversize en Coton Doux - siyah / m,91.8,219.0,58.0,En stock,,0.0,,1,0,0.9282,0.58,0.648,1,4.530446639792155,low-cost,1,20,0,0,Mid-range,0.0195857523333357,1.8521390229491592,0
Justyol,Shopify,Ventes Flash,All Best Selling,JMEN,T-shirt Homme Basique Oversize en Coton Doux - koyu gri / m,91.8,219.0,58.0,En stock,,0.0,,1,0,0.9282,0.58,0.648,1,4.530446639792155,low-cost,1,20,0,0,Mid-range,0.0195857523333357,1.8521390229491592,0
Justyol,Shopify,Femme,Women,JWOMEN,Blouse tricotée à col carré 0409 - Jaune / 40,68.4,201.0,66.0,En stock,,0.0,,1,0,0.8626,0.66,0.6476,1,4.239886867512759,low-cost,1,8,0,4,Low-cost,-0.31089951859817,2.1453625199387467,0
Justyol,Shopify,Femme,Women,JWOMEN,Blouse tricotée à col carré 0409 - e.Vert / 40,68.4,201.0,66.0,En stock,,0.0,,1,0,0.8626,0.66,0.6476,1,4.239886867512759,low-cost,1,8,0,4,Low-cost,-0.31089951859817,2.1453625199387467,0
Justyol,Shopify,Ventes Flash,All Best Selling,JMEN,"Tayt pour homme à logo, taille haute, coupe slim fit, pour activité sportive - 84989 - antrasit / m",96.0,235.0,59.0,En stock,,0.0,,1,0,0.9136,0.59,0.6464,1,4.574710978503383,low-cost,1,20,0,0,Mid-range,0.0418578210996765,1.837732061411349,0
Justyol,Shopify,Ventes Flash,All Best Selling,JKIDS,Ensemble Bébé Barboteuse avec Col Dentelle et Bandana Lydie - orange / 12 m,97.2,240.4,60.0,En stock,,0.0,,1,0,0.9057,0.6,0.6464,1,4.58700621536042,low-cost,1,20,0,0,Mid-range,0.0545548666421627,1.8508738933908937,0
Justyol,Shopify,Ventes Flash,All Best Selling,JKIDS,Jean fille gris délavé avec broderie 3D licorne – Pantalon denim tendance et confortable - gri / 5 yaş,96.0,234.0,59.0,En stock,,0.0,,1,0,0.9136,0.59,0.6464,1,4.574710978503383,low-cost,1,20,0,0,Mid-range,0.0418578210996765,1.837732061411349,0
Justyol,Shopify,Ventes Flash,All Best Selling,JKIDS,Ensemble Bébé Barboteuse avec Col Dentelle et Bandana Lydie - orange / 18 m,97.2,240.4,60.0,En stock,,0.0,,1,0,0.9057,0.6,0.6464,1,4.58700621536042,low-cost,1,20,0,0,Mid-range,0.0545548666421627,1.8508738933908937,0
Justyol,Shopify,Ventes Flash,All Best Selling,MU GROUP,"Chiffon de Cuisine en Microfibre – Tissu Absorbant, Réutilisable pour Vaisselle et Nettoyage Multisurface - Blue",49.0,96.6,49.0,En stock,,0.0,,1,0,0.9921,0.49,0.646,1,3.912023005428146,low-cost,1,20,0,0,Mid-range,-0.3305832361237132,2.06661644870876,0
Justyol,Shopify,Ventes Flash,All Best Selling,MU GROUP,"Boîte de Rangement Silicone Joie – Contenant Fraîcheur pour Fruits et Légumes, Anti-Oxydation, Étanchéité - Onion Pod",49.0,96.6,49.0,En stock,,0.0,,1,0,0.9921,0.49,0.646,1,3.912023005428146,low-cost,1,20,0,0,Mid-range,-0.3305832361237132,2.06661644870876,0
Justyol,Shopify,Ventes Flash,All Best Selling,MU GROUP,"Boîte de Rangement Silicone Joie – Contenant Fraîcheur pour Fruits et Légumes, Anti-Oxydation, Étanchéité - Tomato Pod",49.0,96.6,49.0,En stock,,0.0,,1,0,0.9921,0.49,0.646,1,3.912023005428146,low-cost,1,20,0,0,Mid-range,-0.3305832361237132,2.06661644870876,0
Justyol,Shopify,Ventes Flash,All Best Selling,MU GROUP,"Boîte de Rangement Silicone Joie – Contenant Fraîcheur pour Fruits et Légumes, Anti-Oxydation, Étanchéité - Avocado Pod",49.0,96.6,49.0,En stock,,0.0,,1,0,0.9921,0.49,0.646,1,3.912023005428146,low-cost,1,20,0,0,Mid-range,-0.3305832361237132,2.06661644870876,0
Justyol,Shopify,Enfants,Kids Babies All,JKIDS,Chaussettes rayées pour fille avec motif de chat et licorne - Paquet de 2 - desenli / 7-8 yaş,40.4,80.8,50.0,En stock,,0.0,,1,0,0.9828,0.5,0.6457,1,3.7232808808312687,low-cost,1,7,0,4,Low-cost,-0.685855022718175,2.136348316484964,0
Justyol,Shopify,Enfants,Kids Babies All,TOWN TEAM,Chemise pour enfant garçon avec col droit - SHI24SECS31113TB1 - White / 10,99.0,359.0,72.0,En stock,,0.0,,1,0,0.8058,0.72,0.6454,1,4.605170185988092,low-cost,1,7,0,4,Low-cost,-0.130761921044333,2.0144507246569576,0
Justyol,Shopify,Enfants,Kids Babies All,TOWN TEAM,Chemise pour garçon blanche avec des boutons et une poche - SHI24SPOR31139TB1 - White / 8,99.0,359.0,72.0,En stock,,0.0,,1,0,0.8058,0.72,0.6454,1,4.605170185988092,low-cost,1,7,0,4,Low-cost,-0.130761921044333,2.0144507246569576,0
Justyol,Shopify,Enfants,Kids Babies All,TOWN TEAM,Chemise pour enfant garçon avec col droit - SHI24SECS31113TB1 - White / 6,99.0,359.0,72.0,En stock,,0.0,,1,0,0.8058,0.72,0.6454,1,4.605170185988092,low-cost,1,7,0,4,Low-cost,-0.130761921044333,2.0144507246569576,0
Justyol,Shopify,Enfants,Kids Babies All,TOWN TEAM,Chemise pour enfant garçon avec col droit - SHI24SECS31113TB1 - White / 14,99.0,359.0,72.0,En stock,,0.0,,1,0,0.8058,0.72,0.6454,1,4.605170185988092,low-cost,1,7,0,4,Low-cost,-0.130761921044333,2.0144507246569576,0
Justyol,Shopify,Enfants,Kids Babies All,TOWN TEAM,Chemise pour enfant garçon avec col droit - SHI24SECS31113TB1 - OCEAN BLU / 12,99.0,359.0,72.0,En stock,,0.0,,1,0,0.8058,0.72,0.6454,1,4.605170185988092,low-cost,1,7,0,4,Low-cost,-0.130761921044333,2.0144507246569576,0
Justyol,Shopify,Enfants,Kids Babies All,TOWN TEAM,Chemise pour garçon blanche avec des boutons et une poche - SHI24SPOR31139TB1 - White / 10,99.0,359.0,72.0,En stock,,0.0,,1,0,0.8058,0.72,0.6454,1,4.605170185988092,low-cost,1,7,0,4,Low-cost,-0.130761921044333,2.0144507246569576,0
Justyol,Shopify,Enfants,Kids Babies All,TOWN TEAM,Chemise pour garçon à manches longues au design pratique avec capuche - SHI24SEIH31104TB1 - Beige / 14,99.0,359.0,72.0,En stock,,0.0,,1,0,0.8058,0.72,0.6454,1,4.605170185988092,low-cost,1,7,0,4,Low-cost,-0.130761921044333,2.0144507246569576,0
Justyol,Shopify,Enfants,Kids Babies All,TOWN TEAM,Chemise pour garçon blanche avec des boutons et une poche - SHI24SPOR31139TB1 - White / 16,99.0,359.0,72.0,En stock,,0.0,,1,0,0.8058,0.72,0.6454,1,4.605170185988092,low-cost,1,7,0,4,Low-cost,-0.130761921044333,2.0144507246569576,0
Justyol,Shopify,Enfants,Kids Babies All,TOWN TEAM,Chemise pour enfant garçon avec col droit - SHI24SECS31113TB1 - OCEAN BLU / 14,99.0,359.0,72.0,En stock,,0.0,,1,0,0.8058,0.72,0.6454,1,4.605170185988092,low-cost,1,7,0,4,Low-cost,-0.130761921044333,2.0144507246569576,0
Justyol,Shopify,Enfants,Kids Babies All,TOWN TEAM,Chemise pour enfant garçon avec col droit - SHI24SECS31113TB1 - White / 12,99.0,359.0,72.0,En stock,,0.0,,1,0,0.8058,0.72,0.6454,1,4.605170185988092,low-cost,1,7,0,4,Low-cost,-0.130761921044333,2.0144507246569576,0
Justyol,Shopify,Enfants,Kids Babies All,TOWN TEAM,Chemise pour garçon à manches longues au design pratique avec capuche - SHI24SEIH31104TB1 - Beige / 10,99.0,359.0,72.0,En stock,,0.0,,1,0,0.8058,0.72,0.6454,1,4.605170185988092,low-cost,1,7,0,4,Low-cost,-0.130761921044333,2.0144507246569576,0
Justyol,Shopify,Enfants,Kids Babies All,TOWN TEAM,Chemise pour garçon à manches longues au design pratique avec capuche - SHI24SEIH31104TB1 - Black / 16,99.0,359.0,72.0,En stock,,0.0,,1,0,0.8058,0.72,0.6454,1,4.605170185988092,low-cost,1,7,0,4,Low-cost,-0.130761921044333,2.0144507246569576,0
Justyol,Shopify,Enfants,Kids Babies All,TOWN TEAM,Chemise pour garçon à manches longues au design pratique avec capuche - SHI24SEIH31104TB1 - Black / 14,99.0,359.0,72.0,En stock,,0.0,,1,0,0.8058,0.72,0.6454,1,4.605170185988092,low-cost,1,7,0,4,Low-cost,-0.130761921044333,2.0144507246569576,0
Justyol,Shopify,Enfants,Kids Babies All,TOWN TEAM,Chemise pour garçon à manches longues au design pratique avec capuche - SHI24SEIH31104TB1 - Black / 8,99.0,359.0,72.0,En stock,,0.0,,1,0,0.8058,0.72,0.6454,1,4.605170185988092,low-cost,1,7,0,4,Low-cost,-0.130761921044333,2.0144507246569576,0
Justyol,Shopify,Enfants,Kids Babies All,TOWN TEAM,Chemise pour enfant garçon avec col droit - SHI24SECS31113TB1 - White / 16,99.0,359.0,72.0,En stock,,0.0,,1,0,0.8058,0.72,0.6454,1,4.605170185988092,low-cost,1,7,0,4,Low-cost,-0.130761921044333,2.0144507246569576,0
Justyol,Shopify,Enfants,Kids Babies All,TOWN TEAM,Chemise pour garçon à manches longues au design pratique avec capuche - SHI24SEIH31104TB1 - Off White / 16,99.0,359.0,72.0,En stock,,0.0,,1,0,0.8058,0.72,0.6454,1,4.605170185988092,low-cost,1,7,0,4,Low-cost,-0.130761921044333,2.0144507246569576,0
Justyol,Shopify,Enfants,Kids Babies All,TOWN TEAM,Chemise pour garçon blanche avec des boutons et une poche - SHI24SPOR31139TB1 - White / 12,99.0,359.0,72.0,En stock,,0.0,,1,0,0.8058,0.72,0.6454,1,4.605170185988092,low-cost,1,7,0,4,Low-cost,-0.130761921044333,2.0144507246569576,0
Justyol,Shopify,Enfants,Kids Babies All,TOWN TEAM,Chemise pour garçon à manches longues au design pratique avec capuche - SHI24SEIH31104TB1 - Off White / 14,99.0,359.0,72.0,En stock,,0.0,,1,0,0.8058,0.72,0.6454,1,4.605170185988092,low-cost,1,7,0,4,Low-cost,-0.130761921044333,2.0144507246569576,0
Justyol,Shopify,Enfants,Kids Babies All,TOWN TEAM,Chemise pour garçon blanche avec des boutons et une poche - SHI24SPOR31139TB1 - White / 4,99.0,359.0,72.0,En stock,,0.0,,1,0,0.8058,0.72,0.6454,1,4.605170185988092,low-cost,1,7,0,4,Low-cost,-0.130761921044333,2.0144507246569576,0
Justyol,Shopify,Enfants,Kids Babies All,TOWN TEAM,Chemise pour garçon blanche avec des boutons et une poche - SHI24SPOR31139TB1 - White / 14,99.0,359.0,72.0,En stock,,0.0,,1,0,0.8058,0.72,0.6454,1,4.605170185988092,low-cost,1,7,0,4,Low-cost,-0.130761921044333,2.0144507246569576,0
Justyol,Shopify,Enfants,Kids Babies All,TOWN TEAM,Chemise pour garçon à manches longues au design pratique avec capuche - SHI24SEIH31104TB1 - Off White / 10,99.0,359.0,72.0,En stock,,0.0,,1,0,0.8058,0.72,0.6454,1,4.605170185988092,low-cost,1,7,0,4,Low-cost,-0.130761921044333,2.0144507246569576,0
Justyol,Shopify,Enfants,Kids Babies All,TOWN TEAM,Chemise pour garçon à manches longues au design pratique avec capuche - SHI24SEIH31104TB1 - Beige / 12,99.0,359.0,72.0,En stock,,0.0,,1,0,0.8058,0.72,0.6454,1,4.605170185988092,low-cost,1,7,0,4,Low-cost,-0.130761921044333,2.0144507246569576,0
Justyol,Shopify,Enfants,Kids Babies All,TOWN TEAM,Chemise pour garçon blanche avec des boutons et une poche - SHI24SPOR31139TB1 - White / 6,99.0,359.0,72.0,En stock,,0.0,,1,0,0.8058,0.72,0.6454,1,4.605170185988092,low-cost,1,7,0,4,Low-cost,-0.130761921044333,2.0144507246569576,0
Justyol,Shopify,Enfants,Kids Babies All,TOWN TEAM,Chemise pour garçon à manches longues au design pratique avec capuche - SHI24SEIH31104TB1 - Beige / 16,99.0,359.0,72.0,En stock,,0.0,,1,0,0.8058,0.72,0.6454,1,4.605170185988092,low-cost,1,7,0,4,Low-cost,-0.130761921044333,2.0144507246569576,0
Justyol,Shopify,Enfants,Kids Babies All,TOWN TEAM,Chemise pour garçon à manches longues au design pratique avec capuche - SHI24SEIH31104TB1 - Black / 6,99.0,359.0,72.0,En stock,,0.0,,1,0,0.8058,0.72,0.6454,1,4.605170185988092,low-cost,1,7,0,4,Low-cost,-0.130761921044333,2.0144507246569576,0
Justyol,Shopify,Enfants,Kids Babies All,TOWN TEAM,Chemise pour garçon à manches longues au design pratique avec capuche - SHI24SEIH31104TB1 - Black / 10,99.0,359.0,72.0,En stock,,0.0,,1,0,0.8058,0.72,0.6454,1,4.605170185988092,low-cost,1,7,0,4,Low-cost,-0.130761921044333,2.0144507246569576,0
Justyol,Shopify,Enfants,Kids Babies All,TOWN TEAM,Chemise pour garçon à manches longues au design pratique avec capuche - SHI24SEIH31104TB1 - Black / 12,99.0,359.0,72.0,En stock,,0.0,,1,0,0.8058,0.72,0.6454,1,4.605170185988092,low-cost,1,7,0,4,Low-cost,-0.130761921044333,2.0144507246569576,0
Justyol,Shopify,Enfants,Kids Babies All,TOWN TEAM,Chemise pour garçon à manches longues au design pratique avec capuche - SHI24SEIH31104TB1 - Off White / 12,99.0,359.0,72.0,En stock,,0.0,,1,0,0.8058,0.72,0.6454,1,4.605170185988092,low-cost,1,7,0,4,Low-cost,-0.130761921044333,2.0144507246569576,0
Justyol,Shopify,Ventes Flash,All Best Selling,JMEN,t‑shirt oversize homme coton imprimé poches - siyah / s,97.0,239.2,59.0,En stock,,0.0,,1,0,0.9068,0.59,0.6447,1,4.584967478670572,low-cost,1,20,0,0,Mid-range,0.0413014476396658,1.8243568046466527,0
Justyol,Shopify,Ventes Flash,All Best Selling,JUSTYOL,Nappe en tissu polyester imprimé à motifs kilim (140 × 180 cm) - gris,129.0,507.0,75.0,En stock,,0.0,,1,0,0.7767,0.75,0.6442,1,4.867534450455582,mid-range,1,20,0,0,Mid-range,0.2817722025476761,1.975166326666944,0
Lasolda,WooCommerce,Maison,Maison,,"Siphon à Chantilly 500ml , ...",549.0,599.0,8.0,En stock,Oui,0.0,,1,1,0.3108,0.08,0.6437,1,6.309918278226516,premium,3,13,1,1,Premium,2.652186433907548,-0.905893543401832,2
Lhmiza,WooCommerce,Maquillage,Maquillage,,Organisateur de maquillage petites choses boîte de rangement avec tiroir et miroir organisateur pour les produits cosmétiques,300.0,180.0,40.0,En stock,Oui,0.0,,1,1,0.0538,0.4,0.6435,1,5.707110264748875,mid-range,4,14,1,1,Premium,3.0317761475238214,0.0962122248544365,2
Justyol,Shopify,Enfants,Kids Babies All,TOWN TEAM,Chemise enfant garçon à manches courtes à motif tropical – SSH25SASR31157TB1 - Navy / 14,99.0,339.0,71.0,En stock,,0.0,,1,0,0.8058,0.71,0.6434,1,4.605170185988092,low-cost,1,7,0,4,Low-cost,-0.1440099996452276,1.9854199345762813,0
Justyol,Shopify,Enfants,Kids Babies All,TOWN TEAM,Chemise enfant manches courtes à motifs modernes - SSH25SASR16139TB1 - Olive / 14,99.0,339.0,71.0,En stock,,0.0,,1,0,0.8058,0.71,0.6434,1,4.605170185988092,low-cost,1,7,0,4,Low-cost,-0.1440099996452276,1.9854199345762813,0
Justyol,Shopify,Enfants,Kids Babies All,TOWN TEAM,Chemise enfant ornée de motifs tropicaux – SSH25SXER31150TB1 - Brick / 14,99.0,339.0,71.0,En stock,,0.0,,1,0,0.8058,0.71,0.6434,1,4.605170185988092,low-cost,1,7,0,4,Low-cost,-0.1440099996452276,1.9854199345762813,0
Justyol,Shopify,Enfants,Kids Babies All,TOWN TEAM,Chemise enfant garçon à manches courtes à motif tropical – SSH25SASR31157TB1 - Navy / 12,99.0,339.0,71.0,En stock,,0.0,,1,0,0.8058,0.71,0.6434,1,4.605170185988092,low-cost,1,7,0,4,Low-cost,-0.1440099996452276,1.9854199345762813,0
Justyol,Shopify,Enfants,Kids Babies All,TOWN TEAM,Chemise enfant manches courtes à motifs modernes - SSH25SASR16139TB1 - Olive / 12,99.0,339.0,71.0,En stock,,0.0,,1,0,0.8058,0.71,0.6434,1,4.605170185988092,low-cost,1,7,0,4,Low-cost,-0.1440099996452276,1.9854199345762813,0
Justyol,Shopify,Enfants,Kids Babies All,TOWN TEAM,Chemise enfant ornée de motifs tropicaux – SSH25SXER31150TB1 - Brick / 12,99.0,339.0,71.0,En stock,,0.0,,1,0,0.8058,0.71,0.6434,1,4.605170185988092,low-cost,1,7,0,4,Low-cost,-0.1440099996452276,1.9854199345762813,0
Justyol,Shopify,Enfants,Kids Babies All,TOWN TEAM,Chemise enfant ornée de motifs distinctifs – SSH25SAER31169TB1 - L-OLIVE / 6,99.0,339.0,71.0,En stock,,0.0,,1,0,0.8058,0.71,0.6434,1,4.605170185988092,low-cost,1,7,0,4,Low-cost,-0.1440099996452276,1.9854199345762813,0
Justyol,Shopify,Enfants,Kids Babies All,TOWN TEAM,Chemise enfant ornée de motifs tropicaux – SSH25SXER31150TB1 - Brick / 8,99.0,339.0,71.0,En stock,,0.0,,1,0,0.8058,0.71,0.6434,1,4.605170185988092,low-cost,1,7,0,4,Low-cost,-0.1440099996452276,1.9854199345762813,0
Justyol,Shopify,Enfants,Kids Babies All,TOWN TEAM,Chemise enfant ornée de motifs distinctifs – SSH25SAER31169TB1 - L-OLIVE / 16,99.0,339.0,71.0,En stock,,0.0,,1,0,0.8058,0.71,0.6434,1,4.605170185988092,low-cost,1,7,0,4,Low-cost,-0.1440099996452276,1.9854199345762813,0
Justyol,Shopify,Enfants,Kids Babies All,TOWN TEAM,Chemise enfant ornée de motifs tropicaux – SSH25SXER31150TB1 - Brick / 16,99.0,339.0,71.0,En stock,,0.0,,1,0,0.8058,0.71,0.6434,1,4.605170185988092,low-cost,1,7,0,4,Low-cost,-0.1440099996452276,1.9854199345762813,0
Justyol,Shopify,Enfants,Kids Babies All,TOWN TEAM,Chemise enfant ornée de motifs tropicaux – SSH25SXER31150TB1 - Brick / 6,99.0,339.0,71.0,En stock,,0.0,,1,0,0.8058,0.71,0.6434,1,4.605170185988092,low-cost,1,7,0,4,Low-cost,-0.1440099996452276,1.9854199345762813,0
Justyol,Shopify,Enfants,Kids Babies All,TOWN TEAM,Chemise enfant garçon à manches courtes à motif tropical – SSH25SASR31157TB1 - Navy / 8,99.0,339.0,71.0,En stock,,0.0,,1,0,0.8058,0.71,0.6434,1,4.605170185988092,low-cost,1,7,0,4,Low-cost,-0.1440099996452276,1.9854199345762813,0
Justyol,Shopify,Enfants,Kids Babies All,TOWN TEAM,Chemise enfant ornée de motifs distinctifs – SSH25SAER31169TB1 - L-OLIVE / 8,99.0,339.0,71.0,En stock,,0.0,,1,0,0.8058,0.71,0.6434,1,4.605170185988092,low-cost,1,7,0,4,Low-cost,-0.1440099996452276,1.9854199345762813,0
Justyol,Shopify,Enfants,Kids Babies All,TOWN TEAM,Chemise enfant ornée de motifs distinctifs – SSH25SAER31169TB1 - L-OLIVE / 12,99.0,339.0,71.0,En stock,,0.0,,1,0,0.8058,0.71,0.6434,1,4.605170185988092,low-cost,1,7,0,4,Low-cost,-0.1440099996452276,1.9854199345762813,0
Justyol,Shopify,Enfants,Kids Babies All,TOWN TEAM,Chemise enfant ornée de motifs distinctifs – SSH25SAER31169TB1 - L-OLIVE / 10,99.0,339.0,71.0,En stock,,0.0,,1,0,0.8058,0.71,0.6434,1,4.605170185988092,low-cost,1,7,0,4,Low-cost,-0.1440099996452276,1.9854199345762813,0
Justyol,Shopify,Enfants,Kids Babies All,TOWN TEAM,Chemise enfant manches courtes à motifs modernes - SSH25SASR16139TB1 - Olive / 10,99.0,339.0,71.0,En stock,,0.0,,1,0,0.8058,0.71,0.6434,1,4.605170185988092,low-cost,1,7,0,4,Low-cost,-0.1440099996452276,1.9854199345762813,0
Justyol,Shopify,Enfants,Kids Babies All,TOWN TEAM,Chemise enfant ornée de motifs tropicaux – SSH25SXER31150TB1 - Brick / 10,99.0,339.0,71.0,En stock,,0.0,,1,0,0.8058,0.71,0.6434,1,4.605170185988092,low-cost,1,7,0,4,Low-cost,-0.1440099996452276,1.9854199345762813,0
Justyol,Shopify,Enfants,Kids Babies All,TOWN TEAM,Chemise enfant garçon à manches courtes à motif tropical – SSH25SASR31157TB1 - Navy / 10,99.0,339.0,71.0,En stock,,0.0,,1,0,0.8058,0.71,0.6434,1,4.605170185988092,low-cost,1,7,0,4,Low-cost,-0.1440099996452276,1.9854199345762813,0
Justyol,Shopify,Enfants,Kids Babies All,TOWN TEAM,Chemise enfant ornée de motifs distinctifs – SSH25SAER31169TB1 - L-OLIVE / 14,99.0,339.0,71.0,En stock,,0.0,,1,0,0.8058,0.71,0.6434,1,4.605170185988092,low-cost,1,7,0,4,Low-cost,-0.1440099996452276,1.9854199345762813,0
Justyol,Shopify,Ventes Flash,All Best Selling,JMEN,T-shirt homme basique col V manches courtes coupe standard- 87912 - bleu marine / m,99.0,244.0,59.0,En stock,,0.0,,1,0,0.8979,0.59,0.6425,1,4.605170185988092,low-cost,1,20,0,0,Mid-range,0.0437172954540251,1.8024021389194376,0
Justyol,Shopify,Ventes Flash,All Best Selling,JMEN,T-shirt homme basique col V manches courtes coupe standard- 87912 - noir / m,99.0,244.0,59.0,En stock,,0.0,,1,0,0.8979,0.59,0.6425,1,4.605170185988092,low-cost,1,20,0,0,Mid-range,0.0437172954540251,1.8024021389194376,0
Justyol,Shopify,Ventes Flash,All Best Selling,JMEN,T-shirt homme basique col V manches courtes coupe standard- 87912 - beige / m,99.0,244.0,59.0,En stock,,0.0,,1,0,0.8979,0.59,0.6425,1,4.605170185988092,low-cost,1,20,0,0,Mid-range,0.0437172954540251,1.8024021389194376,0
Justyol,Shopify,Enfants,Kids Babies All,JKIDS,Ensemble 2 pièces garçon – T-shirt imprimé et short à détails colorés - siyah / 2y,80.4,206.8,61.0,En stock,,0.0,,1,0,0.88,0.61,0.642,1,4.399375273008495,low-cost,1,7,0,4,Low-cost,-0.3127498662993678,1.9041857484036169,0
Justyol,Shopify,Ventes Flash,All Best Selling,JMEN,Polo homme en maille avec logo col polo coupe standard- 87748 - gris foncé / m,101.0,248.8,59.0,En stock,,0.0,,1,0,0.8911,0.59,0.6408,1,4.624972813284271,mid-range,1,20,0,0,Mid-range,0.047480849379442,1.7826272781792765,0
Justyol,Shopify,Ventes Flash,All Best Selling,JMEN,Polo homme en maille avec logo col polo coupe standard- 87748 - noir / xl,101.0,248.8,59.0,En stock,,0.0,,1,0,0.8911,0.59,0.6408,1,4.624972813284271,mid-range,1,20,0,0,Mid-range,0.047480849379442,1.7826272781792765,0
Lasolda,WooCommerce,Beauté & Sport,Beauté & Sport,,Brosse Soufflante A Vapeur ...,369.0,500.0,26.0,En stock,Oui,0.0,,1,1,0.1527,0.26,0.6402,1,5.91350300563827,mid-range,3,2,1,1,Premium,2.3568870654239,-0.3337878555636631,3
Justyol,Shopify,Ventes Flash,All Best Selling,JKIDS,Barboteuse bébé fille à rayures avec nœud - Rose / 12M,103.2,252.4,59.0,En stock,,0.0,,1,0,0.8878,0.59,0.64,1,4.646312129319266,mid-range,1,20,0,0,Mid-range,0.0546915632093561,1.765263114009254,0
Justyol,Shopify,Ventes Flash,All Best Selling,JKIDS,Barboteuse bébé fille à rayures avec nœud - Rose / 18M,103.2,252.4,59.0,En stock,,0.0,,1,0,0.8878,0.59,0.64,1,4.646312129319266,mid-range,1,20,0,0,Mid-range,0.0546915632093561,1.765263114009254,0
Justyol,Shopify,Ventes Flash,All Best Selling,JKIDS,Barboteuse bébé fille à rayures avec nœud - beige / 6M,103.2,252.4,59.0,En stock,,0.0,,1,0,0.8878,0.59,0.64,1,4.646312129319266,mid-range,1,20,0,0,Mid-range,0.0546915632093561,1.765263114009254,0
Justyol,Shopify,Ventes Flash,All Best Selling,JKIDS,Barboteuse bébé fille à rayures avec nœud - beige / 18M,103.2,252.4,59.0,En stock,,0.0,,1,0,0.8878,0.59,0.64,1,4.646312129319266,mid-range,1,20,0,0,Mid-range,0.0546915632093561,1.765263114009254,0
Justyol,Shopify,Ventes Flash,All Best Selling,JKIDS,Barboteuse bébé fille à rayures avec nœud - beige / 12M,103.2,252.4,59.0,En stock,,0.0,,1,0,0.8878,0.59,0.64,1,4.646312129319266,mid-range,1,20,0,0,Mid-range,0.0546915632093561,1.765263114009254,0
Lasolda,WooCommerce,Maison,Maison,,Barbecue à Charbon Wagon +...,699.0,848.0,18.0,En stock,Oui,0.0,,1,1,0.2151,0.18,0.6398,1,6.551080335043404,premium,3,13,1,1,Premium,2.8207262585797577,-0.868631968530499,2
Justyol,Shopify,Femme,Women,JWOMEN,Jupe Longue Femme en Viscose Imprimée – Coupe Fluide - bej / 42,86.4,350.0,75.0,En stock,,0.0,,1,0,0.7577,0.75,0.6394,1,4.470495282661489,low-cost,1,8,0,4,Low-cost,-0.1674159058648624,2.1518749905889325,0
Justyol,Shopify,Ventes Flash,All Best Selling,JKIDS,"Jeans pour fille ""Black Cat"" avec applique de chat - indigo - beyaz / 5 yaş",98.0,229.6,57.0,En stock,,0.0,,1,0,0.899,0.57,0.6388,1,4.59511985013459,low-cost,1,20,0,0,Mid-range,0.013590293375312,1.7522251357559042,0
Lasolda,WooCommerce,Beauté & Sport,Beauté & Sport,,Fer à lisser ROZIA,319.0,400.0,20.0,En stock,Oui,0.0,,1,1,0.1947,0.2,0.6387,1,5.768320995793772,mid-range,3,2,1,1,Premium,2.2438029549618954,-0.3705008729062516,3
Lasolda,WooCommerce,Beauté & Sport,Beauté & Sport,,Thermomètre Frontal Infraro...,499.0,780.0,36.0,En stock,Oui,0.0,,1,1,0.0649,0.36,0.6382,1,6.214608098422191,mid-range,3,2,1,1,Premium,2.558362297547358,-0.3294472745240893,3
Justyol,Shopify,Ventes Flash,All Best Selling,JKIDS,Ensemble Garçon 2 Pièces T-Shirt Imprimé Dinosaure & Pantalon Baggy avec Détail 3D - laci desenli / 6 yaş,106.0,258.0,59.0,En stock,,0.0,,1,0,0.8777,0.59,0.6374,1,4.672828834461906,mid-range,1,20,0,0,Mid-range,0.0587416926017927,1.7375463461958551,0
Justyol,Shopify,Ventes Flash,All Best Selling,JKIDS,Ensemble Garçon 2 Pièces T-Shirt Imprimé Dinosaure & Pantalon Baggy avec Détail 3D - laci desenli / 3 yaş,106.0,258.0,59.0,En stock,,0.0,,1,0,0.8777,0.59,0.6374,1,4.672828834461906,mid-range,1,20,0,0,Mid-range,0.0587416926017927,1.7375463461958551,0
Lhmiza,WooCommerce,Maquillage,Maquillage,,COVER COCO Fond de teint waterproof s’adapte à toutes les couleurs de peau,320.0,195.0,39.0,En stock,Oui,0.0,,1,1,0.0354,0.39,0.6369,1,5.771441123130016,mid-range,4,14,1,1,Premium,3.033575289876829,0.0064681471729363,2
Justyol,Shopify,Ventes Flash,All Best Selling,JMEN,Polo homme performance respirant en polyester stretch - 88393 - blanc / m,107.0,259.6,59.0,En stock,,0.0,,1,0,0.8754,0.59,0.6368,1,4.68213122712422,mid-range,1,20,0,0,Mid-range,0.0611168162403642,1.729016223125411,0
Justyol,Shopify,Ventes Flash,All Best Selling,JMEN,Polo homme performance respirant en polyester stretch - 88392 - rouge / m,107.0,259.6,59.0,En stock,,0.0,,1,0,0.8754,0.59,0.6368,1,4.68213122712422,mid-range,1,20,0,0,Mid-range,0.0611168162403642,1.729016223125411,0
Justyol,Shopify,Ventes Flash,All Best Selling,JMEN,T-shirt homme oversize imprimé en coton épais texturé - kaki / l,107.0,259.6,59.0,En stock,,0.0,,1,0,0.8754,0.59,0.6368,1,4.68213122712422,mid-range,1,20,0,0,Mid-range,0.0611168162403642,1.729016223125411,0
Justyol,Shopify,Ventes Flash,All Best Selling,JMEN,Polo homme performance respirant en polyester stretch - 88392 - bleu marine / l,107.0,259.6,59.0,En stock,,0.0,,1,0,0.8754,0.59,0.6368,1,4.68213122712422,mid-range,1,20,0,0,Mid-range,0.0611168162403642,1.729016223125411,0
Justyol,Shopify,Ventes Flash,All Best Selling,JMEN,Polo homme performance respirant en polyester stretch - 88393 - noir / xl,107.0,259.6,59.0,En stock,,0.0,,1,0,0.8754,0.59,0.6368,1,4.68213122712422,mid-range,1,20,0,0,Mid-range,0.0611168162403642,1.729016223125411,0
Justyol,Shopify,Ventes Flash,All Best Selling,JMEN,Polo homme performance respirant en polyester stretch - 88392 - noir / m,107.0,259.6,59.0,En stock,,0.0,,1,0,0.8754,0.59,0.6368,1,4.68213122712422,mid-range,1,20,0,0,Mid-range,0.0611168162403642,1.729016223125411,0
Justyol,Shopify,Ventes Flash,All Best Selling,JMEN,Polo homme performance respirant en polyester stretch - 88392 - blanc / l,107.0,259.6,59.0,En stock,,0.0,,1,0,0.8754,0.59,0.6368,1,4.68213122712422,mid-range,1,20,0,0,Mid-range,0.0611168162403642,1.729016223125411,0
Justyol,Shopify,Ventes Flash,All Best Selling,JMEN,Chemise homme oversize en mousseline col mao demi-patte - turquoise / XL,107.0,259.84,59.0,En stock,,0.0,,1,0,0.8754,0.59,0.6368,1,4.68213122712422,mid-range,1,20,0,0,Mid-range,0.0611168162403642,1.729016223125411,0
Justyol,Shopify,Ventes Flash,All Best Selling,JMEN,Polo homme performance respirant en polyester stretch - 88392 - bleu marine / xl,107.0,259.6,59.0,En stock,,0.0,,1,0,0.8754,0.59,0.6368,1,4.68213122712422,mid-range,1,20,0,0,Mid-range,0.0611168162403642,1.729016223125411,0
Justyol,Shopify,Enfants,Kids Babies All,TOWN TEAM,Short Fille Confortable - SHR24SMBS70508MG1 - Fuchsia / 8,69.0,129.0,47.0,En stock,,0.0,,1,0,0.9677,0.47,0.6359,1,4.248495242049359,low-cost,1,7,0,4,Low-cost,-0.4995415258700368,1.6826306892541036,0
Justyol,Shopify,Enfants,Kids Babies All,TOWN TEAM,Short Fille Confortable - SHR24SMBS70508MG1 - Fuchsia / 7,69.0,129.0,47.0,En stock,,0.0,,1,0,0.9677,0.47,0.6359,1,4.248495242049359,low-cost,1,7,0,4,Low-cost,-0.4995415258700368,1.6826306892541036,0
Justyol,Shopify,Enfants,Kids Babies All,TOWN TEAM,Short Fille Confortable - SHR24SMBS70508MG1 - Fuchsia / 5,69.0,129.0,47.0,En stock,,0.0,,1,0,0.9677,0.47,0.6359,1,4.248495242049359,low-cost,1,7,0,4,Low-cost,-0.4995415258700368,1.6826306892541036,0
Justyol,Shopify,Enfants,Kids Babies All,TOWN TEAM,Short Fille Confortable - SHR24SMBS70508MG1 - Fuchsia / 4,69.0,129.0,47.0,En stock,,0.0,,1,0,0.9677,0.47,0.6359,1,4.248495242049359,low-cost,1,7,0,4,Low-cost,-0.4995415258700368,1.6826306892541036,0
Justyol,Shopify,Enfants,Kids Babies All,TOWN TEAM,Chemise pour garçon avec col traditionnel et boutons à l'avant - SHI24SEXS19475TB1 - D-GREEN / 12,99.0,299.0,67.0,En stock,,0.0,,1,0,0.8058,0.67,0.6354,1,4.605170185988092,low-cost,1,7,0,4,Low-cost,-0.1970023140488059,1.8692967742535769,0
Justyol,Shopify,Enfants,Kids Babies All,TOWN TEAM,Chemise pour garçon avec col traditionnel et boutons à l'avant - SHI24SEXS19475TB1 - Orange / 10,99.0,299.0,67.0,En stock,,0.0,,1,0,0.8058,0.67,0.6354,1,4.605170185988092,low-cost,1,7,0,4,Low-cost,-0.1970023140488059,1.8692967742535769,0
Justyol,Shopify,Enfants,Kids Babies All,TOWN TEAM,Chemise garçon à manches longues avec boutons sur le devant – SHI24SECS31102TB1 - Navy / 16,99.0,299.0,67.0,En stock,,0.0,,1,0,0.8058,0.67,0.6354,1,4.605170185988092,low-cost,1,7,0,4,Low-cost,-0.1970023140488059,1.8692967742535769,0
Justyol,Shopify,Enfants,Kids Babies All,TOWN TEAM,Chemise pour garçon avec col traditionnel et boutons à l'avant - SHI24SEXS19475TB1 - D-GREEN / 14,99.0,299.0,67.0,En stock,,0.0,,1,0,0.8058,0.67,0.6354,1,4.605170185988092,low-cost,1,7,0,4,Low-cost,-0.1970023140488059,1.8692967742535769,0
Justyol,Shopify,Enfants,Kids Babies All,TOWN TEAM,Chemise garçon à manches longues avec boutons sur le devant – SHI24SECS31102TB1 - Navy / 14,99.0,299.0,67.0,En stock,,0.0,,1,0,0.8058,0.67,0.6354,1,4.605170185988092,low-cost,1,7,0,4,Low-cost,-0.1970023140488059,1.8692967742535769,0
Justyol,Shopify,Enfants,Kids Babies All,TOWN TEAM,Chemise pour garçon avec col traditionnel et boutons à l'avant - SHI24SEXS19475TB1 - Orange / 6,99.0,299.0,67.0,En stock,,0.0,,1,0,0.8058,0.67,0.6354,1,4.605170185988092,low-cost,1,7,0,4,Low-cost,-0.1970023140488059,1.8692967742535769,0
Justyol,Shopify,Enfants,Kids Babies All,TOWN TEAM,Chemise pour garçon avec col traditionnel et boutons à l'avant - SHI24SEXS19475TB1 - D-GREEN / 8,99.0,299.0,67.0,En stock,,0.0,,1,0,0.8058,0.67,0.6354,1,4.605170185988092,low-cost,1,7,0,4,Low-cost,-0.1970023140488059,1.8692967742535769,0
Justyol,Shopify,Enfants,Kids Babies All,TOWN TEAM,Chemise garçon à manches longues avec boutons sur le devant – SHI24SECS31102TB1 - Navy / 10,99.0,299.0,67.0,En stock,,0.0,,1,0,0.8058,0.67,0.6354,1,4.605170185988092,low-cost,1,7,0,4,Low-cost,-0.1970023140488059,1.8692967742535769,0
Justyol,Shopify,Enfants,Kids Babies All,TOWN TEAM,Chemise garçon à manches longues avec boutons sur le devant – SHI24SECS31102TB1 - Beige / 10,99.0,299.0,67.0,En stock,,0.0,,1,0,0.8058,0.67,0.6354,1,4.605170185988092,low-cost,1,7,0,4,Low-cost,-0.1970023140488059,1.8692967742535769,0
Justyol,Shopify,Enfants,Kids Babies All,TOWN TEAM,Chemise pour garçon avec col traditionnel et boutons à l'avant - SHI24SEXS19475TB1 - Orange / 14,99.0,299.0,67.0,En stock,,0.0,,1,0,0.8058,0.67,0.6354,1,4.605170185988092,low-cost,1,7,0,4,Low-cost,-0.1970023140488059,1.8692967742535769,0
Justyol,Shopify,Enfants,Kids Babies All,TOWN TEAM,Chemise pour garçon avec col traditionnel et boutons à l'avant - SHI24SEXS19475TB1 - Orange / 16,99.0,299.0,67.0,En stock,,0.0,,1,0,0.8058,0.67,0.6354,1,4.605170185988092,low-cost,1,7,0,4,Low-cost,-0.1970023140488059,1.8692967742535769,0
Justyol,Shopify,Enfants,Kids Babies All,TOWN TEAM,Chemise pour garçon avec col traditionnel et boutons à l'avant - SHI24SEXS19475TB1 - D-GREEN / 10,99.0,299.0,67.0,En stock,,0.0,,1,0,0.8058,0.67,0.6354,1,4.605170185988092,low-cost,1,7,0,4,Low-cost,-0.1970023140488059,1.8692967742535769,0
Justyol,Shopify,Enfants,Kids Babies All,TOWN TEAM,Chemise garçon à manches longues avec boutons sur le devant – SHI24SECS31102TB1 - White / 12,99.0,299.0,67.0,En stock,,0.0,,1,0,0.8058,0.67,0.6354,1,4.605170185988092,low-cost,1,7,0,4,Low-cost,-0.1970023140488059,1.8692967742535769,0
Justyol,Shopify,Enfants,Kids Babies All,TOWN TEAM,Chemise garçon à manches longues avec boutons sur le devant – SHI24SECS31102TB1 - Beige / 16,99.0,299.0,67.0,En stock,,0.0,,1,0,0.8058,0.67,0.6354,1,4.605170185988092,low-cost,1,7,0,4,Low-cost,-0.1970023140488059,1.8692967742535769,0
Justyol,Shopify,Enfants,Kids Babies All,TOWN TEAM,Chemise garçon à manches longues avec boutons sur le devant – SHI24SECS31102TB1 - Navy / 12,99.0,299.0,67.0,En stock,,0.0,,1,0,0.8058,0.67,0.6354,1,4.605170185988092,low-cost,1,7,0,4,Low-cost,-0.1970023140488059,1.8692967742535769,0
Justyol,Shopify,Enfants,Kids Babies All,TOWN TEAM,Chemise pour garçon avec col traditionnel et boutons à l'avant - SHI24SEXS19475TB1 - Orange / 12,99.0,299.0,67.0,En stock,,0.0,,1,0,0.8058,0.67,0.6354,1,4.605170185988092,low-cost,1,7,0,4,Low-cost,-0.1970023140488059,1.8692967742535769,0
Justyol,Shopify,Enfants,Kids Babies All,TOWN TEAM,Chemise garçon à manches longues avec boutons sur le devant – SHI24SECS31102TB1 - Beige / 12,99.0,299.0,67.0,En stock,,0.0,,1,0,0.8058,0.67,0.6354,1,4.605170185988092,low-cost,1,7,0,4,Low-cost,-0.1970023140488059,1.8692967742535769,0
Justyol,Shopify,Ventes Flash,All Best Selling,MU GROUP,"Sac à Maquillage Femme – Sac Cosmétique en Corduroy Doux, Sac Tendance Large Capacité avec Poignée - Camel",65.0,118.0,45.0,En stock,,0.0,,1,0,0.9809,0.45,0.6352,1,4.189654742026425,low-cost,1,20,0,0,Mid-range,-0.2664993519766625,1.7536675124355867,0
Justyol,Shopify,Ventes Flash,All Best Selling,MU GROUP,"Sac à Maquillage Femme – Sac Cosmétique en Corduroy Doux, Sac Tendance Large Capacité avec Poignée - black",65.0,118.0,45.0,En stock,,0.0,,1,0,0.9809,0.45,0.6352,1,4.189654742026425,low-cost,1,20,0,0,Mid-range,-0.2664993519766625,1.7536675124355867,0
Justyol,Shopify,Ventes Flash,All Best Selling,JMEN,T-shirt homme oversize imprimé en coton épais 100 % au toucher doux- 88355 - bleu marine / xl,108.0,262.0,59.0,En stock,,0.0,,1,0,0.8642,0.59,0.634,1,4.691347882229144,mid-range,1,20,0,0,Mid-range,0.0567266184674312,1.712132553475137,0
Justyol,Shopify,Ventes Flash,All Best Selling,JMEN,t‑shirt homme demi‑zip poche premium - noir / s,110.0,265.78,59.0,En stock,,0.0,,1,0,0.8631,0.59,0.6338,1,4.709530201312334,mid-range,1,20,0,0,Mid-range,0.0643431964735597,1.699178716118044,0
Justyol,Shopify,Ventes Flash,All Best Selling,JMEN,t‑shirt homme demi‑zip poche premium - beige / m,110.0,265.78,59.0,En stock,,0.0,,1,0,0.8631,0.59,0.6338,1,4.709530201312334,mid-range,1,20,0,0,Mid-range,0.0643431964735597,1.699178716118044,0
Justyol,Shopify,Ventes Flash,All Best Selling,JMEN,t‑shirt homme demi‑zip poche premium - noir / xl,110.0,265.78,59.0,En stock,,0.0,,1,0,0.8631,0.59,0.6338,1,4.709530201312334,mid-range,1,20,0,0,Mid-range,0.0643431964735597,1.699178716118044,0
Justyol,Shopify,Ventes Flash,All Best Selling,JMEN,t‑shirt homme demi‑zip poche premium - beige / xl,110.0,265.78,59.0,En stock,,0.0,,1,0,0.8631,0.59,0.6338,1,4.709530201312334,mid-range,1,20,0,0,Mid-range,0.0643431964735597,1.699178716118044,0
Justyol,Shopify,Ventes Flash,All Best Selling,JMEN,t‑shirt homme demi‑zip poche premium - noir / l,110.0,265.78,59.0,En stock,,0.0,,1,0,0.8631,0.59,0.6338,1,4.709530201312334,mid-range,1,20,0,0,Mid-range,0.0643431964735597,1.699178716118044,0
Justyol,Shopify,Ventes Flash,All Best Selling,JMEN,Jogging homme Davin avec taille élastique et coupe droite - kirçilli siyah / l,118.2,318.0,63.0,En stock,,0.0,,1,0,0.8294,0.63,0.6334,1,4.7808027546312495,mid-range,1,20,0,0,Mid-range,0.123905531735795,1.7354068312604454,0
Justyol,Shopify,Ventes Flash,All Best Selling,JWOMEN,Legging Femme Slim Fit Taille Haute avec Imprimé Détails - koyu gri / m,114.0,301.4,62.0,En stock,,0.0,,1,0,0.8373,0.62,0.6333,1,4.74493212836325,mid-range,1,20,0,0,Mid-range,0.1002341185754464,1.7376873255753946,0
Lhmiza,WooCommerce,Maquillage,Maquillage,,"Organisateur mural de maquillage pour salle de bain, boîte de rangement cosmétiques",300.0,199.0,34.0,En stock,Oui,0.0,,1,1,0.0538,0.34,0.6315,1,5.707110264748875,mid-range,4,14,1,1,Premium,2.9522876759184538,-0.0779725156296206,2
Justyol,Shopify,Enfants,Kids Babies All,TOWN TEAM,T-shirt fille lilas Hey Girls imprimé all-over manches courtes - TSH24SXXX70531MG1 - LILAC / 5,79.0,149.0,47.0,En stock,,0.0,,1,0,0.9478,0.47,0.631,1,4.382026634673881,low-cost,1,7,0,4,Low-cost,-0.4540961062814815,1.5743792730475086,0
Justyol,Shopify,Enfants,Kids Babies All,TOWN TEAM,"T-shirt Filles ""Fruits et Fleurs"" - TSH24SPRS70513MG1 - White / 7",79.0,149.0,47.0,En stock,,0.0,,1,0,0.9478,0.47,0.631,1,4.382026634673881,low-cost,1,7,0,4,Low-cost,-0.4540961062814815,1.5743792730475086,0
Justyol,Shopify,Enfants,Kids Babies All,TOWN TEAM,"T-shirt Filles ""Fruits et Fleurs"" - TSH24SPRS70513MG1 - White / 6",79.0,149.0,47.0,En stock,,0.0,,1,0,0.9478,0.47,0.631,1,4.382026634673881,low-cost,1,7,0,4,Low-cost,-0.4540961062814815,1.5743792730475086,0
Justyol,Shopify,Enfants,Kids Babies All,TOWN TEAM,T-shirt fille lilas Hey Girls imprimé all-over manches courtes - TSH24SXXX70531MG1 - LILAC / 6,79.0,149.0,47.0,En stock,,0.0,,1,0,0.9478,0.47,0.631,1,4.382026634673881,low-cost,1,7,0,4,Low-cost,-0.4540961062814815,1.5743792730475086,0
Justyol,Shopify,Enfants,Kids Babies All,TOWN TEAM,T-shirt ado fille lilas imprimé all-over – manches courtes - TSH24SXXX70531MR1 - LILAC / 12,79.0,149.0,47.0,En stock,,0.0,,1,0,0.9478,0.47,0.631,1,4.382026634673881,low-cost,1,7,0,4,Low-cost,-0.4540961062814815,1.5743792730475086,0
Justyol,Shopify,Enfants,Kids Babies All,TOWN TEAM,T-shirt fille lilas Hey Girls imprimé all-over manches courtes - TSH24SXXX70531MG1 - LILAC / 4,79.0,149.0,47.0,En stock,,0.0,,1,0,0.9478,0.47,0.631,1,4.382026634673881,low-cost,1,7,0,4,Low-cost,-0.4540961062814815,1.5743792730475086,0
Justyol,Shopify,Enfants,Kids Babies All,TOWN TEAM,T-shirt fille lilas Hey Girls imprimé all-over manches courtes - TSH24SXXX70531MG1 - LILAC / 7,79.0,149.0,47.0,En stock,,0.0,,1,0,0.9478,0.47,0.631,1,4.382026634673881,low-cost,1,7,0,4,Low-cost,-0.4540961062814815,1.5743792730475086,0
Justyol,Shopify,Enfants,Kids Babies All,TOWN TEAM,T-shirt fille lilas Hey Girls imprimé all-over manches courtes - TSH24SXXX70531MG1 - LILAC / 8,79.0,149.0,47.0,En stock,,0.0,,1,0,0.9478,0.47,0.631,1,4.382026634673881,low-cost,1,7,0,4,Low-cost,-0.4540961062814815,1.5743792730475086,0
Justyol,Shopify,Enfants,Kids Babies All,TOWN TEAM,T-shirt ado fille lilas imprimé all-over – manches courtes - TSH24SXXX70531MR1 - LILAC / 9,79.0,149.0,47.0,En stock,,0.0,,1,0,0.9478,0.47,0.631,1,4.382026634673881,low-cost,1,7,0,4,Low-cost,-0.4540961062814815,1.5743792730475086,0
Justyol,Shopify,Enfants,Kids Babies All,TOWN TEAM,"T-shirt Filles ""Fruits et Fleurs"" - TSH24SPRS70513MG1 - White / 8",79.0,149.0,47.0,En stock,,0.0,,1,0,0.9478,0.47,0.631,1,4.382026634673881,low-cost,1,7,0,4,Low-cost,-0.4540961062814815,1.5743792730475086,0
Justyol,Shopify,Enfants,Kids Babies All,TOWN TEAM,"T-shirt Filles ""Fruits et Fleurs"" - TSH24SPRS70513MG1 - White / 4",79.0,149.0,47.0,En stock,,0.0,,1,0,0.9478,0.47,0.631,1,4.382026634673881,low-cost,1,7,0,4,Low-cost,-0.4540961062814815,1.5743792730475086,0
Justyol,Shopify,Enfants,Kids Babies All,TOWN TEAM,"T-shirt Filles ""Fruits et Fleurs"" - TSH24SPRS70513MG1 - White / 5",79.0,149.0,47.0,En stock,,0.0,,1,0,0.9478,0.47,0.631,1,4.382026634673881,low-cost,1,7,0,4,Low-cost,-0.4540961062814815,1.5743792730475086,0
Justyol,Shopify,Ventes Flash,All Best Selling,MU GROUP,"Organisateur de Maquillage Femme – Trousse de Voyage Cosmétique de Luxe, Sac de Rangement pour Cosmétiques avec Fermeture à Zip - black",75.0,133.0,44.0,En stock,,0.0,,1,0,0.9708,0.44,0.6307,1,4.330733340286331,low-cost,1,20,0,0,Mid-range,-0.2235486349481288,1.620501416593359,0
Justyol,Shopify,Ventes Flash,All Best Selling,MU GROUP,"Organisateur de Maquillage Femme – Trousse de Voyage Cosmétique de Luxe, Sac de Rangement pour Cosmétiques avec Fermeture à Zip - pink",75.0,133.0,44.0,En stock,,0.0,,1,0,0.9708,0.44,0.6307,1,4.330733340286331,low-cost,1,20,0,0,Mid-range,-0.2235486349481288,1.620501416593359,0
Justyol,Shopify,Ventes Flash,All Best Selling,MU GROUP,"Sac à Main Femme Été – Sac à Poignée Plissée PU, Sac Hobo de Mode et Sac à Bandoulière - Black / 28x17x7cm",75.0,133.0,44.0,En stock,,0.0,,1,0,0.9708,0.44,0.6307,1,4.330733340286331,low-cost,1,20,0,0,Mid-range,-0.2235486349481288,1.620501416593359,0
Lasolda,WooCommerce,Beauté & Sport,Beauté & Sport,,Pack Soin et Nettoyage Bro...,499.0,739.0,32.0,En stock,Oui,0.0,,1,1,0.0649,0.32,0.6302,1,6.214608098422191,mid-range,3,2,1,1,Premium,2.50536998314378,-0.445570434846794,3
Lasolda,WooCommerce,Beauté & Sport,Beauté & Sport,,Rasoir Électrique Homme HTC...,299.0,329.0,9.0,En stock,Oui,0.0,,1,1,0.2443,0.09,0.6291,1,5.703782474656201,mid-range,3,2,1,1,Premium,2.10678147488908,-0.5991661585399175,3
Justyol,Shopify,Femme,Women,JWOMEN,Blouse tricotée à col polo 4320 - blanc / 40,76.2,218.0,65.0,En stock,,0.0,,1,0,0.7902,0.65,0.6276,1,4.3463994570307305,low-cost,1,8,0,4,Low-cost,-0.3309824324258292,1.976109556087683,0
Justyol,Shopify,Ventes Flash,All Best Selling,GARBALIA,Portefeuille femme vegan zippé avec porte-monnaie et multi-compartiments – Peru - Vison / STD,79.0,142.27,44.0,En stock,,0.0,,1,0,0.954,0.44,0.6265,1,4.382026634673881,low-cost,1,20,0,0,Mid-range,-0.2131783239834333,1.5700576255644227,0
Justyol,Shopify,Ventes Flash,All Best Selling,TOWN TEAM,Sweat-shirt homme zippé avec capuche – SWS24WZPK26741TM1 - Charcoal / 6XL,149.0,599.0,75.0,En stock,,0.0,,1,0,0.7037,0.75,0.6259,1,5.010635294096256,mid-range,1,20,0,0,Mid-range,0.2905774677141607,1.809268888119144,0
Justyol,Shopify,Ventes Flash,All Best Selling,TOWN TEAM,Sweat-shirt homme zippé avec capuche – SWS24WZPK26741TM1 - Jeans / 6XL,149.0,599.0,75.0,En stock,,0.0,,1,0,0.7037,0.75,0.6259,1,5.010635294096256,mid-range,1,20,0,0,Mid-range,0.2905774677141607,1.809268888119144,0
Justyol,Shopify,Ventes Flash,All Best Selling,TOWN TEAM,Sweat-shirt homme zippé avec capuche – SWS24WZPK26741TM1 - Charcoal / 7XL,149.0,599.0,75.0,En stock,,0.0,,1,0,0.7037,0.75,0.6259,1,5.010635294096256,mid-range,1,20,0,0,Mid-range,0.2905774677141607,1.809268888119144,0
Justyol,Shopify,Ventes Flash,All Best Selling,TOWN TEAM,Sweat-shirt homme zippé avec capuche – SWS24WZPK26741TM1 - Grey / 7XL,149.0,599.0,75.0,En stock,,0.0,,1,0,0.7037,0.75,0.6259,1,5.010635294096256,mid-range,1,20,0,0,Mid-range,0.2905774677141607,1.809268888119144,0
Justyol,Shopify,Ventes Flash,All Best Selling,TOWN TEAM,Sweat-shirt homme zippé avec capuche – SWS24WZPK26741TM1 - Jeans / 5XL,149.0,599.0,75.0,En stock,,0.0,,1,0,0.7037,0.75,0.6259,1,5.010635294096256,mid-range,1,20,0,0,Mid-range,0.2905774677141607,1.809268888119144,0
Justyol,Shopify,Enfants,Kids Babies All,TOWN TEAM,"Pantalon Homme avec Imprimé Graffiti - Moderne, Confortable et Pratique - SWP24WMPS31398TB1 - Black / 10",99.0,259.0,62.0,En stock,,0.0,,1,0,0.8058,0.62,0.6254,1,4.605170185988092,low-cost,1,7,0,4,Low-cost,-0.2632427070532792,1.724142823850196,0
Justyol,Shopify,Enfants,Kids Babies All,TOWN TEAM,Pantalon de sport garçon noir en matière confortable – SWP23WSNS31388TB1 - Black / 6,99.0,259.0,62.0,En stock,,0.0,,1,0,0.8058,0.62,0.6254,1,4.605170185988092,low-cost,1,7,0,4,Low-cost,-0.2632427070532792,1.724142823850196,0
Justyol,Shopify,Enfants,Kids Babies All,TOWN TEAM,Pantalon de sport garçon noir en matière confortable – SWP23WSNS31388TB1 - Black / 4,99.0,259.0,62.0,En stock,,0.0,,1,0,0.8058,0.62,0.6254,1,4.605170185988092,low-cost,1,7,0,4,Low-cost,-0.2632427070532792,1.724142823850196,0
Justyol,Shopify,Enfants,Kids Babies All,TOWN TEAM,Jeans Garçon Large avec Détails Distressed – Look Moderne et Confort pour le Quotidien - JNS23SLCW22652TB1 - Black / 10,99.0,259.0,62.0,En stock,,0.0,,1,0,0.8058,0.62,0.6254,1,4.605170185988092,low-cost,1,7,0,4,Low-cost,-0.2632427070532792,1.724142823850196,0
Justyol,Shopify,Ventes Flash,All Best Selling,MU GROUP,Sac Poignet Unisexe Retro en Cuir PU – Petit Sac - s,79.0,138.6,43.0,En stock,,0.0,,1,0,0.954,0.43,0.6245,1,4.382026634673881,low-cost,1,20,0,0,Mid-range,-0.2264264025843275,1.541026835483747,0
Justyol,Shopify,Ventes Flash,All Best Selling,MU GROUP,Sac Poignet Unisexe Retro en Cuir PU – Petit Sac - l,79.0,138.6,43.0,En stock,,0.0,,1,0,0.954,0.43,0.6245,1,4.382026634673881,low-cost,1,20,0,0,Mid-range,-0.2264264025843275,1.541026835483747,0
Justyol,Shopify,Ventes Flash,All Best Selling,MU GROUP,"Petit Sac Messenger Femme – Sac à Bandoulière avec Broderie, Sac à Main Mode avec Chaîne Tendance - white",79.0,139.0,43.0,En stock,,0.0,,1,0,0.954,0.43,0.6245,1,4.382026634673881,low-cost,1,20,0,0,Mid-range,-0.2264264025843275,1.541026835483747,0
Justyol,Shopify,Ventes Flash,All Best Selling,JHOME,Boîte repas carrée à 2 niveaux – lunch box – set de rangement – gamelle alimentaire - Pink,59.0,96.0,39.0,En stock,,0.0,,1,0,0.9854,0.39,0.6244,1,4.0943445622221,low-cost,1,20,0,0,Mid-range,-0.3854497114800693,1.6479653531209573,0
Lasolda,WooCommerce,Beauté & Sport,Beauté & Sport,,Pistolet massage musculaire...,499.0,699.0,29.0,En stock,Oui,0.0,,1,1,0.0649,0.29,0.6242,1,6.214608098422191,mid-range,3,2,1,1,Premium,2.465625747341096,-0.5326628050888227,3
Justyol,Shopify,Ventes Flash,All Best Selling,JMEN,Chemise homme en tissu Şile avec poches utilitaires-31747 - vert / L,117.0,279.64,58.0,En stock,,0.0,,1,0,0.8316,0.58,0.6239,1,4.770684624465665,mid-range,1,20,0,0,Mid-range,0.0546151168021157,1.5989475448541164,0
Justyol,Shopify,Ventes Flash,All Best Selling,JKIDS,Ensemble Garçon T-shirt et Short en Coton Motif Hawaï - lacivert / 10 y,117.6,281.2,58.0,En stock,,0.0,,1,0,0.8305,0.58,0.6236,1,4.775756486563625,mid-range,1,20,0,0,Mid-range,0.0559930433150169,1.5944004742614828,0
Lasolda,WooCommerce,Beauté & Sport,Beauté & Sport,,Pulvérisateur Injecteur D&#...,399.0,500.0,20.0,En stock,Oui,0.0,,1,1,0.1336,0.2,0.6234,1,5.991464547107982,mid-range,3,2,1,1,Premium,2.298002632132599,-0.5785883612853621,3
Justyol,Shopify,Ventes Flash,All Best Selling,JMEN,pull viscose homme col V confort - kaki / L,119.0,283.6,58.0,En stock,,0.0,,1,0,0.8283,0.58,0.6231,1,4.787491742782046,mid-range,1,20,0,0,Mid-range,0.059774866426728,1.584621709227778,0
Justyol,Shopify,Ventes Flash,All Best Selling,JMEN,JUSTYOL Short homme été coupe ajustée style casual tendance - vert / S,119.0,283.6,58.0,En stock,,0.0,,1,0,0.8283,0.58,0.6231,1,4.787491742782046,mid-range,1,20,0,0,Mid-range,0.059774866426728,1.584621709227778,0
Justyol,Shopify,Ventes Flash,All Best Selling,JMEN,JUSTYOL Short homme été coupe ajustée style casual tendance - bleu / L,119.0,283.6,58.0,En stock,,0.0,,1,0,0.8283,0.58,0.6231,1,4.787491742782046,mid-range,1,20,0,0,Mid-range,0.059774866426728,1.584621709227778,0
Justyol,Shopify,Ventes Flash,All Best Selling,JMEN,JUSTYOL Short homme été coupe ajustée style casual tendance - jaune / L,119.0,283.6,58.0,En stock,,0.0,,1,0,0.8283,0.58,0.6231,1,4.787491742782046,mid-range,1,20,0,0,Mid-range,0.059774866426728,1.584621709227778,0
Justyol,Shopify,Ventes Flash,All Best Selling,JMEN,JUSTYOL Short homme été coupe ajustée style casual tendance - vert / L,119.0,283.6,58.0,En stock,,0.0,,1,0,0.8283,0.58,0.6231,1,4.787491742782046,mid-range,1,20,0,0,Mid-range,0.059774866426728,1.584621709227778,0
Justyol,Shopify,Ventes Flash,All Best Selling,JMEN,t‑shirt oversize homme tricot rayé - vert / L,119.0,283.6,58.0,En stock,,0.0,,1,0,0.8283,0.58,0.6231,1,4.787491742782046,mid-range,1,20,0,0,Mid-range,0.059774866426728,1.584621709227778,0
Justyol,Shopify,Ventes Flash,All Best Selling,JMEN,t‑shirt oversize homme tricot rayé - beige / M,119.0,283.6,58.0,En stock,,0.0,,1,0,0.8283,0.58,0.6231,1,4.787491742782046,mid-range,1,20,0,0,Mid-range,0.059774866426728,1.584621709227778,0
Justyol,Shopify,Ventes Flash,All Best Selling,JMEN,t‑shirt oversize homme tricot rayé - noir / M,119.0,283.6,58.0,En stock,,0.0,,1,0,0.8283,0.58,0.6231,1,4.787491742782046,mid-range,1,20,0,0,Mid-range,0.059774866426728,1.584621709227778,0
Justyol,Shopify,Ventes Flash,All Best Selling,JMEN,JUSTYOL Short homme été coupe ajustée style casual tendance - bleu / M,119.0,283.6,58.0,En stock,,0.0,,1,0,0.8283,0.58,0.6231,1,4.787491742782046,mid-range,1,20,0,0,Mid-range,0.059774866426728,1.584621709227778,0
Justyol,Shopify,Ventes Flash,All Best Selling,JMEN,JUSTYOL Short homme été coupe ajustée style casual tendance - vert / XL,119.0,283.6,58.0,En stock,,0.0,,1,0,0.8283,0.58,0.6231,1,4.787491742782046,mid-range,1,20,0,0,Mid-range,0.059774866426728,1.584621709227778,0
Justyol,Shopify,Ventes Flash,All Best Selling,JMEN,JUSTYOL Short homme été coupe ajustée style casual tendance - bleu / S,119.0,283.6,58.0,En stock,,0.0,,1,0,0.8283,0.58,0.6231,1,4.787491742782046,mid-range,1,20,0,0,Mid-range,0.059774866426728,1.584621709227778,0
Justyol,Shopify,Ventes Flash,All Best Selling,JMEN,JUSTYOL Short homme été coupe ajustée style casual tendance - orange / M,119.0,283.6,58.0,En stock,,0.0,,1,0,0.8283,0.58,0.6231,1,4.787491742782046,mid-range,1,20,0,0,Mid-range,0.059774866426728,1.584621709227778,0
Justyol,Shopify,Ventes Flash,All Best Selling,JMEN,JUSTYOL Short homme été coupe ajustée style casual tendance - orange / S,119.0,283.6,58.0,En stock,,0.0,,1,0,0.8283,0.58,0.6231,1,4.787491742782046,mid-range,1,20,0,0,Mid-range,0.059774866426728,1.584621709227778,0
Justyol,Shopify,Ventes Flash,All Best Selling,JMEN,JUSTYOL Short homme été coupe ajustée style casual tendance - orange / XL,119.0,283.6,58.0,En stock,,0.0,,1,0,0.8283,0.58,0.6231,1,4.787491742782046,mid-range,1,20,0,0,Mid-range,0.059774866426728,1.584621709227778,0
Justyol,Shopify,Ventes Flash,All Best Selling,JMEN,JUSTYOL Short homme été coupe ajustée style casual tendance - orange / L,119.0,283.6,58.0,En stock,,0.0,,1,0,0.8283,0.58,0.6231,1,4.787491742782046,mid-range,1,20,0,0,Mid-range,0.059774866426728,1.584621709227778,0
Justyol,Shopify,Ventes Flash,All Best Selling,JMEN,JUSTYOL Short homme été coupe ajustée style casual tendance - jaune / S,119.0,283.6,58.0,En stock,,0.0,,1,0,0.8283,0.58,0.6231,1,4.787491742782046,mid-range,1,20,0,0,Mid-range,0.059774866426728,1.584621709227778,0
Justyol,Shopify,Ventes Flash,All Best Selling,JMEN,polo homme à rayures tricotées confortable - bleu marine / xl,119.0,283.6,58.0,En stock,,0.0,,1,0,0.8283,0.58,0.6231,1,4.787491742782046,mid-range,1,20,0,0,Mid-range,0.059774866426728,1.584621709227778,0
Justyol,Shopify,Ventes Flash,All Best Selling,JMEN,t‑shirt oversize homme tricot rayé - indigo bleu / M,119.0,283.6,58.0,En stock,,0.0,,1,0,0.8283,0.58,0.6231,1,4.787491742782046,mid-range,1,20,0,0,Mid-range,0.059774866426728,1.584621709227778,0
Justyol,Shopify,Ventes Flash,All Best Selling,JMEN,t‑shirt oversize homme tricot rayé - indigo bleu / L,119.0,283.6,58.0,En stock,,0.0,,1,0,0.8283,0.58,0.6231,1,4.787491742782046,mid-range,1,20,0,0,Mid-range,0.059774866426728,1.584621709227778,0
Justyol,Shopify,Enfants,Kids Babies All,JKIDS,Ensemble Garçon T-shirt Imprimé et Pantalon Jacquard à Carreaux - desenli / 3 ans,96.0,238.0,60.0,En stock,,0.0,,1,0,0.8101,0.6,0.6225,1,4.574710978503383,low-cost,1,7,0,4,Low-cost,-0.3001593671550609,1.6907062265906387,0
Justyol,Shopify,Enfants,Kids Babies All,JKIDS,T‑shirt garçon oversize coton doux avec poche - ekru / 13-14,96.0,238.0,60.0,En stock,,0.0,,1,0,0.8101,0.6,0.6225,1,4.574710978503383,low-cost,1,7,0,4,Low-cost,-0.3001593671550609,1.6907062265906387,0
Justyol,Shopify,Enfants,Kids Babies All,JKIDS,Ensemble Garçon T-shirt Vert Imprimé Crocodile et Pantalon Capri - yeşil / 2 y,97.8,241.6,60.0,En stock,,0.0,,1,0,0.809,0.6,0.6222,1,4.593097604753822,low-cost,1,7,0,4,Low-cost,-0.2927560846506045,1.677233104998345,0
Justyol,Shopify,Enfants,Kids Babies All,JKIDS,Ensemble Garçon T-shirt Bleu Imprimé Pelleteuse et Short en Coton - mavi / 6 y,97.8,241.6,60.0,En stock,,0.0,,1,0,0.809,0.6,0.6222,1,4.593097604753822,low-cost,1,7,0,4,Low-cost,-0.2927560846506045,1.677233104998345,0
Lasolda,WooCommerce,Beauté & Sport,Beauté & Sport,,Pack beauté :Appareil à vap...,449.0,599.0,25.0,En stock,Oui,0.0,,1,1,0.084,0.25,0.621,1,6.1092475827643655,mid-range,3,2,1,1,Premium,2.379630483805636,-0.5598022712987862,3
Lasolda,WooCommerce,Beauté & Sport,Beauté & Sport,,Coffret Beauté :Aspirateur ...,329.0,368.0,11.0,En stock,Oui,0.0,,1,1,0.1908,0.11,0.6197,1,5.799092654460526,mid-range,3,2,1,1,Premium,2.1354378956114584,-0.6562301106192149,3
Justyol,Shopify,Ventes Flash,All Best Selling,MU GROUP,Chaussure Femme Hiver Ouverte – Parfaite pour un Usage Quotidien - Powder / 40-41,89.0,154.0,42.0,En stock,,0.0,,1,0,0.9428,0.42,0.6197,1,4.499809670330265,low-cost,1,20,0,0,Mid-range,-0.1949349246458784,1.4223308350095216,0
Justyol,Shopify,Enfants,Kids Babies All,TOWN TEAM,"T-shirt Enfant avec Imprimé ""OUR RULES"" – Style Moderne et Confortable - TSH24SPRS32626TB1 - D-GREY / 12",99.0,239.0,59.0,En stock,,0.0,,1,0,0.8058,0.59,0.6194,1,4.605170185988092,low-cost,1,7,0,4,Low-cost,-0.302986942855963,1.6370504536081671,0
Justyol,Shopify,Enfants,Kids Babies All,TOWN TEAM,"T-shirt Garçon Blanc ""Batman vs Joker"" – Design Dynamique et Fun - TSH24SPRO32666TB1 - White / 14",99.0,239.0,59.0,En stock,,0.0,,1,0,0.8058,0.59,0.6194,1,4.605170185988092,low-cost,1,7,0,4,Low-cost,-0.302986942855963,1.6370504536081671,0
Justyol,Shopify,Enfants,Kids Babies All,TOWN TEAM,"T-shirt Garçon Blanc ""Batman vs Joker"" – Design Dynamique et Fun - TSH24SPRO32666TB1 - White / 12",99.0,239.0,59.0,En stock,,0.0,,1,0,0.8058,0.59,0.6194,1,4.605170185988092,low-cost,1,7,0,4,Low-cost,-0.302986942855963,1.6370504536081671,0
Justyol,Shopify,Enfants,Kids Babies All,TOWN TEAM,Short de bain pour enfants au design coloré - SWO24SSAE11397TB1 - Red / 12,99.0,239.0,59.0,En stock,,0.0,,1,0,0.8058,0.59,0.6194,1,4.605170185988092,low-cost,1,7,0,4,Low-cost,-0.302986942855963,1.6370504536081671,0
Justyol,Shopify,Enfants,Kids Babies All,TOWN TEAM,Short de bain pour enfants décoré d'étoiles de mer - SWO24SSAE11412TB1 - CYAN / 14,99.0,239.0,59.0,En stock,,0.0,,1,0,0.8058,0.59,0.6194,1,4.605170185988092,low-cost,1,7,0,4,Low-cost,-0.302986942855963,1.6370504536081671,0
Justyol,Shopify,Enfants,Kids Babies All,TOWN TEAM,Short de bain pour enfants au design coloré - SWO24SSAE11386TB1 - Blue / 14,99.0,239.0,59.0,En stock,,0.0,,1,0,0.8058,0.59,0.6194,1,4.605170185988092,low-cost,1,7,0,4,Low-cost,-0.302986942855963,1.6370504536081671,0
Justyol,Shopify,Enfants,Kids Babies All,TOWN TEAM,Short de bain pour enfants au design coloré - SWO24SSAE11397TB1 - Red / 6,99.0,239.0,59.0,En stock,,0.0,,1,0,0.8058,0.59,0.6194,1,4.605170185988092,low-cost,1,7,0,4,Low-cost,-0.302986942855963,1.6370504536081671,0
Justyol,Shopify,Enfants,Kids Babies All,TOWN TEAM,Short de bain pour enfants au design coloré - SWO24SSAE11397TB1 - Red / 8,99.0,239.0,59.0,En stock,,0.0,,1,0,0.8058,0.59,0.6194,1,4.605170185988092,low-cost,1,7,0,4,Low-cost,-0.302986942855963,1.6370504536081671,0
Justyol,Shopify,Enfants,Kids Babies All,TOWN TEAM,Short de bain pour enfants au design coloré - SWO24SSAE11397TB1 - Red / 14,99.0,239.0,59.0,En stock,,0.0,,1,0,0.8058,0.59,0.6194,1,4.605170185988092,low-cost,1,7,0,4,Low-cost,-0.302986942855963,1.6370504536081671,0
Justyol,Shopify,Enfants,Kids Babies All,TOWN TEAM,Short de bain pour enfants au design coloré - SWO24SSAE11386TB1 - Blue / 10,99.0,239.0,59.0,En stock,,0.0,,1,0,0.8058,0.59,0.6194,1,4.605170185988092,low-cost,1,7,0,4,Low-cost,-0.302986942855963,1.6370504536081671,0
Justyol,Shopify,Enfants,Kids Babies All,TOWN TEAM,Short de bain pour enfants au design coloré - SWO24SSAE11386TB1 - Blue / 6,99.0,239.0,59.0,En stock,,0.0,,1,0,0.8058,0.59,0.6194,1,4.605170185988092,low-cost,1,7,0,4,Low-cost,-0.302986942855963,1.6370504536081671,0
Justyol,Shopify,Enfants,Kids Babies All,TOWN TEAM,Short de bain pour enfants au design coloré - SWO24SSAE11397TB1 - Red / 10,99.0,239.0,59.0,En stock,,0.0,,1,0,0.8058,0.59,0.6194,1,4.605170185988092,low-cost,1,7,0,4,Low-cost,-0.302986942855963,1.6370504536081671,0
Justyol,Shopify,Enfants,Kids Babies All,TOWN TEAM,Short de bain pour enfants au design coloré - SWO24SSAE11386TB1 - Blue / 8,99.0,239.0,59.0,En stock,,0.0,,1,0,0.8058,0.59,0.6194,1,4.605170185988092,low-cost,1,7,0,4,Low-cost,-0.302986942855963,1.6370504536081671,0
Justyol,Shopify,Enfants,Kids Babies All,TOWN TEAM,Short de bain pour enfants de couleur bleue avec un design unique - SWO24SSAE11398TB1 - D-BLUE / 12,99.0,239.0,59.0,En stock,,0.0,,1,0,0.8058,0.59,0.6194,1,4.605170185988092,low-cost,1,7,0,4,Low-cost,-0.302986942855963,1.6370504536081671,0
Justyol,Shopify,Enfants,Kids Babies All,TOWN TEAM,T-shirt Enfant Blanc avec Imprimé Coloré et Logo Distinctif - TSH24SPRO20033TB1 - White / 10,99.0,239.0,59.0,En stock,,0.0,,1,0,0.8058,0.59,0.6194,1,4.605170185988092,low-cost,1,7,0,4,Low-cost,-0.302986942855963,1.6370504536081671,0
Justyol,Shopify,Enfants,Kids Babies All,TOWN TEAM,"T-shirt Enfant avec Imprimé ""OUR RULES"" – Style Moderne et Confortable - TSH24SPRS32626TB1 - D-GREY / 14",99.0,239.0,59.0,En stock,,0.0,,1,0,0.8058,0.59,0.6194,1,4.605170185988092,low-cost,1,7,0,4,Low-cost,-0.302986942855963,1.6370504536081671,0
Justyol,Shopify,Enfants,Kids Babies All,TOWN TEAM,Short de bain pour enfants de couleur bleue avec un design unique - SWO24SSAE11398TB1 - D-BLUE / 10,99.0,239.0,59.0,En stock,,0.0,,1,0,0.8058,0.59,0.6194,1,4.605170185988092,low-cost,1,7,0,4,Low-cost,-0.302986942855963,1.6370504536081671,0
Justyol,Shopify,Enfants,Kids Babies All,TOWN TEAM,T-shirt Enfant Noir à Imprimé Textuel -TSH24SARS32587TB1 - Black / 12,99.0,239.0,59.0,En stock,,0.0,,1,0,0.8058,0.59,0.6194,1,4.605170185988092,low-cost,1,7,0,4,Low-cost,-0.302986942855963,1.6370504536081671,0
Justyol,Shopify,Enfants,Kids Babies All,TOWN TEAM,"T-shirt Garçon Blanc ""Batman vs Joker"" – Design Dynamique et Fun - TSH24SPRO32666TB1 - White / 10",99.0,239.0,59.0,En stock,,0.0,,1,0,0.8058,0.59,0.6194,1,4.605170185988092,low-cost,1,7,0,4,Low-cost,-0.302986942855963,1.6370504536081671,0
Justyol,Shopify,Enfants,Kids Babies All,TOWN TEAM,Short de bain pour enfants décoré d'étoiles de mer - SWO24SSAE11412TB1 - CYAN / 8,99.0,239.0,59.0,En stock,,0.0,,1,0,0.8058,0.59,0.6194,1,4.605170185988092,low-cost,1,7,0,4,Low-cost,-0.302986942855963,1.6370504536081671,0
Justyol,Shopify,Enfants,Kids Babies All,TOWN TEAM,"T-shirt Garçon Blanc ""Batman vs Joker"" – Design Dynamique et Fun - TSH24SPRO32666TB1 - White / 8",99.0,239.0,59.0,En stock,,0.0,,1,0,0.8058,0.59,0.6194,1,4.605170185988092,low-cost,1,7,0,4,Low-cost,-0.302986942855963,1.6370504536081671,0
Justyol,Shopify,Enfants,Kids Babies All,TOWN TEAM,Short de bain pour enfants de couleur bleue avec un design unique - SWO24SSAE11398TB1 - D-BLUE / 8,99.0,239.0,59.0,En stock,,0.0,,1,0,0.8058,0.59,0.6194,1,4.605170185988092,low-cost,1,7,0,4,Low-cost,-0.302986942855963,1.6370504536081671,0
Justyol,Shopify,Enfants,Kids Babies All,TOWN TEAM,T-shirt Enfant Noir à Imprimé Textuel -TSH24SARS32587TB1 - Black / 14,99.0,239.0,59.0,En stock,,0.0,,1,0,0.8058,0.59,0.6194,1,4.605170185988092,low-cost,1,7,0,4,Low-cost,-0.302986942855963,1.6370504536081671,0
Justyol,Shopify,Enfants,Kids Babies All,TOWN TEAM,"T-shirt Garçon Blanc ""Batman vs Joker"" – Design Dynamique et Fun - TSH24SPRO32666TB1 - White / 16",99.0,239.0,59.0,En stock,,0.0,,1,0,0.8058,0.59,0.6194,1,4.605170185988092,low-cost,1,7,0,4,Low-cost,-0.302986942855963,1.6370504536081671,0
Justyol,Shopify,Enfants,Kids Babies All,TOWN TEAM,T-shirt Enfant Noir à Imprimé Textuel -TSH24SARS32587TB1 - Black / 10,99.0,239.0,59.0,En stock,,0.0,,1,0,0.8058,0.59,0.6194,1,4.605170185988092,low-cost,1,7,0,4,Low-cost,-0.302986942855963,1.6370504536081671,0
Justyol,Shopify,Enfants,Kids Babies All,TOWN TEAM,Short de bain pour enfants décoré d'étoiles de mer - SWO24SSAE11412TB1 - CYAN / 6,99.0,239.0,59.0,En stock,,0.0,,1,0,0.8058,0.59,0.6194,1,4.605170185988092,low-cost,1,7,0,4,Low-cost,-0.302986942855963,1.6370504536081671,0
Justyol,Shopify,Enfants,Kids Babies All,TOWN TEAM,Short de bain pour enfants de couleur bleue avec un design unique - SWO24SSAE11398TB1 - D-BLUE / 6,99.0,239.0,59.0,En stock,,0.0,,1,0,0.8058,0.59,0.6194,1,4.605170185988092,low-cost,1,7,0,4,Low-cost,-0.302986942855963,1.6370504536081671,0
Justyol,Shopify,Enfants,Kids Babies All,TOWN TEAM,T-shirt fille PLAY ALL DAY rose et jaune - TSH24SPRO70877MG1 - Rose / 4,89.0,179.0,50.0,En stock,,0.0,,1,0,0.8768,0.5,0.6192,1,4.499809670330265,low-cost,1,7,0,4,Low-cost,-0.4154749668625483,1.5144585422346497,0
Justyol,Shopify,Enfants,Kids Babies All,TOWN TEAM,T-shirt fille PLAY ALL DAY rose et jaune - TSH24SPRO70877MG1 - Rose / 6,89.0,179.0,50.0,En stock,,0.0,,1,0,0.8768,0.5,0.6192,1,4.499809670330265,low-cost,1,7,0,4,Low-cost,-0.4154749668625483,1.5144585422346497,0
Justyol,Shopify,Enfants,Kids Babies All,TOWN TEAM,T-shirt ado garçon imprimé océan streetwear manches courtes - TSH24SARO75247MJ1 - Yellow / 12,89.0,179.0,50.0,En stock,,0.0,,1,0,0.8768,0.5,0.6192,1,4.499809670330265,low-cost,1,7,0,4,Low-cost,-0.4154749668625483,1.5144585422346497,0
Justyol,Shopify,Enfants,Kids Babies All,TOWN TEAM,T-shirt garçon bleu imprimé all-over style street – manches courtes été - TSH24SARS75661MB1 - Blue / 8,89.0,179.0,50.0,En stock,,0.0,,1,0,0.8768,0.5,0.6192,1,4.499809670330265,low-cost,1,7,0,4,Low-cost,-0.4154749668625483,1.5144585422346497,0
Justyol,Shopify,Enfants,Kids Babies All,TOWN TEAM,"T-shirt ado garçon bleu imprimé street – col rond, style sporty - TSH24SARS75661MJ1 - Blue / 14",89.0,179.0,50.0,En stock,,0.0,,1,0,0.8768,0.5,0.6192,1,4.499809670330265,low-cost,1,7,0,4,Low-cost,-0.4154749668625483,1.5144585422346497,0
Justyol,Shopify,Enfants,Kids Babies All,TOWN TEAM,T-shirt Garçon Imprimé Cinéma – Popcorn & Tickets (Manches Courtes) - TSH24SARO75261MB1 - White / 7,89.0,179.0,50.0,En stock,,0.0,,1,0,0.8768,0.5,0.6192,1,4.499809670330265,low-cost,1,7,0,4,Low-cost,-0.4154749668625483,1.5144585422346497,0
Justyol,Shopify,Enfants,Kids Babies All,TOWN TEAM,T-shirt garçon imprimé summer surf Live More – manches courtes – TSH24SARO75248MB1 - Silver / 6,89.0,179.0,50.0,En stock,,0.0,,1,0,0.8768,0.5,0.6192,1,4.499809670330265,low-cost,1,7,0,4,Low-cost,-0.4154749668625483,1.5144585422346497,0
Justyol,Shopify,Enfants,Kids Babies All,TOWN TEAM,"T-shirt garçon imprimé graffiti Skater, manches courtes, coupe oversize - TSH24SARO75265MB1 - Silver / 6",89.0,179.0,50.0,En stock,,0.0,,1,0,0.8768,0.5,0.6192,1,4.499809670330265,low-cost,1,7,0,4,Low-cost,-0.4154749668625483,1.5144585422346497,0
Justyol,Shopify,Enfants,Kids Babies All,TOWN TEAM,"T-shirt garçon imprimé océans (crabe, pieuvre, étoile de mer) – manches courtes – TSH24SARO75247MB1 - Yellow / 6",89.0,179.0,50.0,En stock,,0.0,,1,0,0.8768,0.5,0.6192,1,4.499809670330265,low-cost,1,7,0,4,Low-cost,-0.4154749668625483,1.5144585422346497,0
Justyol,Shopify,Enfants,Kids Babies All,TOWN TEAM,"T-shirt ado garçon bleu imprimé street – col rond, style sporty - TSH24SARS75661MJ1 - Blue / 9",89.0,179.0,50.0,En stock,,0.0,,1,0,0.8768,0.5,0.6192,1,4.499809670330265,low-cost,1,7,0,4,Low-cost,-0.4154749668625483,1.5144585422346497,0
Justyol,Shopify,Enfants,Kids Babies All,TOWN TEAM,T-shirt garçon imprimé summer surf Live More – manches courtes – TSH24SARO75248MB1 - Silver / 5,89.0,179.0,50.0,En stock,,0.0,,1,0,0.8768,0.5,0.6192,1,4.499809670330265,low-cost,1,7,0,4,Low-cost,-0.4154749668625483,1.5144585422346497,0
Justyol,Shopify,Enfants,Kids Babies All,TOWN TEAM,T-shirt Garçon Imprimé Cinéma – Popcorn & Tickets (Manches Courtes) - TSH24SARO75261MB1 - White / 4,89.0,179.0,50.0,En stock,,0.0,,1,0,0.8768,0.5,0.6192,1,4.499809670330265,low-cost,1,7,0,4,Low-cost,-0.4154749668625483,1.5144585422346497,0
Justyol,Shopify,Enfants,Kids Babies All,TOWN TEAM,"T-shirt garçon imprimé graffiti Skater, manches courtes, coupe oversize - TSH24SARO75265MB1 - Green / 4",89.0,179.0,50.0,En stock,,0.0,,1,0,0.8768,0.5,0.6192,1,4.499809670330265,low-cost,1,7,0,4,Low-cost,-0.4154749668625483,1.5144585422346497,0
Justyol,Shopify,Enfants,Kids Babies All,TOWN TEAM,"T-shirt garçon imprimé océans (crabe, pieuvre, étoile de mer) – manches courtes – TSH24SARO75247MB1 - Yellow / 8",89.0,179.0,50.0,En stock,,0.0,,1,0,0.8768,0.5,0.6192,1,4.499809670330265,low-cost,1,7,0,4,Low-cost,-0.4154749668625483,1.5144585422346497,0
Justyol,Shopify,Enfants,Kids Babies All,TOWN TEAM,"T-shirt garçon imprimé océans (crabe, pieuvre, étoile de mer) – manches courtes – TSH24SARO75247MB1 - White / 8",89.0,179.0,50.0,En stock,,0.0,,1,0,0.8768,0.5,0.6192,1,4.499809670330265,low-cost,1,7,0,4,Low-cost,-0.4154749668625483,1.5144585422346497,0
Justyol,Shopify,Enfants,Kids Babies All,TOWN TEAM,T-shirt Garçon Imprimé Cinéma – Popcorn & Tickets (Manches Courtes) - TSH24SARO75261MB1 - White / 5,89.0,179.0,50.0,En stock,,0.0,,1,0,0.8768,0.5,0.6192,1,4.499809670330265,low-cost,1,7,0,4,Low-cost,-0.4154749668625483,1.5144585422346497,0
Justyol,Shopify,Enfants,Kids Babies All,TOWN TEAM,"T-shirt garçon imprimé graffiti Skater, manches courtes, coupe oversize - TSH24SARO75265MB1 - Silver / 5",89.0,179.0,50.0,En stock,,0.0,,1,0,0.8768,0.5,0.6192,1,4.499809670330265,low-cost,1,7,0,4,Low-cost,-0.4154749668625483,1.5144585422346497,0
Justyol,Shopify,Enfants,Kids Babies All,TOWN TEAM,"T-shirt garçon imprimé océans (crabe, pieuvre, étoile de mer) – manches courtes – TSH24SARO75247MB1 - Yellow / 5",89.0,179.0,50.0,En stock,,0.0,,1,0,0.8768,0.5,0.6192,1,4.499809670330265,low-cost,1,7,0,4,Low-cost,-0.4154749668625483,1.5144585422346497,0
Justyol,Shopify,Enfants,Kids Babies All,TOWN TEAM,T-shirt garçon imprimé summer surf Live More – manches courtes – TSH24SARO75248MB1 - Silver / 7,89.0,179.0,50.0,En stock,,0.0,,1,0,0.8768,0.5,0.6192,1,4.499809670330265,low-cost,1,7,0,4,Low-cost,-0.4154749668625483,1.5144585422346497,0
Justyol,Shopify,Enfants,Kids Babies All,TOWN TEAM,T-shirt Garçon Imprimé Cinéma – Popcorn & Tickets (Manches Courtes) - TSH24SARO75261MB1 - Green / 8,89.0,179.0,50.0,En stock,,0.0,,1,0,0.8768,0.5,0.6192,1,4.499809670330265,low-cost,1,7,0,4,Low-cost,-0.4154749668625483,1.5144585422346497,0
Justyol,Shopify,Enfants,Kids Babies All,TOWN TEAM,T-shirt garçon imprimé summer surf Live More – manches courtes – TSH24SARO75248MB1 - Mint / 4,89.0,179.0,50.0,En stock,,0.0,,1,0,0.8768,0.5,0.6192,1,4.499809670330265,low-cost,1,7,0,4,Low-cost,-0.4154749668625483,1.5144585422346497,0
Justyol,Shopify,Enfants,Kids Babies All,TOWN TEAM,"T-shirt garçon imprimé graffiti Skater, manches courtes, coupe oversize - TSH24SARO75265MB1 - Green / 7",89.0,179.0,50.0,En stock,,0.0,,1,0,0.8768,0.5,0.6192,1,4.499809670330265,low-cost,1,7,0,4,Low-cost,-0.4154749668625483,1.5144585422346497,0
Justyol,Shopify,Enfants,Kids Babies All,TOWN TEAM,T-shirt ado garçon imprimé océan streetwear manches courtes - TSH24SARO75247MJ1 - Yellow / 10,89.0,179.0,50.0,En stock,,0.0,,1,0,0.8768,0.5,0.6192,1,4.499809670330265,low-cost,1,7,0,4,Low-cost,-0.4154749668625483,1.5144585422346497,0
Justyol,Shopify,Enfants,Kids Babies All,TOWN TEAM,T-shirt garçon imprimé streetwear all-over manches courtes col rond - TSH24SARO75280MB1 - White / 5,89.0,179.0,50.0,En stock,,0.0,,1,0,0.8768,0.5,0.6192,1,4.499809670330265,low-cost,1,7,0,4,Low-cost,-0.4154749668625483,1.5144585422346497,0
Justyol,Shopify,Enfants,Kids Babies All,TOWN TEAM,T-shirt ado garçon imprimé océan streetwear manches courtes - TSH24SARO75247MJ1 - Yellow / 14,89.0,179.0,50.0,En stock,,0.0,,1,0,0.8768,0.5,0.6192,1,4.499809670330265,low-cost,1,7,0,4,Low-cost,-0.4154749668625483,1.5144585422346497,0
Justyol,Shopify,Enfants,Kids Babies All,TOWN TEAM,T-shirt garçon imprimé streetwear all-over manches courtes col rond - TSH24SARO75280MB1 - White / 6,89.0,179.0,50.0,En stock,,0.0,,1,0,0.8768,0.5,0.6192,1,4.499809670330265,low-cost,1,7,0,4,Low-cost,-0.4154749668625483,1.5144585422346497,0
Justyol,Shopify,Enfants,Kids Babies All,TOWN TEAM,T-shirt fille PLAY ALL DAY rose et jaune - TSH24SPRO70877MG1 - Yellow / 7,89.0,179.0,50.0,En stock,,0.0,,1,0,0.8768,0.5,0.6192,1,4.499809670330265,low-cost,1,7,0,4,Low-cost,-0.4154749668625483,1.5144585422346497,0
Justyol,Shopify,Enfants,Kids Babies All,TOWN TEAM,T-shirt Garçon Imprimé Cinéma – Popcorn & Tickets (Manches Courtes) - TSH24SARO75261MB1 - Green / 6,89.0,179.0,50.0,En stock,,0.0,,1,0,0.8768,0.5,0.6192,1,4.499809670330265,low-cost,1,7,0,4,Low-cost,-0.4154749668625483,1.5144585422346497,0
Justyol,Shopify,Enfants,Kids Babies All,TOWN TEAM,T-shirt garçon bleu imprimé all-over style street – manches courtes été - TSH24SARS75661MB1 - Blue / 7,89.0,179.0,50.0,En stock,,0.0,,1,0,0.8768,0.5,0.6192,1,4.499809670330265,low-cost,1,7,0,4,Low-cost,-0.4154749668625483,1.5144585422346497,0
Justyol,Shopify,Enfants,Kids Babies All,TOWN TEAM,"T-shirt ado garçon bleu imprimé street – col rond, style sporty - TSH24SARS75661MJ1 - Blue / 10",89.0,179.0,50.0,En stock,,0.0,,1,0,0.8768,0.5,0.6192,1,4.499809670330265,low-cost,1,7,0,4,Low-cost,-0.4154749668625483,1.5144585422346497,0
Justyol,Shopify,Enfants,Kids Babies All,TOWN TEAM,T-shirt garçon bleu imprimé all-over style street – manches courtes été - TSH24SARS75661MB1 - Blue / 6,89.0,179.0,50.0,En stock,,0.0,,1,0,0.8768,0.5,0.6192,1,4.499809670330265,low-cost,1,7,0,4,Low-cost,-0.4154749668625483,1.5144585422346497,0
Justyol,Shopify,Enfants,Kids Babies All,TOWN TEAM,T-shirt ado garçon imprimé océan streetwear manches courtes - TSH24SARO75247MJ1 - White / 12,89.0,179.0,50.0,En stock,,0.0,,1,0,0.8768,0.5,0.6192,1,4.499809670330265,low-cost,1,7,0,4,Low-cost,-0.4154749668625483,1.5144585422346497,0
Justyol,Shopify,Enfants,Kids Babies All,TOWN TEAM,T-shirt garçon imprimé streetwear all-over manches courtes col rond - TSH24SARO75280MB1 - White / 7,89.0,179.0,50.0,En stock,,0.0,,1,0,0.8768,0.5,0.6192,1,4.499809670330265,low-cost,1,7,0,4,Low-cost,-0.4154749668625483,1.5144585422346497,0
Justyol,Shopify,Enfants,Kids Babies All,TOWN TEAM,T-shirt ado garçon imprimé surf streetwear manches courtesTSH24SARO75248MJ1 - Silver / 9,89.0,179.0,50.0,En stock,,0.0,,1,0,0.8768,0.5,0.6192,1,4.499809670330265,low-cost,1,7,0,4,Low-cost,-0.4154749668625483,1.5144585422346497,0
Justyol,Shopify,Enfants,Kids Babies All,TOWN TEAM,T-shirt fille PLAY ALL DAY rose et jaune - TSH24SPRO70877MG1 - Rose / 5,89.0,179.0,50.0,En stock,,0.0,,1,0,0.8768,0.5,0.6192,1,4.499809670330265,low-cost,1,7,0,4,Low-cost,-0.4154749668625483,1.5144585422346497,0
Justyol,Shopify,Enfants,Kids Babies All,TOWN TEAM,T-shirt fille PLAY ALL DAY rose et jaune - TSH24SPRO70877MG1 - Yellow / 5,89.0,179.0,50.0,En stock,,0.0,,1,0,0.8768,0.5,0.6192,1,4.499809670330265,low-cost,1,7,0,4,Low-cost,-0.4154749668625483,1.5144585422346497,0
Justyol,Shopify,Enfants,Kids Babies All,TOWN TEAM,"T-shirt garçon imprimé graffiti Skater, manches courtes, coupe oversize - TSH24SARO75265MB1 - Green / 8",89.0,179.0,50.0,En stock,,0.0,,1,0,0.8768,0.5,0.6192,1,4.499809670330265,low-cost,1,7,0,4,Low-cost,-0.4154749668625483,1.5144585422346497,0
Justyol,Shopify,Enfants,Kids Babies All,TOWN TEAM,T-shirt garçon imprimé summer surf Live More – manches courtes – TSH24SARO75248MB1 - Mint / 6,89.0,179.0,50.0,En stock,,0.0,,1,0,0.8768,0.5,0.6192,1,4.499809670330265,low-cost,1,7,0,4,Low-cost,-0.4154749668625483,1.5144585422346497,0
Justyol,Shopify,Enfants,Kids Babies All,TOWN TEAM,"T-shirt garçon imprimé océans (crabe, pieuvre, étoile de mer) – manches courtes – TSH24SARO75247MB1 - Yellow / 7",89.0,179.0,50.0,En stock,,0.0,,1,0,0.8768,0.5,0.6192,1,4.499809670330265,low-cost,1,7,0,4,Low-cost,-0.4154749668625483,1.5144585422346497,0
Justyol,Shopify,Enfants,Kids Babies All,TOWN TEAM,"T-shirt garçon imprimé graffiti Skater, manches courtes, coupe oversize - TSH24SARO75265MB1 - Silver / 4",89.0,179.0,50.0,En stock,,0.0,,1,0,0.8768,0.5,0.6192,1,4.499809670330265,low-cost,1,7,0,4,Low-cost,-0.4154749668625483,1.5144585422346497,0
Justyol,Shopify,Enfants,Kids Babies All,TOWN TEAM,"T-shirt garçon imprimé océans (crabe, pieuvre, étoile de mer) – manches courtes – TSH24SARO75247MB1 - White / 4",89.0,179.0,50.0,En stock,,0.0,,1,0,0.8768,0.5,0.6192,1,4.499809670330265,low-cost,1,7,0,4,Low-cost,-0.4154749668625483,1.5144585422346497,0
Justyol,Shopify,Enfants,Kids Babies All,TOWN TEAM,T-shirt Garçon Imprimé Cinéma – Popcorn & Tickets (Manches Courtes) - TSH24SARO75261MB1 - Green / 4,89.0,179.0,50.0,En stock,,0.0,,1,0,0.8768,0.5,0.6192,1,4.499809670330265,low-cost,1,7,0,4,Low-cost,-0.4154749668625483,1.5144585422346497,0
Justyol,Shopify,Enfants,Kids Babies All,TOWN TEAM,T-shirt garçon imprimé summer surf Live More – manches courtes – TSH24SARO75248MB1 - Silver / 4,89.0,179.0,50.0,En stock,,0.0,,1,0,0.8768,0.5,0.6192,1,4.499809670330265,low-cost,1,7,0,4,Low-cost,-0.4154749668625483,1.5144585422346497,0
Justyol,Shopify,Enfants,Kids Babies All,TOWN TEAM,"T-shirt garçon imprimé graffiti Skater, manches courtes, coupe oversize - TSH24SARO75265MB1 - Green / 6",89.0,179.0,50.0,En stock,,0.0,,1,0,0.8768,0.5,0.6192,1,4.499809670330265,low-cost,1,7,0,4,Low-cost,-0.4154749668625483,1.5144585422346497,0
Justyol,Shopify,Enfants,Kids Babies All,TOWN TEAM,"T-shirt garçon imprimé océans (crabe, pieuvre, étoile de mer) – manches courtes – TSH24SARO75247MB1 - White / 6",89.0,179.0,50.0,En stock,,0.0,,1,0,0.8768,0.5,0.6192,1,4.499809670330265,low-cost,1,7,0,4,Low-cost,-0.4154749668625483,1.5144585422346497,0
Justyol,Shopify,Enfants,Kids Babies All,TOWN TEAM,T-shirt garçon imprimé summer surf Live More – manches courtes – TSH24SARO75248MB1 - Mint / 7,89.0,179.0,50.0,En stock,,0.0,,1,0,0.8768,0.5,0.6192,1,4.499809670330265,low-cost,1,7,0,4,Low-cost,-0.4154749668625483,1.5144585422346497,0
Justyol,Shopify,Enfants,Kids Babies All,TOWN TEAM,T-shirt Garçon Imprimé Cinéma – Popcorn & Tickets (Manches Courtes) - TSH24SARO75261MB1 - Green / 5,89.0,179.0,50.0,En stock,,0.0,,1,0,0.8768,0.5,0.6192,1,4.499809670330265,low-cost,1,7,0,4,Low-cost,-0.4154749668625483,1.5144585422346497,0
Justyol,Shopify,Enfants,Kids Babies All,TOWN TEAM,T-shirt fille PLAY ALL DAY rose et jaune - TSH24SPRO70877MG1 - Rose / 8,89.0,179.0,50.0,En stock,,0.0,,1,0,0.8768,0.5,0.6192,1,4.499809670330265,low-cost,1,7,0,4,Low-cost,-0.4154749668625483,1.5144585422346497,0
Justyol,Shopify,Enfants,Kids Babies All,TOWN TEAM,T-shirt fille PLAY ALL DAY rose et jaune - TSH24SPRO70877MG1 - Yellow / 4,89.0,179.0,50.0,En stock,,0.0,,1,0,0.8768,0.5,0.6192,1,4.499809670330265,low-cost,1,7,0,4,Low-cost,-0.4154749668625483,1.5144585422346497,0
Justyol,Shopify,Enfants,Kids Babies All,TOWN TEAM,T-shirt fille PLAY ALL DAY rose et jaune - TSH24SPRO70877MG1 - Yellow / 8,89.0,179.0,50.0,En stock,,0.0,,1,0,0.8768,0.5,0.6192,1,4.499809670330265,low-cost,1,7,0,4,Low-cost,-0.4154749668625483,1.5144585422346497,0
Justyol,Shopify,Enfants,Kids Babies All,TOWN TEAM,"T-shirt garçon imprimé graffiti Skater, manches courtes, coupe oversize - TSH24SARO75265MB1 - Green / 5",89.0,179.0,50.0,En stock,,0.0,,1,0,0.8768,0.5,0.6192,1,4.499809670330265,low-cost,1,7,0,4,Low-cost,-0.4154749668625483,1.5144585422346497,0
Justyol,Shopify,Enfants,Kids Babies All,TOWN TEAM,T-shirt ado garçon imprimé océan streetwear manches courtes - TSH24SARO75247MJ1 - White / 16,89.0,179.0,50.0,En stock,,0.0,,1,0,0.8768,0.5,0.6192,1,4.499809670330265,low-cost,1,7,0,4,Low-cost,-0.4154749668625483,1.5144585422346497,0
Justyol,Shopify,Enfants,Kids Babies All,TOWN TEAM,T-shirt garçon imprimé streetwear all-over manches courtes col rond - TSH24SARO75280MB1 - White / 4,89.0,179.0,50.0,En stock,,0.0,,1,0,0.8768,0.5,0.6192,1,4.499809670330265,low-cost,1,7,0,4,Low-cost,-0.4154749668625483,1.5144585422346497,0
Justyol,Shopify,Enfants,Kids Babies All,TOWN TEAM,T-shirt fille PLAY ALL DAY rose et jaune - TSH24SPRO70877MG1 - Rose / 7,89.0,179.0,50.0,En stock,,0.0,,1,0,0.8768,0.5,0.6192,1,4.499809670330265,low-cost,1,7,0,4,Low-cost,-0.4154749668625483,1.5144585422346497,0
Justyol,Shopify,Enfants,Kids Babies All,TOWN TEAM,T-shirt Garçon Imprimé Cinéma – Popcorn & Tickets (Manches Courtes) - TSH24SARO75261MB1 - White / 8,89.0,179.0,50.0,En stock,,0.0,,1,0,0.8768,0.5,0.6192,1,4.499809670330265,low-cost,1,7,0,4,Low-cost,-0.4154749668625483,1.5144585422346497,0
Justyol,Shopify,Enfants,Kids Babies All,TOWN TEAM,"T-shirt garçon imprimé océans (crabe, pieuvre, étoile de mer) – manches courtes – TSH24SARO75247MB1 - White / 7",89.0,179.0,50.0,En stock,,0.0,,1,0,0.8768,0.5,0.6192,1,4.499809670330265,low-cost,1,7,0,4,Low-cost,-0.4154749668625483,1.5144585422346497,0
Justyol,Shopify,Enfants,Kids Babies All,TOWN TEAM,T-shirt garçon imprimé summer surf Live More – manches courtes – TSH24SARO75248MB1 - Mint / 8,89.0,179.0,50.0,En stock,,0.0,,1,0,0.8768,0.5,0.6192,1,4.499809670330265,low-cost,1,7,0,4,Low-cost,-0.4154749668625483,1.5144585422346497,0
Justyol,Shopify,Enfants,Kids Babies All,TOWN TEAM,T-shirt ado garçon imprimé océan streetwear manches courtes - TSH24SARO75247MJ1 - Yellow / 9,89.0,179.0,50.0,En stock,,0.0,,1,0,0.8768,0.5,0.6192,1,4.499809670330265,low-cost,1,7,0,4,Low-cost,-0.4154749668625483,1.5144585422346497,0
Justyol,Shopify,Enfants,Kids Babies All,TOWN TEAM,T-shirt garçon imprimé streetwear all-over manches courtes col rond - TSH24SARO75280MB1 - Mauve / 8,89.0,179.0,50.0,En stock,,0.0,,1,0,0.8768,0.5,0.6192,1,4.499809670330265,low-cost,1,7,0,4,Low-cost,-0.4154749668625483,1.5144585422346497,0
Justyol,Shopify,Enfants,Kids Babies All,TOWN TEAM,T-shirt ado garçon imprimé océan streetwear manches courtes - TSH24SARO75247MJ1 - Yellow / 16,89.0,179.0,50.0,En stock,,0.0,,1,0,0.8768,0.5,0.6192,1,4.499809670330265,low-cost,1,7,0,4,Low-cost,-0.4154749668625483,1.5144585422346497,0
Justyol,Shopify,Enfants,Kids Babies All,TOWN TEAM,T-shirt garçon imprimé streetwear all-over manches courtes col rond - TSH24SARO75280MB1 - Mauve / 6,89.0,179.0,50.0,En stock,,0.0,,1,0,0.8768,0.5,0.6192,1,4.499809670330265,low-cost,1,7,0,4,Low-cost,-0.4154749668625483,1.5144585422346497,0
Justyol,Shopify,Enfants,Kids Babies All,TOWN TEAM,T-shirt ado garçon imprimé océan streetwear manches courtes - TSH24SARO75247MJ1 - White / 10,89.0,179.0,50.0,En stock,,0.0,,1,0,0.8768,0.5,0.6192,1,4.499809670330265,low-cost,1,7,0,4,Low-cost,-0.4154749668625483,1.5144585422346497,0
Justyol,Shopify,Enfants,Kids Babies All,TOWN TEAM,T-shirt garçon imprimé streetwear all-over manches courtes col rond - TSH24SARO75280MB1 - Mauve / 7,89.0,179.0,50.0,En stock,,0.0,,1,0,0.8768,0.5,0.6192,1,4.499809670330265,low-cost,1,7,0,4,Low-cost,-0.4154749668625483,1.5144585422346497,0
Justyol,Shopify,Enfants,Kids Babies All,TOWN TEAM,T-shirt ado garçon imprimé océan streetwear manches courtes - TSH24SARO75247MJ1 - White / 14,89.0,179.0,50.0,En stock,,0.0,,1,0,0.8768,0.5,0.6192,1,4.499809670330265,low-cost,1,7,0,4,Low-cost,-0.4154749668625483,1.5144585422346497,0
Justyol,Shopify,Enfants,Kids Babies All,TOWN TEAM,T-shirt garçon imprimé streetwear all-over manches courtes col rond - TSH24SARO75280MB1 - Mauve / 5,89.0,179.0,50.0,En stock,,0.0,,1,0,0.8768,0.5,0.6192,1,4.499809670330265,low-cost,1,7,0,4,Low-cost,-0.4154749668625483,1.5144585422346497,0
Justyol,Shopify,Enfants,Kids Babies All,TOWN TEAM,T-shirt garçon imprimé streetwear all-over manches courtes col rond - TSH24SARO75280MB1 - White / 8,89.0,179.0,50.0,En stock,,0.0,,1,0,0.8768,0.5,0.6192,1,4.499809670330265,low-cost,1,7,0,4,Low-cost,-0.4154749668625483,1.5144585422346497,0
Justyol,Shopify,Enfants,Kids Babies All,TOWN TEAM,T-shirt ado garçon imprimé océan streetwear manches courtes - TSH24SARO75247MJ1 - White / 9,89.0,179.0,50.0,En stock,,0.0,,1,0,0.8768,0.5,0.6192,1,4.499809670330265,low-cost,1,7,0,4,Low-cost,-0.4154749668625483,1.5144585422346497,0
Justyol,Shopify,Enfants,Kids Babies All,TOWN TEAM,T-shirt Garçon Imprimé Cinéma – Popcorn & Tickets (Manches Courtes) - TSH24SARO75261MB1 - Green / 7,89.0,179.0,50.0,En stock,,0.0,,1,0,0.8768,0.5,0.6192,1,4.499809670330265,low-cost,1,7,0,4,Low-cost,-0.4154749668625483,1.5144585422346497,0
Justyol,Shopify,Enfants,Kids Babies All,TOWN TEAM,T-shirt garçon bleu imprimé all-over style street – manches courtes été - TSH24SARS75661MB1 - Blue / 5,89.0,179.0,50.0,En stock,,0.0,,1,0,0.8768,0.5,0.6192,1,4.499809670330265,low-cost,1,7,0,4,Low-cost,-0.4154749668625483,1.5144585422346497,0
Justyol,Shopify,Enfants,Kids Babies All,TOWN TEAM,"T-shirt ado garçon bleu imprimé street – col rond, style sporty - TSH24SARS75661MJ1 - Blue / 16",89.0,179.0,50.0,En stock,,0.0,,1,0,0.8768,0.5,0.6192,1,4.499809670330265,low-cost,1,7,0,4,Low-cost,-0.4154749668625483,1.5144585422346497,0
Justyol,Shopify,Enfants,Kids Babies All,TOWN TEAM,T-shirt garçon bleu imprimé all-over style street – manches courtes été - TSH24SARS75661MB1 - Blue / 4,89.0,179.0,50.0,En stock,,0.0,,1,0,0.8768,0.5,0.6192,1,4.499809670330265,low-cost,1,7,0,4,Low-cost,-0.4154749668625483,1.5144585422346497,0
Justyol,Shopify,Enfants,Kids Babies All,TOWN TEAM,"T-shirt garçon imprimé graffiti Skater, manches courtes, coupe oversize - TSH24SARO75265MB1 - Silver / 7",89.0,179.0,50.0,En stock,,0.0,,1,0,0.8768,0.5,0.6192,1,4.499809670330265,low-cost,1,7,0,4,Low-cost,-0.4154749668625483,1.5144585422346497,0
Justyol,Shopify,Enfants,Kids Babies All,TOWN TEAM,"T-shirt garçon imprimé océans (crabe, pieuvre, étoile de mer) – manches courtes – TSH24SARO75247MB1 - Yellow / 4",89.0,179.0,50.0,En stock,,0.0,,1,0,0.8768,0.5,0.6192,1,4.499809670330265,low-cost,1,7,0,4,Low-cost,-0.4154749668625483,1.5144585422346497,0
Justyol,Shopify,Enfants,Kids Babies All,TOWN TEAM,T-shirt garçon imprimé summer surf Live More – manches courtes – TSH24SARO75248MB1 - Silver / 8,89.0,179.0,50.0,En stock,,0.0,,1,0,0.8768,0.5,0.6192,1,4.499809670330265,low-cost,1,7,0,4,Low-cost,-0.4154749668625483,1.5144585422346497,0
Justyol,Shopify,Enfants,Kids Babies All,TOWN TEAM,T-shirt Garçon Imprimé Cinéma – Popcorn & Tickets (Manches Courtes) - TSH24SARO75261MB1 - White / 6,89.0,179.0,50.0,En stock,,0.0,,1,0,0.8768,0.5,0.6192,1,4.499809670330265,low-cost,1,7,0,4,Low-cost,-0.4154749668625483,1.5144585422346497,0
Justyol,Shopify,Enfants,Kids Babies All,TOWN TEAM,"T-shirt garçon imprimé océans (crabe, pieuvre, étoile de mer) – manches courtes – TSH24SARO75247MB1 - White / 5",89.0,179.0,50.0,En stock,,0.0,,1,0,0.8768,0.5,0.6192,1,4.499809670330265,low-cost,1,7,0,4,Low-cost,-0.4154749668625483,1.5144585422346497,0
Justyol,Shopify,Enfants,Kids Babies All,TOWN TEAM,T-shirt garçon imprimé summer surf Live More – manches courtes – TSH24SARO75248MB1 - Mint / 5,89.0,179.0,50.0,En stock,,0.0,,1,0,0.8768,0.5,0.6192,1,4.499809670330265,low-cost,1,7,0,4,Low-cost,-0.4154749668625483,1.5144585422346497,0
Lasolda,WooCommerce,Beauté & Sport,Beauté & Sport,,Coffret Kit finition barbe ...,349.0,399.0,13.0,En stock,Oui,0.0,,1,1,0.1718,0.13,0.619,1,5.857933154483459,mid-range,3,2,1,1,Premium,2.174190960253684,-0.6555834699029469,3
Lasolda,WooCommerce,Beauté & Sport,Beauté & Sport,,Sèche Cheveux pliable 1600w...,289.0,299.0,3.0,En stock,Oui,0.0,,1,1,0.2481,0.03,0.618,1,5.66988092298052,mid-range,3,2,1,1,Premium,2.0147032276656294,-0.7471828502652801,3
Justyol,Shopify,Enfants,Kids Babies All,TOWN TEAM,Polo enfant au design moderne avec imprimé distinctif – POS25SPMW21079TJ1 - Black / 12,109.0,379.0,71.0,En stock,,0.0,,1,0,0.7031,0.71,0.6178,1,4.700480365792417,mid-range,1,7,0,4,Low-cost,-0.1791513605020886,1.8236514512644093,0
Justyol,Shopify,Enfants,Kids Babies All,TOWN TEAM,Polo pour enfants de couleur blanche avec un design moderne - POS25SPPR21053TB1 - OFF WHIT / 16,109.0,379.0,71.0,En stock,,0.0,,1,0,0.7031,0.71,0.6178,1,4.700480365792417,mid-range,1,7,0,4,Low-cost,-0.1791513605020886,1.8236514512644093,0
Justyol,Shopify,Enfants,Kids Babies All,TOWN TEAM,Polo enfant au design moderne avec imprimé distinctif – POS25SPMW21079TJ1 - Black / 14,109.0,379.0,71.0,En stock,,0.0,,1,0,0.7031,0.71,0.6178,1,4.700480365792417,mid-range,1,7,0,4,Low-cost,-0.1791513605020886,1.8236514512644093,0
Justyol,Shopify,Enfants,Kids Babies All,TOWN TEAM,Polo pour enfants de couleur blanche avec un design moderne - POS25SPPR21053TB1 - OFF WHIT / 12,109.0,379.0,71.0,En stock,,0.0,,1,0,0.7031,0.71,0.6178,1,4.700480365792417,mid-range,1,7,0,4,Low-cost,-0.1791513605020886,1.8236514512644093,0
Justyol,Shopify,Enfants,Kids Babies All,TOWN TEAM,Chemise enfant manches courtes à motifs lettres modernes - SSH25SARR19419TB1 - WHT/BLK / 10,109.0,379.0,71.0,En stock,,0.0,,1,0,0.7031,0.71,0.6178,1,4.700480365792417,mid-range,1,7,0,4,Low-cost,-0.1791513605020886,1.8236514512644093,0
Justyol,Shopify,Enfants,Kids Babies All,TOWN TEAM,Polo enfant à motifs modernes avec logo distinctif - POS24SAPR31300TB1 - Beige / 10,109.0,379.0,71.0,En stock,,0.0,,1,0,0.7031,0.71,0.6178,1,4.700480365792417,mid-range,1,7,0,4,Low-cost,-0.1791513605020886,1.8236514512644093,0
Justyol,Shopify,Enfants,Kids Babies All,TOWN TEAM,Polo enfant au design moderne avec imprimé distinctif – POS25SPMW21079TJ1 - Black / 16,109.0,379.0,71.0,En stock,,0.0,,1,0,0.7031,0.71,0.6178,1,4.700480365792417,mid-range,1,7,0,4,Low-cost,-0.1791513605020886,1.8236514512644093,0
Justyol,Shopify,Enfants,Kids Babies All,TOWN TEAM,Polo enfant garçon à fermeture zippée au design moderne – POS24SNTR21766TB1 - Black / 10,109.0,379.0,71.0,En stock,,0.0,,1,0,0.7031,0.71,0.6178,1,4.700480365792417,mid-range,1,7,0,4,Low-cost,-0.1791513605020886,1.8236514512644093,0
Justyol,Shopify,Enfants,Kids Babies All,TOWN TEAM,Polo enfant au design moderne avec imprimé distinctif – POS25SPMW21079TJ1 - Black / 10,109.0,379.0,71.0,En stock,,0.0,,1,0,0.7031,0.71,0.6178,1,4.700480365792417,mid-range,1,7,0,4,Low-cost,-0.1791513605020886,1.8236514512644093,0
Justyol,Shopify,Enfants,Kids Babies All,TOWN TEAM,Polo pour enfants de couleur blanche avec un design moderne - POS25SPPR21053TB1 - OFF WHIT / 14,109.0,379.0,71.0,En stock,,0.0,,1,0,0.7031,0.71,0.6178,1,4.700480365792417,mid-range,1,7,0,4,Low-cost,-0.1791513605020886,1.8236514512644093,0
Justyol,Shopify,Enfants,Kids Babies All,TOWN TEAM,Polo enfant garçon à fermeture zippée au design moderne – POS24SNTR21766TB1 - Black / 14,109.0,379.0,71.0,En stock,,0.0,,1,0,0.7031,0.71,0.6178,1,4.700480365792417,mid-range,1,7,0,4,Low-cost,-0.1791513605020886,1.8236514512644093,0
Justyol,Shopify,Enfants,Kids Babies All,TOWN TEAM,Polo enfant garçon à fermeture zippée au design moderne – POS24SNTR21766TB1 - Black / 12,109.0,379.0,71.0,En stock,,0.0,,1,0,0.7031,0.71,0.6178,1,4.700480365792417,mid-range,1,7,0,4,Low-cost,-0.1791513605020886,1.8236514512644093,0
Justyol,Shopify,Enfants,Kids Babies All,TOWN TEAM,Polo pour enfants de couleur blanche avec un design moderne - POS25SPPR21053TB1 - OFF WHIT / 6,109.0,379.0,71.0,En stock,,0.0,,1,0,0.7031,0.71,0.6178,1,4.700480365792417,mid-range,1,7,0,4,Low-cost,-0.1791513605020886,1.8236514512644093,0
Justyol,Shopify,Enfants,Kids Babies All,TOWN TEAM,Polo pour enfants de couleur blanche avec un design moderne - POS25SPPR21053TB1 - OFF WHIT / 10,109.0,379.0,71.0,En stock,,0.0,,1,0,0.7031,0.71,0.6178,1,4.700480365792417,mid-range,1,7,0,4,Low-cost,-0.1791513605020886,1.8236514512644093,0
Justyol,Shopify,Enfants,Kids Babies All,TOWN TEAM,Chemise enfant manches courtes à motifs lettres modernes - SSH25SARR19419TB1 - WHT/BLK / 12,109.0,379.0,71.0,En stock,,0.0,,1,0,0.7031,0.71,0.6178,1,4.700480365792417,mid-range,1,7,0,4,Low-cost,-0.1791513605020886,1.8236514512644093,0
Justyol,Shopify,Enfants,Kids Babies All,TOWN TEAM,Polo enfant à motifs modernes avec logo distinctif - POS24SAPR31300TB1 - Beige / 14,109.0,379.0,71.0,En stock,,0.0,,1,0,0.7031,0.71,0.6178,1,4.700480365792417,mid-range,1,7,0,4,Low-cost,-0.1791513605020886,1.8236514512644093,0
Justyol,Shopify,Enfants,Kids Babies All,TOWN TEAM,Chemise enfant manches courtes à motifs lettres modernes - SSH25SARR19419TB1 - WHT/BLK / 14,109.0,379.0,71.0,En stock,,0.0,,1,0,0.7031,0.71,0.6178,1,4.700480365792417,mid-range,1,7,0,4,Low-cost,-0.1791513605020886,1.8236514512644093,0
Justyol,Shopify,Enfants,Kids Babies All,TOWN TEAM,Polo enfant à motifs modernes avec logo distinctif - POS24SAPR31300TB1 - Beige / 12,109.0,379.0,71.0,En stock,,0.0,,1,0,0.7031,0.71,0.6178,1,4.700480365792417,mid-range,1,7,0,4,Low-cost,-0.1791513605020886,1.8236514512644093,0
Justyol,Shopify,Enfants,Kids Babies All,TOWN TEAM,Polo enfant garçon à fermeture zippée au design moderne – POS24SNTR21766TB1 - Black / 8,109.0,379.0,71.0,En stock,,0.0,,1,0,0.7031,0.71,0.6178,1,4.700480365792417,mid-range,1,7,0,4,Low-cost,-0.1791513605020886,1.8236514512644093,0
Justyol,Shopify,Enfants,Kids Babies All,TOWN TEAM,Polo enfant garçon à fermeture zippée au design moderne – POS24SNTR21766TB1 - Black / 16,109.0,379.0,71.0,En stock,,0.0,,1,0,0.7031,0.71,0.6178,1,4.700480365792417,mid-range,1,7,0,4,Low-cost,-0.1791513605020886,1.8236514512644093,0
Justyol,Shopify,Ventes Flash,All Best Selling,JKIDS,Robe fille Unicorn ailes 3D – Robe hiver épaisse avec détails scintillants - siyah / 3 y,137.0,391.0,65.0,En stock,,0.0,,1,0,0.743,0.65,0.6158,1,4.927253685157205,mid-range,1,20,0,0,Mid-range,0.150633191763003,1.612708580670828,0
Lasolda,WooCommerce,Maison,Maison,,Plaque Encastrable 5 Feux E...,1459.0,1.949,25.0,En stock,Oui,0.0,,1,1,0.0618,0.25,0.6155,1,7.286191714702382,premium,3,13,1,1,Premium,3.1290215437072426,-1.3046541737748925,2
Justyol,Shopify,Ventes Flash,All Best Selling,JMEN,Chemise homme côtelée col bowling manches courtes noire-31769 - noir / L,120.0,285.58,58.0,En stock,,0.0,,1,0,0.7957,0.58,0.6149,1,4.795790545596741,mid-range,1,20,0,0,Mid-range,0.0384587561281561,1.5477081156103687,0
Justyol,Shopify,Ventes Flash,All Best Selling,JMEN,Chemise homme côtelée col bowling manches courtes noire-31769 - blanc / L,120.0,285.58,58.0,En stock,,0.0,,1,0,0.7957,0.58,0.6149,1,4.795790545596741,mid-range,1,20,0,0,Mid-range,0.0384587561281561,1.5477081156103687,0
Justyol,Shopify,Ventes Flash,All Best Selling,JMEN,Short pour homme à jambes classiques avec détail sur la poche avant – 83092 - gb mélangé / l,122.0,290.8,58.0,En stock,,0.0,,1,0,0.7901,0.58,0.6135,1,4.812184355372417,mid-range,1,20,0,0,Mid-range,0.0415969643219947,1.531365441222828,0
Justyol,Shopify,Ventes Flash,All Best Selling,JKIDS,Ensemble jogging garçon hiver motif dinosaures Dino Park - lacivert / 3 y,124.8,295.6,58.0,En stock,,0.0,,1,0,0.789,0.58,0.6132,1,4.8346933442663405,mid-range,1,20,0,0,Mid-range,0.0508657475720015,1.5151287393843178,0
Justyol,Shopify,Femme,Women,JWOMEN,Pantalon femme ceinturé 6556 – Pantalon élégant en tissu stretch - gri / 40,107.4,409.0,74.0,En stock,,0.0,,1,0,0.66,0.74,0.613,1,4.685828089005546,mid-range,1,8,0,4,Low-cost,-0.1578222616067965,1.885201883988848,0
Justyol,Shopify,Ventes Flash,All Best Selling,JWOMEN,103901 Chemise oversize basique modeste pour femme - g.Vert / 38,144.0,407.0,65.0,En stock,,0.0,,1,0,0.7306,0.65,0.6126,1,4.976733742420574,mid-range,1,20,0,0,Mid-range,0.1632404652173945,1.5673035537934614,0
Justyol,Shopify,Ventes Flash,All Best Selling,JWOMEN,103901 Chemise oversize basique modeste pour femme - Vert d’eau / 36,144.0,407.0,65.0,En stock,,0.0,,1,0,0.7306,0.65,0.6126,1,4.976733742420574,mid-range,1,20,0,0,Mid-range,0.1632404652173945,1.5673035537934614,0
Justyol,Shopify,Ventes Flash,All Best Selling,JWOMEN,103901 Chemise oversize basique modeste pour femme - Vert / 36,144.0,407.0,65.0,En stock,,0.0,,1,0,0.7306,0.65,0.6126,1,4.976733742420574,mid-range,1,20,0,0,Mid-range,0.1632404652173945,1.5673035537934614,0
Justyol,Shopify,Ventes Flash,All Best Selling,JWOMEN,103901 Chemise oversize basique modeste pour femme - Rose / 42,144.0,407.0,65.0,En stock,,0.0,,1,0,0.7306,0.65,0.6126,1,4.976733742420574,mid-range,1,20,0,0,Mid-range,0.1632404652173945,1.5673035537934614,0
Justyol,Shopify,Ventes Flash,All Best Selling,JWOMEN,103901 Chemise oversize basique modeste pour femme - Vert / 38,144.0,407.0,65.0,En stock,,0.0,,1,0,0.7306,0.65,0.6126,1,4.976733742420574,mid-range,1,20,0,0,Mid-range,0.1632404652173945,1.5673035537934614,0
Justyol,Shopify,Ventes Flash,All Best Selling,JWOMEN,103901 Chemise oversize basique modeste pour femme - Rose / 36,144.0,407.0,65.0,En stock,,0.0,,1,0,0.7306,0.65,0.6126,1,4.976733742420574,mid-range,1,20,0,0,Mid-range,0.1632404652173945,1.5673035537934614,0
Justyol,Shopify,Ventes Flash,All Best Selling,JWOMEN,103901 Chemise oversize basique modeste pour femme - Vert émeraude / 36,144.0,407.0,65.0,En stock,,0.0,,1,0,0.7306,0.65,0.6126,1,4.976733742420574,mid-range,1,20,0,0,Mid-range,0.1632404652173945,1.5673035537934614,0
Lasolda,WooCommerce,Maison,Maison,,Planche de Cuisson Electriq...,729.0,780.0,7.0,En stock,Oui,0.0,,1,1,0.1912,0.07,0.6118,1,6.593044534142437,premium,3,13,1,1,Premium,2.675642473037229,-1.2390420887763285,2
Justyol,Shopify,Ventes Flash,All Best Selling,JMEN,Chemise Homme en Velours Côtelé avec Poches Doubles et Détails de Garnissage - noir / M,127.0,299.44,58.0,En stock,,0.0,,1,0,0.78,0.58,0.611,1,4.852030263919617,mid-range,1,20,0,0,Mid-range,0.0519847349481643,1.4950952617872324,0
Justyol,Shopify,Femme,Women,JWOMEN,Ensemble pyjama femme Dreamy Secret Milan Bambou – Top large à bretelles et short rayé - pembe / s,84.6,199.0,57.0,En stock,,0.0,,1,0,0.7866,0.57,0.6106,1,4.449685283147696,low-cost,1,8,0,4,Low-cost,-0.393284436633904,1.6707985194942971,0
Justyol,Shopify,Ventes Flash,All Best Selling,JMEN,Chemise homme velours côtelé bicolore contrasté - marron / L,128.0,301.42,58.0,En stock,,0.0,,1,0,0.7778,0.58,0.6104,1,4.859812404361672,mid-range,1,20,0,0,Mid-range,0.0536718959071784,1.487584296750305,0
Justyol,Shopify,Ventes Flash,All Best Selling,MU GROUP,Sac Messenger Homme Vertical en Cuir PU – Sac Bandoulière Business Casual Style Coréen - Camel,95.0,159.6,40.0,En stock,,0.0,,1,0,0.9169,0.4,0.6092,1,4.564348191467836,low-cost,1,20,0,0,Mid-range,-0.2120991562349428,1.2961526865878568,0
Justyol,Shopify,Ventes Flash,All Best Selling,MU GROUP,Sac Messenger Homme Vertical en Cuir PU – Sac Bandoulière Business Casual Style Coréen - Brown,95.0,159.6,40.0,En stock,,0.0,,1,0,0.9169,0.4,0.6092,1,4.564348191467836,low-cost,1,20,0,0,Mid-range,-0.2120991562349428,1.2961526865878568,0
Justyol,Shopify,Ventes Flash,All Best Selling,MU GROUP,Sac Messenger Homme Vertical en Cuir PU – Sac Bandoulière Business Casual Style Coréen - Black,95.0,159.6,40.0,En stock,,0.0,,1,0,0.9169,0.4,0.6092,1,4.564348191467836,low-cost,1,20,0,0,Mid-range,-0.2120991562349428,1.2961526865878568,0
Justyol,Shopify,Ventes Flash,All Best Selling,JMEN,Chemise homme bûcheron rayée coupe fit en coton tricoté - orange / XXL,129.0,303.4,57.0,En stock,,0.0,,1,0,0.7767,0.57,0.6082,1,4.867534450455582,mid-range,1,20,0,0,Mid-range,0.0433067877315729,1.4526121052147725,0
Justyol,Shopify,Ventes Flash,All Best Selling,JKIDS,Ensemble Fille 2 Pièces Sweat Unicorn 3D & Legging Rayé – Style Tendance - pembe - siyah / 5 yaş,134.0,328.0,59.0,En stock,,0.0,,1,0,0.7609,0.59,0.6082,1,4.90527477843843,mid-range,1,20,0,0,Mid-range,0.0746516078192576,1.470080271693247,0
Justyol,Shopify,Ventes Flash,All Best Selling,JWOMEN,Sandales Compensées Femme en Cuir Véritable Orthopédiques 7 cm - bej / 41,139.0,357.0,61.0,En stock,,0.0,,1,0,0.7363,0.61,0.6061,1,4.941642422609304,mid-range,1,20,0,0,Mid-range,0.0989544732355598,1.4804399635013683,0
Justyol,Shopify,Ventes Flash,All Best Selling,JWOMEN,Sandales Compensées Femme en Cuir Véritable Orthopédiques 7 cm - beyaz / 41,139.0,357.0,61.0,En stock,,0.0,,1,0,0.7363,0.61,0.6061,1,4.941642422609304,mid-range,1,20,0,0,Mid-range,0.0989544732355598,1.4804399635013683,0
Justyol,Shopify,Ventes Flash,All Best Selling,PIERRE CARDIN,Oreiller silicone Pierre Cardin 950 gr - Beyaz / 650 gr,96.0,155.0,38.0,En stock,,0.0,,1,0,0.9136,0.38,0.6044,1,4.574710978503383,low-cost,1,20,0,0,Mid-range,-0.2363518295191099,1.2280854697171495,0
Justyol,Shopify,Ventes Flash,All Best Selling,JKIDS,Ensemble Sweatshirt & Legging Fille Motif Alphabet – Confort & Style Dynamique - siyah / 6 yaş,143.0,350.0,59.0,En stock,,0.0,,1,0,0.7318,0.59,0.601,1,4.969813299576001,mid-range,1,20,0,0,Mid-range,0.0818432762955714,1.3992874685354053,0
Justyol,Shopify,Ventes Flash,All Best Selling,MU GROUP,"Mini Sac à Main Femme – Sac Rétro Carré, Sac à Bandoulière et Messenger Élégant et Polyvalent - White",105.0,175.0,40.0,En stock,,0.0,,1,0,0.8822,0.4,0.6005,1,4.663439094112067,mid-range,1,20,0,0,Mid-range,-0.1938576969744291,1.1964616108837252,0
Justyol,Shopify,Ventes Flash,All Best Selling,POUR ELLE,Sac à dos scolaire – Décoré de motifs fun et colorés ! - Cinnamoroll,99.0,159.0,38.0,En stock,,0.0,,1,0,0.8979,0.38,0.6005,1,4.605170185988092,low-cost,1,20,0,0,Mid-range,-0.2344923551647614,1.192755547225238,0
Justyol,Shopify,Ventes Flash,All Best Selling,MU GROUP,"Mini Sac à Main Femme – Sac Rétro Carré, Sac à Bandoulière et Messenger Élégant et Polyvalent - Black",105.0,175.0,40.0,En stock,,0.0,,1,0,0.8822,0.4,0.6005,1,4.663439094112067,mid-range,1,20,0,0,Mid-range,-0.1938576969744291,1.1964616108837252,0
Justyol,Shopify,Ventes Flash,All Best Selling,MU GROUP,"Sac à Main Femme en PU – Sac Bandoulière en Cuir Synthétique avec Fermeture à Rabat, Sac à Main Mode Tendance - Camel / 20X8X15cm",105.0,175.0,40.0,En stock,,0.0,,1,0,0.8822,0.4,0.6005,1,4.663439094112067,mid-range,1,20,0,0,Mid-range,-0.1938576969744291,1.1964616108837252,0
Justyol,Shopify,Ventes Flash,All Best Selling,JMEN,Sweatshirt Homme Oversize à Capuche avec Poches Kangourou - noir / S,119.03,238.06,50.0,En stock,,0.0,,1,0,0.8002,0.5,0.6,1,4.787741711537254,mid-range,1,20,0,0,Mid-range,-0.0678049659194386,1.3250631444156358,0
Justyol,Shopify,Ventes Flash,All Best Selling,JMEN,Chemise homme oversize côtelée manches courtes - bleu / M,137.0,319.24,57.0,En stock,,0.0,,1,0,0.743,0.57,0.5998,1,4.927253685157205,mid-range,1,20,0,0,Mid-range,0.0446485629558461,1.3804622600254184,0
Justyol,Shopify,Ventes Flash,All Best Selling,JMEN,chemise homme col mao coton mousseline manches courtes - rouge / XL,137.0,319.24,57.0,En stock,,0.0,,1,0,0.743,0.57,0.5998,1,4.927253685157205,mid-range,1,20,0,0,Mid-range,0.0446485629558461,1.3804622600254184,0
Justyol,Shopify,Ventes Flash,All Best Selling,JMEN,chemise oversize homme bambou manches courtes - beige / S,137.0,319.24,57.0,En stock,,0.0,,1,0,0.743,0.57,0.5998,1,4.927253685157205,mid-range,1,20,0,0,Mid-range,0.0446485629558461,1.3804622600254184,0
Justyol,Shopify,Ventes Flash,All Best Selling,JMEN,chemise homme col mao coton mousseline manches courtes - rouge / M,137.0,319.24,57.0,En stock,,0.0,,1,0,0.743,0.57,0.5998,1,4.927253685157205,mid-range,1,20,0,0,Mid-range,0.0446485629558461,1.3804622600254184,0
Justyol,Shopify,Ventes Flash,All Best Selling,JMEN,Chemise homme oversize côtelée manches courtes - bleu foncé / M,137.0,319.24,57.0,En stock,,0.0,,1,0,0.743,0.57,0.5998,1,4.927253685157205,mid-range,1,20,0,0,Mid-range,0.0446485629558461,1.3804622600254184,0
Justyol,Shopify,Ventes Flash,All Best Selling,GARBALIA,Porte-cartes unisexe fin en cuir véritable motif tressé – Noir Cape - vert menthe / STD,110.0,186.28,41.0,En stock,,0.0,,1,0,0.8631,0.41,0.5978,1,4.709530201312334,mid-range,1,20,0,0,Mid-range,-0.1741222183425433,1.1766244946658724,0
Justyol,Shopify,Ventes Flash,All Best Selling,JKIDS,Pantalon garçon beige en toile – Taille et chevilles élastiques - coton - bej / 4 y,125.0,250.0,50.0,En stock,,0.0,,1,0,0.7879,0.5,0.597,1,4.836281906951478,mid-range,1,20,0,0,Mid-range,-0.0550115079276917,1.281052827683794,0
Justyol,Shopify,Ventes Flash,All Best Selling,EROTICA,Ensemble de nuit 138 -Ensemble de nuit en satin avec dentelle pour femme - BORDO / L,101.0,161.0,37.0,En stock,,0.0,,1,0,0.8911,0.37,0.5968,1,4.624972813284271,mid-range,1,20,0,0,Mid-range,-0.2439768798402395,1.1439498964044,0
Justyol,Shopify,Maison,Home All,MAISON GOOD AND WELL,Oreiller Fibra Plus toucher doux - Blanc - Passepoil Bordeau / 60/60,149.0,224.0,33.0,En stock,,0.0,,1,0,0.9183,0.33,0.5956,1,5.010635294096256,mid-range,1,13,0,0,Mid-range,-0.2503097106478856,0.7538002659252848,0
Justyol,Shopify,Maison,Home All,MAISON GOOD AND WELL,Oreiller Fibra Plus toucher doux - Blanc - Passepoil Gris / 60/60,149.0,224.0,33.0,En stock,,0.0,,1,0,0.9183,0.33,0.5956,1,5.010635294096256,mid-range,1,13,0,0,Mid-range,-0.2503097106478856,0.7538002659252848,0
Justyol,Shopify,Ventes Flash,All Best Selling,JKIDS,Robe Fille Jaune en Coton avec Imprimé Abeille et Bretelles Élastiques - sari / 5 y,127.0,253.0,50.0,En stock,,0.0,,1,0,0.78,0.5,0.595,1,4.852030263919617,mid-range,1,20,0,0,Mid-range,-0.0539998938589925,1.262848941141823,0
Justyol,Shopify,Ventes Flash,All Best Selling,JWOMEN,Maillot de bain modeste sportif sans manches avec leggings - Noir / 38,149.4,379.0,61.0,En stock,,0.0,,1,0,0.6914,0.61,0.5948,1,5.01329841151574,mid-range,1,20,0,0,Mid-range,0.0968312313776144,1.389200609048007,0
Lhmiza,WooCommerce,Maquillage,Maquillage,,"Natrol Biotine Force Maximale 10000mcg, 100 comprimés Made in USA",400.0,319.0,20.0,En stock,Oui,0.0,,1,1,0.0184,0.2,0.5946,1,5.993961427306569,mid-range,4,14,1,1,Premium,2.8694120465406905,-0.7107314158514436,2
Justyol,Shopify,Ventes Flash,All Best Selling,JMEN,Pull Homme en Tricot avec Motif en Tresse et Col Rond - noir / l,147.0,339.04,57.0,En stock,,0.0,,1,0,0.7217,0.57,0.5944,1,4.997212273764115,mid-range,1,20,0,0,Mid-range,0.0597965034049272,1.3129176584509887,0
Justyol,Shopify,Ventes Flash,All Best Selling,JUSTYOL,"Enveloppe Téléphone et Boîtes de Pièces - Cuir Synthétique, Design Élégant et Pratique - lilas",129.0,258.4,50.0,En stock,,0.0,,1,0,0.7767,0.5,0.5942,1,4.867534450455582,mid-range,1,20,0,0,Mid-range,-0.0494297624746892,1.2493965746500393,0
Justyol,Shopify,Ventes Flash,All Best Selling,JUSTYOL,"Enveloppe Téléphone et Boîtes de Pièces - Cuir Synthétique, Design Élégant et Pratique - noir",129.0,258.4,50.0,En stock,,0.0,,1,0,0.7767,0.5,0.5942,1,4.867534450455582,mid-range,1,20,0,0,Mid-range,-0.0494297624746892,1.2493965746500393,0
Justyol,Shopify,Ventes Flash,All Best Selling,JUSTYOL,"Enveloppe Téléphone et Boîtes de Pièces - Cuir Synthétique, Design Élégant et Pratique - vison",129.0,258.4,50.0,En stock,,0.0,,1,0,0.7767,0.5,0.5942,1,4.867534450455582,mid-range,1,20,0,0,Mid-range,-0.0494297624746892,1.2493965746500393,0
Justyol,Shopify,Ventes Flash,All Best Selling,JUSTYOL,"Enveloppe Téléphone et Boîtes de Pièces - Cuir Synthétique, Design Élégant et Pratique - rouge",129.0,258.4,50.0,En stock,,0.0,,1,0,0.7767,0.5,0.5942,1,4.867534450455582,mid-range,1,20,0,0,Mid-range,-0.0494297624746892,1.2493965746500393,0
Justyol,Shopify,Ventes Flash,All Best Selling,JUSTYOL,"Enveloppe Téléphone et Boîtes de Pièces - Cuir Synthétique, Design Élégant et Pratique - prune",129.0,258.4,50.0,En stock,,0.0,,1,0,0.7767,0.5,0.5942,1,4.867534450455582,mid-range,1,20,0,0,Mid-range,-0.0494297624746892,1.2493965746500393,0
Justyol,Shopify,Ventes Flash,All Best Selling,MU GROUP,Sac à Main Femme Mini Selle – Sac Bandoulière Tendance avec Fermeture à Boucle et Zip - Green,110.0,180.6,39.0,En stock,,0.0,,1,0,0.8631,0.39,0.5938,1,4.709530201312334,mid-range,1,20,0,0,Mid-range,-0.2006183755443325,1.1185629145045202,0
Justyol,Shopify,Ventes Flash,All Best Selling,MU GROUP,Sac à Main Femme Mini Selle – Sac Bandoulière Tendance avec Fermeture à Boucle et Zip - Camel,110.0,180.6,39.0,En stock,,0.0,,1,0,0.8631,0.39,0.5938,1,4.709530201312334,mid-range,1,20,0,0,Mid-range,-0.2006183755443325,1.1185629145045202,0
Justyol,Shopify,Ventes Flash,All Best Selling,MU GROUP,Sac à Main Femme Mini Selle – Sac Bandoulière Tendance avec Fermeture à Boucle et Zip - Black,110.0,180.6,39.0,En stock,,0.0,,1,0,0.8631,0.39,0.5938,1,4.709530201312334,mid-range,1,20,0,0,Mid-range,-0.2006183755443325,1.1185629145045202,0
Justyol,Shopify,Ventes Flash,All Best Selling,MU GROUP,"Sac à Main Femme Simple et Tendance – Sac à Bandoulière PU Cuir, Grand Sac Tote Multifonction - Brown",110.0,180.6,39.0,En stock,,0.0,,1,0,0.8631,0.39,0.5938,1,4.709530201312334,mid-range,1,20,0,0,Mid-range,-0.2006183755443325,1.1185629145045202,0
Justyol,Shopify,Ventes Flash,All Best Selling,MU GROUP,"Sac à Main Femme Simple et Tendance – Sac à Bandoulière PU Cuir, Grand Sac Tote Multifonction - Black",110.0,180.6,39.0,En stock,,0.0,,1,0,0.8631,0.39,0.5938,1,4.709530201312334,mid-range,1,20,0,0,Mid-range,-0.2006183755443325,1.1185629145045202,0
Justyol,Shopify,Ventes Flash,All Best Selling,JKIDS,"Ensemble 2 pièces pour garçon - T-shirt à manches longues et pantalon - siyah,gri / 8 y",134.6,269.2,50.0,En stock,,0.0,,1,0,0.7598,0.5,0.59,1,4.909709375506295,mid-range,1,20,0,0,Mid-range,-0.0431858048338485,1.2050656241342557,0
Justyol,Shopify,Ventes Flash,All Best Selling,JMEN,Baskets Sportives à Semelle Épaisse et Haut Bilan pour Homme - siyah / 43,160.38,427.0,62.0,En stock,,0.0,,1,0,0.6633,0.62,0.5898,1,5.08376183242036,mid-range,1,20,0,0,Mid-range,0.1205636868525375,1.3442312559722616,0
Justyol,Shopify,Ventes Flash,All Best Selling,JWOMEN,Bottines femme nude suédine fourrées - h siyah süet / 36,158.4,399.08,60.0,En stock,,0.0,,1,0,0.6756,0.6,0.5889,1,5.071416766356115,mid-range,1,20,0,0,Mid-range,0.0979592746159386,1.3062975507698218,0
Justyol,Shopify,Femme,Women,JWOMEN,Chemise à motif avec poche unique et lien - Blanc et noir / 38,109.2,291.0,62.0,En stock,,0.0,,1,0,0.6582,0.62,0.5886,1,4.702296896718814,mid-range,1,8,0,4,Low-cost,-0.3105695474669691,1.5242626436666165,0
Justyol,Shopify,Femme,Women,JWOMEN,Chemise à motif avec poche unique et lien - Rose / 44,109.2,291.0,62.0,En stock,,0.0,,1,0,0.6582,0.62,0.5886,1,4.702296896718814,mid-range,1,8,0,4,Low-cost,-0.3105695474669691,1.5242626436666165,0
Lhmiza,WooCommerce,Maquillage,Maquillage,,Clarins Plant Gold SOIN 100% D’ORIGINE NATURELLE,800.0,650.0,19.0,En stock,Oui,0.0,,1,1,0.0,0.19,0.588,1,6.68586094706836,premium,4,14,1,1,Premium,3.1552060498359524,-1.2211896581340995,2
Lasolda,WooCommerce,Maison,Maison,,Barbecue Vertical rôtissoir...,899.0,0.0,,En stock,Oui,0.0,,1,1,0.1454,0.0,0.5864,1,6.802394763324311,premium,3,13,1,1,Premium,2.6427879710012867,-1.626187785877147,2
Lasolda,WooCommerce,Maison,Maison,,Chauffage Cheminé Électriqu...,1259.0,1.359,7.0,En stock,Oui,0.0,,1,1,0.0857,0.07,0.5854,1,7.138866999945524,premium,3,13,1,1,Premium,2.841926300737067,-1.7058869160386356,2
Justyol,Shopify,Maison,Home All,MAISON GOOD AND WELL,Protège matelas imperméable - Luna - Blanc / 140/190/35,169.0,250.0,32.0,En stock,,0.0,,1,0,0.8845,0.32,0.5851,1,5.135798437050262,mid-range,1,13,0,0,Mid-range,-0.2329063065812274,0.6083645355701938,0
Lasolda,WooCommerce,Maison,Maison,,Chauffage Bain D’huil...,945.0,1.4,,En stock,Oui,0.0,,1,1,0.1335,0.0,0.5834,1,6.852242569051878,premium,3,13,1,1,Premium,2.656173164418903,-1.6710747081733768,2
Lasolda,WooCommerce,Maison,Maison,,Kit à Paella VALENCIA à Gaz...,1999.0,2.3,13.0,En stock,Oui,0.0,,1,1,0.0239,0.13,0.582,1,7.600902459542082,premium,3,13,1,1,Premium,3.0834149161043563,-1.9003221242297683,2
Lasolda,WooCommerce,Maison,Maison,,Barbecue à Charbon CAPRI Av...,1389.0,1.5,7.0,En stock,Oui,0.0,,1,1,0.0697,0.07,0.5814,1,7.237059026124737,premium,3,13,1,1,Premium,2.874131287607068,-1.787006390486647,2
Lasolda,WooCommerce,Maison,Maison,,Machine à expresso Clatronic,999.0,1.499,,En stock,Oui,0.0,,1,1,0.1235,0.0,0.5809,1,6.907755278982137,premium,3,13,1,1,Premium,2.673650662996757,-1.7178477148874174,2
Lasolda,WooCommerce,Maison,Maison,,Caméra De Surveillance IP W...,999.0,1.4,,En stock,Oui,0.0,,1,1,0.1235,0.0,0.5809,1,6.907755278982137,premium,3,13,1,1,Premium,2.673650662996757,-1.7178477148874174,2
Justyol,Shopify,Maison,Home All,MAISON GOOD AND WELL,Protège matelas imperméable - Sneg Ultra doux - Blanc / 140/190/35,179.0,263.0,32.0,En stock,,0.0,,1,0,0.8645,0.32,0.5801,1,5.19295685089021,mid-range,1,13,0,0,Mid-range,-0.2223278499151786,0.550930287805573,0
Justyol,Shopify,Maison,Home All,MAISON GOOD AND WELL,Protége Matelas Imperméable Tencel extra respirant - Blanc / 160/200/30,189.0,276.0,32.0,En stock,,0.0,,1,0,0.8386,0.32,0.5736,1,5.247024072160486,mid-range,1,13,0,0,Mid-range,-0.2177345218977427,0.4898335477283082,0
Justyol,Shopify,Maison,Home All,MAISON GOOD AND WELL,Protége Matelas Imperméable Tencel extra respirant - Blanc / 90/190/30,189.0,276.0,32.0,En stock,,0.0,,1,0,0.8386,0.32,0.5736,1,5.247024072160486,mid-range,1,13,0,0,Mid-range,-0.2177345218977427,0.4898335477283082,0
Justyol,Shopify,Maison,Home All,MAISON GOOD AND WELL,Protége Matelas Imperméable Tencel extra respirant - Blanc / 140/190/30,189.0,276.0,32.0,En stock,,0.0,,1,0,0.8386,0.32,0.5736,1,5.247024072160486,mid-range,1,13,0,0,Mid-range,-0.2177345218977427,0.4898335477283082,0
Justyol,Shopify,Femme,Women,MU GROUP,"Sac à Main Femme en Cuir – Sac Bandoulière et Crossbody Rétro, Design Élégant et Polyvalent - Brown",89.0,152.6,42.0,En stock,,0.0,,1,0,0.7559,0.42,0.573,1,4.499809670330265,low-cost,1,8,0,4,Low-cost,-0.5925598071849898,1.1726776427777048,0
Justyol,Shopify,Femme,Women,MU GROUP,"Sac à Main Femme en Cuir – Sac Bandoulière et Crossbody Rétro, Design Élégant et Polyvalent - Beige",89.0,152.6,42.0,En stock,,0.0,,1,0,0.7559,0.42,0.573,1,4.499809670330265,low-cost,1,8,0,4,Low-cost,-0.5925598071849898,1.1726776427777048,0
Justyol,Shopify,Femme,Women,MU GROUP,"Sac à Main Femme en Cuir – Sac Bandoulière et Crossbody Rétro, Design Élégant et Polyvalent - Black",89.0,152.6,42.0,En stock,,0.0,,1,0,0.7559,0.42,0.573,1,4.499809670330265,low-cost,1,8,0,4,Low-cost,-0.5925598071849898,1.1726776427777048,0
Justyol,Shopify,Femme,Women,JWOMEN,Baskets blanches et noires à lacets avec détails en simili cuir pour femme - siyah / 39,133.8,344.96,61.0,En stock,,0.0,,1,0,0.5696,0.61,0.5644,1,4.903792198478207,mid-range,1,8,0,4,Low-cost,-0.3005112935112358,1.275277050663526,0
Justyol,Shopify,Femme,Women,JWOMEN,Chemise femme oversize rayée en coton 20332 - Rose / 40,144.0,407.0,65.0,En stock,,0.0,,1,0,0.5371,0.65,0.5643,1,4.976733742420574,mid-range,1,8,0,4,Low-cost,-0.2392764336335133,1.3115332532244357,0
Justyol,Shopify,Femme,Women,JWOMEN,Chemise femme oversize rayée en coton 20332 - Bleu / 40,144.0,407.0,65.0,En stock,,0.0,,1,0,0.5371,0.65,0.5643,1,4.976733742420574,mid-range,1,8,0,4,Low-cost,-0.2392764336335133,1.3115332532244357,0
Justyol,Shopify,Femme,Women,JWOMEN,Pantalon Jogger Femme Taille Haute Basic en Polaire. - siyah / l,129.6,307.0,58.0,En stock,,0.0,,1,0,0.5769,0.58,0.5602,1,4.8721392168423305,mid-range,1,8,0,4,Low-cost,-0.3490759960045812,1.216286189448918,0
BeautyMarket,Shopify,Cheveux,Brosses Et Accessoires,,"BETER HAIRSTYLE 12 BARRETTES À CHEVEUX, BRONZE 17236",15.0,0.0,,En stock,Non,0.0,https://beautymarket.ma/products/beter-hairstyle-12-barrettes-a-cheveux-bronze-17236,1,0,0.9991,0.0,0.5498,1,2.772588722239781,low-cost,0,5,0,4,Low-cost,-2.2119115497709,1.4174356474847636,0
BeautyMarket,Shopify,Cheveux,Brosses Et Accessoires,,BETER HAIRSTYLE 12 ÉPINGLES À CHEVEUX PLATES NOIRES (6 CM) 17243,15.0,0.0,,En stock,Non,0.0,https://beautymarket.ma/products/beter-hairstyle-12-epingles-a-cheveux-plates-noires-6-cm-17243,1,0,0.9991,0.0,0.5498,1,2.772588722239781,low-cost,0,5,0,4,Low-cost,-2.2119115497709,1.4174356474847636,0
BeautyMarket,Shopify,Cheveux,Brosses Et Accessoires,,"BETER HAIRSTYLE EPINGLES DE COIFFAGE 6CM, 12 PIÈCES 17235",15.0,0.0,,En stock,Non,0.0,https://beautymarket.ma/products/beter-hairstyle-epingles-de-coiffage-6cm-12-pieces,1,0,0.9991,0.0,0.5498,1,2.772588722239781,low-cost,0,5,0,4,Low-cost,-2.2119115497709,1.4174356474847636,0
BeautyMarket,Shopify,Cheveux,Brosses Et Accessoires,,"BETER HAIRSTYLE ÉPINGLES À CHEVEUX 6CM, 12 PIÈCES 17244",15.0,0.0,,En stock,Non,0.0,https://beautymarket.ma/products/beter-hairstyle-epingles-a-cheveux-6cm-12-pieces,1,0,0.9991,0.0,0.5498,1,2.772588722239781,low-cost,0,5,0,4,Low-cost,-2.2119115497709,1.4174356474847636,0
BeautyMarket,Shopify,Cheveux,Brosses Et Accessoires,,"BETER HAIRSTYLE ÉPINGLES À CHEVEUX 5CM, 12 PIÈCES 17241",15.0,0.0,,En stock,Non,0.0,https://beautymarket.ma/products/beter-hairstyle-epingles-a-cheveux-5cm-12-pieces-17241,1,0,0.9991,0.0,0.5498,1,2.772588722239781,low-cost,0,5,0,4,Low-cost,-2.2119115497709,1.4174356474847636,0
BeautyMarket,Shopify,Cheveux,Brosses Et Accessoires,,"BETER HAIRSTYLE ÉPINGLES À CHEVEUX 5CM, 12 PIÈCES 17242",15.0,0.0,,En stock,Non,0.0,https://beautymarket.ma/products/beter-hairstyle-epingles-a-cheveux-5cm-12-pieces-17242,1,0,0.9991,0.0,0.5498,1,2.772588722239781,low-cost,0,5,0,4,Low-cost,-2.2119115497709,1.4174356474847636,0
Kiabi,Shopify,Femme,Femme,,Serre-Tête Classique !,20.0,0.0,,En stock,Non,0.0,,1,0,0.9982,0.0,0.5496,1,3.044522437723423,low-cost,2,8,0,4,Low-cost,-1.2187613050207948,1.0692049377844834,0
BeautyMarket,Shopify,Maquillage,Ongles,,BETER 4 LIMES A ONGLES CORINDON 24004,19.0,0.0,,En stock,Non,0.0,https://beautymarket.ma/products/beter-4-limes-a-ongles-corindon-24004,1,0,0.9986,0.0,0.5496,1,2.995732273553991,low-cost,0,14,0,4,Low-cost,-1.9204141013287064,1.3204109385177047,0
Lasolda,WooCommerce,Maison,Maison,,Lot De 20 Sachets De Congél...,25.0,0.0,,En stock,Non,0.0,,1,0,0.998,0.0,0.5495,1,3.258096538021482,low-cost,3,13,1,4,Low-cost,-0.6127383396747399,0.8638031039456416,0
BeautyMarket,Shopify,Solaire,Solaire,,NATURESOIN SOLARIUM HUILE SOLAIRE FPS6 100ML,29.0,0.0,,En stock,Non,0.0,https://beautymarket.ma/products/nature-soin-solarium-huile-solaire-fps6-100ml,1,0,0.9979,0.0,0.5495,1,3.4011973816621555,low-cost,0,18,0,0,Mid-range,-1.6522875567520316,1.0719132571114252,0
BeautyMarket,Shopify,Corps,Huile Corps,,RACINE VITA SAVON DOUX A L HUILE ARGANE 80G,13.0,0.0,,En stock,Non,0.0,https://beautymarket.ma/products/racine-vita-savon-doux-a-l-huile-argane-80g,1,0,0.9981,0.0,0.5495,1,2.6390573296152584,low-cost,0,6,0,4,Low-cost,-2.2520194260029163,1.5117323026487215,0
BeautyMarket,Shopify,Maquillage,Ongles,,PASTEL NAIL POLISH 357,25.0,0.0,,En stock,Non,0.0,https://beautymarket.ma/products/pastel-nail-polish-357,1,0,0.9972,0.0,0.5493,1,3.258096538021482,low-cost,0,14,0,4,Low-cost,-1.80260314600318,1.1433782662970686,0
BeautyMarket,Shopify,Maquillage,Ongles,,PASTEL NAIL POLISH 38,25.0,0.0,,En stock,Non,0.0,https://beautymarket.ma/products/pastel-nail-polish-39,1,0,0.9972,0.0,0.5493,1,3.258096538021482,low-cost,0,14,0,4,Low-cost,-1.80260314600318,1.1433782662970686,0
BeautyMarket,Shopify,Maquillage,Ongles,,PASTEL NAIL POLISH 304,25.0,0.0,,En stock,Non,0.0,https://beautymarket.ma/products/pastel-nail-polish-304,1,0,0.9972,0.0,0.5493,1,3.258096538021482,low-cost,0,14,0,4,Low-cost,-1.80260314600318,1.1433782662970686,0
BeautyMarket,Shopify,Maquillage,Ongles,,PASTEL NAIL POLISH 313,25.0,0.0,,En stock,Non,0.0,https://beautymarket.ma/products/pastel-nail-polish-313,1,0,0.9972,0.0,0.5493,1,3.258096538021482,low-cost,0,14,0,4,Low-cost,-1.80260314600318,1.1433782662970686,0
BeautyMarket,Shopify,Maquillage,Ongles,,PASTEL NAIL POLISH 387,25.0,0.0,,En stock,Non,0.0,https://beautymarket.ma/products/pastel-nail-polish-387,1,0,0.9972,0.0,0.5493,1,3.258096538021482,low-cost,0,14,0,4,Low-cost,-1.80260314600318,1.1433782662970686,0
BeautyMarket,Shopify,Maquillage,Ongles,,PASTEL NAIL POLISH 37,25.0,0.0,,En stock,Non,0.0,https://beautymarket.ma/products/pastel-nail-polish-37,1,0,0.9972,0.0,0.5493,1,3.258096538021482,low-cost,0,14,0,4,Low-cost,-1.80260314600318,1.1433782662970686,0
BeautyMarket,Shopify,Maquillage,Ongles,,PASTEL NAIL POLISH 251,25.0,0.0,,En stock,Non,0.0,https://beautymarket.ma/products/pastel-nail-polish-251,1,0,0.9972,0.0,0.5493,1,3.258096538021482,low-cost,0,14,0,4,Low-cost,-1.80260314600318,1.1433782662970686,0
BeautyMarket,Shopify,Maquillage,Ongles,,PASTEL NAIL POLISH 80,25.0,0.0,,En stock,Non,0.0,https://beautymarket.ma/products/pastel-nail-polish-80,1,0,0.9972,0.0,0.5493,1,3.258096538021482,low-cost,0,14,0,4,Low-cost,-1.80260314600318,1.1433782662970686,0
BeautyMarket,Shopify,Maquillage,Ongles,,PASTEL NAIL POLISH 10,25.0,0.0,,En stock,Non,0.0,https://beautymarket.ma/products/pastel-nail-polish-10,1,0,0.9972,0.0,0.5493,1,3.258096538021482,low-cost,0,14,0,4,Low-cost,-1.80260314600318,1.1433782662970686,0
BeautyMarket,Shopify,Maquillage,Ongles,,PASTEL NAIL POLISH 19,25.0,0.0,,En stock,Non,0.0,https://beautymarket.ma/products/pastel-nail-polish-19,1,0,0.9972,0.0,0.5493,1,3.258096538021482,low-cost,0,14,0,4,Low-cost,-1.80260314600318,1.1433782662970686,0
BeautyMarket,Shopify,Maquillage,Ongles,,PASTEL NAIL POLISH 07,25.0,0.0,,En stock,Non,0.0,https://beautymarket.ma/products/pastel-nail-polish-07,1,0,0.9972,0.0,0.5493,1,3.258096538021482,low-cost,0,14,0,4,Low-cost,-1.80260314600318,1.1433782662970686,0
BeautyMarket,Shopify,Maquillage,Ongles,,PASTEL NAIL POLISH 27,25.0,0.0,,En stock,Non,0.0,https://beautymarket.ma/products/pastel-nail-polish-27,1,0,0.9972,0.0,0.5493,1,3.258096538021482,low-cost,0,14,0,4,Low-cost,-1.80260314600318,1.1433782662970686,0
BeautyMarket,Shopify,Maquillage,Ongles,,PASTEL NAIL POLISH 28,25.0,0.0,,En stock,Non,0.0,https://beautymarket.ma/products/pastel-nail-polish-28,1,0,0.9972,0.0,0.5493,1,3.258096538021482,low-cost,0,14,0,4,Low-cost,-1.80260314600318,1.1433782662970686,0
BeautyMarket,Shopify,Maquillage,Ongles,,PASTEL NAIL POLISH 307,25.0,0.0,,En stock,Non,0.0,https://beautymarket.ma/products/pastel-nail-polish-307,1,0,0.9972,0.0,0.5493,1,3.258096538021482,low-cost,0,14,0,4,Low-cost,-1.80260314600318,1.1433782662970686,0
BeautyMarket,Shopify,Maquillage,Ongles,,PASTEL PURE NAIL POLISH 610,25.0,0.0,,En stock,Non,0.0,https://beautymarket.ma/products/pastel-nude-nail-polish-766,1,0,0.9972,0.0,0.5493,1,3.258096538021482,low-cost,0,14,0,4,Low-cost,-1.80260314600318,1.1433782662970686,0
BeautyMarket,Shopify,Maquillage,Ongles,,PASTEL NAIL POLISH 98,25.0,0.0,,En stock,Non,0.0,https://beautymarket.ma/products/pastel-nail-polish-98,1,0,0.9972,0.0,0.5493,1,3.258096538021482,low-cost,0,14,0,4,Low-cost,-1.80260314600318,1.1433782662970686,0
BeautyMarket,Shopify,Maquillage,Ongles,,PASTEL NUDE NAIL POLISH 755,25.0,0.0,,En stock,Non,0.0,https://beautymarket.ma/products/pastel-nude-nail-polish-755,1,0,0.9972,0.0,0.5493,1,3.258096538021482,low-cost,0,14,0,4,Low-cost,-1.80260314600318,1.1433782662970686,0
BeautyMarket,Shopify,Maquillage,Ongles,,PASTEL NAIL POLISH 296,25.0,0.0,,En stock,Non,0.0,https://beautymarket.ma/products/pastel-nail-polish-296,1,0,0.9972,0.0,0.5493,1,3.258096538021482,low-cost,0,14,0,4,Low-cost,-1.80260314600318,1.1433782662970686,0
BeautyMarket,Shopify,Maquillage,Ongles,,PASTEL NAIL POLISH 380,25.0,0.0,,En stock,Non,0.0,https://beautymarket.ma/products/pastel-nail-polish-380,1,0,0.9972,0.0,0.5493,1,3.258096538021482,low-cost,0,14,0,4,Low-cost,-1.80260314600318,1.1433782662970686,0
BeautyMarket,Shopify,Maquillage,Ongles,,PASTEL NAIL POLISH 04,25.0,0.0,,En stock,Non,0.0,https://beautymarket.ma/products/absolute-new-york-pastel-profashion-cream-blush-41,1,0,0.9972,0.0,0.5493,1,3.258096538021482,low-cost,0,14,0,4,Low-cost,-1.80260314600318,1.1433782662970686,0
BeautyMarket,Shopify,Maquillage,Ongles,,PASTEL NAIL POLISH 33,25.0,0.0,,En stock,Non,0.0,https://beautymarket.ma/products/pastel-nail-polish-33,1,0,0.9972,0.0,0.5493,1,3.258096538021482,low-cost,0,14,0,4,Low-cost,-1.80260314600318,1.1433782662970686,0
BeautyMarket,Shopify,Maquillage,Ongles,,PASTEL NAIL POLISH 39,25.0,0.0,,En stock,Non,0.0,https://beautymarket.ma/products/pastel-nail-polish-40,1,0,0.9972,0.0,0.5493,1,3.258096538021482,low-cost,0,14,0,4,Low-cost,-1.80260314600318,1.1433782662970686,0
BeautyMarket,Shopify,Maquillage,Ongles,,PASTEL NAIL POLISH 54,25.0,0.0,,En stock,Non,0.0,https://beautymarket.ma/products/pastel-nail-polish-54,1,0,0.9972,0.0,0.5493,1,3.258096538021482,low-cost,0,14,0,4,Low-cost,-1.80260314600318,1.1433782662970686,0
BeautyMarket,Shopify,Maquillage,Ongles,,PASTEL NAIL POLISH 312,25.0,0.0,,En stock,Non,0.0,https://beautymarket.ma/products/pastel-nail-polish-312,1,0,0.9972,0.0,0.5493,1,3.258096538021482,low-cost,0,14,0,4,Low-cost,-1.80260314600318,1.1433782662970686,0
BeautyMarket,Shopify,Maquillage,Ongles,,PASTEL NAIL POLISH 88,25.0,0.0,,En stock,Non,0.0,https://beautymarket.ma/products/pastel-nail-polish-88,1,0,0.9972,0.0,0.5493,1,3.258096538021482,low-cost,0,14,0,4,Low-cost,-1.80260314600318,1.1433782662970686,0
BeautyMarket,Shopify,Maquillage,Ongles,,PASTEL NUDE NAIL POLISH 751,25.0,0.0,,En stock,Non,0.0,https://beautymarket.ma/products/pastel-nude-nail-polish-751,1,0,0.9972,0.0,0.5493,1,3.258096538021482,low-cost,0,14,0,4,Low-cost,-1.80260314600318,1.1433782662970686,0
BeautyMarket,Shopify,Maquillage,Ongles,,PASTEL NAIL POLISH 08,25.0,0.0,,En stock,Non,0.0,https://beautymarket.ma/products/pastel-nail-polish-08,1,0,0.9972,0.0,0.5493,1,3.258096538021482,low-cost,0,14,0,4,Low-cost,-1.80260314600318,1.1433782662970686,0
BeautyMarket,Shopify,Maquillage,Ongles,,PASTEL NUDE NAIL POLISH 763,25.0,0.0,,En stock,Non,0.0,https://beautymarket.ma/products/pastel-nude-nail-polish-763,1,0,0.9972,0.0,0.5493,1,3.258096538021482,low-cost,0,14,0,4,Low-cost,-1.80260314600318,1.1433782662970686,0
BeautyMarket,Shopify,Maquillage,Ongles,,PASTEL NAIL POLISH 271,25.0,0.0,,En stock,Non,0.0,https://beautymarket.ma/products/pastel-nail-polish-271,1,0,0.9972,0.0,0.5493,1,3.258096538021482,low-cost,0,14,0,4,Low-cost,-1.80260314600318,1.1433782662970686,0
Kiabi,Shopify,Femme,Femme,,Lot De 3 Pinces Crabes,30.0,0.0,,En stock,Non,0.0,,1,0,0.9964,0.0,0.5491,1,3.4339872044851463,low-cost,2,8,0,4,Low-cost,-1.044044815438437,0.8062010433700135,0
Kiabi,Shopify,Femme,Femme,,Lot De 15 Élastiques,30.0,0.0,,En stock,Non,0.0,,1,0,0.9964,0.0,0.5491,1,3.4339872044851463,low-cost,2,8,0,4,Low-cost,-1.044044815438437,0.8062010433700135,0
BeautyMarket,Shopify,Corps,Gommage Peeling Corps,,NATURESOIN GHASSOUL POUDRE SURFINE – 100 G,23.0,0.0,,En stock,Non,0.0,https://beautymarket.ma/products/naturesoin-ghassoul-poudre-surfine-100-g,1,0,0.9963,0.0,0.5491,1,3.1780538303479458,low-cost,0,6,0,4,Low-cost,-2.009329300420785,1.1488665272921517,0
BeautyMarket,Shopify,Corps,Gommage Peeling Corps,,NATURESOIN ARGISOIN SAVON À L’ARGILE NOIRE- 125 G,23.0,0.0,,En stock,Non,0.0,https://beautymarket.ma/products/naturesoin-argisoin-savon-a-l-argile-noire-125-g,1,0,0.9963,0.0,0.5491,1,3.1780538303479458,low-cost,0,6,0,4,Low-cost,-2.009329300420785,1.1488665272921517,0
Kiabi,Shopify,Fille,Fille,,Pochette Cadeau Avec Imprimé 'Cœur',30.0,0.0,,En stock,Non,0.0,,1,0,0.9961,0.0,0.549,1,3.4339872044851463,low-cost,2,9,0,4,Low-cost,-1.0231139700880454,0.8117445651522309,0
Kiabi,Shopify,Fille,Fille,,Chouchou En Maille Gaufrée,30.0,0.0,,En stock,Non,0.0,,1,0,0.9961,0.0,0.549,1,3.4339872044851463,low-cost,2,9,0,4,Low-cost,-1.0231139700880454,0.8117445651522309,0
BeautyMarket,Shopify,Solaire,Solaire,,"REVUELE HYDRALIFT HYALURON DAY CREAM-FLUID, 50 ML",35.0,0.0,,En stock,Non,0.0,https://beautymarket.ma/products/revuele-hydralift-hyaluron-day-cream-fluid-50-ml,1,0,0.9957,0.0,0.5489,1,3.58351893845611,low-cost,0,18,0,0,Mid-range,-1.571615735904568,0.9473932550411408,0
Kiabi,Shopify,Bébé,Bébé,,T-Shirt En Jersey À Manches Courtes,30.0,0.0,,En stock,Non,0.0,,1,0,0.9953,0.0,0.5488,1,3.4339872044851463,low-cost,2,3,0,4,Low-cost,-1.1511450503462926,0.7754248802903214,0
Kiabi,Shopify,Bébé,Bébé,,T-Shirt À Manches Courtes Imprimé,30.0,0.0,,En stock,Non,0.0,,1,0,0.9953,0.0,0.5488,1,3.4339872044851463,low-cost,2,3,0,4,Low-cost,-1.1511450503462926,0.7754248802903214,0
BeautyMarket,Shopify,Cheveux,Brosses Et Accessoires,,BETER ELASTIQUE CHEVEUX NOIR PACK DE 6 REF 19212,25.0,0.0,,En stock,Non,0.0,https://beautymarket.ma/products/beter-elastique-cheveux-noir-pack-de-6-ref-19212,1,0,0.9939,0.0,0.5485,1,3.258096538021482,low-cost,0,5,0,4,Low-cost,-1.9961785214879864,1.0869871426488271,0
BeautyMarket,Shopify,Cheveux,Brosses Et Accessoires,,BETER HAIR STYLE ÉLASTIQUES À CHEVEUX - 6 PIÈCES 19213,25.0,0.0,,En stock,Non,0.0,https://beautymarket.ma/products/beter-hair-style-elastiques-a-cheveux-6-pieces-19213,1,0,0.9939,0.0,0.5485,1,3.258096538021482,low-cost,0,5,0,4,Low-cost,-1.9961785214879864,1.0869871426488271,0
BeautyMarket,Shopify,Cheveux,Brosses Et Accessoires,,BETER HS ELASTIQUES POUR QUEUE DE CHEVAL - 12 PIÈCES 19215,25.0,0.0,,En stock,Non,0.0,https://beautymarket.ma/products/beter-hs-elastiques-pour-queue-de-cheval-12-pieces-19215,1,0,0.9939,0.0,0.5485,1,3.258096538021482,low-cost,0,5,0,4,Low-cost,-1.9961785214879864,1.0869871426488271,0
Lasolda,WooCommerce,Maison,Maison,,Pilulier (Boîte memoire pri...,39.0,0.0,,En stock,Non,0.0,,1,0,0.994,0.0,0.5485,1,3.688879454113936,low-cost,3,13,1,4,Low-cost,-0.4208528231052943,0.5711884437489754,0
BeautyMarket,Shopify,Cheveux,Brosses Et Accessoires,,"BETER HAIR STYLE PINCE À GRIFFES DE 3,5 CM - 2 PIÈCES 19235",25.0,0.0,,En stock,Non,0.0,https://beautymarket.ma/products/beter-hair-style-pince-a-griffes-de-3-5-cm-2-pieces-19235,1,0,0.9939,0.0,0.5485,1,3.258096538021482,low-cost,0,5,0,4,Low-cost,-1.9961785214879864,1.0869871426488271,0
BeautyMarket,Shopify,Cheveux,Brosses Et Accessoires,,"BETER HAIRSTYLE PINCE FRANÇAISE 9,5CM - 1 PIÈCE 19231",25.0,0.0,,En stock,Non,0.0,https://beautymarket.ma/products/beter-hairstyle-pince-francaise-9-5cm-1-piece-19231,1,0,0.9939,0.0,0.5485,1,3.258096538021482,low-cost,0,5,0,4,Low-cost,-1.9961785214879864,1.0869871426488271,0
BeautyMarket,Shopify,Cheveux,Brosses Et Accessoires,,BETER HAIRSTYLE PINCES À CHEVEUX 4 CM - 10 PIÈCES 19208,25.0,0.0,,En stock,Non,0.0,https://beautymarket.ma/products/beter-hairstyle-pinces-a-cheveux-4-cm-10-pieces-19208,1,0,0.9939,0.0,0.5485,1,3.258096538021482,low-cost,0,5,0,4,Low-cost,-1.9961785214879864,1.0869871426488271,0
BeautyMarket,Shopify,Cheveux,Brosses Et Accessoires,,BETER HAIRSTYLE ÉLASTIQUE QUEUE DE CHEVAL - 10 PIÈCES 19206,25.0,0.0,,En stock,Non,0.0,https://beautymarket.ma/products/beter-hairstyle-elastique-queue-de-cheval-10-pieces-19206,1,0,0.9939,0.0,0.5485,1,3.258096538021482,low-cost,0,5,0,4,Low-cost,-1.9961785214879864,1.0869871426488271,0
BeautyMarket,Shopify,Cheveux,Brosses Et Accessoires,,BETER HAIRSTYLE PINCE À CHEVEUX - 6 PIÈCES 19202,25.0,0.0,,En stock,Non,0.0,https://beautymarket.ma/products/beter-hairstyle-pince-a-cheveux-4-pieces-2-types-hibou-et-renard-19202,1,0,0.9939,0.0,0.5485,1,3.258096538021482,low-cost,0,5,0,4,Low-cost,-1.9961785214879864,1.0869871426488271,0
BeautyMarket,Shopify,Cheveux,Brosses Et Accessoires,,BETER HAIRSTYLE ÉLASTIQUE QUEUE DE CHEVAL - 20 PIÈCES 19207,25.0,0.0,,En stock,Non,0.0,https://beautymarket.ma/products/beter-hairstyle-elastique-queue-de-cheval-20-pieces-19207,1,0,0.9939,0.0,0.5485,1,3.258096538021482,low-cost,0,5,0,4,Low-cost,-1.9961785214879864,1.0869871426488271,0
BeautyMarket,Shopify,Cheveux,Brosses Et Accessoires,,BETER HAIRSTYLE BARRETTES CHEVEUX X 5 CM - 8 PIÈCES 19216,25.0,0.0,,En stock,Non,0.0,https://beautymarket.ma/products/beter-hairstyle-barrettes-cheveux-x-5-cm-8-pieces,1,0,0.9939,0.0,0.5485,1,3.258096538021482,low-cost,0,5,0,4,Low-cost,-1.9961785214879864,1.0869871426488271,0
BeautyMarket,Shopify,Solaire,Solaire,,GARNIER SUPER UV COOLING GEL 30ML,49.0,0.0,,En stock,Non,0.0,https://beautymarket.ma/products/garnier-super-uv-cooling-gel-30ml,1,0,0.9936,0.0,0.5484,1,3.912023005428146,low-cost,0,18,0,0,Mid-range,-1.4244859097824722,0.7252566496801046,0
Kiabi,Shopify,Garçon,Garçon,,T-Shirt Basique En Jersey Uni,30.0,0.0,,En stock,Non,0.0,,1,0,0.9932,0.0,0.5483,1,3.4339872044851463,low-cost,2,10,0,4,Low-cost,-1.004017630854578,0.8149941713079947,0
Kiabi,Shopify,Femme,Femme,,Lot De 6 Élastiques Tortis,35.0,0.0,,En stock,Non,0.0,,1,0,0.9928,0.0,0.5482,1,3.58351893845611,low-cost,2,8,0,4,Low-cost,-0.9791286896335366,0.702515969717158,0
BeautyMarket,Shopify,Corps,Savon Solide,,RACINE VITA SAVON SECRET BOTANIQUE 80G,29.0,0.0,,En stock,Non,0.0,https://beautymarket.ma/products/racine-vita-savon-secret-botanique-80g,1,0,0.9925,0.0,0.5481,1,3.4011973816621555,low-cost,0,6,0,4,Low-cost,-1.9114072274633973,0.9954506946768512,0
BeautyMarket,Shopify,Corps,Gel Douche,,"NIVEA MEN GEL DOUCHE 3 EN 1 DEEP MAXX TECH – NETTOYANT CORPS, VISAGE & CHEVEUX 250ML",29.0,0.0,,En stock,Non,0.0,https://beautymarket.ma/products/nivea-men-gel-douche-3-en-1-deep-maxx-tech-nettoyant-corps-visage-cheveux-250ml,1,0,0.9925,0.0,0.5481,1,3.4011973816621555,low-cost,0,6,0,4,Low-cost,-1.9114072274633973,0.9954506946768512,0
BeautyMarket,Shopify,Corps,Savon Solide,,PRODERM SAVON AU SOUFRE 90 G,29.0,0.0,,En stock,Non,0.0,https://beautymarket.ma/products/proderm-savon-au-soufre-90-g,1,0,0.9925,0.0,0.5481,1,3.4011973816621555,low-cost,0,6,0,4,Low-cost,-1.9114072274633973,0.9954506946768512,0
Lasolda,WooCommerce,Maison,Maison,,LOT DE 100 BROCHETTES EN BA...,40.0,0.0,,En stock,Non,0.0,,1,0,0.992,0.0,0.548,1,3.713572066704308,low-cost,3,13,1,4,Low-cost,-0.4112073824366831,0.5527232294119038,0
Kiabi,Shopify,Femme,Femme,,Sac Cadeau 'Marie' De 'Aristochat',45.0,0.0,,En stock,Non,0.0,,1,0,0.991,0.0,0.5478,1,3.828641396489095,low-cost,2,8,0,4,Low-cost,-0.8694259533634069,0.53665966914916,0
BeautyMarket,Shopify,Solaire,Solaire,,"REVUELE SUNPROTECT DAILY FACE CREAM – MOISTURE BOOST, SPF 50+, 50 ML",65.0,0.0,,En stock,Non,0.0,https://beautymarket.ma/products/revuele-sunprotect-daily-face-cream-moisture-boost-spf-50-50-ml,1,0,0.9914,0.0,0.5478,1,4.189654742026425,low-cost,0,18,0,0,Mid-range,-1.3006831888031225,0.5368418976932992,0
BeautyMarket,Shopify,Solaire,Solaire,,"REVUELE DAILY SUN BARRIER SPF 50+, 50 ML",65.0,0.0,,En stock,Non,0.0,https://beautymarket.ma/products/revuele-daily-sun-barrier-spf-50-50-ml,1,0,0.9914,0.0,0.5478,1,4.189654742026425,low-cost,0,18,0,0,Mid-range,-1.3006831888031225,0.5368418976932992,0
BeautyMarket,Shopify,Solaire,Solaire,,"REVUELE SUNPROTECT DAILY FACE CREAM – OIL CONTROL, SPF 50+, 50 ML",65.0,0.0,,En stock,Non,0.0,https://beautymarket.ma/products/revuele-sunprotect-daily-face-cream-oil-control-spf-50-50-ml,1,0,0.9914,0.0,0.5478,1,4.189654742026425,low-cost,0,18,0,0,Mid-range,-1.3006831888031225,0.5368418976932992,0
BeautyMarket,Shopify,Solaire,Solaire,,"REVUELE ANTI PIGMENT DAY CREAM TINTED SPF 50, 40 ML",65.0,0.0,,En stock,Non,0.0,https://beautymarket.ma/products/revuele-anti-pigment-day-cream-tinted-spf-50-40-ml,1,0,0.9914,0.0,0.5478,1,4.189654742026425,low-cost,0,18,0,0,Mid-range,-1.3006831888031225,0.5368418976932992,0
BeautyMarket,Shopify,Solaire,Solaire,,"REVUELE ALOE DAILY SUN BARRIER SPF 50+, 50 ML",65.0,0.0,,En stock,Non,0.0,https://beautymarket.ma/products/revuele-aloe-daily-sun-barrier-spf-50-50-ml-c6-c7,1,0,0.9914,0.0,0.5478,1,4.189654742026425,low-cost,0,18,0,0,Mid-range,-1.3006831888031225,0.5368418976932992,0
Kiabi,Shopify,Femme,Femme,,Bandeau Pour Cheveux,45.0,0.0,,En stock,Non,0.0,,1,0,0.991,0.0,0.5478,1,3.828641396489095,low-cost,2,8,0,4,Low-cost,-0.8694259533634069,0.53665966914916,0
Kiabi,Shopify,Femme,Femme,,Lot 2 Pinces Crabe Cheveux Carrées,45.0,0.0,,En stock,Non,0.0,,1,0,0.991,0.0,0.5478,1,3.828641396489095,low-cost,2,8,0,4,Low-cost,-0.8694259533634069,0.53665966914916,0
Kiabi,Shopify,Femme,Femme,,Tee-Shirt Uni,45.0,0.0,,En stock,Non,0.0,,1,0,0.991,0.0,0.5478,1,3.828641396489095,low-cost,2,8,0,4,Low-cost,-0.8694259533634069,0.53665966914916,0
Lasolda,WooCommerce,Maison,Maison,,Pompe À Eau Manuel,49.0,0.0,,En stock,Non,0.0,,1,0,0.99,0.0,0.5475,1,3.912023005428146,low-cost,3,13,1,4,Low-cost,-0.3229307501479068,0.4177726111336739,0
Lasolda,WooCommerce,Maison,Maison,,Tiroir Rangement Vêtements ...,49.0,0.0,,En stock,Non,0.0,,1,0,0.99,0.0,0.5475,1,3.912023005428146,low-cost,3,13,1,4,Low-cost,-0.3229307501479068,0.4177726111336739,0
Lasolda,WooCommerce,Maison,Maison,,Ventilateur Manuel Pour Bar...,49.0,0.0,,En stock,Non,0.0,,1,0,0.99,0.0,0.5475,1,3.912023005428146,low-cost,3,13,1,4,Low-cost,-0.3229307501479068,0.4177726111336739,0
Lasolda,WooCommerce,Maison,Maison,,Cuillère Bois – Set 6 Cuill...,49.0,0.0,,En stock,Non,0.0,,1,0,0.99,0.0,0.5475,1,3.912023005428146,low-cost,3,13,1,4,Low-cost,-0.3229307501479068,0.4177726111336739,0
Lasolda,WooCommerce,Maison,Maison,,Gourde Avec Paille Pour L&#...,49.0,0.0,,En stock,Non,0.0,,1,0,0.99,0.0,0.5475,1,3.912023005428146,low-cost,3,13,1,4,Low-cost,-0.3229307501479068,0.4177726111336739,0
Kiabi,Shopify,Fille,Fille,,Lot De 6 Pinces Clic Clac,35.0,0.0,,En stock,Non,0.0,,1,0,0.9882,0.0,0.547,1,3.58351893845611,low-cost,2,9,0,4,Low-cost,-0.9615611054975052,0.703853979517544,0
Kiabi,Shopify,Fille,Fille,,Sac Cadeau 'Coeur',35.0,0.0,,En stock,Non,0.0,,1,0,0.9882,0.0,0.547,1,3.58351893845611,low-cost,2,9,0,4,Low-cost,-0.9615611054975052,0.703853979517544,0
Kiabi,Shopify,Fille,Fille,,Boite Cadeau 'Naissance',35.0,0.0,,En stock,Non,0.0,,1,0,0.9882,0.0,0.547,1,3.58351893845611,low-cost,2,9,0,4,Low-cost,-0.9615611054975052,0.703853979517544,0
Kiabi,Shopify,Fille,Fille,,T-Shirt Imprimé Message À Manches Courtes,35.0,0.0,,En stock,Non,0.0,,1,0,0.9882,0.0,0.547,1,3.58351893845611,low-cost,2,9,0,4,Low-cost,-0.9615611054975052,0.703853979517544,0
Kiabi,Shopify,Fille,Fille,,Sac Cadeau En Papier,35.0,0.0,,En stock,Non,0.0,,1,0,0.9882,0.0,0.547,1,3.58351893845611,low-cost,2,9,0,4,Low-cost,-0.9615611054975052,0.703853979517544,0
BeautyMarket,Shopify,Corps,Eau De Soin,,NATUREESOIN INCA EAU DE ROSE 125ML,35.0,0.0,,En stock,Non,0.0,https://beautymarket.ma/products/nature-soin-inca-eau-de-rose-125ml,1,0,0.9869,0.0,0.5467,1,3.58351893845611,low-cost,0,6,0,4,Low-cost,-1.833181414771833,0.8678721384379615,0
BeautyMarket,Shopify,Corps,Nettoyant Corps,,ECOTOOLS EXFOLIATING ECOPOUF,35.0,0.0,,En stock,Non,0.0,https://beautymarket.ma/products/ecotools-exfoliating-ecopouf,1,0,0.9869,0.0,0.5467,1,3.58351893845611,low-cost,0,6,0,4,Low-cost,-1.833181414771833,0.8678721384379615,0
BeautyMarket,Shopify,Corps,Gommage Peeling Corps,,NATURESOIN ARGILE ROUGE – 100 G,35.0,0.0,,En stock,Non,0.0,https://beautymarket.ma/products/naturesoin-argile-rouge-100-g,1,0,0.9869,0.0,0.5467,1,3.58351893845611,low-cost,0,6,0,4,Low-cost,-1.833181414771833,0.8678721384379615,0
Kiabi,Shopify,Garçon,Garçon,,T-Shirt Imprimé À Message,35.0,0.0,,En stock,Non,0.0,,1,0,0.9863,0.0,0.5466,1,3.58351893845611,low-cost,2,10,0,4,Low-cost,-0.941547513205576,0.7082505434865344,0
Kiabi,Shopify,Garçon,Garçon,,T-Shirt Imprimé Fantaisie À Manches Longues,35.0,0.0,,En stock,Non,0.0,,1,0,0.9863,0.0,0.5466,1,3.58351893845611,low-cost,2,10,0,4,Low-cost,-0.941547513205576,0.7082505434865344,0
Kiabi,Shopify,Bébé,Bébé,,Legging Long Uni,35.0,0.0,,En stock,Non,0.0,,1,0,0.986,0.0,0.5465,1,3.58351893845611,low-cost,2,3,0,4,Low-cost,-1.090509438814214,0.6663873368424078,0
Kiabi,Shopify,Bébé,Bébé,,Legging Long Uni En Maille Jersey,35.0,0.0,,En stock,Non,0.0,,1,0,0.986,0.0,0.5465,1,3.58351893845611,low-cost,2,3,0,4,Low-cost,-1.090509438814214,0.6663873368424078,0
Kiabi,Shopify,Bébé,Bébé,,T-Shirt En Jersey Avec Manches Courtes,35.0,0.0,,En stock,Non,0.0,,1,0,0.986,0.0,0.5465,1,3.58351893845611,low-cost,2,3,0,4,Low-cost,-1.090509438814214,0.6663873368424078,0
Kiabi,Shopify,Bébé,Bébé,,Pochette Cadeau,35.0,0.0,,En stock,Non,0.0,,1,0,0.986,0.0,0.5465,1,3.58351893845611,low-cost,2,3,0,4,Low-cost,-1.090509438814214,0.6663873368424078,0
Kiabi,Shopify,Bébé,Bébé,,T-Shirt À Manches Longues Avec Animation,35.0,0.0,,En stock,Non,0.0,,1,0,0.986,0.0,0.5465,1,3.58351893845611,low-cost,2,3,0,4,Low-cost,-1.090509438814214,0.6663873368424078,0
BeautyMarket,Shopify,Cheveux,Cheveux Boucles,,GARNIER ULTRA DOUX SHAMPOOING HONEY 200ML,26.0,0.0,,En stock,Non,0.0,https://beautymarket.ma/products/garnier-ultra-doux-shampooing-honey-200ml,1,0,0.9851,0.0,0.5463,1,3.295836866004329,low-cost,0,5,0,4,Low-cost,-1.98582634025132,1.05327547584531,0
BeautyMarket,Shopify,Cheveux,Shampoing Sec,,RACINE VITA RICIN 40 ML,26.0,0.0,,En stock,Non,0.0,https://beautymarket.ma/products/racine-vita-ricin-40-ml,1,0,0.9851,0.0,0.5463,1,3.295836866004329,low-cost,0,5,0,4,Low-cost,-1.98582634025132,1.05327547584531,0
Justyol,Shopify,Femme,Women,PARFUMORA,Angel,50.0,0.0,,En stock,,0.0,https://justyol.com/products/angel,1,0,0.9837,0.0,0.5459,1,3.9318256327243257,low-cost,1,8,0,4,Low-cost,-1.232037694158625,0.5516935042916465,0
Justyol,Shopify,Femme,Women,PARFUMORA,Addict,50.0,0.0,,En stock,,0.0,https://justyol.com/products/addict,1,0,0.9837,0.0,0.5459,1,3.9318256327243257,low-cost,1,8,0,4,Low-cost,-1.232037694158625,0.5516935042916465,0
Justyol,Shopify,Femme,Women,PARFUMORA,Jasmin Noir,50.0,0.0,,En stock,,0.0,https://justyol.com/products/jasmin-noir,1,0,0.9837,0.0,0.5459,1,3.9318256327243257,low-cost,1,8,0,4,Low-cost,-1.232037694158625,0.5516935042916465,0
Kiabi,Shopify,Femme,Femme,,Lot De 4 Pinces Crocodiles,50.0,0.0,,En stock,Non,0.0,,1,0,0.9837,0.0,0.5459,1,3.9318256327243257,low-cost,2,8,0,4,Low-cost,-0.8285410606055105,0.4602221843448847,0
Justyol,Shopify,Femme,Women,PARFUMORA,Elie Saab,50.0,0.0,,En stock,,0.0,https://justyol.com/products/elie-saab,1,0,0.9837,0.0,0.5459,1,3.9318256327243257,low-cost,1,8,0,4,Low-cost,-1.232037694158625,0.5516935042916465,0
Justyol,Shopify,Femme,Women,PARFUMORA,Bloom,50.0,0.0,,En stock,,0.0,https://justyol.com/products/bloom,1,0,0.9837,0.0,0.5459,1,3.9318256327243257,low-cost,1,8,0,4,Low-cost,-1.232037694158625,0.5516935042916465,0
Justyol,Shopify,Femme,Women,PARFUMORA,La Nuit Trésor,50.0,0.0,,En stock,,0.0,https://justyol.com/products/la-nuit-tresor,1,0,0.9837,0.0,0.5459,1,3.9318256327243257,low-cost,1,8,0,4,Low-cost,-1.232037694158625,0.5516935042916465,0
Justyol,Shopify,Femme,Women,PARFUMORA,Devotion,50.0,0.0,,En stock,,0.0,https://justyol.com/products/devotion,1,0,0.9837,0.0,0.5459,1,3.9318256327243257,low-cost,1,8,0,4,Low-cost,-1.232037694158625,0.5516935042916465,0
Justyol,Shopify,Femme,Women,PARFUMORA,Mon Paris,50.0,0.0,,En stock,,0.0,https://justyol.com/products/mon-paris,1,0,0.9837,0.0,0.5459,1,3.9318256327243257,low-cost,1,8,0,4,Low-cost,-1.232037694158625,0.5516935042916465,0
Justyol,Shopify,Femme,Women,PARFUMORA,MANIFESTO,50.0,0.0,,En stock,,0.0,https://justyol.com/products/manifesto,1,0,0.9837,0.0,0.5459,1,3.9318256327243257,low-cost,1,8,0,4,Low-cost,-1.232037694158625,0.5516935042916465,0
Justyol,Shopify,Femme,Women,PARFUMORA,Olympea,50.0,0.0,,En stock,,0.0,https://justyol.com/products/olympea,1,0,0.9837,0.0,0.5459,1,3.9318256327243257,low-cost,1,8,0,4,Low-cost,-1.232037694158625,0.5516935042916465,0
Justyol,Shopify,Femme,Women,PARFUMORA,Flowerbomb,50.0,0.0,,En stock,,0.0,https://justyol.com/products/flowerbomb,1,0,0.9837,0.0,0.5459,1,3.9318256327243257,low-cost,1,8,0,4,Low-cost,-1.232037694158625,0.5516935042916465,0
Justyol,Shopify,Femme,Women,PARFUMORA,So Elixir,50.0,0.0,,En stock,,0.0,https://justyol.com/products/so-elixir,1,0,0.9837,0.0,0.5459,1,3.9318256327243257,low-cost,1,8,0,4,Low-cost,-1.232037694158625,0.5516935042916465,0
Justyol,Shopify,Femme,Women,PARFUMORA,Nina Ricci,50.0,0.0,,En stock,,0.0,https://justyol.com/products/nina-ricci,1,0,0.9837,0.0,0.5459,1,3.9318256327243257,low-cost,1,8,0,4,Low-cost,-1.232037694158625,0.5516935042916465,0
Justyol,Shopify,Femme,Women,PARFUMORA,GABRIELLE CHANEL,50.0,0.0,,En stock,,0.0,https://justyol.com/products/gabrielle-chanel,1,0,0.9837,0.0,0.5459,1,3.9318256327243257,low-cost,1,8,0,4,Low-cost,-1.232037694158625,0.5516935042916465,0
Justyol,Shopify,Femme,Women,PARFUMORA,Samsara,50.0,0.0,,En stock,,0.0,https://justyol.com/products/samsara,1,0,0.9837,0.0,0.5459,1,3.9318256327243257,low-cost,1,8,0,4,Low-cost,-1.232037694158625,0.5516935042916465,0
Justyol,Shopify,Femme,Women,PARFUMORA,Light Bleu,50.0,0.0,,En stock,,0.0,https://justyol.com/products/light-bleu,1,0,0.9837,0.0,0.5459,1,3.9318256327243257,low-cost,1,8,0,4,Low-cost,-1.232037694158625,0.5516935042916465,0
Justyol,Shopify,Femme,Women,PARFUMORA,Ameerat Al Arab,50.0,0.0,,En stock,,0.0,https://justyol.com/products/ameerat-al-arab,1,0,0.9837,0.0,0.5459,1,3.9318256327243257,low-cost,1,8,0,4,Low-cost,-1.232037694158625,0.5516935042916465,0
Justyol,Shopify,Femme,Women,PARFUMORA,Lady Million,50.0,0.0,,En stock,,0.0,https://justyol.com/products/lady-million,1,0,0.9837,0.0,0.5459,1,3.9318256327243257,low-cost,1,8,0,4,Low-cost,-1.232037694158625,0.5516935042916465,0
Justyol,Shopify,Femme,Women,PARFUMORA,La Petite Robe Noire,50.0,0.0,,En stock,,0.0,https://justyol.com/products/la-petite-robe-noire,1,0,0.9837,0.0,0.5459,1,3.9318256327243257,low-cost,1,8,0,4,Low-cost,-1.232037694158625,0.5516935042916465,0
Justyol,Shopify,Femme,Women,PARFUMORA,Escada Taj,50.0,0.0,,En stock,,0.0,https://justyol.com/products/escada-taj,1,0,0.9837,0.0,0.5459,1,3.9318256327243257,low-cost,1,8,0,4,Low-cost,-1.232037694158625,0.5516935042916465,0
Justyol,Shopify,Femme,Women,PARFUMORA,Crystal Noir,50.0,0.0,,En stock,,0.0,https://justyol.com/products/crystal-noir,1,0,0.9837,0.0,0.5459,1,3.9318256327243257,low-cost,1,8,0,4,Low-cost,-1.232037694158625,0.5516935042916465,0
Justyol,Shopify,Femme,Women,PARFUMORA,Twily,50.0,0.0,,En stock,,0.0,https://justyol.com/products/twily,1,0,0.9837,0.0,0.5459,1,3.9318256327243257,low-cost,1,8,0,4,Low-cost,-1.232037694158625,0.5516935042916465,0
Justyol,Shopify,Femme,Women,PARFUMORA,Miss Dior,50.0,0.0,,En stock,,0.0,https://justyol.com/products/miss-dior,1,0,0.9837,0.0,0.5459,1,3.9318256327243257,low-cost,1,8,0,4,Low-cost,-1.232037694158625,0.5516935042916465,0
Justyol,Shopify,Femme,Women,PARFUMORA,Delina,50.0,0.0,,En stock,,0.0,https://justyol.com/products/delina,1,0,0.9837,0.0,0.5459,1,3.9318256327243257,low-cost,1,8,0,4,Low-cost,-1.232037694158625,0.5516935042916465,0
Justyol,Shopify,Femme,Women,PARFUMORA,Good Girl,50.0,0.0,,En stock,,0.0,https://justyol.com/products/good-girl,1,0,0.9837,0.0,0.5459,1,3.9318256327243257,low-cost,1,8,0,4,Low-cost,-1.232037694158625,0.5516935042916465,0
Justyol,Shopify,Femme,Women,PARFUMORA,Si Passione,50.0,0.0,,En stock,,0.0,https://justyol.com/products/si-passione,1,0,0.9837,0.0,0.5459,1,3.9318256327243257,low-cost,1,8,0,4,Low-cost,-1.232037694158625,0.5516935042916465,0
Justyol,Shopify,Femme,Women,PARFUMORA,Scandal Femme,50.0,0.0,,En stock,,0.0,https://justyol.com/products/scandal-femme,1,0,0.9837,0.0,0.5459,1,3.9318256327243257,low-cost,1,8,0,4,Low-cost,-1.232037694158625,0.5516935042916465,0
Justyol,Shopify,Femme,Women,PARFUMORA,Idole,50.0,0.0,,En stock,,0.0,https://justyol.com/products/idole,1,0,0.9837,0.0,0.5459,1,3.9318256327243257,low-cost,1,8,0,4,Low-cost,-1.232037694158625,0.5516935042916465,0
Justyol,Shopify,Femme,Women,PARFUMORA,L’IMPÉRATRICE,50.0,0.0,,En stock,,0.0,https://justyol.com/products/l-imperatrice,1,0,0.9837,0.0,0.5459,1,3.9318256327243257,low-cost,1,8,0,4,Low-cost,-1.232037694158625,0.5516935042916465,0
Justyol,Shopify,Femme,Women,PARFUMORA,Alien,50.0,0.0,,En stock,,0.0,https://justyol.com/products/alien,1,0,0.9837,0.0,0.5459,1,3.9318256327243257,low-cost,1,8,0,4,Low-cost,-1.232037694158625,0.5516935042916465,0
Justyol,Shopify,Femme,Women,PARFUMORA,The One,50.0,0.0,,En stock,,0.0,https://justyol.com/products/the-one,1,0,0.9837,0.0,0.5459,1,3.9318256327243257,low-cost,1,8,0,4,Low-cost,-1.232037694158625,0.5516935042916465,0
Justyol,Shopify,Femme,Women,PARFUMORA,For Her,50.0,0.0,,En stock,,0.0,https://justyol.com/products/for-her,1,0,0.9837,0.0,0.5459,1,3.9318256327243257,low-cost,1,8,0,4,Low-cost,-1.232037694158625,0.5516935042916465,0
Justyol,Shopify,Femme,Women,PARFUMORA,La Vie Est Belle,50.0,0.0,,En stock,,0.0,https://justyol.com/products/la-vie-est-belle,1,0,0.9837,0.0,0.5459,1,3.9318256327243257,low-cost,1,8,0,4,Low-cost,-1.232037694158625,0.5516935042916465,0
Justyol,Shopify,Femme,Women,PARFUMORA,Black Opium,50.0,0.0,,En stock,,0.0,https://justyol.com/products/black-opium,1,0,0.9837,0.0,0.5459,1,3.9318256327243257,low-cost,1,8,0,4,Low-cost,-1.232037694158625,0.5516935042916465,0
Justyol,Shopify,Femme,Women,PARFUMORA,Yara Candy,50.0,0.0,,En stock,,0.0,https://justyol.com/products/yara-candy,1,0,0.9837,0.0,0.5459,1,3.9318256327243257,low-cost,1,8,0,4,Low-cost,-1.232037694158625,0.5516935042916465,0
Justyol,Shopify,Femme,Women,PARFUMORA,Oud bouq,50.0,0.0,,En stock,,0.0,https://justyol.com/products/oud-bouq,1,0,0.9837,0.0,0.5459,1,3.9318256327243257,low-cost,1,8,0,4,Low-cost,-1.232037694158625,0.5516935042916465,0
Justyol,Shopify,Femme,Women,PARFUMORA,Coco Chanel,50.0,0.0,,En stock,,0.0,https://justyol.com/products/coco-chanel,1,0,0.9837,0.0,0.5459,1,3.9318256327243257,low-cost,1,8,0,4,Low-cost,-1.232037694158625,0.5516935042916465,0
Justyol,Shopify,Femme,Women,PARFUMORA,Baccarat rouge Femme,50.0,0.0,,En stock,,0.0,https://justyol.com/products/baccarat-rouge-femme,1,0,0.9837,0.0,0.5459,1,3.9318256327243257,low-cost,1,8,0,4,Low-cost,-1.232037694158625,0.5516935042916465,0
Justyol,Shopify,Femme,Women,PARFUMORA,Paradoxe,50.0,0.0,,En stock,,0.0,https://justyol.com/products/paradoxe,1,0,0.9837,0.0,0.5459,1,3.9318256327243257,low-cost,1,8,0,4,Low-cost,-1.232037694158625,0.5516935042916465,0
Justyol,Shopify,Femme,Women,PARFUMORA,L'interdit,50.0,0.0,,En stock,,0.0,https://justyol.com/products/linterdit,1,0,0.9837,0.0,0.5459,1,3.9318256327243257,low-cost,1,8,0,4,Low-cost,-1.232037694158625,0.5516935042916465,0
Justyol,Shopify,Femme,Women,PARFUMORA,Kayali,50.0,0.0,,En stock,,0.0,https://justyol.com/products/kayali,1,0,0.9837,0.0,0.5459,1,3.9318256327243257,low-cost,1,8,0,4,Low-cost,-1.232037694158625,0.5516935042916465,0
Justyol,Shopify,Femme,Women,PARFUMORA,J'adore,50.0,0.0,,En stock,,0.0,https://justyol.com/products/jadore,1,0,0.9837,0.0,0.5459,1,3.9318256327243257,low-cost,1,8,0,4,Low-cost,-1.232037694158625,0.5516935042916465,0
Justyol,Shopify,Femme,Women,PARFUMORA,La Belle,50.0,0.0,,En stock,,0.0,https://justyol.com/products/la-belle,1,0,0.9837,0.0,0.5459,1,3.9318256327243257,low-cost,1,8,0,4,Low-cost,-1.232037694158625,0.5516935042916465,0
Justyol,Shopify,Femme,Women,PARFUMORA,Libre,50.0,0.0,,En stock,,0.0,https://justyol.com/products/libre,1,0,0.9837,0.0,0.5459,1,3.9318256327243257,low-cost,1,8,0,4,Low-cost,-1.232037694158625,0.5516935042916465,0
Justyol,Shopify,Femme,Women,PARFUMORA,Flora,50.0,0.0,,En stock,,0.0,https://justyol.com/products/flora,1,0,0.9837,0.0,0.5459,1,3.9318256327243257,low-cost,1,8,0,4,Low-cost,-1.232037694158625,0.5516935042916465,0
Justyol,Shopify,Femme,Women,PARFUMORA,My Way,50.0,0.0,,En stock,,0.0,https://justyol.com/products/my-way,1,0,0.9837,0.0,0.5459,1,3.9318256327243257,low-cost,1,8,0,4,Low-cost,-1.232037694158625,0.5516935042916465,0
Justyol,Shopify,Femme,Women,PARFUMORA,Eros,50.0,0.0,,En stock,,0.0,https://justyol.com/products/eros,1,0,0.9837,0.0,0.5459,1,3.9318256327243257,low-cost,1,8,0,4,Low-cost,-1.232037694158625,0.5516935042916465,0
Justyol,Shopify,Femme,Women,PARFUMORA,Light Bleu Femme,50.0,0.0,,En stock,,0.0,https://justyol.com/products/light-bleu-femme,1,0,0.9837,0.0,0.5459,1,3.9318256327243257,low-cost,1,8,0,4,Low-cost,-1.232037694158625,0.5516935042916465,0
BeautyMarket,Shopify,Cheveux,Huile Cheveux,,NATURESOIN HUILE DE PARAFFINE – 50 ML,27.0,0.0,,En stock,Non,0.0,https://beautymarket.ma/products/naturesoin-huile-de-paraffine-50-ml,1,0,0.9833,0.0,0.5458,1,3.332204510175204,low-cost,0,5,0,4,Low-cost,-1.9708975749455184,1.0269834666723117,0
BeautyMarket,Shopify,Cheveux,Brosses Et Accessoires,,"BETER HAIR STYLE PINCE À GRIFFES DE 5,5 CM 19236",27.0,0.0,,En stock,Non,0.0,https://beautymarket.ma/products/beter-hair-style-pince-a-griffes-de-5-5-cm-19236,1,0,0.9833,0.0,0.5458,1,3.332204510175204,low-cost,0,5,0,4,Low-cost,-1.9708975749455184,1.0269834666723117,0
BeautyMarket,Shopify,Cheveux,Brosses Et Accessoires,,BETER HS ELASTIQUES POUR QUEUE DE CHEVAL À PAILLETTES - 16 PIÈCES 19214,27.0,0.0,,En stock,Non,0.0,https://beautymarket.ma/products/beter-hs-elastiques-pour-queue-de-cheval-a-paillettes-16-pieces-19214,1,0,0.9833,0.0,0.5458,1,3.332204510175204,low-cost,0,5,0,4,Low-cost,-1.9708975749455184,1.0269834666723117,0
Lasolda,WooCommerce,Automobile et bricolage,Automobile et bricolage,,Lot 50 sachets zip plastiqu...,46.0,0.0,,En stock,Non,0.0,,1,0,0.9818,0.0,0.5454,1,3.8501476017100575,low-cost,3,0,1,4,Low-cost,-0.633427870564878,0.3741884678503511,0
BeautyMarket,Shopify,Corps,Nettoyant Corps,,NIVEA GEL DOUCHE PURE FRESH 250 ML,36.0,0.0,,En stock,Non,0.0,https://beautymarket.ma/products/nivea-gel-douche-pure-fresh-250-ml,1,0,0.9813,0.0,0.5453,1,3.610917912644224,low-cost,0,6,0,4,Low-cost,-1.8250630182268404,0.8441517397678041,0
Justyol,Shopify,Maison,Home All,MAISON GOOD AND WELL,Drap housse 100 % coton - Gris / 90/190/35,230.0,329.0,30.0,En stock,,0.0,,1,0,0.741,0.3,0.5452,1,5.442417710521793,mid-range,1,13,0,2,Mid-range,-0.2304120665184293,0.2074966193442902,0
Justyol,Shopify,Maison,Home All,MAISON GOOD AND WELL,Drap housse 100 % coton - Noir anthracite / 160/200/35,230.0,329.0,30.0,En stock,,0.0,,1,0,0.741,0.3,0.5452,1,5.442417710521793,mid-range,1,13,0,2,Mid-range,-0.2304120665184293,0.2074966193442902,0
Justyol,Shopify,Maison,Home All,MAISON GOOD AND WELL,Drap housse 100 % coton - Noir anthracite / 140/200/35,230.0,329.0,30.0,En stock,,0.0,,1,0,0.741,0.3,0.5452,1,5.442417710521793,mid-range,1,13,0,2,Mid-range,-0.2304120665184293,0.2074966193442902,0
Justyol,Shopify,Maison,Home All,MAISON GOOD AND WELL,Drap housse 100 % coton - Beige / 90/190/35,230.0,329.0,30.0,En stock,,0.0,,1,0,0.741,0.3,0.5452,1,5.442417710521793,mid-range,1,13,0,2,Mid-range,-0.2304120665184293,0.2074966193442902,0
BeautyMarket,Shopify,Solaire,Soin Apres Soleil,,ZIAJA APRÈS SOLAIRE GEL APAISANT 200ML,66.0,0.0,,En stock,Non,0.0,https://beautymarket.ma/products/ziaja-sun-brulure-solaire-gel-apaisant-200ml,1,0,0.9807,0.0,0.5452,1,4.204692619390966,low-cost,0,18,0,0,Mid-range,-1.3018275955614382,0.5168203921459273,0
Justyol,Shopify,Maison,Home All,MAISON GOOD AND WELL,Drap housse 100 % coton - Blanc / 140/200/35,230.0,329.0,30.0,En stock,,0.0,,1,0,0.741,0.3,0.5452,1,5.442417710521793,mid-range,1,13,0,2,Mid-range,-0.2304120665184293,0.2074966193442902,0
Justyol,Shopify,Maison,Home All,MAISON GOOD AND WELL,Drap housse 100 % coton - Bleu / 140/200/35,230.0,329.0,30.0,En stock,,0.0,,1,0,0.741,0.3,0.5452,1,5.442417710521793,mid-range,1,13,0,2,Mid-range,-0.2304120665184293,0.2074966193442902,0
Justyol,Shopify,Maison,Home All,MAISON GOOD AND WELL,Drap housse 100 % coton - Bleu / 90/190/35,230.0,329.0,30.0,En stock,,0.0,,1,0,0.741,0.3,0.5452,1,5.442417710521793,mid-range,1,13,0,2,Mid-range,-0.2304120665184293,0.2074966193442902,0
Justyol,Shopify,Maison,Home All,MAISON GOOD AND WELL,Drap housse 100 % coton - Gris / 140/200/35,230.0,329.0,30.0,En stock,,0.0,,1,0,0.741,0.3,0.5452,1,5.442417710521793,mid-range,1,13,0,2,Mid-range,-0.2304120665184293,0.2074966193442902,0
BeautyMarket,Shopify,Cheveux,Shampoing Sec,,ELSEVE HUILE EXTRAODINAIRE SHAMP NUTRITION ECLAT 200ML,29.0,0.0,,En stock,Non,0.0,https://beautymarket.ma/products/elseve-huile-extraodinaire-shamp-nutrition-eclat-200ml,1,0,0.9807,0.0,0.5452,1,3.4011973816621555,low-cost,0,5,0,4,Low-cost,-1.941510603398408,0.978437594762366,0
Justyol,Shopify,Maison,Home All,MAISON GOOD AND WELL,Drap housse 100 % coton - Beige / 140/200/35,230.0,329.0,30.0,En stock,,0.0,,1,0,0.741,0.3,0.5452,1,5.442417710521793,mid-range,1,13,0,2,Mid-range,-0.2304120665184293,0.2074966193442902,0
Justyol,Shopify,Maison,Home All,MAISON GOOD AND WELL,Drap housse 100 % coton - Noir anthracite / 90/190/35,230.0,329.0,30.0,En stock,,0.0,,1,0,0.741,0.3,0.5452,1,5.442417710521793,mid-range,1,13,0,2,Mid-range,-0.2304120665184293,0.2074966193442902,0
Justyol,Shopify,Maison,Home All,MAISON GOOD AND WELL,Drap housse 100 % coton - Noir anthracite / 180/200/35,230.0,329.0,30.0,En stock,,0.0,,1,0,0.741,0.3,0.5452,1,5.442417710521793,mid-range,1,13,0,2,Mid-range,-0.2304120665184293,0.2074966193442902,0
BeautyMarket,Shopify,Cheveux,Brosses Et Accessoires,,BETER HAIRSTYLE BANDEAU CHEVEUX NOIR CLASSIQUE 19253,30.0,0.0,,En stock,Non,0.0,https://beautymarket.ma/products/beter-hairstyle-bandeau-cheveux-noir-classique-19253,1,0,0.9798,0.0,0.545,1,3.4339872044851463,low-cost,0,5,0,4,Low-cost,-1.9272836634532813,0.9556910699895588,0
BeautyMarket,Shopify,Cheveux,Brosses Et Accessoires,,BETER HAIRSTYLE 4 CLIPS OVALES ÉPOXY 19230,30.0,0.0,,En stock,Non,0.0,https://beautymarket.ma/products/beter-hairstyle-4-clips-ovales-epoxy-19230,1,0,0.9798,0.0,0.545,1,3.4339872044851463,low-cost,0,5,0,4,Low-cost,-1.9272836634532813,0.9556910699895588,0
BeautyMarket,Shopify,Cheveux,Brosses Et Accessoires,,BETER HAIRSTYLE TRESSE ÉLASTIQUE 4 PIÈCES 19226,30.0,0.0,,En stock,Non,0.0,https://beautymarket.ma/products/beter-hairstyle-tresse-elastique-4-pieces-19226,1,0,0.9798,0.0,0.545,1,3.4339872044851463,low-cost,0,5,0,4,Low-cost,-1.9272836634532813,0.9556910699895588,0
BeautyMarket,Shopify,Cheveux,Huile Cheveux,,RACINE VITA GLYCERINE 40ML,30.0,0.0,,En stock,Non,0.0,https://beautymarket.ma/products/racine-vita-glycerine-40ml,1,0,0.9798,0.0,0.545,1,3.4339872044851463,low-cost,0,5,0,4,Low-cost,-1.9272836634532813,0.9556910699895588,0
BeautyMarket,Shopify,Cheveux,Brosses Et Accessoires,,BETER HAIRSTYLE PINCE À CHEVEUX RECTANGULAIRE 5CM 2 PIÈCES 19241,30.0,0.0,,En stock,Non,0.0,https://beautymarket.ma/products/beter-hairstyle-pince-a-cheveux-rectangulaire-5cm-2-pieces-19241,1,0,0.9798,0.0,0.545,1,3.4339872044851463,low-cost,0,5,0,4,Low-cost,-1.9272836634532813,0.9556910699895588,0
BeautyMarket,Shopify,Cheveux,Brosses Et Accessoires,,"BETER HAIRSTYLE PINCE À CHEVEUX ÉCAILLE 6,5CM 19240",30.0,0.0,,En stock,Non,0.0,https://beautymarket.ma/products/beter-hairstyle-pince-a-cheveux-ecaille-6-5cm-19241,1,0,0.9798,0.0,0.545,1,3.4339872044851463,low-cost,0,5,0,4,Low-cost,-1.9272836634532813,0.9556910699895588,0
Lasolda,WooCommerce,Maison,Maison,,"Bouteille , Bonbonne, Gourd...",59.0,0.0,,En stock,Non,0.0,,1,0,0.9801,0.0,0.545,1,4.0943445622221,low-cost,3,13,1,4,Low-cost,-0.248068198670702,0.2859885429129533,0
BeautyMarket,Shopify,Cheveux,Brosses Et Accessoires,,BETER HAIRSTYLE PINCE À GRIFFES NOIR MAT 2 PIÈCES 19237,30.0,0.0,,En stock,Non,0.0,https://beautymarket.ma/products/beter-hairstyle-pince-a-griffes-noir-mat-19237,1,0,0.9798,0.0,0.545,1,3.4339872044851463,low-cost,0,5,0,4,Low-cost,-1.9272836634532813,0.9556910699895588,0
BeautyMarket,Shopify,Cheveux,Brosses Et Accessoires,,BETER HAIRSTYLE ÉPINGLE À CHEVEUX - 8 PIÈCES 19229,30.0,0.0,,En stock,Non,0.0,https://beautymarket.ma/products/beter-hairstyle-epingle-a-cheveux-8-pieces-19229,1,0,0.9798,0.0,0.545,1,3.4339872044851463,low-cost,0,5,0,4,Low-cost,-1.9272836634532813,0.9556910699895588,0
BeautyMarket,Shopify,Cheveux,Brosses Et Accessoires,,BETER HAIRSTYLE ORNEMENT DE CHEVEUX 19204,30.0,0.0,,En stock,Non,0.0,https://beautymarket.ma/products/beter-hairstyle-ornement-de-cheveux-19204,1,0,0.9798,0.0,0.545,1,3.4339872044851463,low-cost,0,5,0,4,Low-cost,-1.9272836634532813,0.9556910699895588,0
Lasolda,WooCommerce,Maison,Maison,,Mini Soudeuse pour sachets ...,59.0,0.0,,En stock,Non,0.0,,1,0,0.9801,0.0,0.545,1,4.0943445622221,low-cost,3,13,1,4,Low-cost,-0.248068198670702,0.2859885429129533,0
BeautyMarket,Shopify,Cheveux,Brosses Et Accessoires,,BETER HAIRSTYLE PINCE À GRIFFES ÉCAILLE 9 CM 19239,30.0,0.0,,En stock,Non,0.0,https://beautymarket.ma/products/beter-hairstyle-pince-a-griffes-ecaille-9-cm-19239,1,0,0.9798,0.0,0.545,1,3.4339872044851463,low-cost,0,5,0,4,Low-cost,-1.9272836634532813,0.9556910699895588,0
BeautyMarket,Shopify,Cheveux,Brosses Et Accessoires,,BETER HAIRSTYLE ENSEMBLE 2 BANDEAUX NOIR ET MARRON REF 19250,30.0,0.0,,En stock,Non,0.0,https://beautymarket.ma/products/beter-hairstyle-ensemble-2-bandeaux-noir-et-marron-ref-19250,1,0,0.9798,0.0,0.545,1,3.4339872044851463,low-cost,0,5,0,4,Low-cost,-1.9272836634532813,0.9556910699895588,0
BeautyMarket,Shopify,Corps,Hydratant Corps,,RACINE VITA CRÈME HYDRATANTE AU CONCOMBRE,38.0,0.0,,En stock,Non,0.0,https://beautymarket.ma/products/racine-vita-creme-hydratante-au-concombre,1,0,0.9794,0.0,0.5449,1,3.6635616461296463,low-cost,0,6,0,4,Low-cost,-1.8024630517030031,0.807330763595023,0
Justyol,Shopify,Femme,Women,JWOMEN,rs-02Baskets Femme Semelle Fine Style Minimaliste - taba / 38,154.2,389.84,60.0,En stock,,0.0,,1,0,0.4991,0.6,0.5448,1,5.044714607749119,mid-range,1,8,0,4,Low-cost,-0.3037996609307642,1.084485452029422,0
Kiabi,Shopify,Chaussures,Chaussures,,Chaussons En Suédine Avec Oreilles En Relief,75.0,0.0,,En stock,Non,0.0,,1,0,0.9787,0.0,0.5447,1,4.330733340286331,low-cost,2,4,0,4,Low-cost,-0.7366379813626899,0.1645082616656683,0
Kiabi,Shopify,Chaussures,Chaussures,,Chaussons À Lacets,75.0,0.0,,En stock,Non,0.0,,1,0,0.9787,0.0,0.5447,1,4.330733340286331,low-cost,2,4,0,4,Low-cost,-0.7366379813626899,0.1645082616656683,0
Kiabi,Shopify,Chaussures,Chaussures,,Baskets Montantes En Toile,75.0,0.0,,En stock,Non,0.0,,1,0,0.9787,0.0,0.5447,1,4.330733340286331,low-cost,2,4,0,4,Low-cost,-0.7366379813626899,0.1645082616656683,0
Kiabi,Shopify,Chaussures,Chaussures,,Chaussons 'Lapin',75.0,0.0,,En stock,Non,0.0,,1,0,0.9787,0.0,0.5447,1,4.330733340286331,low-cost,2,4,0,4,Low-cost,-0.7366379813626899,0.1645082616656683,0
Kiabi,Shopify,Chaussures,Chaussures,,Chaussons En Velours,75.0,0.0,,En stock,Non,0.0,,1,0,0.9787,0.0,0.5447,1,4.330733340286331,low-cost,2,4,0,4,Low-cost,-0.7366379813626899,0.1645082616656683,0
BeautyMarket,Shopify,Solaire,Solaire,,KALINE K-SUN PEAUX MIXTES À GRASSES NATURELLE CLAIRE SPF 50 = K-AQUA COLD CREA OFFERT,85.0,0.0,,En stock,Non,0.0,https://beautymarket.ma/products/kaline-k-sun-peaux-mixtes-a-grasses-naturelle-claire-spf-50-k-aqua-cold-cream-offerte,1,0,0.9786,0.0,0.5446,1,4.454347296253507,low-cost,0,18,0,0,Mid-range,-1.190685387571606,0.3471611103395839,0
BeautyMarket,Shopify,Corps,Nettoyant Corps,,BETER COFFEE O CLOCK EPONGE EN MAILLE GOMMAGE 22225,39.0,0.0,,En stock,Non,0.0,https://beautymarket.ma/products/beter-coffee-o-clock-eponge-en-maille-gommage,1,0,0.9776,0.0,0.5444,1,3.688879454113936,low-cost,0,6,0,4,Low-cost,-1.7925346901527686,0.7884464261021105,0
BeautyMarket,Shopify,Solaire,Solaire,,CLARINE ECRAN INVISIBLE,86.0,0.0,,En stock,Non,0.0,https://beautymarket.ma/products/clarine-ecran-invisible,1,0,0.9764,0.0,0.5441,1,4.465908118654584,low-cost,0,18,0,0,Mid-range,-1.18698250133286,0.3374992835506615,0
BeautyMarket,Shopify,Solaire,Solaire,,CLARINE ECRAN TEINTE,86.0,0.0,,En stock,Non,0.0,https://beautymarket.ma/products/clarine-ecran-teinte,1,0,0.9764,0.0,0.5441,1,4.465908118654584,low-cost,0,18,0,0,Mid-range,-1.18698250133286,0.3374992835506615,0
Lasolda,WooCommerce,Maison,Maison,,Lot de 2 pains de glace 15&...,69.0,0.0,,En stock,Non,0.0,,1,0,0.9761,0.0,0.544,1,4.248495242049359,low-cost,3,13,1,4,Low-cost,-0.1813676033773483,0.1788246665811445,0
BeautyMarket,Shopify,Corps,Nettoyant Corps,,LAINO GEL DOUCHE HYDRATANT 3 EN 1 AU MONOÏ DE TAHITI 200 ML,43.0,0.0,,En stock,Non,0.0,https://beautymarket.ma/products/laino-gel-douche-hydratant-3-en-1-au-monoi-de-tahiti-200-ml,1,0,0.9757,0.0,0.5439,1,3.784189633918261,low-cost,0,6,0,4,Low-cost,-1.750932545118318,0.7226400798302115,0
BeautyMarket,Shopify,Corps,Gel Douche,,LAINO GEL DOUCHE AU PUPLE DE PECHE BLANCHE 200ML,43.0,0.0,,En stock,Non,0.0,https://beautymarket.ma/products/laino-gel-douche-au-puple-de-peche-blanche-200ml,1,0,0.9757,0.0,0.5439,1,3.784189633918261,low-cost,0,6,0,4,Low-cost,-1.750932545118318,0.7226400798302115,0
Lasolda,WooCommerce,Maison,Maison,,Bouée Enfant Fantaisie Ø 6...,79.0,0.0,,En stock,Non,0.0,,1,0,0.9741,0.0,0.5435,1,4.382026634673881,low-cost,3,13,1,4,Low-cost,-0.1224691389313522,0.0873952983018754,0
Lasolda,WooCommerce,Maison,Maison,,Batteur Mécanique Manuel,79.0,0.0,,En stock,Non,0.0,,1,0,0.9741,0.0,0.5435,1,4.382026634673881,low-cost,3,13,1,4,Low-cost,-0.1224691389313522,0.0873952983018754,0
Kiabi,Shopify,Garçon,Garçon,,Sac Cadeau En Papier 'Mickey' 'Disney',45.0,0.0,,En stock,Non,0.0,,1,0,0.9726,0.0,0.5432,1,3.828641396489095,low-cost,2,10,0,4,Low-cost,-0.8410173075200649,0.5309246647862691,0
Kiabi,Shopify,Garçon,Garçon,,T-Shirt Basique À Manches Longues,45.0,0.0,,En stock,Non,0.0,,1,0,0.9726,0.0,0.5432,1,3.828641396489095,low-cost,2,10,0,4,Low-cost,-0.8410173075200649,0.5309246647862691,0
BeautyMarket,Shopify,Corps,Nettoyant Corps,,"REVUELE SHOWER GEL NOURISHING MAGIC, 400 ML",45.0,0.0,,En stock,Non,0.0,https://beautymarket.ma/products/revuele-shower-gel-nourishing-magic-400-ml,1,0,0.972,0.0,0.543,1,3.828641396489095,low-cost,0,6,0,4,Low-cost,-1.7335684621447838,0.6893993019244696,0
BeautyMarket,Shopify,Corps,Nettoyant Corps,,"REVUELE SHOWER GEL PURE REVITALIZING, 400 ML",45.0,0.0,,En stock,Non,0.0,https://beautymarket.ma/products/revuele-shower-gel-pure-revitalizing-400-ml,1,0,0.972,0.0,0.543,1,3.828641396489095,low-cost,0,6,0,4,Low-cost,-1.7335684621447838,0.6893993019244696,0
BeautyMarket,Shopify,Corps,Gel Douche,,L'ORÉAL PARIS MEN EXPERT GEL DOUCHE HYDRA ENERGETIC EXTREME SPORT 300ML,45.0,0.0,,En stock,Non,0.0,https://beautymarket.ma/products/loreal-paris-men-expert-gel-douche-hydra-energetic-extreme-sport-300ml,1,0,0.972,0.0,0.543,1,3.828641396489095,low-cost,0,6,0,4,Low-cost,-1.7335684621447838,0.6893993019244696,0
BeautyMarket,Shopify,Solaire,Solaire,,BIODERMA – PHOTODERM APRÈS-SOLEIL LAIT FRAÎCHEUR – 200ML,88.0,0.0,,En stock,Non,0.0,https://beautymarket.ma/products/bioderma-photoderm-apres-soleil-lait-fraicheur-200ml,1,0,0.9722,0.0,0.543,1,4.48863636973214,low-cost,0,18,0,0,Mid-range,-1.180060503098428,0.3180570369238867,0
BeautyMarket,Shopify,Corps,Nettoyant Corps,,"REVUELE SHOWER GEL FRESHNESS BOOST, 400 ML",45.0,0.0,,En stock,Non,0.0,https://beautymarket.ma/products/revuele-shower-gel-freshness-boost-400-ml,1,0,0.972,0.0,0.543,1,3.828641396489095,low-cost,0,6,0,4,Low-cost,-1.7335684621447838,0.6893993019244696,0
BeautyMarket,Shopify,Solaire,Solaire,,KALINE K-SUN PEAUX NORMALES À SÈCHES NATURELLE DORÉE SPF 50 + K-AQUA COLD CREAM OFFERT,89.0,0.0,,En stock,Non,0.0,https://beautymarket.ma/products/kaline-k-sun-peaux-normales-a-seches-naturelle-doree-spf-50-k-aqua-cold-cream-offerte,1,0,0.97,0.0,0.5425,1,4.499809670330265,low-cost,0,18,0,0,Mid-range,-1.176532982851188,0.3086549998944375,0
BeautyMarket,Shopify,Solaire,Solaire,,KALINE K-SUN PEAUX NORMALES À SÈCHES BONNE MINE SPF 50 + K-AQUA COLD CREAM OFFERT,89.0,0.0,,En stock,Non,0.0,https://beautymarket.ma/products/kaline-k-sun-peaux-normales-a-seches-bonne-mine-spf-50-k-aqua-cold-cream-offerte,1,0,0.97,0.0,0.5425,1,4.499809670330265,low-cost,0,18,0,0,Mid-range,-1.176532982851188,0.3086549998944375,0
BeautyMarket,Shopify,Solaire,Auto Bronzant,,NIVEA LAIT PROTECTEUR INTENSE BRONZE SPF 6,89.0,0.0,,En stock,Non,0.0,https://beautymarket.ma/products/nivea-lait-protecteur-intense-bronze-spf-6,1,0,0.97,0.0,0.5425,1,4.499809670330265,low-cost,0,18,0,0,Mid-range,-1.176532982851188,0.3086549998944375,0
BeautyMarket,Shopify,Solaire,Solaire,,KALINE K-SUN PEAUX NORMALES À SÈCHES NATURELLE CLAIRE SPF 50 = K-AQUA COLD CREAM OFFERT,89.0,0.0,,En stock,Non,0.0,https://beautymarket.ma/products/kaline-k-sun-peaux-normales-a-seches-naturelle-claire-spf-50-k-aqua-cold-cream-offerte,1,0,0.97,0.0,0.5425,1,4.499809670330265,low-cost,0,18,0,0,Mid-range,-1.176532982851188,0.3086549998944375,0
BeautyMarket,Shopify,Solaire,Solaire,,SKIN1004 MADAGASCAR CENTELLA HYALU-CICA WATER-FIT SUN SERUM SPF50+ 15ML – ÉCRAN SOLAIRE HYDRATANT & APAISANT,89.0,0.0,,En stock,Non,0.0,https://beautymarket.ma/products/skin-1004-madagascar-centella-hyalu-cica-water-fit-sun-serum-spf-50-15-ml,1,0,0.97,0.0,0.5425,1,4.499809670330265,low-cost,0,18,0,0,Mid-range,-1.176532982851188,0.3086549998944375,0
BeautyMarket,Shopify,Cheveux,Shampoing Sec,,NATURESOIN HUILE DE RICIN – 50 ML,31.0,0.0,,En stock,Non,0.0,https://beautymarket.ma/products/naturesoin-huile-de-ricin-50-ml,1,0,0.9701,0.0,0.5425,1,3.4657359027997265,low-cost,0,5,0,4,Low-cost,-1.9205601390451656,0.9248491588029256,0
BeautyMarket,Shopify,Cheveux,Brosses Et Accessoires,,"BETER HAIRSTYLE PINCE À GRIFFES DE 2,5 CM - 4 PIÈCES 19234",32.0,0.0,,En stock,Non,0.0,https://beautymarket.ma/products/beter-hairstyle-pince-a-griffes-de-2-5-cm-4-pieces-19234,1,0,0.9693,0.0,0.5423,1,3.49650756146648,low-cost,0,5,0,4,Low-cost,-1.907246482831653,0.903455585984653,0
Kiabi,Shopify,Fille,Fille,,Legging Court Uni,40.0,0.0,,En stock,Non,0.0,,1,0,0.9686,0.0,0.5422,1,3.713572066704308,low-cost,2,9,0,4,Low-cost,-0.917383960599576,0.5983166674231092,0
BeautyMarket,Shopify,Cheveux,Shampoing Sec,,RACINE VITA HUILE AMANDE DOUCES 40 ML,33.0,0.0,,En stock,Non,0.0,https://beautymarket.ma/products/racine-vita-amande-douces-40-ml,1,0,0.9684,0.0,0.5421,1,3.5263605246161616,low-cost,0,5,0,4,Low-cost,-1.8943485656785408,0.882677895126033,0
Kiabi,Shopify,Puériculture,Puériculture,,Lot De 3 Paires De Chaussettes De Naissance,55.0,0.0,,En stock,Non,0.0,,1,0,0.9677,0.0,0.5419,1,4.02535169073515,low-cost,2,17,0,0,Mid-range,-0.6073182060124421,0.4355632859530359,0
BeautyMarket,Shopify,Cheveux,Huile Cheveux,,RITUELESSENCE HUILE DE GLYCERINE 50ML,34.0,0.0,,En stock,Non,0.0,https://beautymarket.ma/products/rituelessence-huile-de-glycerine-50ml,1,0,0.9675,0.0,0.5419,1,3.555348061489413,low-cost,0,5,0,4,Low-cost,-1.8818422815532625,0.8624803751958194,0
BeautyMarket,Shopify,Cheveux,Brosses Et Accessoires,,"BETER HAIRSTYLE SPIRALE 5 FINITION MATE 3,5 CM 19225",35.0,0.0,,En stock,Non,0.0,https://beautymarket.ma/products/beter-hs-spirale-5-finition-mate-3-5-cm-19225,1,0,0.9666,0.0,0.5416,1,3.58351893845611,low-cost,0,5,0,4,Low-cost,-1.870011313135564,0.8424480145598134,0
BeautyMarket,Shopify,Cheveux,Brosses Et Accessoires,,"BETER HAIRSTYLE PINCE À GRIFFES DE 1,8 CM - 6 PIÈCES 19233",35.0,0.0,,En stock,Non,0.0,https://beautymarket.ma/products/beter-hairstyle-pince-a-griffes-de-1-8-cm-6-pieces,1,0,0.9666,0.0,0.5416,1,3.58351893845611,low-cost,0,5,0,4,Low-cost,-1.870011313135564,0.8424480145598134,0
BeautyMarket,Shopify,Cheveux,Brosses Et Accessoires,,BETER HAIRSTYLE BANDEAU VOLUME 19251,35.0,0.0,,En stock,Non,0.0,https://beautymarket.ma/products/beter-hairstyle-bandeau-volume-19251,1,0,0.9666,0.0,0.5416,1,3.58351893845611,low-cost,0,5,0,4,Low-cost,-1.870011313135564,0.8424480145598134,0
BeautyMarket,Shopify,Cheveux,Brosses Et Accessoires,,BETER HAIRSTYLE CHOUCHOU EN ORGANZA - 2 PIÉCES 19227,35.0,0.0,,En stock,Non,0.0,https://beautymarket.ma/products/beter-hairstyle-chouchou-en-organza-3-pieces-19227,1,0,0.9666,0.0,0.5416,1,3.58351893845611,low-cost,0,5,0,4,Low-cost,-1.870011313135564,0.8424480145598134,0
BeautyMarket,Shopify,Cheveux,Brosses Et Accessoires,,"BETER HAIRSTYLE CLIC CLAC 5,5CM 2PCS NOIR ET 2PCS ÉCAILLE (TOTAL 4PCS) 19232",35.0,0.0,,En stock,Non,0.0,https://beautymarket.ma/products/beter-hairstyle-clic-clac-5-5cm-2pcs-noir-et-2pcs-ecaille-total-4pcs-19232,1,0,0.9666,0.0,0.5416,1,3.58351893845611,low-cost,0,5,0,4,Low-cost,-1.870011313135564,0.8424480145598134,0
BeautyMarket,Shopify,Cheveux,Brosses Et Accessoires,,BETER HAIRSTYLE ÉLASTIQUES À CHEVEUX - 6 PIÈCES 19205,35.0,0.0,,En stock,Non,0.0,https://beautymarket.ma/products/beter-hairstyle-elastiques-a-cheveux-6-pieces-19205,1,0,0.9666,0.0,0.5416,1,3.58351893845611,low-cost,0,5,0,4,Low-cost,-1.870011313135564,0.8424480145598134,0
BeautyMarket,Shopify,Cheveux,Masque Cheveux 1,,NATURESOIN ARGILE BLANCHE – 100 G,35.0,0.0,,En stock,Non,0.0,https://beautymarket.ma/products/naturesoin-argile-blanche-100-g,1,0,0.9666,0.0,0.5416,1,3.58351893845611,low-cost,0,5,0,4,Low-cost,-1.870011313135564,0.8424480145598134,0
BeautyMarket,Shopify,Cheveux,Huile Cheveux,,RACINE VITA HUILE DE SESAME 40 ML,35.0,0.0,,En stock,Non,0.0,https://beautymarket.ma/products/racine-vita-huile-de-sesame-40-ml,1,0,0.9666,0.0,0.5416,1,3.58351893845611,low-cost,0,5,0,4,Low-cost,-1.870011313135564,0.8424480145598134,0
BeautyMarket,Shopify,Cheveux,Brosses Et Accessoires,,BETER HAIRSTYLE PINCES À GRIFFES- 10 PIÈCES 19209,35.0,0.0,,En stock,Non,0.0,https://beautymarket.ma/products/beter-hairstyle-pinces-a-griffes-10-pieces-19209,1,0,0.9666,0.0,0.5416,1,3.58351893845611,low-cost,0,5,0,4,Low-cost,-1.870011313135564,0.8424480145598134,0
BeautyMarket,Shopify,Cheveux,Brosses Et Accessoires,,BETER HAIRSTYLE PINCE A CHEVEUX 8 CM FORME COQUILLE 19252,35.0,0.0,,En stock,Non,0.0,https://beautymarket.ma/products/beter-hairstyle-pince-a-cheveux-8-cm-forme-coquille-19252,1,0,0.9666,0.0,0.5416,1,3.58351893845611,low-cost,0,5,0,4,Low-cost,-1.870011313135564,0.8424480145598134,0
BeautyMarket,Shopify,Cheveux,Brosses Et Accessoires,,"BETER HAIRSTYLE ÉLASTIQUES AVEC NŒD - 8,5CM 4PIÈCES 19223",35.0,0.0,,En stock,Non,0.0,https://beautymarket.ma/products/beter-hairstyle-4-elastiques-avec-noed-8-5cm-19223,1,0,0.9666,0.0,0.5416,1,3.58351893845611,low-cost,0,5,0,4,Low-cost,-1.870011313135564,0.8424480145598134,0
Kiabi,Shopify,Fille,Fille,,Chouchou En Broderies Anglaises,45.0,0.0,,En stock,Non,0.0,,1,0,0.9647,0.0,0.5412,1,3.828641396489095,low-cost,2,9,0,4,Low-cost,-0.8683689242796896,0.5173524383114644,0
Kiabi,Shopify,Fille,Fille,,Grande Pince Crabe Forme Fleur,45.0,0.0,,En stock,Non,0.0,,1,0,0.9647,0.0,0.5412,1,3.828641396489095,low-cost,2,9,0,4,Low-cost,-0.8683689242796896,0.5173524383114644,0
Kiabi,Shopify,Fille,Fille,,Sac Cadeau En Papier 'Stitch',45.0,0.0,,En stock,Non,0.0,,1,0,0.9647,0.0,0.5412,1,3.828641396489095,low-cost,2,9,0,4,Low-cost,-0.8683689242796896,0.5173524383114644,0
Kiabi,Shopify,Fille,Fille,,Sac Cadeau 'Happy Birthday',45.0,0.0,,En stock,Non,0.0,,1,0,0.9647,0.0,0.5412,1,3.828641396489095,low-cost,2,9,0,4,Low-cost,-0.8683689242796896,0.5173524383114644,0
Kiabi,Shopify,Fille,Fille,,Elastique Avec Nœud,45.0,0.0,,En stock,Non,0.0,,1,0,0.9647,0.0,0.5412,1,3.828641396489095,low-cost,2,9,0,4,Low-cost,-0.8683689242796896,0.5173524383114644,0
BeautyMarket,Shopify,Corps,Eau De Soin,,NATURESOIN ROSE DE MAI – 50 ML,47.0,0.0,,En stock,Non,0.0,https://beautymarket.ma/products/naturesoin-rose-de-mai-50-ml,1,0,0.9645,0.0,0.5411,1,3.871201010907891,low-cost,0,6,0,4,Low-cost,-1.7201181468314617,0.6536038037127843,0
Kiabi,Shopify,Bébé,Bébé,,T-Shirt Manches Longues Et Poche Poitrine,45.0,0.0,,En stock,Non,0.0,,1,0,0.9628,0.0,0.5407,1,3.828641396489095,low-cost,2,3,0,4,Low-cost,-0.9973172575963982,0.479885795636328,0
Justyol,Shopify,Femme,Women,JWOMEN,Maillot de bain modeste semi-couvert avec motif pied-de-poule - Vert pétrole / 38,157.8,398.0,60.0,En stock,,0.0,,1,0,0.4828,0.6,0.5407,1,5.067645548813036,mid-range,1,8,0,4,Low-cost,-0.3059584695891338,1.0534377464440536,0
BeautyMarket,Shopify,Corps,Gel Douche,,SO BIO GEL DOUCHE MEN 3 EN 1 GINGEMBRE BIO,49.0,0.0,,En stock,Non,0.0,https://beautymarket.ma/products/so-bio-gel-douche-men-3-en-1-gingembre-bio,1,0,0.9626,0.0,0.5406,1,3.912023005428146,low-cost,0,6,0,4,Low-cost,-1.7031736457410254,0.6243256538966926,0
BeautyMarket,Shopify,Corps,Hydratant Corps,,NEUTROGENA FORMULE NORVÉGIENNE CRÈME MAINS APAISANTE SANS PARFUM,49.0,0.0,,En stock,Non,0.0,https://beautymarket.ma/products/neutrogena-formule-norvegienne-creme-mains-apaisante-sans-parfum,1,0,0.9626,0.0,0.5406,1,3.912023005428146,low-cost,0,6,0,4,Low-cost,-1.7031736457410254,0.6243256538966926,0
BeautyMarket,Shopify,Corps,Savon Solide,,PRODERM SAVON DERMATOLOGIQUE90 G,49.0,0.0,,En stock,Non,0.0,https://beautymarket.ma/products/proderm-savon-dermatologique90-g,1,0,0.9626,0.0,0.5406,1,3.912023005428146,low-cost,0,6,0,4,Low-cost,-1.7031736457410254,0.6243256538966926,0
BeautyMarket,Shopify,Corps,Hydratant Corps,,NEUTROGENA FORMULE NORVÉGIENNE CRÈME MAINS HYDRATANTE CONCENTRÉE,49.0,0.0,,En stock,Non,0.0,https://beautymarket.ma/products/neutrogena-formule-norvegienne-creme-mains-hydratante-concentree,1,0,0.9626,0.0,0.5406,1,3.912023005428146,low-cost,0,6,0,4,Low-cost,-1.7031736457410254,0.6243256538966926,0
BeautyMarket,Shopify,Solaire,Solaire,,ZIAJA SUN HUILE SOLAIRE BRONZANTE – 125ML,91.0,0.0,,En stock,Non,0.0,https://beautymarket.ma/products/ziaja-sun-huile-solaire-bronzante-125ml,1,0,0.9593,0.0,0.5398,1,4.5217885770490405,low-cost,0,18,0,0,Mid-range,-1.1748421031815266,0.2835979959962462,0
Kiabi,Shopify,Garçon,Garçon,,T-Shirt À Manches Courtes Imprimé,50.0,0.0,,En stock,Non,0.0,,1,0,0.9589,0.0,0.5397,1,3.9318256327243257,low-cost,2,10,0,4,Low-cost,-0.8050244310739657,0.4483700716447837,0
Kiabi,Shopify,Bébé,Bébé,,Lot De 2 Paires De Chaussettes Naissances,55.0,0.0,,En stock,Non,0.0,,1,0,0.9581,0.0,0.5395,1,4.02535169073515,low-cost,2,3,0,4,Low-cost,-0.9119685796584388,0.3434258487011196,0
Kiabi,Shopify,Bébé,Bébé,,Lot De 2 Paires De Chaussettes Naissance,55.0,0.0,,En stock,Non,0.0,,1,0,0.9581,0.0,0.5395,1,4.02535169073515,low-cost,2,3,0,4,Low-cost,-0.9119685796584388,0.3434258487011196,0
Kiabi,Shopify,Bébé,Bébé,,Legging Long Imprimé,55.0,0.0,,En stock,Non,0.0,,1,0,0.9581,0.0,0.5395,1,4.02535169073515,low-cost,2,3,0,4,Low-cost,-0.9119685796584388,0.3434258487011196,0
Kiabi,Shopify,Bébé,Bébé,,Lot De 2 Paires De Moufles Anti-Griffes,55.0,0.0,,En stock,Non,0.0,,1,0,0.9581,0.0,0.5395,1,4.02535169073515,low-cost,2,3,0,4,Low-cost,-0.9119685796584388,0.3434258487011196,0
BeautyMarket,Shopify,Solaire,Solaire,,AXIS-Y COMPLETE NO-STRESS PHYSICAL SUNSCREEN SPF 50+ - 10ML,95.0,0.0,,En stock,Non,0.0,https://beautymarket.ma/products/axis-y-mini-complete-no-stress-physical-sunscreen-10ml,1,0,0.9572,0.0,0.5393,1,4.564348191467836,low-cost,0,18,0,0,Mid-range,-1.1571112735953824,0.2531549675796197,0
BeautyMarket,Shopify,Solaire,Solaire,,GARNIER SUPER UV INVISIBLE AIR-MIST SUNSCREEN 75ML,95.0,0.0,,En stock,Non,0.0,https://beautymarket.ma/products/garnier-super-uv-invisible-air-mist-sunscreen,1,0,0.9572,0.0,0.5393,1,4.564348191467836,low-cost,0,18,0,0,Mid-range,-1.1571112735953824,0.2531549675796197,0
BeautyMarket,Shopify,Solaire,Solaire,,REVOX B77 JUST DAILY SUN SHIELD FILTRES UVA+UVB SPF50+ AVEC ACIDE HYALURONIQUE 30 ML,95.0,0.0,,En stock,Non,0.0,https://beautymarket.ma/products/just-daily-sun-shield-uva-uvb-filters-spf50-with-hyaluronic-acid-30-ml,1,0,0.9572,0.0,0.5393,1,4.564348191467836,low-cost,0,18,0,0,Mid-range,-1.1571112735953824,0.2531549675796197,0
BeautyMarket,Shopify,Solaire,Solaire,,REVOX B77 JUST DAILY SUN SHIELD SPF 50+ FOR OILY SKIN 30ML,95.0,0.0,,En stock,Non,0.0,https://beautymarket.ma/products/revox-b77-just-ecran-solaire-quotidien-spf-50-pour-peau-grasse,1,0,0.9572,0.0,0.5393,1,4.564348191467836,low-cost,0,18,0,0,Mid-range,-1.1571112735953824,0.2531549675796197,0
BeautyMarket,Shopify,Cheveux,Huile Cheveux,,NATURESOIN HUILE DE GLYCERINE – 50 ML,36.0,0.0,,En stock,Non,0.0,https://beautymarket.ma/products/naturesoin-huile-de-glycerine-50-ml,1,0,0.957,0.0,0.5392,1,3.610917912644224,low-cost,0,5,0,4,Low-cost,-1.864950426785444,0.8149044231789001,0
BeautyMarket,Shopify,Cheveux,Shampooing 1,,ELSEVE GLYCOLIC GLOSS SHAMPOOING 200ML,36.0,0.0,,En stock,Non,0.0,https://beautymarket.ma/products/elseve-glycolic-gloss-shampooing-200ml,1,0,0.957,0.0,0.5392,1,3.610917912644224,low-cost,0,5,0,4,Low-cost,-1.864950426785444,0.8149044231789001,0
BeautyMarket,Shopify,Maquillage,Ongles,,BETER 5 BATONNETS EN BOIS ORANGER 24026,29.0,0.0,,En stock,Non,0.0,https://beautymarket.ma/products/beter-5-batonnets-en-bois-oranger,1,0,0.9561,0.0,0.539,1,3.4011973816621555,low-cost,0,14,0,4,Low-cost,-1.7693377992777122,1.0080663694353165,0
BeautyMarket,Shopify,Maquillage,Ongles,,BETER COUPE ONGLES LIME CHROMÉE 24094,29.0,0.0,,En stock,Non,0.0,https://beautymarket.ma/products/beter-coupe-ongles-lime-chromee-24094,1,0,0.9561,0.0,0.539,1,3.4011973816621555,low-cost,0,14,0,4,Low-cost,-1.7693377992777122,1.0080663694353165,0
BeautyMarket,Shopify,Maquillage,Ongles,,BETER LIME A ONGLES FIBRE DE VERRE 24962,29.0,0.0,,En stock,Non,0.0,https://beautymarket.ma/products/beter-lime-a-ongles-fibre-de-verre-24962,1,0,0.9561,0.0,0.539,1,3.4011973816621555,low-cost,0,14,0,4,Low-cost,-1.7693377992777122,1.0080663694353165,0
BeautyMarket,Shopify,Cheveux,Huile Cheveux,,NATURESOIN HUILE DE SOJA – 50 ML,37.0,0.0,,En stock,Non,0.0,https://beautymarket.ma/products/naturesoin-huile-de-soja-50-ml,1,0,0.9552,0.0,0.5388,1,3.6375861597263857,low-cost,0,5,0,4,Low-cost,-1.854105197397098,0.7954970875123453,0
BeautyMarket,Shopify,Cheveux,Huile Cheveux,,NATURESOIN HUILE DE TOURNESOL – 50 ML,37.0,0.0,,En stock,Non,0.0,https://beautymarket.ma/products/naturesoin-huile-de-tournesol-50-ml,1,0,0.9552,0.0,0.5388,1,3.6375861597263857,low-cost,0,5,0,4,Low-cost,-1.854105197397098,0.7954970875123453,0
BeautyMarket,Shopify,Cheveux,Huile Cheveux,,NATURESOIN HUILE D’AMANDES DOUCES – 50 ML,37.0,0.0,,En stock,Non,0.0,https://beautymarket.ma/products/naturesoin-huile-d-amandes-douces-50-ml,1,0,0.9552,0.0,0.5388,1,3.6375861597263857,low-cost,0,5,0,4,Low-cost,-1.854105197397098,0.7954970875123453,0
BeautyMarket,Shopify,Corps,Gel Douche,,LAINO GEL DOUCHE HYDRATANT PULPE DE FIGUE BIO – 200 ML,54.0,0.0,,En stock,Non,0.0,https://beautymarket.ma/products/laino-gel-douche-hydratant-pulpe-de-figue-bio-200-ml,1,0,0.9551,0.0,0.5388,1,4.007333185232471,low-cost,0,6,0,4,Low-cost,-1.66554626395991,0.5535491571008107,0
BeautyMarket,Shopify,Corps,Gel Douche,,LAINO GEL DOUCHE HYDRATANT PULPE DE FRUITS ROUGES BIO – 200 ML,54.0,0.0,,En stock,Non,0.0,https://beautymarket.ma/products/laino-gel-douche-hydratant-pulpe-de-fruits-rouges-bio-200-ml,1,0,0.9551,0.0,0.5388,1,4.007333185232471,low-cost,0,6,0,4,Low-cost,-1.66554626395991,0.5535491571008107,0
BeautyMarket,Shopify,Cheveux,Huile Cheveux,,RITUELESSENCE HUILE DE RICIN 50ML,38.0,0.0,,En stock,Non,0.0,https://beautymarket.ma/products/rituelessence-huile-de-ricin-50ml,1,0,0.9526,0.0,0.5382,1,3.6635616461296463,low-cost,0,5,0,4,Low-cost,-1.8441849663785304,0.7757895313796653,0
BeautyMarket,Shopify,Cheveux,Shampoing Sec,,RACINE VITA HUILE DE COCO 40ML,38.0,0.0,,En stock,Non,0.0,https://beautymarket.ma/products/racine-vita-huile-de-coco-40ml,1,0,0.9526,0.0,0.5382,1,3.6635616461296463,low-cost,0,5,0,4,Low-cost,-1.8441849663785304,0.7757895313796653,0
BeautyMarket,Shopify,Cheveux,Brosses Et Accessoires,,"BETER HAIRSTYLE CHOUCHOU ÉLASTIQUE AVEC NOUD, 6 PIÈCES 19224",38.0,0.0,,En stock,Non,0.0,https://beautymarket.ma/products/beter-hairstyle-chouchou-elastique-avec-noud-6-pieces-19224,1,0,0.9526,0.0,0.5382,1,3.6635616461296463,low-cost,0,5,0,4,Low-cost,-1.8441849663785304,0.7757895313796653,0
Kiabi,Shopify,Garçon,Garçon,,Short En Molleton Léger,60.0,0.0,,En stock,Non,0.0,,1,0,0.9521,0.0,0.538,1,4.110873864173311,low-cost,2,10,0,4,Low-cost,-0.729197155694474,0.3218389538758517,0
Kiabi,Shopify,Garçon,Garçon,,T-Shirt Loose,60.0,0.0,,En stock,Non,0.0,,1,0,0.9521,0.0,0.538,1,4.110873864173311,low-cost,2,10,0,4,Low-cost,-0.729197155694474,0.3218389538758517,0
Kiabi,Shopify,Garçon,Garçon,,T-Shirt Manches Courtes À Motif,60.0,0.0,,En stock,Non,0.0,,1,0,0.9521,0.0,0.538,1,4.110873864173311,low-cost,2,10,0,4,Low-cost,-0.729197155694474,0.3218389538758517,0
BeautyMarket,Shopify,Maquillage,Ongles,,BETER LIME DE PEDICURE POUR DURILLONS EN FIBRE VERRE 08152,35.0,0.0,,En stock,Non,0.0,https://beautymarket.ma/products/beter-lime-de-pedicure-pour-durillons-en-fibre-verre-08152,1,0,0.9518,0.0,0.5379,1,3.58351893845611,low-cost,0,14,0,4,Low-cost,-1.6901947335276852,0.8816347710096538,0
BeautyMarket,Shopify,Maquillage,Outils Et Accessoires De Beaute,,PASTEL FOUNDATION SPONGE Q-SOFT,35.0,0.0,,En stock,Non,0.0,https://beautymarket.ma/products/pastel-foundation-sponge-q-soft,1,0,0.9518,0.0,0.5379,1,3.58351893845611,low-cost,0,14,0,4,Low-cost,-1.6901947335276852,0.8816347710096538,0
BeautyMarket,Shopify,Maquillage,Ongles,,BETER BROSSE DOUBLE À ONGLE 24091,35.0,0.0,,En stock,Non,0.0,https://beautymarket.ma/products/beter-brosse-double-a-ongle-24091,1,0,0.9518,0.0,0.5379,1,3.58351893845611,low-cost,0,14,0,4,Low-cost,-1.6901947335276852,0.8816347710096538,0
BeautyMarket,Shopify,Corps,Nettoyant Corps,,ROGÉ CAVAILLÈS SAVON SURGRAS AMANDE VERTE – 250 G,55.0,0.0,,En stock,Non,0.0,https://beautymarket.ma/products/roge-cavailles-savon-surgras-amande-verte-250-g,1,0,0.9514,0.0,0.5378,1,4.02535169073515,low-cost,0,6,0,4,Low-cost,-1.6604498249863164,0.537646584146237,0
BeautyMarket,Shopify,Cheveux,Huile Cheveux,,RACINE VITA HUILE DE FENUGREC 40ML,39.0,0.0,,En stock,Non,0.0,https://beautymarket.ma/products/racine-vita-huile-de-fenugrec-40ml,1,0,0.95,0.0,0.5375,1,3.688879454113936,low-cost,0,5,0,4,Low-cost,-1.8348681068672708,0.7561405553446017,0
BeautyMarket,Shopify,Cheveux,Shampooing 1,,GARNIER ULTRA DOUX SHAMPOOING AVOCAT & KARITÉ 200ML – NUTRITION INTENSE CHEVEUX SECS,39.0,0.0,,En stock,Non,0.0,https://beautymarket.ma/products/garnier-ultra-doux-avocat-karite-200ml,1,0,0.95,0.0,0.5375,1,3.688879454113936,low-cost,0,5,0,4,Low-cost,-1.8348681068672708,0.7561405553446017,0
BeautyMarket,Shopify,Cheveux,Brosses Et Accessoires,,"BETER HAIRSTYLE PINCE À GRIFFES 7,5 CM ÉCAILLE 19238",39.0,0.0,,En stock,Non,0.0,https://beautymarket.ma/products/beter-hairstyle-pince-a-griffes-7-5-cm-ecaille-19238,1,0,0.95,0.0,0.5375,1,3.688879454113936,low-cost,0,5,0,4,Low-cost,-1.8348681068672708,0.7561405553446017,0
BeautyMarket,Shopify,Corps,Hydratant Corps,,AVEENO SKIN RELIEF MOISTURISING HAND CREAM – 75 ML,56.0,0.0,,En stock,Non,0.0,https://beautymarket.ma/products/aveeno-skin-relief-moisturising-hand-cream-75-ml,1,0,0.9495,0.0,0.5374,1,4.04305126783455,low-cost,0,6,0,4,Low-cost,-1.653663205183394,0.5242517324222039,0
BeautyMarket,Shopify,Solaire,Solaire,,ALPHANOVA DAILY SUN SPF 50+ STICK LEVRE HYDRATANT 4 G,99.0,0.0,,En stock,Non,0.0,https://beautymarket.ma/products/alphanova-daily-sun-spf-50-stick-levre-hydratant-4-g,1,0,0.9486,0.0,0.5372,1,4.605170185988092,low-cost,0,18,0,0,Mid-range,-1.1450587888167425,0.2177597094263183,0
BeautyMarket,Shopify,Solaire,Solaire,,LCP ACNE CREME SOLAIRE MATIFIANTE SPF50+ 75ML,99.0,0.0,,En stock,Non,0.0,https://beautymarket.ma/products/lcp-acne-creme-solaire-matifiante-spf50-75ml,1,0,0.9486,0.0,0.5372,1,4.605170185988092,low-cost,0,18,0,0,Mid-range,-1.1450587888167425,0.2177597094263183,0
BeautyMarket,Shopify,Maquillage,Ongles,,PASTEL NAIL POLISH 139,39.0,0.0,,En stock,Non,0.0,https://beautymarket.ma/products/pastel-nail-polish-139,1,0,0.9476,0.0,0.5369,1,3.688879454113936,low-cost,0,14,0,4,Low-cost,-1.6455732456552865,0.8071792091977853,0
BeautyMarket,Shopify,Maquillage,Ongles,,BETER COUPE-ONGLES 5.8 AVEC LIME CHROMÉE 24006,39.0,0.0,,En stock,Non,0.0,https://beautymarket.ma/products/beter-coupe-ongles-5-8-avec-lime-chromee-24006,1,0,0.9476,0.0,0.5369,1,3.688879454113936,low-cost,0,14,0,4,Low-cost,-1.6455732456552865,0.8071792091977853,0
BeautyMarket,Shopify,Maquillage,Ongles,,PASTEL NAIL POLISH 310,39.0,0.0,,En stock,Non,0.0,https://beautymarket.ma/products/pastel-nail-polish-310,1,0,0.9476,0.0,0.5369,1,3.688879454113936,low-cost,0,14,0,4,Low-cost,-1.6455732456552865,0.8071792091977853,0
BeautyMarket,Shopify,Maquillage,Rougir,,PASTEL SHOW YOUR HAPPINESS BLUSH,39.0,0.0,,En stock,Non,0.0,https://beautymarket.ma/products/pastel-show-your-happiness-blush,1,0,0.9476,0.0,0.5369,1,3.688879454113936,low-cost,0,14,0,4,Low-cost,-1.6455732456552865,0.8071792091977853,0
BeautyMarket,Shopify,Maquillage,Rougir,,PASTEL SHOW BY PASTEL LIP LINER,39.0,0.0,,En stock,Non,0.0,https://beautymarket.ma/products/pastel-show-by-pastel-lip-liner,1,0,0.9476,0.0,0.5369,1,3.688879454113936,low-cost,0,14,0,4,Low-cost,-1.6455732456552865,0.8071792091977853,0
BeautyMarket,Shopify,Corps,Gel Douche,,LAINO GEL DOUCHE 3EN1 HYDRATANT ENVIE D'AILLEURS THE VERT 200ML,59.0,0.0,,En stock,Non,0.0,https://beautymarket.ma/products/laino-gel-douche-3-en-1-hydratant-au-the-vert-bio,1,0,0.9477,0.0,0.5369,1,4.0943445622221,low-cost,0,6,0,4,Low-cost,-1.6319801064976682,0.4879537544230649,0
BeautyMarket,Shopify,Maquillage,Ongles,,BETER COUPE-ONGLES LIME CHROMÉE 24038,39.0,0.0,,En stock,Non,0.0,https://beautymarket.ma/products/beter-coupe-ongles-lime-chromee-24038,1,0,0.9476,0.0,0.5369,1,3.688879454113936,low-cost,0,14,0,4,Low-cost,-1.6455732456552865,0.8071792091977853,0
BeautyMarket,Shopify,Maquillage,Ongles,,PASTEL NAIL POLISH 244,39.0,0.0,,En stock,Non,0.0,https://beautymarket.ma/products/pastel-nail-polish-244,1,0,0.9476,0.0,0.5369,1,3.688879454113936,low-cost,0,14,0,4,Low-cost,-1.6455732456552865,0.8071792091977853,0
BeautyMarket,Shopify,Maquillage,Ongles,,PASTEL NAIL POLISH 242,39.0,0.0,,En stock,Non,0.0,https://beautymarket.ma/products/pastel-nail-polish-242,1,0,0.9476,0.0,0.5369,1,3.688879454113936,low-cost,0,14,0,4,Low-cost,-1.6455732456552865,0.8071792091977853,0
BeautyMarket,Shopify,Maquillage,Ongles,,BETER LIME À ONGLES SAPHIR 24022,39.0,0.0,,En stock,Non,0.0,https://beautymarket.ma/products/beter-lime-a-ongles-saphir-24022,1,0,0.9476,0.0,0.5369,1,3.688879454113936,low-cost,0,14,0,4,Low-cost,-1.6455732456552865,0.8071792091977853,0
BeautyMarket,Shopify,Corps,Hydratant Corps,,CERAVE CRÈME MAINS RÉPARATRICE – 50 ML,59.0,0.0,,En stock,Non,0.0,https://beautymarket.ma/products/cerave-sa-creme-mains-reparatrice-50-ml,1,0,0.9477,0.0,0.5369,1,4.0943445622221,low-cost,0,6,0,4,Low-cost,-1.6319801064976682,0.4879537544230649,0
BeautyMarket,Shopify,Corps,Gel Douche,,L'ORÉAL PARIS MEN EXPERT GEL DOUCHE MAGNESIUM HYPOALLERGÉNIQUE 300 ML,59.0,0.0,,En stock,Non,0.0,https://beautymarket.ma/products/loreal-paris-men-expert-gel-douche-magnesium-hypoallergenique-300-ml,1,0,0.9477,0.0,0.5369,1,4.0943445622221,low-cost,0,6,0,4,Low-cost,-1.6319801064976682,0.4879537544230649,0
BeautyMarket,Shopify,Corps,Gel Douche,,NIVEA BODY WASH CARE LILY OIL 250ML – GEL DOUCHE SOIN À L’HUILE DE LYS & HYDRATATION INTENSE,59.0,0.0,,En stock,Non,0.0,https://beautymarket.ma/products/nivea-gel-douche-waterlily-oil-250ml,1,0,0.9477,0.0,0.5369,1,4.0943445622221,low-cost,0,6,0,4,Low-cost,-1.6319801064976682,0.4879537544230649,0
BeautyMarket,Shopify,Corps,Hydratant Corps,,BABYHEART LOTION POUR LE CORPS 250ML,59.0,0.0,,En stock,Non,0.0,https://beautymarket.ma/products/babyheart-lotion-pour-le-corps-250ml,1,0,0.9477,0.0,0.5369,1,4.0943445622221,low-cost,0,6,0,4,Low-cost,-1.6319801064976682,0.4879537544230649,0
BeautyMarket,Shopify,Corps,Nettoyant Corps,,ECOTOOLS FOOT BRUSH & PUMICE,59.0,0.0,,En stock,Non,0.0,https://beautymarket.ma/products/ecotools-foot-brush-pumice,1,0,0.9477,0.0,0.5369,1,4.0943445622221,low-cost,0,6,0,4,Low-cost,-1.6319801064976682,0.4879537544230649,0
BeautyMarket,Shopify,Maquillage,Ongles,,PASTEL NUDE NAIL POLISH 767,39.0,0.0,,En stock,Non,0.0,https://beautymarket.ma/products/pastel-nude-nail-polish-767,1,0,0.9476,0.0,0.5369,1,3.688879454113936,low-cost,0,14,0,4,Low-cost,-1.6455732456552865,0.8071792091977853,0
BeautyMarket,Shopify,Corps,Gel Douche,,NIVEA MEN GEL DOUCHE BOOST 24H FRESH EFFECT 250ML,59.0,0.0,,En stock,Non,0.0,https://beautymarket.ma/products/nivea-men-gel-douche-boost-24h-fresh-effect-250ml,1,0,0.9477,0.0,0.5369,1,4.0943445622221,low-cost,0,6,0,4,Low-cost,-1.6319801064976682,0.4879537544230649,0
BeautyMarket,Shopify,Maquillage,Outils Et Accessoires De Beaute,,PASTEL PROFASHION EYESHADOW BRUSH 06 – PINCEAU FARD À PAUPIÈRES PRÉCIS & DOUX,39.0,0.0,,En stock,Non,0.0,https://beautymarket.ma/products/pastel-profashion-eyeshadow-brush-06-pinceau-fard-a-paupieres-precis-doux,1,0,0.9476,0.0,0.5369,1,3.688879454113936,low-cost,0,14,0,4,Low-cost,-1.6455732456552865,0.8071792091977853,0
BeautyMarket,Shopify,Maquillage,Outils Et Accessoires De Beaute,,PASTEL PROFASHION SMUDGE BRUSH 08 – PINCEAU ESTOMPEUR PRÉCIS POUR CONTOUR DES YEUX,39.0,0.0,,En stock,Non,0.0,https://beautymarket.ma/products/pastel-profashion-smudge-brush-08-pinceau-estompeur-precis-pour-contour-des-yeux,1,0,0.9476,0.0,0.5369,1,3.688879454113936,low-cost,0,14,0,4,Low-cost,-1.6455732456552865,0.8071792091977853,0
BeautyMarket,Shopify,Maquillage,Ongles,,PASTEL NAIL POLISH 09,39.0,0.0,,En stock,Non,0.0,https://beautymarket.ma/products/pastel-nail-polish-09,1,0,0.9476,0.0,0.5369,1,3.688879454113936,low-cost,0,14,0,4,Low-cost,-1.6455732456552865,0.8071792091977853,0
BeautyMarket,Shopify,Cheveux,Huile Cheveux,,NATURESOIN HUILE DE PEPINS DE CONCOMBRE 50ML,40.0,0.0,,En stock,Non,0.0,https://beautymarket.ma/products/naturesoin-huile-de-pepins-de-concombre-50ml,1,0,0.9473,0.0,0.5368,1,3.713572066704308,low-cost,0,5,0,4,Low-cost,-1.8258341682376344,0.7369107024653789,0
BeautyMarket,Shopify,Cheveux,Huile Cheveux,,NATURESOIN HUILE DE PÉPINS DE RAISIN – 50 ML,40.0,0.0,,En stock,Non,0.0,https://beautymarket.ma/products/naturesoin-huile-de-pepins-de-raisin-50-ml,1,0,0.9473,0.0,0.5368,1,3.713572066704308,low-cost,0,5,0,4,Low-cost,-1.8258341682376344,0.7369107024653789,0
BeautyMarket,Shopify,Cheveux,Shampooing 1,,RACINE VITA SHAMPOOING FORTIFIANT ANTI-CHUTE K.B5 200 ML,40.0,0.0,,En stock,Non,0.0,https://beautymarket.ma/products/racine-vita-shampooing-fortifiant-anti-chute-k-b5-200,1,0,0.9473,0.0,0.5368,1,3.713572066704308,low-cost,0,5,0,4,Low-cost,-1.8258341682376344,0.7369107024653789,0
Kiabi,Shopify,Fille,Fille,,Pochette Cadeau Format XL,50.0,0.0,,En stock,Non,0.0,,1,0,0.9451,0.0,0.5363,1,3.9318256327243257,low-cost,2,9,0,4,Low-cost,-0.8366565621064124,0.4294453753749209,0
Kiabi,Shopify,Fille,Fille,,Pochette Cadeau 'Stitch' Format XL,50.0,0.0,,En stock,Non,0.0,,1,0,0.9451,0.0,0.5363,1,3.9318256327243257,low-cost,2,9,0,4,Low-cost,-0.8366565621064124,0.4294453753749209,0
Kiabi,Shopify,Fille,Fille,,Lot De 2 Paires De Moufles Unies,50.0,0.0,,En stock,Non,0.0,,1,0,0.9451,0.0,0.5363,1,3.9318256327243257,low-cost,2,9,0,4,Low-cost,-0.8366565621064124,0.4294453753749209,0
Kiabi,Shopify,Fille,Fille,,Lot De 3 Pinces Croco 'Stitch',50.0,0.0,,En stock,Non,0.0,,1,0,0.9451,0.0,0.5363,1,3.9318256327243257,low-cost,2,9,0,4,Low-cost,-0.8366565621064124,0.4294453753749209,0
Kiabi,Shopify,Fille,Fille,,Lot De 2 Paires De Gants,50.0,0.0,,En stock,Non,0.0,,1,0,0.9451,0.0,0.5363,1,3.9318256327243257,low-cost,2,9,0,4,Low-cost,-0.8366565621064124,0.4294453753749209,0
Kiabi,Shopify,Fille,Fille,,T-Shirt Imprimé Fantaisie,50.0,0.0,,En stock,Non,0.0,,1,0,0.9451,0.0,0.5363,1,3.9318256327243257,low-cost,2,9,0,4,Low-cost,-0.8366565621064124,0.4294453753749209,0
Kiabi,Shopify,Fille,Fille,,Pochette Cadeau,50.0,0.0,,En stock,Non,0.0,,1,0,0.9451,0.0,0.5363,1,3.9318256327243257,low-cost,2,9,0,4,Low-cost,-0.8366565621064124,0.4294453753749209,0
BeautyMarket,Shopify,Cheveux,Huile Cheveux,,RACINE VITA HUILE DE ROMARIN 40ML,41.0,0.0,,En stock,Non,0.0,https://beautymarket.ma/products/racine-vita-huile-de-romarin-40ml,1,0,0.9447,0.0,0.5362,1,3.737669618283368,low-cost,0,5,0,4,Low-cost,-1.816763762699652,0.7184620903006793,0
BeautyMarket,Shopify,Cheveux,Huile Cheveux,,RACINE VITA HUILE DE LAVANDE 40ML,41.0,0.0,,En stock,Non,0.0,https://beautymarket.ma/products/racine-vita-huile-de-lavande-40ml,1,0,0.9447,0.0,0.5362,1,3.737669618283368,low-cost,0,5,0,4,Low-cost,-1.816763762699652,0.7184620903006793,0
BeautyMarket,Shopify,Solaire,Auto Bronzant,,LITENS HYDRATANT APRES SOLEIL CALMANT A L'ALOE VERA 250 ML,101.0,0.0,,En stock,Non,0.0,https://beautymarket.ma/products/litens-hydratant-apres-soleil-calmant-a-laloe-vera-250-ml,1,0,0.9443,0.0,0.5361,1,4.624972813284271,mid-range,0,18,0,0,Mid-range,-1.139460728774402,0.2002787643126106,0
BeautyMarket,Shopify,Cheveux,Shampoing Sec,,NATURESOIN HUILE DE COCO – 50 ML,42.0,0.0,,En stock,Non,0.0,https://beautymarket.ma/products/naturesoin-huile-de-coco-50-ml,1,0,0.9429,0.0,0.5357,1,3.7612001156935615,low-cost,0,5,0,4,Low-cost,-1.807644216262705,0.7007759434143679,0
BeautyMarket,Shopify,Cheveux,Brosses Et Accessoires,,BETER HAIRSTYLE COFFEE O'CLOCK BANDEAU DE CHEVEUX 22285,42.0,0.0,,En stock,Non,0.0,https://beautymarket.ma/products/beter-hairstyle-coffee-oclock-bandeau-de-cheveux-22285,1,0,0.9429,0.0,0.5357,1,3.7612001156935615,low-cost,0,5,0,4,Low-cost,-1.807644216262705,0.7007759434143679,0
BeautyMarket,Shopify,Cheveux,Huile Cheveux,,RACINE VITA HUILE DE GIROFLE 40ML,42.0,0.0,,En stock,Non,0.0,https://beautymarket.ma/products/racine-vita-huile-de-girofle-40ml,1,0,0.9429,0.0,0.5357,1,3.7612001156935615,low-cost,0,5,0,4,Low-cost,-1.807644216262705,0.7007759434143679,0
BeautyMarket,Shopify,Solaire,Solaire,,NIVEA SUN LAIT APRÈS-SOLEIL HYDRATANT À L'ALOE VERA BIO 200 ML,105.0,0.0,,En stock,Non,0.0,https://beautymarket.ma/products/nivea-sun-lait-apres-soleil-hydratant-a-laloe-vera-bio-200-ml,1,0,0.9422,0.0,0.5356,1,4.663439094112067,mid-range,0,18,0,0,Mid-range,-1.1235822633605042,0.172579855429267,0
BeautyMarket,Shopify,Cheveux,Huile Cheveux,,NATURESOIN HUILE DE SÉSAME – 50 ML,43.0,0.0,,En stock,Non,0.0,https://beautymarket.ma/products/naturesoin-huile-de-sesame-50-ml,1,0,0.9403,0.0,0.5351,1,3.784189633918261,low-cost,0,5,0,4,Low-cost,-1.7990752312030789,0.6830701429222664,0
BeautyMarket,Shopify,Cheveux,Huile Cheveux,,NATURESOIN HUILE DE PALME – 50 ML,43.0,0.0,,En stock,Non,0.0,https://beautymarket.ma/products/naturesoin-huile-de-palme-50-ml,1,0,0.9403,0.0,0.5351,1,3.784189633918261,low-cost,0,5,0,4,Low-cost,-1.7990752312030789,0.6830701429222664,0
BeautyMarket,Shopify,Cheveux,Huile Cheveux,,NATURESOIN HUILE DE MAIS – 50 ML,43.0,0.0,,En stock,Non,0.0,https://beautymarket.ma/products/naturesoin-huile-de-mais-50-ml,1,0,0.9403,0.0,0.5351,1,3.784189633918261,low-cost,0,5,0,4,Low-cost,-1.7990752312030789,0.6830701429222664,0
BeautyMarket,Shopify,Cheveux,Huile Cheveux,,NATURESOIN HUILE DE THYM – 50 ML,43.0,0.0,,En stock,Non,0.0,https://beautymarket.ma/products/naturesoin-huile-de-thym-50-ml,1,0,0.9403,0.0,0.5351,1,3.784189633918261,low-cost,0,5,0,4,Low-cost,-1.7990752312030789,0.6830701429222664,0
BeautyMarket,Shopify,Solaire,Auto Bronzant,,MIELII MONOÏ HUILE BRONZANTE 50 ML,107.0,0.0,,En stock,Non,0.0,https://beautymarket.ma/products/mielii-monoi-huile-bronzante,1,0,0.94,0.0,0.535,1,4.68213122712422,mid-range,0,18,0,0,Mid-range,-1.116957982348348,0.1577549681199371,0
Kiabi,Shopify,Bébé,Bébé,,Pyjama Dors Bien À Manches Longues,60.0,0.0,,En stock,Non,0.0,,1,0,0.9395,0.0,0.5349,1,4.110873864173311,low-cost,2,3,0,4,Low-cost,-0.8873316118877308,0.2685061690994575,0
Kiabi,Shopify,Bébé,Bébé,,T-Shirt Uni En Jersey Coton,60.0,0.0,,En stock,Non,0.0,,1,0,0.9395,0.0,0.5349,1,4.110873864173311,low-cost,2,3,0,4,Low-cost,-0.8873316118877308,0.2685061690994575,0
Kiabi,Shopify,Bébé,Bébé,,Polo En Coton Piqué À Manches Courtes,60.0,0.0,,En stock,Non,0.0,,1,0,0.9395,0.0,0.5349,1,4.110873864173311,low-cost,2,3,0,4,Low-cost,-0.8873316118877308,0.2685061690994575,0
Kiabi,Shopify,Bébé,Bébé,,T-Shirt En Jersey De Coton Avec Manches Courtes En Broderie Anglaise,60.0,0.0,,En stock,Non,0.0,,1,0,0.9395,0.0,0.5349,1,4.110873864173311,low-cost,2,3,0,4,Low-cost,-0.8873316118877308,0.2685061690994575,0
Kiabi,Shopify,Bébé,Bébé,,T-Shirt Manches Longues Avec Imprimé Et Broderie,60.0,0.0,,En stock,Non,0.0,,1,0,0.9395,0.0,0.5349,1,4.110873864173311,low-cost,2,3,0,4,Low-cost,-0.8873316118877308,0.2685061690994575,0
Kiabi,Shopify,Bébé,Bébé,,Lot De 2 Bonnets Nouveau-Né,60.0,0.0,,En stock,Non,0.0,,1,0,0.9395,0.0,0.5349,1,4.110873864173311,low-cost,2,3,0,4,Low-cost,-0.8873316118877308,0.2685061690994575,0
Kiabi,Shopify,Bébé,Bébé,,T-Shirt À Col Tunisien,60.0,0.0,,En stock,Non,0.0,,1,0,0.9395,0.0,0.5349,1,4.110873864173311,low-cost,2,3,0,4,Low-cost,-0.8873316118877308,0.2685061690994575,0
Kiabi,Shopify,Bébé,Bébé,,T-Shirt À Col Tunisien Boutonné,60.0,0.0,,En stock,Non,0.0,,1,0,0.9395,0.0,0.5349,1,4.110873864173311,low-cost,2,3,0,4,Low-cost,-0.8873316118877308,0.2685061690994575,0
BeautyMarket,Shopify,Solaire,Auto Bronzant,,NIVEA SUN SPRAY HUILE SOLAIRE CAROTÈNE 200 ML,109.0,0.0,,En stock,Non,0.0,https://beautymarket.ma/products/nivea-huile-bronzage-protectrice-carotene-200-ml,1,0,0.9379,0.0,0.5345,1,4.700480365792417,mid-range,0,18,0,0,Mid-range,-1.1101831662110129,0.1435423391907564,0
BeautyMarket,Shopify,Cheveux,Shampoing Sec,,NATURESOIN HUILE D’OLIVE – 50 ML,44.0,0.0,,En stock,Non,0.0,https://beautymarket.ma/products/naturesoin-huile-d-olive-50-ml,1,0,0.9368,0.0,0.5342,1,3.80666248977032,low-cost,0,5,0,4,Low-cost,-1.791657305425363,0.6645637485956748,0
BeautyMarket,Shopify,Cheveux,Huile Cheveux,,NATURESOIN HUILE DE ROMARIN – 50 ML,44.0,0.0,,En stock,Non,0.0,https://beautymarket.ma/products/naturesoin-huile-de-romarin-50-ml,1,0,0.9368,0.0,0.5342,1,3.80666248977032,low-cost,0,5,0,4,Low-cost,-1.791657305425363,0.6645637485956748,0
BeautyMarket,Shopify,Cheveux,Huile Cheveux,,NATUREESOIN OIGNON,44.0,0.0,,En stock,Non,0.0,https://beautymarket.ma/products/nature-soin-oignon,1,0,0.9368,0.0,0.5342,1,3.80666248977032,low-cost,0,5,0,4,Low-cost,-1.791657305425363,0.6645637485956748,0
BeautyMarket,Shopify,Cheveux,Huile Cheveux,,NATURESOIN HUILE DE GIROFLE – 50 ML,44.0,0.0,,En stock,Non,0.0,https://beautymarket.ma/products/naturesoin-huile-de-girofle-50-ml,1,0,0.9368,0.0,0.5342,1,3.80666248977032,low-cost,0,5,0,4,Low-cost,-1.791657305425363,0.6645637485956748,0
BeautyMarket,Shopify,Cheveux,Huile Cheveux,,NATUREESOIN HUILE DE MENTHE POIVRÉE,44.0,0.0,,En stock,Non,0.0,https://beautymarket.ma/products/nature-soin-menthe,1,0,0.9368,0.0,0.5342,1,3.80666248977032,low-cost,0,5,0,4,Low-cost,-1.791657305425363,0.6645637485956748,0
BeautyMarket,Shopify,Solaire,Solaire,,L'ORÉAL PARIS UV DEFENDER INVISIBLE RESISTE -ECRAN SOLAIRE SPF 50+ 50ML,120.0,0.0,,En stock,Non,0.0,https://beautymarket.ma/products/loreal-paris-uv-defender-invisible-resiste-ecran-solaire-spf-50-50ml,1,0,0.9358,0.0,0.5339,1,4.795790545596741,mid-range,0,18,0,0,Mid-range,-1.0688867721960498,0.0773536736477821,0
Kiabi,Shopify,Puériculture,Puériculture,,Lot De 3 Bodies En Jersey,70.0,0.0,,En stock,Non,0.0,,1,0,0.9355,0.0,0.5339,1,4.262679877041316,low-cost,2,17,0,0,Mid-range,-0.5243797040930575,0.2458759028550188,0
Kiabi,Shopify,Puériculture,Puériculture,,Lot De 3 Chaussettes Fantaisies,70.0,0.0,,En stock,Non,0.0,,1,0,0.9355,0.0,0.5339,1,4.262679877041316,low-cost,2,17,0,0,Mid-range,-0.5243797040930575,0.2458759028550188,0
BeautyMarket,Shopify,Corps,Nettoyant Corps,,MIXA GEL DOUCHE DERMO-APAISANT 400ML,60.0,0.0,,En stock,Non,0.0,https://beautymarket.ma/products/mixa-gel-douche-dermo-apaisant-400ml,1,0,0.9346,0.0,0.5336,1,4.110873864173311,low-cost,0,6,0,4,Low-cost,-1.6345898531376597,0.464256181628877,0
BeautyMarket,Shopify,Corps,Hydratant Corps,,LAINO CRÈME MAINS SÈCHES À GERCÉES – 50 ML,60.0,0.0,,En stock,Non,0.0,https://beautymarket.ma/products/laino-creme-mains-seches-a-gercees-50-ml,1,0,0.9346,0.0,0.5336,1,4.110873864173311,low-cost,0,6,0,4,Low-cost,-1.6345898531376597,0.464256181628877,0
BeautyMarket,Shopify,Corps,Nettoyant Corps,,MIXA CRÈME DOUCHE SURGRAS 400ML,60.0,0.0,,En stock,Non,0.0,https://beautymarket.ma/products/mixa-creme-douche-surgras-400ml,1,0,0.9346,0.0,0.5336,1,4.110873864173311,low-cost,0,6,0,4,Low-cost,-1.6345898531376597,0.464256181628877,0
BeautyMarket,Shopify,Solaire,Solaire,,PHOTOSKIN HUILE BRONZANTE 250ML,124.0,0.0,,En stock,Non,0.0,https://beautymarket.ma/products/photoskin-huile-bronzante-250ml,1,0,0.9336,0.0,0.5334,1,4.8283137373023015,mid-range,0,18,0,0,Mid-range,-1.0556977444049993,0.0536389372209009,0
BeautyMarket,Shopify,Cheveux,Brosses Et Accessoires,,RELOVE DETAILED EYE BRUSH,45.0,0.0,,En stock,Non,0.0,https://beautymarket.ma/products/relove-detailed-eye-brush,1,0,0.9324,0.0,0.5331,1,3.828641396489095,low-cost,0,5,0,4,Low-cost,-1.7850744094439048,0.6456238530346932,0
BeautyMarket,Shopify,Cheveux,Shampoing Sec,,L’ORÉAL ELSÈVE HUILE EXTRAORDINAIRE JOJOBA SHAMPOOING 400ML – NUTRITION CHEVEUX SECS,45.0,0.0,,En stock,Non,0.0,https://beautymarket.ma/products/l-oreal-elseve-huile-extraordinaire-jojoba-shampooing-400ml-nutrition-cheveux-secs,1,0,0.9324,0.0,0.5331,1,3.828641396489095,low-cost,0,5,0,4,Low-cost,-1.7850744094439048,0.6456238530346932,0
BeautyMarket,Shopify,Cheveux,Shampooing 1,,NATURESOIN SHAMPOOING PURIFIANT A L’HUILE DE CADE,45.0,0.0,,En stock,Non,0.0,https://beautymarket.ma/products/naturesoin-shampooing-purifiant-a-l-huile-de-cade,1,0,0.9324,0.0,0.5331,1,3.828641396489095,low-cost,0,5,0,4,Low-cost,-1.7850744094439048,0.6456238530346932,0
BeautyMarket,Shopify,Cheveux,Shampooing 1,,NATURESOIN CALMABÉBÉ SHAMPOOING DOUX – 250 ML,45.0,0.0,,En stock,Non,0.0,https://beautymarket.ma/products/naturesoin-calmabebe-shampooing-doux-250-ml,1,0,0.9324,0.0,0.5331,1,3.828641396489095,low-cost,0,5,0,4,Low-cost,-1.7850744094439048,0.6456238530346932,0
BeautyMarket,Shopify,Cheveux,Huile Cheveux,,RACINE VITA HUILE DE MACADAMIA 40ML,45.0,0.0,,En stock,Non,0.0,https://beautymarket.ma/products/racine-vita-huile-de-macadamia-40ml,1,0,0.9324,0.0,0.5331,1,3.828641396489095,low-cost,0,5,0,4,Low-cost,-1.7850744094439048,0.6456238530346932,0
BeautyMarket,Shopify,Cheveux,Huile Cheveux,,RACINE VITA HUILE D’AVOCAT 40 ML,45.0,0.0,,En stock,Non,0.0,https://beautymarket.ma/products/racine-vita-huile-d-avocat-40-ml,1,0,0.9324,0.0,0.5331,1,3.828641396489095,low-cost,0,5,0,4,Low-cost,-1.7850744094439048,0.6456238530346932,0
BeautyMarket,Shopify,Cheveux,Huile Cheveux,,RITUELESSENCE HUILE D’AMANDE DOUCE 50ML,45.0,0.0,,En stock,Non,0.0,https://beautymarket.ma/products/rituelessence-huile-d-amande-douce-50ml,1,0,0.9324,0.0,0.5331,1,3.828641396489095,low-cost,0,5,0,4,Low-cost,-1.7850744094439048,0.6456238530346932,0
BeautyMarket,Shopify,Cheveux,Brosses Et Accessoires,,RELOVE PIGMENT BLENDING BRUSH,45.0,0.0,,En stock,Non,0.0,https://beautymarket.ma/products/relove-pigment-blending-brush,1,0,0.9324,0.0,0.5331,1,3.828641396489095,low-cost,0,5,0,4,Low-cost,-1.7850744094439048,0.6456238530346932,0
BeautyMarket,Shopify,Cheveux,Huile Cheveux,,RACINE VITA HUILE DE GERME DE BLE 40ML,45.0,0.0,,En stock,Non,0.0,https://beautymarket.ma/products/racine-vita-huile-de-germe-de-ble-40ml,1,0,0.9324,0.0,0.5331,1,3.828641396489095,low-cost,0,5,0,4,Low-cost,-1.7850744094439048,0.6456238530346932,0
BeautyMarket,Shopify,Cheveux,Brosses Et Accessoires,,RELOVE FLAT CREASE EYE BRUSH,45.0,0.0,,En stock,Non,0.0,https://beautymarket.ma/products/relove-flat-crease-eye-brush,1,0,0.9324,0.0,0.5331,1,3.828641396489095,low-cost,0,5,0,4,Low-cost,-1.7850744094439048,0.6456238530346932,0
BeautyMarket,Shopify,Cheveux,Huile Cheveux,,NATURESOIN HUILE À L’EXTRAIT D’ALOÉS – 50 ML,45.0,0.0,,En stock,Non,0.0,https://beautymarket.ma/products/naturesoin-huile-a-l-extrait-d-aloes-50-ml,1,0,0.9324,0.0,0.5331,1,3.828641396489095,low-cost,0,5,0,4,Low-cost,-1.7850744094439048,0.6456238530346932,0
BeautyMarket,Shopify,Cheveux,Shampooing 1,,L’ORÉAL ELSÈVE HUILE EXTRAORDINAIRE SHAMPOOING 400ML – NUTRITION CHEVEUX SECS & ABÎMÉS,45.0,0.0,,En stock,Non,0.0,https://beautymarket.ma/products/l-oreal-elseve-huile-extraordinaire-shampooing-400ml-nutrition-cheveux-secs-abimes,1,0,0.9324,0.0,0.5331,1,3.828641396489095,low-cost,0,5,0,4,Low-cost,-1.7850744094439048,0.6456238530346932,0
Kiabi,Shopify,Garçon,Garçon,,T-Shirt À Manches Longues Et Col Tunisien,65.0,0.0,,En stock,Non,0.0,,1,0,0.9315,0.0,0.5329,1,4.189654742026425,low-cost,2,10,0,4,Low-cost,-0.709139594559529,0.2495269579831688,0
BeautyMarket,Shopify,Solaire,Solaire,,NIVEA SUN UV FACE ANTI-AGE Q10 SPF50 50ML,129.0,0.0,,En stock,Non,0.0,https://beautymarket.ma/products/nivea-sun-uv-face-anti-age-q10-spf50-50ml,1,0,0.9315,0.0,0.5329,1,4.867534450455582,mid-range,0,18,0,0,Mid-range,-1.0394778742707085,0.0254342663626592,0
Kiabi,Shopify,Garçon,Garçon,,T-Shirt À Rayures,65.0,0.0,,En stock,Non,0.0,,1,0,0.9315,0.0,0.5329,1,4.189654742026425,low-cost,2,10,0,4,Low-cost,-0.709139594559529,0.2495269579831688,0
BeautyMarket,Shopify,Solaire,Solaire,,NIVEA SUN UV FACE SENSITIVE SPF50 CRÈME SOLAIRE 50ML,129.0,0.0,,En stock,Non,0.0,https://beautymarket.ma/products/nivea-sun-uv-face-sensitive-spf50-creme-solaire-50ml,1,0,0.9315,0.0,0.5329,1,4.867534450455582,mid-range,0,18,0,0,Mid-range,-1.0394778742707085,0.0254342663626592,0
Kiabi,Shopify,Garçon,Garçon,,Brosse 'Spider-Man',65.0,0.0,,En stock,Non,0.0,,1,0,0.9315,0.0,0.5329,1,4.189654742026425,low-cost,2,10,0,4,Low-cost,-0.709139594559529,0.2495269579831688,0
BeautyMarket,Shopify,Solaire,Solaire,,NIVEA SUN ECRAN SOLAIRE UV SHINE CONTROL SPF 50 50ML,129.0,0.0,,En stock,Non,0.0,https://beautymarket.ma/products/nivea-sun-ecran-solaire-uv-shine-control-spf-50-50ml,1,0,0.9315,0.0,0.5329,1,4.867534450455582,mid-range,0,18,0,0,Mid-range,-1.0394778742707085,0.0254342663626592,0
BeautyMarket,Shopify,Solaire,Solaire,,ZIAJA MANUKA TREE CREME DE JOUR PMG 50ML,129.0,0.0,,En stock,Non,0.0,https://beautymarket.ma/products/ziaja-manuka-tree-creme-de-jour-pmg-50ml,1,0,0.9315,0.0,0.5329,1,4.867534450455582,mid-range,0,18,0,0,Mid-range,-1.0394778742707085,0.0254342663626592,0
Justyol,Shopify,Femme,Women,JWOMEN,Blouse femme manches courtes à lacets devant 962 - Jaune / 42,144.0,284.0,49.0,En stock,,0.0,,1,0,0.5371,0.49,0.5323,1,4.976733742420574,mid-range,1,8,0,4,Low-cost,-0.4512456912478272,0.8470406119336161,0
BeautyMarket,Shopify,Maquillage,Crayon A Levres,,RELOVE LIPLINER CREAM,45.0,0.0,,En stock,Non,0.0,https://beautymarket.ma/products/relove-lipliner-cream,1,0,0.9292,0.0,0.5323,1,3.828641396489095,low-cost,0,14,0,4,Low-cost,-1.5963910502708951,0.6958978683457252,0
BeautyMarket,Shopify,Maquillage,Crayon A Levres,,RELOVE LIPLINER DREAM,45.0,0.0,,En stock,Non,0.0,https://beautymarket.ma/products/relove-lipliner-dream,1,0,0.9292,0.0,0.5323,1,3.828641396489095,low-cost,0,14,0,4,Low-cost,-1.5963910502708951,0.6958978683457252,0
Justyol,Shopify,Femme,Women,JWOMEN,Blouse femme manches courtes à lacets devant 962 - Rose / 38,144.0,284.0,49.0,En stock,,0.0,,1,0,0.5371,0.49,0.5323,1,4.976733742420574,mid-range,1,8,0,4,Low-cost,-0.4512456912478272,0.8470406119336161,0
Justyol,Shopify,Femme,Women,JWOMEN,Blouse femme manches courtes à lacets devant 962 - Rose / 40,144.0,284.0,49.0,En stock,,0.0,,1,0,0.5371,0.49,0.5323,1,4.976733742420574,mid-range,1,8,0,4,Low-cost,-0.4512456912478272,0.8470406119336161,0
Justyol,Shopify,Femme,Women,JWOMEN,Blouse femme manches courtes à lacets devant 962 - Jaune / 40,144.0,284.0,49.0,En stock,,0.0,,1,0,0.5371,0.49,0.5323,1,4.976733742420574,mid-range,1,8,0,4,Low-cost,-0.4512456912478272,0.8470406119336161,0
BeautyMarket,Shopify,Maquillage,Crayon A Levres,,RELOVE LIPLINER SUPER,45.0,0.0,,En stock,Non,0.0,https://beautymarket.ma/products/relove-lipliner-super,1,0,0.9292,0.0,0.5323,1,3.828641396489095,low-cost,0,14,0,4,Low-cost,-1.5963910502708951,0.6958978683457252,0
BeautyMarket,Shopify,Maquillage,Palette Yeux,,RELOVE COLOUR PLAY SOULFUL SHADOW PALETTE,45.0,0.0,,En stock,Non,0.0,https://beautymarket.ma/products/relove-colour-play-soulful-shadow-palette,1,0,0.9292,0.0,0.5323,1,3.828641396489095,low-cost,0,14,0,4,Low-cost,-1.5963910502708951,0.6958978683457252,0
BeautyMarket,Shopify,Maquillage,Crayon Yeux,,MAYBELLINE NEW YORK - CRAYON THE COLOSSAL KAJAL - BLACK,45.0,0.0,,En stock,Non,0.0,https://beautymarket.ma/products/maybelline-new-york-crayon-the-colossal-kajal-black,1,0,0.9292,0.0,0.5323,1,3.828641396489095,low-cost,0,14,0,4,Low-cost,-1.5963910502708951,0.6958978683457252,0
BeautyMarket,Shopify,Maquillage,Crayon A Levres,,RELOVE LIPLINER SWEET,45.0,0.0,,En stock,Non,0.0,https://beautymarket.ma/products/relove-lipliner-sweet,1,0,0.9292,0.0,0.5323,1,3.828641396489095,low-cost,0,14,0,4,Low-cost,-1.5963910502708951,0.6958978683457252,0
BeautyMarket,Shopify,Maquillage,Crayon A Levres,,RELOVE LIPLINER BABE,45.0,0.0,,En stock,Non,0.0,https://beautymarket.ma/products/relove-lipliner-babe,1,0,0.9292,0.0,0.5323,1,3.828641396489095,low-cost,0,14,0,4,Low-cost,-1.5963910502708951,0.6958978683457252,0
BeautyMarket,Shopify,Maquillage,Crayon A Levres,,RELOVE LIPLINER GLAM,45.0,0.0,,En stock,Non,0.0,https://beautymarket.ma/products/relove-lipliner-glam,1,0,0.9292,0.0,0.5323,1,3.828641396489095,low-cost,0,14,0,4,Low-cost,-1.5963910502708951,0.6958978683457252,0
Justyol,Shopify,Femme,Women,JWOMEN,Blouse femme manches courtes à lacets devant 962 - Jaune / 36,144.0,284.0,49.0,En stock,,0.0,,1,0,0.5371,0.49,0.5323,1,4.976733742420574,mid-range,1,8,0,4,Low-cost,-0.4512456912478272,0.8470406119336161,0
BeautyMarket,Shopify,Maquillage,Mascara,,RELOVE HIGH RISE MASCARA,45.0,0.0,,En stock,Non,0.0,https://beautymarket.ma/products/relove-high-rise-mascara,1,0,0.9292,0.0,0.5323,1,3.828641396489095,low-cost,0,14,0,4,Low-cost,-1.5963910502708951,0.6958978683457252,0
BeautyMarket,Shopify,Maquillage,Anti Cernes Correcteur,,RELOVE CONCEAL ME PALETTE MEDIUM,45.0,0.0,,En stock,Non,0.0,https://beautymarket.ma/products/relove-conceal-me-palette-medium,1,0,0.9292,0.0,0.5323,1,3.828641396489095,low-cost,0,14,0,4,Low-cost,-1.5963910502708951,0.6958978683457252,0
BeautyMarket,Shopify,Maquillage,Anti Cernes Correcteur,,RELOVE CORRECT ME PALETTE,45.0,0.0,,En stock,Non,0.0,https://beautymarket.ma/products/relove-correct-me-palette,1,0,0.9292,0.0,0.5323,1,3.828641396489095,low-cost,0,14,0,4,Low-cost,-1.5963910502708951,0.6958978683457252,0
Justyol,Shopify,Femme,Women,JWOMEN,Blouse femme manches courtes à lacets devant 962 - Jaune / 38,144.0,284.0,49.0,En stock,,0.0,,1,0,0.5371,0.49,0.5323,1,4.976733742420574,mid-range,1,8,0,4,Low-cost,-0.4512456912478272,0.8470406119336161,0
Justyol,Shopify,Femme,Women,JWOMEN,Blouse femme manches courtes à lacets devant 962 - Rose / 36,144.0,284.0,49.0,En stock,,0.0,,1,0,0.5371,0.49,0.5323,1,4.976733742420574,mid-range,1,8,0,4,Low-cost,-0.4512456912478272,0.8470406119336161,0
Justyol,Shopify,Femme,Women,JWOMEN,Blouse femme manches courtes à lacets devant 962 - Rose / 42,144.0,284.0,49.0,En stock,,0.0,,1,0,0.5371,0.49,0.5323,1,4.976733742420574,mid-range,1,8,0,4,Low-cost,-0.4512456912478272,0.8470406119336161,0
BeautyMarket,Shopify,Maquillage,Ongles,,RACINE VITA BAUME HYDRATANT À LA ROSE 150G,45.0,0.0,,En stock,Non,0.0,https://beautymarket.ma/products/racine-vita-baume-hydratant-a-la-rose-150g,1,0,0.9292,0.0,0.5323,1,3.828641396489095,low-cost,0,14,0,4,Low-cost,-1.5963910502708951,0.6958978683457252,0
BeautyMarket,Shopify,Corps,Hydratant Corps,,CERAVE BAUME HYDRATANT – 50 ML,62.0,0.0,,En stock,Non,0.0,https://beautymarket.ma/products/cerave-baume-hydratant-50-ml,1,0,0.929,0.0,0.5322,1,4.143134726391533,low-cost,0,6,0,4,Low-cost,-1.624271296992617,0.4372764341625723,0
Lasolda,WooCommerce,Automobile et bricolage,Automobile et bricolage,,Stickers Autocollant Mosaïq...,69.0,0.0,,En stock,Non,0.0,,1,0,0.9273,0.0,0.5318,1,4.248495242049359,low-cost,3,0,1,4,Low-cost,-0.4947449805632211,0.0551457818171137,0
BeautyMarket,Shopify,Corps,Gel Douche,,HEI POA GEL DOUCHE AU MONOI DE TAHITI 150 ML,65.0,0.0,,En stock,Non,0.0,https://beautymarket.ma/products/hei-poa-3-en-1-gel-douche-au-monoi-de-tahiti-150-ml,1,0,0.9271,0.0,0.5318,1,4.189654742026425,low-cost,0,6,0,4,Low-cost,-1.6044425083596334,0.404560721681689,0
BeautyMarket,Shopify,Corps,Gommage Peeling Corps,,EVOLUDERM GOMMAGE MONOI A LA FOLIE COPRS 150ML,65.0,0.0,,En stock,Non,0.0,https://beautymarket.ma/products/evoluderm-gommage-monoi-a-la-folie-coprs-150ml,1,0,0.9271,0.0,0.5318,1,4.189654742026425,low-cost,0,6,0,4,Low-cost,-1.6044425083596334,0.404560721681689,0
BeautyMarket,Shopify,Corps,Hydratant Corps,,LA ROCHE-POSAY LIPIKAR XERAND CRÉME MAIN – 50 ML,66.0,0.0,,En stock,Non,0.0,https://beautymarket.ma/products/la-roche-posay-lipikar-xerand-50-ml,1,0,0.9234,0.0,0.5308,1,4.204692619390966,low-cost,0,6,0,4,Low-cost,-1.600694898806153,0.3906563244715263,0
BeautyMarket,Shopify,Solaire,Auto Bronzant,,LITENS COOL TANNING HUILE SOLAIRE SPF 6 COCO 250ML,132.0,0.0,,En stock,Non,0.0,https://beautymarket.ma/products/litens-cool-tanning-huile-solaire-spf-6-coco-250ml,1,0,0.9229,0.0,0.5307,1,4.890349128221754,mid-range,0,18,0,0,Mid-range,-1.0358800264139658,0.0017285683852827,0
BeautyMarket,Shopify,Cheveux,Huile Cheveux,,NATURESOIN HUILE DE CAMOMILLE – 50 ML,45.6,0.0,,En stock,Non,0.0,https://beautymarket.ma/products/naturesoin-huile-de-camomille-50-ml,1,0,0.9219,0.0,0.5305,1,3.8416005411316,low-cost,0,5,0,4,Low-cost,-1.7871595091441403,0.6269959038491959,0
BeautyMarket,Shopify,Corps,Huile Corps,,LITENS COOL SUN BLOCK LAIT SOLAIRE ALOE VERRA 100ML,68.0,0.0,,En stock,Non,0.0,https://beautymarket.ma/products/litens-cool-sun-block-lait-solaire-aloe-verra-100ml,1,0,0.9215,0.0,0.5304,1,4.23410650459726,low-cost,0,6,0,4,Low-cost,-1.5886071804835356,0.3694083474205689,0
BeautyMarket,Shopify,Cheveux,Shampoing Sec,,NATURESOIN HUILE À L’EXTRAIT D’AIL – 50 ML,46.0,0.0,,En stock,Non,0.0,https://beautymarket.ma/products/naturesoin-huile-a-l-extrait-d-ail-50-ml,1,0,0.921,0.0,0.5302,1,3.8501476017100575,low-cost,0,5,0,4,Low-cost,-1.784208944336898,0.6201191037536119,0
BeautyMarket,Shopify,Cheveux,Huile Cheveux,,NATURESOIN HUILE DE CADE – 50 ML,46.0,0.0,,En stock,Non,0.0,https://beautymarket.ma/products/naturesoin-huile-de-cade-50-ml,1,0,0.921,0.0,0.5302,1,3.8501476017100575,low-cost,0,5,0,4,Low-cost,-1.784208944336898,0.6201191037536119,0
BeautyMarket,Shopify,Solaire,Solaire,,ACNEWIN ECRAN FLUIDE INVISIBLE SPF50+ 50ML,135.0,0.0,,En stock,Non,0.0,https://beautymarket.ma/products/acnewin-ecran-fluide-invisible-spf50-50ml,1,0,0.9208,0.0,0.5302,1,4.912654885736052,mid-range,0,18,0,0,Mid-range,-1.0273147138924923,-0.0151365282257938,0
BeautyMarket,Shopify,Solaire,Solaire,,MUSSVITAL FACIAL FLUID EMULSION SPF50+ ANTIAGING 50ML,135.0,0.0,,En stock,Non,0.0,https://beautymarket.ma/products/mussvital-facial-fluid-emulsion-spf50-antiaging-50ml,1,0,0.9208,0.0,0.5302,1,4.912654885736052,mid-range,0,18,0,0,Mid-range,-1.0273147138924923,-0.0151365282257938,0
BeautyMarket,Shopify,Solaire,Solaire,,L'OREAL PARIS GLYCOLIC-BRIGHT ANTI-DARK SPOT DAILY UV FLUID SPF50 50ML = COFFRET GUASHA OFFERT,135.0,0.0,,En stock,Non,0.0,https://beautymarket.ma/products/loreal-paris-glycolic-bright-anti-dark-spot-daily-uv-fluid-spf50-50ml,1,0,0.9208,0.0,0.5302,1,4.912654885736052,mid-range,0,18,0,0,Mid-range,-1.0273147138924923,-0.0151365282257938,0
BeautyMarket,Shopify,Cheveux,Huile Cheveux,,NATURESOIN HUILE À L’EXTRAIT DE FENUGREC – 50 ML,46.0,0.0,,En stock,Non,0.0,https://beautymarket.ma/products/naturesoin-huile-a-l-extrait-de-fenugrec-50-ml,1,0,0.921,0.0,0.5302,1,3.8501476017100575,low-cost,0,5,0,4,Low-cost,-1.784208944336898,0.6201191037536119,0
BeautyMarket,Shopify,Corps,Huile Corps,,NIVEA DOUCHE DE SOIN PEACH & APRICOT SEED OIL 250 ML,69.0,0.0,,En stock,Non,0.0,https://beautymarket.ma/products/nivea-douche-de-soin-peach-apricot-seed-oil-250-ml,1,0,0.9196,0.0,0.5299,1,4.248495242049359,low-cost,0,6,0,4,Low-cost,-1.5836245723735525,0.3578507218267208,0
BeautyMarket,Shopify,Corps,Hydratant Corps,,CERAVE SA CRÈME PIEDS RÉGÉNÉRANTE – 88 ML,69.0,0.0,,En stock,Non,0.0,https://beautymarket.ma/products/cerave-sa-creme-pieds-regenerante-88-ml,1,0,0.9196,0.0,0.5299,1,4.248495242049359,low-cost,0,6,0,4,Low-cost,-1.5836245723735525,0.3578507218267208,0
BeautyMarket,Shopify,Corps,Hydratant Corps,,GILBERT COLD CREAM – 50 ML,69.0,0.0,,En stock,Non,0.0,https://beautymarket.ma/products/gilbert-cold-cream-50-ml,1,0,0.9196,0.0,0.5299,1,4.248495242049359,low-cost,0,6,0,4,Low-cost,-1.5836245723735525,0.3578507218267208,0
BeautyMarket,Shopify,Corps,Gel Douche,,NIVEA MEN GEL DOUCHE VITALITY FRESH EFFECT 24H 250 ML,69.0,0.0,,En stock,Non,0.0,https://beautymarket.ma/products/nivea-men-gel-douche-vitality-fresh-effect-24h-250-ml,1,0,0.9196,0.0,0.5299,1,4.248495242049359,low-cost,0,6,0,4,Low-cost,-1.5836245723735525,0.3578507218267208,0
BeautyMarket,Shopify,Corps,Huile Corps,,NIVEA GEL DOUCHE LEMONGRASS & OIL 250ML – FRAÎCHEUR TONIFIANTE & MICRO-HUILES NOURRISSANTES,69.0,0.0,,En stock,Non,0.0,https://beautymarket.ma/products/nivea-gel-douche-lemongrass-oil-250ml,1,0,0.9196,0.0,0.5299,1,4.248495242049359,low-cost,0,6,0,4,Low-cost,-1.5836245723735525,0.3578507218267208,0
BeautyMarket,Shopify,Corps,Gel Douche,,NIVEA MEN GEL DOUCHE DEEP CLEAN 250ML,69.0,0.0,,En stock,Non,0.0,https://beautymarket.ma/products/nivea-men-gel-douche-deep-clean-250ml,1,0,0.9196,0.0,0.5299,1,4.248495242049359,low-cost,0,6,0,4,Low-cost,-1.5836245723735525,0.3578507218267208,0
BeautyMarket,Shopify,Corps,Gel Douche,,NIVEA MEN GEL DOUCHE SENSITIVE 250 ML,69.0,0.0,,En stock,Non,0.0,https://beautymarket.ma/products/nivea-men-gel-douche-sensitive-250-ml,1,0,0.9196,0.0,0.5299,1,4.248495242049359,low-cost,0,6,0,4,Low-cost,-1.5836245723735525,0.3578507218267208,0
BeautyMarket,Shopify,Corps,Gel Douche,,NEUTRADERM GEL DOUCHE SURGRAS DERMO-PROTECTEUR 200 ML,69.0,0.0,,En stock,Non,0.0,https://beautymarket.ma/products/neutraderm-gel-douche-surgras-dermo-protecteur-200-ml,1,0,0.9196,0.0,0.5299,1,4.248495242049359,low-cost,0,6,0,4,Low-cost,-1.5836245723735525,0.3578507218267208,0
BeautyMarket,Shopify,Corps,Gel Douche,,NIVEA MEN GEL DOUCHE 3EN1 SPORT 250ML,69.0,0.0,,En stock,Non,0.0,https://beautymarket.ma/products/nivea-men-gel-douche-3en1-sport-250ml,1,0,0.9196,0.0,0.5299,1,4.248495242049359,low-cost,0,6,0,4,Low-cost,-1.5836245723735525,0.3578507218267208,0
BeautyMarket,Shopify,Cheveux,Huile Cheveux,,RITUELESSENCE HUILE DE SESAME 50ML,47.0,0.0,,En stock,Non,0.0,https://beautymarket.ma/products/rituelessence-huile-de-sesame-50ml,1,0,0.9183,0.0,0.5296,1,3.871201010907891,low-cost,0,5,0,4,Low-cost,-1.7765161104423797,0.6037112464857982,0
BeautyMarket,Shopify,Cheveux,Shampooing 1,,ELSEVE HYALURON PURE SHAMPOOING PURIFIANT 72H 400ML,47.0,0.0,,En stock,Non,0.0,https://beautymarket.ma/products/elseve-hyaluron-pure-shampooing-purifiant-72h-400ml,1,0,0.9183,0.0,0.5296,1,3.871201010907891,low-cost,0,5,0,4,Low-cost,-1.7765161104423797,0.6037112464857982,0
Kiabi,Shopify,Fille,Fille,,Lot De 2 Paires De Chaussettes,55.0,0.0,,En stock,Non,0.0,,1,0,0.9176,0.0,0.5294,1,4.02535169073515,low-cost,2,9,0,4,Low-cost,-0.8154298544073836,0.3403666486422429,0
Kiabi,Shopify,Fille,Fille,,Robe En Maille Légère Fine Bretelles All-Over En Coton,55.0,0.0,,En stock,Non,0.0,,1,0,0.9176,0.0,0.5294,1,4.02535169073515,low-cost,2,9,0,4,Low-cost,-0.8154298544073836,0.3403666486422429,0
Kiabi,Shopify,Fille,Fille,,Lot De 2 Élastiques,55.0,0.0,,En stock,Non,0.0,,1,0,0.9176,0.0,0.5294,1,4.02535169073515,low-cost,2,9,0,4,Low-cost,-0.8154298544073836,0.3403666486422429,0
BeautyMarket,Shopify,Cheveux,Huile Cheveux,,NATURESOIN HUILE DE MYRTE – 50 ML,48.0,0.0,,En stock,Non,0.0,https://beautymarket.ma/products/naturesoin-huile-de-myrte-50-ml,1,0,0.9166,0.0,0.5292,1,3.8918202981106265,low-cost,0,5,0,4,Low-cost,-1.7684082285755358,0.5883590577043353,0
BeautyMarket,Shopify,Cheveux,Huile Cheveux,,NATURESOIN HUILE DE BEAUTÉ DE LA ROSE – 50 ML,48.0,0.0,,En stock,Non,0.0,https://beautymarket.ma/products/naturesoin-huile-de-beaute-de-la-rose-50-ml,1,0,0.9166,0.0,0.5292,1,3.8918202981106265,low-cost,0,5,0,4,Low-cost,-1.7684082285755358,0.5883590577043353,0
BeautyMarket,Shopify,Cheveux,Huile Cheveux,,RACINE VITA HUILE DE CEDRE DE L’ATLAS 40ML,48.0,0.0,,En stock,Non,0.0,https://beautymarket.ma/products/racine-vita-huile-de-cedre-de-l-atlas-40ml,1,0,0.9166,0.0,0.5292,1,3.8918202981106265,low-cost,0,5,0,4,Low-cost,-1.7684082285755358,0.5883590577043353,0
BeautyMarket,Shopify,Solaire,Solaire,,HEI POA MONOI DE TAHITI TROPICAL 100 ML,139.0,0.0,,En stock,Non,0.0,https://beautymarket.ma/products/hei-poa-monoi-de-tahiti-tropical-monoi-100-ml,1,0,0.9143,0.0,0.5286,1,4.941642422609304,mid-range,0,18,0,0,Mid-range,-1.0190889440400368,-0.0406865179510657,0
BeautyMarket,Shopify,Solaire,Solaire,,SVR SUN SECURE EASY STICK INVISIBLE FINISH SPF50+ 10G,139.0,0.0,,En stock,Non,0.0,https://beautymarket.ma/products/svr-sun-secure-easy-stick-invisible-finish-spf50-10g,1,0,0.9143,0.0,0.5286,1,4.941642422609304,mid-range,0,18,0,0,Mid-range,-1.0190889440400368,-0.0406865179510657,0
BeautyMarket,Shopify,Solaire,Auto Bronzant,,VAHEMA MONOI DE TAHITI VANILLE 100 ML,139.0,0.0,,En stock,Non,0.0,https://beautymarket.ma/products/vahema-monoi-de-tahiti-vanille,1,0,0.9143,0.0,0.5286,1,4.941642422609304,mid-range,0,18,0,0,Mid-range,-1.0190889440400368,-0.0406865179510657,0
BeautyMarket,Shopify,Solaire,Solaire,,HEI POA SOIN CAPILLAIRE-PUR MONOI DE TAHITI CHEVEUX SECS ET ABIMES 100,139.0,0.0,,En stock,Non,0.0,https://beautymarket.ma/products/hei-poa-soin-capillaire-pur-monoi-de-tahiti-cheveux-secs-et-abimes-100ml,1,0,0.9143,0.0,0.5286,1,4.941642422609304,mid-range,0,18,0,0,Mid-range,-1.0190889440400368,-0.0406865179510657,0
BeautyMarket,Shopify,Solaire,Auto Bronzant,,VAHEMA MONOI DE TAHITI HUILE COCO 100 ML,139.0,0.0,,En stock,Non,0.0,https://beautymarket.ma/products/vahema-monoi-de-tahiti-huile-coco-100-ml,1,0,0.9143,0.0,0.5286,1,4.941642422609304,mid-range,0,18,0,0,Mid-range,-1.0190889440400368,-0.0406865179510657,0
BeautyMarket,Shopify,Solaire,Solaire,,NIVEA SUN PROTECT & HYDRATE LAIT SOLAIRE SPF20 200 ML,139.0,0.0,,En stock,Non,0.0,https://beautymarket.ma/products/nivea-sun-protect-hydrate-lait-solaire-spf20-200-ml,1,0,0.9143,0.0,0.5286,1,4.941642422609304,mid-range,0,18,0,0,Mid-range,-1.0190889440400368,-0.0406865179510657,0
BeautyMarket,Shopify,Solaire,Solaire,,HEI POA MONOI DE TAHITI AU MONOI ORCHIDEE TROPICALE 100 ML,139.0,0.0,,En stock,Non,0.0,https://beautymarket.ma/products/hei-poa-monoi-de-tahiti-au-monoi-orchidee-tropicale-100-ml,1,0,0.9143,0.0,0.5286,1,4.941642422609304,mid-range,0,18,0,0,Mid-range,-1.0190889440400368,-0.0406865179510657,0
BeautyMarket,Shopify,Cheveux,Huile Cheveux,,NATURESOIN HUILE DE LIN – 50 ML,49.0,0.0,,En stock,Non,0.0,https://beautymarket.ma/products/naturesoin-huile-de-lin-50-ml,1,0,0.914,0.0,0.5285,1,3.912023005428146,low-cost,0,5,0,4,Low-cost,-1.761406115468867,0.5721391810432532,0
BeautyMarket,Shopify,Cheveux,Shampooing 1,,ELSEVE HYALURON PURE SHAMPOOING PURIFIANT 72H 200ML,49.0,0.0,,En stock,Non,0.0,https://beautymarket.ma/products/elseve-hyaluron-pure-shampooing-purifiant-72h,1,0,0.914,0.0,0.5285,1,3.912023005428146,low-cost,0,5,0,4,Low-cost,-1.761406115468867,0.5721391810432532,0
BeautyMarket,Shopify,Cheveux,Brosses Et Accessoires,,BETER HAIRSTYLE ÉLASTIQUE QUEUE DE CHEVAL 9 PIÈCES 19201,49.0,0.0,,En stock,Non,0.0,https://beautymarket.ma/products/beter-hairstyle-elastique-queue-de-cheval-8-pieces-19201,1,0,0.914,0.0,0.5285,1,3.912023005428146,low-cost,0,5,0,4,Low-cost,-1.761406115468867,0.5721391810432532,0
BeautyMarket,Shopify,Cheveux,Shampooing 1,,GARNIER ULTRA DOUX SHAMPOOING AVOCAT & KARITÉ 400ML – NUTRITION INTENSE CHEVEUX SECS ET TERNES,49.0,0.0,,En stock,Non,0.0,https://beautymarket.ma/products/garnier-ultra-doux-avocat-karite-400ml,1,0,0.914,0.0,0.5285,1,3.912023005428146,low-cost,0,5,0,4,Low-cost,-1.761406115468867,0.5721391810432532,0
BeautyMarket,Shopify,Cheveux,Shampooing 1,,ELSEVE HYALURON REPULP SHAMPOOING HYDRATATION 200ML,49.0,0.0,,En stock,Non,0.0,https://beautymarket.ma/products/elseve-hyaluron-repulp-shampooing-hydratation-200ml,1,0,0.914,0.0,0.5285,1,3.912023005428146,low-cost,0,5,0,4,Low-cost,-1.761406115468867,0.5721391810432532,0
BeautyMarket,Shopify,Cheveux,Shampooing 1,,L’ORÉAL PARIS ELSEVE HUILE EXTRAORDINAIRE SHAMPOOING JOJOBA CHEVEUX SECS 200ML,49.0,0.0,,En stock,Non,0.0,https://beautymarket.ma/products/loreal-paris-elseve-huile-extraordinaire-shampooing-jojoba-200ml,1,0,0.914,0.0,0.5285,1,3.912023005428146,low-cost,0,5,0,4,Low-cost,-1.761406115468867,0.5721391810432532,0
BeautyMarket,Shopify,Cheveux,Shampooing 1,,MIXA SHAMPOOING TRÈS DOUX 300ML,49.0,0.0,,En stock,Non,0.0,https://beautymarket.ma/products/mixa-shampooing-tres-doux-300ml,1,0,0.914,0.0,0.5285,1,3.912023005428146,low-cost,0,5,0,4,Low-cost,-1.761406115468867,0.5721391810432532,0
BeautyMarket,Shopify,Cheveux,Huile Cheveux,,NATURESOIN HUILE DE GERME DE BLÉ – 50 ML,49.0,0.0,,En stock,Non,0.0,https://beautymarket.ma/products/naturesoin-huile-de-germe-de-ble-50-ml,1,0,0.914,0.0,0.5285,1,3.912023005428146,low-cost,0,5,0,4,Low-cost,-1.761406115468867,0.5721391810432532,0
BeautyMarket,Shopify,Cheveux,Shampooing 1,,GARNIER ULTRA DOUX RICE WATER SHAMPOOING INFUSION D’EAU DE RIZ & AMIDON 200ML,49.0,0.0,,En stock,Non,0.0,https://beautymarket.ma/products/garnier-ultra-doux-shampooing-infusion-d-eau-de-riz-amidon-200ml,1,0,0.914,0.0,0.5285,1,3.912023005428146,low-cost,0,5,0,4,Low-cost,-1.761406115468867,0.5721391810432532,0
BeautyMarket,Shopify,Cheveux,Huile Cheveux,,NATURESOIN HUILE DE LAVANDE – 50 ML,49.0,0.0,,En stock,Non,0.0,https://beautymarket.ma/products/naturesoin-huile-de-lavande-50-ml,1,0,0.914,0.0,0.5285,1,3.912023005428146,low-cost,0,5,0,4,Low-cost,-1.761406115468867,0.5721391810432532,0
BeautyMarket,Shopify,Maquillage,Ongles,,PASTEL PURE NAIL POLISH 618,49.0,0.0,,En stock,Non,0.0,https://beautymarket.ma/products/pastel-pure-nail-polish-618,1,0,0.9122,0.0,0.528,1,3.912023005428146,low-cost,0,14,0,4,Low-cost,-1.5718055032373952,0.6235601541675124,0
BeautyMarket,Shopify,Maquillage,Ongles,,PASTEL PURE NAIL POLISH 609,49.0,0.0,,En stock,Non,0.0,https://beautymarket.ma/products/pastel-pure-nail-polish-609,1,0,0.9122,0.0,0.528,1,3.912023005428146,low-cost,0,14,0,4,Low-cost,-1.5718055032373952,0.6235601541675124,0
BeautyMarket,Shopify,Maquillage,Ongles,,PASTEL PURE NAIL POLISH 617,49.0,0.0,,En stock,Non,0.0,https://beautymarket.ma/products/pastel-pure-nail-polish-617,1,0,0.9122,0.0,0.528,1,3.912023005428146,low-cost,0,14,0,4,Low-cost,-1.5718055032373952,0.6235601541675124,0
BeautyMarket,Shopify,Maquillage,Ongles,,PASTEL PURE NAIL POLISH 606,49.0,0.0,,En stock,Non,0.0,https://beautymarket.ma/products/pastel-pure-nail-polish-606,1,0,0.9122,0.0,0.528,1,3.912023005428146,low-cost,0,14,0,4,Low-cost,-1.5718055032373952,0.6235601541675124,0
BeautyMarket,Shopify,Maquillage,Rougir,,PASTEL PROFASHION CREAM BLUSH 43,49.0,0.0,,En stock,Non,0.0,https://beautymarket.ma/products/pastel-profashion-cream-blush-43,1,0,0.9122,0.0,0.528,1,3.912023005428146,low-cost,0,14,0,4,Low-cost,-1.5718055032373952,0.6235601541675124,0
BeautyMarket,Shopify,Maquillage,Rougir,,PASTEL PROFASHION CREAM BLUSH 42,49.0,0.0,,En stock,Non,0.0,https://beautymarket.ma/products/pastel-profashion-cream-blush-42,1,0,0.9122,0.0,0.528,1,3.912023005428146,low-cost,0,14,0,4,Low-cost,-1.5718055032373952,0.6235601541675124,0
BeautyMarket,Shopify,Maquillage,Rougir,,PASTEL PROFASHION CREAM BLUSH 48,49.0,0.0,,En stock,Non,0.0,https://beautymarket.ma/products/pastel-profashion-cream-blush-48,1,0,0.9122,0.0,0.528,1,3.912023005428146,low-cost,0,14,0,4,Low-cost,-1.5718055032373952,0.6235601541675124,0
BeautyMarket,Shopify,Maquillage,Eyeliner,,RELOVE KOHL EYELINER BLACK,49.0,0.0,,En stock,Non,0.0,https://beautymarket.ma/products/relove-kohl-eyeliner-black,1,0,0.9122,0.0,0.528,1,3.912023005428146,low-cost,0,14,0,4,Low-cost,-1.5718055032373952,0.6235601541675124,0
BeautyMarket,Shopify,Maquillage,Crayon A Levres,,ABSOLUTE NEW YORK GLIDE ET GLAM GEL LIP LINER TERRACO,49.0,0.0,,En stock,Non,0.0,https://beautymarket.ma/products/absolute-new-york-glide-et-glam-gel-lip-liner-terraco,1,0,0.9122,0.0,0.528,1,3.912023005428146,low-cost,0,14,0,4,Low-cost,-1.5718055032373952,0.6235601541675124,0
BeautyMarket,Shopify,Maquillage,Ongles,,PASTEL PURE NAIL POLISH 756,49.0,0.0,,En stock,Non,0.0,https://beautymarket.ma/products/pastel-pure-nail-polish-756,1,0,0.9122,0.0,0.528,1,3.912023005428146,low-cost,0,14,0,4,Low-cost,-1.5718055032373952,0.6235601541675124,0
BeautyMarket,Shopify,Maquillage,Ongles,,PASTEL NUDE NAIL POLISH 762,49.0,0.0,,En stock,Non,0.0,https://beautymarket.ma/products/pastel-nude-nail-polish-762,1,0,0.9122,0.0,0.528,1,3.912023005428146,low-cost,0,14,0,4,Low-cost,-1.5718055032373952,0.6235601541675124,0
BeautyMarket,Shopify,Maquillage,Crayon A Levres,,ABSOLUTE NEW YORK GLIDE ET GLAM GEL LIP LINER ROSE,49.0,0.0,,En stock,Non,0.0,https://beautymarket.ma/products/absolute-new-york-glide-et-glam-gel-lip-liner-rose,1,0,0.9122,0.0,0.528,1,3.912023005428146,low-cost,0,14,0,4,Low-cost,-1.5718055032373952,0.6235601541675124,0
BeautyMarket,Shopify,Maquillage,Rougir,,PASTEL PROFASHION CREAM BLUSH DAZZLING N 41,49.0,0.0,,En stock,Non,0.0,https://beautymarket.ma/products/pastel-profashion-cream-blush-dazzling-n-41,1,0,0.9122,0.0,0.528,1,3.912023005428146,low-cost,0,14,0,4,Low-cost,-1.5718055032373952,0.6235601541675124,0
BeautyMarket,Shopify,Maquillage,Eyeliner,,RELOVE KOHL EYELINER WHITE,49.0,0.0,,En stock,Non,0.0,https://beautymarket.ma/products/relove-kohl-eyeliner-white,1,0,0.9122,0.0,0.528,1,3.912023005428146,low-cost,0,14,0,4,Low-cost,-1.5718055032373952,0.6235601541675124,0
BeautyMarket,Shopify,Maquillage,Eyeliner,,ABSOLUTE NEW YORK GLIDE ET GLAM GEL EYE LINER 01 NOIR,49.0,0.0,,En stock,Non,0.0,https://beautymarket.ma/products/absolute-new-york-glide-et-glam-gel-eye-liner-01-noir,1,0,0.9122,0.0,0.528,1,3.912023005428146,low-cost,0,14,0,4,Low-cost,-1.5718055032373952,0.6235601541675124,0
BeautyMarket,Shopify,Maquillage,Eyeliner,,ABSOLUTE NEW YORK GLIDE ET GLAM GEL EYE LINER BRONW,49.0,0.0,,En stock,Non,0.0,https://beautymarket.ma/products/absolute-new-york-glide-et-glam-gel-eye-liner-bronw,1,0,0.9122,0.0,0.528,1,3.912023005428146,low-cost,0,14,0,4,Low-cost,-1.5718055032373952,0.6235601541675124,0
BeautyMarket,Shopify,Maquillage,Eyeliner,,RELOVE KOHL EYELINER NUDE,49.0,0.0,,En stock,Non,0.0,https://beautymarket.ma/products/relove-kohl-eyeliner-nude,1,0,0.9122,0.0,0.528,1,3.912023005428146,low-cost,0,14,0,4,Low-cost,-1.5718055032373952,0.6235601541675124,0
BeautyMarket,Shopify,Maquillage,Mascara,,RELOVE POWER LASH WATERPROOF VOLUME MASCARA,49.0,0.0,,En stock,Non,0.0,https://beautymarket.ma/products/relove-power-lash-waterproof-volume-mascara,1,0,0.9122,0.0,0.528,1,3.912023005428146,low-cost,0,14,0,4,Low-cost,-1.5718055032373952,0.6235601541675124,0
BeautyMarket,Shopify,Maquillage,Crayon A Levres,,ABSOLUTE NEW YORK GLIDE ET GLAM GEL LIP LINER NUDE PINK,49.0,0.0,,En stock,Non,0.0,https://beautymarket.ma/products/absolute-new-york-glide-et-glam-gel-lip-liner-nude-pink,1,0,0.9122,0.0,0.528,1,3.912023005428146,low-cost,0,14,0,4,Low-cost,-1.5718055032373952,0.6235601541675124,0
BeautyMarket,Shopify,Maquillage,Gloss,,SHOW BY PASTEL SHOW YOUR MAGIC GLOSS COLOR CHANGING 01,49.0,0.0,,En stock,Non,0.0,https://beautymarket.ma/products/pastel-show-your-magic-gloss-color-changing,1,0,0.9122,0.0,0.528,1,3.912023005428146,low-cost,0,14,0,4,Low-cost,-1.5718055032373952,0.6235601541675124,0
BeautyMarket,Shopify,Maquillage,Gloss,,PASTEL SHOW YOUR LUMOS CLEAR GLOSS,49.0,0.0,,En stock,Non,0.0,https://beautymarket.ma/products/pastel-show-your-lumos-clear-gloss,1,0,0.9122,0.0,0.528,1,3.912023005428146,low-cost,0,14,0,4,Low-cost,-1.5718055032373952,0.6235601541675124,0
BeautyMarket,Shopify,Maquillage,Rougir,,PASTEL PROFASHION CREAM BLUSH 44,49.0,0.0,,En stock,Non,0.0,https://beautymarket.ma/products/pastel-profashion-cream-blush-44,1,0,0.9122,0.0,0.528,1,3.912023005428146,low-cost,0,14,0,4,Low-cost,-1.5718055032373952,0.6235601541675124,0
BeautyMarket,Shopify,Maquillage,Rougir,,PASTEL PROFASHION CREAM BLUSH 46,49.0,0.0,,En stock,Non,0.0,https://beautymarket.ma/products/pastel-profashion-cream-blush-46,1,0,0.9122,0.0,0.528,1,3.912023005428146,low-cost,0,14,0,4,Low-cost,-1.5718055032373952,0.6235601541675124,0
BeautyMarket,Shopify,Maquillage,Rougir,,PASTEL PROFASHION CREAM BLUSH 47,49.0,0.0,,En stock,Non,0.0,https://beautymarket.ma/products/pastel-profashion-cream-blush-47,1,0,0.9122,0.0,0.528,1,3.912023005428146,low-cost,0,14,0,4,Low-cost,-1.5718055032373952,0.6235601541675124,0
BeautyMarket,Shopify,Maquillage,Rougir,,PASTEL PROFASHION CREAM BLUSH 49,49.0,0.0,,En stock,Non,0.0,https://beautymarket.ma/products/pastel-profashion-cream-blush-49,1,0,0.9122,0.0,0.528,1,3.912023005428146,low-cost,0,14,0,4,Low-cost,-1.5718055032373952,0.6235601541675124,0
BeautyMarket,Shopify,Maquillage,Crayon A Levres,,RELOVE LIPLINER SUGAR,49.0,0.0,,En stock,Non,0.0,https://beautymarket.ma/products/relove-lipliner-sugar,1,0,0.9122,0.0,0.528,1,3.912023005428146,low-cost,0,14,0,4,Low-cost,-1.5718055032373952,0.6235601541675124,0
BeautyMarket,Shopify,Maquillage,Outils Et Accessoires De Beaute,,PASTEL FOUNDATION & CONCEALER BRUSH 03 – PINCEAU FOND DE TEINT ET CORRECTEUR PRÉCIS,49.0,0.0,,En stock,Non,0.0,https://beautymarket.ma/products/pastel-foundation-concealer-brush-03-pinceau-fond-de-teint-et-correcteur-precis,1,0,0.9122,0.0,0.528,1,3.912023005428146,low-cost,0,14,0,4,Low-cost,-1.5718055032373952,0.6235601541675124,0
BeautyMarket,Shopify,Maquillage,Outils Et Accessoires De Beaute,,PASTEL PROFASHION HIGHLIGHTER BRUSH 05 – PINCEAU ILLUMINATEUR PRÉCIS & LUMINEUX,49.0,0.0,,En stock,Non,0.0,https://beautymarket.ma/products/pastel-profashion-highlighter-brush-05-pinceau-illuminateur-precis-lumineux,1,0,0.9122,0.0,0.528,1,3.912023005428146,low-cost,0,14,0,4,Low-cost,-1.5718055032373952,0.6235601541675124,0
BeautyMarket,Shopify,Maquillage,Ongles,,PASTEL PURE NAIL POLISH 765,49.0,0.0,,En stock,Non,0.0,https://beautymarket.ma/products/pastel-pure-nail-polish-765,1,0,0.9122,0.0,0.528,1,3.912023005428146,low-cost,0,14,0,4,Low-cost,-1.5718055032373952,0.6235601541675124,0
Kiabi,Shopify,Garçon,Garçon,,Pyjama 2 Pièces Short + T-Shirt,70.0,0.0,,En stock,Non,0.0,,1,0,0.911,0.0,0.5277,1,4.262679877041316,low-cost,2,10,0,4,Low-cost,-0.6919924418904208,0.1806912206752808,0
Kiabi,Shopify,Garçon,Garçon,,Lot De 5 Chaussettes Unies,70.0,0.0,,En stock,Non,0.0,,1,0,0.911,0.0,0.5277,1,4.262679877041316,low-cost,2,10,0,4,Low-cost,-0.6919924418904208,0.1806912206752808,0
Kiabi,Shopify,Garçon,Garçon,,Lot De 5 Chaussettes Invisibles,70.0,0.0,,En stock,Non,0.0,,1,0,0.911,0.0,0.5277,1,4.262679877041316,low-cost,2,10,0,4,Low-cost,-0.6919924418904208,0.1806912206752808,0
Lasolda,WooCommerce,Automobile et bricolage,Automobile et bricolage,,Pompe Manuelle avec Tuyau –...,79.0,0.0,,En stock,Non,0.0,,1,0,0.9091,0.0,0.5273,1,4.382026634673881,low-cost,3,0,1,4,Low-cost,-0.4480765568967167,-0.051576357305179,0
Kiabi,Shopify,Fille,Fille,,Lot De 3 Paires De Chaussettes Invisibles,60.0,0.0,,En stock,Non,0.0,,1,0,0.9059,0.0,0.5265,1,4.110873864173311,low-cost,2,9,0,4,Low-cost,-0.7855951193053918,0.2719463966488656,0
Kiabi,Shopify,Fille,Fille,,Lot De 3 Chouchous 'Stitch',60.0,0.0,,En stock,Non,0.0,,1,0,0.9059,0.0,0.5265,1,4.110873864173311,low-cost,2,9,0,4,Low-cost,-0.7855951193053918,0.2719463966488656,0
Kiabi,Shopify,Fille,Fille,,Lot De 4 Pinces + 2 Élastiques 'Stitch',60.0,0.0,,En stock,Non,0.0,,1,0,0.9059,0.0,0.5265,1,4.110873864173311,low-cost,2,9,0,4,Low-cost,-0.7855951193053918,0.2719463966488656,0
Kiabi,Shopify,Fille,Fille,,Pince Croco Avec Nœud Fantaisie Et Ruban,60.0,0.0,,En stock,Non,0.0,,1,0,0.9059,0.0,0.5265,1,4.110873864173311,low-cost,2,9,0,4,Low-cost,-0.7855951193053918,0.2719463966488656,0
Kiabi,Shopify,Fille,Fille,,Lot De 2 Pinces Crabes,60.0,0.0,,En stock,Non,0.0,,1,0,0.9059,0.0,0.5265,1,4.110873864173311,low-cost,2,9,0,4,Low-cost,-0.7855951193053918,0.2719463966488656,0
Kiabi,Shopify,Fille,Fille,,Casquette Baseball En Coton,60.0,0.0,,En stock,Non,0.0,,1,0,0.9059,0.0,0.5265,1,4.110873864173311,low-cost,2,9,0,4,Low-cost,-0.7855951193053918,0.2719463966488656,0
Kiabi,Shopify,Fille,Fille,,Lot De 4 Pinces + 2 Chouchous 'Minnie',60.0,0.0,,En stock,Non,0.0,,1,0,0.9059,0.0,0.5265,1,4.110873864173311,low-cost,2,9,0,4,Low-cost,-0.7855951193053918,0.2719463966488656,0
BeautyMarket,Shopify,Cheveux,Huile Cheveux,,NATURESOIN HUILE DE PÉPINS DE COURGE – 50 ML,50.0,0.0,,En stock,Non,0.0,https://beautymarket.ma/products/naturesoin-huile-de-pepins-de-courge-50-ml,1,0,0.9052,0.0,0.5263,1,3.9318256327243257,low-cost,0,5,0,4,Low-cost,-1.7591713166408864,0.5504527239477136,0
BeautyMarket,Shopify,Cheveux,Shampooing 1,,H&S SHAMPOOING ANTIPELLICULAIRE CUIR CHEVELU IRRITÉ - 400 ML,50.0,0.0,,En stock,Non,0.0,https://beautymarket.ma/products/h-s-shampooing-antipelliculaire-cuir-chevelu-irrite-400-ml,1,0,0.9052,0.0,0.5263,1,3.9318256327243257,low-cost,0,5,0,4,Low-cost,-1.7591713166408864,0.5504527239477136,0
BeautyMarket,Shopify,Cheveux,Shampooing 1,,H&S SHAMPOOING MENTHOL FRESH 400ML,50.0,0.0,,En stock,Non,0.0,https://beautymarket.ma/products/h-s-shampooing-menthol-fresh-400ml,1,0,0.9052,0.0,0.5263,1,3.9318256327243257,low-cost,0,5,0,4,Low-cost,-1.7591713166408864,0.5504527239477136,0
BeautyMarket,Shopify,Cheveux,Shampoing Sec,,GARNIER ULTRA DOUX – HAIR FOOD – APRÈS SHAMPOOING NOURISSANT À LA BANANE POUR CHEVEUX SECS 350ML,50.0,0.0,,En stock,Non,0.0,https://beautymarket.ma/products/garnier-ultra-doux-hair-food-apres-shampooing-nourissant-a-la-banane-pour-cheveux-secs-350ml,1,0,0.9052,0.0,0.5263,1,3.9318256327243257,low-cost,0,5,0,4,Low-cost,-1.7591713166408864,0.5504527239477136,0
BeautyMarket,Shopify,Cheveux,Shampooing 1,,H&S SHAMPOOING ANTIPELLICULAIRE CUIR CHEVELU GRAS 400 ML,50.0,0.0,,En stock,Non,0.0,https://beautymarket.ma/products/h-s-shampooing-antipelliculaire-cuir-chevelu-gras-400-ml,1,0,0.9052,0.0,0.5263,1,3.9318256327243257,low-cost,0,5,0,4,Low-cost,-1.7591713166408864,0.5504527239477136,0
BeautyMarket,Shopify,Corps,Hydratant Corps,,BIO-OIL HUILE ANTI-VERGETURES – 25 ML,72.0,0.0,,En stock,Non,0.0,https://beautymarket.ma/products/bio-oil-huile-anti-vergetures-25-ml,1,0,0.9028,0.0,0.5257,1,4.290459441148391,low-cost,0,6,0,4,Low-cost,-1.5774759749554688,0.3136610393476903,0
BeautyMarket,Shopify,Corps,Hydratant Corps,,CERAVE CREME MAINS REPARATRICE 100 ML,72.0,0.0,,En stock,Non,0.0,https://beautymarket.ma/products/cerave-creme-mains-reparatrice-100-ml,1,0,0.9028,0.0,0.5257,1,4.290459441148391,low-cost,0,6,0,4,Low-cost,-1.5774759749554688,0.3136610393476903,0
BeautyMarket,Shopify,Corps,Nettoyant Corps,,BIOSEPT 7.5 GEL NETTOYANT TRAITANT EXTRA-DOUX À L’ALOE VERA 200 ML,72.0,0.0,,En stock,Non,0.0,https://beautymarket.ma/products/biosept-7-5-gel-nettoyant-traitant-extra-doux-a-l-aloe-vera-200-ml,1,0,0.9028,0.0,0.5257,1,4.290459441148391,low-cost,0,6,0,4,Low-cost,-1.5774759749554688,0.3136610393476903,0
Kiabi,Shopify,Bébé,Bébé,,T-Shirt Avec Poche Fantaisie,65.0,0.0,,En stock,Non,0.0,,1,0,0.9023,0.0,0.5256,1,4.189654742026425,low-cost,2,3,0,4,Low-cost,-0.8801155935712526,0.1801367638215995,0
BeautyMarket,Shopify,Cheveux,Huile Cheveux,,NATURESOIN HUILE CAMPHREE – 50 ML,51.0,0.0,,En stock,Non,0.0,https://beautymarket.ma/products/naturesoin-huile-camphree-50-ml,1,0,0.9008,0.0,0.5252,1,3.951243718581428,low-cost,0,5,0,4,Low-cost,-1.7537472738802191,0.533229570594894,0
BeautyMarket,Shopify,Cheveux,Shampoing Sec,,NATURESOIN HUILE D’AVOCAT – 50 ML,51.0,0.0,,En stock,Non,0.0,https://beautymarket.ma/products/naturesoin-huile-d-avocat-50-ml,1,0,0.9008,0.0,0.5252,1,3.951243718581428,low-cost,0,5,0,4,Low-cost,-1.7537472738802191,0.533229570594894,0
BeautyMarket,Shopify,Cheveux,Huile Cheveux,,NATURESOIN HUILE DE CÈDRE DE L’ATLAS – 50 ML,51.0,0.0,,En stock,Non,0.0,https://beautymarket.ma/products/naturesoin-huile-de-cedre-de-l-atlas-50-ml,1,0,0.9008,0.0,0.5252,1,3.951243718581428,low-cost,0,5,0,4,Low-cost,-1.7537472738802191,0.533229570594894,0
BeautyMarket,Shopify,Cheveux,Huile Cheveux,,NATURESOIN HUILE DE CITRON – 50 ML,51.0,0.0,,En stock,Non,0.0,https://beautymarket.ma/products/naturesoin-huile-de-citron-50-ml,1,0,0.9008,0.0,0.5252,1,3.951243718581428,low-cost,0,5,0,4,Low-cost,-1.7537472738802191,0.533229570594894,0
BeautyMarket,Shopify,Cheveux,Huile Cheveux,,NATURESOIN HUILE DE MACADAMIA – 50 ML,51.0,0.0,,En stock,Non,0.0,https://beautymarket.ma/products/naturesoin-huile-de-macadamia-50-ml,1,0,0.9008,0.0,0.5252,1,3.951243718581428,low-cost,0,5,0,4,Low-cost,-1.7537472738802191,0.533229570594894,0
BeautyMarket,Shopify,Cheveux,Huile Cheveux,,NATURESOIN HUILE DE BASILIC – 50 ML,51.0,0.0,,En stock,Non,0.0,https://beautymarket.ma/products/naturesoin-huile-de-basilic-50-ml,1,0,0.9008,0.0,0.5252,1,3.951243718581428,low-cost,0,5,0,4,Low-cost,-1.7537472738802191,0.533229570594894,0
BeautyMarket,Shopify,Cheveux,Huile Cheveux,,NATURESOIN HUILE DE CANNELLE – 50 ML,51.0,0.0,,En stock,Non,0.0,https://beautymarket.ma/products/naturesoin-huile-de-cannelle-50-ml,1,0,0.9008,0.0,0.5252,1,3.951243718581428,low-cost,0,5,0,4,Low-cost,-1.7537472738802191,0.533229570594894,0
BeautyMarket,Shopify,Solaire,Solaire,,EPIDERMA ECRAN SOLAIRE ANTI-TACHES SPF50 50ML,140.0,0.0,,En stock,Non,0.0,https://beautymarket.ma/products/epiderma-ecran-solaire-anti-taches-spf50-50ml,1,0,0.8994,0.0,0.5248,1,4.948759890378168,mid-range,0,18,0,0,Mid-range,-1.0274866013158346,-0.0599861114333578,0
Kiabi,Shopify,Bébé,Bébé,,Lot De 5 Chaussettes À Volants,70.0,0.0,,En stock,Non,0.0,,1,0,0.8977,0.0,0.5244,1,4.262679877041316,low-cost,2,3,0,4,Low-cost,-0.8507384001226521,0.1265937973567356,0
Kiabi,Shopify,Bébé,Bébé,,Lot De 3 Paires De Chaussettes Naissance,70.0,0.0,,En stock,Non,0.0,,1,0,0.8977,0.0,0.5244,1,4.262679877041316,low-cost,2,3,0,4,Low-cost,-0.8507384001226521,0.1265937973567356,0
Kiabi,Shopify,Bébé,Bébé,,Pantalon Tregging,70.0,0.0,,En stock,Non,0.0,,1,0,0.8977,0.0,0.5244,1,4.262679877041316,low-cost,2,3,0,4,Low-cost,-0.8507384001226521,0.1265937973567356,0
Kiabi,Shopify,Bébé,Bébé,,Paire De Chaussettes Fantaisie Anti-Dérapantes,70.0,0.0,,En stock,Non,0.0,,1,0,0.8977,0.0,0.5244,1,4.262679877041316,low-cost,2,3,0,4,Low-cost,-0.8507384001226521,0.1265937973567356,0
Kiabi,Shopify,Bébé,Bébé,,Pantalon Tregging Slim,70.0,0.0,,En stock,Non,0.0,,1,0,0.8977,0.0,0.5244,1,4.262679877041316,low-cost,2,3,0,4,Low-cost,-0.8507384001226521,0.1265937973567356,0
BeautyMarket,Shopify,Solaire,Solaire,,ZIAJA SUN LAIT SOLAIRE POUR ENFANT SPF50 125ML,145.0,0.0,,En stock,Non,0.0,https://beautymarket.ma/products/ziaja-sun-lait-solaire-pour-enfant,1,0,0.8972,0.0,0.5243,1,4.983606621708336,mid-range,0,18,0,0,Mid-range,-1.01324609764144,-0.0852585197011718,0
BeautyMarket,Shopify,Corps,Huile De Bain,,BABYHEART HUILE ADOUCISSANTE 250ML,74.0,0.0,,En stock,Non,0.0,https://beautymarket.ma/products/babyheart-huile-adoucissante-250ml,1,0,0.8972,0.0,0.5243,1,4.31748811353631,low-cost,0,6,0,4,Low-cost,-1.569525151800807,0.2901888863629955,0
BeautyMarket,Shopify,Corps,Huile Corps,,NATURESOIN HUILE DE GLYCERINE 1L,75.0,0.0,,En stock,Non,0.0,https://beautymarket.ma/products/naturesoin-huile-de-glycerine-1l,1,0,0.8953,0.0,0.5238,1,4.330733340286331,low-cost,0,6,0,4,Low-cost,-1.5650600188020063,0.2793978560109799,0
BeautyMarket,Shopify,Solaire,Solaire,,HEI POA LAIT APRES SOLEIL TIARE 150ML,148.0,0.0,,En stock,Non,0.0,https://beautymarket.ma/products/hei-poa-lait-apres-soleil-tiare-150ml,1,0,0.8951,0.0,0.5238,1,5.003946305945459,mid-range,0,18,0,0,Mid-range,-1.0055704960652605,-0.1008055854301263,0
BeautyMarket,Shopify,Corps,Nettoyant Corps,,MKL GEL DOUCHE DERMO-NETTOYANT BIO ** AQUA 100 ML,75.0,0.0,,En stock,Non,0.0,https://beautymarket.ma/products/mkl-gel-douche-dermo-nettoyant-bio-aqua-100-ml,1,0,0.8953,0.0,0.5238,1,4.330733340286331,low-cost,0,6,0,4,Low-cost,-1.5650600188020063,0.2793978560109799,0
BeautyMarket,Shopify,Solaire,Solaire,,ZIAJA MED CRÈME SOLAIRE TEINTÉE NATURAL SPF50 - 50ML,148.0,0.0,,En stock,Non,0.0,https://beautymarket.ma/products/ziaja-med-creme-solaire-teintee-natural-spf50-50ml,1,0,0.8951,0.0,0.5238,1,5.003946305945459,mid-range,0,18,0,0,Mid-range,-1.0055704960652605,-0.1008055854301263,0
Kiabi,Shopify,Femme,Femme,,Lot De 2 Culottes En Coton,55.0,0.0,,En stock,Non,0.0,,1,0,0.8951,0.0,0.5238,1,4.02535169073515,low-cost,2,8,0,4,Low-cost,-0.8537885078685505,0.3130309284087171,0
Kiabi,Shopify,Femme,Femme,,Lot De 5 Paires De Chaussettes,55.0,0.0,,En stock,Non,0.0,,1,0,0.8951,0.0,0.5238,1,4.02535169073515,low-cost,2,8,0,4,Low-cost,-0.8537885078685505,0.3130309284087171,0
Kiabi,Shopify,Femme,Femme,,Lot De 2 Paires De Collants Voile 8D,55.0,0.0,,En stock,Non,0.0,,1,0,0.8951,0.0,0.5238,1,4.02535169073515,low-cost,2,8,0,4,Low-cost,-0.8537885078685505,0.3130309284087171,0
Kiabi,Shopify,Femme,Femme,,Lot De 7 Élastiques,55.0,0.0,,En stock,Non,0.0,,1,0,0.8951,0.0,0.5238,1,4.02535169073515,low-cost,2,8,0,4,Low-cost,-0.8537885078685505,0.3130309284087171,0
BeautyMarket,Shopify,Solaire,Solaire,,ZIAJA SUN LOTION SPRAY SPF30 170ML,148.0,0.0,,En stock,Non,0.0,https://beautymarket.ma/products/ziaja-sun-lotion-spray-spf30-170ml,1,0,0.8951,0.0,0.5238,1,5.003946305945459,mid-range,0,18,0,0,Mid-range,-1.0055704960652605,-0.1008055854301263,0
Kiabi,Shopify,Femme,Femme,,Tee-Shirt En Jersey Manches Courtes,55.0,0.0,,En stock,Non,0.0,,1,0,0.8951,0.0,0.5238,1,4.02535169073515,low-cost,2,8,0,4,Low-cost,-0.8537885078685505,0.3130309284087171,0
Kiabi,Shopify,Femme,Femme,,Lot De 2 Shorties Coton,55.0,0.0,,En stock,Non,0.0,,1,0,0.8951,0.0,0.5238,1,4.02535169073515,low-cost,2,8,0,4,Low-cost,-0.8537885078685505,0.3130309284087171,0
Kiabi,Shopify,Femme,Femme,,Lot 2 Paires De Collants 20D,55.0,0.0,,En stock,Non,0.0,,1,0,0.8951,0.0,0.5238,1,4.02535169073515,low-cost,2,8,0,4,Low-cost,-0.8537885078685505,0.3130309284087171,0
BeautyMarket,Shopify,Cheveux,Huile Cheveux,,NATURESOIN HUILE D’ORANGE – 50 ML,52.0,0.0,,En stock,Non,0.0,https://beautymarket.ma/products/naturesoin-huile-d-orange-50-ml,1,0,0.8946,0.0,0.5236,1,3.970291913552122,low-cost,0,5,0,4,Low-cost,-1.7500193736557093,0.514342791100707,0
BeautyMarket,Shopify,Cheveux,Huile Cheveux,,RITUELESSENCE HUILE DE GLYCERINE 100ML,52.0,0.0,,En stock,Non,0.0,https://beautymarket.ma/products/rituelessence-huile-de-glycerine-100ml,1,0,0.8946,0.0,0.5236,1,3.970291913552122,low-cost,0,5,0,4,Low-cost,-1.7500193736557093,0.514342791100707,0
BeautyMarket,Shopify,Cheveux,Huile Cheveux,,RITUELESSENCE HUILE DE COCO 50ML,52.0,0.0,,En stock,Non,0.0,https://beautymarket.ma/products/rituelessence-huile-de-coco-50ml,1,0,0.8946,0.0,0.5236,1,3.970291913552122,low-cost,0,5,0,4,Low-cost,-1.7500193736557093,0.514342791100707,0
BeautyMarket,Shopify,Cheveux,Huile Cheveux,,RACINE VITA HUILE DE CADE 40ML,53.0,0.0,,En stock,Non,0.0,https://beautymarket.ma/products/racine-vita-huile-de-cade-40ml,1,0,0.892,0.0,0.523,1,3.9889840465642745,low-cost,0,5,0,4,Low-cost,-1.743395092643553,0.4995179037913773,0
BeautyMarket,Shopify,Corps,Nettoyant Corps,,KLORANE BÉBÉ SAVON SURGRAS DOUX – 250 G,76.0,0.0,,En stock,Non,0.0,https://beautymarket.ma/products/klorane-bebe-savon-surgras-doux-250-g,1,0,0.8916,0.0,0.5229,1,4.343805421853684,low-cost,0,6,0,4,Low-cost,-1.5618962436057764,0.2671936229349085,0
BeautyMarket,Shopify,Cheveux,Huile Cheveux,,RACINE VITA HUILE DE CONCOMBRE 40ML,54.0,0.0,,En stock,Non,0.0,https://beautymarket.ma/products/racine-vita-huile-de-concombre-40ml,1,0,0.8911,0.0,0.5228,1,4.007333185232471,low-cost,0,5,0,4,Low-cost,-1.7357030234477555,0.4864522326754236,0
BeautyMarket,Shopify,Cheveux,Huile Cheveux,,NATURESOIN HUILE DE NOIX DE COCO – 100 ML,54.0,0.0,,En stock,Non,0.0,https://beautymarket.ma/products/naturesoin-huile-de-noix-de-coco-100-ml,1,0,0.8911,0.0,0.5228,1,4.007333185232471,low-cost,0,5,0,4,Low-cost,-1.7357030234477555,0.4864522326754236,0
Kiabi,Shopify,Garçon,Garçon,,Sweat Uni À Col Rond En French Terry,75.0,0.0,,En stock,Non,0.0,,1,0,0.8904,0.0,0.5226,1,4.330733340286331,low-cost,2,10,0,4,Low-cost,-0.6767893784501101,0.1155707490777208,0
Kiabi,Shopify,Garçon,Garçon,,T-Shirt À Col Tunisien,75.0,0.0,,En stock,Non,0.0,,1,0,0.8904,0.0,0.5226,1,4.330733340286331,low-cost,2,10,0,4,Low-cost,-0.6767893784501101,0.1155707490777208,0
Kiabi,Shopify,Garçon,Garçon,,Polo Uni En Maille Piquée,75.0,0.0,,En stock,Non,0.0,,1,0,0.8904,0.0,0.5226,1,4.330733340286331,low-cost,2,10,0,4,Low-cost,-0.6767893784501101,0.1155707490777208,0
Kiabi,Shopify,Garçon,Garçon,,T-Shirt Loose Uni,75.0,0.0,,En stock,Non,0.0,,1,0,0.8904,0.0,0.5226,1,4.330733340286331,low-cost,2,10,0,4,Low-cost,-0.6767893784501101,0.1155707490777208,0
BeautyMarket,Shopify,Cheveux,Brosses Et Accessoires,,BETER HAIRSTYLE PACK DE MINI ELASTIQUES 100 UNITES NOIR - 19260,55.0,0.0,,En stock,Non,0.0,https://beautymarket.ma/products/beter-hairstyle-beter-pack-de-mini-elastiques-100-unites-19260,1,0,0.8894,0.0,0.5224,1,4.02535169073515,low-cost,0,5,0,4,Low-cost,-1.7287720783572385,0.4728435753473032,0
BeautyMarket,Shopify,Cheveux,Masque Cheveux 1,,DESERT DROPS ARGILE GHASSOUL MAROCAINE,55.0,0.0,,En stock,Non,0.0,https://beautymarket.ma/products/argile-ghassoul-marocaine,1,0,0.8894,0.0,0.5224,1,4.02535169073515,low-cost,0,5,0,4,Low-cost,-1.7287720783572385,0.4728435753473032,0
BeautyMarket,Shopify,Cheveux,Huile Cheveux,,NATURESOIN HUILE D’EUCALYPTUS – 50 ML,55.0,0.0,,En stock,Non,0.0,https://beautymarket.ma/products/naturesoin-huile-d-eucalyptus-50-ml,1,0,0.8894,0.0,0.5224,1,4.02535169073515,low-cost,0,5,0,4,Low-cost,-1.7287720783572385,0.4728435753473032,0
BeautyMarket,Shopify,Cheveux,Huile Cheveux,,NATURESOIN HUILE DE GRAINES DE CHANVRE – 50 ML,55.0,0.0,,En stock,Non,0.0,https://beautymarket.ma/products/naturesoin-huile-de-chanvre-50-ml,1,0,0.8894,0.0,0.5224,1,4.02535169073515,low-cost,0,5,0,4,Low-cost,-1.7287720783572385,0.4728435753473032,0
BeautyMarket,Shopify,Corps,Eau De Soin,,NATURESOIN ROSE DE MAI – EAU DE ROSE 100% NATURELLE – 100 ML,77.0,0.0,,En stock,Non,0.0,https://beautymarket.ma/products/naturesoin-rose-de-mai-eau-de-rose-100-naturelle-100-ml,1,0,0.8897,0.0,0.5224,1,4.356708826689592,low-cost,0,6,0,4,Low-cost,-1.557585795939338,0.2566317457096947,0
BeautyMarket,Shopify,Cheveux,Brosses Et Accessoires,,BETER HAIRSTYLE PACK DE MINI ELASTIQUES 100 UNITES MARRON - 19261,55.0,0.0,,En stock,Non,0.0,https://beautymarket.ma/products/beter-hairstyle-pack-de-mini-elastiques-100-unites-19261,1,0,0.8894,0.0,0.5224,1,4.02535169073515,low-cost,0,5,0,4,Low-cost,-1.7287720783572385,0.4728435753473032,0
BeautyMarket,Shopify,Cheveux,Brosses Et Accessoires,,BETER HAIRSTYLE PACK DE MINI ELASTIQUES 100 UNITES PASTEL - 19262,55.0,0.0,,En stock,Non,0.0,https://beautymarket.ma/products/beter-hairstyle-pack-de-mini-elastiques-100-unites-pastel-19262,1,0,0.8894,0.0,0.5224,1,4.02535169073515,low-cost,0,5,0,4,Low-cost,-1.7287720783572385,0.4728435753473032,0
BeautyMarket,Shopify,Solaire,Solaire,,DERMO SOINS SUNSKIN 60 CRÈME SOLAIRE TUBE 50ML,148.5,0.0,,En stock,Non,0.0,https://beautymarket.ma/products/dermo-soins-sunskin-60-creme-solaire-tube-50ml,1,0,0.8887,0.0,0.5222,1,5.0072963928307415,mid-range,0,18,0,0,Mid-range,-1.0089464910750423,-0.1091685500250115,0
BeautyMarket,Shopify,Corps,Nettoyant Corps,,HYFAC ORIGINAL SAVON PAIN NETTOYANT PURIFIANT 100G,78.0,0.0,,En stock,Non,0.0,https://beautymarket.ma/products/hyfac-original-savon-pain-nettoyant-purifiant-100g,1,0,0.8879,0.0,0.522,1,4.3694478524670215,low-cost,0,6,0,4,Low-cost,-1.5530439840268873,0.246562385416022,0
BeautyMarket,Shopify,Solaire,Auto Bronzant,,VAHEMA MONOI DE TAHITI GRAISSE A TRAIRE PAILLETEE 125 ML,149.0,0.0,,En stock,Non,0.0,https://beautymarket.ma/products/vahema-monoi-de-tahiti-graisse-a-traire-pailletee-125-ml,1,0,0.8865,0.0,0.5216,1,5.010635294096256,mid-range,0,18,0,0,Mid-range,-1.009270037740113,-0.1137008232098501,0
BeautyMarket,Shopify,Solaire,Auto Bronzant,,VAHEMA MANOI DE TAIHITI GRAISSE A TAIRE BRONZAGE SPRAY 100 ML,149.0,0.0,,En stock,Non,0.0,https://beautymarket.ma/products/vahema-manoi-de-taihiti-graisse-a-taire-bronzage-spray-100-ml,1,0,0.8865,0.0,0.5216,1,5.010635294096256,mid-range,0,18,0,0,Mid-range,-1.009270037740113,-0.1137008232098501,0
BeautyMarket,Shopify,Solaire,Solaire,,MARUDERM SPF50+ PA++++ CREME SOLAIRE VITAMINE C 50ML – PROTECTION & ÉCLAT,149.0,0.0,,En stock,Non,0.0,https://beautymarket.ma/products/maruderm-spf50-pa-creme-solaire-vitamine-c-50ml,1,0,0.8865,0.0,0.5216,1,5.010635294096256,mid-range,0,18,0,0,Mid-range,-1.009270037740113,-0.1137008232098501,0
BeautyMarket,Shopify,Solaire,Solaire,,ECLIN ECRAN SOLAIRE INVISIBLE SPF50+ 50ML,149.0,0.0,,En stock,Non,0.0,https://beautymarket.ma/products/eclin-ecran-solaire-invisible-spf50-50ml,1,0,0.8865,0.0,0.5216,1,5.010635294096256,mid-range,0,18,0,0,Mid-range,-1.009270037740113,-0.1137008232098501,0
BeautyMarket,Shopify,Solaire,Solaire,,VAHÉMA MONOI GRAISSE À TRAIRE A TRAIRE COCO POT BRONZAGE 125ML,149.0,0.0,,En stock,Non,0.0,https://beautymarket.ma/products/vahema-monoi-graisse-a-traire-intensifie-le-bronzage-100ml,1,0,0.8865,0.0,0.5216,1,5.010635294096256,mid-range,0,18,0,0,Mid-range,-1.009270037740113,-0.1137008232098501,0
BeautyMarket,Shopify,Solaire,Solaire,,LA ROCHE-POSAY ANTHELIOS BRUME SOLAIRE INVISIBLE SPF 50 – 75 ML,149.0,0.0,,En stock,Non,0.0,https://beautymarket.ma/products/la-roche-posay-anthelios-brume-fraiche-invisible-spf-50-75-ml,1,0,0.8865,0.0,0.5216,1,5.010635294096256,mid-range,0,18,0,0,Mid-range,-1.009270037740113,-0.1137008232098501,0
BeautyMarket,Shopify,Solaire,Solaire,,MARUDERM SPF50+ PA++++ CREME SOLAIRE ANTI BLEMISH 50ML – PROTECTION & PEAU UNIFORME,149.0,0.0,,En stock,Non,0.0,https://beautymarket.ma/products/maruderm-spf50-pa-creme-solaire-anti-blemish-50ml,1,0,0.8865,0.0,0.5216,1,5.010635294096256,mid-range,0,18,0,0,Mid-range,-1.009270037740113,-0.1137008232098501,0
BeautyMarket,Shopify,Solaire,Solaire,,MARUDERM SPF50+ PA++++ CRÈME SOLAIRE HYDRATANTE 50 ML – PROTECTION MAX & PEAUX SENSIBLES,149.0,0.0,,En stock,Non,0.0,https://beautymarket.ma/products/maruderm-spf50-pa-creme-solaire-hydratante-50ml,1,0,0.8865,0.0,0.5216,1,5.010635294096256,mid-range,0,18,0,0,Mid-range,-1.009270037740113,-0.1137008232098501,0
BeautyMarket,Shopify,Solaire,Solaire,,MARUDERM SPF50+ PA++++ CRÈME SOLAIRE TON ROSE 50ML – PROTECTION MAX & TEINT UNIFORME,149.0,0.0,,En stock,Non,0.0,https://beautymarket.ma/products/maruderm-spf50-pa-creme-solaire-ton-rose-50ml,1,0,0.8865,0.0,0.5216,1,5.010635294096256,mid-range,0,18,0,0,Mid-range,-1.009270037740113,-0.1137008232098501,0
BeautyMarket,Shopify,Solaire,Auto Bronzant,,VAHÉMA MONOI HUILE SÈCHE TIARÉ - 30% MONOÏ 100ML,149.0,0.0,,En stock,Non,0.0,https://beautymarket.ma/products/vahema-monoi-huile-seche-tiare-30-monoi-100ml,1,0,0.8865,0.0,0.5216,1,5.010635294096256,mid-range,0,18,0,0,Mid-range,-1.009270037740113,-0.1137008232098501,0
BeautyMarket,Shopify,Corps,Gel Douche,,L'ORÉAL PARIS MEN EXPERT GEL DOUCHE PURE CARBON + GEL DOUCHE HYDRA ENERGETIC,79.0,0.0,,En stock,Non,0.0,https://beautymarket.ma/products/loreal-paris-men-expert-gel-douche-pure-carbon-gel-douche-hydra-energetic,1,0,0.886,0.0,0.5215,1,4.382026634673881,low-cost,0,6,0,4,Low-cost,-1.5488804384670525,0.2362181311324798,0
BeautyMarket,Shopify,Corps,Hydratant Corps,,CAVAILLES GEL DOUCHE CREME DE LAIT PEAUX SECHES 200 ML,79.0,0.0,,En stock,Non,0.0,https://beautymarket.ma/products/roge-cavailles-gel-douche-creme-de-lait-peaux-seches-200-ml,1,0,0.886,0.0,0.5215,1,4.382026634673881,low-cost,0,6,0,4,Low-cost,-1.5488804384670525,0.2362181311324798,0
BeautyMarket,Shopify,Corps,Gel Douche,,L'ORÉAL PARIS MEN EXPERT GEL DOUCHE CRÈME MAGNESIUM + GEL DOUCHE HYPOALLERGÉNIQUE,79.0,0.0,,En stock,Non,0.0,https://beautymarket.ma/products/loreal-paris-men-expert-gel-douche-creme-magnesium-gel-douche-hypoallergenique,1,0,0.886,0.0,0.5215,1,4.382026634673881,low-cost,0,6,0,4,Low-cost,-1.5488804384670525,0.2362181311324798,0
BeautyMarket,Shopify,Corps,Gel Douche,,CAVAILLÈS GEL DOUCHE SURGRAS EXTRA-DOUX NECTAR DE ROSE 200 ML,79.0,0.0,,En stock,Non,0.0,https://beautymarket.ma/products/roge-cavailles-gel-douche-surgras-extra-doux-nectar-de-rose-200-ml,1,0,0.886,0.0,0.5215,1,4.382026634673881,low-cost,0,6,0,4,Low-cost,-1.5488804384670525,0.2362181311324798,0
BeautyMarket,Shopify,Corps,Gel Douche,,L'ORÉAL PARIS MEN EXPERT GEL DOUCHE COOL POWER + GEL DOUCHE STOP STRESS,79.0,0.0,,En stock,Non,0.0,https://beautymarket.ma/products/loreal-paris-men-expert-gel-douche-cool-power-gel-douche-stop-stress,1,0,0.886,0.0,0.5215,1,4.382026634673881,low-cost,0,6,0,4,Low-cost,-1.5488804384670525,0.2362181311324798,0
BeautyMarket,Shopify,Corps,Gel Douche,,CAVAILLÈS GEL DOUCHE SOUVENIR D’ENFANCE 200ML,79.0,0.0,,En stock,Non,0.0,https://beautymarket.ma/products/roge-cavailles-gel-douche-souvenir-d-enfance-200ml,1,0,0.886,0.0,0.5215,1,4.382026634673881,low-cost,0,6,0,4,Low-cost,-1.5488804384670525,0.2362181311324798,0
BeautyMarket,Shopify,Corps,Huile Corps,,CAVAILLES SAVON HUILE SATINANTE 100G,79.0,0.0,,En stock,Non,0.0,https://beautymarket.ma/products/cavailles-savon-huile-satinante-100g,1,0,0.886,0.0,0.5215,1,4.382026634673881,low-cost,0,6,0,4,Low-cost,-1.5488804384670525,0.2362181311324798,0
BeautyMarket,Shopify,Cheveux,Shampoing Sec,,BETER BROSSE DÉMÊLANTE PIRUETA,56.0,0.0,,En stock,Non,0.0,https://beautymarket.ma/products/brosse-demelante-pirueta,1,0,0.8841,0.0,0.521,1,4.04305126783455,low-cost,0,5,0,4,Low-cost,-1.7250429687491888,0.4556255309125142,0
BeautyMarket,Shopify,Cheveux,Huile Cheveux,,RACINE VITA HUILE DE CHANVRE 40ML,57.0,0.0,,En stock,Non,0.0,https://beautymarket.ma/products/racine-vita-huile-de-chanvre-40ml,1,0,0.8832,0.0,0.5208,1,4.060443010546419,low-cost,0,5,0,4,Low-cost,-1.71778415179847,0.4432016860456162,0
BeautyMarket,Shopify,Cheveux,Shampoing Sec,,RACINE VITA HUILE D’AMANDE AMERE 40 ML,59.0,0.0,,En stock,Non,0.0,https://beautymarket.ma/products/racine-vita-huile-d-amande-amere-40-ml,1,0,0.8824,0.0,0.5206,1,4.0943445622221,low-cost,0,5,0,4,Low-cost,-1.7030541190439763,0.4197098721844504,0
BeautyMarket,Shopify,Cheveux,Shampoing Sec,,GARNIER ULTRA DOUX CAMOMILLE SHAMPOOING ILLUMINANT SOLEIL 400 ML,59.0,0.0,,En stock,Non,0.0,https://beautymarket.ma/products/garnier-ultra-doux-camomille-shampooing-illuminant-soleil-400-ml,1,0,0.8824,0.0,0.5206,1,4.0943445622221,low-cost,0,5,0,4,Low-cost,-1.7030541190439763,0.4197098721844504,0
BeautyMarket,Shopify,Cheveux,Huile Cheveux,,RACINE VITA HUILE DE ROQUETTE 40ML,59.0,0.0,,En stock,Non,0.0,https://beautymarket.ma/products/racine-vita-huile-de-roquette-40ml,1,0,0.8824,0.0,0.5206,1,4.0943445622221,low-cost,0,5,0,4,Low-cost,-1.7030541190439763,0.4197098721844504,0
BeautyMarket,Shopify,Cheveux,Huile Cheveux,,RACINE VITA HUILE D’ARBRE DE THE 40 ML,59.0,0.0,,En stock,Non,0.0,https://beautymarket.ma/products/racine-vita-huile-d-arbre-de-the-40-ml,1,0,0.8824,0.0,0.5206,1,4.0943445622221,low-cost,0,5,0,4,Low-cost,-1.7030541190439763,0.4197098721844504,0
BeautyMarket,Shopify,Cheveux,Huile Cheveux,,RACINE VITA HUILE D’ORANGE 40ML,59.0,0.0,,En stock,Non,0.0,https://beautymarket.ma/products/racine-vita-huile-d-orange-40ml,1,0,0.8824,0.0,0.5206,1,4.0943445622221,low-cost,0,5,0,4,Low-cost,-1.7030541190439763,0.4197098721844504,0
BeautyMarket,Shopify,Cheveux,Complements Alimentaires Cheveux,,EXTRALEVURE 125 COMPRIMES,59.0,0.0,,En stock,Non,0.0,https://beautymarket.ma/products/extralevure-125-comprimes,1,0,0.8824,0.0,0.5206,1,4.0943445622221,low-cost,0,5,0,4,Low-cost,-1.7030541190439763,0.4197098721844504,0
BeautyMarket,Shopify,Cheveux,Cheveux Colores,,RACINE VITA 7 HUILES CAPILLAIRES 125ML,59.0,0.0,,En stock,Non,0.0,https://beautymarket.ma/products/racine-vita-7-huiles-capillaires-125ml,1,0,0.8824,0.0,0.5206,1,4.0943445622221,low-cost,0,5,0,4,Low-cost,-1.7030541190439763,0.4197098721844504,0
BeautyMarket,Shopify,Cheveux,Shampooing 1,,ELSEVE HYALURON REPULP APRES-SHAMPOOING 200ML,59.0,0.0,,En stock,Non,0.0,https://beautymarket.ma/products/elseve-hyaluron-repulp-apres-shampoing-200ml,1,0,0.8824,0.0,0.5206,1,4.0943445622221,low-cost,0,5,0,4,Low-cost,-1.7030541190439763,0.4197098721844504,0
BeautyMarket,Shopify,Cheveux,Apres Shampoing,,GARNIER ULTRA DOUX RICE WATER INFUSION & STARCH CONDITIONER 200ML,59.0,0.0,,En stock,Non,0.0,https://beautymarket.ma/products/ultra-doux-rice-water-infusion-starch-conditioner-200ml,1,0,0.8824,0.0,0.5206,1,4.0943445622221,low-cost,0,5,0,4,Low-cost,-1.7030541190439763,0.4197098721844504,0
BeautyMarket,Shopify,Cheveux,Shampoing Sec,,NATURESOIN HUILE D’AMANDES AMÈRES VIERGE – 50 ML,59.0,0.0,,En stock,Non,0.0,https://beautymarket.ma/products/naturesoin-huile-d-amandes-ameres-vierge-50-ml,1,0,0.8824,0.0,0.5206,1,4.0943445622221,low-cost,0,5,0,4,Low-cost,-1.7030541190439763,0.4197098721844504,0
BeautyMarket,Shopify,Cheveux,Shampoing Sec,,GILBERT HUILE D'AMANDE DOUCE 60ML GILBERT,59.0,0.0,,En stock,Non,0.0,https://beautymarket.ma/products/huile-damande-douce-60ml-gilbert,1,0,0.8824,0.0,0.5206,1,4.0943445622221,low-cost,0,5,0,4,Low-cost,-1.7030541190439763,0.4197098721844504,0
BeautyMarket,Shopify,Cheveux,Shampoing Sec,,GARNIER ULTRA DOUX – HAIR FOOD – SHAMPOOING NOURISSANT À LA BANANE POUR CHEVEUX SECS 350ML,59.0,0.0,,En stock,Non,0.0,https://beautymarket.ma/products/garnier-ultra-doux-hair-food-shampooing-nourissant-a-la-banane-pour-cheveux-secs-350ml,1,0,0.8824,0.0,0.5206,1,4.0943445622221,low-cost,0,5,0,4,Low-cost,-1.7030541190439763,0.4197098721844504,0
BeautyMarket,Shopify,Cheveux,Shampooing 1,,GARNIER ULTRA DOUX APRÈS-SHAMPOOING AVOCAT KARITÉ 200ML – CHEVEUX SECS ET ABÎMÉS,59.0,0.0,,En stock,Non,0.0,https://beautymarket.ma/products/garnier-ultra-doux-apres-shamooing-avocat-karite-200ml,1,0,0.8824,0.0,0.5206,1,4.0943445622221,low-cost,0,5,0,4,Low-cost,-1.7030541190439763,0.4197098721844504,0
BeautyMarket,Shopify,Cheveux,Shampooing 1,,RACINE VITA SHAMPOOING SANS SULFAT 420ML,59.0,0.0,,En stock,Non,0.0,https://beautymarket.ma/products/racine-vita-shampooing-sans-sulfat-420ml,1,0,0.8824,0.0,0.5206,1,4.0943445622221,low-cost,0,5,0,4,Low-cost,-1.7030541190439763,0.4197098721844504,0
Justyol,Shopify,Femme,Women,BDM PHARMA,RC LINGETTES EXTRA DOUCES 15 U 5634/7300/1308,59.0,0.0,,En stock,,0.0,https://justyol.com/products/rc-lingettes-extra-douces-15-u-5634-7300-1308,1,0,0.8825,0.0,0.5206,1,4.0943445622221,low-cost,1,8,0,4,Low-cost,-1.2358476963812255,0.3460160753975677,0
Justyol,Shopify,Femme,Women,BDM PHARMA,RC LINGETTES SPECIAL HYDRATANT 15U 5610/7287/2350,59.0,0.0,,En stock,,0.0,https://justyol.com/products/rc-lingettes-special-hydratant-15u-5610-7287-2350,1,0,0.8825,0.0,0.5206,1,4.0943445622221,low-cost,1,8,0,4,Low-cost,-1.2358476963812255,0.3460160753975677,0
BeautyMarket,Shopify,Cheveux,Shampooing 1,,ELSEVE HYALURON REPULP SHAMPOOING HYDRATATION 400ML,59.0,0.0,,En stock,Non,0.0,https://beautymarket.ma/products/elseve-hyaluron-repulp-masque-hydra-regenerant-310ml,1,0,0.8824,0.0,0.5206,1,4.0943445622221,low-cost,0,5,0,4,Low-cost,-1.7030541190439763,0.4197098721844504,0
BeautyMarket,Shopify,Cheveux,Shampooing 1,,GARNIER ULTRA DOUX – PACK HAIR FOOD MACADAMIA SHAMPOOING 350 ML,59.0,0.0,,En stock,Non,0.0,https://beautymarket.ma/products/garnier-ultra-doux-pack-hair-food-macadamia-shampooing-350-ml,1,0,0.8824,0.0,0.5206,1,4.0943445622221,low-cost,0,5,0,4,Low-cost,-1.7030541190439763,0.4197098721844504,0
BeautyMarket,Shopify,Cheveux,Huile Cheveux,,RITUELESSENCE HUILE D’AVOCAT 50ML,59.0,0.0,,En stock,Non,0.0,https://beautymarket.ma/products/rituelessence-huile-d-avocat-50ml,1,0,0.8824,0.0,0.5206,1,4.0943445622221,low-cost,0,5,0,4,Low-cost,-1.7030541190439763,0.4197098721844504,0
Kiabi,Shopify,Femme,Femme,,Lot De 2 Chouchous Satinés,60.0,0.0,,En stock,Non,0.0,,1,0,0.8788,0.0,0.5197,1,4.110873864173311,low-cost,2,8,0,4,Low-cost,-0.8276227850004063,0.2400228451624328,0
Kiabi,Shopify,Femme,Femme,,Lot De 4 Chouchous,60.0,0.0,,En stock,Non,0.0,,1,0,0.8788,0.0,0.5197,1,4.110873864173311,low-cost,2,8,0,4,Low-cost,-0.8276227850004063,0.2400228451624328,0
Kiabi,Shopify,Femme,Femme,,Lot De 2 Petites Pinces Crabe,60.0,0.0,,En stock,Non,0.0,,1,0,0.8788,0.0,0.5197,1,4.110873864173311,low-cost,2,8,0,4,Low-cost,-0.8276227850004063,0.2400228451624328,0
Kiabi,Shopify,Fille,Fille,,T-Shirt À Rayures À Manches Longues Et Col Rond,65.0,0.0,,En stock,Non,0.0,,1,0,0.8784,0.0,0.5196,1,4.189654742026425,low-cost,2,9,0,4,Low-cost,-0.7710410765212183,0.192752653876822,0
Kiabi,Shopify,Fille,Fille,,Lot De 2 Shorts Cyclistes,70.0,0.0,,En stock,Non,0.0,,1,0,0.8745,0.0,0.5186,1,4.262679877041316,low-cost,2,9,0,4,Low-cost,-0.7410523810336433,0.1399743259541092,0
Kiabi,Shopify,Fille,Fille,,Lot De 5 Paires De Chaussette En Coton,70.0,0.0,,En stock,Non,0.0,,1,0,0.8745,0.0,0.5186,1,4.262679877041316,low-cost,2,9,0,4,Low-cost,-0.7410523810336433,0.1399743259541092,0
Kiabi,Shopify,Fille,Fille,,Jogging Uni Avec Taille Élastiquée,70.0,0.0,,En stock,Non,0.0,,1,0,0.8745,0.0,0.5186,1,4.262679877041316,low-cost,2,9,0,4,Low-cost,-0.7410523810336433,0.1399743259541092,0
Kiabi,Shopify,Fille,Fille,,Legging Long En Jersey,70.0,0.0,,En stock,Non,0.0,,1,0,0.8745,0.0,0.5186,1,4.262679877041316,low-cost,2,9,0,4,Low-cost,-0.7410523810336433,0.1399743259541092,0
Kiabi,Shopify,Bébé,Bébé,,Sweat En Molleton Léger Imprimé,75.0,0.0,,En stock,Non,0.0,,1,0,0.8744,0.0,0.5186,1,4.330733340286331,low-cost,2,3,0,4,Low-cost,-0.8376755938187527,0.0587970908616463,0
Kiabi,Shopify,Bébé,Bébé,,T-Shirt En Jersey Manches Courtes Avec Nœuds Fantaisies,75.0,0.0,,En stock,Non,0.0,,1,0,0.8744,0.0,0.5186,1,4.330733340286331,low-cost,2,3,0,4,Low-cost,-0.8376755938187527,0.0587970908616463,0
Kiabi,Shopify,Bébé,Bébé,,T-Shirt Imprimé 'Simba' 'Disney',75.0,0.0,,En stock,Non,0.0,,1,0,0.8744,0.0,0.5186,1,4.330733340286331,low-cost,2,3,0,4,Low-cost,-0.8376755938187527,0.0587970908616463,0
Kiabi,Shopify,Bébé,Bébé,,T-Shirt Col Tunisien En Maille Gaufrée,75.0,0.0,,En stock,Non,0.0,,1,0,0.8744,0.0,0.5186,1,4.330733340286331,low-cost,2,3,0,4,Low-cost,-0.8376755938187527,0.0587970908616463,0
Kiabi,Shopify,Bébé,Bébé,,T-Shirt Imprimé 'Minnie' À Manches Longues,75.0,0.0,,En stock,Non,0.0,,1,0,0.8744,0.0,0.5186,1,4.330733340286331,low-cost,2,3,0,4,Low-cost,-0.8376755938187527,0.0587970908616463,0
Kiabi,Shopify,Fille,Fille,,Lot De 3 Culottes,70.0,0.0,,En stock,Non,0.0,,1,0,0.8745,0.0,0.5186,1,4.262679877041316,low-cost,2,9,0,4,Low-cost,-0.7410523810336433,0.1399743259541092,0
Kiabi,Shopify,Bébé,Bébé,,T-Shirt Avec Collerette,75.0,0.0,,En stock,Non,0.0,,1,0,0.8744,0.0,0.5186,1,4.330733340286331,low-cost,2,3,0,4,Low-cost,-0.8376755938187527,0.0587970908616463,0
Kiabi,Shopify,Fille,Fille,,Legging Maillé En Coton Uni,70.0,0.0,,En stock,Non,0.0,,1,0,0.8745,0.0,0.5186,1,4.262679877041316,low-cost,2,9,0,4,Low-cost,-0.7410523810336433,0.1399743259541092,0
Kiabi,Shopify,Fille,Fille,,Ensemble Pyjama T-Shirt + Legging Imprimé - 2 Pièces,70.0,0.0,,En stock,Non,0.0,,1,0,0.8745,0.0,0.5186,1,4.262679877041316,low-cost,2,9,0,4,Low-cost,-0.7410523810336433,0.1399743259541092,0
Kiabi,Shopify,Fille,Fille,,Lot De 5 Paires De Chaussette Avec Revers En Coton,70.0,0.0,,En stock,Non,0.0,,1,0,0.8745,0.0,0.5186,1,4.262679877041316,low-cost,2,9,0,4,Low-cost,-0.7410523810336433,0.1399743259541092,0
Kiabi,Shopify,Fille,Fille,,Lot De 7 Paires De Chaussettes,70.0,0.0,,En stock,Non,0.0,,1,0,0.8745,0.0,0.5186,1,4.262679877041316,low-cost,2,9,0,4,Low-cost,-0.7410523810336433,0.1399743259541092,0
Kiabi,Shopify,Fille,Fille,,Lot De 5 Paires De Chaussettes,70.0,0.0,,En stock,Non,0.0,,1,0,0.8745,0.0,0.5186,1,4.262679877041316,low-cost,2,9,0,4,Low-cost,-0.7410523810336433,0.1399743259541092,0
Kiabi,Shopify,Fille,Fille,,Lot De 7 Culottes Unies,70.0,0.0,,En stock,Non,0.0,,1,0,0.8745,0.0,0.5186,1,4.262679877041316,low-cost,2,9,0,4,Low-cost,-0.7410523810336433,0.1399743259541092,0
Kiabi,Shopify,Fille,Fille,,Ensemble Pyjama Court - 2 Pièces,70.0,0.0,,En stock,Non,0.0,,1,0,0.8745,0.0,0.5186,1,4.262679877041316,low-cost,2,9,0,4,Low-cost,-0.7410523810336433,0.1399743259541092,0
Kiabi,Shopify,Bébé,Bébé,,Bob À Frange Avec Liens Uni En Coton,75.0,0.0,,En stock,Non,0.0,,1,0,0.8744,0.0,0.5186,1,4.330733340286331,low-cost,2,3,0,4,Low-cost,-0.8376755938187527,0.0587970908616463,0
Kiabi,Shopify,Bébé,Bébé,,T-Shirt En Jersey Manches Courtes Avec Poche Poitrine Imprimé,75.0,0.0,,En stock,Non,0.0,,1,0,0.8744,0.0,0.5186,1,4.330733340286331,low-cost,2,3,0,4,Low-cost,-0.8376755938187527,0.0587970908616463,0
BeautyMarket,Shopify,Corps,Nettoyant Corps,,CENTIFOLIA GEL LAVANT NEUTRE 3EN1,81.0,0.0,,En stock,Non,0.0,https://beautymarket.ma/products/gel-lavant-neutre-3en1-250ml,1,0,0.8729,0.0,0.5182,1,4.406719247264253,low-cost,0,6,0,4,Low-cost,-1.5477960263440855,0.2070479772052914,0
Kiabi,Shopify,Chaussures,Chaussures,,Tongs De Plage,80.0,0.0,,En stock,Non,0.0,,1,0,0.8723,0.0,0.5181,1,4.394449154672439,low-cost,2,4,0,4,Low-cost,-0.7891343117454322,0.0200970522134807,0
Kiabi,Shopify,Chaussures,Chaussures,,Tongs Imprimé Damier,80.0,0.0,,En stock,Non,0.0,,1,0,0.8723,0.0,0.5181,1,4.394449154672439,low-cost,2,4,0,4,Low-cost,-0.7891343117454322,0.0200970522134807,0
BeautyMarket,Shopify,Maquillage,Mascara,,PASTEL SHOW YOUR PEACE TRANSPARENT EYEBROW & EYELASH MASCARA,50.0,0.0,,En stock,Non,0.0,https://beautymarket.ma/products/pastel-show-your-peace-transparent-eyebrow-eyelash-mascara,1,0,0.8711,0.0,0.5178,1,3.9318256327243257,low-cost,0,14,0,4,Low-cost,-1.5940307859683982,0.5712881553859256,0
Kiabi,Shopify,Puériculture,Puériculture,,Plaid Bébé Polaire,85.0,0.0,,En stock,Non,0.0,,1,0,0.871,0.0,0.5177,1,4.454347296253507,low-cost,2,17,0,0,Mid-range,-0.4871757410773377,0.0554487454734338,0
Kiabi,Shopify,Puériculture,Puériculture,,Lot De 3 Bodies En Jersey,85.0,0.0,,En stock,Non,0.0,,1,0,0.871,0.0,0.5177,1,4.454347296253507,low-cost,2,17,0,0,Mid-range,-0.4871757410773377,0.0554487454734338,0
BeautyMarket,Shopify,Corps,Hydratant Corps,,CAVAILLÈS CRÈME MAINS RICHE 50 ML,82.0,0.0,,En stock,Non,0.0,https://beautymarket.ma/products/roge-cavailles-creme-mains-riche,1,0,0.871,0.0,0.5177,1,4.418840607796598,low-cost,0,6,0,4,Low-cost,-1.5438394786999208,0.1970103726789899,0
Kiabi,Shopify,Puériculture,Puériculture,,Lot De 3 Paires De Chaussettes En Maille Stretch,85.0,0.0,,En stock,Non,0.0,,1,0,0.871,0.0,0.5177,1,4.454347296253507,low-cost,2,17,0,0,Mid-range,-0.4871757410773377,0.0554487454734338,0
BeautyMarket,Shopify,Maquillage,Crayon Yeux,,MAYBELLINE TATTOO STUDIO SHARPENABLE GEL PENCIL POLISHED WHITE,51.0,0.0,,En stock,Non,0.0,https://beautymarket.ma/products/maybelline-tattoo-studio-sharpenable-gel-pencil,1,0,0.8697,0.0,0.5174,1,3.951243718581428,low-cost,0,14,0,4,Low-cost,-1.586466486071321,0.5567412369306348,0
BeautyMarket,Shopify,Maquillage,Crayon Yeux,,MAYBELLINE TATTOO STUDIO SHARPENABLE GEL PENCIL 806 ARCTIC SKIES,51.0,0.0,,En stock,Non,0.0,https://beautymarket.ma/products/maybelline-tattoo-studio-sharpenable-gel-pencil-806-arctic-skies,1,0,0.8697,0.0,0.5174,1,3.951243718581428,low-cost,0,14,0,4,Low-cost,-1.586466486071321,0.5567412369306348,0
BeautyMarket,Shopify,Maquillage,Crayon Yeux,,MAYBELLINE TATTOO STUDIO SHARPENABLE GEL PENCIL BERRY BLISS,51.0,0.0,,En stock,Non,0.0,https://beautymarket.ma/products/maybelline-tattoo-studio-sharpenable-gel-pencil-berry-bliss,1,0,0.8697,0.0,0.5174,1,3.951243718581428,low-cost,0,14,0,4,Low-cost,-1.586466486071321,0.5567412369306348,0
Justyol,Shopify,Femme,Women,CAF CHIC,Châle Dégradé en Lycra – Élégance & Confort - gris / 80cm x 195cm,98.0,127.0,23.0,En stock,,0.0,,1,0,0.6854,0.23,0.5174,1,4.59511985013459,low-cost,1,8,0,4,Low-cost,-0.8549545798998648,0.4899096896190327,0
BeautyMarket,Shopify,Maquillage,Crayon Yeux,,MAYBELLINE TATTOO STUDIO SHARPENABLE GEL PENCIL BISCOTTI CREAM,51.0,0.0,,En stock,Non,0.0,https://beautymarket.ma/products/maybelline-tattoo-studio-sharpenable-gel-pencil-biscotti-cream,1,0,0.8697,0.0,0.5174,1,3.951243718581428,low-cost,0,14,0,4,Low-cost,-1.586466486071321,0.5567412369306348,0
BeautyMarket,Shopify,Maquillage,Crayon Yeux,,MAYBELLINE TATTOO STUDIO SHARPENABLE GEL PENCIL GALACTIC COBALT,51.0,0.0,,En stock,Non,0.0,https://beautymarket.ma/products/maybelline-tattoo-studio-sharpenable-gel-pencil-galactic-cobalt,1,0,0.8697,0.0,0.5174,1,3.951243718581428,low-cost,0,14,0,4,Low-cost,-1.586466486071321,0.5567412369306348,0
BeautyMarket,Shopify,Maquillage,Crayon Yeux,,MAYBELLINE TATTOO STUDIO SHARPENABLE GEL PENCIL ULTRA PINK,51.0,0.0,,En stock,Non,0.0,https://beautymarket.ma/products/maybelline-tattoo-studio-sharpenable-gel-pencil-ultra-pink,1,0,0.8697,0.0,0.5174,1,3.951243718581428,low-cost,0,14,0,4,Low-cost,-1.586466486071321,0.5567412369306348,0
BeautyMarket,Shopify,Maquillage,Crayon Yeux,,MAYBELLINE TATTOO STUDIO SHARPENABLE GEL PENCIL VERT,51.0,0.0,,En stock,Non,0.0,https://beautymarket.ma/products/maybelline-tattoo-studio-sharpenable-gel-pencil-vert-1,1,0,0.8697,0.0,0.5174,1,3.951243718581428,low-cost,0,14,0,4,Low-cost,-1.586466486071321,0.5567412369306348,0
BeautyMarket,Shopify,Corps,Eau De Soin,,GAMARDE EAU THERMALE SPRAY 100ML,85.0,0.0,,En stock,Non,0.0,https://beautymarket.ma/products/gamarde-eau-thermale-spray-100ml,1,0,0.8692,0.0,0.5173,1,4.454347296253507,low-cost,0,6,0,4,Low-cost,-1.528994572330182,0.1716778566964317,0
BeautyMarket,Shopify,Corps,Gel Douche,,SO BIO GEL DOUCHE VERVEINE CITRON 450ML,85.0,0.0,,En stock,Non,0.0,https://beautymarket.ma/products/so-bio-gel-douche-verveine-citron-450ml,1,0,0.8692,0.0,0.5173,1,4.454347296253507,low-cost,0,6,0,4,Low-cost,-1.528994572330182,0.1716778566964317,0
BeautyMarket,Shopify,Corps,Gel Douche,,SO BIO GEL DOUCHE ALOE VERA EXTRA DOUX 450ML,85.0,0.0,,En stock,Non,0.0,https://beautymarket.ma/products/so-bio-gel-douche-aloe-vera-extra-doux-450ml,1,0,0.8692,0.0,0.5173,1,4.454347296253507,low-cost,0,6,0,4,Low-cost,-1.528994572330182,0.1716778566964317,0
BeautyMarket,Shopify,Corps,Gel Douche,,SO BIO GEL DOUCHE AGRUMES FLEURS D'ORANGER 450ML,85.0,0.0,,En stock,Non,0.0,https://beautymarket.ma/products/so-bio-gel-douche-agrumes-fleurs-doranger-450ml,1,0,0.8692,0.0,0.5173,1,4.454347296253507,low-cost,0,6,0,4,Low-cost,-1.528994572330182,0.1716778566964317,0
Justyol,Shopify,Femme,Women,BDM PHARMA,RC SOIN TOILETTE INTIME EXTRA DOUX 100ML 7188/4002/5702,67.0,0.0,,En stock,,0.0,https://justyol.com/products/rc-soin-toilette-intime-extra-doux-100ml-7188-4002-5702,1,0,0.868,0.0,0.517,1,4.219507705176107,low-cost,1,8,0,4,Low-cost,-1.1902144137587942,0.2483447794058567,0
Justyol,Shopify,Femme,Women,BDM PHARMA,RC SOIN TOILETTE INTIME HYDRATANT 100ML 5337/5597/7041,67.0,0.0,,En stock,,0.0,https://justyol.com/products/rc-soin-toilette-intime-hydratant-100ml-5337-5597-7041,1,0,0.868,0.0,0.517,1,4.219507705176107,low-cost,1,8,0,4,Low-cost,-1.1902144137587942,0.2483447794058567,0
Justyol,Shopify,Femme,Women,BDM PHARMA,RC SOIN NATUREL TOILETTE INTIME ANTI BACTERIEN 100ML 5603/7058,67.0,0.0,,En stock,,0.0,https://justyol.com/products/rc-soin-naturel-toilette-intime-anti-bacterien-100ml-5603-7058,1,0,0.868,0.0,0.517,1,4.219507705176107,low-cost,1,8,0,4,Low-cost,-1.1902144137587942,0.2483447794058567,0
BeautyMarket,Shopify,Cheveux,Huile Cheveux,,RACINE VITA HUILE D’ARGAN NON TORRIEFIE 40 ML,60.0,0.0,,En stock,Non,0.0,https://beautymarket.ma/products/racine-vita-huile-d-argan-non-torriefie-40-ml,1,0,0.8674,0.0,0.5168,1,4.110873864173311,low-cost,0,5,0,4,Low-cost,-1.7071926207814037,0.3941007030348852,0
BeautyMarket,Shopify,Cheveux,Huile Cheveux,,NATUREESOIN GINGEMBRE 50ML,60.0,0.0,,En stock,Non,0.0,https://beautymarket.ma/products/nature-soin-gingembre-50ml,1,0,0.8674,0.0,0.5168,1,4.110873864173311,low-cost,0,5,0,4,Low-cost,-1.7071926207814037,0.3941007030348852,0
BeautyMarket,Shopify,Cheveux,Huile Cheveux,,NATURESOIN HUILE DE CAROTTE – 50 ML,60.0,0.0,,En stock,Non,0.0,https://beautymarket.ma/products/naturesoin-huile-de-carotte-50-ml,1,0,0.8674,0.0,0.5168,1,4.110873864173311,low-cost,0,5,0,4,Low-cost,-1.7071926207814037,0.3941007030348852,0
BeautyMarket,Shopify,Cheveux,Shampooing 1,,NUTRICAP APRES SHAMPOOING CHEVEUX SECS ET ABIMES 100ML,60.0,0.0,,En stock,Non,0.0,https://beautymarket.ma/products/nutricap-apres-shampooing-cheveux-secs-et-abimes-100ml,1,0,0.8674,0.0,0.5168,1,4.110873864173311,low-cost,0,5,0,4,Low-cost,-1.7071926207814037,0.3941007030348852,0
BeautyMarket,Shopify,Cheveux,Huile Cheveux,,NATURE SOIN HUILE DE NOIX DE COCO 150ML,60.0,0.0,,En stock,Non,0.0,https://beautymarket.ma/products/nature-soin-huile-de-noix-de-coco-250ml,1,0,0.8674,0.0,0.5168,1,4.110873864173311,low-cost,0,5,0,4,Low-cost,-1.7071926207814037,0.3941007030348852,0
BeautyMarket,Shopify,Cheveux,Shampoing Sec,,ZIAJA GOATS MILK CONDITIONNER A LA KERATINE 200ML,60.0,0.0,,En stock,Non,0.0,https://beautymarket.ma/products/ziaja-goats-milk-conditionner-a-la-keratine-200ml,1,0,0.8674,0.0,0.5168,1,4.110873864173311,low-cost,0,5,0,4,Low-cost,-1.7071926207814037,0.3941007030348852,0
BeautyMarket,Shopify,Cheveux,Cheveux Colores,,RACINE VITA HUILE DE GRAINES DE NIGELLE 40ML,60.0,0.0,,En stock,Non,0.0,https://beautymarket.ma/products/racine-vita-huile-de-graines-de-nigelle-40ml,1,0,0.8674,0.0,0.5168,1,4.110873864173311,low-cost,0,5,0,4,Low-cost,-1.7071926207814037,0.3941007030348852,0
BeautyMarket,Shopify,Cheveux,Shampooing 1,,H&S SHAMPOOING DEEP CLEAN CUIR CHEVELU - 400 ML,60.0,0.0,,En stock,Non,0.0,https://beautymarket.ma/products/h-s-shampooing-deep-clean-cuir-chevelu-400-ml,1,0,0.8674,0.0,0.5168,1,4.110873864173311,low-cost,0,5,0,4,Low-cost,-1.7071926207814037,0.3941007030348852,0
BeautyMarket,Shopify,Solaire,Solaire,,DCP SEPTIPLUS PH 5.5 SOIN LAVANT DOUX ANTISEPTIQUE 250ML,150.0,0.0,,En stock,Non,0.0,https://beautymarket.ma/products/dcp-septiplus-ph-5-5-soin-lavant-doux-antiseptique-250ml,1,0,0.8651,0.0,0.5163,1,5.017279836814924,mid-range,0,18,0,0,Mid-range,-1.0224679739964937,-0.1384181627322993,0
BeautyMarket,Shopify,Solaire,Solaire,,UVP ECRAN SOLAIRE INVISIBLE 50+,150.0,0.0,,En stock,Non,0.0,https://beautymarket.ma/products/uvp-ecran-solaire-invisible-50,1,0,0.8651,0.0,0.5163,1,5.017279836814924,mid-range,0,18,0,0,Mid-range,-1.0224679739964937,-0.1384181627322993,0
BeautyMarket,Shopify,Solaire,Solaire,,GARNIER ULTRA DOUX BOX HAIR FOOD MASQUE NOURISSANT MULTI- USAGES À LA BANANE 390ML + SUPER UV INVISIBLE AIR-MIST SUNSCREEN 75ML,150.0,0.0,,En stock,Non,0.0,https://beautymarket.ma/products/garnier-ultra-doux-box-hair-food-masque-nourissant-multi-usages-a-la-banane-390ml-super-uv-invisible-air-mist-sunscreen-75ml,1,0,0.8651,0.0,0.5163,1,5.017279836814924,mid-range,0,18,0,0,Mid-range,-1.0224679739964937,-0.1384181627322993,0
BeautyMarket,Shopify,Solaire,Solaire,,DERMOZ CRÈME SOLAIRE TRÉS HAUTE PROTECTION SPF50+,150.0,0.0,,En stock,Non,0.0,https://beautymarket.ma/products/dermoz-creme-solaire-tres-haute-protection-spf50,1,0,0.8651,0.0,0.5163,1,5.017279836814924,mid-range,0,18,0,0,Mid-range,-1.0224679739964937,-0.1384181627322993,0
BeautyMarket,Shopify,Solaire,Solaire,,BRANDOC SUN PROTECT SPF 50+ TOUS TYPES DE PEAUX 50ML,150.0,0.0,,En stock,Non,0.0,https://beautymarket.ma/products/brandoc-sun-protect-spf-50-tous-types-de-peaux-50ml,1,0,0.8651,0.0,0.5163,1,5.017279836814924,mid-range,0,18,0,0,Mid-range,-1.0224679739964937,-0.1384181627322993,0
Kiabi,Shopify,Garçon,Garçon,,Lot De 3 Paires De Chaussettes 'Spiderman',85.0,0.0,,En stock,Non,0.0,,1,0,0.863,0.0,0.5157,1,4.454347296253507,low-cost,2,10,0,4,Low-cost,-0.6419469360562342,0.006321472678871,0
Kiabi,Shopify,Garçon,Garçon,,Lot De 3 Chaussettes De Sport Invisibles,85.0,0.0,,En stock,Non,0.0,,1,0,0.863,0.0,0.5157,1,4.454347296253507,low-cost,2,10,0,4,Low-cost,-0.6419469360562342,0.006321472678871,0
Kiabi,Shopify,Garçon,Garçon,,Pyjama Long En Jersey Avec Imprimé - 2 Pièces,85.0,0.0,,En stock,Non,0.0,,1,0,0.863,0.0,0.5157,1,4.454347296253507,low-cost,2,10,0,4,Low-cost,-0.6419469360562342,0.006321472678871,0
Kiabi,Shopify,Garçon,Garçon,,Lot De 3 Maillots De Corps,85.0,0.0,,En stock,Non,0.0,,1,0,0.863,0.0,0.5157,1,4.454347296253507,low-cost,2,10,0,4,Low-cost,-0.6419469360562342,0.006321472678871,0
Kiabi,Shopify,Garçon,Garçon,,Lot 3 Maillots De Corps En Coton,85.0,0.0,,En stock,Non,0.0,,1,0,0.863,0.0,0.5157,1,4.454347296253507,low-cost,2,10,0,4,Low-cost,-0.6419469360562342,0.006321472678871,0
BeautyMarket,Shopify,Corps,Nettoyant Corps,,ADDAX SEPTIDOL GEL INTIME PH5 – 125 ML,87.0,0.0,,En stock,Non,0.0,https://beautymarket.ma/products/addax-septidol-gel-intime-ph5-125-ml,1,0,0.8617,0.0,0.5154,1,4.477336814478207,low-cost,0,6,0,4,Low-cost,-1.5244003505238906,0.1490019056803473,0
BeautyMarket,Shopify,Cheveux,Huile Cheveux,,NATURESOIN HUILE DE ROQUETTE – 50 ML,61.0,0.0,,En stock,Non,0.0,https://beautymarket.ma/products/naturesoin-huile-de-roquette-50-ml,1,0,0.8604,0.0,0.5151,1,4.127134385045092,low-cost,0,5,0,4,Low-cost,-1.7050319831316765,0.3767004260446369,0
Justyol,Shopify,Femme,Women,CAF CHIC,CREPE EGYPT – Collection Couleur Unique - Bleu marine / 75cm x 170cm,99.0,129.0,23.0,En stock,,0.0,,1,0,0.6763,0.23,0.5151,1,4.605170185988092,low-cost,1,8,0,4,Low-cost,-0.8574387554126865,0.474378727199702,0
Justyol,Shopify,Femme,Women,CAF CHIC,CREPE EGYPT – Collection Couleur Unique - Prune / 75cm x 170cm,99.0,129.0,23.0,En stock,,0.0,,1,0,0.6763,0.23,0.5151,1,4.605170185988092,low-cost,1,8,0,4,Low-cost,-0.8574387554126865,0.474378727199702,0
Justyol,Shopify,Femme,Women,CAF CHIC,CREPE EGYPT – Collection Couleur Unique - Bleu lavande / 75cm x 170cm,99.0,129.0,23.0,En stock,,0.0,,1,0,0.6763,0.23,0.5151,1,4.605170185988092,low-cost,1,8,0,4,Low-cost,-0.8574387554126865,0.474378727199702,0
BeautyMarket,Shopify,Cheveux,Huile Cheveux,,NATURESOIN HUILE ESSENTIELLE D’EUCALYPTUS GLOBULEUX – 10 ML,61.0,0.0,,En stock,Non,0.0,https://beautymarket.ma/products/naturesoin-huile-essentielle-d-eucalyptus-globuleux-10-ml,1,0,0.8604,0.0,0.5151,1,4.127134385045092,low-cost,0,5,0,4,Low-cost,-1.7050319831316765,0.3767004260446369,0
Justyol,Shopify,Femme,Women,CAF CHIC,CREPE EGYPT – Collection Couleur Unique - Gris / 75cm x 170cm,99.0,129.0,23.0,En stock,,0.0,,1,0,0.6763,0.23,0.5151,1,4.605170185988092,low-cost,1,8,0,4,Low-cost,-0.8574387554126865,0.474378727199702,0
BeautyMarket,Shopify,Cheveux,Huile Cheveux,,NATURESOIN HUILE CAPILLAIRE A HUILE D’OLIVE – 125 ML,61.0,0.0,,En stock,Non,0.0,https://beautymarket.ma/products/naturesoin-huile-capillaire-a-huile-d-olive-125-ml,1,0,0.8604,0.0,0.5151,1,4.127134385045092,low-cost,0,5,0,4,Low-cost,-1.7050319831316765,0.3767004260446369,0
BeautyMarket,Shopify,Cheveux,Huile Cheveux,,NATURESOIN HUILE CAPILLAIRE EL HAYAH -TOUS TYPES DE CHEVEUX 125ML,61.0,0.0,,En stock,Non,0.0,https://beautymarket.ma/products/naturesoin-huile-capillaire-el-hayah-tous-types-de-cheveux-125ml-1,1,0,0.8604,0.0,0.5151,1,4.127134385045092,low-cost,0,5,0,4,Low-cost,-1.7050319831316765,0.3767004260446369,0
Justyol,Shopify,Femme,Women,CAF CHIC,CREPE EGYPT – Collection Couleur Unique - Bleu royal / 75cm x 170cm,99.0,129.0,23.0,En stock,,0.0,,1,0,0.6763,0.23,0.5151,1,4.605170185988092,low-cost,1,8,0,4,Low-cost,-0.8574387554126865,0.474378727199702,0
Justyol,Shopify,Femme,Women,CAF CHIC,CREPE EGYPT – Collection Couleur Unique - camel / 75cm x 170cm,99.0,129.0,23.0,En stock,,0.0,,1,0,0.6763,0.23,0.5151,1,4.605170185988092,low-cost,1,8,0,4,Low-cost,-0.8574387554126865,0.474378727199702,0
Justyol,Shopify,Femme,Women,CAF CHIC,CREPE EGYPT – Collection Couleur Unique - Bleu pétrole / 75cm x 170cm,99.0,129.0,23.0,En stock,,0.0,,1,0,0.6763,0.23,0.5151,1,4.605170185988092,low-cost,1,8,0,4,Low-cost,-0.8574387554126865,0.474378727199702,0
BeautyMarket,Shopify,Corps,Gel Douche,,SO BIO GEL DOUCHE HYDRATANT MIEL DE FLEURS ET ABRICOT 450 ML,89.0,0.0,,En stock,Non,0.0,https://beautymarket.ma/products/so-bio-gel-douche-hydratant-miel-de-fleurs-et-abricot,1,0,0.8598,0.0,0.515,1,4.499809670330265,low-cost,0,6,0,4,Low-cost,-1.5154536696487384,0.1324071077091343,0
BeautyMarket,Shopify,Maquillage,Mascara,,RELOVE LONG LASH LENGTHENING MASCARA,55.0,0.0,,En stock,Non,0.0,https://beautymarket.ma/products/relove-long-lash-lengthening-mascara,1,0,0.8598,0.0,0.515,1,4.02535169073515,low-cost,0,14,0,4,Low-cost,-1.5602682864703905,0.4978845187673467,0
BeautyMarket,Shopify,Maquillage,Palette Yeux,,RELOVE EYE LIGHT LIGHT UP METTALIC EYESHADOWS,55.0,0.0,,En stock,Non,0.0,https://beautymarket.ma/products/relove-eye-light-light-up-mettalic-eyeshadows,1,0,0.8598,0.0,0.515,1,4.02535169073515,low-cost,0,14,0,4,Low-cost,-1.5602682864703905,0.4978845187673467,0
BeautyMarket,Shopify,Maquillage,Palette Yeux,,RELOVE EYE LIGHT QUEEN METALLIC EYESHADOWS,55.0,0.0,,En stock,Non,0.0,https://beautymarket.ma/products/relove-eye-light-queen-metallic-eyeshadows,1,0,0.8598,0.0,0.515,1,4.02535169073515,low-cost,0,14,0,4,Low-cost,-1.5602682864703905,0.4978845187673467,0
BeautyMarket,Shopify,Maquillage,Eyeliner,,RELOVE DIP EYELINER BLACK,55.0,0.0,,En stock,Non,0.0,https://beautymarket.ma/products/relove-dip-eyeliner-black,1,0,0.8598,0.0,0.515,1,4.02535169073515,low-cost,0,14,0,4,Low-cost,-1.5602682864703905,0.4978845187673467,0
BeautyMarket,Shopify,Corps,Nettoyant Corps,,CERAVE CRÈME LAVANTE HYDRATANTE – 236 ML,89.0,0.0,,En stock,Non,0.0,https://beautymarket.ma/products/cerave-creme-lavante-hydratante-236-ml,1,0,0.8598,0.0,0.515,1,4.499809670330265,low-cost,0,6,0,4,Low-cost,-1.5154536696487384,0.1324071077091343,0
BeautyMarket,Shopify,Corps,Gel Douche,,L'ORÉAL PARIS MEN EXPERT GEL DOUCHE CRÈME MAGNESIUM + BARBER CLUB GEL 300 ML,89.0,0.0,,En stock,Non,0.0,https://beautymarket.ma/products/loreal-paris-men-expert-gel-douche-creme-magnesium-barber-club-gel-300-ml,1,0,0.8598,0.0,0.515,1,4.499809670330265,low-cost,0,6,0,4,Low-cost,-1.5154536696487384,0.1324071077091343,0
Kiabi,Shopify,Femme,Femme,,Shorty En Dentelle,70.0,0.0,,En stock,Non,0.0,,1,0,0.859,0.0,0.5148,1,4.262679877041316,low-cost,2,8,0,4,Low-cost,-0.773907516144039,0.1195203525999441,0
Kiabi,Shopify,Femme,Femme,,Culotte En Dentelle,70.0,0.0,,En stock,Non,0.0,,1,0,0.859,0.0,0.5148,1,4.262679877041316,low-cost,2,8,0,4,Low-cost,-0.773907516144039,0.1195203525999441,0
Kiabi,Shopify,Femme,Femme,,Lot De 5 Culottes Coton Uni,70.0,0.0,,En stock,Non,0.0,,1,0,0.859,0.0,0.5148,1,4.262679877041316,low-cost,2,8,0,4,Low-cost,-0.773907516144039,0.1195203525999441,0
Kiabi,Shopify,Femme,Femme,,Débardeur À Fines Bretelles,70.0,0.0,,En stock,Non,0.0,,1,0,0.859,0.0,0.5148,1,4.262679877041316,low-cost,2,8,0,4,Low-cost,-0.773907516144039,0.1195203525999441,0
Kiabi,Shopify,Femme,Femme,,Tee-Shirt Crop Top Basique,70.0,0.0,,En stock,Non,0.0,,1,0,0.859,0.0,0.5148,1,4.262679877041316,low-cost,2,8,0,4,Low-cost,-0.773907516144039,0.1195203525999441,0
Kiabi,Shopify,Femme,Femme,,T-Shirt 'Fête Des Mères' Manches Courtes,70.0,0.0,,En stock,Non,0.0,,1,0,0.859,0.0,0.5148,1,4.262679877041316,low-cost,2,8,0,4,Low-cost,-0.773907516144039,0.1195203525999441,0
Kiabi,Shopify,Femme,Femme,,Culotte En Microfibre Et En Dentelle,70.0,0.0,,En stock,Non,0.0,,1,0,0.859,0.0,0.5148,1,4.262679877041316,low-cost,2,8,0,4,Low-cost,-0.773907516144039,0.1195203525999441,0
Kiabi,Shopify,Femme,Femme,,Tanga En Dentelle,70.0,0.0,,En stock,Non,0.0,,1,0,0.859,0.0,0.5148,1,4.262679877041316,low-cost,2,8,0,4,Low-cost,-0.773907516144039,0.1195203525999441,0
Kiabi,Shopify,Femme,Femme,,Tee-Shirt Manches Courtes Avec Encolure En V,70.0,0.0,,En stock,Non,0.0,,1,0,0.859,0.0,0.5148,1,4.262679877041316,low-cost,2,8,0,4,Low-cost,-0.773907516144039,0.1195203525999441,0
Kiabi,Shopify,Femme,Femme,,Lot De 5 Paires Invisibles,70.0,0.0,,En stock,Non,0.0,,1,0,0.859,0.0,0.5148,1,4.262679877041316,low-cost,2,8,0,4,Low-cost,-0.773907516144039,0.1195203525999441,0
BeautyMarket,Shopify,Cheveux,Huile Cheveux,,NATURESOIN HUILE D’AMANDES AMERES 50ML,62.0,0.0,,En stock,Non,0.0,https://beautymarket.ma/products/naturesoin-huile-d-amandes-douces-1er-pression-50-ml,1,0,0.8569,0.0,0.5142,1,4.143134726391533,low-cost,0,5,0,4,Low-cost,-1.700543076870209,0.3625331243156731,0
BeautyMarket,Shopify,Cheveux,Shampooing 1,,NUTRISANTE NUTRICAP SHAMPOOING CHEVEUX SECS ET ABIMES 200ML,62.0,0.0,,En stock,Non,0.0,https://beautymarket.ma/products/nutrisante-nutricap-shampooing-cheveux-secs-et-abimes-200ml,1,0,0.8569,0.0,0.5142,1,4.143134726391533,low-cost,0,5,0,4,Low-cost,-1.700543076870209,0.3625331243156731,0
BeautyMarket,Shopify,Cheveux,Huile Cheveux,,RACINE VITA HUILE DE JOJOBA 40ML,62.0,0.0,,En stock,Non,0.0,https://beautymarket.ma/products/racine-vita-huile-de-jojoba-40ml,1,0,0.8569,0.0,0.5142,1,4.143134726391533,low-cost,0,5,0,4,Low-cost,-1.700543076870209,0.3625331243156731,0
BeautyMarket,Shopify,Cheveux,Huile Cheveux,,NATURESOIN HUILE DE MOUTARDE – 50 ML,62.0,0.0,,En stock,Non,0.0,https://beautymarket.ma/products/naturesoin-huile-de-moutarde-50-ml,1,0,0.8569,0.0,0.5142,1,4.143134726391533,low-cost,0,5,0,4,Low-cost,-1.700543076870209,0.3625331243156731,0
BeautyMarket,Shopify,Cheveux,Brosses Et Accessoires,,BETER HAIRSTYLE COFFEE O'CLOCK SERVIETTE TURBAN DE CHEVEUX 22286,62.0,0.0,,En stock,Non,0.0,https://beautymarket.ma/products/beter-hairstyle-coffee-oclock-serviette-turban-de-cheveux-22286,1,0,0.8569,0.0,0.5142,1,4.143134726391533,low-cost,0,5,0,4,Low-cost,-1.700543076870209,0.3625331243156731,0
BeautyMarket,Shopify,Cheveux,Huile Cheveux,,NATURESOIN HUILE D’ARBRE A THÉ – 50 ML,62.0,0.0,,En stock,Non,0.0,https://beautymarket.ma/products/naturesoin-huile-d-arbre-a-the-50-ml,1,0,0.8569,0.0,0.5142,1,4.143134726391533,low-cost,0,5,0,4,Low-cost,-1.700543076870209,0.3625331243156731,0
BeautyMarket,Shopify,Solaire,Solaire,,DEPILIA ECRAN FLUIDE SPF 50+,152.0,0.0,,En stock,Non,0.0,https://beautymarket.ma/products/depilia-ecran-fluide-spf-50,1,0,0.8544,0.0,0.5136,1,5.030437921392435,mid-range,0,18,0,0,Mid-range,-1.024768798042396,-0.1575617980277736,0
BeautyMarket,Shopify,Maquillage,Outils Et Accessoires De Beaute,,STUDIO17 SMALL FAN BRUSH 463 1U – PINCEAU ÉVENTAIL FIN PROFESSIONNEL POUR HIGHLIGHTER & POUDRE,56.0,0.0,,En stock,Non,0.0,https://beautymarket.ma/products/small-fan-brush-463-1u,1,0,0.8541,0.0,0.5135,1,4.04305126783455,low-cost,0,14,0,4,Low-cost,-1.5568449278818284,0.4802841550614817,0
BeautyMarket,Shopify,Corps,Gel Douche,,ZIAJA KIDS GEL DOUCHE BUBBLE COLA 500ML – GEL LAVANT ENFANT PARFUM COLA,90.0,0.0,,En stock,Non,0.0,https://beautymarket.ma/products/ziaja-kids-gel-douche-bubble-cola-500ml-gel-lavant-enfant-parfum-cola,1,0,0.8542,0.0,0.5135,1,4.51085950651685,low-cost,0,6,0,4,Low-cost,-1.5150395311854812,0.1192646469629149,0
BeautyMarket,Shopify,Maquillage,Crayon Yeux,,EYE CARE TAILLE CRAYON COSMÉTIQUE JUMBO,56.0,0.0,,En stock,Non,0.0,https://beautymarket.ma/products/eye-care-taille-crayon-cosmetique-jumbo,1,0,0.8541,0.0,0.5135,1,4.04305126783455,low-cost,0,14,0,4,Low-cost,-1.5568449278818284,0.4802841550614817,0
BeautyMarket,Shopify,Corps,Hydratant Corps,,DERMALIFT UREA ADVANCED CRÈME MAINS 75 ML,90.0,0.0,,En stock,Non,0.0,https://beautymarket.ma/products/dermalift-urea-advanced-creme-mains-75-ml,1,0,0.8542,0.0,0.5135,1,4.51085950651685,low-cost,0,6,0,4,Low-cost,-1.5150395311854812,0.1192646469629149,0
BeautyMarket,Shopify,Maquillage,Ongles,,BETER LIME ET POLISSOIR À ONGLES 6 ÉTAPES 05135,56.0,0.0,,En stock,Non,0.0,https://beautymarket.ma/products/beter-lime-et-polissoir-a-ongles-6-etapes-05135,1,0,0.8541,0.0,0.5135,1,4.04305126783455,low-cost,0,14,0,4,Low-cost,-1.5568449278818284,0.4802841550614817,0
BeautyMarket,Shopify,Solaire,Auto Bronzant,,MIELII HUILE BRONZANTE COCO VANILLE 100 ML,156.0,0.0,,En stock,Non,0.0,https://beautymarket.ma/products/mielii-huile-bronzante-coco-vanille,1,0,0.8522,0.0,0.513,1,5.056245805348308,mid-range,0,18,0,0,Mid-range,-1.014924412483726,-0.177156995580465,0
BeautyMarket,Shopify,Cheveux,Huile Cheveux,,RACINE VITA 10 HUILES CAPILLAIRES 40ML,63.0,0.0,,En stock,Non,0.0,https://beautymarket.ma/products/racine-vita-10-huiles-capillaires-40ml,1,0,0.8516,0.0,0.5129,1,4.158883083359672,low-cost,0,5,0,4,Low-cost,-1.6973912056650982,0.3470054726712306,0
BeautyMarket,Shopify,Cheveux,Huile Cheveux,,NATURESOIN HUILE ESSENTIELLE D’ORANGE – 10 ML,63.0,0.0,,En stock,Non,0.0,https://beautymarket.ma/products/naturesoin-huile-essentielle-d-orange-10-ml,1,0,0.8516,0.0,0.5129,1,4.158883083359672,low-cost,0,5,0,4,Low-cost,-1.6973912056650982,0.3470054726712306,0
BeautyMarket,Shopify,Cheveux,Huile Cheveux,,RITUELESSENCE HUILE DE RICIN 100ML,63.0,0.0,,En stock,Non,0.0,https://beautymarket.ma/products/rituelessence-huile-de-ricin-100ml,1,0,0.8516,0.0,0.5129,1,4.158883083359672,low-cost,0,5,0,4,Low-cost,-1.6973912056650982,0.3470054726712306,0
BeautyMarket,Shopify,Corps,Huile Corps,,LITENS COOL TANNING HUILE SOLAIRE 125ML,91.0,0.0,,En stock,Non,0.0,https://beautymarket.ma/products/litens-cool-tanning-huile-solaire-125ml,1,0,0.8505,0.0,0.5126,1,4.5217885770490405,low-cost,0,6,0,4,Low-cost,-1.512845536920615,0.1084970616241697,0
BeautyMarket,Shopify,Maquillage,Eyeliner,,MAYBELLINE TATTOO STUDIO SHARPENABLE GEL PENCIL 900 DEEP ONYX,57.0,0.0,,En stock,Non,0.0,https://beautymarket.ma/products/maybelline-new-york-crayon-tattoo-liner-900-deep-onyx,1,0,0.8499,0.0,0.5125,1,4.060443010546419,low-cost,0,14,0,4,Low-cost,-1.552032119087008,0.464801756025979,0
BeautyMarket,Shopify,Solaire,Solaire,,ZIAJA ECRAN MATIFIANTE INVISIBLE SPF 50+ 50ML,158.0,0.0,,En stock,Non,0.0,https://beautymarket.ma/products/ziaja-med-ecran-solaire-teinte-natuelle-spf50-50ml,1,0,0.8501,0.0,0.5125,1,5.068904202220232,mid-range,0,18,0,0,Mid-range,-1.0107248387454215,-0.1875546225375711,0
BeautyMarket,Shopify,Cheveux,Huile Cheveux,,NATURESOIN HUILE CAPILLAIRE 10 BAIN D’HUILES VÉGÉTALES – 125 ML,64.0,0.0,,En stock,Non,0.0,https://beautymarket.ma/products/naturesoin-huile-capillaire-10-bain-d-huiles-vegetales-125-ml,1,0,0.849,0.0,0.5122,1,4.174387269895637,low-cost,0,5,0,4,Low-cost,-1.6925153232613082,0.3339354254505229,0
BeautyMarket,Shopify,Corps,Hydratant Corps,,DUCRAY – ICTYANE CRÈME MAINS – 50 ML,92.0,0.0,,En stock,Non,0.0,https://beautymarket.ma/products/ducray-ictyane-creme-mains-50-ml,1,0,0.8486,0.0,0.5122,1,4.532599493153256,low-cost,0,6,0,4,Low-cost,-1.5091762562102822,0.0997202818883616,0
BeautyMarket,Shopify,Cheveux,Huile Cheveux,,NATURESOIN HUILE DE GRAINES DE NIGELLE – 50 ML,64.0,0.0,,En stock,Non,0.0,https://beautymarket.ma/products/naturesoin-huile-de-graines-de-nigelle-50-ml,1,0,0.849,0.0,0.5122,1,4.174387269895637,low-cost,0,5,0,4,Low-cost,-1.6925153232613082,0.3339354254505229,0
BeautyMarket,Shopify,Cheveux,Shampoing Sec,,NATURESOIN HUILE CAPILLAIRE 7 BAIN D’HUILES VÉGÉTALES – 125 ML,64.0,0.0,,En stock,Non,0.0,https://beautymarket.ma/products/naturesoin-huile-capillaire-7-bain-d-huiles-vegetales-125-ml,1,0,0.849,0.0,0.5122,1,4.174387269895637,low-cost,0,5,0,4,Low-cost,-1.6925153232613082,0.3339354254505229,0
BeautyMarket,Shopify,Cheveux,Shampooing 1,,NEUTRADERM SHAMPOOING EXTRA DOUX DERMO RESPECT 200 ML,64.0,0.0,,En stock,Non,0.0,https://beautymarket.ma/products/neutraderm-shampooing-extra-doux-dermo-respect-200-ml,1,0,0.849,0.0,0.5122,1,4.174387269895637,low-cost,0,5,0,4,Low-cost,-1.6925153232613082,0.3339354254505229,0
BeautyMarket,Shopify,Maquillage,Rougir,,PASTEL SHOW BY PASTEL SHOW YOUR JOY LIQUID BLUSH 52,59.0,0.0,,En stock,Non,0.0,https://beautymarket.ma/products/pastel-show-by-pastel-show-your-joy-liquid-blush-52,1,0,0.8484,0.0,0.5121,1,4.0943445622221,low-cost,0,14,0,4,Low-cost,-1.5379135883714885,0.4405453036226625,0
BeautyMarket,Shopify,Maquillage,Crayon Yeux,,MAYBELLINE TATTOO LINER SHARPANABLE CRAYON GEL 823 AURORA FLIP,59.0,0.0,,En stock,Non,0.0,https://beautymarket.ma/products/maybelline-tattoo-liner-sharpanable-crayon-gel-823-aurora-flip,1,0,0.8484,0.0,0.5121,1,4.0943445622221,low-cost,0,14,0,4,Low-cost,-1.5379135883714885,0.4405453036226625,0
BeautyMarket,Shopify,Maquillage,Crayon Yeux,,MAYBELLINE TATTOO LINER SHARPENABLE CRAYON GEL STARDUST CHROME 821,59.0,0.0,,En stock,Non,0.0,https://beautymarket.ma/products/maybelline-tattoo-liner-sharpenable-crayon-gel-stardust-chrome-821,1,0,0.8484,0.0,0.5121,1,4.0943445622221,low-cost,0,14,0,4,Low-cost,-1.5379135883714885,0.4405453036226625,0
BeautyMarket,Shopify,Maquillage,Crayon Yeux,,MAYBELLINE TATTOO LINER GEL PENCIL EYELINER 822 SPACE GRAPH,59.0,0.0,,En stock,Non,0.0,https://beautymarket.ma/products/maybelline-tattoo-liner-gel-pencil-eyeliner-822-space-graph,1,0,0.8484,0.0,0.5121,1,4.0943445622221,low-cost,0,14,0,4,Low-cost,-1.5379135883714885,0.4405453036226625,0
BeautyMarket,Shopify,Maquillage,Eyeliner,,PASTEL - MATTE WP LASTING EYELINER 334,59.0,0.0,,En stock,Non,0.0,https://beautymarket.ma/products/pastel-matte-wp-lasting-eyeliner-334,1,0,0.8484,0.0,0.5121,1,4.0943445622221,low-cost,0,14,0,4,Low-cost,-1.5379135883714885,0.4405453036226625,0
BeautyMarket,Shopify,Maquillage,Eyeliner,,PASTEL - MATTE WP LASTING EYELINER 336,59.0,0.0,,En stock,Non,0.0,https://beautymarket.ma/products/pastel-matte-wp-lasting-eyeliner-336,1,0,0.8484,0.0,0.5121,1,4.0943445622221,low-cost,0,14,0,4,Low-cost,-1.5379135883714885,0.4405453036226625,0
BeautyMarket,Shopify,Maquillage,Eyeliner,,PASTEL - MATTE WP LASTING EYELINER 330,59.0,0.0,,En stock,Non,0.0,https://beautymarket.ma/products/pastel-matte-wp-lasting-eyeliner-330,1,0,0.8484,0.0,0.5121,1,4.0943445622221,low-cost,0,14,0,4,Low-cost,-1.5379135883714885,0.4405453036226625,0
BeautyMarket,Shopify,Maquillage,Rougir,,PASTEL SHOW BY PASTEL SHOW YOUR JOY LIQUID BLUSH 55,59.0,0.0,,En stock,Non,0.0,https://beautymarket.ma/products/pastel-show-by-pastel-show-your-joy-liquid-blush-55,1,0,0.8484,0.0,0.5121,1,4.0943445622221,low-cost,0,14,0,4,Low-cost,-1.5379135883714885,0.4405453036226625,0
BeautyMarket,Shopify,Maquillage,Rougir,,PASTEL SHOW BY PASTEL SHOW YOUR JOY LIQUID BLUSH 58,59.0,0.0,,En stock,Non,0.0,https://beautymarket.ma/products/pastel-show-by-pastel-show-your-joy-liquid-blush-58,1,0,0.8484,0.0,0.5121,1,4.0943445622221,low-cost,0,14,0,4,Low-cost,-1.5379135883714885,0.4405453036226625,0
BeautyMarket,Shopify,Maquillage,Rougir,,PASTEL SHOW BY PASTEL SHOW YOUR JOY LIQUID BLUSH 57,59.0,0.0,,En stock,Non,0.0,https://beautymarket.ma/products/pastel-show-by-pastel-show-your-joy-liquid-blush-57,1,0,0.8484,0.0,0.5121,1,4.0943445622221,low-cost,0,14,0,4,Low-cost,-1.5379135883714885,0.4405453036226625,0
BeautyMarket,Shopify,Maquillage,Rougir,,PASTEL SHOW BY PASTEL SHOW YOUR JOY LIQUID BLUSH 53,59.0,0.0,,En stock,Non,0.0,https://beautymarket.ma/products/pastel-show-by-pastel-show-your-joy-liquid-blush-53,1,0,0.8484,0.0,0.5121,1,4.0943445622221,low-cost,0,14,0,4,Low-cost,-1.5379135883714885,0.4405453036226625,0
BeautyMarket,Shopify,Maquillage,Highlight,,RELOVE SUPER MATTE PRESSED POWDER TRANSLUCENT,59.0,0.0,,En stock,Non,0.0,https://beautymarket.ma/products/relove-super-matte-pressed-powder-translucent,1,0,0.8484,0.0,0.5121,1,4.0943445622221,low-cost,0,14,0,4,Low-cost,-1.5379135883714885,0.4405453036226625,0
BeautyMarket,Shopify,Maquillage,Eyeliner,,PASTEL - MATTE WP LASTING EYELINER 333,59.0,0.0,,En stock,Non,0.0,https://beautymarket.ma/products/pastel-matte-wp-lasting-eyeliner-333,1,0,0.8484,0.0,0.5121,1,4.0943445622221,low-cost,0,14,0,4,Low-cost,-1.5379135883714885,0.4405453036226625,0
BeautyMarket,Shopify,Maquillage,Eyeliner,,ABSOLUTE NEW YORK WATERPROOF GEL EYE LINER - DARK BROWN NFB83,59.0,0.0,,En stock,Non,0.0,https://beautymarket.ma/products/absolute-new-york-waterproof-gel-eye-liner-dark-brown-nfb83,1,0,0.8484,0.0,0.5121,1,4.0943445622221,low-cost,0,14,0,4,Low-cost,-1.5379135883714885,0.4405453036226625,0
BeautyMarket,Shopify,Maquillage,Eyeliner,,ABSOLUTE NEW YORK WATERPROOF GEL EYE LINER - TEAL NFB85,59.0,0.0,,En stock,Non,0.0,https://beautymarket.ma/products/absolute-new-york-waterproof-gel-eye-liner-teal,1,0,0.8484,0.0,0.5121,1,4.0943445622221,low-cost,0,14,0,4,Low-cost,-1.5379135883714885,0.4405453036226625,0
BeautyMarket,Shopify,Maquillage,Rougir,,PASTEL SHOW BY PASTEL SHOW YOUR JOY LIQUID BLUSH 56,59.0,0.0,,En stock,Non,0.0,https://beautymarket.ma/products/pastel-show-by-pastel-show-your-joy-liquid-blush-56,1,0,0.8484,0.0,0.5121,1,4.0943445622221,low-cost,0,14,0,4,Low-cost,-1.5379135883714885,0.4405453036226625,0
BeautyMarket,Shopify,Maquillage,Eyeliner,,ABSOLUTE NEW YORK WATERPROOF GEL EYE LINER - NAVY NFB86,59.0,0.0,,En stock,Non,0.0,https://beautymarket.ma/products/absolute-new-york-waterproof-gel-eye-liner-navy,1,0,0.8484,0.0,0.5121,1,4.0943445622221,low-cost,0,14,0,4,Low-cost,-1.5379135883714885,0.4405453036226625,0
BeautyMarket,Shopify,Maquillage,Rougir,,REVOLUTION BLUSHER RELODED PINK LADY,59.0,0.0,,En stock,Non,0.0,https://beautymarket.ma/products/revolution-blusher-reloded-pink-lady,1,0,0.8484,0.0,0.5121,1,4.0943445622221,low-cost,0,14,0,4,Low-cost,-1.5379135883714885,0.4405453036226625,0
BeautyMarket,Shopify,Maquillage,Palette,,RELOVE COLOUR PLAY CONTOUR TRIO PALETTE SUGAR,59.0,0.0,,En stock,Non,0.0,https://beautymarket.ma/products/relove-colour-play-contour-trio-palette-sugar,1,0,0.8484,0.0,0.5121,1,4.0943445622221,low-cost,0,14,0,4,Low-cost,-1.5379135883714885,0.4405453036226625,0
BeautyMarket,Shopify,Maquillage,Palette,,RELOVE COLOUR PLAY EMPOWER SHADOW PALETTE,59.0,0.0,,En stock,Non,0.0,https://beautymarket.ma/products/relove-colour-play-empower-shadow-palette,1,0,0.8484,0.0,0.5121,1,4.0943445622221,low-cost,0,14,0,4,Low-cost,-1.5379135883714885,0.4405453036226625,0
BeautyMarket,Shopify,Maquillage,Anti Cernes Correcteur,,RELOVE SUPER CONCEALER RADIANT MATTE C8.5,59.0,0.0,,En stock,Non,0.0,https://beautymarket.ma/products/relove-super-concealer-radiant-matte-c85,1,0,0.8484,0.0,0.5121,1,4.0943445622221,low-cost,0,14,0,4,Low-cost,-1.5379135883714885,0.4405453036226625,0
BeautyMarket,Shopify,Maquillage,Anti Cernes Correcteur,,RELOVE SUPER CONCEALER RADIANT MATTE C3,59.0,0.0,,En stock,Non,0.0,https://beautymarket.ma/products/relove-super-concealer-radiant-matte-c3,1,0,0.8484,0.0,0.5121,1,4.0943445622221,low-cost,0,14,0,4,Low-cost,-1.5379135883714885,0.4405453036226625,0
BeautyMarket,Shopify,Maquillage,Anti Cernes Correcteur,,RELOVE SUPER CONCEALER RADIANT MATTE C6,59.0,0.0,,En stock,Non,0.0,https://beautymarket.ma/products/relove-super-concealer-radiant-matte-c6,1,0,0.8484,0.0,0.5121,1,4.0943445622221,low-cost,0,14,0,4,Low-cost,-1.5379135883714885,0.4405453036226625,0
BeautyMarket,Shopify,Maquillage,Rougir,,RELOVE SUPER HIGHLIGHT BLUSHED,59.0,0.0,,En stock,Non,0.0,https://beautymarket.ma/products/relove-super-highlight-blushed,1,0,0.8484,0.0,0.5121,1,4.0943445622221,low-cost,0,14,0,4,Low-cost,-1.5379135883714885,0.4405453036226625,0
BeautyMarket,Shopify,Maquillage,Ongles,,BETER CISEAUX A POINTE EMOUSSEE INOXYDABLES REF 24153,59.0,0.0,,En stock,Non,0.0,https://beautymarket.ma/products/beter-ciseaux-a-pointe-emoussee-inoxydables-ref-24153,1,0,0.8484,0.0,0.5121,1,4.0943445622221,low-cost,0,14,0,4,Low-cost,-1.5379135883714885,0.4405453036226625,0
BeautyMarket,Shopify,Maquillage,Ongles,,ZIAJA CREME MAINS REPARATRICE PROTEINES DE CACHEMIRE 100 ML,59.0,0.0,,En stock,Non,0.0,https://beautymarket.ma/products/ziaja-creme-mains-reparatrice-proteines-de-cachemire-100-ml,1,0,0.8484,0.0,0.5121,1,4.0943445622221,low-cost,0,14,0,4,Low-cost,-1.5379135883714885,0.4405453036226625,0
BeautyMarket,Shopify,Maquillage,Outils Et Accessoires De Beaute,,BETER RECOURBE-CILS AUTOMATIQUE 24020,59.0,0.0,,En stock,Non,0.0,https://beautymarket.ma/products/beter-recourbe-cils-automatique-24020,1,0,0.8484,0.0,0.5121,1,4.0943445622221,low-cost,0,14,0,4,Low-cost,-1.5379135883714885,0.4405453036226625,0
BeautyMarket,Shopify,Maquillage,Anti Cernes Correcteur,,PASTEL PROFASHION LIQUID CONCEALER,59.0,0.0,,En stock,Non,0.0,https://beautymarket.ma/products/pastel-profashion-liquid-concealer,1,0,0.8484,0.0,0.5121,1,4.0943445622221,low-cost,0,14,0,4,Low-cost,-1.5379135883714885,0.4405453036226625,0
BeautyMarket,Shopify,Maquillage,Mascara,,RELOVE SLICK FLICK EYELINER BLACK,59.0,0.0,,En stock,Non,0.0,https://beautymarket.ma/products/revolution-relove-slick-flick-eyeliner-black,1,0,0.8484,0.0,0.5121,1,4.0943445622221,low-cost,0,14,0,4,Low-cost,-1.5379135883714885,0.4405453036226625,0
BeautyMarket,Shopify,Maquillage,Mascara,,RELOVE POWER LASH VOLUME MASCARA,59.0,0.0,,En stock,Non,0.0,https://beautymarket.ma/products/relove-power-lash-volume-mascara,1,0,0.8484,0.0,0.5121,1,4.0943445622221,low-cost,0,14,0,4,Low-cost,-1.5379135883714885,0.4405453036226625,0
BeautyMarket,Shopify,Maquillage,Palette Yeux,,RELOVE EYE LIGHT SHINE METALLIC EYESHADOWS,59.0,0.0,,En stock,Non,0.0,https://beautymarket.ma/products/relove-eye-light-shine-metallic-eyeshadows,1,0,0.8484,0.0,0.5121,1,4.0943445622221,low-cost,0,14,0,4,Low-cost,-1.5379135883714885,0.4405453036226625,0
BeautyMarket,Shopify,Maquillage,Palette Yeux,,RELOVE EYE LIGHT BLING METALLIC EYESHADOWS,59.0,0.0,,En stock,Non,0.0,https://beautymarket.ma/products/relove-eye-light-bling-metallic-eyeshadows,1,0,0.8484,0.0,0.5121,1,4.0943445622221,low-cost,0,14,0,4,Low-cost,-1.5379135883714885,0.4405453036226625,0
BeautyMarket,Shopify,Maquillage,Ongles,,ZIAJA CERAMIDES CRÈME MAINS 100ML,59.0,0.0,,En stock,Non,0.0,https://beautymarket.ma/products/ziaja-ceramides-creme-mains-100ml,1,0,0.8484,0.0,0.5121,1,4.0943445622221,low-cost,0,14,0,4,Low-cost,-1.5379135883714885,0.4405453036226625,0
BeautyMarket,Shopify,Solaire,Auto Bronzant,,NIVEA SUN HUILE BRONZAGE PROTECTRICE CAROTÈNE SPF 6 200 ML,159.0,0.0,,En stock,Non,0.0,https://beautymarket.ma/products/nivea-huile-protectrice-en-spray-fps-6,1,0,0.848,0.0,0.512,1,5.075173815233827,mid-range,0,18,0,0,Mid-range,-1.0094163937314946,-0.193669288873505,0
BeautyMarket,Shopify,Solaire,Solaire,,NATURALIA ECRAN SOLAIRE INVISIBLE 50 ML SPF 50,159.0,0.0,,En stock,Non,0.0,https://beautymarket.ma/products/naturalia-ecran-solaire-invisible-50-ml-spf-50,1,0,0.848,0.0,0.512,1,5.075173815233827,mid-range,0,18,0,0,Mid-range,-1.0094163937314946,-0.193669288873505,0
BeautyMarket,Shopify,Solaire,Solaire,,LA ROCHE POSAY ANTHELIOS POST-UV EXPOSURE LAIT APRÈS-SOLEIL,159.0,0.0,,En stock,Non,0.0,https://beautymarket.ma/products/la-roche-posay-anthelios-post-uv-exposure-lait-apres-soleil,1,0,0.848,0.0,0.512,1,5.075173815233827,mid-range,0,18,0,0,Mid-range,-1.0094163937314946,-0.193669288873505,0
BeautyMarket,Shopify,Solaire,Solaire,,BIONIKE DEFENCE SUN SPF 50+ STICK 9ML,159.0,0.0,,En stock,Non,0.0,https://beautymarket.ma/products/bionike-defence-sun-spf-50-stick-9ml,1,0,0.848,0.0,0.512,1,5.075173815233827,mid-range,0,18,0,0,Mid-range,-1.0094163937314946,-0.193669288873505,0
BeautyMarket,Shopify,Corps,Savon Solide,,ROGER & GALLET FLEUR D'OSMANTHUS SAVON BIENFAISANT - 100 G,95.0,0.0,,En stock,Non,0.0,https://beautymarket.ma/products/roger-gallet-fleur-dosmanthus-savon-bienfaisant-100-g,1,0,0.8467,0.0,0.5117,1,4.564348191467836,low-cost,0,6,0,4,Low-cost,-1.49633771141242,0.076524756123241,0
BeautyMarket,Shopify,Corps,Gel Douche,,EVOLUDERM GEL DOUCHE EXALTANT MONOI A LA FOLIE 500ML,95.0,0.0,,En stock,Non,0.0,https://beautymarket.ma/products/evoluderm-gel-douche-exaltant-monoi-a-la-folie-500ml,1,0,0.8467,0.0,0.5117,1,4.564348191467836,low-cost,0,6,0,4,Low-cost,-1.49633771141242,0.076524756123241,0
BeautyMarket,Shopify,Corps,Gel Douche,,ZIAJA BABY GEL DOUCHE CORPS & CHEVEUX BÉBÉ À PARTIR DE 6 MOIS 400 ML,95.0,0.0,,En stock,Non,0.0,https://beautymarket.ma/products/ziaja-baby-gel-douche-corps-cheveux-bebe-a-partir-de-6-mois-400-ml,1,0,0.8467,0.0,0.5117,1,4.564348191467836,low-cost,0,6,0,4,Low-cost,-1.49633771141242,0.076524756123241,0
BeautyMarket,Shopify,Corps,Hydratant Corps,,NATUREESOIN HYDRASKIN SOIN HYDRATANT 50 ML,95.0,0.0,,En stock,Non,0.0,https://beautymarket.ma/products/nature-soin-hydraskin-soin-hydratant-50-ml,1,0,0.8467,0.0,0.5117,1,4.564348191467836,low-cost,0,6,0,4,Low-cost,-1.49633771141242,0.076524756123241,0
BeautyMarket,Shopify,Corps,Gel Douche,,EVOLUDERM GEL DOUCHE SURGRAS HYDRATANT 500ML,95.0,0.0,,En stock,Non,0.0,https://beautymarket.ma/products/evoluderm-gel-douche-surgras-hydratant-500ml,1,0,0.8467,0.0,0.5117,1,4.564348191467836,low-cost,0,6,0,4,Low-cost,-1.49633771141242,0.076524756123241,0
BeautyMarket,Shopify,Corps,Gel Douche,,SO BIO GEL DOUCHE PÊCHE FLEURS BLANCHES 450ML,95.0,0.0,,En stock,Non,0.0,https://beautymarket.ma/products/so-bio-gel-douche-peche-fleurs-blanches-450ml,1,0,0.8467,0.0,0.5117,1,4.564348191467836,low-cost,0,6,0,4,Low-cost,-1.49633771141242,0.076524756123241,0
BeautyMarket,Shopify,Corps,Savon Solide,,ROGER & GALLET NEROLI FACETIE SAVON 100G,95.0,0.0,,En stock,Non,0.0,https://beautymarket.ma/products/roger-gallet-neroli-facetie-savon-100g,1,0,0.8467,0.0,0.5117,1,4.564348191467836,low-cost,0,6,0,4,Low-cost,-1.49633771141242,0.076524756123241,0
BeautyMarket,Shopify,Corps,Nettoyant Corps,,ECOTOOLS DEEP CLEANSING BRUSH PINK,95.0,0.0,,En stock,Non,0.0,https://beautymarket.ma/products/ecotools-deep-cleansing-brush-pink,1,0,0.8467,0.0,0.5117,1,4.564348191467836,low-cost,0,6,0,4,Low-cost,-1.49633771141242,0.076524756123241,0
BeautyMarket,Shopify,Corps,Gel Douche,,EVOLUDERM GEL DOUCHE HUILE PRECIEUSE 500ML,95.0,0.0,,En stock,Non,0.0,https://beautymarket.ma/products/evoluderm-gel-douche-huile-precieuse-500ml,1,0,0.8467,0.0,0.5117,1,4.564348191467836,low-cost,0,6,0,4,Low-cost,-1.49633771141242,0.076524756123241,0
BeautyMarket,Shopify,Cheveux,Shampooing 1,,GARNIER ULTRA DOUX RICE WATER SHAMPOOING INFUSION D’EAU DE RIZ & AMIDON 400ML,65.0,0.0,,En stock,Non,0.0,https://beautymarket.ma/products/ultra-doux-shampooing-infusion-d-eau-de-riz-amidon-400ml,1,0,0.8455,0.0,0.5114,1,4.189654742026425,low-cost,0,5,0,4,Low-cost,-1.6880523127049207,0.3206417493289753,0
BeautyMarket,Shopify,Cheveux,Huile Cheveux,,RACINE VITA HUILE DE FIGUE DE BARBARIE ANTI-RIDES 40 ML,65.0,0.0,,En stock,Non,0.0,https://beautymarket.ma/products/racine-vita-huile-de-figue-de-barbarie-anti-rides-40-ml,1,0,0.8455,0.0,0.5114,1,4.189654742026425,low-cost,0,5,0,4,Low-cost,-1.6880523127049207,0.3206417493289753,0
BeautyMarket,Shopify,Cheveux,Brosses Et Accessoires,,RELOVE FLUFFY BLENDING BRUSH,65.0,0.0,,En stock,Non,0.0,https://beautymarket.ma/products/relove-fluffy-blending-brush,1,0,0.8455,0.0,0.5114,1,4.189654742026425,low-cost,0,5,0,4,Low-cost,-1.6880523127049207,0.3206417493289753,0
BeautyMarket,Shopify,Cheveux,Shampooing 1,,NUTRICAP ANTI -CHUTE SHAMPOOING 150ML,65.0,0.0,,En stock,Non,0.0,https://beautymarket.ma/products/nutricap-anti-chute-shampooing-150ml,1,0,0.8455,0.0,0.5114,1,4.189654742026425,low-cost,0,5,0,4,Low-cost,-1.6880523127049207,0.3206417493289753,0
BeautyMarket,Shopify,Cheveux,Shampooing 1,,BEST CAPILL SHAMPOOING FORTIFIANT150ML,66.0,0.0,,En stock,Non,0.0,https://beautymarket.ma/products/best-capill-shampooing-fortifiant-200ml,1,0,0.842,0.0,0.5105,1,4.204692619390966,low-cost,0,5,0,4,Low-cost,-1.6839989521319527,0.3071196713898882,0
BeautyMarket,Shopify,Cheveux,Shampooing 1,,ELSEVE GLYCOLIC GLOSS SHAMPOOING 400ML,66.0,0.0,,En stock,Non,0.0,https://beautymarket.ma/products/elseve-glycolic-gloss-shampooing-500ml,1,0,0.842,0.0,0.5105,1,4.204692619390966,low-cost,0,5,0,4,Low-cost,-1.6839989521319527,0.3071196713898882,0
BeautyMarket,Shopify,Cheveux,Apres Shampoing,,NUTRICAP SOIN CONDITIONER CHEVEUX NORMAL 100ML,66.0,0.0,,En stock,Non,0.0,https://beautymarket.ma/products/nutricap-soin-conditioner-cheveux-normal-100ml,1,0,0.842,0.0,0.5105,1,4.204692619390966,low-cost,0,5,0,4,Low-cost,-1.6839989521319527,0.3071196713898882,0
BeautyMarket,Shopify,Cheveux,Huile Cheveux,,NATURESOIN HUILE ESSENTIELLE DE ROMARIN – 10 ML,66.0,0.0,,En stock,Non,0.0,https://beautymarket.ma/products/naturesoin-huile-essentielle-de-romarin-10-ml,1,0,0.842,0.0,0.5105,1,4.204692619390966,low-cost,0,5,0,4,Low-cost,-1.6839989521319527,0.3071196713898882,0
BeautyMarket,Shopify,Solaire,Solaire,,DEPILIA ECRAN MINERAL TEINTE 50ML,160.0,0.0,,En stock,Non,0.0,https://beautymarket.ma/products/depilia-ecran-mineral-teinte-50ml,1,0,0.8394,0.0,0.5098,1,5.081404364984463,mid-range,0,18,0,0,Mid-range,-1.0133233934228414,-0.2062571952958588,0
BeautyMarket,Shopify,Solaire,Soin Apres Soleil,,HEI POA SPRAY LACTE APRES SOLEIL 150ML,160.0,0.0,,En stock,Non,0.0,https://beautymarket.ma/products/hei-poa-spray-lacte-apres-soleil-150ml,1,0,0.8394,0.0,0.5098,1,5.081404364984463,mid-range,0,18,0,0,Mid-range,-1.0133233934228414,-0.2062571952958588,0
BeautyMarket,Shopify,Solaire,Solaire,,ECLADERM ECRAN SOLAIRE ANTI TACHES 50 SPF,160.0,0.0,,En stock,Non,0.0,https://beautymarket.ma/products/ecladerm-ecran-solaire-anti-taches-50-spf,1,0,0.8394,0.0,0.5098,1,5.081404364984463,mid-range,0,18,0,0,Mid-range,-1.0133233934228414,-0.2062571952958588,0
BeautyMarket,Shopify,Cheveux,Huile Cheveux,,NATURESOIN HUILE ESSENTIELLE CITRON – 10 ML,67.0,0.0,,En stock,Non,0.0,https://beautymarket.ma/products/naturesoin-huile-essentielle-citron-10-ml,1,0,0.8385,0.0,0.5096,1,4.219507705176107,low-cost,0,5,0,4,Low-cost,-1.6800464118636047,0.2937469501331459,0
BeautyMarket,Shopify,Cheveux,Shampoing Sec,,NATURESOIN HUILE DE JOJOBA – 50 ML,68.0,0.0,,En stock,Non,0.0,https://beautymarket.ma/products/naturesoin-huile-de-jojoba-50-ml,1,0,0.8376,0.0,0.5094,1,4.23410650459726,low-cost,0,5,0,4,Low-cost,-1.6740514909457465,0.2831954594414019,0
BeautyMarket,Shopify,Cheveux,Shampoing Sec,,RACINE VITA HUILE DE NOIX 40ML,68.0,0.0,,En stock,Non,0.0,https://beautymarket.ma/products/racine-vita-huile-de-noix-40ml,1,0,0.8376,0.0,0.5094,1,4.23410650459726,low-cost,0,5,0,4,Low-cost,-1.6740514909457465,0.2831954594414019,0
BeautyMarket,Shopify,Cheveux,Huile Cheveux,,RITUELESSENCE HUILE DE FENUGREC 50ML,68.0,0.0,,En stock,Non,0.0,https://beautymarket.ma/products/rituelessence-huile-de-fenugrec-50ml,1,0,0.8376,0.0,0.5094,1,4.23410650459726,low-cost,0,5,0,4,Low-cost,-1.6740514909457465,0.2831954594414019,0
BeautyMarket,Shopify,Cheveux,Huile Cheveux,,NATURESOIN HUILE ESSENTIELLE DE GIROFLE – 10 ML,68.0,0.0,,En stock,Non,0.0,https://beautymarket.ma/products/naturesoin-huile-essentielle-de-girofle-10-ml,1,0,0.8376,0.0,0.5094,1,4.23410650459726,low-cost,0,5,0,4,Low-cost,-1.6740514909457465,0.2831954594414019,0
Kiabi,Shopify,Bébé,Bébé,,Lot De 5 Paires De Chaussettes En Maille Stretch,85.0,0.0,,En stock,Non,0.0,,1,0,0.8372,0.0,0.5093,1,4.454347296253507,low-cost,2,3,0,4,Low-cost,-0.810171175892572,-0.0596278480430179,0
Kiabi,Shopify,Bébé,Bébé,,Pantalon De Jogging En Molleton Léger,85.0,0.0,,En stock,Non,0.0,,1,0,0.8372,0.0,0.5093,1,4.454347296253507,low-cost,2,3,0,4,Low-cost,-0.810171175892572,-0.0596278480430179,0
Kiabi,Shopify,Bébé,Bébé,,Lot De 2 Leggings Longs,85.0,0.0,,En stock,Non,0.0,,1,0,0.8372,0.0,0.5093,1,4.454347296253507,low-cost,2,3,0,4,Low-cost,-0.810171175892572,-0.0596278480430179,0
Kiabi,Shopify,Bébé,Bébé,,Pantalon Jogging En French Terry,85.0,0.0,,En stock,Non,0.0,,1,0,0.8372,0.0,0.5093,1,4.454347296253507,low-cost,2,3,0,4,Low-cost,-0.810171175892572,-0.0596278480430179,0
Kiabi,Shopify,Bébé,Bébé,,Lot De 2 Collants En Jersey Uni,85.0,0.0,,En stock,Non,0.0,,1,0,0.8372,0.0,0.5093,1,4.454347296253507,low-cost,2,3,0,4,Low-cost,-0.810171175892572,-0.0596278480430179,0
BeautyMarket,Shopify,Cheveux,Apres Shampoing,,ELSEVE GLYCOLIC GLOSS DÉMÊLEANT 200ML,69.0,0.0,,En stock,Non,0.0,https://beautymarket.ma/products/elseve-glycolic-gloss-demeleant-200ml,1,0,0.8341,0.0,0.5085,1,4.248495242049359,low-cost,0,5,0,4,Low-cost,-1.6702918869137124,0.2701085567632512,0
BeautyMarket,Shopify,Cheveux,Brosses Et Accessoires,,BETER BROSSE ELIPSI PM,69.0,0.0,,En stock,Non,0.0,https://beautymarket.ma/products/beter-brosse-elipsi-pm,1,0,0.8341,0.0,0.5085,1,4.248495242049359,low-cost,0,5,0,4,Low-cost,-1.6702918869137124,0.2701085567632512,0
BeautyMarket,Shopify,Cheveux,Shampoing Sec,,NATURESOIN HUILE DE GRAINES DE FIGUE DE BARBARIE SOIN ANTI-RIDES – 50 ML,69.0,0.0,,En stock,Non,0.0,https://beautymarket.ma/products/naturesoin-huile-de-graines-de-figue-de-barbarie-soin-anti-rides-50-ml,1,0,0.8341,0.0,0.5085,1,4.248495242049359,low-cost,0,5,0,4,Low-cost,-1.6702918869137124,0.2701085567632512,0
BeautyMarket,Shopify,Cheveux,Shampoing Sec,,L'ORÉAL PARIS ELSEVE HUILE REPLACEMENT EXTRA DISCIPLINE LES FRISOTTIS 125ML,69.0,0.0,,En stock,Non,0.0,https://beautymarket.ma/products/loreal-paris-elseve-huile-replacement-extra-discipline-les-frisottis-150ml,1,0,0.8341,0.0,0.5085,1,4.248495242049359,low-cost,0,5,0,4,Low-cost,-1.6702918869137124,0.2701085567632512,0
BeautyMarket,Shopify,Cheveux,Apres Shampoing,,ELSEVE HYALURON PURE DÉMÊLANT RÉHYDRATANT 72H 200ML,69.0,0.0,,En stock,Non,0.0,https://beautymarket.ma/products/elseve-hyaluron-pure-demelant-rehydratant-72h,1,0,0.8341,0.0,0.5085,1,4.248495242049359,low-cost,0,5,0,4,Low-cost,-1.6702918869137124,0.2701085567632512,0
BeautyMarket,Shopify,Cheveux,Shampoing Sec,,ZIAJA APRES SHAMPOOING A L’OLIVE NATUREL 200ML,69.0,0.0,,En stock,Non,0.0,https://beautymarket.ma/products/ziaja-apres-shampooing-a-l-olive-naturel-200ml,1,0,0.8341,0.0,0.5085,1,4.248495242049359,low-cost,0,5,0,4,Low-cost,-1.6702918869137124,0.2701085567632512,0
BeautyMarket,Shopify,Cheveux,Shampooing 1,,HEI POA SHAMPOOING DOUCHE A LA PULPE DE COCO BIO 150ML,69.0,0.0,,En stock,Non,0.0,https://beautymarket.ma/products/hei-poa-shampooing-douche-a-la-pulpe-de-coco-bio-150ml,1,0,0.8341,0.0,0.5085,1,4.248495242049359,low-cost,0,5,0,4,Low-cost,-1.6702918869137124,0.2701085567632512,0
BeautyMarket,Shopify,Solaire,Solaire,,LA ROCHE-POSAY ANTHELIOS MINERAL ONE SPF 50+ 02 MOYENNE 30ML,162.0,0.0,,En stock,Non,0.0,https://beautymarket.ma/products/la-roche-posay-anthelios-mineral-one-spf-50-02-moyenne-30ml,1,0,0.833,0.0,0.5082,1,5.093750200806762,mid-range,0,18,0,0,Mid-range,-1.0126285247556206,-0.2206507972247891,0
BeautyMarket,Shopify,Solaire,Auto Bronzant,,HEI POA SOINS TRADITIONNELES MONOÏ SPECIFIQUE DE TAHITI NACRES OR 100ML,162.0,0.0,,En stock,Non,0.0,https://beautymarket.ma/products/hei-poa-soins-traditionneles-monoi-specifique-de-tahiti-nacres-or-100ml,1,0,0.833,0.0,0.5082,1,5.093750200806762,mid-range,0,18,0,0,Mid-range,-1.0126285247556206,-0.2206507972247891,0
BeautyMarket,Shopify,Solaire,Solaire,,LA ROCHE-POSAY ANTHELIOS MINERAL ONE SPF 50+ 04 BRUNE – 30ML,162.0,0.0,,En stock,Non,0.0,https://beautymarket.ma/products/la-roche-posay-anthelios-mineral-one-spf-50-04-brune-30ml,1,0,0.833,0.0,0.5082,1,5.093750200806762,mid-range,0,18,0,0,Mid-range,-1.0126285247556206,-0.2206507972247891,0
BeautyMarket,Shopify,Corps,Gel Douche,,BIO SEASONS GEL DOUCHE AGRUMES 300ML,98.0,0.0,,En stock,Non,0.0,https://beautymarket.ma/products/bio-seasons-gel-douche-agrumes-300ml,1,0,0.8299,0.0,0.5075,1,4.59511985013459,low-cost,0,6,0,4,Low-cost,-1.495254095978399,0.039838412461944,0
BeautyMarket,Shopify,Corps,Gel Douche,,BIO SEASONS – GEL DOUCHE BIO À L’HUILE D’ARGAN – 300 ML,98.0,0.0,,En stock,Non,0.0,https://beautymarket.ma/products/bio-seasons-gel-douche-bio-a-l-huile-d-argan-300-ml,1,0,0.8299,0.0,0.5075,1,4.59511985013459,low-cost,0,6,0,4,Low-cost,-1.495254095978399,0.039838412461944,0
Kiabi,Shopify,Chaussures,Chaussures,,Baskets À Scratchs,90.0,0.0,,En stock,Non,0.0,,1,0,0.8298,0.0,0.5074,1,4.51085950651685,low-cost,2,4,0,4,Low-cost,-0.7691702690077341,-0.0988511505728055,0
Kiabi,Shopify,Chaussures,Chaussures,,Baskets Bicolores À Scratchs,90.0,0.0,,En stock,Non,0.0,,1,0,0.8298,0.0,0.5074,1,4.51085950651685,low-cost,2,4,0,4,Low-cost,-0.7691702690077341,-0.0988511505728055,0
Kiabi,Shopify,Chaussures,Chaussures,,Sandales Souples Avec 2 Brides,90.0,0.0,,En stock,Non,0.0,,1,0,0.8298,0.0,0.5074,1,4.51085950651685,low-cost,2,4,0,4,Low-cost,-0.7691702690077341,-0.0988511505728055,0
Kiabi,Shopify,Garçon,Garçon,,Polo Manches Longues En Maille Piquée,90.0,0.0,,En stock,Non,0.0,,1,0,0.8288,0.0,0.5072,1,4.51085950651685,low-cost,2,10,0,4,Low-cost,-0.6423621928274366,-0.0640607427951987,0
Kiabi,Shopify,Garçon,Garçon,,Ceinture Simili Toucher Doux,90.0,0.0,,En stock,Non,0.0,,1,0,0.8288,0.0,0.5072,1,4.51085950651685,low-cost,2,10,0,4,Low-cost,-0.6423621928274366,-0.0640607427951987,0
Kiabi,Shopify,Garçon,Garçon,,T-Shirt En Coton Premium,90.0,0.0,,En stock,Non,0.0,,1,0,0.8288,0.0,0.5072,1,4.51085950651685,low-cost,2,10,0,4,Low-cost,-0.6423621928274366,-0.0640607427951987,0
Kiabi,Shopify,Garçon,Garçon,,T-Shirt Rayé À Col Tunisien,90.0,0.0,,En stock,Non,0.0,,1,0,0.8288,0.0,0.5072,1,4.51085950651685,low-cost,2,10,0,4,Low-cost,-0.6423621928274366,-0.0640607427951987,0
Kiabi,Shopify,Garçon,Garçon,,Lot De 3 Maillots De Corps,90.0,0.0,,En stock,Non,0.0,,1,0,0.8288,0.0,0.5072,1,4.51085950651685,low-cost,2,10,0,4,Low-cost,-0.6423621928274366,-0.0640607427951987,0
Kiabi,Shopify,Garçon,Garçon,,Ceinture Tressée,90.0,0.0,,En stock,Non,0.0,,1,0,0.8288,0.0,0.5072,1,4.51085950651685,low-cost,2,10,0,4,Low-cost,-0.6423621928274366,-0.0640607427951987,0
Kiabi,Shopify,Garçon,Garçon,,T-Shirt Imprimé Fantaisie À Manches Longues,90.0,0.0,,En stock,Non,0.0,,1,0,0.8288,0.0,0.5072,1,4.51085950651685,low-cost,2,10,0,4,Low-cost,-0.6423621928274366,-0.0640607427951987,0
Kiabi,Shopify,Garçon,Garçon,,Casquette Baseball,90.0,0.0,,En stock,Non,0.0,,1,0,0.8288,0.0,0.5072,1,4.51085950651685,low-cost,2,10,0,4,Low-cost,-0.6423621928274366,-0.0640607427951987,0
Kiabi,Shopify,Garçon,Garçon,,Polo À Manches Courtes En Piqué De Coton,90.0,0.0,,En stock,Non,0.0,,1,0,0.8288,0.0,0.5072,1,4.51085950651685,low-cost,2,10,0,4,Low-cost,-0.6423621928274366,-0.0640607427951987,0
BeautyMarket,Shopify,Cheveux,Huile Cheveux,,NATURESOIN HUILE DE SON DE RIZ – 50 ML,70.0,0.0,,En stock,Non,0.0,https://beautymarket.ma/products/naturesoin-huile-de-son-de-riz-50-ml,1,0,0.8279,0.0,0.507,1,4.262679877041316,low-cost,0,5,0,4,Low-cost,-1.6684591518799137,0.2548645661896925,0
BeautyMarket,Shopify,Cheveux,Masque Cheveux 1,,ZIAJA GOATS MILK MASQUE CAPILLAIRE 200ML,70.0,0.0,,En stock,Non,0.0,https://beautymarket.ma/products/ziaja-goats-milk-masque-capillaire-200ml,1,0,0.8279,0.0,0.507,1,4.262679877041316,low-cost,0,5,0,4,Low-cost,-1.6684591518799137,0.2548645661896925,0
BeautyMarket,Shopify,Cheveux,Huile Cheveux,,NATUREESOIN ONAGRE 50ML,70.0,0.0,,En stock,Non,0.0,https://beautymarket.ma/products/nature-soin-onagre-50ml,1,0,0.8279,0.0,0.507,1,4.262679877041316,low-cost,0,5,0,4,Low-cost,-1.6684591518799137,0.2548645661896925,0
Kiabi,Shopify,Fille,Fille,,Porte Monnaie Zippé 'Stitch' 'Disney',75.0,0.0,,En stock,Non,0.0,,1,0,0.8275,0.0,0.5069,1,4.330733340286331,low-cost,2,9,0,4,Low-cost,-0.7460288848794941,0.0496207824655604,0
Kiabi,Shopify,Fille,Fille,,Tee-Shirt En Maille Côtelée,75.0,0.0,,En stock,Non,0.0,,1,0,0.8275,0.0,0.5069,1,4.330733340286331,low-cost,2,9,0,4,Low-cost,-0.7460288848794941,0.0496207824655604,0
Kiabi,Shopify,Fille,Fille,,Bob Uni,75.0,0.0,,En stock,Non,0.0,,1,0,0.8275,0.0,0.5069,1,4.330733340286331,low-cost,2,9,0,4,Low-cost,-0.7460288848794941,0.0496207824655604,0
Kiabi,Shopify,Fille,Fille,,T-Shirt À Manches Volantes,75.0,0.0,,En stock,Non,0.0,,1,0,0.8275,0.0,0.5069,1,4.330733340286331,low-cost,2,9,0,4,Low-cost,-0.7460288848794941,0.0496207824655604,0
Kiabi,Shopify,Fille,Fille,,T-Shirt À Col Montant Côtelé,75.0,0.0,,En stock,Non,0.0,,1,0,0.8275,0.0,0.5069,1,4.330733340286331,low-cost,2,9,0,4,Low-cost,-0.7460288848794941,0.0496207824655604,0
Kiabi,Shopify,Fille,Fille,,T-Shirt Côtelé À Manches Volantées,75.0,0.0,,En stock,Non,0.0,,1,0,0.8275,0.0,0.5069,1,4.330733340286331,low-cost,2,9,0,4,Low-cost,-0.7460288848794941,0.0496207824655604,0
Kiabi,Shopify,Fille,Fille,,Serre-Tête Fleuri,75.0,0.0,,En stock,Non,0.0,,1,0,0.8275,0.0,0.5069,1,4.330733340286331,low-cost,2,9,0,4,Low-cost,-0.7460288848794941,0.0496207824655604,0
BeautyMarket,Shopify,Corps,Gel Douche,,NEUTRADERM GEL DOUCHE SURGRAS DERMO PROTECTEUR POMPE 500ML,99.0,0.0,,En stock,Non,0.0,https://beautymarket.ma/products/neutraderm-gel-douche-surgras-dermo-protecteur-pompe-500ml,1,0,0.8262,0.0,0.5066,1,4.605170185988092,low-cost,0,6,0,4,Low-cost,-1.493457757218399,0.0296599198376718,0
BeautyMarket,Shopify,Corps,Nettoyant Corps,,LA ROCHE-POSAY LIPIKAR PAIN PHYSIOLOGIQUE PEAU SENSIBLE SÈCHE | 150G,99.0,0.0,,En stock,Non,0.0,https://beautymarket.ma/products/la-roche-posay-lipikar-pain-physiologique-peau-sensible-seche-150g,1,0,0.8262,0.0,0.5066,1,4.605170185988092,low-cost,0,6,0,4,Low-cost,-1.493457757218399,0.0296599198376718,0
BeautyMarket,Shopify,Corps,Nettoyant Corps,,CETAPHIL LOTION NETTOYANTE VISAGE/CORPS PEAU SENSIBLE 200 ML,99.0,0.0,,En stock,Non,0.0,https://beautymarket.ma/products/cetaphil-lotion-nettoyante-visage-corps-peau-sensible-200-ml,1,0,0.8262,0.0,0.5066,1,4.605170185988092,low-cost,0,6,0,4,Low-cost,-1.493457757218399,0.0296599198376718,0
BeautyMarket,Shopify,Solaire,Solaire,,ARNIDOL SUN STICK SPF50+ 15G,164.0,0.0,,En stock,Non,0.0,https://beautymarket.ma/products/arnidol-sun-stick-spf50-15g,1,0,0.8266,0.0,0.5066,1,5.10594547390058,mid-range,0,18,0,0,Mid-range,-1.012001790531321,-0.2349434637877085,0
BeautyMarket,Shopify,Corps,Gel Douche,,ZIAJA OLIVE OIL GEL DOUCHE 500ML + CRÈME MAINS 80ML,99.0,0.0,,En stock,Non,0.0,https://beautymarket.ma/products/ziaja-olive-oil-gel-douche-500ml-creme-mains,1,0,0.8262,0.0,0.5066,1,4.605170185988092,low-cost,0,6,0,4,Low-cost,-1.493457757218399,0.0296599198376718,0
BeautyMarket,Shopify,Solaire,Solaire,,LADOZE ÉCRAN TEINTÉ SPF 50+,164.0,0.0,,En stock,Non,0.0,https://beautymarket.ma/products/ladoze-ecran-teinte-spf-50,1,0,0.8266,0.0,0.5066,1,5.10594547390058,mid-range,0,18,0,0,Mid-range,-1.012001790531321,-0.2349434637877085,0
BeautyMarket,Shopify,Cheveux,Shampoing Sec,,NATUREESOIN ARGAN TORRIFIEE,71.0,0.0,,En stock,Non,0.0,https://beautymarket.ma/products/nature-soin-argan-torrifiee,1,0,0.8253,0.0,0.5063,1,4.276666119016055,low-cost,0,5,0,4,Low-cost,-1.6642701878662722,0.2428121299768097,0
BeautyMarket,Shopify,Cheveux,Huile Cheveux,,RITUELESSENCE HUILE D’AMANDE DOUCE 100ML,72.0,0.0,,En stock,Non,0.0,https://beautymarket.ma/products/rituelessence-huile-d-amande-douce-100ml,1,0,0.8244,0.0,0.5061,1,4.290459441148391,low-cost,0,5,0,4,Low-cost,-1.6586397711448573,0.2328006211635819,0
BeautyMarket,Shopify,Cheveux,Huile Cheveux,,NATURESOIN HUILE ESSENTIELLE DE THYM – 10 ML,74.0,0.0,,En stock,Non,0.0,https://beautymarket.ma/products/naturesoin-huile-essentielle-de-thym-10-ml,1,0,0.8235,0.0,0.5059,1,4.31748811353631,low-cost,0,5,0,4,Low-cost,-1.6470199357563482,0.213916299431794,0
BeautyMarket,Shopify,Cheveux,Complements Alimentaires Cheveux,,NUTRILAB LEVURE DU BIERE 200 COMPRIMÉS,75.0,0.0,,En stock,Non,0.0,https://beautymarket.ma/products/nutrilab-levure-du-biere-200-comprimes,1,0,0.8227,0.0,0.5057,1,4.330733340286331,low-cost,0,5,0,4,Low-cost,-1.6416375496990858,0.204272226893005,0
BeautyMarket,Shopify,Cheveux,Shampoing Sec,,BATISTE SHAMPOOING SEC BLUSH FLORAL 200ML,75.0,0.0,,En stock,Non,0.0,https://beautymarket.ma/products/batiste-blush-shampooing-sec-200-ml,1,0,0.8227,0.0,0.5057,1,4.330733340286331,low-cost,0,5,0,4,Low-cost,-1.6416375496990858,0.204272226893005,0
BeautyMarket,Shopify,Cheveux,Cheveux Boucles,,GARNIER ULTRA DOUX – HAIR FOOD – APRÈS SHAMPOOING –COCO- 350ML,75.0,0.0,,En stock,Non,0.0,https://beautymarket.ma/products/garnier-ultra-doux-hair-food-apres-shampooing-coco-350ml,1,0,0.8227,0.0,0.5057,1,4.330733340286331,low-cost,0,5,0,4,Low-cost,-1.6416375496990858,0.204272226893005,0
BeautyMarket,Shopify,Cheveux,Shampooing 1,,SO BIO APRES-SHAMPOOING COULEUR ECLAT HIBISCUS 250ML,75.0,0.0,,En stock,Non,0.0,https://beautymarket.ma/products/so-bio-apres-shampooing-cheveux-doux-amande-bio-200ml,1,0,0.8227,0.0,0.5057,1,4.330733340286331,low-cost,0,5,0,4,Low-cost,-1.6416375496990858,0.204272226893005,0
BeautyMarket,Shopify,Cheveux,Apres Shampoing,,SO BIO APRES SHAMPOING CHEVEUX HYDRATES 200ML,75.0,0.0,,En stock,Non,0.0,https://beautymarket.ma/products/so-bio-apres-shampoing-cheveux-hydrates-200ml,1,0,0.8227,0.0,0.5057,1,4.330733340286331,low-cost,0,5,0,4,Low-cost,-1.6416375496990858,0.204272226893005,0
BeautyMarket,Shopify,Solaire,Solaire,,NIVEA SUN LAIT PROTECT ET BRONZE SPRAY IP20,165.0,0.0,,En stock,Non,0.0,https://beautymarket.ma/products/nivea-sun-lait-protect-et-bronze-spray-ip20,1,0,0.8223,0.0,0.5056,1,5.111987788356544,mid-range,0,18,0,0,Mid-range,-1.0123249604710327,-0.2428173483749605,0
BeautyMarket,Shopify,Solaire,Solaire,,LA ROCHE POSAY ANTHELIOS STICK SOLAIRE SPF 50+ ZONES SENSIBLES 9ML,165.0,0.0,,En stock,Non,0.0,https://beautymarket.ma/products/la-roche-posay-anthelios-stick-solaire-spf-50-zones-sensibles-9ml,1,0,0.8223,0.0,0.5056,1,5.111987788356544,mid-range,0,18,0,0,Mid-range,-1.0123249604710327,-0.2428173483749605,0
BeautyMarket,Shopify,Solaire,Solaire,,DERMOCARE D3 ECRAN SOLAIRE INVISIBLE EN FLUIDE SPF50 – 50ML,165.0,0.0,,En stock,Non,0.0,https://beautymarket.ma/products/dermocare-d3-ecran-solaire-invisible-en-fluide-spf50-50ml,1,0,0.8223,0.0,0.5056,1,5.111987788356544,mid-range,0,18,0,0,Mid-range,-1.0123249604710327,-0.2428173483749605,0
BeautyMarket,Shopify,Solaire,Solaire,,SVR SUN SECURE LAIT APRÈS-SOLEIL 200ML,165.0,0.0,,En stock,Non,0.0,https://beautymarket.ma/products/svr-sun-secure-lait-apres-soleil,1,0,0.8223,0.0,0.5056,1,5.111987788356544,mid-range,0,18,0,0,Mid-range,-1.0123249604710327,-0.2428173483749605,0
BeautyMarket,Shopify,Corps,Hydratant Corps,,BIO-OIL HUILE ANTI-VERGETURES – 60 ML,101.0,0.0,,En stock,Non,0.0,https://beautymarket.ma/products/bio-oil-huile-anti-vergetures-60-ml,1,0,0.8187,0.0,0.5047,1,4.624972813284271,mid-range,0,6,0,4,Low-cost,-1.4903057053319566,0.0091204205553593,0
BeautyMarket,Shopify,Cheveux,Huile Cheveux,,NATUREESOIN NOIX,76.0,0.0,,En stock,Non,0.0,https://beautymarket.ma/products/nature-soin-noix,1,0,0.8183,0.0,0.5046,1,4.343805421853684,low-cost,0,5,0,4,Low-cost,-1.63908527654183,0.1913033552747826,0
BeautyMarket,Shopify,Cheveux,Huile Cheveux,,NATURESOIN HUILE DE FOIE DE MORUE – 50 ML,77.0,0.0,,En stock,Non,0.0,https://beautymarket.ma/products/naturesoin-huile-de-foie-de-morue-50-ml,1,0,0.8174,0.0,0.5044,1,4.356708826689592,low-cost,0,5,0,4,Low-cost,-1.6338575758169298,0.1818884358627954,0
BeautyMarket,Shopify,Cheveux,Complements Alimentaires Cheveux,,EXTRALEVURE VITALITE SELENIUM 125 COMPRIMÈS,77.0,0.0,,En stock,Non,0.0,https://beautymarket.ma/products/extralevure-vitalite-selenium-125-comprimes,1,0,0.8174,0.0,0.5044,1,4.356708826689592,low-cost,0,5,0,4,Low-cost,-1.6338575758169298,0.1818884358627954,0
BeautyMarket,Shopify,Corps,Nettoyant Corps,,CERAVE GEL MOUSSANT – 236 ML,102.0,0.0,,En stock,Non,0.0,https://beautymarket.ma/products/cerave-gel-moussant-236-ml,1,0,0.8168,0.0,0.5042,1,4.634728988229636,mid-range,0,6,0,4,Low-cost,-1.4874194796990907,0.000668406801171,0
BeautyMarket,Shopify,Cheveux,Shampoing Sec,,BATISTE SHAMPOING SEC ET SOIN PROTEGE 200 ML N1,78.0,0.0,,En stock,Non,0.0,https://beautymarket.ma/products/batiste-shampoing-sec-et-soin-protege-200-ml-n1,1,0,0.8156,0.0,0.5039,1,4.3694478524670215,low-cost,0,5,0,4,Low-cost,-1.6296215149239663,0.1714367562980472,0
BeautyMarket,Shopify,Cheveux,Apres Shampoing,,K18 HEAT BOUNCE PROTECTANT CONDITIONER 15 ML,79.0,0.0,,En stock,Non,0.0,https://beautymarket.ma/products/k18-heat-bounce-protectant-conditioner-15-ml,1,0,0.8147,0.0,0.5037,1,4.382026634673881,low-cost,0,5,0,4,Low-cost,-1.6245407163056695,0.1622394598277321,0
BeautyMarket,Shopify,Cheveux,Shampooing 1,,RACINE VITA PACK ANTI POUX SHAMPOOING 250ML + LOTION 250ML,79.0,0.0,,En stock,Non,0.0,https://beautymarket.ma/products/racine-vita-pack-anti-poux-shampooing-250ml-lotion-250ml,1,0,0.8147,0.0,0.5037,1,4.382026634673881,low-cost,0,5,0,4,Low-cost,-1.6245407163056695,0.1622394598277321,0
BeautyMarket,Shopify,Cheveux,Shampoing Sec,,RACINE VITA SERUM NUTRITIF 40ML,79.0,0.0,,En stock,Non,0.0,https://beautymarket.ma/products/racine-vita-serum-nutritif-40ml,1,0,0.8147,0.0,0.5037,1,4.382026634673881,low-cost,0,5,0,4,Low-cost,-1.6245407163056695,0.1622394598277321,0
BeautyMarket,Shopify,Corps,Nettoyant Corps,,ADDAX SEPTIDOL GEL INTIME PH8 – 125 ML,103.0,0.0,,En stock,Non,0.0,https://beautymarket.ma/products/addax-septidol-gel-intime-ph8-125-ml,1,0,0.815,0.0,0.5037,1,4.6443908991413725,mid-range,0,6,0,4,Low-cost,-1.484575911551803,-0.0077204135263841,0
BeautyMarket,Shopify,Cheveux,Shampooing 1,,SO BIO SHAMPOOING NOURRISSANT AU BEURRE DE KARITE BIO + CIRE DE JOJOBA 250ML,79.0,0.0,,En stock,Non,0.0,https://beautymarket.ma/products/so-bio-shampoing-nourrissant-au-beurre-de-karite-et-ceramide-dargan-250ml,1,0,0.8147,0.0,0.5037,1,4.382026634673881,low-cost,0,5,0,4,Low-cost,-1.6245407163056695,0.1622394598277321,0
BeautyMarket,Shopify,Cheveux,Cheveux Blonds,,URBAN CARE PURPLE SHAMPOOING 250ML,79.0,0.0,,En stock,Non,0.0,https://beautymarket.ma/products/urban-care-purple-shampooing-250ml,1,0,0.8147,0.0,0.5037,1,4.382026634673881,low-cost,0,5,0,4,Low-cost,-1.6245407163056695,0.1622394598277321,0
BeautyMarket,Shopify,Cheveux,Huile Cheveux,,NATURE SOIN HUILE DE NOIX DE COCO 250ML,79.0,0.0,,En stock,Non,0.0,https://beautymarket.ma/products/nature-soin-huile-de-niox-de-coco-250ml,1,0,0.8147,0.0,0.5037,1,4.382026634673881,low-cost,0,5,0,4,Low-cost,-1.6245407163056695,0.1622394598277321,0
Kiabi,Shopify,Bébé,Bébé,,Sweat Mouliné En French Terry,90.0,0.0,,En stock,Non,0.0,,1,0,0.814,0.0,0.5035,1,4.51085950651685,low-cost,2,3,0,4,Low-cost,-0.8023311551376173,-0.1196874431980466,0
Kiabi,Shopify,Bébé,Bébé,,Lot De 5 Paires De Chaussettes,90.0,0.0,,En stock,Non,0.0,,1,0,0.814,0.0,0.5035,1,4.51085950651685,low-cost,2,3,0,4,Low-cost,-0.8023311551376173,-0.1196874431980466,0
Kiabi,Shopify,Bébé,Bébé,,Body Avec Collerette En Dentelle,90.0,0.0,,En stock,Non,0.0,,1,0,0.814,0.0,0.5035,1,4.51085950651685,low-cost,2,3,0,4,Low-cost,-0.8023311551376173,-0.1196874431980466,0
Kiabi,Shopify,Bébé,Bébé,,Bob En Gaze De Coton,90.0,0.0,,En stock,Non,0.0,,1,0,0.814,0.0,0.5035,1,4.51085950651685,low-cost,2,3,0,4,Low-cost,-0.8023311551376173,-0.1196874431980466,0
Kiabi,Shopify,Bébé,Bébé,,Bob Imprimé À Fleurs,90.0,0.0,,En stock,Non,0.0,,1,0,0.814,0.0,0.5035,1,4.51085950651685,low-cost,2,3,0,4,Low-cost,-0.8023311551376173,-0.1196874431980466,0
Kiabi,Shopify,Bébé,Bébé,,Body En Maille Pointelle Avec Col Montant,90.0,0.0,,En stock,Non,0.0,,1,0,0.814,0.0,0.5035,1,4.51085950651685,low-cost,2,3,0,4,Low-cost,-0.8023311551376173,-0.1196874431980466,0
Kiabi,Shopify,Bébé,Bébé,,Body À Manches Longues En Maille Pointelle,90.0,0.0,,En stock,Non,0.0,,1,0,0.814,0.0,0.5035,1,4.51085950651685,low-cost,2,3,0,4,Low-cost,-0.8023311551376173,-0.1196874431980466,0
Kiabi,Shopify,Bébé,Bébé,,Body Manches Longues Maille Gaufrée,90.0,0.0,,En stock,Non,0.0,,1,0,0.814,0.0,0.5035,1,4.51085950651685,low-cost,2,3,0,4,Low-cost,-0.8023311551376173,-0.1196874431980466,0
Kiabi,Shopify,Bébé,Bébé,,Casquette En Gaze De Coton,90.0,0.0,,En stock,Non,0.0,,1,0,0.814,0.0,0.5035,1,4.51085950651685,low-cost,2,3,0,4,Low-cost,-0.8023311551376173,-0.1196874431980466,0
Kiabi,Shopify,Bébé,Bébé,,Body Avec Col Claudine,90.0,0.0,,En stock,Non,0.0,,1,0,0.814,0.0,0.5035,1,4.51085950651685,low-cost,2,3,0,4,Low-cost,-0.8023311551376173,-0.1196874431980466,0
Kiabi,Shopify,Bébé,Bébé,,T-Shirt En Maille Rib Avec Nœuds Fantaisie,90.0,0.0,,En stock,Non,0.0,,1,0,0.814,0.0,0.5035,1,4.51085950651685,low-cost,2,3,0,4,Low-cost,-0.8023311551376173,-0.1196874431980466,0
Kiabi,Shopify,Bébé,Bébé,,Tee-Shirt Épais Avec Animal Brodé,90.0,0.0,,En stock,Non,0.0,,1,0,0.814,0.0,0.5035,1,4.51085950651685,low-cost,2,3,0,4,Low-cost,-0.8023311551376173,-0.1196874431980466,0
Kiabi,Shopify,Bébé,Bébé,,Polo À Manches Courtes,90.0,0.0,,En stock,Non,0.0,,1,0,0.814,0.0,0.5035,1,4.51085950651685,low-cost,2,3,0,4,Low-cost,-0.8023311551376173,-0.1196874431980466,0
BeautyMarket,Shopify,Solaire,Solaire,,INODERM CREME SOLAIRE TEINT CLAIRE SPF 50+ 50 ML,166.0,0.0,,En stock,Non,0.0,https://beautymarket.ma/products/inoderm-creme-solaire-teint-claire-spf-50-50-ml,1,0,0.8137,0.0,0.5034,1,5.117993812416755,mid-range,0,18,0,0,Mid-range,-1.016333565207619,-0.2552547355886743,0
BeautyMarket,Shopify,Solaire,Solaire,,DAYLONG SPORT CRÈME-HYDROGEL SOLAIRE SPF50 50ML,166.0,0.0,,En stock,Non,0.0,https://beautymarket.ma/products/daylong-sport-creme-hydrogel-solaire-spf50-50ml,1,0,0.8137,0.0,0.5034,1,5.117993812416755,mid-range,0,18,0,0,Mid-range,-1.016333565207619,-0.2552547355886743,0
BeautyMarket,Shopify,Corps,Hydratant Corps,,AQUAREVA CREME MAIN,104.0,0.0,,En stock,Non,0.0,https://beautymarket.ma/products/aquareva-creme-main,1,0,0.8131,0.0,0.5033,1,4.653960350157523,mid-range,0,6,0,4,Low-cost,-1.481468433440526,-0.0156649306277619,0
BeautyMarket,Shopify,Corps,Hydratant Corps,,BIO SEASONS – CRÈME MAINS NOURRISSANTE BIO,104.0,0.0,,En stock,Non,0.0,https://beautymarket.ma/products/bio-seasons-creme-mains-nourrissante-bio,1,0,0.8131,0.0,0.5033,1,4.653960350157523,mid-range,0,6,0,4,Low-cost,-1.481468433440526,-0.0156649306277619,0
BeautyMarket,Shopify,Solaire,Solaire,,VAHEMA MONOI CORPS HYDRATE ET ADOUCIT TIARE 100ML,168.0,0.0,,En stock,Non,0.0,https://beautymarket.ma/products/vahema-monoi-coconut,1,0,0.8094,0.0,0.5024,1,5.1298987149230735,mid-range,0,18,0,0,Mid-range,-1.0140037268303457,-0.2670588257228053,0
BeautyMarket,Shopify,Solaire,Solaire,,BIOREGENA LAIT VELOUTÉ APRÈS-SOLEIL – 125ML,168.0,0.0,,En stock,Non,0.0,https://beautymarket.ma/products/bioregena-lait-veloute-apres-soleil-125ml,1,0,0.8094,0.0,0.5024,1,5.1298987149230735,mid-range,0,18,0,0,Mid-range,-1.0140037268303457,-0.2670588257228053,0
BeautyMarket,Shopify,Solaire,Solaire,,UV CONTROL ECRAN TOTAL IP 75 INVISIBLE,168.0,0.0,,En stock,Non,0.0,https://beautymarket.ma/products/uv-control-ecran-total-ip-75-invisible,1,0,0.8094,0.0,0.5024,1,5.1298987149230735,mid-range,0,18,0,0,Mid-range,-1.0140037268303457,-0.2670588257228053,0
BeautyMarket,Shopify,Solaire,Solaire,,UV CONTROL ECRAN TOTAL IP 75 OPAQUE,168.0,0.0,,En stock,Non,0.0,https://beautymarket.ma/products/uv-control-ecran-total-ip-75-opaque,1,0,0.8094,0.0,0.5024,1,5.1298987149230735,mid-range,0,18,0,0,Mid-range,-1.0140037268303457,-0.2670588257228053,0
BeautyMarket,Shopify,Solaire,Solaire,,UV CONTROL ECRAN TOTAL IP 75 COUVRANT,168.0,0.0,,En stock,Non,0.0,https://beautymarket.ma/products/uv-control-ecran-total-ip-75-couvrant,1,0,0.8094,0.0,0.5024,1,5.1298987149230735,mid-range,0,18,0,0,Mid-range,-1.0140037268303457,-0.2670588257228053,0
BeautyMarket,Shopify,Cheveux,Masque Cheveux 1,,GARNIER ULTRA DOUX RICE WATER MASQUE INFUSION D’EAU DE RIZ & AMIDON 340G,80.0,0.0,,En stock,Non,0.0,https://beautymarket.ma/products/ultra-doux-masque-infusion-d-eau-de-riz-amidon-340g,1,0,0.8095,0.0,0.5024,1,4.394449154672439,low-cost,0,5,0,4,Low-cost,-1.6228938925412886,0.1489414076014294,0
BeautyMarket,Shopify,Cheveux,Shampoing Sec,,RACINE VITA HUILE DE COCO 300GR,80.0,0.0,,En stock,Non,0.0,https://beautymarket.ma/products/racine-vita-huile-de-coco-300ml,1,0,0.8095,0.0,0.5024,1,4.394449154672439,low-cost,0,5,0,4,Low-cost,-1.6228938925412886,0.1489414076014294,0
BeautyMarket,Shopify,Corps,Gel Douche,,ZIAJA NATURAL CARE GEL DOUCHE RAFRAICHISSANT 400 ML,105.0,0.0,,En stock,Non,0.0,https://beautymarket.ma/products/ziaja-natural-care-gel-douche-rafraichissant-400-ml,1,0,0.8093,0.0,0.5023,1,4.663439094112067,mid-range,0,6,0,4,Low-cost,-1.4802365092883178,-0.0258425544784203,0
BeautyMarket,Shopify,Cheveux,Huile Cheveux,,RITUELESSENCE HUILE DE COCO 100ML,81.0,0.0,,En stock,Non,0.0,https://beautymarket.ma/products/rituelessence-huile-de-coco-100ml,1,0,0.8077,0.0,0.5019,1,4.406719247264253,low-cost,0,5,0,4,Low-cost,-1.6188700388903934,0.1388040949666773,0
BeautyMarket,Shopify,Cheveux,Shampoing Sec,,RACINE VITA HUILE NOIX DE COCO EN POT 120G,81.0,0.0,,En stock,Non,0.0,https://beautymarket.ma/products/racine-vita-huile-noix-de-coco-en-pot-120g,1,0,0.8077,0.0,0.5019,1,4.406719247264253,low-cost,0,5,0,4,Low-cost,-1.6188700388903934,0.1388040949666773,0
BeautyMarket,Shopify,Corps,Nettoyant Corps,,DEPILIA DEPICALM GEL SURGRAS 200ML,108.0,0.0,,En stock,Non,0.0,https://beautymarket.ma/products/depilia-depicalm-gel-surgras-200ml,1,0,0.8075,0.0,0.5019,1,4.691347882229144,mid-range,0,6,0,4,Low-cost,-1.4688298954644756,-0.0460815333057564,0
BeautyMarket,Shopify,Cheveux,Shampoing Sec,,ZIAJA ARGAN & TSUBAKI OILS MASQUE CAPILLAIRE LISSANT CONCENTRÉ – 200ML,82.0,0.0,,En stock,Non,0.0,https://beautymarket.ma/products/ziaja-argan-tsubaki-oils-masque-capillaire-lissant-concentre-200ml,1,0,0.806,0.0,0.5015,1,4.418840607796598,low-cost,0,5,0,4,Low-cost,-1.6146077402267416,0.1291488097114509,0
BeautyMarket,Shopify,Cheveux,Brosses Et Accessoires,,BETER BROSSE CHEVEUX PNEUMATIQUE PLASTIQUE PICOTS PROTEGES POUR ENFANT,82.0,0.0,,En stock,Non,0.0,https://beautymarket.ma/products/beter-brosse-pneumatique-plastique-picots-proteges-pour-enfant,1,0,0.806,0.0,0.5015,1,4.418840607796598,low-cost,0,5,0,4,Low-cost,-1.6146077402267416,0.1291488097114509,0
BeautyMarket,Shopify,Corps,Hydratant Corps,,MKL CRÈME FAMILLE BIO ** AQUA 100 ML,109.0,0.0,,En stock,Non,0.0,https://beautymarket.ma/products/mkl-creme-famille-bio-aqua-100-ml,1,0,0.8056,0.0,0.5014,1,4.700480365792417,mid-range,0,6,0,4,Low-cost,-1.4662259100998516,-0.0541154321747799,0
BeautyMarket,Shopify,Corps,Nettoyant Corps,,ROGÉ CAVAILLÈS SAVON SURGRAS EXTRA-DOUX FLEUR DE COTON 2×250 G – PEAUX SENSIBLES & SÉCHERESSE,109.0,0.0,,En stock,Non,0.0,https://beautymarket.ma/products/savon-surgras-extra-doux-fleur-de-coton-2-250-g-peaux-sensibles-secheresse,1,0,0.8056,0.0,0.5014,1,4.700480365792417,mid-range,0,6,0,4,Low-cost,-1.4662259100998516,-0.0541154321747799,0
BeautyMarket,Shopify,Corps,Huiles Lavantes,,CERAVE HUILE LAVANTE MOUSSANTE HYDRATANTE 236ML,109.0,0.0,,En stock,Non,0.0,https://beautymarket.ma/products/cerave-huile-lavante-moussante-hydratante-236ml,1,0,0.8056,0.0,0.5014,1,4.700480365792417,mid-range,0,6,0,4,Low-cost,-1.4662259100998516,-0.0541154321747799,0
BeautyMarket,Shopify,Corps,Hydratant Corps,,DERMAGOR – ATOPICALM COLD CREAM SOIN ADOUCISSANT NUTRITIF – 40 ML,109.0,0.0,,En stock,Non,0.0,https://beautymarket.ma/products/dermagor-atopicalm-cold-cream-soin-adoucissant-nutritif-40-ml,1,0,0.8056,0.0,0.5014,1,4.700480365792417,mid-range,0,6,0,4,Low-cost,-1.4662259100998516,-0.0541154321747799,0
BeautyMarket,Shopify,Corps,Hydratant Corps,,ADDAX HYCALIA CRÈME MAINS HYDRATANTE INTENSIVE – 75 ML,109.0,0.0,,En stock,Non,0.0,https://beautymarket.ma/products/addax-hycalia-creme-mains-hydratante-intensive-75-ml,1,0,0.8056,0.0,0.5014,1,4.700480365792417,mid-range,0,6,0,4,Low-cost,-1.4662259100998516,-0.0541154321747799,0
BeautyMarket,Shopify,Cheveux,Huile Cheveux,,REVOX B77 BIO HUILE RINSIN 100% PURE 30ML - BIO CASTOR OIL 100% PURE,83.0,0.0,,En stock,Non,0.0,https://beautymarket.ma/products/bio-huile-rinsin-100-pure-30ml-bio-castor-oil-100-pure,1,0,0.8042,0.0,0.501,1,4.430816798843313,low-cost,0,5,0,4,Low-cost,-1.6107168864108723,0.1192085249887513,0
BeautyMarket,Shopify,Cheveux,Shampoing Sec,,L'ORÉAL PARIS ELSEVE HYALURON REPULP SERUM 150 ML,83.0,0.0,,En stock,Non,0.0,https://beautymarket.ma/products/loreal-paris-elseve-hyaluron-repulp-serum-150-ml,1,0,0.8042,0.0,0.501,1,4.430816798843313,low-cost,0,5,0,4,Low-cost,-1.6107168864108723,0.1192085249887513,0
BeautyMarket,Shopify,Cheveux,Shampooing 1,,ELSEVE BOND REPAIR SHAMPOOING 200 ML,85.0,0.0,,En stock,Non,0.0,https://beautymarket.ma/products/elseve-bond-repair-shampooing-200-ml,1,0,0.8025,0.0,0.5006,1,4.454347296253507,low-cost,0,5,0,4,Low-cost,-1.6012915889544388,0.1019046973735155,0
BeautyMarket,Shopify,Cheveux,Shampooing 1,,NOVALOU BABY SHAMPOOING 200ML,85.0,0.0,,En stock,Non,0.0,https://beautymarket.ma/products/novalou-baby-shampooing-200ml,1,0,0.8025,0.0,0.5006,1,4.454347296253507,low-cost,0,5,0,4,Low-cost,-1.6012915889544388,0.1019046973735155,0
BeautyMarket,Shopify,Cheveux,Shampooing 1,,SO BIO HOMME SHAMPOOING ANTIPELLICULAIRE 250 ML,89.0,0.0,,En stock,Non,0.0,https://beautymarket.ma/products/so-bio-homme-shampooing-antipelliculaire-250-ml,1,0,0.8007,0.0,0.5002,1,4.499809670330265,low-cost,0,5,0,4,Low-cost,-1.581941416902737,0.0698980145366539,0
BeautyMarket,Shopify,Cheveux,Cheveux Blonds,,URBAN CARE MASQUE PURPLE TONING 230 ML,89.0,0.0,,En stock,Non,0.0,https://beautymarket.ma/products/urban-care-masque-purple-toning-230-ml,1,0,0.8007,0.0,0.5002,1,4.499809670330265,low-cost,0,5,0,4,Low-cost,-1.581941416902737,0.0698980145366539,0
BeautyMarket,Shopify,Cheveux,Huile Cheveux,,NATURESOIN HUILE ESSENTIELLE DE FENOUIL – 10 ML,89.0,0.0,,En stock,Non,0.0,https://beautymarket.ma/products/naturesoin-huile-essentielle-de-fenouil-10-ml,1,0,0.8007,0.0,0.5002,1,4.499809670330265,low-cost,0,5,0,4,Low-cost,-1.581941416902737,0.0698980145366539,0
BeautyMarket,Shopify,Cheveux,Shampooing 1,,BEST CAPILL SHAMPOOING USAGE FRÉQUENT 200ML,89.0,0.0,,En stock,Non,0.0,https://beautymarket.ma/products/best-capill-shampooing-usage-frequent-200ml,1,0,0.8007,0.0,0.5002,1,4.499809670330265,low-cost,0,5,0,4,Low-cost,-1.581941416902737,0.0698980145366539,0
BeautyMarket,Shopify,Cheveux,Shampooing 1,,BEST CAPILL SHAMPOOING ANTIPELLICULAIRE 150ML,89.0,0.0,,En stock,Non,0.0,https://beautymarket.ma/products/best-capill-shampooing-antipelliculaire-200ml,1,0,0.8007,0.0,0.5002,1,4.499809670330265,low-cost,0,5,0,4,Low-cost,-1.581941416902737,0.0698980145366539,0
BeautyMarket,Shopify,Cheveux,Brosses Et Accessoires,,RELOVE FLAT FOUNDATION BRUSH,89.0,0.0,,En stock,Non,0.0,https://beautymarket.ma/products/relove-flat-foundation-brush,1,0,0.8007,0.0,0.5002,1,4.499809670330265,low-cost,0,5,0,4,Low-cost,-1.581941416902737,0.0698980145366539,0
BeautyMarket,Shopify,Cheveux,Shampooing 1,,SO BIO MEN SHAMPOOING FORTIFIANT GINSENG 250 ML,89.0,0.0,,En stock,Non,0.0,https://beautymarket.ma/products/so-bio-shamp-fortifiant-ginseng-250ml,1,0,0.8007,0.0,0.5002,1,4.499809670330265,low-cost,0,5,0,4,Low-cost,-1.581941416902737,0.0698980145366539,0
Kiabi,Shopify,Fille,Fille,,T-Shirt Côtelé À Manches Courtes Volantées,80.0,0.0,,En stock,Non,0.0,,1,0,0.8,0.0,0.5,1,4.394449154672439,low-cost,2,9,0,4,Low-cost,-0.7382922644232395,-0.0194735305847361,0
Kiabi,Shopify,Fille,Fille,,Legging Chaud Intérieur Velours,80.0,0.0,,En stock,Non,0.0,,1,0,0.8,0.0,0.5,1,4.394449154672439,low-cost,2,9,0,4,Low-cost,-0.7382922644232395,-0.0194735305847361,0
BeautyMarket,Shopify,Solaire,Solaire,,ECLIN CRÈME SOLAIRE SPF50+ TEINTÉE 50ML,169.0,0.0,,En stock,Non,0.0,https://beautymarket.ma/products/eclin-creme-solaire-spf50-teintee-50ml,1,0,0.7987,0.0,0.4997,1,5.135798437050262,mid-range,0,18,0,0,Mid-range,-1.0195891916838575,-0.2813365458083937,0
BeautyMarket,Shopify,Solaire,Solaire,,BIONIKE AKNET SUN SPF 50+ TRES HAUTE PROTECTION 50 ML,169.0,0.0,,En stock,Non,0.0,https://beautymarket.ma/products/bionike-aknet-sun-spf-50-tres-haute-protection-50-ml,1,0,0.7987,0.0,0.4997,1,5.135798437050262,mid-range,0,18,0,0,Mid-range,-1.0195891916838575,-0.2813365458083937,0
Kiabi,Shopify,Puériculture,Puériculture,,5 Bavoirs À L'Imprimés Fantaisies À Fermeture Pressionnées,100.0,0.0,,En stock,Non,0.0,,1,0,0.7742,0.0,0.4936,1,4.61512051684126,low-cost,2,17,0,0,Mid-range,-0.488106720097819,-0.1444705507952934,0
Lasolda,WooCommerce,Ventes flash,Ventes flash,,Couscoussier Effet Pierre ...,549.0,0.0,,En stock,Non,0.0,,1,0,0.3333,0.0,0.3833,1,6.309918278226516,premium,3,21,1,0,Mid-range,0.43004303554205,-1.7701078390471263,-1
