antecedents,consequents,antecedent support,consequent support,support,confidence,lift,representativity,leverage,conviction,zhangs_metric,jaccard,certainty,kulczynski
frozenset({'Puériculture'}),"frozenset({'Chaussures', 'Homme', 'Bébé', 'Fille', 'Femme', 'Garçon'})",0.2,0.2,0.2,1.0,5.0,1.0,0.16,inf,0.9999999999999998,1.0,1.0,1.0
frozenset({'Beauté & Sport'}),frozenset({'Automobile et bricolage'}),0.2,0.2,0.2,1.0,5.0,1.0,0.16,inf,0.9999999999999998,1.0,1.0,1.0
frozenset({'Automobile et bricolage'}),frozenset({'Beauté & Sport'}),0.2,0.2,0.2,1.0,5.0,1.0,0.16,inf,0.9999999999999998,1.0,1.0,1.0
frozenset({'Automobile et bricolage'}),frozenset({'Les plus demandés'}),0.2,0.2,0.2,1.0,5.0,1.0,0.16,inf,0.9999999999999998,1.0,1.0,1.0
frozenset({'Les plus demandés'}),frozenset({'Automobile et bricolage'}),0.2,0.2,0.2,1.0,5.0,1.0,0.16,inf,0.9999999999999998,1.0,1.0,1.0
frozenset({'Garçon'}),"frozenset({'Chaussures', 'Homme', 'Bébé', 'Fille', 'Femme', 'Puériculture'})",0.2,0.2,0.2,1.0,5.0,1.0,0.16,inf,0.9999999999999998,1.0,1.0,1.0
"frozenset({'Homme', 'Garçon'})","frozenset({'Chaussures', 'Bébé', 'Fille', 'Femme', 'Puériculture'})",0.2,0.2,0.2,1.0,5.0,1.0,0.16,inf,0.9999999999999998,1.0,1.0,1.0
"frozenset({'Homme', 'Fille'})","frozenset({'Chaussures', 'Bébé', 'Femme', 'Garçon', 'Puériculture'})",0.2,0.2,0.2,1.0,5.0,1.0,0.16,inf,0.9999999999999998,1.0,1.0,1.0
"frozenset({'Homme', 'Bébé'})","frozenset({'Chaussures', 'Fille', 'Femme', 'Garçon', 'Puériculture'})",0.2,0.2,0.2,1.0,5.0,1.0,0.16,inf,0.9999999999999998,1.0,1.0,1.0
"frozenset({'Puériculture', 'Chaussures'})","frozenset({'Homme', 'Bébé', 'Fille', 'Femme', 'Garçon'})",0.2,0.2,0.2,1.0,5.0,1.0,0.16,inf,0.9999999999999998,1.0,1.0,1.0
"frozenset({'Chaussures', 'Garçon'})","frozenset({'Homme', 'Bébé', 'Fille', 'Femme', 'Puériculture'})",0.2,0.2,0.2,1.0,5.0,1.0,0.16,inf,0.9999999999999998,1.0,1.0,1.0
"frozenset({'Chaussures', 'Femme'})","frozenset({'Homme', 'Bébé', 'Fille', 'Garçon', 'Puériculture'})",0.2,0.2,0.2,1.0,5.0,1.0,0.16,inf,0.9999999999999998,1.0,1.0,1.0
"frozenset({'Chaussures', 'Fille'})","frozenset({'Homme', 'Bébé', 'Femme', 'Garçon', 'Puériculture'})",0.2,0.2,0.2,1.0,5.0,1.0,0.16,inf,0.9999999999999998,1.0,1.0,1.0
"frozenset({'Chaussures', 'Bébé'})","frozenset({'Homme', 'Fille', 'Femme', 'Garçon', 'Puériculture'})",0.2,0.2,0.2,1.0,5.0,1.0,0.16,inf,0.9999999999999998,1.0,1.0,1.0
"frozenset({'Chaussures', 'Homme'})","frozenset({'Bébé', 'Fille', 'Femme', 'Garçon', 'Puériculture'})",0.2,0.2,0.2,1.0,5.0,1.0,0.16,inf,0.9999999999999998,1.0,1.0,1.0
"frozenset({'Puériculture', 'Femme', 'Garçon'})","frozenset({'Chaussures', 'Homme', 'Fille', 'Bébé'})",0.2,0.2,0.2,1.0,5.0,1.0,0.16,inf,0.9999999999999998,1.0,1.0,1.0
"frozenset({'Puériculture', 'Fille', 'Garçon'})","frozenset({'Chaussures', 'Homme', 'Femme', 'Bébé'})",0.2,0.2,0.2,1.0,5.0,1.0,0.16,inf,0.9999999999999998,1.0,1.0,1.0
"frozenset({'Puériculture', 'Fille', 'Femme'})","frozenset({'Chaussures', 'Homme', 'Garçon', 'Bébé'})",0.2,0.2,0.2,1.0,5.0,1.0,0.16,inf,0.9999999999999998,1.0,1.0,1.0
"frozenset({'Fille', 'Femme', 'Garçon'})","frozenset({'Puériculture', 'Chaussures', 'Homme', 'Bébé'})",0.2,0.2,0.2,1.0,5.0,1.0,0.16,inf,0.9999999999999998,1.0,1.0,1.0
"frozenset({'Puériculture', 'Garçon', 'Bébé'})","frozenset({'Chaussures', 'Homme', 'Femme', 'Fille'})",0.2,0.2,0.2,1.0,5.0,1.0,0.16,inf,0.9999999999999998,1.0,1.0,1.0
"frozenset({'Puériculture', 'Femme', 'Bébé'})","frozenset({'Chaussures', 'Homme', 'Garçon', 'Fille'})",0.2,0.2,0.2,1.0,5.0,1.0,0.16,inf,0.9999999999999998,1.0,1.0,1.0
frozenset({'Fille'}),frozenset({'Chaussures'}),0.2,0.2,0.2,1.0,5.0,1.0,0.16,inf,0.9999999999999998,1.0,1.0,1.0
frozenset({'Chaussures'}),frozenset({'Fille'}),0.2,0.2,0.2,1.0,5.0,1.0,0.16,inf,0.9999999999999998,1.0,1.0,1.0
frozenset({'Bébé'}),frozenset({'Puériculture'}),0.2,0.2,0.2,1.0,5.0,1.0,0.16,inf,0.9999999999999998,1.0,1.0,1.0
frozenset({'Puériculture'}),frozenset({'Bébé'}),0.2,0.2,0.2,1.0,5.0,1.0,0.16,inf,0.9999999999999998,1.0,1.0,1.0
frozenset({'Bébé'}),frozenset({'Garçon'}),0.2,0.2,0.2,1.0,5.0,1.0,0.16,inf,0.9999999999999998,1.0,1.0,1.0
frozenset({'Garçon'}),frozenset({'Bébé'}),0.2,0.2,0.2,1.0,5.0,1.0,0.16,inf,0.9999999999999998,1.0,1.0,1.0
frozenset({'Bébé'}),frozenset({'Fille'}),0.2,0.2,0.2,1.0,5.0,1.0,0.16,inf,0.9999999999999998,1.0,1.0,1.0
frozenset({'Fille'}),frozenset({'Bébé'}),0.2,0.2,0.2,1.0,5.0,1.0,0.16,inf,0.9999999999999998,1.0,1.0,1.0
frozenset({'Bébé'}),frozenset({'Chaussures'}),0.2,0.2,0.2,1.0,5.0,1.0,0.16,inf,0.9999999999999998,1.0,1.0,1.0
frozenset({'Chaussures'}),frozenset({'Bébé'}),0.2,0.2,0.2,1.0,5.0,1.0,0.16,inf,0.9999999999999998,1.0,1.0,1.0
frozenset({'Corps'}),frozenset({'Solaire'}),0.2,0.2,0.2,1.0,5.0,1.0,0.16,inf,0.9999999999999998,1.0,1.0,1.0
frozenset({'Solaire'}),frozenset({'Corps'}),0.2,0.2,0.2,1.0,5.0,1.0,0.16,inf,0.9999999999999998,1.0,1.0,1.0
frozenset({'Cheveux'}),frozenset({'Solaire'}),0.2,0.2,0.2,1.0,5.0,1.0,0.16,inf,0.9999999999999998,1.0,1.0,1.0
frozenset({'Solaire'}),frozenset({'Cheveux'}),0.2,0.2,0.2,1.0,5.0,1.0,0.16,inf,0.9999999999999998,1.0,1.0,1.0
frozenset({'Corps'}),frozenset({'Cheveux'}),0.2,0.2,0.2,1.0,5.0,1.0,0.16,inf,0.9999999999999998,1.0,1.0,1.0
frozenset({'Cheveux'}),frozenset({'Corps'}),0.2,0.2,0.2,1.0,5.0,1.0,0.16,inf,0.9999999999999998,1.0,1.0,1.0
frozenset({'Chaussures'}),frozenset({'Puériculture'}),0.2,0.2,0.2,1.0,5.0,1.0,0.16,inf,0.9999999999999998,1.0,1.0,1.0
frozenset({'Puériculture'}),frozenset({'Chaussures'}),0.2,0.2,0.2,1.0,5.0,1.0,0.16,inf,0.9999999999999998,1.0,1.0,1.0
frozenset({'Garçon'}),frozenset({'Chaussures'}),0.2,0.2,0.2,1.0,5.0,1.0,0.16,inf,0.9999999999999998,1.0,1.0,1.0
frozenset({'Chaussures'}),frozenset({'Garçon'}),0.2,0.2,0.2,1.0,5.0,1.0,0.16,inf,0.9999999999999998,1.0,1.0,1.0
frozenset({'Ventes Flash'}),frozenset({'Enfants'}),0.2,0.2,0.2,1.0,5.0,1.0,0.16,inf,0.9999999999999998,1.0,1.0,1.0
frozenset({'Enfants'}),frozenset({'Ventes Flash'}),0.2,0.2,0.2,1.0,5.0,1.0,0.16,inf,0.9999999999999998,1.0,1.0,1.0
"frozenset({'Femme', 'Garçon', 'Bébé'})","frozenset({'Puériculture', 'Chaussures', 'Homme', 'Fille'})",0.2,0.2,0.2,1.0,5.0,1.0,0.16,inf,0.9999999999999998,1.0,1.0,1.0
"frozenset({'Puériculture', 'Fille', 'Bébé'})","frozenset({'Chaussures', 'Homme', 'Femme', 'Garçon'})",0.2,0.2,0.2,1.0,5.0,1.0,0.16,inf,0.9999999999999998,1.0,1.0,1.0
"frozenset({'Fille', 'Garçon', 'Bébé'})","frozenset({'Puériculture', 'Chaussures', 'Homme', 'Femme'})",0.2,0.2,0.2,1.0,5.0,1.0,0.16,inf,0.9999999999999998,1.0,1.0,1.0
"frozenset({'Fille', 'Femme', 'Bébé'})","frozenset({'Puériculture', 'Chaussures', 'Homme', 'Garçon'})",0.2,0.2,0.2,1.0,5.0,1.0,0.16,inf,0.9999999999999998,1.0,1.0,1.0
"frozenset({'Puériculture', 'Homme', 'Garçon'})","frozenset({'Chaussures', 'Fille', 'Femme', 'Bébé'})",0.2,0.2,0.2,1.0,5.0,1.0,0.16,inf,0.9999999999999998,1.0,1.0,1.0
"frozenset({'Puériculture', 'Homme', 'Femme'})","frozenset({'Chaussures', 'Fille', 'Garçon', 'Bébé'})",0.2,0.2,0.2,1.0,5.0,1.0,0.16,inf,0.9999999999999998,1.0,1.0,1.0
"frozenset({'Homme', 'Femme', 'Garçon'})","frozenset({'Puériculture', 'Chaussures', 'Fille', 'Bébé'})",0.2,0.2,0.2,1.0,5.0,1.0,0.16,inf,0.9999999999999998,1.0,1.0,1.0
"frozenset({'Puériculture', 'Homme', 'Fille'})","frozenset({'Chaussures', 'Femme', 'Garçon', 'Bébé'})",0.2,0.2,0.2,1.0,5.0,1.0,0.16,inf,0.9999999999999998,1.0,1.0,1.0
"frozenset({'Homme', 'Garçon', 'Fille'})","frozenset({'Puériculture', 'Chaussures', 'Femme', 'Bébé'})",0.2,0.2,0.2,1.0,5.0,1.0,0.16,inf,0.9999999999999998,1.0,1.0,1.0
"frozenset({'Homme', 'Femme', 'Fille'})","frozenset({'Puériculture', 'Chaussures', 'Garçon', 'Bébé'})",0.2,0.2,0.2,1.0,5.0,1.0,0.16,inf,0.9999999999999998,1.0,1.0,1.0
"frozenset({'Puériculture', 'Homme', 'Bébé'})","frozenset({'Chaussures', 'Fille', 'Femme', 'Garçon'})",0.2,0.2,0.2,1.0,5.0,1.0,0.16,inf,0.9999999999999998,1.0,1.0,1.0
"frozenset({'Homme', 'Garçon', 'Bébé'})","frozenset({'Puériculture', 'Chaussures', 'Fille', 'Femme'})",0.2,0.2,0.2,1.0,5.0,1.0,0.16,inf,0.9999999999999998,1.0,1.0,1.0
"frozenset({'Homme', 'Femme', 'Bébé'})","frozenset({'Puériculture', 'Chaussures', 'Fille', 'Garçon'})",0.2,0.2,0.2,1.0,5.0,1.0,0.16,inf,0.9999999999999998,1.0,1.0,1.0
"frozenset({'Homme', 'Fille', 'Bébé'})","frozenset({'Puériculture', 'Chaussures', 'Femme', 'Garçon'})",0.2,0.2,0.2,1.0,5.0,1.0,0.16,inf,0.9999999999999998,1.0,1.0,1.0
"frozenset({'Puériculture', 'Chaussures', 'Garçon'})","frozenset({'Homme', 'Femme', 'Fille', 'Bébé'})",0.2,0.2,0.2,1.0,5.0,1.0,0.16,inf,0.9999999999999998,1.0,1.0,1.0
"frozenset({'Puériculture', 'Chaussures', 'Femme'})","frozenset({'Homme', 'Fille', 'Garçon', 'Bébé'})",0.2,0.2,0.2,1.0,5.0,1.0,0.16,inf,0.9999999999999998,1.0,1.0,1.0
frozenset({'Garçon'}),frozenset({'Puériculture'}),0.2,0.2,0.2,1.0,5.0,1.0,0.16,inf,0.9999999999999998,1.0,1.0,1.0
frozenset({'Puériculture'}),frozenset({'Garçon'}),0.2,0.2,0.2,1.0,5.0,1.0,0.16,inf,0.9999999999999998,1.0,1.0,1.0
frozenset({'Fille'}),frozenset({'Puériculture'}),0.2,0.2,0.2,1.0,5.0,1.0,0.16,inf,0.9999999999999998,1.0,1.0,1.0
frozenset({'Puériculture'}),frozenset({'Fille'}),0.2,0.2,0.2,1.0,5.0,1.0,0.16,inf,0.9999999999999998,1.0,1.0,1.0
frozenset({'Garçon'}),frozenset({'Fille'}),0.2,0.2,0.2,1.0,5.0,1.0,0.16,inf,0.9999999999999998,1.0,1.0,1.0
frozenset({'Fille'}),frozenset({'Garçon'}),0.2,0.2,0.2,1.0,5.0,1.0,0.16,inf,0.9999999999999998,1.0,1.0,1.0
"frozenset({'Chaussures', 'Femme', 'Garçon'})","frozenset({'Puériculture', 'Homme', 'Fille', 'Bébé'})",0.2,0.2,0.2,1.0,5.0,1.0,0.16,inf,0.9999999999999998,1.0,1.0,1.0
"frozenset({'Puériculture', 'Chaussures', 'Fille'})","frozenset({'Homme', 'Femme', 'Garçon', 'Bébé'})",0.2,0.2,0.2,1.0,5.0,1.0,0.16,inf,0.9999999999999998,1.0,1.0,1.0
"frozenset({'Chaussures', 'Fille', 'Garçon'})","frozenset({'Puériculture', 'Homme', 'Femme', 'Bébé'})",0.2,0.2,0.2,1.0,5.0,1.0,0.16,inf,0.9999999999999998,1.0,1.0,1.0
"frozenset({'Chaussures', 'Fille', 'Femme'})","frozenset({'Puériculture', 'Homme', 'Garçon', 'Bébé'})",0.2,0.2,0.2,1.0,5.0,1.0,0.16,inf,0.9999999999999998,1.0,1.0,1.0
"frozenset({'Puériculture', 'Chaussures', 'Bébé'})","frozenset({'Homme', 'Femme', 'Garçon', 'Fille'})",0.2,0.2,0.2,1.0,5.0,1.0,0.16,inf,0.9999999999999998,1.0,1.0,1.0
"frozenset({'Chaussures', 'Garçon', 'Bébé'})","frozenset({'Puériculture', 'Homme', 'Femme', 'Fille'})",0.2,0.2,0.2,1.0,5.0,1.0,0.16,inf,0.9999999999999998,1.0,1.0,1.0
"frozenset({'Chaussures', 'Femme', 'Bébé'})","frozenset({'Puériculture', 'Homme', 'Garçon', 'Fille'})",0.2,0.2,0.2,1.0,5.0,1.0,0.16,inf,0.9999999999999998,1.0,1.0,1.0
"frozenset({'Chaussures', 'Fille', 'Bébé'})","frozenset({'Puériculture', 'Homme', 'Femme', 'Garçon'})",0.2,0.2,0.2,1.0,5.0,1.0,0.16,inf,0.9999999999999998,1.0,1.0,1.0
"frozenset({'Puériculture', 'Chaussures', 'Homme'})","frozenset({'Fille', 'Femme', 'Garçon', 'Bébé'})",0.2,0.2,0.2,1.0,5.0,1.0,0.16,inf,0.9999999999999998,1.0,1.0,1.0
"frozenset({'Chaussures', 'Homme', 'Garçon'})","frozenset({'Puériculture', 'Fille', 'Femme', 'Bébé'})",0.2,0.2,0.2,1.0,5.0,1.0,0.16,inf,0.9999999999999998,1.0,1.0,1.0
"frozenset({'Chaussures', 'Homme', 'Femme'})","frozenset({'Puériculture', 'Fille', 'Garçon', 'Bébé'})",0.2,0.2,0.2,1.0,5.0,1.0,0.16,inf,0.9999999999999998,1.0,1.0,1.0
"frozenset({'Chaussures', 'Homme', 'Fille'})","frozenset({'Puériculture', 'Femme', 'Garçon', 'Bébé'})",0.2,0.2,0.2,1.0,5.0,1.0,0.16,inf,0.9999999999999998,1.0,1.0,1.0
"frozenset({'Chaussures', 'Homme', 'Bébé'})","frozenset({'Puériculture', 'Fille', 'Femme', 'Garçon'})",0.2,0.2,0.2,1.0,5.0,1.0,0.16,inf,0.9999999999999998,1.0,1.0,1.0
"frozenset({'Puériculture', 'Fille', 'Femme', 'Garçon'})","frozenset({'Chaussures', 'Homme', 'Bébé'})",0.2,0.2,0.2,1.0,5.0,1.0,0.16,inf,0.9999999999999998,1.0,1.0,1.0
"frozenset({'Puériculture', 'Femme', 'Garçon', 'Bébé'})","frozenset({'Chaussures', 'Homme', 'Fille'})",0.2,0.2,0.2,1.0,5.0,1.0,0.16,inf,0.9999999999999998,1.0,1.0,1.0
"frozenset({'Puériculture', 'Fille', 'Garçon', 'Bébé'})","frozenset({'Chaussures', 'Homme', 'Femme'})",0.2,0.2,0.2,1.0,5.0,1.0,0.16,inf,0.9999999999999998,1.0,1.0,1.0
frozenset({'Les plus demandés'}),frozenset({'Ventes flash'}),0.2,0.2,0.2,1.0,5.0,1.0,0.16,inf,0.9999999999999998,1.0,1.0,1.0
frozenset({'Ventes flash'}),frozenset({'Les plus demandés'}),0.2,0.2,0.2,1.0,5.0,1.0,0.16,inf,0.9999999999999998,1.0,1.0,1.0
"frozenset({'Puériculture', 'Fille', 'Femme', 'Bébé'})","frozenset({'Chaussures', 'Homme', 'Garçon'})",0.2,0.2,0.2,1.0,5.0,1.0,0.16,inf,0.9999999999999998,1.0,1.0,1.0
"frozenset({'Fille', 'Femme', 'Garçon', 'Bébé'})","frozenset({'Puériculture', 'Chaussures', 'Homme'})",0.2,0.2,0.2,1.0,5.0,1.0,0.16,inf,0.9999999999999998,1.0,1.0,1.0
"frozenset({'Puériculture', 'Homme', 'Femme', 'Garçon'})","frozenset({'Chaussures', 'Fille', 'Bébé'})",0.2,0.2,0.2,1.0,5.0,1.0,0.16,inf,0.9999999999999998,1.0,1.0,1.0
"frozenset({'Puériculture', 'Homme', 'Garçon', 'Fille'})","frozenset({'Chaussures', 'Femme', 'Bébé'})",0.2,0.2,0.2,1.0,5.0,1.0,0.16,inf,0.9999999999999998,1.0,1.0,1.0
"frozenset({'Puériculture', 'Homme', 'Femme', 'Fille'})","frozenset({'Chaussures', 'Garçon', 'Bébé'})",0.2,0.2,0.2,1.0,5.0,1.0,0.16,inf,0.9999999999999998,1.0,1.0,1.0
"frozenset({'Homme', 'Femme', 'Garçon', 'Fille'})","frozenset({'Puériculture', 'Chaussures', 'Bébé'})",0.2,0.2,0.2,1.0,5.0,1.0,0.16,inf,0.9999999999999998,1.0,1.0,1.0
"frozenset({'Puériculture', 'Homme', 'Garçon', 'Bébé'})","frozenset({'Chaussures', 'Fille', 'Femme'})",0.2,0.2,0.2,1.0,5.0,1.0,0.16,inf,0.9999999999999998,1.0,1.0,1.0
"frozenset({'Puériculture', 'Homme', 'Femme', 'Bébé'})","frozenset({'Chaussures', 'Fille', 'Garçon'})",0.2,0.2,0.2,1.0,5.0,1.0,0.16,inf,0.9999999999999998,1.0,1.0,1.0
"frozenset({'Homme', 'Femme', 'Garçon', 'Bébé'})","frozenset({'Puériculture', 'Chaussures', 'Fille'})",0.2,0.2,0.2,1.0,5.0,1.0,0.16,inf,0.9999999999999998,1.0,1.0,1.0
"frozenset({'Puériculture', 'Homme', 'Fille', 'Bébé'})","frozenset({'Chaussures', 'Femme', 'Garçon'})",0.2,0.2,0.2,1.0,5.0,1.0,0.16,inf,0.9999999999999998,1.0,1.0,1.0
"frozenset({'Homme', 'Fille', 'Garçon', 'Bébé'})","frozenset({'Puériculture', 'Chaussures', 'Femme'})",0.2,0.2,0.2,1.0,5.0,1.0,0.16,inf,0.9999999999999998,1.0,1.0,1.0
"frozenset({'Homme', 'Femme', 'Fille', 'Bébé'})","frozenset({'Puériculture', 'Chaussures', 'Garçon'})",0.2,0.2,0.2,1.0,5.0,1.0,0.16,inf,0.9999999999999998,1.0,1.0,1.0
"frozenset({'Puériculture', 'Chaussures', 'Femme', 'Garçon'})","frozenset({'Homme', 'Fille', 'Bébé'})",0.2,0.2,0.2,1.0,5.0,1.0,0.16,inf,0.9999999999999998,1.0,1.0,1.0
"frozenset({'Puériculture', 'Chaussures', 'Fille', 'Garçon'})","frozenset({'Homme', 'Femme', 'Bébé'})",0.2,0.2,0.2,1.0,5.0,1.0,0.16,inf,0.9999999999999998,1.0,1.0,1.0
"frozenset({'Puériculture', 'Chaussures', 'Fille', 'Femme'})","frozenset({'Homme', 'Garçon', 'Bébé'})",0.2,0.2,0.2,1.0,5.0,1.0,0.16,inf,0.9999999999999998,1.0,1.0,1.0
"frozenset({'Chaussures', 'Fille', 'Femme', 'Garçon'})","frozenset({'Puériculture', 'Homme', 'Bébé'})",0.2,0.2,0.2,1.0,5.0,1.0,0.16,inf,0.9999999999999998,1.0,1.0,1.0
frozenset({'Les plus demandés'}),"frozenset({'Beauté & Sport', 'Automobile et bricolage'})",0.2,0.2,0.2,1.0,5.0,1.0,0.16,inf,0.9999999999999998,1.0,1.0,1.0
frozenset({'Automobile et bricolage'}),"frozenset({'Beauté & Sport', 'Les plus demandés'})",0.2,0.2,0.2,1.0,5.0,1.0,0.16,inf,0.9999999999999998,1.0,1.0,1.0
frozenset({'Beauté & Sport'}),"frozenset({'Les plus demandés', 'Automobile et bricolage'})",0.2,0.2,0.2,1.0,5.0,1.0,0.16,inf,0.9999999999999998,1.0,1.0,1.0
"frozenset({'Les plus demandés', 'Automobile et bricolage'})",frozenset({'Beauté & Sport'}),0.2,0.2,0.2,1.0,5.0,1.0,0.16,inf,0.9999999999999998,1.0,1.0,1.0
"frozenset({'Beauté & Sport', 'Les plus demandés'})",frozenset({'Automobile et bricolage'}),0.2,0.2,0.2,1.0,5.0,1.0,0.16,inf,0.9999999999999998,1.0,1.0,1.0
"frozenset({'Beauté & Sport', 'Automobile et bricolage'})",frozenset({'Les plus demandés'}),0.2,0.2,0.2,1.0,5.0,1.0,0.16,inf,0.9999999999999998,1.0,1.0,1.0
frozenset({'Téléphones & Accessoires'}),frozenset({'Parfums'}),0.2,0.2,0.2,1.0,5.0,1.0,0.16,inf,0.9999999999999998,1.0,1.0,1.0
frozenset({'Parfums'}),frozenset({'Téléphones & Accessoires'}),0.2,0.2,0.2,1.0,5.0,1.0,0.16,inf,0.9999999999999998,1.0,1.0,1.0
frozenset({'Téléphones & Accessoires'}),frozenset({'Montres & Bijoux'}),0.2,0.2,0.2,1.0,5.0,1.0,0.16,inf,0.9999999999999998,1.0,1.0,1.0
frozenset({'Montres & Bijoux'}),frozenset({'Téléphones & Accessoires'}),0.2,0.2,0.2,1.0,5.0,1.0,0.16,inf,0.9999999999999998,1.0,1.0,1.0
frozenset({'Montres & Bijoux'}),frozenset({'Parfums'}),0.2,0.2,0.2,1.0,5.0,1.0,0.16,inf,0.9999999999999998,1.0,1.0,1.0
frozenset({'Parfums'}),frozenset({'Montres & Bijoux'}),0.2,0.2,0.2,1.0,5.0,1.0,0.16,inf,0.9999999999999998,1.0,1.0,1.0
"frozenset({'Maison', 'Les plus demandés'})",frozenset({'Automobile et bricolage'}),0.2,0.2,0.2,1.0,5.0,1.0,0.16,inf,0.9999999999999998,1.0,1.0,1.0
"frozenset({'Maison', 'Automobile et bricolage'})",frozenset({'Les plus demandés'}),0.2,0.2,0.2,1.0,5.0,1.0,0.16,inf,0.9999999999999998,1.0,1.0,1.0
frozenset({'Automobile et bricolage'}),"frozenset({'Beauté & Sport', 'Ventes flash'})",0.2,0.2,0.2,1.0,5.0,1.0,0.16,inf,0.9999999999999998,1.0,1.0,1.0
frozenset({'Ventes flash'}),"frozenset({'Beauté & Sport', 'Automobile et bricolage'})",0.2,0.2,0.2,1.0,5.0,1.0,0.16,inf,0.9999999999999998,1.0,1.0,1.0
frozenset({'Beauté & Sport'}),"frozenset({'Ventes flash', 'Automobile et bricolage'})",0.2,0.2,0.2,1.0,5.0,1.0,0.16,inf,0.9999999999999998,1.0,1.0,1.0
"frozenset({'Ventes flash', 'Automobile et bricolage'})",frozenset({'Beauté & Sport'}),0.2,0.2,0.2,1.0,5.0,1.0,0.16,inf,0.9999999999999998,1.0,1.0,1.0
"frozenset({'Beauté & Sport', 'Automobile et bricolage'})",frozenset({'Ventes flash'}),0.2,0.2,0.2,1.0,5.0,1.0,0.16,inf,0.9999999999999998,1.0,1.0,1.0
"frozenset({'Beauté & Sport', 'Ventes flash'})",frozenset({'Automobile et bricolage'}),0.2,0.2,0.2,1.0,5.0,1.0,0.16,inf,0.9999999999999998,1.0,1.0,1.0
frozenset({'Automobile et bricolage'}),"frozenset({'Maison', 'Beauté & Sport'})",0.2,0.2,0.2,1.0,5.0,1.0,0.16,inf,0.9999999999999998,1.0,1.0,1.0
frozenset({'Beauté & Sport'}),"frozenset({'Maison', 'Automobile et bricolage'})",0.2,0.2,0.2,1.0,5.0,1.0,0.16,inf,0.9999999999999998,1.0,1.0,1.0
"frozenset({'Maison', 'Automobile et bricolage'})",frozenset({'Beauté & Sport'}),0.2,0.2,0.2,1.0,5.0,1.0,0.16,inf,0.9999999999999998,1.0,1.0,1.0
"frozenset({'Maison', 'Beauté & Sport'})",frozenset({'Automobile et bricolage'}),0.2,0.2,0.2,1.0,5.0,1.0,0.16,inf,0.9999999999999998,1.0,1.0,1.0
"frozenset({'Beauté', 'Maquillage'})",frozenset({'Montres & Bijoux'}),0.2,0.2,0.2,1.0,5.0,1.0,0.16,inf,0.9999999999999998,1.0,1.0,1.0
frozenset({'Automobile et bricolage'}),"frozenset({'Maison', 'Ventes flash'})",0.2,0.2,0.2,1.0,5.0,1.0,0.16,inf,0.9999999999999998,1.0,1.0,1.0
frozenset({'Ventes flash'}),"frozenset({'Maison', 'Automobile et bricolage'})",0.2,0.2,0.2,1.0,5.0,1.0,0.16,inf,0.9999999999999998,1.0,1.0,1.0
"frozenset({'Maison', 'Automobile et bricolage'})",frozenset({'Ventes flash'}),0.2,0.2,0.2,1.0,5.0,1.0,0.16,inf,0.9999999999999998,1.0,1.0,1.0
"frozenset({'Maison', 'Ventes flash'})",frozenset({'Automobile et bricolage'}),0.2,0.2,0.2,1.0,5.0,1.0,0.16,inf,0.9999999999999998,1.0,1.0,1.0
frozenset({'Les plus demandés'}),"frozenset({'Ventes flash', 'Automobile et bricolage'})",0.2,0.2,0.2,1.0,5.0,1.0,0.16,inf,0.9999999999999998,1.0,1.0,1.0
frozenset({'Ventes flash'}),"frozenset({'Les plus demandés', 'Automobile et bricolage'})",0.2,0.2,0.2,1.0,5.0,1.0,0.16,inf,0.9999999999999998,1.0,1.0,1.0
frozenset({'Automobile et bricolage'}),"frozenset({'Ventes flash', 'Les plus demandés'})",0.2,0.2,0.2,1.0,5.0,1.0,0.16,inf,0.9999999999999998,1.0,1.0,1.0
"frozenset({'Ventes flash', 'Les plus demandés'})",frozenset({'Automobile et bricolage'}),0.2,0.2,0.2,1.0,5.0,1.0,0.16,inf,0.9999999999999998,1.0,1.0,1.0
"frozenset({'Les plus demandés', 'Automobile et bricolage'})",frozenset({'Ventes flash'}),0.2,0.2,0.2,1.0,5.0,1.0,0.16,inf,0.9999999999999998,1.0,1.0,1.0
"frozenset({'Ventes flash', 'Automobile et bricolage'})",frozenset({'Les plus demandés'}),0.2,0.2,0.2,1.0,5.0,1.0,0.16,inf,0.9999999999999998,1.0,1.0,1.0
frozenset({'Les plus demandés'}),"frozenset({'Maison', 'Automobile et bricolage'})",0.2,0.2,0.2,1.0,5.0,1.0,0.16,inf,0.9999999999999998,1.0,1.0,1.0
frozenset({'Automobile et bricolage'}),"frozenset({'Maison', 'Les plus demandés'})",0.2,0.2,0.2,1.0,5.0,1.0,0.16,inf,0.9999999999999998,1.0,1.0,1.0
frozenset({'Téléphones & Accessoires'}),"frozenset({'Beauté', 'Maquillage'})",0.2,0.2,0.2,1.0,5.0,1.0,0.16,inf,0.9999999999999998,1.0,1.0,1.0
frozenset({'Beauté'}),"frozenset({'Téléphones & Accessoires', 'Maquillage'})",0.2,0.2,0.2,1.0,5.0,1.0,0.16,inf,0.9999999999999998,1.0,1.0,1.0
"frozenset({'Téléphones & Accessoires', 'Maquillage'})",frozenset({'Beauté'}),0.2,0.2,0.2,1.0,5.0,1.0,0.16,inf,0.9999999999999998,1.0,1.0,1.0
"frozenset({'Beauté', 'Maquillage'})",frozenset({'Téléphones & Accessoires'}),0.2,0.2,0.2,1.0,5.0,1.0,0.16,inf,0.9999999999999998,1.0,1.0,1.0
frozenset({'Beauté'}),"frozenset({'Parfums', 'Maquillage'})",0.2,0.2,0.2,1.0,5.0,1.0,0.16,inf,0.9999999999999998,1.0,1.0,1.0
frozenset({'Parfums'}),"frozenset({'Beauté', 'Maquillage'})",0.2,0.2,0.2,1.0,5.0,1.0,0.16,inf,0.9999999999999998,1.0,1.0,1.0
"frozenset({'Beauté', 'Maquillage'})",frozenset({'Parfums'}),0.2,0.2,0.2,1.0,5.0,1.0,0.16,inf,0.9999999999999998,1.0,1.0,1.0
"frozenset({'Parfums', 'Maquillage'})",frozenset({'Beauté'}),0.2,0.2,0.2,1.0,5.0,1.0,0.16,inf,0.9999999999999998,1.0,1.0,1.0
frozenset({'Montres & Bijoux'}),"frozenset({'Beauté', 'Maquillage'})",0.2,0.2,0.2,1.0,5.0,1.0,0.16,inf,0.9999999999999998,1.0,1.0,1.0
frozenset({'Beauté'}),"frozenset({'Montres & Bijoux', 'Maquillage'})",0.2,0.2,0.2,1.0,5.0,1.0,0.16,inf,0.9999999999999998,1.0,1.0,1.0
"frozenset({'Montres & Bijoux', 'Maquillage'})",frozenset({'Beauté'}),0.2,0.2,0.2,1.0,5.0,1.0,0.16,inf,0.9999999999999998,1.0,1.0,1.0
"frozenset({'Puériculture', 'Chaussures', 'Garçon', 'Bébé'})","frozenset({'Homme', 'Femme', 'Fille'})",0.2,0.2,0.2,1.0,5.0,1.0,0.16,inf,0.9999999999999998,1.0,1.0,1.0
"frozenset({'Puériculture', 'Chaussures', 'Femme', 'Bébé'})","frozenset({'Homme', 'Garçon', 'Fille'})",0.2,0.2,0.2,1.0,5.0,1.0,0.16,inf,0.9999999999999998,1.0,1.0,1.0
"frozenset({'Chaussures', 'Femme', 'Garçon', 'Bébé'})","frozenset({'Puériculture', 'Homme', 'Fille'})",0.2,0.2,0.2,1.0,5.0,1.0,0.16,inf,0.9999999999999998,1.0,1.0,1.0
"frozenset({'Puériculture', 'Chaussures', 'Fille', 'Bébé'})","frozenset({'Homme', 'Femme', 'Garçon'})",0.2,0.2,0.2,1.0,5.0,1.0,0.16,inf,0.9999999999999998,1.0,1.0,1.0
"frozenset({'Chaussures', 'Fille', 'Garçon', 'Bébé'})","frozenset({'Puériculture', 'Homme', 'Femme'})",0.2,0.2,0.2,1.0,5.0,1.0,0.16,inf,0.9999999999999998,1.0,1.0,1.0
"frozenset({'Chaussures', 'Fille', 'Femme', 'Bébé'})","frozenset({'Puériculture', 'Homme', 'Garçon'})",0.2,0.2,0.2,1.0,5.0,1.0,0.16,inf,0.9999999999999998,1.0,1.0,1.0
"frozenset({'Puériculture', 'Chaussures', 'Homme', 'Garçon'})","frozenset({'Fille', 'Femme', 'Bébé'})",0.2,0.2,0.2,1.0,5.0,1.0,0.16,inf,0.9999999999999998,1.0,1.0,1.0
"frozenset({'Puériculture', 'Chaussures', 'Homme', 'Femme'})","frozenset({'Fille', 'Garçon', 'Bébé'})",0.2,0.2,0.2,1.0,5.0,1.0,0.16,inf,0.9999999999999998,1.0,1.0,1.0
"frozenset({'Chaussures', 'Homme', 'Femme', 'Garçon'})","frozenset({'Puériculture', 'Fille', 'Bébé'})",0.2,0.2,0.2,1.0,5.0,1.0,0.16,inf,0.9999999999999998,1.0,1.0,1.0
"frozenset({'Puériculture', 'Chaussures', 'Homme', 'Fille'})","frozenset({'Femme', 'Garçon', 'Bébé'})",0.2,0.2,0.2,1.0,5.0,1.0,0.16,inf,0.9999999999999998,1.0,1.0,1.0
"frozenset({'Chaussures', 'Homme', 'Garçon', 'Fille'})","frozenset({'Puériculture', 'Femme', 'Bébé'})",0.2,0.2,0.2,1.0,5.0,1.0,0.16,inf,0.9999999999999998,1.0,1.0,1.0
"frozenset({'Chaussures', 'Homme', 'Femme', 'Fille'})","frozenset({'Puériculture', 'Garçon', 'Bébé'})",0.2,0.2,0.2,1.0,5.0,1.0,0.16,inf,0.9999999999999998,1.0,1.0,1.0
"frozenset({'Puériculture', 'Chaussures', 'Homme', 'Bébé'})","frozenset({'Fille', 'Femme', 'Garçon'})",0.2,0.2,0.2,1.0,5.0,1.0,0.16,inf,0.9999999999999998,1.0,1.0,1.0
"frozenset({'Chaussures', 'Homme', 'Garçon', 'Bébé'})","frozenset({'Puériculture', 'Fille', 'Femme'})",0.2,0.2,0.2,1.0,5.0,1.0,0.16,inf,0.9999999999999998,1.0,1.0,1.0
"frozenset({'Chaussures', 'Homme', 'Femme', 'Bébé'})","frozenset({'Puériculture', 'Fille', 'Garçon'})",0.2,0.2,0.2,1.0,5.0,1.0,0.16,inf,0.9999999999999998,1.0,1.0,1.0
"frozenset({'Chaussures', 'Homme', 'Fille', 'Bébé'})","frozenset({'Puériculture', 'Femme', 'Garçon'})",0.2,0.2,0.2,1.0,5.0,1.0,0.16,inf,0.9999999999999998,1.0,1.0,1.0
frozenset({'Parfums'}),"frozenset({'Beauté', 'Téléphones & Accessoires'})",0.2,0.2,0.2,1.0,5.0,1.0,0.16,inf,0.9999999999999998,1.0,1.0,1.0
"frozenset({'Beauté', 'Téléphones & Accessoires'})",frozenset({'Parfums'}),0.2,0.2,0.2,1.0,5.0,1.0,0.16,inf,0.9999999999999998,1.0,1.0,1.0
"frozenset({'Parfums', 'Beauté'})",frozenset({'Téléphones & Accessoires'}),0.2,0.2,0.2,1.0,5.0,1.0,0.16,inf,0.9999999999999998,1.0,1.0,1.0
"frozenset({'Parfums', 'Téléphones & Accessoires'})",frozenset({'Beauté'}),0.2,0.2,0.2,1.0,5.0,1.0,0.16,inf,0.9999999999999998,1.0,1.0,1.0
frozenset({'Téléphones & Accessoires'}),"frozenset({'Beauté', 'Montres & Bijoux'})",0.2,0.2,0.2,1.0,5.0,1.0,0.16,inf,0.9999999999999998,1.0,1.0,1.0
frozenset({'Montres & Bijoux'}),"frozenset({'Beauté', 'Téléphones & Accessoires'})",0.2,0.2,0.2,1.0,5.0,1.0,0.16,inf,0.9999999999999998,1.0,1.0,1.0
frozenset({'Beauté'}),"frozenset({'Montres & Bijoux', 'Téléphones & Accessoires'})",0.2,0.2,0.2,1.0,5.0,1.0,0.16,inf,0.9999999999999998,1.0,1.0,1.0
"frozenset({'Montres & Bijoux', 'Téléphones & Accessoires'})",frozenset({'Beauté'}),0.2,0.2,0.2,1.0,5.0,1.0,0.16,inf,0.9999999999999998,1.0,1.0,1.0
"frozenset({'Beauté', 'Téléphones & Accessoires'})",frozenset({'Montres & Bijoux'}),0.2,0.2,0.2,1.0,5.0,1.0,0.16,inf,0.9999999999999998,1.0,1.0,1.0
"frozenset({'Beauté', 'Montres & Bijoux'})",frozenset({'Téléphones & Accessoires'}),0.2,0.2,0.2,1.0,5.0,1.0,0.16,inf,0.9999999999999998,1.0,1.0,1.0
frozenset({'Beauté'}),"frozenset({'Parfums', 'Montres & Bijoux'})",0.2,0.2,0.2,1.0,5.0,1.0,0.16,inf,0.9999999999999998,1.0,1.0,1.0
frozenset({'Montres & Bijoux'}),"frozenset({'Parfums', 'Beauté'})",0.2,0.2,0.2,1.0,5.0,1.0,0.16,inf,0.9999999999999998,1.0,1.0,1.0
frozenset({'Parfums'}),"frozenset({'Beauté', 'Montres & Bijoux'})",0.2,0.2,0.2,1.0,5.0,1.0,0.16,inf,0.9999999999999998,1.0,1.0,1.0
"frozenset({'Beauté', 'Montres & Bijoux'})",frozenset({'Parfums'}),0.2,0.2,0.2,1.0,5.0,1.0,0.16,inf,0.9999999999999998,1.0,1.0,1.0
"frozenset({'Parfums', 'Beauté'})",frozenset({'Montres & Bijoux'}),0.2,0.2,0.2,1.0,5.0,1.0,0.16,inf,0.9999999999999998,1.0,1.0,1.0
"frozenset({'Parfums', 'Montres & Bijoux'})",frozenset({'Beauté'}),0.2,0.2,0.2,1.0,5.0,1.0,0.16,inf,0.9999999999999998,1.0,1.0,1.0
"frozenset({'Maison', 'Beauté & Sport'})",frozenset({'Ventes flash'}),0.2,0.2,0.2,1.0,5.0,1.0,0.16,inf,0.9999999999999998,1.0,1.0,1.0
frozenset({'Les plus demandés'}),"frozenset({'Beauté & Sport', 'Ventes flash'})",0.2,0.2,0.2,1.0,5.0,1.0,0.16,inf,0.9999999999999998,1.0,1.0,1.0
frozenset({'Ventes flash'}),"frozenset({'Beauté & Sport', 'Les plus demandés'})",0.2,0.2,0.2,1.0,5.0,1.0,0.16,inf,0.9999999999999998,1.0,1.0,1.0
frozenset({'Beauté & Sport'}),"frozenset({'Ventes flash', 'Les plus demandés'})",0.2,0.2,0.2,1.0,5.0,1.0,0.16,inf,0.9999999999999998,1.0,1.0,1.0
"frozenset({'Ventes flash', 'Les plus demandés'})",frozenset({'Beauté & Sport'}),0.2,0.2,0.2,1.0,5.0,1.0,0.16,inf,0.9999999999999998,1.0,1.0,1.0
"frozenset({'Beauté & Sport', 'Les plus demandés'})",frozenset({'Ventes flash'}),0.2,0.2,0.2,1.0,5.0,1.0,0.16,inf,0.9999999999999998,1.0,1.0,1.0
"frozenset({'Beauté & Sport', 'Ventes flash'})",frozenset({'Les plus demandés'}),0.2,0.2,0.2,1.0,5.0,1.0,0.16,inf,0.9999999999999998,1.0,1.0,1.0
frozenset({'Les plus demandés'}),"frozenset({'Maison', 'Beauté & Sport'})",0.2,0.2,0.2,1.0,5.0,1.0,0.16,inf,0.9999999999999998,1.0,1.0,1.0
frozenset({'Beauté & Sport'}),"frozenset({'Maison', 'Les plus demandés'})",0.2,0.2,0.2,1.0,5.0,1.0,0.16,inf,0.9999999999999998,1.0,1.0,1.0
"frozenset({'Maison', 'Les plus demandés'})",frozenset({'Beauté & Sport'}),0.2,0.2,0.2,1.0,5.0,1.0,0.16,inf,0.9999999999999998,1.0,1.0,1.0
"frozenset({'Maison', 'Beauté & Sport'})",frozenset({'Les plus demandés'}),0.2,0.2,0.2,1.0,5.0,1.0,0.16,inf,0.9999999999999998,1.0,1.0,1.0
frozenset({'Beauté'}),"frozenset({'Parfums', 'Téléphones & Accessoires'})",0.2,0.2,0.2,1.0,5.0,1.0,0.16,inf,0.9999999999999998,1.0,1.0,1.0
frozenset({'Téléphones & Accessoires'}),"frozenset({'Parfums', 'Beauté'})",0.2,0.2,0.2,1.0,5.0,1.0,0.16,inf,0.9999999999999998,1.0,1.0,1.0
frozenset({'Bébé'}),"frozenset({'Chaussures', 'Fille'})",0.2,0.2,0.2,1.0,5.0,1.0,0.16,inf,0.9999999999999998,1.0,1.0,1.0
frozenset({'Fille'}),"frozenset({'Chaussures', 'Bébé'})",0.2,0.2,0.2,1.0,5.0,1.0,0.16,inf,0.9999999999999998,1.0,1.0,1.0
frozenset({'Chaussures'}),"frozenset({'Fille', 'Bébé'})",0.2,0.2,0.2,1.0,5.0,1.0,0.16,inf,0.9999999999999998,1.0,1.0,1.0
"frozenset({'Fille', 'Bébé'})",frozenset({'Chaussures'}),0.2,0.2,0.2,1.0,5.0,1.0,0.16,inf,0.9999999999999998,1.0,1.0,1.0
"frozenset({'Chaussures', 'Bébé'})",frozenset({'Fille'}),0.2,0.2,0.2,1.0,5.0,1.0,0.16,inf,0.9999999999999998,1.0,1.0,1.0
"frozenset({'Chaussures', 'Fille'})",frozenset({'Bébé'}),0.2,0.2,0.2,1.0,5.0,1.0,0.16,inf,0.9999999999999998,1.0,1.0,1.0
frozenset({'Bébé'}),"frozenset({'Chaussures', 'Femme'})",0.2,0.2,0.2,1.0,5.0,1.0,0.16,inf,0.9999999999999998,1.0,1.0,1.0
frozenset({'Chaussures'}),"frozenset({'Femme', 'Bébé'})",0.2,0.2,0.2,1.0,5.0,1.0,0.16,inf,0.9999999999999998,1.0,1.0,1.0
"frozenset({'Femme', 'Bébé'})",frozenset({'Chaussures'}),0.2,0.2,0.2,1.0,5.0,1.0,0.16,inf,0.9999999999999998,1.0,1.0,1.0
"frozenset({'Chaussures', 'Femme'})",frozenset({'Bébé'}),0.2,0.2,0.2,1.0,5.0,1.0,0.16,inf,0.9999999999999998,1.0,1.0,1.0
frozenset({'Ventes flash'}),"frozenset({'Maison', 'Beauté & Sport'})",0.2,0.2,0.2,1.0,5.0,1.0,0.16,inf,0.9999999999999998,1.0,1.0,1.0
frozenset({'Beauté & Sport'}),"frozenset({'Maison', 'Ventes flash'})",0.2,0.2,0.2,1.0,5.0,1.0,0.16,inf,0.9999999999999998,1.0,1.0,1.0
"frozenset({'Maison', 'Ventes flash'})",frozenset({'Beauté & Sport'}),0.2,0.2,0.2,1.0,5.0,1.0,0.16,inf,0.9999999999999998,1.0,1.0,1.0
frozenset({'Puériculture'}),"frozenset({'Chaussures', 'Bébé'})",0.2,0.2,0.2,1.0,5.0,1.0,0.16,inf,0.9999999999999998,1.0,1.0,1.0
"frozenset({'Chaussures', 'Bébé'})",frozenset({'Puériculture'}),0.2,0.2,0.2,1.0,5.0,1.0,0.16,inf,0.9999999999999998,1.0,1.0,1.0
"frozenset({'Puériculture', 'Bébé'})",frozenset({'Chaussures'}),0.2,0.2,0.2,1.0,5.0,1.0,0.16,inf,0.9999999999999998,1.0,1.0,1.0
"frozenset({'Puériculture', 'Chaussures'})",frozenset({'Bébé'}),0.2,0.2,0.2,1.0,5.0,1.0,0.16,inf,0.9999999999999998,1.0,1.0,1.0
frozenset({'Bébé'}),"frozenset({'Chaussures', 'Homme'})",0.2,0.2,0.2,1.0,5.0,1.0,0.16,inf,0.9999999999999998,1.0,1.0,1.0
frozenset({'Chaussures'}),"frozenset({'Homme', 'Bébé'})",0.2,0.2,0.2,1.0,5.0,1.0,0.16,inf,0.9999999999999998,1.0,1.0,1.0
"frozenset({'Homme', 'Bébé'})",frozenset({'Chaussures'}),0.2,0.2,0.2,1.0,5.0,1.0,0.16,inf,0.9999999999999998,1.0,1.0,1.0
"frozenset({'Chaussures', 'Homme'})",frozenset({'Bébé'}),0.2,0.2,0.2,1.0,5.0,1.0,0.16,inf,0.9999999999999998,1.0,1.0,1.0
frozenset({'Bébé'}),"frozenset({'Chaussures', 'Garçon'})",0.2,0.2,0.2,1.0,5.0,1.0,0.16,inf,0.9999999999999998,1.0,1.0,1.0
frozenset({'Garçon'}),"frozenset({'Chaussures', 'Bébé'})",0.2,0.2,0.2,1.0,5.0,1.0,0.16,inf,0.9999999999999998,1.0,1.0,1.0
frozenset({'Chaussures'}),"frozenset({'Bébé', 'Garçon'})",0.2,0.2,0.2,1.0,5.0,1.0,0.16,inf,0.9999999999999998,1.0,1.0,1.0
"frozenset({'Bébé', 'Garçon'})",frozenset({'Chaussures'}),0.2,0.2,0.2,1.0,5.0,1.0,0.16,inf,0.9999999999999998,1.0,1.0,1.0
"frozenset({'Chaussures', 'Bébé'})",frozenset({'Garçon'}),0.2,0.2,0.2,1.0,5.0,1.0,0.16,inf,0.9999999999999998,1.0,1.0,1.0
"frozenset({'Chaussures', 'Garçon'})",frozenset({'Bébé'}),0.2,0.2,0.2,1.0,5.0,1.0,0.16,inf,0.9999999999999998,1.0,1.0,1.0
frozenset({'Bébé'}),"frozenset({'Femme', 'Garçon'})",0.2,0.2,0.2,1.0,5.0,1.0,0.16,inf,0.9999999999999998,1.0,1.0,1.0
frozenset({'Garçon'}),"frozenset({'Femme', 'Bébé'})",0.2,0.2,0.2,1.0,5.0,1.0,0.16,inf,0.9999999999999998,1.0,1.0,1.0
"frozenset({'Femme', 'Bébé'})",frozenset({'Garçon'}),0.2,0.2,0.2,1.0,5.0,1.0,0.16,inf,0.9999999999999998,1.0,1.0,1.0
"frozenset({'Femme', 'Garçon'})",frozenset({'Bébé'}),0.2,0.2,0.2,1.0,5.0,1.0,0.16,inf,0.9999999999999998,1.0,1.0,1.0
frozenset({'Bébé'}),"frozenset({'Fille', 'Femme'})",0.2,0.2,0.2,1.0,5.0,1.0,0.16,inf,0.9999999999999998,1.0,1.0,1.0
frozenset({'Fille'}),"frozenset({'Femme', 'Bébé'})",0.2,0.2,0.2,1.0,5.0,1.0,0.16,inf,0.9999999999999998,1.0,1.0,1.0
"frozenset({'Femme', 'Bébé'})",frozenset({'Fille'}),0.2,0.2,0.2,1.0,5.0,1.0,0.16,inf,0.9999999999999998,1.0,1.0,1.0
"frozenset({'Fille', 'Femme'})",frozenset({'Bébé'}),0.2,0.2,0.2,1.0,5.0,1.0,0.16,inf,0.9999999999999998,1.0,1.0,1.0
frozenset({'Bébé'}),"frozenset({'Puériculture', 'Chaussures'})",0.2,0.2,0.2,1.0,5.0,1.0,0.16,inf,0.9999999999999998,1.0,1.0,1.0
frozenset({'Chaussures'}),"frozenset({'Puériculture', 'Bébé'})",0.2,0.2,0.2,1.0,5.0,1.0,0.16,inf,0.9999999999999998,1.0,1.0,1.0
"frozenset({'Bébé', 'Fille', 'Femme', 'Garçon', 'Puériculture'})","frozenset({'Chaussures', 'Homme'})",0.2,0.2,0.2,1.0,5.0,1.0,0.16,inf,0.9999999999999998,1.0,1.0,1.0
"frozenset({'Homme', 'Fille', 'Femme', 'Garçon', 'Puériculture'})","frozenset({'Chaussures', 'Bébé'})",0.2,0.2,0.2,1.0,5.0,1.0,0.16,inf,0.9999999999999998,1.0,1.0,1.0
"frozenset({'Homme', 'Bébé', 'Femme', 'Garçon', 'Puériculture'})","frozenset({'Chaussures', 'Fille'})",0.2,0.2,0.2,1.0,5.0,1.0,0.16,inf,0.9999999999999998,1.0,1.0,1.0
"frozenset({'Homme', 'Bébé', 'Fille', 'Garçon', 'Puériculture'})","frozenset({'Chaussures', 'Femme'})",0.2,0.2,0.2,1.0,5.0,1.0,0.16,inf,0.9999999999999998,1.0,1.0,1.0
"frozenset({'Homme', 'Bébé', 'Fille', 'Femme', 'Puériculture'})","frozenset({'Chaussures', 'Garçon'})",0.2,0.2,0.2,1.0,5.0,1.0,0.16,inf,0.9999999999999998,1.0,1.0,1.0
"frozenset({'Homme', 'Bébé', 'Fille', 'Femme', 'Garçon'})","frozenset({'Puériculture', 'Chaussures'})",0.2,0.2,0.2,1.0,5.0,1.0,0.16,inf,0.9999999999999998,1.0,1.0,1.0
"frozenset({'Chaussures', 'Fille', 'Femme', 'Garçon', 'Puériculture'})","frozenset({'Homme', 'Bébé'})",0.2,0.2,0.2,1.0,5.0,1.0,0.16,inf,0.9999999999999998,1.0,1.0,1.0
"frozenset({'Chaussures', 'Bébé', 'Femme', 'Garçon', 'Puériculture'})","frozenset({'Homme', 'Fille'})",0.2,0.2,0.2,1.0,5.0,1.0,0.16,inf,0.9999999999999998,1.0,1.0,1.0
"frozenset({'Chaussures', 'Bébé', 'Fille', 'Femme', 'Puériculture'})","frozenset({'Homme', 'Garçon'})",0.2,0.2,0.2,1.0,5.0,1.0,0.16,inf,0.9999999999999998,1.0,1.0,1.0
"frozenset({'Chaussures', 'Bébé', 'Fille', 'Femme', 'Garçon'})","frozenset({'Puériculture', 'Homme'})",0.2,0.2,0.2,1.0,5.0,1.0,0.16,inf,0.9999999999999998,1.0,1.0,1.0
"frozenset({'Chaussures', 'Homme', 'Femme', 'Garçon', 'Puériculture'})","frozenset({'Fille', 'Bébé'})",0.2,0.2,0.2,1.0,5.0,1.0,0.16,inf,0.9999999999999998,1.0,1.0,1.0
"frozenset({'Chaussures', 'Homme', 'Fille', 'Garçon', 'Puériculture'})","frozenset({'Femme', 'Bébé'})",0.2,0.2,0.2,1.0,5.0,1.0,0.16,inf,0.9999999999999998,1.0,1.0,1.0
"frozenset({'Chaussures', 'Homme', 'Fille', 'Femme', 'Puériculture'})","frozenset({'Garçon', 'Bébé'})",0.2,0.2,0.2,1.0,5.0,1.0,0.16,inf,0.9999999999999998,1.0,1.0,1.0
"frozenset({'Chaussures', 'Homme', 'Fille', 'Femme', 'Garçon'})","frozenset({'Puériculture', 'Bébé'})",0.2,0.2,0.2,1.0,5.0,1.0,0.16,inf,0.9999999999999998,1.0,1.0,1.0
"frozenset({'Chaussures', 'Homme', 'Bébé', 'Garçon', 'Puériculture'})","frozenset({'Fille', 'Femme'})",0.2,0.2,0.2,1.0,5.0,1.0,0.16,inf,0.9999999999999998,1.0,1.0,1.0
frozenset({'Bébé'}),"frozenset({'Fille', 'Garçon'})",0.2,0.2,0.2,1.0,5.0,1.0,0.16,inf,0.9999999999999998,1.0,1.0,1.0
frozenset({'Garçon'}),"frozenset({'Fille', 'Bébé'})",0.2,0.2,0.2,1.0,5.0,1.0,0.16,inf,0.9999999999999998,1.0,1.0,1.0
frozenset({'Fille'}),"frozenset({'Bébé', 'Garçon'})",0.2,0.2,0.2,1.0,5.0,1.0,0.16,inf,0.9999999999999998,1.0,1.0,1.0
"frozenset({'Bébé', 'Garçon'})",frozenset({'Fille'}),0.2,0.2,0.2,1.0,5.0,1.0,0.16,inf,0.9999999999999998,1.0,1.0,1.0
"frozenset({'Fille', 'Bébé'})",frozenset({'Garçon'}),0.2,0.2,0.2,1.0,5.0,1.0,0.16,inf,0.9999999999999998,1.0,1.0,1.0
"frozenset({'Fille', 'Garçon'})",frozenset({'Bébé'}),0.2,0.2,0.2,1.0,5.0,1.0,0.16,inf,0.9999999999999998,1.0,1.0,1.0
frozenset({'Bébé'}),"frozenset({'Puériculture', 'Femme'})",0.2,0.2,0.2,1.0,5.0,1.0,0.16,inf,0.9999999999999998,1.0,1.0,1.0
frozenset({'Puériculture'}),"frozenset({'Femme', 'Bébé'})",0.2,0.2,0.2,1.0,5.0,1.0,0.16,inf,0.9999999999999998,1.0,1.0,1.0
"frozenset({'Femme', 'Bébé'})",frozenset({'Puériculture'}),0.2,0.2,0.2,1.0,5.0,1.0,0.16,inf,0.9999999999999998,1.0,1.0,1.0
"frozenset({'Puériculture', 'Femme'})",frozenset({'Bébé'}),0.2,0.2,0.2,1.0,5.0,1.0,0.16,inf,0.9999999999999998,1.0,1.0,1.0
"frozenset({'Homme', 'Bébé'})",frozenset({'Garçon'}),0.2,0.2,0.2,1.0,5.0,1.0,0.16,inf,0.9999999999999998,1.0,1.0,1.0
"frozenset({'Homme', 'Garçon'})",frozenset({'Bébé'}),0.2,0.2,0.2,1.0,5.0,1.0,0.16,inf,0.9999999999999998,1.0,1.0,1.0
frozenset({'Bébé'}),"frozenset({'Puériculture', 'Fille'})",0.2,0.2,0.2,1.0,5.0,1.0,0.16,inf,0.9999999999999998,1.0,1.0,1.0
frozenset({'Fille'}),"frozenset({'Puériculture', 'Bébé'})",0.2,0.2,0.2,1.0,5.0,1.0,0.16,inf,0.9999999999999998,1.0,1.0,1.0
frozenset({'Puériculture'}),"frozenset({'Fille', 'Bébé'})",0.2,0.2,0.2,1.0,5.0,1.0,0.16,inf,0.9999999999999998,1.0,1.0,1.0
"frozenset({'Fille', 'Bébé'})",frozenset({'Puériculture'}),0.2,0.2,0.2,1.0,5.0,1.0,0.16,inf,0.9999999999999998,1.0,1.0,1.0
"frozenset({'Puériculture', 'Bébé'})",frozenset({'Fille'}),0.2,0.2,0.2,1.0,5.0,1.0,0.16,inf,0.9999999999999998,1.0,1.0,1.0
"frozenset({'Puériculture', 'Fille'})",frozenset({'Bébé'}),0.2,0.2,0.2,1.0,5.0,1.0,0.16,inf,0.9999999999999998,1.0,1.0,1.0
frozenset({'Bébé'}),"frozenset({'Homme', 'Fille'})",0.2,0.2,0.2,1.0,5.0,1.0,0.16,inf,0.9999999999999998,1.0,1.0,1.0
frozenset({'Fille'}),"frozenset({'Homme', 'Bébé'})",0.2,0.2,0.2,1.0,5.0,1.0,0.16,inf,0.9999999999999998,1.0,1.0,1.0
"frozenset({'Homme', 'Bébé'})",frozenset({'Fille'}),0.2,0.2,0.2,1.0,5.0,1.0,0.16,inf,0.9999999999999998,1.0,1.0,1.0
"frozenset({'Homme', 'Fille'})",frozenset({'Bébé'}),0.2,0.2,0.2,1.0,5.0,1.0,0.16,inf,0.9999999999999998,1.0,1.0,1.0
"frozenset({'Chaussures', 'Femme'})",frozenset({'Fille'}),0.2,0.2,0.2,1.0,5.0,1.0,0.16,inf,0.9999999999999998,1.0,1.0,1.0
frozenset({'Bébé'}),"frozenset({'Puériculture', 'Homme'})",0.2,0.2,0.2,1.0,5.0,1.0,0.16,inf,0.9999999999999998,1.0,1.0,1.0
frozenset({'Puériculture'}),"frozenset({'Homme', 'Bébé'})",0.2,0.2,0.2,1.0,5.0,1.0,0.16,inf,0.9999999999999998,1.0,1.0,1.0
"frozenset({'Homme', 'Bébé'})",frozenset({'Puériculture'}),0.2,0.2,0.2,1.0,5.0,1.0,0.16,inf,0.9999999999999998,1.0,1.0,1.0
"frozenset({'Puériculture', 'Homme'})",frozenset({'Bébé'}),0.2,0.2,0.2,1.0,5.0,1.0,0.16,inf,0.9999999999999998,1.0,1.0,1.0
frozenset({'Bébé'}),"frozenset({'Puériculture', 'Garçon'})",0.2,0.2,0.2,1.0,5.0,1.0,0.16,inf,0.9999999999999998,1.0,1.0,1.0
frozenset({'Garçon'}),"frozenset({'Puériculture', 'Bébé'})",0.2,0.2,0.2,1.0,5.0,1.0,0.16,inf,0.9999999999999998,1.0,1.0,1.0
frozenset({'Puériculture'}),"frozenset({'Bébé', 'Garçon'})",0.2,0.2,0.2,1.0,5.0,1.0,0.16,inf,0.9999999999999998,1.0,1.0,1.0
"frozenset({'Bébé', 'Garçon'})",frozenset({'Puériculture'}),0.2,0.2,0.2,1.0,5.0,1.0,0.16,inf,0.9999999999999998,1.0,1.0,1.0
"frozenset({'Puériculture', 'Bébé'})",frozenset({'Garçon'}),0.2,0.2,0.2,1.0,5.0,1.0,0.16,inf,0.9999999999999998,1.0,1.0,1.0
"frozenset({'Puériculture', 'Garçon'})",frozenset({'Bébé'}),0.2,0.2,0.2,1.0,5.0,1.0,0.16,inf,0.9999999999999998,1.0,1.0,1.0
frozenset({'Bébé'}),"frozenset({'Homme', 'Garçon'})",0.2,0.2,0.2,1.0,5.0,1.0,0.16,inf,0.9999999999999998,1.0,1.0,1.0
frozenset({'Garçon'}),"frozenset({'Homme', 'Bébé'})",0.2,0.2,0.2,1.0,5.0,1.0,0.16,inf,0.9999999999999998,1.0,1.0,1.0
frozenset({'Garçon'}),"frozenset({'Chaussures', 'Femme'})",0.2,0.2,0.2,1.0,5.0,1.0,0.16,inf,0.9999999999999998,1.0,1.0,1.0
frozenset({'Chaussures'}),"frozenset({'Femme', 'Garçon'})",0.2,0.2,0.2,1.0,5.0,1.0,0.16,inf,0.9999999999999998,1.0,1.0,1.0
"frozenset({'Femme', 'Garçon'})",frozenset({'Chaussures'}),0.2,0.2,0.2,1.0,5.0,1.0,0.16,inf,0.9999999999999998,1.0,1.0,1.0
"frozenset({'Chaussures', 'Femme'})",frozenset({'Garçon'}),0.2,0.2,0.2,1.0,5.0,1.0,0.16,inf,0.9999999999999998,1.0,1.0,1.0
frozenset({'Fille'}),"frozenset({'Chaussures', 'Femme'})",0.2,0.2,0.2,1.0,5.0,1.0,0.16,inf,0.9999999999999998,1.0,1.0,1.0
frozenset({'Chaussures'}),"frozenset({'Fille', 'Femme'})",0.2,0.2,0.2,1.0,5.0,1.0,0.16,inf,0.9999999999999998,1.0,1.0,1.0
"frozenset({'Fille', 'Femme'})",frozenset({'Chaussures'}),0.2,0.2,0.2,1.0,5.0,1.0,0.16,inf,0.9999999999999998,1.0,1.0,1.0
"frozenset({'Chaussures', 'Homme', 'Bébé', 'Femme', 'Puériculture'})","frozenset({'Fille', 'Garçon'})",0.2,0.2,0.2,1.0,5.0,1.0,0.16,inf,0.9999999999999998,1.0,1.0,1.0
"frozenset({'Chaussures', 'Homme', 'Bébé', 'Femme', 'Garçon'})","frozenset({'Puériculture', 'Fille'})",0.2,0.2,0.2,1.0,5.0,1.0,0.16,inf,0.9999999999999998,1.0,1.0,1.0
"frozenset({'Chaussures', 'Homme', 'Bébé', 'Fille', 'Puériculture'})","frozenset({'Femme', 'Garçon'})",0.2,0.2,0.2,1.0,5.0,1.0,0.16,inf,0.9999999999999998,1.0,1.0,1.0
"frozenset({'Chaussures', 'Homme', 'Bébé', 'Fille', 'Garçon'})","frozenset({'Puériculture', 'Femme'})",0.2,0.2,0.2,1.0,5.0,1.0,0.16,inf,0.9999999999999998,1.0,1.0,1.0
"frozenset({'Chaussures', 'Homme', 'Bébé', 'Fille', 'Femme'})","frozenset({'Puériculture', 'Garçon'})",0.2,0.2,0.2,1.0,5.0,1.0,0.16,inf,0.9999999999999998,1.0,1.0,1.0
"frozenset({'Homme', 'Bébé', 'Fille', 'Femme', 'Garçon', 'Puériculture'})",frozenset({'Chaussures'}),0.2,0.2,0.2,1.0,5.0,1.0,0.16,inf,0.9999999999999998,1.0,1.0,1.0
"frozenset({'Chaussures', 'Homme', 'Fille', 'Femme', 'Garçon', 'Puériculture'})",frozenset({'Bébé'}),0.2,0.2,0.2,1.0,5.0,1.0,0.16,inf,0.9999999999999998,1.0,1.0,1.0
"frozenset({'Chaussures', 'Homme', 'Bébé', 'Femme', 'Garçon', 'Puériculture'})",frozenset({'Fille'}),0.2,0.2,0.2,1.0,5.0,1.0,0.16,inf,0.9999999999999998,1.0,1.0,1.0
"frozenset({'Chaussures', 'Homme', 'Bébé', 'Fille', 'Femme', 'Puériculture'})",frozenset({'Garçon'}),0.2,0.2,0.2,1.0,5.0,1.0,0.16,inf,0.9999999999999998,1.0,1.0,1.0
"frozenset({'Chaussures', 'Homme', 'Bébé', 'Fille', 'Femme', 'Garçon'})",frozenset({'Puériculture'}),0.2,0.2,0.2,1.0,5.0,1.0,0.16,inf,0.9999999999999998,1.0,1.0,1.0
frozenset({'Puériculture'}),"frozenset({'Chaussures', 'Homme', 'Fille', 'Femme', 'Garçon'})",0.2,0.2,0.2,1.0,5.0,1.0,0.16,inf,0.9999999999999998,1.0,1.0,1.0
frozenset({'Garçon'}),"frozenset({'Chaussures', 'Homme', 'Fille', 'Femme', 'Puériculture'})",0.2,0.2,0.2,1.0,5.0,1.0,0.16,inf,0.9999999999999998,1.0,1.0,1.0
frozenset({'Fille'}),"frozenset({'Chaussures', 'Homme', 'Femme', 'Garçon', 'Puériculture'})",0.2,0.2,0.2,1.0,5.0,1.0,0.16,inf,0.9999999999999998,1.0,1.0,1.0
frozenset({'Chaussures'}),"frozenset({'Fille', 'Homme'})",0.2,0.2,0.2,1.0,5.0,1.0,0.16,inf,0.9999999999999998,1.0,1.0,1.0
"frozenset({'Fille', 'Homme'})",frozenset({'Chaussures'}),0.2,0.2,0.2,1.0,5.0,1.0,0.16,inf,0.9999999999999998,1.0,1.0,1.0
"frozenset({'Chaussures', 'Homme'})",frozenset({'Fille'}),0.2,0.2,0.2,1.0,5.0,1.0,0.16,inf,0.9999999999999998,1.0,1.0,1.0
frozenset({'Garçon'}),"frozenset({'Chaussures', 'Fille'})",0.2,0.2,0.2,1.0,5.0,1.0,0.16,inf,0.9999999999999998,1.0,1.0,1.0
frozenset({'Fille'}),"frozenset({'Chaussures', 'Garçon'})",0.2,0.2,0.2,1.0,5.0,1.0,0.16,inf,0.9999999999999998,1.0,1.0,1.0
frozenset({'Chaussures'}),"frozenset({'Fille', 'Garçon'})",0.2,0.2,0.2,1.0,5.0,1.0,0.16,inf,0.9999999999999998,1.0,1.0,1.0
"frozenset({'Fille', 'Garçon'})",frozenset({'Chaussures'}),0.2,0.2,0.2,1.0,5.0,1.0,0.16,inf,0.9999999999999998,1.0,1.0,1.0
"frozenset({'Chaussures', 'Garçon'})",frozenset({'Fille'}),0.2,0.2,0.2,1.0,5.0,1.0,0.16,inf,0.9999999999999998,1.0,1.0,1.0
"frozenset({'Chaussures', 'Fille'})",frozenset({'Garçon'}),0.2,0.2,0.2,1.0,5.0,1.0,0.16,inf,0.9999999999999998,1.0,1.0,1.0
frozenset({'Chaussures'}),"frozenset({'Puériculture', 'Femme'})",0.2,0.2,0.2,1.0,5.0,1.0,0.16,inf,0.9999999999999998,1.0,1.0,1.0
frozenset({'Puériculture'}),"frozenset({'Chaussures', 'Femme'})",0.2,0.2,0.2,1.0,5.0,1.0,0.16,inf,0.9999999999999998,1.0,1.0,1.0
"frozenset({'Chaussures', 'Femme'})",frozenset({'Puériculture'}),0.2,0.2,0.2,1.0,5.0,1.0,0.16,inf,0.9999999999999998,1.0,1.0,1.0
"frozenset({'Puériculture', 'Femme'})",frozenset({'Chaussures'}),0.2,0.2,0.2,1.0,5.0,1.0,0.16,inf,0.9999999999999998,1.0,1.0,1.0
"frozenset({'Puériculture', 'Garçon'})",frozenset({'Chaussures'}),0.2,0.2,0.2,1.0,5.0,1.0,0.16,inf,0.9999999999999998,1.0,1.0,1.0
"frozenset({'Puériculture', 'Chaussures'})",frozenset({'Garçon'}),0.2,0.2,0.2,1.0,5.0,1.0,0.16,inf,0.9999999999999998,1.0,1.0,1.0
frozenset({'Garçon'}),"frozenset({'Chaussures', 'Homme'})",0.2,0.2,0.2,1.0,5.0,1.0,0.16,inf,0.9999999999999998,1.0,1.0,1.0
frozenset({'Chaussures'}),"frozenset({'Homme', 'Garçon'})",0.2,0.2,0.2,1.0,5.0,1.0,0.16,inf,0.9999999999999998,1.0,1.0,1.0
"frozenset({'Homme', 'Garçon'})",frozenset({'Chaussures'}),0.2,0.2,0.2,1.0,5.0,1.0,0.16,inf,0.9999999999999998,1.0,1.0,1.0
"frozenset({'Chaussures', 'Homme'})",frozenset({'Garçon'}),0.2,0.2,0.2,1.0,5.0,1.0,0.16,inf,0.9999999999999998,1.0,1.0,1.0
frozenset({'Fille'}),"frozenset({'Puériculture', 'Chaussures'})",0.2,0.2,0.2,1.0,5.0,1.0,0.16,inf,0.9999999999999998,1.0,1.0,1.0
frozenset({'Chaussures'}),"frozenset({'Puériculture', 'Fille'})",0.2,0.2,0.2,1.0,5.0,1.0,0.16,inf,0.9999999999999998,1.0,1.0,1.0
frozenset({'Puériculture'}),"frozenset({'Chaussures', 'Fille'})",0.2,0.2,0.2,1.0,5.0,1.0,0.16,inf,0.9999999999999998,1.0,1.0,1.0
"frozenset({'Chaussures', 'Fille'})",frozenset({'Puériculture'}),0.2,0.2,0.2,1.0,5.0,1.0,0.16,inf,0.9999999999999998,1.0,1.0,1.0
"frozenset({'Puériculture', 'Fille'})",frozenset({'Chaussures'}),0.2,0.2,0.2,1.0,5.0,1.0,0.16,inf,0.9999999999999998,1.0,1.0,1.0
"frozenset({'Puériculture', 'Chaussures'})",frozenset({'Fille'}),0.2,0.2,0.2,1.0,5.0,1.0,0.16,inf,0.9999999999999998,1.0,1.0,1.0
frozenset({'Fille'}),"frozenset({'Chaussures', 'Homme'})",0.2,0.2,0.2,1.0,5.0,1.0,0.16,inf,0.9999999999999998,1.0,1.0,1.0
frozenset({'Chaussures'}),"frozenset({'Homme', 'Fille', 'Femme', 'Garçon', 'Puériculture'})",0.2,0.2,0.2,1.0,5.0,1.0,0.16,inf,0.9999999999999998,1.0,1.0,1.0
"frozenset({'Puériculture', 'Garçon'})","frozenset({'Chaussures', 'Homme', 'Femme', 'Fille'})",0.2,0.2,0.2,1.0,5.0,1.0,0.16,inf,0.9999999999999998,1.0,1.0,1.0
"frozenset({'Puériculture', 'Femme'})","frozenset({'Chaussures', 'Homme', 'Garçon', 'Fille'})",0.2,0.2,0.2,1.0,5.0,1.0,0.16,inf,0.9999999999999998,1.0,1.0,1.0
"frozenset({'Femme', 'Garçon'})","frozenset({'Puériculture', 'Chaussures', 'Homme', 'Fille'})",0.2,0.2,0.2,1.0,5.0,1.0,0.16,inf,0.9999999999999998,1.0,1.0,1.0
"frozenset({'Puériculture', 'Fille'})","frozenset({'Chaussures', 'Homme', 'Femme', 'Garçon'})",0.2,0.2,0.2,1.0,5.0,1.0,0.16,inf,0.9999999999999998,1.0,1.0,1.0
"frozenset({'Fille', 'Garçon'})","frozenset({'Puériculture', 'Chaussures', 'Homme', 'Femme'})",0.2,0.2,0.2,1.0,5.0,1.0,0.16,inf,0.9999999999999998,1.0,1.0,1.0
"frozenset({'Fille', 'Femme'})","frozenset({'Puériculture', 'Chaussures', 'Homme', 'Garçon'})",0.2,0.2,0.2,1.0,5.0,1.0,0.16,inf,0.9999999999999998,1.0,1.0,1.0
"frozenset({'Puériculture', 'Homme'})","frozenset({'Chaussures', 'Fille', 'Femme', 'Garçon'})",0.2,0.2,0.2,1.0,5.0,1.0,0.16,inf,0.9999999999999998,1.0,1.0,1.0
"frozenset({'Homme', 'Garçon'})","frozenset({'Puériculture', 'Chaussures', 'Fille', 'Femme'})",0.2,0.2,0.2,1.0,5.0,1.0,0.16,inf,0.9999999999999998,1.0,1.0,1.0
"frozenset({'Homme', 'Fille'})","frozenset({'Puériculture', 'Chaussures', 'Femme', 'Garçon'})",0.2,0.2,0.2,1.0,5.0,1.0,0.16,inf,0.9999999999999998,1.0,1.0,1.0
"frozenset({'Puériculture', 'Chaussures'})","frozenset({'Homme', 'Femme', 'Garçon', 'Fille'})",0.2,0.2,0.2,1.0,5.0,1.0,0.16,inf,0.9999999999999998,1.0,1.0,1.0
"frozenset({'Chaussures', 'Garçon'})","frozenset({'Puériculture', 'Homme', 'Femme', 'Fille'})",0.2,0.2,0.2,1.0,5.0,1.0,0.16,inf,0.9999999999999998,1.0,1.0,1.0
"frozenset({'Chaussures', 'Femme'})","frozenset({'Puériculture', 'Homme', 'Garçon', 'Fille'})",0.2,0.2,0.2,1.0,5.0,1.0,0.16,inf,0.9999999999999998,1.0,1.0,1.0
"frozenset({'Chaussures', 'Fille'})","frozenset({'Puériculture', 'Homme', 'Femme', 'Garçon'})",0.2,0.2,0.2,1.0,5.0,1.0,0.16,inf,0.9999999999999998,1.0,1.0,1.0
frozenset({'Corps'}),"frozenset({'Cheveux', 'Maquillage'})",0.2,0.2,0.2,1.0,5.0,1.0,0.16,inf,0.9999999999999998,1.0,1.0,1.0
frozenset({'Cheveux'}),"frozenset({'Maquillage', 'Corps'})",0.2,0.2,0.2,1.0,5.0,1.0,0.16,inf,0.9999999999999998,1.0,1.0,1.0
"frozenset({'Maquillage', 'Corps'})",frozenset({'Cheveux'}),0.2,0.2,0.2,1.0,5.0,1.0,0.16,inf,0.9999999999999998,1.0,1.0,1.0
"frozenset({'Cheveux', 'Maquillage'})",frozenset({'Corps'}),0.2,0.2,0.2,1.0,5.0,1.0,0.16,inf,0.9999999999999998,1.0,1.0,1.0
frozenset({'Chaussures'}),"frozenset({'Puériculture', 'Homme'})",0.2,0.2,0.2,1.0,5.0,1.0,0.16,inf,0.9999999999999998,1.0,1.0,1.0
frozenset({'Puériculture'}),"frozenset({'Chaussures', 'Homme'})",0.2,0.2,0.2,1.0,5.0,1.0,0.16,inf,0.9999999999999998,1.0,1.0,1.0
"frozenset({'Chaussures', 'Homme'})",frozenset({'Puériculture'}),0.2,0.2,0.2,1.0,5.0,1.0,0.16,inf,0.9999999999999998,1.0,1.0,1.0
"frozenset({'Puériculture', 'Homme'})",frozenset({'Chaussures'}),0.2,0.2,0.2,1.0,5.0,1.0,0.16,inf,0.9999999999999998,1.0,1.0,1.0
frozenset({'Garçon'}),"frozenset({'Puériculture', 'Chaussures'})",0.2,0.2,0.2,1.0,5.0,1.0,0.16,inf,0.9999999999999998,1.0,1.0,1.0
frozenset({'Chaussures'}),"frozenset({'Puériculture', 'Garçon'})",0.2,0.2,0.2,1.0,5.0,1.0,0.16,inf,0.9999999999999998,1.0,1.0,1.0
frozenset({'Puériculture'}),"frozenset({'Chaussures', 'Garçon'})",0.2,0.2,0.2,1.0,5.0,1.0,0.16,inf,0.9999999999999998,1.0,1.0,1.0
"frozenset({'Chaussures', 'Garçon'})",frozenset({'Puériculture'}),0.2,0.2,0.2,1.0,5.0,1.0,0.16,inf,0.9999999999999998,1.0,1.0,1.0
frozenset({'Solaire'}),"frozenset({'Maquillage', 'Corps'})",0.2,0.2,0.2,1.0,5.0,1.0,0.16,inf,0.9999999999999998,1.0,1.0,1.0
"frozenset({'Maquillage', 'Corps'})",frozenset({'Solaire'}),0.2,0.2,0.2,1.0,5.0,1.0,0.16,inf,0.9999999999999998,1.0,1.0,1.0
"frozenset({'Solaire', 'Maquillage'})",frozenset({'Corps'}),0.2,0.2,0.2,1.0,5.0,1.0,0.16,inf,0.9999999999999998,1.0,1.0,1.0
frozenset({'Cheveux'}),"frozenset({'Solaire', 'Maquillage'})",0.2,0.2,0.2,1.0,5.0,1.0,0.16,inf,0.9999999999999998,1.0,1.0,1.0
frozenset({'Solaire'}),"frozenset({'Cheveux', 'Maquillage'})",0.2,0.2,0.2,1.0,5.0,1.0,0.16,inf,0.9999999999999998,1.0,1.0,1.0
"frozenset({'Cheveux', 'Maquillage'})",frozenset({'Solaire'}),0.2,0.2,0.2,1.0,5.0,1.0,0.16,inf,0.9999999999999998,1.0,1.0,1.0
"frozenset({'Solaire', 'Maquillage'})",frozenset({'Cheveux'}),0.2,0.2,0.2,1.0,5.0,1.0,0.16,inf,0.9999999999999998,1.0,1.0,1.0
frozenset({'Corps'}),"frozenset({'Solaire', 'Cheveux'})",0.2,0.2,0.2,1.0,5.0,1.0,0.16,inf,0.9999999999999998,1.0,1.0,1.0
frozenset({'Cheveux'}),"frozenset({'Solaire', 'Corps'})",0.2,0.2,0.2,1.0,5.0,1.0,0.16,inf,0.9999999999999998,1.0,1.0,1.0
frozenset({'Solaire'}),"frozenset({'Cheveux', 'Corps'})",0.2,0.2,0.2,1.0,5.0,1.0,0.16,inf,0.9999999999999998,1.0,1.0,1.0
"frozenset({'Cheveux', 'Corps'})",frozenset({'Solaire'}),0.2,0.2,0.2,1.0,5.0,1.0,0.16,inf,0.9999999999999998,1.0,1.0,1.0
"frozenset({'Solaire', 'Corps'})",frozenset({'Cheveux'}),0.2,0.2,0.2,1.0,5.0,1.0,0.16,inf,0.9999999999999998,1.0,1.0,1.0
"frozenset({'Solaire', 'Cheveux'})",frozenset({'Corps'}),0.2,0.2,0.2,1.0,5.0,1.0,0.16,inf,0.9999999999999998,1.0,1.0,1.0
"frozenset({'Enfants', 'Femme'})",frozenset({'Ventes Flash'}),0.2,0.2,0.2,1.0,5.0,1.0,0.16,inf,0.9999999999999998,1.0,1.0,1.0
frozenset({'Enfants'}),"frozenset({'Maison', 'Femme'})",0.2,0.2,0.2,1.0,5.0,1.0,0.16,inf,0.9999999999999998,1.0,1.0,1.0
"frozenset({'Maison', 'Femme'})",frozenset({'Enfants'}),0.2,0.2,0.2,1.0,5.0,1.0,0.16,inf,0.9999999999999998,1.0,1.0,1.0
frozenset({'Corps'}),"frozenset({'Solaire', 'Maquillage'})",0.2,0.2,0.2,1.0,5.0,1.0,0.16,inf,0.9999999999999998,1.0,1.0,1.0
"frozenset({'Chaussures', 'Homme'})","frozenset({'Puériculture', 'Fille', 'Femme', 'Garçon'})",0.2,0.2,0.2,1.0,5.0,1.0,0.16,inf,0.9999999999999998,1.0,1.0,1.0
"frozenset({'Puériculture', 'Femme', 'Garçon'})","frozenset({'Chaussures', 'Homme', 'Fille'})",0.2,0.2,0.2,1.0,5.0,1.0,0.16,inf,0.9999999999999998,1.0,1.0,1.0
"frozenset({'Puériculture', 'Fille', 'Garçon'})","frozenset({'Chaussures', 'Homme', 'Femme'})",0.2,0.2,0.2,1.0,5.0,1.0,0.16,inf,0.9999999999999998,1.0,1.0,1.0
"frozenset({'Puériculture', 'Fille', 'Femme'})","frozenset({'Chaussures', 'Homme', 'Garçon'})",0.2,0.2,0.2,1.0,5.0,1.0,0.16,inf,0.9999999999999998,1.0,1.0,1.0
"frozenset({'Fille', 'Femme', 'Garçon'})","frozenset({'Puériculture', 'Chaussures', 'Homme'})",0.2,0.2,0.2,1.0,5.0,1.0,0.16,inf,0.9999999999999998,1.0,1.0,1.0
"frozenset({'Puériculture', 'Homme', 'Garçon'})","frozenset({'Chaussures', 'Fille', 'Femme'})",0.2,0.2,0.2,1.0,5.0,1.0,0.16,inf,0.9999999999999998,1.0,1.0,1.0
"frozenset({'Puériculture', 'Homme', 'Femme'})","frozenset({'Chaussures', 'Fille', 'Garçon'})",0.2,0.2,0.2,1.0,5.0,1.0,0.16,inf,0.9999999999999998,1.0,1.0,1.0
"frozenset({'Homme', 'Femme', 'Garçon'})","frozenset({'Puériculture', 'Chaussures', 'Fille'})",0.2,0.2,0.2,1.0,5.0,1.0,0.16,inf,0.9999999999999998,1.0,1.0,1.0
"frozenset({'Puériculture', 'Homme', 'Fille'})","frozenset({'Chaussures', 'Femme', 'Garçon'})",0.2,0.2,0.2,1.0,5.0,1.0,0.16,inf,0.9999999999999998,1.0,1.0,1.0
"frozenset({'Homme', 'Garçon', 'Fille'})","frozenset({'Puériculture', 'Chaussures', 'Femme'})",0.2,0.2,0.2,1.0,5.0,1.0,0.16,inf,0.9999999999999998,1.0,1.0,1.0
"frozenset({'Homme', 'Femme', 'Fille'})","frozenset({'Puériculture', 'Chaussures', 'Garçon'})",0.2,0.2,0.2,1.0,5.0,1.0,0.16,inf,0.9999999999999998,1.0,1.0,1.0
"frozenset({'Puériculture', 'Chaussures', 'Garçon'})","frozenset({'Homme', 'Femme', 'Fille'})",0.2,0.2,0.2,1.0,5.0,1.0,0.16,inf,0.9999999999999998,1.0,1.0,1.0
"frozenset({'Puériculture', 'Chaussures', 'Femme'})","frozenset({'Homme', 'Garçon', 'Fille'})",0.2,0.2,0.2,1.0,5.0,1.0,0.16,inf,0.9999999999999998,1.0,1.0,1.0
"frozenset({'Chaussures', 'Femme', 'Garçon'})","frozenset({'Puériculture', 'Homme', 'Fille'})",0.2,0.2,0.2,1.0,5.0,1.0,0.16,inf,0.9999999999999998,1.0,1.0,1.0
"frozenset({'Puériculture', 'Chaussures', 'Fille'})","frozenset({'Homme', 'Femme', 'Garçon'})",0.2,0.2,0.2,1.0,5.0,1.0,0.16,inf,0.9999999999999998,1.0,1.0,1.0
"frozenset({'Chaussures', 'Fille', 'Garçon'})","frozenset({'Puériculture', 'Homme', 'Femme'})",0.2,0.2,0.2,1.0,5.0,1.0,0.16,inf,0.9999999999999998,1.0,1.0,1.0
frozenset({'Ventes Flash'}),"frozenset({'Enfants', 'Homme'})",0.2,0.2,0.2,1.0,5.0,1.0,0.16,inf,0.9999999999999998,1.0,1.0,1.0
frozenset({'Enfants'}),"frozenset({'Homme', 'Ventes Flash'})",0.2,0.2,0.2,1.0,5.0,1.0,0.16,inf,0.9999999999999998,1.0,1.0,1.0
"frozenset({'Homme', 'Ventes Flash'})",frozenset({'Enfants'}),0.2,0.2,0.2,1.0,5.0,1.0,0.16,inf,0.9999999999999998,1.0,1.0,1.0
"frozenset({'Enfants', 'Homme'})",frozenset({'Ventes Flash'}),0.2,0.2,0.2,1.0,5.0,1.0,0.16,inf,0.9999999999999998,1.0,1.0,1.0
frozenset({'Enfants'}),"frozenset({'Homme', 'Maison'})",0.2,0.2,0.2,1.0,5.0,1.0,0.16,inf,0.9999999999999998,1.0,1.0,1.0
"frozenset({'Homme', 'Maison'})",frozenset({'Enfants'}),0.2,0.2,0.2,1.0,5.0,1.0,0.16,inf,0.9999999999999998,1.0,1.0,1.0
frozenset({'Ventes Flash'}),"frozenset({'Enfants', 'Femme'})",0.2,0.2,0.2,1.0,5.0,1.0,0.16,inf,0.9999999999999998,1.0,1.0,1.0
frozenset({'Enfants'}),"frozenset({'Femme', 'Ventes Flash'})",0.2,0.2,0.2,1.0,5.0,1.0,0.16,inf,0.9999999999999998,1.0,1.0,1.0
"frozenset({'Femme', 'Ventes Flash'})",frozenset({'Enfants'}),0.2,0.2,0.2,1.0,5.0,1.0,0.16,inf,0.9999999999999998,1.0,1.0,1.0
frozenset({'Garçon'}),"frozenset({'Fille', 'Femme'})",0.2,0.2,0.2,1.0,5.0,1.0,0.16,inf,0.9999999999999998,1.0,1.0,1.0
frozenset({'Fille'}),"frozenset({'Femme', 'Garçon'})",0.2,0.2,0.2,1.0,5.0,1.0,0.16,inf,0.9999999999999998,1.0,1.0,1.0
"frozenset({'Femme', 'Garçon'})",frozenset({'Fille'}),0.2,0.2,0.2,1.0,5.0,1.0,0.16,inf,0.9999999999999998,1.0,1.0,1.0
"frozenset({'Fille', 'Femme'})",frozenset({'Garçon'}),0.2,0.2,0.2,1.0,5.0,1.0,0.16,inf,0.9999999999999998,1.0,1.0,1.0
frozenset({'Ventes Flash'}),"frozenset({'Enfants', 'Maison'})",0.2,0.2,0.2,1.0,5.0,1.0,0.16,inf,0.9999999999999998,1.0,1.0,1.0
frozenset({'Enfants'}),"frozenset({'Maison', 'Ventes Flash'})",0.2,0.2,0.2,1.0,5.0,1.0,0.16,inf,0.9999999999999998,1.0,1.0,1.0
"frozenset({'Maison', 'Ventes Flash'})",frozenset({'Enfants'}),0.2,0.2,0.2,1.0,5.0,1.0,0.16,inf,0.9999999999999998,1.0,1.0,1.0
"frozenset({'Enfants', 'Maison'})",frozenset({'Ventes Flash'}),0.2,0.2,0.2,1.0,5.0,1.0,0.16,inf,0.9999999999999998,1.0,1.0,1.0
"frozenset({'Chaussures', 'Fille', 'Femme'})","frozenset({'Puériculture', 'Homme', 'Garçon'})",0.2,0.2,0.2,1.0,5.0,1.0,0.16,inf,0.9999999999999998,1.0,1.0,1.0
"frozenset({'Puériculture', 'Chaussures', 'Homme'})","frozenset({'Fille', 'Femme', 'Garçon'})",0.2,0.2,0.2,1.0,5.0,1.0,0.16,inf,0.9999999999999998,1.0,1.0,1.0
"frozenset({'Chaussures', 'Homme', 'Garçon'})","frozenset({'Puériculture', 'Fille', 'Femme'})",0.2,0.2,0.2,1.0,5.0,1.0,0.16,inf,0.9999999999999998,1.0,1.0,1.0
"frozenset({'Chaussures', 'Homme', 'Femme'})","frozenset({'Puériculture', 'Fille', 'Garçon'})",0.2,0.2,0.2,1.0,5.0,1.0,0.16,inf,0.9999999999999998,1.0,1.0,1.0
"frozenset({'Chaussures', 'Homme', 'Fille'})","frozenset({'Puériculture', 'Femme', 'Garçon'})",0.2,0.2,0.2,1.0,5.0,1.0,0.16,inf,0.9999999999999998,1.0,1.0,1.0
"frozenset({'Puériculture', 'Fille', 'Femme', 'Garçon'})","frozenset({'Chaussures', 'Homme'})",0.2,0.2,0.2,1.0,5.0,1.0,0.16,inf,0.9999999999999998,1.0,1.0,1.0
"frozenset({'Puériculture', 'Homme', 'Femme', 'Garçon'})","frozenset({'Chaussures', 'Fille'})",0.2,0.2,0.2,1.0,5.0,1.0,0.16,inf,0.9999999999999998,1.0,1.0,1.0
"frozenset({'Puériculture', 'Homme', 'Garçon', 'Fille'})","frozenset({'Chaussures', 'Femme'})",0.2,0.2,0.2,1.0,5.0,1.0,0.16,inf,0.9999999999999998,1.0,1.0,1.0
"frozenset({'Puériculture', 'Homme', 'Femme', 'Fille'})","frozenset({'Chaussures', 'Garçon'})",0.2,0.2,0.2,1.0,5.0,1.0,0.16,inf,0.9999999999999998,1.0,1.0,1.0
"frozenset({'Homme', 'Femme', 'Garçon', 'Fille'})","frozenset({'Puériculture', 'Chaussures'})",0.2,0.2,0.2,1.0,5.0,1.0,0.16,inf,0.9999999999999998,1.0,1.0,1.0
"frozenset({'Puériculture', 'Chaussures', 'Femme', 'Garçon'})","frozenset({'Homme', 'Fille'})",0.2,0.2,0.2,1.0,5.0,1.0,0.16,inf,0.9999999999999998,1.0,1.0,1.0
"frozenset({'Puériculture', 'Chaussures', 'Fille', 'Femme'})","frozenset({'Homme', 'Garçon'})",0.2,0.2,0.2,1.0,5.0,1.0,0.16,inf,0.9999999999999998,1.0,1.0,1.0
"frozenset({'Chaussures', 'Fille', 'Femme', 'Garçon'})","frozenset({'Puériculture', 'Homme'})",0.2,0.2,0.2,1.0,5.0,1.0,0.16,inf,0.9999999999999998,1.0,1.0,1.0
"frozenset({'Puériculture', 'Chaussures', 'Homme', 'Garçon'})","frozenset({'Fille', 'Femme'})",0.2,0.2,0.2,1.0,5.0,1.0,0.16,inf,0.9999999999999998,1.0,1.0,1.0
"frozenset({'Puériculture', 'Chaussures', 'Homme', 'Femme'})","frozenset({'Fille', 'Garçon'})",0.2,0.2,0.2,1.0,5.0,1.0,0.16,inf,0.9999999999999998,1.0,1.0,1.0
"frozenset({'Puériculture', 'Femme'})",frozenset({'Garçon'}),0.2,0.2,0.2,1.0,5.0,1.0,0.16,inf,0.9999999999999998,1.0,1.0,1.0
frozenset({'Fille'}),"frozenset({'Puériculture', 'Femme'})",0.2,0.2,0.2,1.0,5.0,1.0,0.16,inf,0.9999999999999998,1.0,1.0,1.0
frozenset({'Puériculture'}),"frozenset({'Fille', 'Femme'})",0.2,0.2,0.2,1.0,5.0,1.0,0.16,inf,0.9999999999999998,1.0,1.0,1.0
"frozenset({'Fille', 'Femme'})",frozenset({'Puériculture'}),0.2,0.2,0.2,1.0,5.0,1.0,0.16,inf,0.9999999999999998,1.0,1.0,1.0
"frozenset({'Puériculture', 'Femme'})",frozenset({'Fille'}),0.2,0.2,0.2,1.0,5.0,1.0,0.16,inf,0.9999999999999998,1.0,1.0,1.0
"frozenset({'Chaussures', 'Homme', 'Femme', 'Garçon'})","frozenset({'Puériculture', 'Fille'})",0.2,0.2,0.2,1.0,5.0,1.0,0.16,inf,0.9999999999999998,1.0,1.0,1.0
"frozenset({'Puériculture', 'Chaussures', 'Homme', 'Fille'})","frozenset({'Femme', 'Garçon'})",0.2,0.2,0.2,1.0,5.0,1.0,0.16,inf,0.9999999999999998,1.0,1.0,1.0
"frozenset({'Chaussures', 'Homme', 'Garçon', 'Fille'})","frozenset({'Puériculture', 'Femme'})",0.2,0.2,0.2,1.0,5.0,1.0,0.16,inf,0.9999999999999998,1.0,1.0,1.0
"frozenset({'Chaussures', 'Homme', 'Femme', 'Fille'})","frozenset({'Puériculture', 'Garçon'})",0.2,0.2,0.2,1.0,5.0,1.0,0.16,inf,0.9999999999999998,1.0,1.0,1.0
"frozenset({'Homme', 'Fille', 'Femme', 'Garçon', 'Puériculture'})",frozenset({'Chaussures'}),0.2,0.2,0.2,1.0,5.0,1.0,0.16,inf,0.9999999999999998,1.0,1.0,1.0
"frozenset({'Chaussures', 'Homme', 'Femme', 'Garçon', 'Puériculture'})",frozenset({'Fille'}),0.2,0.2,0.2,1.0,5.0,1.0,0.16,inf,0.9999999999999998,1.0,1.0,1.0
"frozenset({'Chaussures', 'Homme', 'Fille', 'Femme', 'Puériculture'})",frozenset({'Garçon'}),0.2,0.2,0.2,1.0,5.0,1.0,0.16,inf,0.9999999999999998,1.0,1.0,1.0
"frozenset({'Chaussures', 'Homme', 'Fille', 'Femme', 'Garçon'})",frozenset({'Puériculture'}),0.2,0.2,0.2,1.0,5.0,1.0,0.16,inf,0.9999999999999998,1.0,1.0,1.0
frozenset({'Puériculture'}),"frozenset({'Homme', 'Bébé', 'Fille', 'Femme', 'Garçon'})",0.2,0.2,0.2,1.0,5.0,1.0,0.16,inf,0.9999999999999998,1.0,1.0,1.0
frozenset({'Garçon'}),"frozenset({'Homme', 'Bébé', 'Fille', 'Femme', 'Puériculture'})",0.2,0.2,0.2,1.0,5.0,1.0,0.16,inf,0.9999999999999998,1.0,1.0,1.0
frozenset({'Fille'}),"frozenset({'Homme', 'Bébé', 'Femme', 'Garçon', 'Puériculture'})",0.2,0.2,0.2,1.0,5.0,1.0,0.16,inf,0.9999999999999998,1.0,1.0,1.0
frozenset({'Bébé'}),"frozenset({'Homme', 'Fille', 'Femme', 'Garçon', 'Puériculture'})",0.2,0.2,0.2,1.0,5.0,1.0,0.16,inf,0.9999999999999998,1.0,1.0,1.0
frozenset({'Garçon'}),"frozenset({'Puériculture', 'Femme'})",0.2,0.2,0.2,1.0,5.0,1.0,0.16,inf,0.9999999999999998,1.0,1.0,1.0
frozenset({'Puériculture'}),"frozenset({'Femme', 'Garçon'})",0.2,0.2,0.2,1.0,5.0,1.0,0.16,inf,0.9999999999999998,1.0,1.0,1.0
"frozenset({'Femme', 'Garçon'})",frozenset({'Puériculture'}),0.2,0.2,0.2,1.0,5.0,1.0,0.16,inf,0.9999999999999998,1.0,1.0,1.0
"frozenset({'Puériculture', 'Garçon'})","frozenset({'Homme', 'Femme', 'Fille', 'Bébé'})",0.2,0.2,0.2,1.0,5.0,1.0,0.16,inf,0.9999999999999998,1.0,1.0,1.0
"frozenset({'Puériculture', 'Femme'})","frozenset({'Homme', 'Fille', 'Garçon', 'Bébé'})",0.2,0.2,0.2,1.0,5.0,1.0,0.16,inf,0.9999999999999998,1.0,1.0,1.0
"frozenset({'Femme', 'Garçon'})","frozenset({'Puériculture', 'Homme', 'Fille', 'Bébé'})",0.2,0.2,0.2,1.0,5.0,1.0,0.16,inf,0.9999999999999998,1.0,1.0,1.0
"frozenset({'Puériculture', 'Fille'})","frozenset({'Homme', 'Femme', 'Garçon', 'Bébé'})",0.2,0.2,0.2,1.0,5.0,1.0,0.16,inf,0.9999999999999998,1.0,1.0,1.0
"frozenset({'Fille', 'Garçon'})","frozenset({'Puériculture', 'Homme', 'Femme', 'Bébé'})",0.2,0.2,0.2,1.0,5.0,1.0,0.16,inf,0.9999999999999998,1.0,1.0,1.0
"frozenset({'Fille', 'Femme'})","frozenset({'Puériculture', 'Homme', 'Garçon', 'Bébé'})",0.2,0.2,0.2,1.0,5.0,1.0,0.16,inf,0.9999999999999998,1.0,1.0,1.0
"frozenset({'Puériculture', 'Bébé'})","frozenset({'Homme', 'Femme', 'Garçon', 'Fille'})",0.2,0.2,0.2,1.0,5.0,1.0,0.16,inf,0.9999999999999998,1.0,1.0,1.0
"frozenset({'Garçon', 'Bébé'})","frozenset({'Puériculture', 'Homme', 'Femme', 'Fille'})",0.2,0.2,0.2,1.0,5.0,1.0,0.16,inf,0.9999999999999998,1.0,1.0,1.0
"frozenset({'Femme', 'Bébé'})","frozenset({'Puériculture', 'Homme', 'Garçon', 'Fille'})",0.2,0.2,0.2,1.0,5.0,1.0,0.16,inf,0.9999999999999998,1.0,1.0,1.0
"frozenset({'Fille', 'Bébé'})","frozenset({'Puériculture', 'Homme', 'Femme', 'Garçon'})",0.2,0.2,0.2,1.0,5.0,1.0,0.16,inf,0.9999999999999998,1.0,1.0,1.0
"frozenset({'Puériculture', 'Homme'})","frozenset({'Fille', 'Femme', 'Garçon', 'Bébé'})",0.2,0.2,0.2,1.0,5.0,1.0,0.16,inf,0.9999999999999998,1.0,1.0,1.0
"frozenset({'Homme', 'Garçon'})","frozenset({'Puériculture', 'Fille', 'Femme', 'Bébé'})",0.2,0.2,0.2,1.0,5.0,1.0,0.16,inf,0.9999999999999998,1.0,1.0,1.0
"frozenset({'Homme', 'Fille'})","frozenset({'Puériculture', 'Femme', 'Garçon', 'Bébé'})",0.2,0.2,0.2,1.0,5.0,1.0,0.16,inf,0.9999999999999998,1.0,1.0,1.0
"frozenset({'Homme', 'Bébé'})","frozenset({'Puériculture', 'Fille', 'Femme', 'Garçon'})",0.2,0.2,0.2,1.0,5.0,1.0,0.16,inf,0.9999999999999998,1.0,1.0,1.0
"frozenset({'Puériculture', 'Femme', 'Garçon'})","frozenset({'Homme', 'Fille', 'Bébé'})",0.2,0.2,0.2,1.0,5.0,1.0,0.16,inf,0.9999999999999998,1.0,1.0,1.0
"frozenset({'Homme', 'Fille'})",frozenset({'Garçon'}),0.2,0.2,0.2,1.0,5.0,1.0,0.16,inf,0.9999999999999998,1.0,1.0,1.0
"frozenset({'Homme', 'Garçon'})",frozenset({'Fille'}),0.2,0.2,0.2,1.0,5.0,1.0,0.16,inf,0.9999999999999998,1.0,1.0,1.0
frozenset({'Ventes Flash'}),"frozenset({'Maison', 'Femme'})",0.2,0.2,0.2,1.0,5.0,1.0,0.16,inf,0.9999999999999998,1.0,1.0,1.0
"frozenset({'Maison', 'Femme'})",frozenset({'Ventes Flash'}),0.2,0.2,0.2,1.0,5.0,1.0,0.16,inf,0.9999999999999998,1.0,1.0,1.0
"frozenset({'Puériculture', 'Homme'})",frozenset({'Garçon'}),0.2,0.2,0.2,1.0,5.0,1.0,0.16,inf,0.9999999999999998,1.0,1.0,1.0
frozenset({'Fille'}),"frozenset({'Puériculture', 'Homme'})",0.2,0.2,0.2,1.0,5.0,1.0,0.16,inf,0.9999999999999998,1.0,1.0,1.0
frozenset({'Puériculture'}),"frozenset({'Fille', 'Homme'})",0.2,0.2,0.2,1.0,5.0,1.0,0.16,inf,0.9999999999999998,1.0,1.0,1.0
"frozenset({'Fille', 'Homme'})",frozenset({'Puériculture'}),0.2,0.2,0.2,1.0,5.0,1.0,0.16,inf,0.9999999999999998,1.0,1.0,1.0
"frozenset({'Puériculture', 'Homme'})",frozenset({'Fille'}),0.2,0.2,0.2,1.0,5.0,1.0,0.16,inf,0.9999999999999998,1.0,1.0,1.0
frozenset({'Garçon'}),"frozenset({'Puériculture', 'Fille'})",0.2,0.2,0.2,1.0,5.0,1.0,0.16,inf,0.9999999999999998,1.0,1.0,1.0
frozenset({'Fille'}),"frozenset({'Puériculture', 'Garçon'})",0.2,0.2,0.2,1.0,5.0,1.0,0.16,inf,0.9999999999999998,1.0,1.0,1.0
frozenset({'Puériculture'}),"frozenset({'Fille', 'Garçon'})",0.2,0.2,0.2,1.0,5.0,1.0,0.16,inf,0.9999999999999998,1.0,1.0,1.0
"frozenset({'Fille', 'Garçon'})",frozenset({'Puériculture'}),0.2,0.2,0.2,1.0,5.0,1.0,0.16,inf,0.9999999999999998,1.0,1.0,1.0
"frozenset({'Puériculture', 'Garçon'})",frozenset({'Fille'}),0.2,0.2,0.2,1.0,5.0,1.0,0.16,inf,0.9999999999999998,1.0,1.0,1.0
"frozenset({'Puériculture', 'Fille'})",frozenset({'Garçon'}),0.2,0.2,0.2,1.0,5.0,1.0,0.16,inf,0.9999999999999998,1.0,1.0,1.0
frozenset({'Fille'}),"frozenset({'Homme', 'Garçon'})",0.2,0.2,0.2,1.0,5.0,1.0,0.16,inf,0.9999999999999998,1.0,1.0,1.0
frozenset({'Garçon'}),"frozenset({'Homme', 'Fille'})",0.2,0.2,0.2,1.0,5.0,1.0,0.16,inf,0.9999999999999998,1.0,1.0,1.0
"frozenset({'Puériculture', 'Fille', 'Garçon'})","frozenset({'Homme', 'Femme', 'Bébé'})",0.2,0.2,0.2,1.0,5.0,1.0,0.16,inf,0.9999999999999998,1.0,1.0,1.0
"frozenset({'Puériculture', 'Fille', 'Femme'})","frozenset({'Homme', 'Garçon', 'Bébé'})",0.2,0.2,0.2,1.0,5.0,1.0,0.16,inf,0.9999999999999998,1.0,1.0,1.0
"frozenset({'Fille', 'Femme', 'Garçon'})","frozenset({'Puériculture', 'Homme', 'Bébé'})",0.2,0.2,0.2,1.0,5.0,1.0,0.16,inf,0.9999999999999998,1.0,1.0,1.0
"frozenset({'Puériculture', 'Garçon', 'Bébé'})","frozenset({'Homme', 'Femme', 'Fille'})",0.2,0.2,0.2,1.0,5.0,1.0,0.16,inf,0.9999999999999998,1.0,1.0,1.0
"frozenset({'Puériculture', 'Femme', 'Bébé'})","frozenset({'Homme', 'Garçon', 'Fille'})",0.2,0.2,0.2,1.0,5.0,1.0,0.16,inf,0.9999999999999998,1.0,1.0,1.0
"frozenset({'Femme', 'Garçon', 'Bébé'})","frozenset({'Puériculture', 'Homme', 'Fille'})",0.2,0.2,0.2,1.0,5.0,1.0,0.16,inf,0.9999999999999998,1.0,1.0,1.0
"frozenset({'Puériculture', 'Fille', 'Bébé'})","frozenset({'Homme', 'Femme', 'Garçon'})",0.2,0.2,0.2,1.0,5.0,1.0,0.16,inf,0.9999999999999998,1.0,1.0,1.0
"frozenset({'Fille', 'Garçon', 'Bébé'})","frozenset({'Puériculture', 'Homme', 'Femme'})",0.2,0.2,0.2,1.0,5.0,1.0,0.16,inf,0.9999999999999998,1.0,1.0,1.0
"frozenset({'Fille', 'Femme', 'Bébé'})","frozenset({'Puériculture', 'Homme', 'Garçon'})",0.2,0.2,0.2,1.0,5.0,1.0,0.16,inf,0.9999999999999998,1.0,1.0,1.0
"frozenset({'Puériculture', 'Homme', 'Garçon'})","frozenset({'Fille', 'Femme', 'Bébé'})",0.2,0.2,0.2,1.0,5.0,1.0,0.16,inf,0.9999999999999998,1.0,1.0,1.0
"frozenset({'Puériculture', 'Homme', 'Femme'})","frozenset({'Fille', 'Garçon', 'Bébé'})",0.2,0.2,0.2,1.0,5.0,1.0,0.16,inf,0.9999999999999998,1.0,1.0,1.0
"frozenset({'Homme', 'Femme', 'Garçon'})","frozenset({'Puériculture', 'Fille', 'Bébé'})",0.2,0.2,0.2,1.0,5.0,1.0,0.16,inf,0.9999999999999998,1.0,1.0,1.0
"frozenset({'Puériculture', 'Homme', 'Fille'})","frozenset({'Femme', 'Garçon', 'Bébé'})",0.2,0.2,0.2,1.0,5.0,1.0,0.16,inf,0.9999999999999998,1.0,1.0,1.0
"frozenset({'Homme', 'Garçon', 'Fille'})","frozenset({'Puériculture', 'Femme', 'Bébé'})",0.2,0.2,0.2,1.0,5.0,1.0,0.16,inf,0.9999999999999998,1.0,1.0,1.0
"frozenset({'Homme', 'Femme', 'Fille'})","frozenset({'Puériculture', 'Garçon', 'Bébé'})",0.2,0.2,0.2,1.0,5.0,1.0,0.16,inf,0.9999999999999998,1.0,1.0,1.0
"frozenset({'Puériculture', 'Homme', 'Bébé'})","frozenset({'Fille', 'Femme', 'Garçon'})",0.2,0.2,0.2,1.0,5.0,1.0,0.16,inf,0.9999999999999998,1.0,1.0,1.0
frozenset({'Les plus demandés'}),"frozenset({'Maison', 'Ventes flash'})",0.2,0.2,0.2,1.0,5.0,1.0,0.16,inf,0.9999999999999998,1.0,1.0,1.0
frozenset({'Ventes flash'}),"frozenset({'Maison', 'Les plus demandés'})",0.2,0.2,0.2,1.0,5.0,1.0,0.16,inf,0.9999999999999998,1.0,1.0,1.0
"frozenset({'Maison', 'Les plus demandés'})",frozenset({'Ventes flash'}),0.2,0.2,0.2,1.0,5.0,1.0,0.16,inf,0.9999999999999998,1.0,1.0,1.0
"frozenset({'Maison', 'Ventes flash'})",frozenset({'Les plus demandés'}),0.2,0.2,0.2,1.0,5.0,1.0,0.16,inf,0.9999999999999998,1.0,1.0,1.0
frozenset({'Ventes Flash'}),"frozenset({'Homme', 'Maison'})",0.2,0.2,0.2,1.0,5.0,1.0,0.16,inf,0.9999999999999998,1.0,1.0,1.0
"frozenset({'Homme', 'Maison'})",frozenset({'Ventes Flash'}),0.2,0.2,0.2,1.0,5.0,1.0,0.16,inf,0.9999999999999998,1.0,1.0,1.0
frozenset({'Garçon'}),"frozenset({'Puériculture', 'Homme'})",0.2,0.2,0.2,1.0,5.0,1.0,0.16,inf,0.9999999999999998,1.0,1.0,1.0
frozenset({'Puériculture'}),"frozenset({'Homme', 'Garçon'})",0.2,0.2,0.2,1.0,5.0,1.0,0.16,inf,0.9999999999999998,1.0,1.0,1.0
"frozenset({'Homme', 'Garçon'})",frozenset({'Puériculture'}),0.2,0.2,0.2,1.0,5.0,1.0,0.16,inf,0.9999999999999998,1.0,1.0,1.0
frozenset({'Parfums'}),"frozenset({'Téléphones & Accessoires', 'Maquillage'})",0.2,0.2,0.2,1.0,5.0,1.0,0.16,inf,0.9999999999999998,1.0,1.0,1.0
"frozenset({'Téléphones & Accessoires', 'Maquillage'})",frozenset({'Parfums'}),0.2,0.2,0.2,1.0,5.0,1.0,0.16,inf,0.9999999999999998,1.0,1.0,1.0
"frozenset({'Parfums', 'Maquillage'})",frozenset({'Téléphones & Accessoires'}),0.2,0.2,0.2,1.0,5.0,1.0,0.16,inf,0.9999999999999998,1.0,1.0,1.0
frozenset({'Téléphones & Accessoires'}),"frozenset({'Montres & Bijoux', 'Maquillage'})",0.2,0.2,0.2,1.0,5.0,1.0,0.16,inf,0.9999999999999998,1.0,1.0,1.0
frozenset({'Montres & Bijoux'}),"frozenset({'Téléphones & Accessoires', 'Maquillage'})",0.2,0.2,0.2,1.0,5.0,1.0,0.16,inf,0.9999999999999998,1.0,1.0,1.0
"frozenset({'Téléphones & Accessoires', 'Maquillage'})",frozenset({'Montres & Bijoux'}),0.2,0.2,0.2,1.0,5.0,1.0,0.16,inf,0.9999999999999998,1.0,1.0,1.0
"frozenset({'Montres & Bijoux', 'Maquillage'})",frozenset({'Téléphones & Accessoires'}),0.2,0.2,0.2,1.0,5.0,1.0,0.16,inf,0.9999999999999998,1.0,1.0,1.0
frozenset({'Montres & Bijoux'}),"frozenset({'Parfums', 'Maquillage'})",0.2,0.2,0.2,1.0,5.0,1.0,0.16,inf,0.9999999999999998,1.0,1.0,1.0
frozenset({'Parfums'}),"frozenset({'Montres & Bijoux', 'Maquillage'})",0.2,0.2,0.2,1.0,5.0,1.0,0.16,inf,0.9999999999999998,1.0,1.0,1.0
"frozenset({'Montres & Bijoux', 'Maquillage'})",frozenset({'Parfums'}),0.2,0.2,0.2,1.0,5.0,1.0,0.16,inf,0.9999999999999998,1.0,1.0,1.0
"frozenset({'Parfums', 'Maquillage'})",frozenset({'Montres & Bijoux'}),0.2,0.2,0.2,1.0,5.0,1.0,0.16,inf,0.9999999999999998,1.0,1.0,1.0
"frozenset({'Maison', 'Automobile et bricolage'})","frozenset({'Beauté & Sport', 'Les plus demandés'})",0.2,0.2,0.2,1.0,5.0,1.0,0.16,inf,0.9999999999999998,1.0,1.0,1.0
"frozenset({'Beauté & Sport', 'Les plus demandés'})","frozenset({'Maison', 'Automobile et bricolage'})",0.2,0.2,0.2,1.0,5.0,1.0,0.16,inf,0.9999999999999998,1.0,1.0,1.0
"frozenset({'Beauté & Sport', 'Automobile et bricolage'})","frozenset({'Maison', 'Les plus demandés'})",0.2,0.2,0.2,1.0,5.0,1.0,0.16,inf,0.9999999999999998,1.0,1.0,1.0
"frozenset({'Maison', 'Beauté & Sport'})","frozenset({'Les plus demandés', 'Automobile et bricolage'})",0.2,0.2,0.2,1.0,5.0,1.0,0.16,inf,0.9999999999999998,1.0,1.0,1.0
"frozenset({'Les plus demandés', 'Maison', 'Automobile et bricolage'})",frozenset({'Beauté & Sport'}),0.2,0.2,0.2,1.0,5.0,1.0,0.16,inf,0.9999999999999998,1.0,1.0,1.0
"frozenset({'Maison', 'Beauté & Sport', 'Les plus demandés'})",frozenset({'Automobile et bricolage'}),0.2,0.2,0.2,1.0,5.0,1.0,0.16,inf,0.9999999999999998,1.0,1.0,1.0
"frozenset({'Maison', 'Beauté & Sport', 'Automobile et bricolage'})",frozenset({'Les plus demandés'}),0.2,0.2,0.2,1.0,5.0,1.0,0.16,inf,0.9999999999999998,1.0,1.0,1.0
frozenset({'Téléphones & Accessoires'}),"frozenset({'Parfums', 'Montres & Bijoux'})",0.2,0.2,0.2,1.0,5.0,1.0,0.16,inf,0.9999999999999998,1.0,1.0,1.0
frozenset({'Montres & Bijoux'}),"frozenset({'Parfums', 'Téléphones & Accessoires'})",0.2,0.2,0.2,1.0,5.0,1.0,0.16,inf,0.9999999999999998,1.0,1.0,1.0
frozenset({'Parfums'}),"frozenset({'Montres & Bijoux', 'Téléphones & Accessoires'})",0.2,0.2,0.2,1.0,5.0,1.0,0.16,inf,0.9999999999999998,1.0,1.0,1.0
"frozenset({'Montres & Bijoux', 'Téléphones & Accessoires'})",frozenset({'Parfums'}),0.2,0.2,0.2,1.0,5.0,1.0,0.16,inf,0.9999999999999998,1.0,1.0,1.0
"frozenset({'Parfums', 'Téléphones & Accessoires'})",frozenset({'Montres & Bijoux'}),0.2,0.2,0.2,1.0,5.0,1.0,0.16,inf,0.9999999999999998,1.0,1.0,1.0
"frozenset({'Parfums', 'Montres & Bijoux'})",frozenset({'Téléphones & Accessoires'}),0.2,0.2,0.2,1.0,5.0,1.0,0.16,inf,0.9999999999999998,1.0,1.0,1.0
frozenset({'Téléphones & Accessoires'}),"frozenset({'Parfums', 'Maquillage'})",0.2,0.2,0.2,1.0,5.0,1.0,0.16,inf,0.9999999999999998,1.0,1.0,1.0
"frozenset({'Homme', 'Garçon', 'Bébé'})","frozenset({'Puériculture', 'Fille', 'Femme'})",0.2,0.2,0.2,1.0,5.0,1.0,0.16,inf,0.9999999999999998,1.0,1.0,1.0
"frozenset({'Homme', 'Femme', 'Bébé'})","frozenset({'Puériculture', 'Fille', 'Garçon'})",0.2,0.2,0.2,1.0,5.0,1.0,0.16,inf,0.9999999999999998,1.0,1.0,1.0
"frozenset({'Homme', 'Fille', 'Bébé'})","frozenset({'Puériculture', 'Femme', 'Garçon'})",0.2,0.2,0.2,1.0,5.0,1.0,0.16,inf,0.9999999999999998,1.0,1.0,1.0
"frozenset({'Puériculture', 'Fille', 'Femme', 'Garçon'})","frozenset({'Homme', 'Bébé'})",0.2,0.2,0.2,1.0,5.0,1.0,0.16,inf,0.9999999999999998,1.0,1.0,1.0
"frozenset({'Puériculture', 'Femme', 'Garçon', 'Bébé'})","frozenset({'Homme', 'Fille'})",0.2,0.2,0.2,1.0,5.0,1.0,0.16,inf,0.9999999999999998,1.0,1.0,1.0
"frozenset({'Puériculture', 'Fille', 'Femme', 'Bébé'})","frozenset({'Homme', 'Garçon'})",0.2,0.2,0.2,1.0,5.0,1.0,0.16,inf,0.9999999999999998,1.0,1.0,1.0
"frozenset({'Fille', 'Femme', 'Garçon', 'Bébé'})","frozenset({'Puériculture', 'Homme'})",0.2,0.2,0.2,1.0,5.0,1.0,0.16,inf,0.9999999999999998,1.0,1.0,1.0
"frozenset({'Puériculture', 'Homme', 'Femme', 'Garçon'})","frozenset({'Fille', 'Bébé'})",0.2,0.2,0.2,1.0,5.0,1.0,0.16,inf,0.9999999999999998,1.0,1.0,1.0
"frozenset({'Puériculture', 'Homme', 'Garçon', 'Fille'})","frozenset({'Femme', 'Bébé'})",0.2,0.2,0.2,1.0,5.0,1.0,0.16,inf,0.9999999999999998,1.0,1.0,1.0
"frozenset({'Puériculture', 'Homme', 'Femme', 'Fille'})","frozenset({'Garçon', 'Bébé'})",0.2,0.2,0.2,1.0,5.0,1.0,0.16,inf,0.9999999999999998,1.0,1.0,1.0
"frozenset({'Homme', 'Femme', 'Garçon', 'Fille'})","frozenset({'Puériculture', 'Bébé'})",0.2,0.2,0.2,1.0,5.0,1.0,0.16,inf,0.9999999999999998,1.0,1.0,1.0
"frozenset({'Puériculture', 'Homme', 'Garçon', 'Bébé'})","frozenset({'Fille', 'Femme'})",0.2,0.2,0.2,1.0,5.0,1.0,0.16,inf,0.9999999999999998,1.0,1.0,1.0
"frozenset({'Puériculture', 'Homme', 'Femme', 'Bébé'})","frozenset({'Fille', 'Garçon'})",0.2,0.2,0.2,1.0,5.0,1.0,0.16,inf,0.9999999999999998,1.0,1.0,1.0
"frozenset({'Homme', 'Femme', 'Garçon', 'Bébé'})","frozenset({'Puériculture', 'Fille'})",0.2,0.2,0.2,1.0,5.0,1.0,0.16,inf,0.9999999999999998,1.0,1.0,1.0
"frozenset({'Puériculture', 'Homme', 'Fille', 'Bébé'})","frozenset({'Femme', 'Garçon'})",0.2,0.2,0.2,1.0,5.0,1.0,0.16,inf,0.9999999999999998,1.0,1.0,1.0
"frozenset({'Ventes flash', 'Les plus demandés'})","frozenset({'Beauté & Sport', 'Automobile et bricolage'})",0.2,0.2,0.2,1.0,5.0,1.0,0.16,inf,0.9999999999999998,1.0,1.0,1.0
"frozenset({'Beauté & Sport', 'Les plus demandés'})","frozenset({'Ventes flash', 'Automobile et bricolage'})",0.2,0.2,0.2,1.0,5.0,1.0,0.16,inf,0.9999999999999998,1.0,1.0,1.0
"frozenset({'Beauté & Sport', 'Ventes flash'})","frozenset({'Les plus demandés', 'Automobile et bricolage'})",0.2,0.2,0.2,1.0,5.0,1.0,0.16,inf,0.9999999999999998,1.0,1.0,1.0
"frozenset({'Les plus demandés', 'Automobile et bricolage'})","frozenset({'Beauté & Sport', 'Ventes flash'})",0.2,0.2,0.2,1.0,5.0,1.0,0.16,inf,0.9999999999999998,1.0,1.0,1.0
"frozenset({'Ventes flash', 'Automobile et bricolage'})","frozenset({'Beauté & Sport', 'Les plus demandés'})",0.2,0.2,0.2,1.0,5.0,1.0,0.16,inf,0.9999999999999998,1.0,1.0,1.0
"frozenset({'Beauté & Sport', 'Automobile et bricolage'})","frozenset({'Ventes flash', 'Les plus demandés'})",0.2,0.2,0.2,1.0,5.0,1.0,0.16,inf,0.9999999999999998,1.0,1.0,1.0
"frozenset({'Beauté & Sport', 'Ventes flash', 'Les plus demandés'})",frozenset({'Automobile et bricolage'}),0.2,0.2,0.2,1.0,5.0,1.0,0.16,inf,0.9999999999999998,1.0,1.0,1.0
"frozenset({'Les plus demandés', 'Ventes flash', 'Automobile et bricolage'})",frozenset({'Beauté & Sport'}),0.2,0.2,0.2,1.0,5.0,1.0,0.16,inf,0.9999999999999998,1.0,1.0,1.0
"frozenset({'Les plus demandés', 'Beauté & Sport', 'Automobile et bricolage'})",frozenset({'Ventes flash'}),0.2,0.2,0.2,1.0,5.0,1.0,0.16,inf,0.9999999999999998,1.0,1.0,1.0
"frozenset({'Beauté & Sport', 'Ventes flash', 'Automobile et bricolage'})",frozenset({'Les plus demandés'}),0.2,0.2,0.2,1.0,5.0,1.0,0.16,inf,0.9999999999999998,1.0,1.0,1.0
frozenset({'Les plus demandés'}),"frozenset({'Maison', 'Beauté & Sport', 'Automobile et bricolage'})",0.2,0.2,0.2,1.0,5.0,1.0,0.16,inf,0.9999999999999998,1.0,1.0,1.0
frozenset({'Automobile et bricolage'}),"frozenset({'Maison', 'Beauté & Sport', 'Les plus demandés'})",0.2,0.2,0.2,1.0,5.0,1.0,0.16,inf,0.9999999999999998,1.0,1.0,1.0
frozenset({'Beauté & Sport'}),"frozenset({'Les plus demandés', 'Maison', 'Automobile et bricolage'})",0.2,0.2,0.2,1.0,5.0,1.0,0.16,inf,0.9999999999999998,1.0,1.0,1.0
"frozenset({'Les plus demandés', 'Automobile et bricolage'})","frozenset({'Maison', 'Beauté & Sport'})",0.2,0.2,0.2,1.0,5.0,1.0,0.16,inf,0.9999999999999998,1.0,1.0,1.0
"frozenset({'Maison', 'Les plus demandés'})","frozenset({'Beauté & Sport', 'Automobile et bricolage'})",0.2,0.2,0.2,1.0,5.0,1.0,0.16,inf,0.9999999999999998,1.0,1.0,1.0
frozenset({'Beauté & Sport'}),"frozenset({'Maison', 'Ventes flash', 'Automobile et bricolage'})",0.2,0.2,0.2,1.0,5.0,1.0,0.16,inf,0.9999999999999998,1.0,1.0,1.0
"frozenset({'Ventes flash', 'Automobile et bricolage'})","frozenset({'Maison', 'Beauté & Sport'})",0.2,0.2,0.2,1.0,5.0,1.0,0.16,inf,0.9999999999999998,1.0,1.0,1.0
"frozenset({'Maison', 'Automobile et bricolage'})","frozenset({'Beauté & Sport', 'Ventes flash'})",0.2,0.2,0.2,1.0,5.0,1.0,0.16,inf,0.9999999999999998,1.0,1.0,1.0
"frozenset({'Maison', 'Ventes flash'})","frozenset({'Beauté & Sport', 'Automobile et bricolage'})",0.2,0.2,0.2,1.0,5.0,1.0,0.16,inf,0.9999999999999998,1.0,1.0,1.0
"frozenset({'Beauté & Sport', 'Automobile et bricolage'})","frozenset({'Maison', 'Ventes flash'})",0.2,0.2,0.2,1.0,5.0,1.0,0.16,inf,0.9999999999999998,1.0,1.0,1.0
"frozenset({'Beauté & Sport', 'Ventes flash'})","frozenset({'Maison', 'Automobile et bricolage'})",0.2,0.2,0.2,1.0,5.0,1.0,0.16,inf,0.9999999999999998,1.0,1.0,1.0
"frozenset({'Maison', 'Beauté & Sport'})","frozenset({'Ventes flash', 'Automobile et bricolage'})",0.2,0.2,0.2,1.0,5.0,1.0,0.16,inf,0.9999999999999998,1.0,1.0,1.0
"frozenset({'Maison', 'Ventes flash', 'Automobile et bricolage'})",frozenset({'Beauté & Sport'}),0.2,0.2,0.2,1.0,5.0,1.0,0.16,inf,0.9999999999999998,1.0,1.0,1.0
"frozenset({'Maison', 'Beauté & Sport', 'Automobile et bricolage'})",frozenset({'Ventes flash'}),0.2,0.2,0.2,1.0,5.0,1.0,0.16,inf,0.9999999999999998,1.0,1.0,1.0
"frozenset({'Maison', 'Beauté & Sport', 'Ventes flash'})",frozenset({'Automobile et bricolage'}),0.2,0.2,0.2,1.0,5.0,1.0,0.16,inf,0.9999999999999998,1.0,1.0,1.0
frozenset({'Les plus demandés'}),"frozenset({'Beauté & Sport', 'Ventes flash', 'Automobile et bricolage'})",0.2,0.2,0.2,1.0,5.0,1.0,0.16,inf,0.9999999999999998,1.0,1.0,1.0
frozenset({'Ventes flash'}),"frozenset({'Les plus demandés', 'Beauté & Sport', 'Automobile et bricolage'})",0.2,0.2,0.2,1.0,5.0,1.0,0.16,inf,0.9999999999999998,1.0,1.0,1.0
frozenset({'Beauté & Sport'}),"frozenset({'Les plus demandés', 'Ventes flash', 'Automobile et bricolage'})",0.2,0.2,0.2,1.0,5.0,1.0,0.16,inf,0.9999999999999998,1.0,1.0,1.0
frozenset({'Automobile et bricolage'}),"frozenset({'Beauté & Sport', 'Ventes flash', 'Les plus demandés'})",0.2,0.2,0.2,1.0,5.0,1.0,0.16,inf,0.9999999999999998,1.0,1.0,1.0
frozenset({'Les plus demandés'}),"frozenset({'Maison', 'Ventes flash', 'Automobile et bricolage'})",0.2,0.2,0.2,1.0,5.0,1.0,0.16,inf,0.9999999999999998,1.0,1.0,1.0
frozenset({'Ventes flash'}),"frozenset({'Les plus demandés', 'Maison', 'Automobile et bricolage'})",0.2,0.2,0.2,1.0,5.0,1.0,0.16,inf,0.9999999999999998,1.0,1.0,1.0
frozenset({'Automobile et bricolage'}),"frozenset({'Maison', 'Ventes flash', 'Les plus demandés'})",0.2,0.2,0.2,1.0,5.0,1.0,0.16,inf,0.9999999999999998,1.0,1.0,1.0
"frozenset({'Ventes flash', 'Les plus demandés'})","frozenset({'Maison', 'Automobile et bricolage'})",0.2,0.2,0.2,1.0,5.0,1.0,0.16,inf,0.9999999999999998,1.0,1.0,1.0
"frozenset({'Maison', 'Les plus demandés'})","frozenset({'Ventes flash', 'Automobile et bricolage'})",0.2,0.2,0.2,1.0,5.0,1.0,0.16,inf,0.9999999999999998,1.0,1.0,1.0
"frozenset({'Maison', 'Ventes flash'})","frozenset({'Les plus demandés', 'Automobile et bricolage'})",0.2,0.2,0.2,1.0,5.0,1.0,0.16,inf,0.9999999999999998,1.0,1.0,1.0
"frozenset({'Les plus demandés', 'Automobile et bricolage'})","frozenset({'Maison', 'Ventes flash'})",0.2,0.2,0.2,1.0,5.0,1.0,0.16,inf,0.9999999999999998,1.0,1.0,1.0
"frozenset({'Ventes flash', 'Automobile et bricolage'})","frozenset({'Maison', 'Les plus demandés'})",0.2,0.2,0.2,1.0,5.0,1.0,0.16,inf,0.9999999999999998,1.0,1.0,1.0
"frozenset({'Maison', 'Automobile et bricolage'})","frozenset({'Ventes flash', 'Les plus demandés'})",0.2,0.2,0.2,1.0,5.0,1.0,0.16,inf,0.9999999999999998,1.0,1.0,1.0
"frozenset({'Maison', 'Ventes flash', 'Les plus demandés'})",frozenset({'Automobile et bricolage'}),0.2,0.2,0.2,1.0,5.0,1.0,0.16,inf,0.9999999999999998,1.0,1.0,1.0
"frozenset({'Les plus demandés', 'Maison', 'Automobile et bricolage'})",frozenset({'Ventes flash'}),0.2,0.2,0.2,1.0,5.0,1.0,0.16,inf,0.9999999999999998,1.0,1.0,1.0
"frozenset({'Maison', 'Ventes flash', 'Automobile et bricolage'})",frozenset({'Les plus demandés'}),0.2,0.2,0.2,1.0,5.0,1.0,0.16,inf,0.9999999999999998,1.0,1.0,1.0
frozenset({'Automobile et bricolage'}),"frozenset({'Maison', 'Beauté & Sport', 'Ventes flash'})",0.2,0.2,0.2,1.0,5.0,1.0,0.16,inf,0.9999999999999998,1.0,1.0,1.0
frozenset({'Ventes flash'}),"frozenset({'Maison', 'Beauté & Sport', 'Automobile et bricolage'})",0.2,0.2,0.2,1.0,5.0,1.0,0.16,inf,0.9999999999999998,1.0,1.0,1.0
"frozenset({'Beauté', 'Montres & Bijoux', 'Maquillage'})",frozenset({'Téléphones & Accessoires'}),0.2,0.2,0.2,1.0,5.0,1.0,0.16,inf,0.9999999999999998,1.0,1.0,1.0
frozenset({'Beauté'}),"frozenset({'Parfums', 'Montres & Bijoux', 'Maquillage'})",0.2,0.2,0.2,1.0,5.0,1.0,0.16,inf,0.9999999999999998,1.0,1.0,1.0
frozenset({'Montres & Bijoux'}),"frozenset({'Parfums', 'Maquillage', 'Beauté'})",0.2,0.2,0.2,1.0,5.0,1.0,0.16,inf,0.9999999999999998,1.0,1.0,1.0
frozenset({'Parfums'}),"frozenset({'Beauté', 'Montres & Bijoux', 'Maquillage'})",0.2,0.2,0.2,1.0,5.0,1.0,0.16,inf,0.9999999999999998,1.0,1.0,1.0
"frozenset({'Beauté', 'Maquillage'})","frozenset({'Parfums', 'Montres & Bijoux'})",0.2,0.2,0.2,1.0,5.0,1.0,0.16,inf,0.9999999999999998,1.0,1.0,1.0
"frozenset({'Beauté', 'Montres & Bijoux'})","frozenset({'Parfums', 'Maquillage'})",0.2,0.2,0.2,1.0,5.0,1.0,0.16,inf,0.9999999999999998,1.0,1.0,1.0
"frozenset({'Montres & Bijoux', 'Maquillage'})","frozenset({'Parfums', 'Beauté'})",0.2,0.2,0.2,1.0,5.0,1.0,0.16,inf,0.9999999999999998,1.0,1.0,1.0
"frozenset({'Parfums', 'Beauté'})","frozenset({'Montres & Bijoux', 'Maquillage'})",0.2,0.2,0.2,1.0,5.0,1.0,0.16,inf,0.9999999999999998,1.0,1.0,1.0
"frozenset({'Parfums', 'Maquillage'})","frozenset({'Beauté', 'Montres & Bijoux'})",0.2,0.2,0.2,1.0,5.0,1.0,0.16,inf,0.9999999999999998,1.0,1.0,1.0
"frozenset({'Parfums', 'Montres & Bijoux'})","frozenset({'Beauté', 'Maquillage'})",0.2,0.2,0.2,1.0,5.0,1.0,0.16,inf,0.9999999999999998,1.0,1.0,1.0
"frozenset({'Beauté', 'Montres & Bijoux', 'Maquillage'})",frozenset({'Parfums'}),0.2,0.2,0.2,1.0,5.0,1.0,0.16,inf,0.9999999999999998,1.0,1.0,1.0
"frozenset({'Parfums', 'Maquillage', 'Beauté'})",frozenset({'Montres & Bijoux'}),0.2,0.2,0.2,1.0,5.0,1.0,0.16,inf,0.9999999999999998,1.0,1.0,1.0
"frozenset({'Parfums', 'Montres & Bijoux', 'Maquillage'})",frozenset({'Beauté'}),0.2,0.2,0.2,1.0,5.0,1.0,0.16,inf,0.9999999999999998,1.0,1.0,1.0
"frozenset({'Beauté', 'Téléphones & Accessoires', 'Maquillage'})",frozenset({'Parfums'}),0.2,0.2,0.2,1.0,5.0,1.0,0.16,inf,0.9999999999999998,1.0,1.0,1.0
"frozenset({'Parfums', 'Maquillage', 'Beauté'})",frozenset({'Téléphones & Accessoires'}),0.2,0.2,0.2,1.0,5.0,1.0,0.16,inf,0.9999999999999998,1.0,1.0,1.0
"frozenset({'Parfums', 'Téléphones & Accessoires', 'Maquillage'})",frozenset({'Beauté'}),0.2,0.2,0.2,1.0,5.0,1.0,0.16,inf,0.9999999999999998,1.0,1.0,1.0
frozenset({'Téléphones & Accessoires'}),"frozenset({'Beauté', 'Montres & Bijoux', 'Maquillage'})",0.2,0.2,0.2,1.0,5.0,1.0,0.16,inf,0.9999999999999998,1.0,1.0,1.0
frozenset({'Montres & Bijoux'}),"frozenset({'Beauté', 'Téléphones & Accessoires', 'Maquillage'})",0.2,0.2,0.2,1.0,5.0,1.0,0.16,inf,0.9999999999999998,1.0,1.0,1.0
frozenset({'Beauté'}),"frozenset({'Montres & Bijoux', 'Téléphones & Accessoires', 'Maquillage'})",0.2,0.2,0.2,1.0,5.0,1.0,0.16,inf,0.9999999999999998,1.0,1.0,1.0
"frozenset({'Téléphones & Accessoires', 'Maquillage'})","frozenset({'Beauté', 'Montres & Bijoux'})",0.2,0.2,0.2,1.0,5.0,1.0,0.16,inf,0.9999999999999998,1.0,1.0,1.0
"frozenset({'Montres & Bijoux', 'Maquillage'})","frozenset({'Beauté', 'Téléphones & Accessoires'})",0.2,0.2,0.2,1.0,5.0,1.0,0.16,inf,0.9999999999999998,1.0,1.0,1.0
"frozenset({'Montres & Bijoux', 'Téléphones & Accessoires'})","frozenset({'Beauté', 'Maquillage'})",0.2,0.2,0.2,1.0,5.0,1.0,0.16,inf,0.9999999999999998,1.0,1.0,1.0
"frozenset({'Beauté', 'Maquillage'})","frozenset({'Montres & Bijoux', 'Téléphones & Accessoires'})",0.2,0.2,0.2,1.0,5.0,1.0,0.16,inf,0.9999999999999998,1.0,1.0,1.0
"frozenset({'Beauté', 'Téléphones & Accessoires'})","frozenset({'Montres & Bijoux', 'Maquillage'})",0.2,0.2,0.2,1.0,5.0,1.0,0.16,inf,0.9999999999999998,1.0,1.0,1.0
"frozenset({'Beauté', 'Montres & Bijoux'})","frozenset({'Téléphones & Accessoires', 'Maquillage'})",0.2,0.2,0.2,1.0,5.0,1.0,0.16,inf,0.9999999999999998,1.0,1.0,1.0
"frozenset({'Montres & Bijoux', 'Téléphones & Accessoires', 'Maquillage'})",frozenset({'Beauté'}),0.2,0.2,0.2,1.0,5.0,1.0,0.16,inf,0.9999999999999998,1.0,1.0,1.0
"frozenset({'Beauté', 'Téléphones & Accessoires', 'Maquillage'})",frozenset({'Montres & Bijoux'}),0.2,0.2,0.2,1.0,5.0,1.0,0.16,inf,0.9999999999999998,1.0,1.0,1.0
"frozenset({'Parfums', 'Téléphones & Accessoires'})","frozenset({'Beauté', 'Montres & Bijoux'})",0.2,0.2,0.2,1.0,5.0,1.0,0.16,inf,0.9999999999999998,1.0,1.0,1.0
"frozenset({'Parfums', 'Montres & Bijoux'})","frozenset({'Beauté', 'Téléphones & Accessoires'})",0.2,0.2,0.2,1.0,5.0,1.0,0.16,inf,0.9999999999999998,1.0,1.0,1.0
"frozenset({'Beauté', 'Montres & Bijoux', 'Téléphones & Accessoires'})",frozenset({'Parfums'}),0.2,0.2,0.2,1.0,5.0,1.0,0.16,inf,0.9999999999999998,1.0,1.0,1.0
"frozenset({'Parfums', 'Téléphones & Accessoires', 'Beauté'})",frozenset({'Montres & Bijoux'}),0.2,0.2,0.2,1.0,5.0,1.0,0.16,inf,0.9999999999999998,1.0,1.0,1.0
"frozenset({'Parfums', 'Montres & Bijoux', 'Beauté'})",frozenset({'Téléphones & Accessoires'}),0.2,0.2,0.2,1.0,5.0,1.0,0.16,inf,0.9999999999999998,1.0,1.0,1.0
"frozenset({'Parfums', 'Montres & Bijoux', 'Téléphones & Accessoires'})",frozenset({'Beauté'}),0.2,0.2,0.2,1.0,5.0,1.0,0.16,inf,0.9999999999999998,1.0,1.0,1.0
frozenset({'Beauté'}),"frozenset({'Parfums', 'Téléphones & Accessoires', 'Maquillage'})",0.2,0.2,0.2,1.0,5.0,1.0,0.16,inf,0.9999999999999998,1.0,1.0,1.0
frozenset({'Téléphones & Accessoires'}),"frozenset({'Parfums', 'Maquillage', 'Beauté'})",0.2,0.2,0.2,1.0,5.0,1.0,0.16,inf,0.9999999999999998,1.0,1.0,1.0
frozenset({'Parfums'}),"frozenset({'Beauté', 'Téléphones & Accessoires', 'Maquillage'})",0.2,0.2,0.2,1.0,5.0,1.0,0.16,inf,0.9999999999999998,1.0,1.0,1.0
"frozenset({'Beauté', 'Maquillage'})","frozenset({'Parfums', 'Téléphones & Accessoires'})",0.2,0.2,0.2,1.0,5.0,1.0,0.16,inf,0.9999999999999998,1.0,1.0,1.0
"frozenset({'Beauté', 'Téléphones & Accessoires'})","frozenset({'Parfums', 'Maquillage'})",0.2,0.2,0.2,1.0,5.0,1.0,0.16,inf,0.9999999999999998,1.0,1.0,1.0
"frozenset({'Téléphones & Accessoires', 'Maquillage'})","frozenset({'Parfums', 'Beauté'})",0.2,0.2,0.2,1.0,5.0,1.0,0.16,inf,0.9999999999999998,1.0,1.0,1.0
"frozenset({'Parfums', 'Beauté'})","frozenset({'Téléphones & Accessoires', 'Maquillage'})",0.2,0.2,0.2,1.0,5.0,1.0,0.16,inf,0.9999999999999998,1.0,1.0,1.0
"frozenset({'Parfums', 'Maquillage'})","frozenset({'Beauté', 'Téléphones & Accessoires'})",0.2,0.2,0.2,1.0,5.0,1.0,0.16,inf,0.9999999999999998,1.0,1.0,1.0
"frozenset({'Parfums', 'Téléphones & Accessoires'})","frozenset({'Beauté', 'Maquillage'})",0.2,0.2,0.2,1.0,5.0,1.0,0.16,inf,0.9999999999999998,1.0,1.0,1.0
"frozenset({'Maison', 'Ventes flash'})","frozenset({'Beauté & Sport', 'Les plus demandés'})",0.2,0.2,0.2,1.0,5.0,1.0,0.16,inf,0.9999999999999998,1.0,1.0,1.0
"frozenset({'Beauté & Sport', 'Les plus demandés'})","frozenset({'Maison', 'Ventes flash'})",0.2,0.2,0.2,1.0,5.0,1.0,0.16,inf,0.9999999999999998,1.0,1.0,1.0
"frozenset({'Beauté & Sport', 'Ventes flash'})","frozenset({'Maison', 'Les plus demandés'})",0.2,0.2,0.2,1.0,5.0,1.0,0.16,inf,0.9999999999999998,1.0,1.0,1.0
"frozenset({'Maison', 'Beauté & Sport'})","frozenset({'Ventes flash', 'Les plus demandés'})",0.2,0.2,0.2,1.0,5.0,1.0,0.16,inf,0.9999999999999998,1.0,1.0,1.0
"frozenset({'Maison', 'Ventes flash', 'Les plus demandés'})",frozenset({'Beauté & Sport'}),0.2,0.2,0.2,1.0,5.0,1.0,0.16,inf,0.9999999999999998,1.0,1.0,1.0
"frozenset({'Maison', 'Beauté & Sport', 'Les plus demandés'})",frozenset({'Ventes flash'}),0.2,0.2,0.2,1.0,5.0,1.0,0.16,inf,0.9999999999999998,1.0,1.0,1.0
"frozenset({'Maison', 'Beauté & Sport', 'Ventes flash'})",frozenset({'Les plus demandés'}),0.2,0.2,0.2,1.0,5.0,1.0,0.16,inf,0.9999999999999998,1.0,1.0,1.0
frozenset({'Beauté'}),"frozenset({'Parfums', 'Montres & Bijoux', 'Téléphones & Accessoires'})",0.2,0.2,0.2,1.0,5.0,1.0,0.16,inf,0.9999999999999998,1.0,1.0,1.0
frozenset({'Téléphones & Accessoires'}),"frozenset({'Parfums', 'Montres & Bijoux', 'Beauté'})",0.2,0.2,0.2,1.0,5.0,1.0,0.16,inf,0.9999999999999998,1.0,1.0,1.0
frozenset({'Montres & Bijoux'}),"frozenset({'Parfums', 'Téléphones & Accessoires', 'Beauté'})",0.2,0.2,0.2,1.0,5.0,1.0,0.16,inf,0.9999999999999998,1.0,1.0,1.0
frozenset({'Parfums'}),"frozenset({'Beauté', 'Montres & Bijoux', 'Téléphones & Accessoires'})",0.2,0.2,0.2,1.0,5.0,1.0,0.16,inf,0.9999999999999998,1.0,1.0,1.0
"frozenset({'Beauté', 'Téléphones & Accessoires'})","frozenset({'Parfums', 'Montres & Bijoux'})",0.2,0.2,0.2,1.0,5.0,1.0,0.16,inf,0.9999999999999998,1.0,1.0,1.0
"frozenset({'Beauté', 'Montres & Bijoux'})","frozenset({'Parfums', 'Téléphones & Accessoires'})",0.2,0.2,0.2,1.0,5.0,1.0,0.16,inf,0.9999999999999998,1.0,1.0,1.0
"frozenset({'Montres & Bijoux', 'Téléphones & Accessoires'})","frozenset({'Parfums', 'Beauté'})",0.2,0.2,0.2,1.0,5.0,1.0,0.16,inf,0.9999999999999998,1.0,1.0,1.0
"frozenset({'Parfums', 'Beauté'})","frozenset({'Montres & Bijoux', 'Téléphones & Accessoires'})",0.2,0.2,0.2,1.0,5.0,1.0,0.16,inf,0.9999999999999998,1.0,1.0,1.0
"frozenset({'Femme', 'Bébé'})","frozenset({'Chaussures', 'Fille'})",0.2,0.2,0.2,1.0,5.0,1.0,0.16,inf,0.9999999999999998,1.0,1.0,1.0
"frozenset({'Fille', 'Bébé'})","frozenset({'Chaussures', 'Femme'})",0.2,0.2,0.2,1.0,5.0,1.0,0.16,inf,0.9999999999999998,1.0,1.0,1.0
"frozenset({'Fille', 'Femme'})","frozenset({'Chaussures', 'Bébé'})",0.2,0.2,0.2,1.0,5.0,1.0,0.16,inf,0.9999999999999998,1.0,1.0,1.0
"frozenset({'Chaussures', 'Bébé'})","frozenset({'Fille', 'Femme'})",0.2,0.2,0.2,1.0,5.0,1.0,0.16,inf,0.9999999999999998,1.0,1.0,1.0
"frozenset({'Chaussures', 'Femme'})","frozenset({'Fille', 'Bébé'})",0.2,0.2,0.2,1.0,5.0,1.0,0.16,inf,0.9999999999999998,1.0,1.0,1.0
"frozenset({'Chaussures', 'Fille'})","frozenset({'Femme', 'Bébé'})",0.2,0.2,0.2,1.0,5.0,1.0,0.16,inf,0.9999999999999998,1.0,1.0,1.0
"frozenset({'Fille', 'Femme', 'Bébé'})",frozenset({'Chaussures'}),0.2,0.2,0.2,1.0,5.0,1.0,0.16,inf,0.9999999999999998,1.0,1.0,1.0
"frozenset({'Chaussures', 'Femme', 'Bébé'})",frozenset({'Fille'}),0.2,0.2,0.2,1.0,5.0,1.0,0.16,inf,0.9999999999999998,1.0,1.0,1.0
"frozenset({'Chaussures', 'Fille', 'Femme'})",frozenset({'Bébé'}),0.2,0.2,0.2,1.0,5.0,1.0,0.16,inf,0.9999999999999998,1.0,1.0,1.0
frozenset({'Les plus demandés'}),"frozenset({'Maison', 'Beauté & Sport', 'Ventes flash'})",0.2,0.2,0.2,1.0,5.0,1.0,0.16,inf,0.9999999999999998,1.0,1.0,1.0
frozenset({'Ventes flash'}),"frozenset({'Maison', 'Beauté & Sport', 'Les plus demandés'})",0.2,0.2,0.2,1.0,5.0,1.0,0.16,inf,0.9999999999999998,1.0,1.0,1.0
frozenset({'Beauté & Sport'}),"frozenset({'Maison', 'Ventes flash', 'Les plus demandés'})",0.2,0.2,0.2,1.0,5.0,1.0,0.16,inf,0.9999999999999998,1.0,1.0,1.0
"frozenset({'Ventes flash', 'Les plus demandés'})","frozenset({'Maison', 'Beauté & Sport'})",0.2,0.2,0.2,1.0,5.0,1.0,0.16,inf,0.9999999999999998,1.0,1.0,1.0
"frozenset({'Maison', 'Les plus demandés'})","frozenset({'Beauté & Sport', 'Ventes flash'})",0.2,0.2,0.2,1.0,5.0,1.0,0.16,inf,0.9999999999999998,1.0,1.0,1.0
frozenset({'Chaussures'}),"frozenset({'Bébé', 'Femme', 'Garçon'})",0.2,0.2,0.2,1.0,5.0,1.0,0.16,inf,0.9999999999999998,1.0,1.0,1.0
"frozenset({'Bébé', 'Garçon'})","frozenset({'Chaussures', 'Femme'})",0.2,0.2,0.2,1.0,5.0,1.0,0.16,inf,0.9999999999999998,1.0,1.0,1.0
"frozenset({'Femme', 'Bébé'})","frozenset({'Chaussures', 'Garçon'})",0.2,0.2,0.2,1.0,5.0,1.0,0.16,inf,0.9999999999999998,1.0,1.0,1.0
"frozenset({'Femme', 'Garçon'})","frozenset({'Chaussures', 'Bébé'})",0.2,0.2,0.2,1.0,5.0,1.0,0.16,inf,0.9999999999999998,1.0,1.0,1.0
"frozenset({'Chaussures', 'Bébé'})","frozenset({'Femme', 'Garçon'})",0.2,0.2,0.2,1.0,5.0,1.0,0.16,inf,0.9999999999999998,1.0,1.0,1.0
"frozenset({'Chaussures', 'Garçon'})","frozenset({'Femme', 'Bébé'})",0.2,0.2,0.2,1.0,5.0,1.0,0.16,inf,0.9999999999999998,1.0,1.0,1.0
"frozenset({'Chaussures', 'Femme'})","frozenset({'Bébé', 'Garçon'})",0.2,0.2,0.2,1.0,5.0,1.0,0.16,inf,0.9999999999999998,1.0,1.0,1.0
"frozenset({'Bébé', 'Femme', 'Garçon'})",frozenset({'Chaussures'}),0.2,0.2,0.2,1.0,5.0,1.0,0.16,inf,0.9999999999999998,1.0,1.0,1.0
"frozenset({'Chaussures', 'Femme', 'Bébé'})",frozenset({'Garçon'}),0.2,0.2,0.2,1.0,5.0,1.0,0.16,inf,0.9999999999999998,1.0,1.0,1.0
"frozenset({'Chaussures', 'Femme', 'Garçon'})",frozenset({'Bébé'}),0.2,0.2,0.2,1.0,5.0,1.0,0.16,inf,0.9999999999999998,1.0,1.0,1.0
frozenset({'Bébé'}),"frozenset({'Chaussures', 'Fille', 'Femme'})",0.2,0.2,0.2,1.0,5.0,1.0,0.16,inf,0.9999999999999998,1.0,1.0,1.0
frozenset({'Fille'}),"frozenset({'Chaussures', 'Femme', 'Bébé'})",0.2,0.2,0.2,1.0,5.0,1.0,0.16,inf,0.9999999999999998,1.0,1.0,1.0
frozenset({'Chaussures'}),"frozenset({'Fille', 'Femme', 'Bébé'})",0.2,0.2,0.2,1.0,5.0,1.0,0.16,inf,0.9999999999999998,1.0,1.0,1.0
"frozenset({'Homme', 'Fille', 'Garçon', 'Bébé'})","frozenset({'Puériculture', 'Femme'})",0.2,0.2,0.2,1.0,5.0,1.0,0.16,inf,0.9999999999999998,1.0,1.0,1.0
"frozenset({'Homme', 'Femme', 'Fille', 'Bébé'})","frozenset({'Puériculture', 'Garçon'})",0.2,0.2,0.2,1.0,5.0,1.0,0.16,inf,0.9999999999999998,1.0,1.0,1.0
"frozenset({'Homme', 'Fille', 'Femme', 'Garçon', 'Puériculture'})",frozenset({'Bébé'}),0.2,0.2,0.2,1.0,5.0,1.0,0.16,inf,0.9999999999999998,1.0,1.0,1.0
"frozenset({'Homme', 'Bébé', 'Femme', 'Garçon', 'Puériculture'})",frozenset({'Fille'}),0.2,0.2,0.2,1.0,5.0,1.0,0.16,inf,0.9999999999999998,1.0,1.0,1.0
"frozenset({'Homme', 'Bébé', 'Fille', 'Femme', 'Puériculture'})",frozenset({'Garçon'}),0.2,0.2,0.2,1.0,5.0,1.0,0.16,inf,0.9999999999999998,1.0,1.0,1.0
"frozenset({'Homme', 'Bébé', 'Fille', 'Femme', 'Garçon'})",frozenset({'Puériculture'}),0.2,0.2,0.2,1.0,5.0,1.0,0.16,inf,0.9999999999999998,1.0,1.0,1.0
frozenset({'Puériculture'}),"frozenset({'Chaussures', 'Homme', 'Bébé', 'Fille', 'Garçon'})",0.2,0.2,0.2,1.0,5.0,1.0,0.16,inf,0.9999999999999998,1.0,1.0,1.0
frozenset({'Garçon'}),"frozenset({'Chaussures', 'Homme', 'Bébé', 'Fille', 'Puériculture'})",0.2,0.2,0.2,1.0,5.0,1.0,0.16,inf,0.9999999999999998,1.0,1.0,1.0
frozenset({'Fille'}),"frozenset({'Chaussures', 'Homme', 'Bébé', 'Garçon', 'Puériculture'})",0.2,0.2,0.2,1.0,5.0,1.0,0.16,inf,0.9999999999999998,1.0,1.0,1.0
frozenset({'Bébé'}),"frozenset({'Chaussures', 'Homme', 'Fille', 'Garçon', 'Puériculture'})",0.2,0.2,0.2,1.0,5.0,1.0,0.16,inf,0.9999999999999998,1.0,1.0,1.0
frozenset({'Chaussures'}),"frozenset({'Homme', 'Bébé', 'Fille', 'Garçon', 'Puériculture'})",0.2,0.2,0.2,1.0,5.0,1.0,0.16,inf,0.9999999999999998,1.0,1.0,1.0
"frozenset({'Puériculture', 'Garçon'})","frozenset({'Chaussures', 'Homme', 'Fille', 'Bébé'})",0.2,0.2,0.2,1.0,5.0,1.0,0.16,inf,0.9999999999999998,1.0,1.0,1.0
"frozenset({'Puériculture', 'Fille'})","frozenset({'Chaussures', 'Homme', 'Garçon', 'Bébé'})",0.2,0.2,0.2,1.0,5.0,1.0,0.16,inf,0.9999999999999998,1.0,1.0,1.0
frozenset({'Bébé'}),"frozenset({'Chaussures', 'Homme', 'Femme'})",0.2,0.2,0.2,1.0,5.0,1.0,0.16,inf,0.9999999999999998,1.0,1.0,1.0
frozenset({'Chaussures'}),"frozenset({'Homme', 'Femme', 'Bébé'})",0.2,0.2,0.2,1.0,5.0,1.0,0.16,inf,0.9999999999999998,1.0,1.0,1.0
"frozenset({'Femme', 'Bébé'})","frozenset({'Chaussures', 'Homme'})",0.2,0.2,0.2,1.0,5.0,1.0,0.16,inf,0.9999999999999998,1.0,1.0,1.0
"frozenset({'Homme', 'Bébé'})","frozenset({'Chaussures', 'Femme'})",0.2,0.2,0.2,1.0,5.0,1.0,0.16,inf,0.9999999999999998,1.0,1.0,1.0
"frozenset({'Chaussures', 'Femme'})","frozenset({'Homme', 'Bébé'})",0.2,0.2,0.2,1.0,5.0,1.0,0.16,inf,0.9999999999999998,1.0,1.0,1.0
"frozenset({'Chaussures', 'Homme'})","frozenset({'Femme', 'Bébé'})",0.2,0.2,0.2,1.0,5.0,1.0,0.16,inf,0.9999999999999998,1.0,1.0,1.0
"frozenset({'Homme', 'Femme', 'Bébé'})",frozenset({'Chaussures'}),0.2,0.2,0.2,1.0,5.0,1.0,0.16,inf,0.9999999999999998,1.0,1.0,1.0
"frozenset({'Chaussures', 'Homme', 'Femme'})",frozenset({'Bébé'}),0.2,0.2,0.2,1.0,5.0,1.0,0.16,inf,0.9999999999999998,1.0,1.0,1.0
frozenset({'Bébé'}),"frozenset({'Chaussures', 'Femme', 'Garçon'})",0.2,0.2,0.2,1.0,5.0,1.0,0.16,inf,0.9999999999999998,1.0,1.0,1.0
frozenset({'Garçon'}),"frozenset({'Chaussures', 'Femme', 'Bébé'})",0.2,0.2,0.2,1.0,5.0,1.0,0.16,inf,0.9999999999999998,1.0,1.0,1.0
"frozenset({'Chaussures', 'Fille', 'Bébé'})",frozenset({'Garçon'}),0.2,0.2,0.2,1.0,5.0,1.0,0.16,inf,0.9999999999999998,1.0,1.0,1.0
"frozenset({'Chaussures', 'Fille', 'Garçon'})",frozenset({'Bébé'}),0.2,0.2,0.2,1.0,5.0,1.0,0.16,inf,0.9999999999999998,1.0,1.0,1.0
frozenset({'Bébé'}),"frozenset({'Puériculture', 'Chaussures', 'Femme'})",0.2,0.2,0.2,1.0,5.0,1.0,0.16,inf,0.9999999999999998,1.0,1.0,1.0
frozenset({'Chaussures'}),"frozenset({'Puériculture', 'Femme', 'Bébé'})",0.2,0.2,0.2,1.0,5.0,1.0,0.16,inf,0.9999999999999998,1.0,1.0,1.0
frozenset({'Puériculture'}),"frozenset({'Chaussures', 'Femme', 'Bébé'})",0.2,0.2,0.2,1.0,5.0,1.0,0.16,inf,0.9999999999999998,1.0,1.0,1.0
"frozenset({'Femme', 'Bébé'})","frozenset({'Puériculture', 'Chaussures'})",0.2,0.2,0.2,1.0,5.0,1.0,0.16,inf,0.9999999999999998,1.0,1.0,1.0
"frozenset({'Chaussures', 'Bébé'})","frozenset({'Puériculture', 'Femme'})",0.2,0.2,0.2,1.0,5.0,1.0,0.16,inf,0.9999999999999998,1.0,1.0,1.0
"frozenset({'Chaussures', 'Femme'})","frozenset({'Puériculture', 'Bébé'})",0.2,0.2,0.2,1.0,5.0,1.0,0.16,inf,0.9999999999999998,1.0,1.0,1.0
"frozenset({'Puériculture', 'Bébé'})","frozenset({'Chaussures', 'Femme'})",0.2,0.2,0.2,1.0,5.0,1.0,0.16,inf,0.9999999999999998,1.0,1.0,1.0
"frozenset({'Puériculture', 'Femme'})","frozenset({'Chaussures', 'Bébé'})",0.2,0.2,0.2,1.0,5.0,1.0,0.16,inf,0.9999999999999998,1.0,1.0,1.0
"frozenset({'Puériculture', 'Chaussures'})","frozenset({'Femme', 'Bébé'})",0.2,0.2,0.2,1.0,5.0,1.0,0.16,inf,0.9999999999999998,1.0,1.0,1.0
"frozenset({'Chaussures', 'Femme', 'Bébé'})",frozenset({'Puériculture'}),0.2,0.2,0.2,1.0,5.0,1.0,0.16,inf,0.9999999999999998,1.0,1.0,1.0
"frozenset({'Puériculture', 'Femme', 'Bébé'})",frozenset({'Chaussures'}),0.2,0.2,0.2,1.0,5.0,1.0,0.16,inf,0.9999999999999998,1.0,1.0,1.0
"frozenset({'Puériculture', 'Chaussures', 'Femme'})",frozenset({'Bébé'}),0.2,0.2,0.2,1.0,5.0,1.0,0.16,inf,0.9999999999999998,1.0,1.0,1.0
"frozenset({'Bébé', 'Homme', 'Fille'})",frozenset({'Chaussures'}),0.2,0.2,0.2,1.0,5.0,1.0,0.16,inf,0.9999999999999998,1.0,1.0,1.0
"frozenset({'Chaussures', 'Homme', 'Bébé'})",frozenset({'Fille'}),0.2,0.2,0.2,1.0,5.0,1.0,0.16,inf,0.9999999999999998,1.0,1.0,1.0
"frozenset({'Chaussures', 'Homme', 'Fille'})",frozenset({'Bébé'}),0.2,0.2,0.2,1.0,5.0,1.0,0.16,inf,0.9999999999999998,1.0,1.0,1.0
frozenset({'Bébé'}),"frozenset({'Chaussures', 'Fille', 'Garçon'})",0.2,0.2,0.2,1.0,5.0,1.0,0.16,inf,0.9999999999999998,1.0,1.0,1.0
frozenset({'Garçon'}),"frozenset({'Chaussures', 'Fille', 'Bébé'})",0.2,0.2,0.2,1.0,5.0,1.0,0.16,inf,0.9999999999999998,1.0,1.0,1.0
frozenset({'Fille'}),"frozenset({'Bébé', 'Chaussures', 'Garçon'})",0.2,0.2,0.2,1.0,5.0,1.0,0.16,inf,0.9999999999999998,1.0,1.0,1.0
frozenset({'Chaussures'}),"frozenset({'Bébé', 'Fille', 'Garçon'})",0.2,0.2,0.2,1.0,5.0,1.0,0.16,inf,0.9999999999999998,1.0,1.0,1.0
"frozenset({'Bébé', 'Garçon'})","frozenset({'Chaussures', 'Fille'})",0.2,0.2,0.2,1.0,5.0,1.0,0.16,inf,0.9999999999999998,1.0,1.0,1.0
"frozenset({'Fille', 'Bébé'})","frozenset({'Chaussures', 'Garçon'})",0.2,0.2,0.2,1.0,5.0,1.0,0.16,inf,0.9999999999999998,1.0,1.0,1.0
"frozenset({'Fille', 'Garçon'})","frozenset({'Chaussures', 'Bébé'})",0.2,0.2,0.2,1.0,5.0,1.0,0.16,inf,0.9999999999999998,1.0,1.0,1.0
"frozenset({'Chaussures', 'Bébé'})","frozenset({'Fille', 'Garçon'})",0.2,0.2,0.2,1.0,5.0,1.0,0.16,inf,0.9999999999999998,1.0,1.0,1.0
"frozenset({'Chaussures', 'Garçon'})","frozenset({'Fille', 'Bébé'})",0.2,0.2,0.2,1.0,5.0,1.0,0.16,inf,0.9999999999999998,1.0,1.0,1.0
"frozenset({'Chaussures', 'Fille'})","frozenset({'Bébé', 'Garçon'})",0.2,0.2,0.2,1.0,5.0,1.0,0.16,inf,0.9999999999999998,1.0,1.0,1.0
"frozenset({'Bébé', 'Fille', 'Garçon'})",frozenset({'Chaussures'}),0.2,0.2,0.2,1.0,5.0,1.0,0.16,inf,0.9999999999999998,1.0,1.0,1.0
"frozenset({'Bébé', 'Chaussures', 'Garçon'})",frozenset({'Fille'}),0.2,0.2,0.2,1.0,5.0,1.0,0.16,inf,0.9999999999999998,1.0,1.0,1.0
"frozenset({'Puériculture', 'Fille'})","frozenset({'Chaussures', 'Bébé'})",0.2,0.2,0.2,1.0,5.0,1.0,0.16,inf,0.9999999999999998,1.0,1.0,1.0
"frozenset({'Puériculture', 'Chaussures'})","frozenset({'Fille', 'Bébé'})",0.2,0.2,0.2,1.0,5.0,1.0,0.16,inf,0.9999999999999998,1.0,1.0,1.0
"frozenset({'Chaussures', 'Fille', 'Bébé'})",frozenset({'Puériculture'}),0.2,0.2,0.2,1.0,5.0,1.0,0.16,inf,0.9999999999999998,1.0,1.0,1.0
"frozenset({'Puériculture', 'Fille', 'Bébé'})",frozenset({'Chaussures'}),0.2,0.2,0.2,1.0,5.0,1.0,0.16,inf,0.9999999999999998,1.0,1.0,1.0
"frozenset({'Puériculture', 'Chaussures', 'Bébé'})",frozenset({'Fille'}),0.2,0.2,0.2,1.0,5.0,1.0,0.16,inf,0.9999999999999998,1.0,1.0,1.0
"frozenset({'Puériculture', 'Chaussures', 'Fille'})",frozenset({'Bébé'}),0.2,0.2,0.2,1.0,5.0,1.0,0.16,inf,0.9999999999999998,1.0,1.0,1.0
frozenset({'Bébé'}),"frozenset({'Chaussures', 'Homme', 'Fille'})",0.2,0.2,0.2,1.0,5.0,1.0,0.16,inf,0.9999999999999998,1.0,1.0,1.0
frozenset({'Fille'}),"frozenset({'Chaussures', 'Homme', 'Bébé'})",0.2,0.2,0.2,1.0,5.0,1.0,0.16,inf,0.9999999999999998,1.0,1.0,1.0
frozenset({'Chaussures'}),"frozenset({'Bébé', 'Homme', 'Fille'})",0.2,0.2,0.2,1.0,5.0,1.0,0.16,inf,0.9999999999999998,1.0,1.0,1.0
"frozenset({'Fille', 'Bébé'})","frozenset({'Chaussures', 'Homme'})",0.2,0.2,0.2,1.0,5.0,1.0,0.16,inf,0.9999999999999998,1.0,1.0,1.0
"frozenset({'Homme', 'Bébé'})","frozenset({'Chaussures', 'Fille'})",0.2,0.2,0.2,1.0,5.0,1.0,0.16,inf,0.9999999999999998,1.0,1.0,1.0
"frozenset({'Homme', 'Fille'})","frozenset({'Chaussures', 'Bébé'})",0.2,0.2,0.2,1.0,5.0,1.0,0.16,inf,0.9999999999999998,1.0,1.0,1.0
"frozenset({'Chaussures', 'Bébé'})","frozenset({'Homme', 'Fille'})",0.2,0.2,0.2,1.0,5.0,1.0,0.16,inf,0.9999999999999998,1.0,1.0,1.0
"frozenset({'Chaussures', 'Fille'})","frozenset({'Homme', 'Bébé'})",0.2,0.2,0.2,1.0,5.0,1.0,0.16,inf,0.9999999999999998,1.0,1.0,1.0
"frozenset({'Chaussures', 'Homme'})","frozenset({'Fille', 'Bébé'})",0.2,0.2,0.2,1.0,5.0,1.0,0.16,inf,0.9999999999999998,1.0,1.0,1.0
"frozenset({'Homme', 'Garçon'})","frozenset({'Chaussures', 'Bébé'})",0.2,0.2,0.2,1.0,5.0,1.0,0.16,inf,0.9999999999999998,1.0,1.0,1.0
"frozenset({'Chaussures', 'Bébé'})","frozenset({'Homme', 'Garçon'})",0.2,0.2,0.2,1.0,5.0,1.0,0.16,inf,0.9999999999999998,1.0,1.0,1.0
"frozenset({'Chaussures', 'Garçon'})","frozenset({'Homme', 'Bébé'})",0.2,0.2,0.2,1.0,5.0,1.0,0.16,inf,0.9999999999999998,1.0,1.0,1.0
"frozenset({'Chaussures', 'Homme'})","frozenset({'Bébé', 'Garçon'})",0.2,0.2,0.2,1.0,5.0,1.0,0.16,inf,0.9999999999999998,1.0,1.0,1.0
"frozenset({'Bébé', 'Homme', 'Garçon'})",frozenset({'Chaussures'}),0.2,0.2,0.2,1.0,5.0,1.0,0.16,inf,0.9999999999999998,1.0,1.0,1.0
"frozenset({'Chaussures', 'Homme', 'Bébé'})",frozenset({'Garçon'}),0.2,0.2,0.2,1.0,5.0,1.0,0.16,inf,0.9999999999999998,1.0,1.0,1.0
"frozenset({'Chaussures', 'Homme', 'Garçon'})",frozenset({'Bébé'}),0.2,0.2,0.2,1.0,5.0,1.0,0.16,inf,0.9999999999999998,1.0,1.0,1.0
frozenset({'Bébé'}),"frozenset({'Puériculture', 'Chaussures', 'Fille'})",0.2,0.2,0.2,1.0,5.0,1.0,0.16,inf,0.9999999999999998,1.0,1.0,1.0
frozenset({'Fille'}),"frozenset({'Puériculture', 'Chaussures', 'Bébé'})",0.2,0.2,0.2,1.0,5.0,1.0,0.16,inf,0.9999999999999998,1.0,1.0,1.0
frozenset({'Chaussures'}),"frozenset({'Puériculture', 'Fille', 'Bébé'})",0.2,0.2,0.2,1.0,5.0,1.0,0.16,inf,0.9999999999999998,1.0,1.0,1.0
frozenset({'Puériculture'}),"frozenset({'Chaussures', 'Fille', 'Bébé'})",0.2,0.2,0.2,1.0,5.0,1.0,0.16,inf,0.9999999999999998,1.0,1.0,1.0
"frozenset({'Fille', 'Bébé'})","frozenset({'Puériculture', 'Chaussures'})",0.2,0.2,0.2,1.0,5.0,1.0,0.16,inf,0.9999999999999998,1.0,1.0,1.0
"frozenset({'Chaussures', 'Bébé'})","frozenset({'Puériculture', 'Fille'})",0.2,0.2,0.2,1.0,5.0,1.0,0.16,inf,0.9999999999999998,1.0,1.0,1.0
"frozenset({'Chaussures', 'Fille'})","frozenset({'Puériculture', 'Bébé'})",0.2,0.2,0.2,1.0,5.0,1.0,0.16,inf,0.9999999999999998,1.0,1.0,1.0
"frozenset({'Puériculture', 'Bébé'})","frozenset({'Chaussures', 'Fille'})",0.2,0.2,0.2,1.0,5.0,1.0,0.16,inf,0.9999999999999998,1.0,1.0,1.0
"frozenset({'Fille', 'Garçon'})","frozenset({'Puériculture', 'Chaussures', 'Homme', 'Bébé'})",0.2,0.2,0.2,1.0,5.0,1.0,0.16,inf,0.9999999999999998,1.0,1.0,1.0
"frozenset({'Puériculture', 'Bébé'})","frozenset({'Chaussures', 'Homme', 'Garçon', 'Fille'})",0.2,0.2,0.2,1.0,5.0,1.0,0.16,inf,0.9999999999999998,1.0,1.0,1.0
"frozenset({'Garçon', 'Bébé'})","frozenset({'Puériculture', 'Chaussures', 'Homme', 'Fille'})",0.2,0.2,0.2,1.0,5.0,1.0,0.16,inf,0.9999999999999998,1.0,1.0,1.0
"frozenset({'Fille', 'Bébé'})","frozenset({'Puériculture', 'Chaussures', 'Homme', 'Garçon'})",0.2,0.2,0.2,1.0,5.0,1.0,0.16,inf,0.9999999999999998,1.0,1.0,1.0
"frozenset({'Puériculture', 'Homme'})","frozenset({'Chaussures', 'Fille', 'Garçon', 'Bébé'})",0.2,0.2,0.2,1.0,5.0,1.0,0.16,inf,0.9999999999999998,1.0,1.0,1.0
"frozenset({'Homme', 'Garçon'})","frozenset({'Puériculture', 'Chaussures', 'Fille', 'Bébé'})",0.2,0.2,0.2,1.0,5.0,1.0,0.16,inf,0.9999999999999998,1.0,1.0,1.0
"frozenset({'Homme', 'Fille'})","frozenset({'Puériculture', 'Chaussures', 'Garçon', 'Bébé'})",0.2,0.2,0.2,1.0,5.0,1.0,0.16,inf,0.9999999999999998,1.0,1.0,1.0
"frozenset({'Homme', 'Bébé'})","frozenset({'Puériculture', 'Chaussures', 'Fille', 'Garçon'})",0.2,0.2,0.2,1.0,5.0,1.0,0.16,inf,0.9999999999999998,1.0,1.0,1.0
"frozenset({'Puériculture', 'Chaussures'})","frozenset({'Homme', 'Fille', 'Garçon', 'Bébé'})",0.2,0.2,0.2,1.0,5.0,1.0,0.16,inf,0.9999999999999998,1.0,1.0,1.0
"frozenset({'Chaussures', 'Garçon'})","frozenset({'Puériculture', 'Homme', 'Fille', 'Bébé'})",0.2,0.2,0.2,1.0,5.0,1.0,0.16,inf,0.9999999999999998,1.0,1.0,1.0
"frozenset({'Chaussures', 'Fille'})","frozenset({'Puériculture', 'Homme', 'Garçon', 'Bébé'})",0.2,0.2,0.2,1.0,5.0,1.0,0.16,inf,0.9999999999999998,1.0,1.0,1.0
"frozenset({'Chaussures', 'Bébé'})","frozenset({'Puériculture', 'Homme', 'Garçon', 'Fille'})",0.2,0.2,0.2,1.0,5.0,1.0,0.16,inf,0.9999999999999998,1.0,1.0,1.0
"frozenset({'Chaussures', 'Homme'})","frozenset({'Puériculture', 'Fille', 'Garçon', 'Bébé'})",0.2,0.2,0.2,1.0,5.0,1.0,0.16,inf,0.9999999999999998,1.0,1.0,1.0
"frozenset({'Puériculture', 'Fille', 'Garçon'})","frozenset({'Chaussures', 'Homme', 'Bébé'})",0.2,0.2,0.2,1.0,5.0,1.0,0.16,inf,0.9999999999999998,1.0,1.0,1.0
"frozenset({'Puériculture', 'Garçon', 'Bébé'})","frozenset({'Chaussures', 'Homme', 'Fille'})",0.2,0.2,0.2,1.0,5.0,1.0,0.16,inf,0.9999999999999998,1.0,1.0,1.0
"frozenset({'Puériculture', 'Fille', 'Bébé'})","frozenset({'Chaussures', 'Homme', 'Garçon'})",0.2,0.2,0.2,1.0,5.0,1.0,0.16,inf,0.9999999999999998,1.0,1.0,1.0
"frozenset({'Bébé', 'Garçon'})","frozenset({'Puériculture', 'Chaussures'})",0.2,0.2,0.2,1.0,5.0,1.0,0.16,inf,0.9999999999999998,1.0,1.0,1.0
"frozenset({'Chaussures', 'Bébé'})","frozenset({'Puériculture', 'Garçon'})",0.2,0.2,0.2,1.0,5.0,1.0,0.16,inf,0.9999999999999998,1.0,1.0,1.0
"frozenset({'Chaussures', 'Garçon'})","frozenset({'Puériculture', 'Bébé'})",0.2,0.2,0.2,1.0,5.0,1.0,0.16,inf,0.9999999999999998,1.0,1.0,1.0
"frozenset({'Puériculture', 'Bébé'})","frozenset({'Chaussures', 'Garçon'})",0.2,0.2,0.2,1.0,5.0,1.0,0.16,inf,0.9999999999999998,1.0,1.0,1.0
"frozenset({'Puériculture', 'Garçon'})","frozenset({'Chaussures', 'Bébé'})",0.2,0.2,0.2,1.0,5.0,1.0,0.16,inf,0.9999999999999998,1.0,1.0,1.0
"frozenset({'Puériculture', 'Chaussures'})","frozenset({'Bébé', 'Garçon'})",0.2,0.2,0.2,1.0,5.0,1.0,0.16,inf,0.9999999999999998,1.0,1.0,1.0
"frozenset({'Bébé', 'Chaussures', 'Garçon'})",frozenset({'Puériculture'}),0.2,0.2,0.2,1.0,5.0,1.0,0.16,inf,0.9999999999999998,1.0,1.0,1.0
"frozenset({'Puériculture', 'Bébé', 'Garçon'})",frozenset({'Chaussures'}),0.2,0.2,0.2,1.0,5.0,1.0,0.16,inf,0.9999999999999998,1.0,1.0,1.0
"frozenset({'Puériculture', 'Chaussures', 'Bébé'})",frozenset({'Garçon'}),0.2,0.2,0.2,1.0,5.0,1.0,0.16,inf,0.9999999999999998,1.0,1.0,1.0
"frozenset({'Puériculture', 'Chaussures', 'Garçon'})",frozenset({'Bébé'}),0.2,0.2,0.2,1.0,5.0,1.0,0.16,inf,0.9999999999999998,1.0,1.0,1.0
frozenset({'Bébé'}),"frozenset({'Chaussures', 'Homme', 'Garçon'})",0.2,0.2,0.2,1.0,5.0,1.0,0.16,inf,0.9999999999999998,1.0,1.0,1.0
frozenset({'Garçon'}),"frozenset({'Chaussures', 'Homme', 'Bébé'})",0.2,0.2,0.2,1.0,5.0,1.0,0.16,inf,0.9999999999999998,1.0,1.0,1.0
frozenset({'Chaussures'}),"frozenset({'Bébé', 'Homme', 'Garçon'})",0.2,0.2,0.2,1.0,5.0,1.0,0.16,inf,0.9999999999999998,1.0,1.0,1.0
"frozenset({'Bébé', 'Garçon'})","frozenset({'Chaussures', 'Homme'})",0.2,0.2,0.2,1.0,5.0,1.0,0.16,inf,0.9999999999999998,1.0,1.0,1.0
"frozenset({'Homme', 'Bébé'})","frozenset({'Chaussures', 'Garçon'})",0.2,0.2,0.2,1.0,5.0,1.0,0.16,inf,0.9999999999999998,1.0,1.0,1.0
frozenset({'Chaussures'}),"frozenset({'Puériculture', 'Homme', 'Bébé'})",0.2,0.2,0.2,1.0,5.0,1.0,0.16,inf,0.9999999999999998,1.0,1.0,1.0
frozenset({'Puériculture'}),"frozenset({'Chaussures', 'Homme', 'Bébé'})",0.2,0.2,0.2,1.0,5.0,1.0,0.16,inf,0.9999999999999998,1.0,1.0,1.0
"frozenset({'Homme', 'Bébé'})","frozenset({'Puériculture', 'Chaussures'})",0.2,0.2,0.2,1.0,5.0,1.0,0.16,inf,0.9999999999999998,1.0,1.0,1.0
"frozenset({'Chaussures', 'Bébé'})","frozenset({'Puériculture', 'Homme'})",0.2,0.2,0.2,1.0,5.0,1.0,0.16,inf,0.9999999999999998,1.0,1.0,1.0
"frozenset({'Chaussures', 'Homme'})","frozenset({'Puériculture', 'Bébé'})",0.2,0.2,0.2,1.0,5.0,1.0,0.16,inf,0.9999999999999998,1.0,1.0,1.0
"frozenset({'Puériculture', 'Bébé'})","frozenset({'Chaussures', 'Homme'})",0.2,0.2,0.2,1.0,5.0,1.0,0.16,inf,0.9999999999999998,1.0,1.0,1.0
"frozenset({'Puériculture', 'Homme'})","frozenset({'Chaussures', 'Bébé'})",0.2,0.2,0.2,1.0,5.0,1.0,0.16,inf,0.9999999999999998,1.0,1.0,1.0
"frozenset({'Puériculture', 'Chaussures'})","frozenset({'Homme', 'Bébé'})",0.2,0.2,0.2,1.0,5.0,1.0,0.16,inf,0.9999999999999998,1.0,1.0,1.0
"frozenset({'Chaussures', 'Homme', 'Bébé'})",frozenset({'Puériculture'}),0.2,0.2,0.2,1.0,5.0,1.0,0.16,inf,0.9999999999999998,1.0,1.0,1.0
"frozenset({'Puériculture', 'Homme', 'Bébé'})",frozenset({'Chaussures'}),0.2,0.2,0.2,1.0,5.0,1.0,0.16,inf,0.9999999999999998,1.0,1.0,1.0
"frozenset({'Puériculture', 'Chaussures', 'Homme'})",frozenset({'Bébé'}),0.2,0.2,0.2,1.0,5.0,1.0,0.16,inf,0.9999999999999998,1.0,1.0,1.0
frozenset({'Bébé'}),"frozenset({'Puériculture', 'Chaussures', 'Garçon'})",0.2,0.2,0.2,1.0,5.0,1.0,0.16,inf,0.9999999999999998,1.0,1.0,1.0
frozenset({'Garçon'}),"frozenset({'Puériculture', 'Chaussures', 'Bébé'})",0.2,0.2,0.2,1.0,5.0,1.0,0.16,inf,0.9999999999999998,1.0,1.0,1.0
frozenset({'Chaussures'}),"frozenset({'Puériculture', 'Bébé', 'Garçon'})",0.2,0.2,0.2,1.0,5.0,1.0,0.16,inf,0.9999999999999998,1.0,1.0,1.0
frozenset({'Puériculture'}),"frozenset({'Bébé', 'Chaussures', 'Garçon'})",0.2,0.2,0.2,1.0,5.0,1.0,0.16,inf,0.9999999999999998,1.0,1.0,1.0
frozenset({'Bébé'}),"frozenset({'Fille', 'Femme', 'Garçon'})",0.2,0.2,0.2,1.0,5.0,1.0,0.16,inf,0.9999999999999998,1.0,1.0,1.0
frozenset({'Garçon'}),"frozenset({'Fille', 'Femme', 'Bébé'})",0.2,0.2,0.2,1.0,5.0,1.0,0.16,inf,0.9999999999999998,1.0,1.0,1.0
frozenset({'Fille'}),"frozenset({'Bébé', 'Femme', 'Garçon'})",0.2,0.2,0.2,1.0,5.0,1.0,0.16,inf,0.9999999999999998,1.0,1.0,1.0
"frozenset({'Bébé', 'Garçon'})","frozenset({'Fille', 'Femme'})",0.2,0.2,0.2,1.0,5.0,1.0,0.16,inf,0.9999999999999998,1.0,1.0,1.0
"frozenset({'Femme', 'Bébé'})","frozenset({'Fille', 'Garçon'})",0.2,0.2,0.2,1.0,5.0,1.0,0.16,inf,0.9999999999999998,1.0,1.0,1.0
"frozenset({'Femme', 'Garçon'})","frozenset({'Fille', 'Bébé'})",0.2,0.2,0.2,1.0,5.0,1.0,0.16,inf,0.9999999999999998,1.0,1.0,1.0
"frozenset({'Fille', 'Bébé'})","frozenset({'Femme', 'Garçon'})",0.2,0.2,0.2,1.0,5.0,1.0,0.16,inf,0.9999999999999998,1.0,1.0,1.0
"frozenset({'Fille', 'Garçon'})","frozenset({'Femme', 'Bébé'})",0.2,0.2,0.2,1.0,5.0,1.0,0.16,inf,0.9999999999999998,1.0,1.0,1.0
"frozenset({'Fille', 'Femme'})","frozenset({'Bébé', 'Garçon'})",0.2,0.2,0.2,1.0,5.0,1.0,0.16,inf,0.9999999999999998,1.0,1.0,1.0
"frozenset({'Bébé', 'Femme', 'Garçon'})",frozenset({'Fille'}),0.2,0.2,0.2,1.0,5.0,1.0,0.16,inf,0.9999999999999998,1.0,1.0,1.0
"frozenset({'Fille', 'Femme', 'Bébé'})",frozenset({'Garçon'}),0.2,0.2,0.2,1.0,5.0,1.0,0.16,inf,0.9999999999999998,1.0,1.0,1.0
"frozenset({'Fille', 'Femme', 'Garçon'})",frozenset({'Bébé'}),0.2,0.2,0.2,1.0,5.0,1.0,0.16,inf,0.9999999999999998,1.0,1.0,1.0
frozenset({'Bébé'}),"frozenset({'Puériculture', 'Chaussures', 'Homme'})",0.2,0.2,0.2,1.0,5.0,1.0,0.16,inf,0.9999999999999998,1.0,1.0,1.0
"frozenset({'Puériculture', 'Fille', 'Femme'})",frozenset({'Bébé'}),0.2,0.2,0.2,1.0,5.0,1.0,0.16,inf,0.9999999999999998,1.0,1.0,1.0
frozenset({'Fille'}),"frozenset({'Homme', 'Femme', 'Bébé'})",0.2,0.2,0.2,1.0,5.0,1.0,0.16,inf,0.9999999999999998,1.0,1.0,1.0
frozenset({'Bébé'}),"frozenset({'Homme', 'Femme', 'Fille'})",0.2,0.2,0.2,1.0,5.0,1.0,0.16,inf,0.9999999999999998,1.0,1.0,1.0
"frozenset({'Fille', 'Femme'})","frozenset({'Homme', 'Bébé'})",0.2,0.2,0.2,1.0,5.0,1.0,0.16,inf,0.9999999999999998,1.0,1.0,1.0
"frozenset({'Homme', 'Fille'})","frozenset({'Femme', 'Bébé'})",0.2,0.2,0.2,1.0,5.0,1.0,0.16,inf,0.9999999999999998,1.0,1.0,1.0
"frozenset({'Femme', 'Bébé'})","frozenset({'Homme', 'Fille'})",0.2,0.2,0.2,1.0,5.0,1.0,0.16,inf,0.9999999999999998,1.0,1.0,1.0
"frozenset({'Homme', 'Bébé'})","frozenset({'Fille', 'Femme'})",0.2,0.2,0.2,1.0,5.0,1.0,0.16,inf,0.9999999999999998,1.0,1.0,1.0
"frozenset({'Homme', 'Femme', 'Fille'})",frozenset({'Bébé'}),0.2,0.2,0.2,1.0,5.0,1.0,0.16,inf,0.9999999999999998,1.0,1.0,1.0
"frozenset({'Homme', 'Femme', 'Bébé'})",frozenset({'Fille'}),0.2,0.2,0.2,1.0,5.0,1.0,0.16,inf,0.9999999999999998,1.0,1.0,1.0
"frozenset({'Homme', 'Femme', 'Bébé'})",frozenset({'Garçon'}),0.2,0.2,0.2,1.0,5.0,1.0,0.16,inf,0.9999999999999998,1.0,1.0,1.0
"frozenset({'Homme', 'Femme', 'Garçon'})",frozenset({'Bébé'}),0.2,0.2,0.2,1.0,5.0,1.0,0.16,inf,0.9999999999999998,1.0,1.0,1.0
frozenset({'Bébé'}),"frozenset({'Puériculture', 'Fille', 'Femme'})",0.2,0.2,0.2,1.0,5.0,1.0,0.16,inf,0.9999999999999998,1.0,1.0,1.0
frozenset({'Fille'}),"frozenset({'Puériculture', 'Femme', 'Bébé'})",0.2,0.2,0.2,1.0,5.0,1.0,0.16,inf,0.9999999999999998,1.0,1.0,1.0
frozenset({'Puériculture'}),"frozenset({'Fille', 'Femme', 'Bébé'})",0.2,0.2,0.2,1.0,5.0,1.0,0.16,inf,0.9999999999999998,1.0,1.0,1.0
"frozenset({'Femme', 'Bébé'})","frozenset({'Puériculture', 'Fille'})",0.2,0.2,0.2,1.0,5.0,1.0,0.16,inf,0.9999999999999998,1.0,1.0,1.0
"frozenset({'Fille', 'Bébé'})","frozenset({'Puériculture', 'Femme'})",0.2,0.2,0.2,1.0,5.0,1.0,0.16,inf,0.9999999999999998,1.0,1.0,1.0
"frozenset({'Fille', 'Femme'})","frozenset({'Puériculture', 'Bébé'})",0.2,0.2,0.2,1.0,5.0,1.0,0.16,inf,0.9999999999999998,1.0,1.0,1.0
"frozenset({'Puériculture', 'Bébé'})","frozenset({'Fille', 'Femme'})",0.2,0.2,0.2,1.0,5.0,1.0,0.16,inf,0.9999999999999998,1.0,1.0,1.0
"frozenset({'Puériculture', 'Femme'})","frozenset({'Fille', 'Bébé'})",0.2,0.2,0.2,1.0,5.0,1.0,0.16,inf,0.9999999999999998,1.0,1.0,1.0
"frozenset({'Puériculture', 'Fille'})","frozenset({'Femme', 'Bébé'})",0.2,0.2,0.2,1.0,5.0,1.0,0.16,inf,0.9999999999999998,1.0,1.0,1.0
"frozenset({'Fille', 'Femme', 'Bébé'})",frozenset({'Puériculture'}),0.2,0.2,0.2,1.0,5.0,1.0,0.16,inf,0.9999999999999998,1.0,1.0,1.0
"frozenset({'Puériculture', 'Femme', 'Bébé'})",frozenset({'Fille'}),0.2,0.2,0.2,1.0,5.0,1.0,0.16,inf,0.9999999999999998,1.0,1.0,1.0
"frozenset({'Puériculture', 'Garçon'})","frozenset({'Femme', 'Bébé'})",0.2,0.2,0.2,1.0,5.0,1.0,0.16,inf,0.9999999999999998,1.0,1.0,1.0
"frozenset({'Puériculture', 'Femme'})","frozenset({'Bébé', 'Garçon'})",0.2,0.2,0.2,1.0,5.0,1.0,0.16,inf,0.9999999999999998,1.0,1.0,1.0
"frozenset({'Bébé', 'Femme', 'Garçon'})",frozenset({'Puériculture'}),0.2,0.2,0.2,1.0,5.0,1.0,0.16,inf,0.9999999999999998,1.0,1.0,1.0
"frozenset({'Puériculture', 'Femme', 'Bébé'})",frozenset({'Garçon'}),0.2,0.2,0.2,1.0,5.0,1.0,0.16,inf,0.9999999999999998,1.0,1.0,1.0
"frozenset({'Puériculture', 'Femme', 'Garçon'})",frozenset({'Bébé'}),0.2,0.2,0.2,1.0,5.0,1.0,0.16,inf,0.9999999999999998,1.0,1.0,1.0
frozenset({'Bébé'}),"frozenset({'Homme', 'Femme', 'Garçon'})",0.2,0.2,0.2,1.0,5.0,1.0,0.16,inf,0.9999999999999998,1.0,1.0,1.0
frozenset({'Garçon'}),"frozenset({'Homme', 'Femme', 'Bébé'})",0.2,0.2,0.2,1.0,5.0,1.0,0.16,inf,0.9999999999999998,1.0,1.0,1.0
"frozenset({'Femme', 'Bébé'})","frozenset({'Homme', 'Garçon'})",0.2,0.2,0.2,1.0,5.0,1.0,0.16,inf,0.9999999999999998,1.0,1.0,1.0
"frozenset({'Femme', 'Garçon'})","frozenset({'Homme', 'Bébé'})",0.2,0.2,0.2,1.0,5.0,1.0,0.16,inf,0.9999999999999998,1.0,1.0,1.0
"frozenset({'Homme', 'Bébé'})","frozenset({'Femme', 'Garçon'})",0.2,0.2,0.2,1.0,5.0,1.0,0.16,inf,0.9999999999999998,1.0,1.0,1.0
"frozenset({'Homme', 'Garçon'})","frozenset({'Femme', 'Bébé'})",0.2,0.2,0.2,1.0,5.0,1.0,0.16,inf,0.9999999999999998,1.0,1.0,1.0
"frozenset({'Fille', 'Garçon', 'Bébé'})","frozenset({'Puériculture', 'Chaussures', 'Homme'})",0.2,0.2,0.2,1.0,5.0,1.0,0.16,inf,0.9999999999999998,1.0,1.0,1.0
"frozenset({'Puériculture', 'Homme', 'Garçon'})","frozenset({'Chaussures', 'Fille', 'Bébé'})",0.2,0.2,0.2,1.0,5.0,1.0,0.16,inf,0.9999999999999998,1.0,1.0,1.0
"frozenset({'Puériculture', 'Homme', 'Fille'})","frozenset({'Chaussures', 'Garçon', 'Bébé'})",0.2,0.2,0.2,1.0,5.0,1.0,0.16,inf,0.9999999999999998,1.0,1.0,1.0
"frozenset({'Homme', 'Garçon', 'Fille'})","frozenset({'Puériculture', 'Chaussures', 'Bébé'})",0.2,0.2,0.2,1.0,5.0,1.0,0.16,inf,0.9999999999999998,1.0,1.0,1.0
"frozenset({'Puériculture', 'Homme', 'Bébé'})","frozenset({'Chaussures', 'Fille', 'Garçon'})",0.2,0.2,0.2,1.0,5.0,1.0,0.16,inf,0.9999999999999998,1.0,1.0,1.0
"frozenset({'Homme', 'Garçon', 'Bébé'})","frozenset({'Puériculture', 'Chaussures', 'Fille'})",0.2,0.2,0.2,1.0,5.0,1.0,0.16,inf,0.9999999999999998,1.0,1.0,1.0
"frozenset({'Homme', 'Fille', 'Bébé'})","frozenset({'Puériculture', 'Chaussures', 'Garçon'})",0.2,0.2,0.2,1.0,5.0,1.0,0.16,inf,0.9999999999999998,1.0,1.0,1.0
"frozenset({'Puériculture', 'Chaussures', 'Garçon'})","frozenset({'Homme', 'Fille', 'Bébé'})",0.2,0.2,0.2,1.0,5.0,1.0,0.16,inf,0.9999999999999998,1.0,1.0,1.0
"frozenset({'Puériculture', 'Chaussures', 'Fille'})","frozenset({'Homme', 'Garçon', 'Bébé'})",0.2,0.2,0.2,1.0,5.0,1.0,0.16,inf,0.9999999999999998,1.0,1.0,1.0
"frozenset({'Chaussures', 'Fille', 'Garçon'})","frozenset({'Puériculture', 'Homme', 'Bébé'})",0.2,0.2,0.2,1.0,5.0,1.0,0.16,inf,0.9999999999999998,1.0,1.0,1.0
"frozenset({'Puériculture', 'Chaussures', 'Bébé'})","frozenset({'Homme', 'Garçon', 'Fille'})",0.2,0.2,0.2,1.0,5.0,1.0,0.16,inf,0.9999999999999998,1.0,1.0,1.0
"frozenset({'Chaussures', 'Garçon', 'Bébé'})","frozenset({'Puériculture', 'Homme', 'Fille'})",0.2,0.2,0.2,1.0,5.0,1.0,0.16,inf,0.9999999999999998,1.0,1.0,1.0
"frozenset({'Chaussures', 'Fille', 'Bébé'})","frozenset({'Puériculture', 'Homme', 'Garçon'})",0.2,0.2,0.2,1.0,5.0,1.0,0.16,inf,0.9999999999999998,1.0,1.0,1.0
"frozenset({'Puériculture', 'Chaussures', 'Homme'})","frozenset({'Fille', 'Garçon', 'Bébé'})",0.2,0.2,0.2,1.0,5.0,1.0,0.16,inf,0.9999999999999998,1.0,1.0,1.0
"frozenset({'Chaussures', 'Homme', 'Garçon'})","frozenset({'Puériculture', 'Fille', 'Bébé'})",0.2,0.2,0.2,1.0,5.0,1.0,0.16,inf,0.9999999999999998,1.0,1.0,1.0
"frozenset({'Chaussures', 'Homme', 'Fille'})","frozenset({'Puériculture', 'Garçon', 'Bébé'})",0.2,0.2,0.2,1.0,5.0,1.0,0.16,inf,0.9999999999999998,1.0,1.0,1.0
"frozenset({'Puériculture', 'Femme'})","frozenset({'Homme', 'Bébé'})",0.2,0.2,0.2,1.0,5.0,1.0,0.16,inf,0.9999999999999998,1.0,1.0,1.0
"frozenset({'Puériculture', 'Homme'})","frozenset({'Femme', 'Bébé'})",0.2,0.2,0.2,1.0,5.0,1.0,0.16,inf,0.9999999999999998,1.0,1.0,1.0
"frozenset({'Homme', 'Femme', 'Bébé'})",frozenset({'Puériculture'}),0.2,0.2,0.2,1.0,5.0,1.0,0.16,inf,0.9999999999999998,1.0,1.0,1.0
"frozenset({'Puériculture', 'Homme', 'Femme'})",frozenset({'Bébé'}),0.2,0.2,0.2,1.0,5.0,1.0,0.16,inf,0.9999999999999998,1.0,1.0,1.0
frozenset({'Bébé'}),"frozenset({'Puériculture', 'Femme', 'Garçon'})",0.2,0.2,0.2,1.0,5.0,1.0,0.16,inf,0.9999999999999998,1.0,1.0,1.0
frozenset({'Garçon'}),"frozenset({'Puériculture', 'Femme', 'Bébé'})",0.2,0.2,0.2,1.0,5.0,1.0,0.16,inf,0.9999999999999998,1.0,1.0,1.0
frozenset({'Puériculture'}),"frozenset({'Bébé', 'Femme', 'Garçon'})",0.2,0.2,0.2,1.0,5.0,1.0,0.16,inf,0.9999999999999998,1.0,1.0,1.0
"frozenset({'Bébé', 'Garçon'})","frozenset({'Puériculture', 'Femme'})",0.2,0.2,0.2,1.0,5.0,1.0,0.16,inf,0.9999999999999998,1.0,1.0,1.0
"frozenset({'Femme', 'Bébé'})","frozenset({'Puériculture', 'Garçon'})",0.2,0.2,0.2,1.0,5.0,1.0,0.16,inf,0.9999999999999998,1.0,1.0,1.0
"frozenset({'Femme', 'Garçon'})","frozenset({'Puériculture', 'Bébé'})",0.2,0.2,0.2,1.0,5.0,1.0,0.16,inf,0.9999999999999998,1.0,1.0,1.0
"frozenset({'Puériculture', 'Bébé'})","frozenset({'Femme', 'Garçon'})",0.2,0.2,0.2,1.0,5.0,1.0,0.16,inf,0.9999999999999998,1.0,1.0,1.0
"frozenset({'Bébé', 'Garçon'})","frozenset({'Homme', 'Fille'})",0.2,0.2,0.2,1.0,5.0,1.0,0.16,inf,0.9999999999999998,1.0,1.0,1.0
"frozenset({'Fille', 'Bébé'})","frozenset({'Homme', 'Garçon'})",0.2,0.2,0.2,1.0,5.0,1.0,0.16,inf,0.9999999999999998,1.0,1.0,1.0
"frozenset({'Fille', 'Garçon'})","frozenset({'Homme', 'Bébé'})",0.2,0.2,0.2,1.0,5.0,1.0,0.16,inf,0.9999999999999998,1.0,1.0,1.0
"frozenset({'Homme', 'Bébé'})","frozenset({'Fille', 'Garçon'})",0.2,0.2,0.2,1.0,5.0,1.0,0.16,inf,0.9999999999999998,1.0,1.0,1.0
"frozenset({'Homme', 'Garçon'})","frozenset({'Fille', 'Bébé'})",0.2,0.2,0.2,1.0,5.0,1.0,0.16,inf,0.9999999999999998,1.0,1.0,1.0
"frozenset({'Homme', 'Fille'})","frozenset({'Bébé', 'Garçon'})",0.2,0.2,0.2,1.0,5.0,1.0,0.16,inf,0.9999999999999998,1.0,1.0,1.0
"frozenset({'Bébé', 'Homme', 'Garçon'})",frozenset({'Fille'}),0.2,0.2,0.2,1.0,5.0,1.0,0.16,inf,0.9999999999999998,1.0,1.0,1.0
"frozenset({'Bébé', 'Homme', 'Fille'})",frozenset({'Garçon'}),0.2,0.2,0.2,1.0,5.0,1.0,0.16,inf,0.9999999999999998,1.0,1.0,1.0
"frozenset({'Homme', 'Garçon', 'Fille'})",frozenset({'Bébé'}),0.2,0.2,0.2,1.0,5.0,1.0,0.16,inf,0.9999999999999998,1.0,1.0,1.0
frozenset({'Bébé'}),"frozenset({'Puériculture', 'Homme', 'Femme'})",0.2,0.2,0.2,1.0,5.0,1.0,0.16,inf,0.9999999999999998,1.0,1.0,1.0
frozenset({'Puériculture'}),"frozenset({'Homme', 'Femme', 'Bébé'})",0.2,0.2,0.2,1.0,5.0,1.0,0.16,inf,0.9999999999999998,1.0,1.0,1.0
"frozenset({'Femme', 'Bébé'})","frozenset({'Puériculture', 'Homme'})",0.2,0.2,0.2,1.0,5.0,1.0,0.16,inf,0.9999999999999998,1.0,1.0,1.0
"frozenset({'Homme', 'Bébé'})","frozenset({'Puériculture', 'Femme'})",0.2,0.2,0.2,1.0,5.0,1.0,0.16,inf,0.9999999999999998,1.0,1.0,1.0
frozenset({'Fille'}),"frozenset({'Puériculture', 'Bébé', 'Garçon'})",0.2,0.2,0.2,1.0,5.0,1.0,0.16,inf,0.9999999999999998,1.0,1.0,1.0
frozenset({'Puériculture'}),"frozenset({'Bébé', 'Fille', 'Garçon'})",0.2,0.2,0.2,1.0,5.0,1.0,0.16,inf,0.9999999999999998,1.0,1.0,1.0
"frozenset({'Bébé', 'Garçon'})","frozenset({'Puériculture', 'Fille'})",0.2,0.2,0.2,1.0,5.0,1.0,0.16,inf,0.9999999999999998,1.0,1.0,1.0
"frozenset({'Fille', 'Bébé'})","frozenset({'Puériculture', 'Garçon'})",0.2,0.2,0.2,1.0,5.0,1.0,0.16,inf,0.9999999999999998,1.0,1.0,1.0
"frozenset({'Fille', 'Garçon'})","frozenset({'Puériculture', 'Bébé'})",0.2,0.2,0.2,1.0,5.0,1.0,0.16,inf,0.9999999999999998,1.0,1.0,1.0
"frozenset({'Puériculture', 'Bébé'})","frozenset({'Fille', 'Garçon'})",0.2,0.2,0.2,1.0,5.0,1.0,0.16,inf,0.9999999999999998,1.0,1.0,1.0
"frozenset({'Puériculture', 'Garçon'})","frozenset({'Fille', 'Bébé'})",0.2,0.2,0.2,1.0,5.0,1.0,0.16,inf,0.9999999999999998,1.0,1.0,1.0
"frozenset({'Puériculture', 'Fille'})","frozenset({'Bébé', 'Garçon'})",0.2,0.2,0.2,1.0,5.0,1.0,0.16,inf,0.9999999999999998,1.0,1.0,1.0
"frozenset({'Bébé', 'Fille', 'Garçon'})",frozenset({'Puériculture'}),0.2,0.2,0.2,1.0,5.0,1.0,0.16,inf,0.9999999999999998,1.0,1.0,1.0
"frozenset({'Puériculture', 'Bébé', 'Garçon'})",frozenset({'Fille'}),0.2,0.2,0.2,1.0,5.0,1.0,0.16,inf,0.9999999999999998,1.0,1.0,1.0
"frozenset({'Puériculture', 'Fille', 'Bébé'})",frozenset({'Garçon'}),0.2,0.2,0.2,1.0,5.0,1.0,0.16,inf,0.9999999999999998,1.0,1.0,1.0
"frozenset({'Puériculture', 'Fille', 'Garçon'})",frozenset({'Bébé'}),0.2,0.2,0.2,1.0,5.0,1.0,0.16,inf,0.9999999999999998,1.0,1.0,1.0
frozenset({'Bébé'}),"frozenset({'Homme', 'Garçon', 'Fille'})",0.2,0.2,0.2,1.0,5.0,1.0,0.16,inf,0.9999999999999998,1.0,1.0,1.0
frozenset({'Garçon'}),"frozenset({'Bébé', 'Homme', 'Fille'})",0.2,0.2,0.2,1.0,5.0,1.0,0.16,inf,0.9999999999999998,1.0,1.0,1.0
frozenset({'Fille'}),"frozenset({'Bébé', 'Homme', 'Garçon'})",0.2,0.2,0.2,1.0,5.0,1.0,0.16,inf,0.9999999999999998,1.0,1.0,1.0
frozenset({'Bébé'}),"frozenset({'Puériculture', 'Homme', 'Fille'})",0.2,0.2,0.2,1.0,5.0,1.0,0.16,inf,0.9999999999999998,1.0,1.0,1.0
frozenset({'Fille'}),"frozenset({'Puériculture', 'Homme', 'Bébé'})",0.2,0.2,0.2,1.0,5.0,1.0,0.16,inf,0.9999999999999998,1.0,1.0,1.0
frozenset({'Puériculture'}),"frozenset({'Bébé', 'Homme', 'Fille'})",0.2,0.2,0.2,1.0,5.0,1.0,0.16,inf,0.9999999999999998,1.0,1.0,1.0
"frozenset({'Fille', 'Bébé'})","frozenset({'Puériculture', 'Homme'})",0.2,0.2,0.2,1.0,5.0,1.0,0.16,inf,0.9999999999999998,1.0,1.0,1.0
"frozenset({'Homme', 'Bébé'})","frozenset({'Puériculture', 'Fille'})",0.2,0.2,0.2,1.0,5.0,1.0,0.16,inf,0.9999999999999998,1.0,1.0,1.0
"frozenset({'Homme', 'Fille'})","frozenset({'Puériculture', 'Bébé'})",0.2,0.2,0.2,1.0,5.0,1.0,0.16,inf,0.9999999999999998,1.0,1.0,1.0
"frozenset({'Puériculture', 'Bébé'})","frozenset({'Homme', 'Fille'})",0.2,0.2,0.2,1.0,5.0,1.0,0.16,inf,0.9999999999999998,1.0,1.0,1.0
"frozenset({'Puériculture', 'Fille'})","frozenset({'Homme', 'Bébé'})",0.2,0.2,0.2,1.0,5.0,1.0,0.16,inf,0.9999999999999998,1.0,1.0,1.0
"frozenset({'Puériculture', 'Homme'})","frozenset({'Fille', 'Bébé'})",0.2,0.2,0.2,1.0,5.0,1.0,0.16,inf,0.9999999999999998,1.0,1.0,1.0
"frozenset({'Bébé', 'Homme', 'Fille'})",frozenset({'Puériculture'}),0.2,0.2,0.2,1.0,5.0,1.0,0.16,inf,0.9999999999999998,1.0,1.0,1.0
"frozenset({'Puériculture', 'Homme', 'Bébé'})",frozenset({'Fille'}),0.2,0.2,0.2,1.0,5.0,1.0,0.16,inf,0.9999999999999998,1.0,1.0,1.0
"frozenset({'Puériculture', 'Homme', 'Fille'})",frozenset({'Bébé'}),0.2,0.2,0.2,1.0,5.0,1.0,0.16,inf,0.9999999999999998,1.0,1.0,1.0
frozenset({'Bébé'}),"frozenset({'Puériculture', 'Fille', 'Garçon'})",0.2,0.2,0.2,1.0,5.0,1.0,0.16,inf,0.9999999999999998,1.0,1.0,1.0
frozenset({'Garçon'}),"frozenset({'Puériculture', 'Fille', 'Bébé'})",0.2,0.2,0.2,1.0,5.0,1.0,0.16,inf,0.9999999999999998,1.0,1.0,1.0
"frozenset({'Chaussures', 'Fille', 'Femme'})",frozenset({'Garçon'}),0.2,0.2,0.2,1.0,5.0,1.0,0.16,inf,0.9999999999999998,1.0,1.0,1.0
frozenset({'Bébé'}),"frozenset({'Puériculture', 'Homme', 'Garçon'})",0.2,0.2,0.2,1.0,5.0,1.0,0.16,inf,0.9999999999999998,1.0,1.0,1.0
frozenset({'Garçon'}),"frozenset({'Puériculture', 'Homme', 'Bébé'})",0.2,0.2,0.2,1.0,5.0,1.0,0.16,inf,0.9999999999999998,1.0,1.0,1.0
frozenset({'Puériculture'}),"frozenset({'Bébé', 'Homme', 'Garçon'})",0.2,0.2,0.2,1.0,5.0,1.0,0.16,inf,0.9999999999999998,1.0,1.0,1.0
"frozenset({'Bébé', 'Garçon'})","frozenset({'Puériculture', 'Homme'})",0.2,0.2,0.2,1.0,5.0,1.0,0.16,inf,0.9999999999999998,1.0,1.0,1.0
"frozenset({'Homme', 'Bébé'})","frozenset({'Puériculture', 'Garçon'})",0.2,0.2,0.2,1.0,5.0,1.0,0.16,inf,0.9999999999999998,1.0,1.0,1.0
"frozenset({'Homme', 'Garçon'})","frozenset({'Puériculture', 'Bébé'})",0.2,0.2,0.2,1.0,5.0,1.0,0.16,inf,0.9999999999999998,1.0,1.0,1.0
"frozenset({'Puériculture', 'Bébé'})","frozenset({'Homme', 'Garçon'})",0.2,0.2,0.2,1.0,5.0,1.0,0.16,inf,0.9999999999999998,1.0,1.0,1.0
"frozenset({'Puériculture', 'Garçon'})","frozenset({'Homme', 'Bébé'})",0.2,0.2,0.2,1.0,5.0,1.0,0.16,inf,0.9999999999999998,1.0,1.0,1.0
"frozenset({'Puériculture', 'Homme'})","frozenset({'Bébé', 'Garçon'})",0.2,0.2,0.2,1.0,5.0,1.0,0.16,inf,0.9999999999999998,1.0,1.0,1.0
"frozenset({'Bébé', 'Homme', 'Garçon'})",frozenset({'Puériculture'}),0.2,0.2,0.2,1.0,5.0,1.0,0.16,inf,0.9999999999999998,1.0,1.0,1.0
"frozenset({'Puériculture', 'Homme', 'Bébé'})",frozenset({'Garçon'}),0.2,0.2,0.2,1.0,5.0,1.0,0.16,inf,0.9999999999999998,1.0,1.0,1.0
"frozenset({'Puériculture', 'Homme', 'Garçon'})",frozenset({'Bébé'}),0.2,0.2,0.2,1.0,5.0,1.0,0.16,inf,0.9999999999999998,1.0,1.0,1.0
"frozenset({'Chaussures', 'Homme', 'Bébé'})","frozenset({'Puériculture', 'Fille', 'Garçon'})",0.2,0.2,0.2,1.0,5.0,1.0,0.16,inf,0.9999999999999998,1.0,1.0,1.0
"frozenset({'Puériculture', 'Fille', 'Garçon', 'Bébé'})","frozenset({'Chaussures', 'Homme'})",0.2,0.2,0.2,1.0,5.0,1.0,0.16,inf,0.9999999999999998,1.0,1.0,1.0
"frozenset({'Puériculture', 'Homme', 'Garçon', 'Fille'})","frozenset({'Chaussures', 'Bébé'})",0.2,0.2,0.2,1.0,5.0,1.0,0.16,inf,0.9999999999999998,1.0,1.0,1.0
"frozenset({'Puériculture', 'Homme', 'Garçon', 'Bébé'})","frozenset({'Chaussures', 'Fille'})",0.2,0.2,0.2,1.0,5.0,1.0,0.16,inf,0.9999999999999998,1.0,1.0,1.0
"frozenset({'Puériculture', 'Homme', 'Fille', 'Bébé'})","frozenset({'Chaussures', 'Garçon'})",0.2,0.2,0.2,1.0,5.0,1.0,0.16,inf,0.9999999999999998,1.0,1.0,1.0
"frozenset({'Homme', 'Fille', 'Garçon', 'Bébé'})","frozenset({'Puériculture', 'Chaussures'})",0.2,0.2,0.2,1.0,5.0,1.0,0.16,inf,0.9999999999999998,1.0,1.0,1.0
"frozenset({'Puériculture', 'Chaussures', 'Fille', 'Garçon'})","frozenset({'Homme', 'Bébé'})",0.2,0.2,0.2,1.0,5.0,1.0,0.16,inf,0.9999999999999998,1.0,1.0,1.0
"frozenset({'Puériculture', 'Chaussures', 'Garçon', 'Bébé'})","frozenset({'Homme', 'Fille'})",0.2,0.2,0.2,1.0,5.0,1.0,0.16,inf,0.9999999999999998,1.0,1.0,1.0
"frozenset({'Puériculture', 'Chaussures', 'Fille', 'Bébé'})","frozenset({'Homme', 'Garçon'})",0.2,0.2,0.2,1.0,5.0,1.0,0.16,inf,0.9999999999999998,1.0,1.0,1.0
"frozenset({'Chaussures', 'Fille', 'Garçon', 'Bébé'})","frozenset({'Puériculture', 'Homme'})",0.2,0.2,0.2,1.0,5.0,1.0,0.16,inf,0.9999999999999998,1.0,1.0,1.0
"frozenset({'Puériculture', 'Chaussures', 'Homme', 'Garçon'})","frozenset({'Fille', 'Bébé'})",0.2,0.2,0.2,1.0,5.0,1.0,0.16,inf,0.9999999999999998,1.0,1.0,1.0
"frozenset({'Puériculture', 'Chaussures', 'Homme', 'Fille'})","frozenset({'Garçon', 'Bébé'})",0.2,0.2,0.2,1.0,5.0,1.0,0.16,inf,0.9999999999999998,1.0,1.0,1.0
"frozenset({'Chaussures', 'Homme', 'Garçon', 'Fille'})","frozenset({'Puériculture', 'Bébé'})",0.2,0.2,0.2,1.0,5.0,1.0,0.16,inf,0.9999999999999998,1.0,1.0,1.0
"frozenset({'Puériculture', 'Chaussures', 'Homme', 'Bébé'})","frozenset({'Fille', 'Garçon'})",0.2,0.2,0.2,1.0,5.0,1.0,0.16,inf,0.9999999999999998,1.0,1.0,1.0
"frozenset({'Chaussures', 'Homme', 'Garçon', 'Bébé'})","frozenset({'Puériculture', 'Fille'})",0.2,0.2,0.2,1.0,5.0,1.0,0.16,inf,0.9999999999999998,1.0,1.0,1.0
"frozenset({'Chaussures', 'Homme', 'Fille', 'Bébé'})","frozenset({'Puériculture', 'Garçon'})",0.2,0.2,0.2,1.0,5.0,1.0,0.16,inf,0.9999999999999998,1.0,1.0,1.0
"frozenset({'Fille', 'Femme', 'Homme'})",frozenset({'Chaussures'}),0.2,0.2,0.2,1.0,5.0,1.0,0.16,inf,0.9999999999999998,1.0,1.0,1.0
"frozenset({'Chaussures', 'Homme', 'Femme'})",frozenset({'Fille'}),0.2,0.2,0.2,1.0,5.0,1.0,0.16,inf,0.9999999999999998,1.0,1.0,1.0
frozenset({'Garçon'}),"frozenset({'Chaussures', 'Fille', 'Femme'})",0.2,0.2,0.2,1.0,5.0,1.0,0.16,inf,0.9999999999999998,1.0,1.0,1.0
frozenset({'Fille'}),"frozenset({'Chaussures', 'Femme', 'Garçon'})",0.2,0.2,0.2,1.0,5.0,1.0,0.16,inf,0.9999999999999998,1.0,1.0,1.0
frozenset({'Chaussures'}),"frozenset({'Fille', 'Femme', 'Garçon'})",0.2,0.2,0.2,1.0,5.0,1.0,0.16,inf,0.9999999999999998,1.0,1.0,1.0
"frozenset({'Femme', 'Garçon'})","frozenset({'Chaussures', 'Fille'})",0.2,0.2,0.2,1.0,5.0,1.0,0.16,inf,0.9999999999999998,1.0,1.0,1.0
"frozenset({'Fille', 'Garçon'})","frozenset({'Chaussures', 'Femme'})",0.2,0.2,0.2,1.0,5.0,1.0,0.16,inf,0.9999999999999998,1.0,1.0,1.0
"frozenset({'Fille', 'Femme'})","frozenset({'Chaussures', 'Garçon'})",0.2,0.2,0.2,1.0,5.0,1.0,0.16,inf,0.9999999999999998,1.0,1.0,1.0
"frozenset({'Chaussures', 'Garçon'})","frozenset({'Fille', 'Femme'})",0.2,0.2,0.2,1.0,5.0,1.0,0.16,inf,0.9999999999999998,1.0,1.0,1.0
"frozenset({'Chaussures', 'Femme'})","frozenset({'Fille', 'Garçon'})",0.2,0.2,0.2,1.0,5.0,1.0,0.16,inf,0.9999999999999998,1.0,1.0,1.0
"frozenset({'Chaussures', 'Fille'})","frozenset({'Femme', 'Garçon'})",0.2,0.2,0.2,1.0,5.0,1.0,0.16,inf,0.9999999999999998,1.0,1.0,1.0
"frozenset({'Fille', 'Femme', 'Garçon'})",frozenset({'Chaussures'}),0.2,0.2,0.2,1.0,5.0,1.0,0.16,inf,0.9999999999999998,1.0,1.0,1.0
"frozenset({'Chaussures', 'Femme', 'Garçon'})",frozenset({'Fille'}),0.2,0.2,0.2,1.0,5.0,1.0,0.16,inf,0.9999999999999998,1.0,1.0,1.0
"frozenset({'Puériculture', 'Fille'})","frozenset({'Chaussures', 'Femme'})",0.2,0.2,0.2,1.0,5.0,1.0,0.16,inf,0.9999999999999998,1.0,1.0,1.0
"frozenset({'Puériculture', 'Chaussures'})","frozenset({'Fille', 'Femme'})",0.2,0.2,0.2,1.0,5.0,1.0,0.16,inf,0.9999999999999998,1.0,1.0,1.0
"frozenset({'Chaussures', 'Fille', 'Femme'})",frozenset({'Puériculture'}),0.2,0.2,0.2,1.0,5.0,1.0,0.16,inf,0.9999999999999998,1.0,1.0,1.0
"frozenset({'Puériculture', 'Fille', 'Femme'})",frozenset({'Chaussures'}),0.2,0.2,0.2,1.0,5.0,1.0,0.16,inf,0.9999999999999998,1.0,1.0,1.0
"frozenset({'Puériculture', 'Chaussures', 'Femme'})",frozenset({'Fille'}),0.2,0.2,0.2,1.0,5.0,1.0,0.16,inf,0.9999999999999998,1.0,1.0,1.0
frozenset({'Fille'}),"frozenset({'Chaussures', 'Homme', 'Femme'})",0.2,0.2,0.2,1.0,5.0,1.0,0.16,inf,0.9999999999999998,1.0,1.0,1.0
frozenset({'Chaussures'}),"frozenset({'Fille', 'Femme', 'Homme'})",0.2,0.2,0.2,1.0,5.0,1.0,0.16,inf,0.9999999999999998,1.0,1.0,1.0
"frozenset({'Fille', 'Homme'})","frozenset({'Chaussures', 'Femme'})",0.2,0.2,0.2,1.0,5.0,1.0,0.16,inf,0.9999999999999998,1.0,1.0,1.0
"frozenset({'Fille', 'Femme'})","frozenset({'Chaussures', 'Homme'})",0.2,0.2,0.2,1.0,5.0,1.0,0.16,inf,0.9999999999999998,1.0,1.0,1.0
"frozenset({'Chaussures', 'Homme'})","frozenset({'Fille', 'Femme'})",0.2,0.2,0.2,1.0,5.0,1.0,0.16,inf,0.9999999999999998,1.0,1.0,1.0
"frozenset({'Chaussures', 'Femme'})","frozenset({'Fille', 'Homme'})",0.2,0.2,0.2,1.0,5.0,1.0,0.16,inf,0.9999999999999998,1.0,1.0,1.0
"frozenset({'Chaussures', 'Femme'})","frozenset({'Homme', 'Garçon'})",0.2,0.2,0.2,1.0,5.0,1.0,0.16,inf,0.9999999999999998,1.0,1.0,1.0
"frozenset({'Chaussures', 'Homme'})","frozenset({'Femme', 'Garçon'})",0.2,0.2,0.2,1.0,5.0,1.0,0.16,inf,0.9999999999999998,1.0,1.0,1.0
"frozenset({'Homme', 'Femme', 'Garçon'})",frozenset({'Chaussures'}),0.2,0.2,0.2,1.0,5.0,1.0,0.16,inf,0.9999999999999998,1.0,1.0,1.0
"frozenset({'Chaussures', 'Homme', 'Femme'})",frozenset({'Garçon'}),0.2,0.2,0.2,1.0,5.0,1.0,0.16,inf,0.9999999999999998,1.0,1.0,1.0
frozenset({'Fille'}),"frozenset({'Puériculture', 'Chaussures', 'Femme'})",0.2,0.2,0.2,1.0,5.0,1.0,0.16,inf,0.9999999999999998,1.0,1.0,1.0
frozenset({'Chaussures'}),"frozenset({'Puériculture', 'Fille', 'Femme'})",0.2,0.2,0.2,1.0,5.0,1.0,0.16,inf,0.9999999999999998,1.0,1.0,1.0
frozenset({'Puériculture'}),"frozenset({'Chaussures', 'Fille', 'Femme'})",0.2,0.2,0.2,1.0,5.0,1.0,0.16,inf,0.9999999999999998,1.0,1.0,1.0
"frozenset({'Fille', 'Femme'})","frozenset({'Puériculture', 'Chaussures'})",0.2,0.2,0.2,1.0,5.0,1.0,0.16,inf,0.9999999999999998,1.0,1.0,1.0
"frozenset({'Chaussures', 'Femme'})","frozenset({'Puériculture', 'Fille'})",0.2,0.2,0.2,1.0,5.0,1.0,0.16,inf,0.9999999999999998,1.0,1.0,1.0
"frozenset({'Chaussures', 'Fille'})","frozenset({'Puériculture', 'Femme'})",0.2,0.2,0.2,1.0,5.0,1.0,0.16,inf,0.9999999999999998,1.0,1.0,1.0
"frozenset({'Puériculture', 'Femme'})","frozenset({'Chaussures', 'Fille'})",0.2,0.2,0.2,1.0,5.0,1.0,0.16,inf,0.9999999999999998,1.0,1.0,1.0
"frozenset({'Femme', 'Garçon'})","frozenset({'Puériculture', 'Chaussures'})",0.2,0.2,0.2,1.0,5.0,1.0,0.16,inf,0.9999999999999998,1.0,1.0,1.0
"frozenset({'Chaussures', 'Garçon'})","frozenset({'Puériculture', 'Femme'})",0.2,0.2,0.2,1.0,5.0,1.0,0.16,inf,0.9999999999999998,1.0,1.0,1.0
"frozenset({'Chaussures', 'Femme'})","frozenset({'Puériculture', 'Garçon'})",0.2,0.2,0.2,1.0,5.0,1.0,0.16,inf,0.9999999999999998,1.0,1.0,1.0
"frozenset({'Puériculture', 'Garçon'})","frozenset({'Chaussures', 'Femme'})",0.2,0.2,0.2,1.0,5.0,1.0,0.16,inf,0.9999999999999998,1.0,1.0,1.0
"frozenset({'Puériculture', 'Femme'})","frozenset({'Chaussures', 'Garçon'})",0.2,0.2,0.2,1.0,5.0,1.0,0.16,inf,0.9999999999999998,1.0,1.0,1.0
"frozenset({'Puériculture', 'Chaussures'})","frozenset({'Femme', 'Garçon'})",0.2,0.2,0.2,1.0,5.0,1.0,0.16,inf,0.9999999999999998,1.0,1.0,1.0
"frozenset({'Chaussures', 'Femme', 'Garçon'})",frozenset({'Puériculture'}),0.2,0.2,0.2,1.0,5.0,1.0,0.16,inf,0.9999999999999998,1.0,1.0,1.0
"frozenset({'Puériculture', 'Femme', 'Garçon'})",frozenset({'Chaussures'}),0.2,0.2,0.2,1.0,5.0,1.0,0.16,inf,0.9999999999999998,1.0,1.0,1.0
"frozenset({'Puériculture', 'Chaussures', 'Femme'})",frozenset({'Garçon'}),0.2,0.2,0.2,1.0,5.0,1.0,0.16,inf,0.9999999999999998,1.0,1.0,1.0
frozenset({'Garçon'}),"frozenset({'Chaussures', 'Homme', 'Femme'})",0.2,0.2,0.2,1.0,5.0,1.0,0.16,inf,0.9999999999999998,1.0,1.0,1.0
frozenset({'Chaussures'}),"frozenset({'Homme', 'Femme', 'Garçon'})",0.2,0.2,0.2,1.0,5.0,1.0,0.16,inf,0.9999999999999998,1.0,1.0,1.0
"frozenset({'Femme', 'Garçon'})","frozenset({'Chaussures', 'Homme'})",0.2,0.2,0.2,1.0,5.0,1.0,0.16,inf,0.9999999999999998,1.0,1.0,1.0
"frozenset({'Homme', 'Garçon'})","frozenset({'Chaussures', 'Femme'})",0.2,0.2,0.2,1.0,5.0,1.0,0.16,inf,0.9999999999999998,1.0,1.0,1.0
"frozenset({'Homme', 'Bébé', 'Fille', 'Garçon', 'Puériculture'})",frozenset({'Chaussures'}),0.2,0.2,0.2,1.0,5.0,1.0,0.16,inf,0.9999999999999998,1.0,1.0,1.0
"frozenset({'Chaussures', 'Homme', 'Fille', 'Garçon', 'Puériculture'})",frozenset({'Bébé'}),0.2,0.2,0.2,1.0,5.0,1.0,0.16,inf,0.9999999999999998,1.0,1.0,1.0
"frozenset({'Chaussures', 'Homme', 'Bébé', 'Garçon', 'Puériculture'})",frozenset({'Fille'}),0.2,0.2,0.2,1.0,5.0,1.0,0.16,inf,0.9999999999999998,1.0,1.0,1.0
"frozenset({'Chaussures', 'Homme', 'Bébé', 'Fille', 'Puériculture'})",frozenset({'Garçon'}),0.2,0.2,0.2,1.0,5.0,1.0,0.16,inf,0.9999999999999998,1.0,1.0,1.0
"frozenset({'Chaussures', 'Homme', 'Bébé', 'Fille', 'Garçon'})",frozenset({'Puériculture'}),0.2,0.2,0.2,1.0,5.0,1.0,0.16,inf,0.9999999999999998,1.0,1.0,1.0
frozenset({'Puériculture'}),"frozenset({'Chaussures', 'Homme', 'Bébé', 'Femme', 'Garçon'})",0.2,0.2,0.2,1.0,5.0,1.0,0.16,inf,0.9999999999999998,1.0,1.0,1.0
frozenset({'Garçon'}),"frozenset({'Chaussures', 'Homme', 'Bébé', 'Femme', 'Puériculture'})",0.2,0.2,0.2,1.0,5.0,1.0,0.16,inf,0.9999999999999998,1.0,1.0,1.0
frozenset({'Bébé'}),"frozenset({'Chaussures', 'Homme', 'Femme', 'Garçon', 'Puériculture'})",0.2,0.2,0.2,1.0,5.0,1.0,0.16,inf,0.9999999999999998,1.0,1.0,1.0
frozenset({'Chaussures'}),"frozenset({'Homme', 'Bébé', 'Femme', 'Garçon', 'Puériculture'})",0.2,0.2,0.2,1.0,5.0,1.0,0.16,inf,0.9999999999999998,1.0,1.0,1.0
"frozenset({'Puériculture', 'Garçon'})","frozenset({'Chaussures', 'Homme', 'Femme', 'Bébé'})",0.2,0.2,0.2,1.0,5.0,1.0,0.16,inf,0.9999999999999998,1.0,1.0,1.0
"frozenset({'Puériculture', 'Femme'})","frozenset({'Chaussures', 'Homme', 'Garçon', 'Bébé'})",0.2,0.2,0.2,1.0,5.0,1.0,0.16,inf,0.9999999999999998,1.0,1.0,1.0
"frozenset({'Femme', 'Garçon'})","frozenset({'Puériculture', 'Chaussures', 'Homme', 'Bébé'})",0.2,0.2,0.2,1.0,5.0,1.0,0.16,inf,0.9999999999999998,1.0,1.0,1.0
"frozenset({'Puériculture', 'Bébé'})","frozenset({'Chaussures', 'Homme', 'Femme', 'Garçon'})",0.2,0.2,0.2,1.0,5.0,1.0,0.16,inf,0.9999999999999998,1.0,1.0,1.0
frozenset({'Chaussures'}),"frozenset({'Puériculture', 'Homme', 'Femme'})",0.2,0.2,0.2,1.0,5.0,1.0,0.16,inf,0.9999999999999998,1.0,1.0,1.0
frozenset({'Puériculture'}),"frozenset({'Chaussures', 'Homme', 'Femme'})",0.2,0.2,0.2,1.0,5.0,1.0,0.16,inf,0.9999999999999998,1.0,1.0,1.0
"frozenset({'Chaussures', 'Femme'})","frozenset({'Puériculture', 'Homme'})",0.2,0.2,0.2,1.0,5.0,1.0,0.16,inf,0.9999999999999998,1.0,1.0,1.0
"frozenset({'Chaussures', 'Homme'})","frozenset({'Puériculture', 'Femme'})",0.2,0.2,0.2,1.0,5.0,1.0,0.16,inf,0.9999999999999998,1.0,1.0,1.0
"frozenset({'Puériculture', 'Femme'})","frozenset({'Chaussures', 'Homme'})",0.2,0.2,0.2,1.0,5.0,1.0,0.16,inf,0.9999999999999998,1.0,1.0,1.0
"frozenset({'Puériculture', 'Homme'})","frozenset({'Chaussures', 'Femme'})",0.2,0.2,0.2,1.0,5.0,1.0,0.16,inf,0.9999999999999998,1.0,1.0,1.0
"frozenset({'Chaussures', 'Homme', 'Femme'})",frozenset({'Puériculture'}),0.2,0.2,0.2,1.0,5.0,1.0,0.16,inf,0.9999999999999998,1.0,1.0,1.0
"frozenset({'Puériculture', 'Homme', 'Femme'})",frozenset({'Chaussures'}),0.2,0.2,0.2,1.0,5.0,1.0,0.16,inf,0.9999999999999998,1.0,1.0,1.0
frozenset({'Garçon'}),"frozenset({'Puériculture', 'Chaussures', 'Femme'})",0.2,0.2,0.2,1.0,5.0,1.0,0.16,inf,0.9999999999999998,1.0,1.0,1.0
frozenset({'Chaussures'}),"frozenset({'Puériculture', 'Femme', 'Garçon'})",0.2,0.2,0.2,1.0,5.0,1.0,0.16,inf,0.9999999999999998,1.0,1.0,1.0
frozenset({'Puériculture'}),"frozenset({'Chaussures', 'Femme', 'Garçon'})",0.2,0.2,0.2,1.0,5.0,1.0,0.16,inf,0.9999999999999998,1.0,1.0,1.0
frozenset({'Fille'}),"frozenset({'Chaussures', 'Homme', 'Garçon'})",0.2,0.2,0.2,1.0,5.0,1.0,0.16,inf,0.9999999999999998,1.0,1.0,1.0
frozenset({'Garçon'}),"frozenset({'Chaussures', 'Homme', 'Fille'})",0.2,0.2,0.2,1.0,5.0,1.0,0.16,inf,0.9999999999999998,1.0,1.0,1.0
frozenset({'Chaussures'}),"frozenset({'Homme', 'Fille', 'Garçon'})",0.2,0.2,0.2,1.0,5.0,1.0,0.16,inf,0.9999999999999998,1.0,1.0,1.0
"frozenset({'Fille', 'Garçon'})","frozenset({'Chaussures', 'Homme'})",0.2,0.2,0.2,1.0,5.0,1.0,0.16,inf,0.9999999999999998,1.0,1.0,1.0
"frozenset({'Homme', 'Fille'})","frozenset({'Chaussures', 'Garçon'})",0.2,0.2,0.2,1.0,5.0,1.0,0.16,inf,0.9999999999999998,1.0,1.0,1.0
"frozenset({'Homme', 'Garçon'})","frozenset({'Chaussures', 'Fille'})",0.2,0.2,0.2,1.0,5.0,1.0,0.16,inf,0.9999999999999998,1.0,1.0,1.0
"frozenset({'Chaussures', 'Fille'})","frozenset({'Homme', 'Garçon'})",0.2,0.2,0.2,1.0,5.0,1.0,0.16,inf,0.9999999999999998,1.0,1.0,1.0
"frozenset({'Chaussures', 'Garçon'})","frozenset({'Homme', 'Fille'})",0.2,0.2,0.2,1.0,5.0,1.0,0.16,inf,0.9999999999999998,1.0,1.0,1.0
"frozenset({'Chaussures', 'Homme'})","frozenset({'Fille', 'Garçon'})",0.2,0.2,0.2,1.0,5.0,1.0,0.16,inf,0.9999999999999998,1.0,1.0,1.0
"frozenset({'Homme', 'Fille', 'Garçon'})",frozenset({'Chaussures'}),0.2,0.2,0.2,1.0,5.0,1.0,0.16,inf,0.9999999999999998,1.0,1.0,1.0
"frozenset({'Chaussures', 'Homme', 'Fille'})",frozenset({'Garçon'}),0.2,0.2,0.2,1.0,5.0,1.0,0.16,inf,0.9999999999999998,1.0,1.0,1.0
"frozenset({'Chaussures', 'Homme', 'Garçon'})",frozenset({'Fille'}),0.2,0.2,0.2,1.0,5.0,1.0,0.16,inf,0.9999999999999998,1.0,1.0,1.0
"frozenset({'Puériculture', 'Chaussures', 'Homme'})",frozenset({'Fille'}),0.2,0.2,0.2,1.0,5.0,1.0,0.16,inf,0.9999999999999998,1.0,1.0,1.0
frozenset({'Garçon'}),"frozenset({'Puériculture', 'Chaussures', 'Fille'})",0.2,0.2,0.2,1.0,5.0,1.0,0.16,inf,0.9999999999999998,1.0,1.0,1.0
frozenset({'Fille'}),"frozenset({'Puériculture', 'Chaussures', 'Garçon'})",0.2,0.2,0.2,1.0,5.0,1.0,0.16,inf,0.9999999999999998,1.0,1.0,1.0
frozenset({'Chaussures'}),"frozenset({'Puériculture', 'Fille', 'Garçon'})",0.2,0.2,0.2,1.0,5.0,1.0,0.16,inf,0.9999999999999998,1.0,1.0,1.0
frozenset({'Puériculture'}),"frozenset({'Chaussures', 'Fille', 'Garçon'})",0.2,0.2,0.2,1.0,5.0,1.0,0.16,inf,0.9999999999999998,1.0,1.0,1.0
"frozenset({'Fille', 'Garçon'})","frozenset({'Puériculture', 'Chaussures'})",0.2,0.2,0.2,1.0,5.0,1.0,0.16,inf,0.9999999999999998,1.0,1.0,1.0
"frozenset({'Chaussures', 'Garçon'})","frozenset({'Puériculture', 'Fille'})",0.2,0.2,0.2,1.0,5.0,1.0,0.16,inf,0.9999999999999998,1.0,1.0,1.0
"frozenset({'Chaussures', 'Fille'})","frozenset({'Puériculture', 'Garçon'})",0.2,0.2,0.2,1.0,5.0,1.0,0.16,inf,0.9999999999999998,1.0,1.0,1.0
"frozenset({'Puériculture', 'Garçon'})","frozenset({'Chaussures', 'Fille'})",0.2,0.2,0.2,1.0,5.0,1.0,0.16,inf,0.9999999999999998,1.0,1.0,1.0
"frozenset({'Puériculture', 'Fille'})","frozenset({'Chaussures', 'Garçon'})",0.2,0.2,0.2,1.0,5.0,1.0,0.16,inf,0.9999999999999998,1.0,1.0,1.0
"frozenset({'Puériculture', 'Chaussures'})","frozenset({'Fille', 'Garçon'})",0.2,0.2,0.2,1.0,5.0,1.0,0.16,inf,0.9999999999999998,1.0,1.0,1.0
"frozenset({'Chaussures', 'Fille', 'Garçon'})",frozenset({'Puériculture'}),0.2,0.2,0.2,1.0,5.0,1.0,0.16,inf,0.9999999999999998,1.0,1.0,1.0
"frozenset({'Puériculture', 'Fille', 'Garçon'})",frozenset({'Chaussures'}),0.2,0.2,0.2,1.0,5.0,1.0,0.16,inf,0.9999999999999998,1.0,1.0,1.0
"frozenset({'Puériculture', 'Chaussures', 'Garçon'})",frozenset({'Fille'}),0.2,0.2,0.2,1.0,5.0,1.0,0.16,inf,0.9999999999999998,1.0,1.0,1.0
"frozenset({'Puériculture', 'Chaussures', 'Fille'})",frozenset({'Garçon'}),0.2,0.2,0.2,1.0,5.0,1.0,0.16,inf,0.9999999999999998,1.0,1.0,1.0
"frozenset({'Chaussures', 'Homme', 'Garçon'})",frozenset({'Puériculture'}),0.2,0.2,0.2,1.0,5.0,1.0,0.16,inf,0.9999999999999998,1.0,1.0,1.0
"frozenset({'Puériculture', 'Homme', 'Garçon'})",frozenset({'Chaussures'}),0.2,0.2,0.2,1.0,5.0,1.0,0.16,inf,0.9999999999999998,1.0,1.0,1.0
"frozenset({'Puériculture', 'Chaussures', 'Homme'})",frozenset({'Garçon'}),0.2,0.2,0.2,1.0,5.0,1.0,0.16,inf,0.9999999999999998,1.0,1.0,1.0
frozenset({'Fille'}),"frozenset({'Puériculture', 'Chaussures', 'Homme'})",0.2,0.2,0.2,1.0,5.0,1.0,0.16,inf,0.9999999999999998,1.0,1.0,1.0
frozenset({'Chaussures'}),"frozenset({'Puériculture', 'Fille', 'Homme'})",0.2,0.2,0.2,1.0,5.0,1.0,0.16,inf,0.9999999999999998,1.0,1.0,1.0
frozenset({'Puériculture'}),"frozenset({'Chaussures', 'Fille', 'Homme'})",0.2,0.2,0.2,1.0,5.0,1.0,0.16,inf,0.9999999999999998,1.0,1.0,1.0
"frozenset({'Fille', 'Homme'})","frozenset({'Puériculture', 'Chaussures'})",0.2,0.2,0.2,1.0,5.0,1.0,0.16,inf,0.9999999999999998,1.0,1.0,1.0
"frozenset({'Chaussures', 'Homme'})","frozenset({'Puériculture', 'Fille'})",0.2,0.2,0.2,1.0,5.0,1.0,0.16,inf,0.9999999999999998,1.0,1.0,1.0
"frozenset({'Chaussures', 'Fille'})","frozenset({'Puériculture', 'Homme'})",0.2,0.2,0.2,1.0,5.0,1.0,0.16,inf,0.9999999999999998,1.0,1.0,1.0
"frozenset({'Puériculture', 'Homme'})","frozenset({'Chaussures', 'Fille'})",0.2,0.2,0.2,1.0,5.0,1.0,0.16,inf,0.9999999999999998,1.0,1.0,1.0
"frozenset({'Puériculture', 'Fille'})","frozenset({'Chaussures', 'Homme'})",0.2,0.2,0.2,1.0,5.0,1.0,0.16,inf,0.9999999999999998,1.0,1.0,1.0
"frozenset({'Puériculture', 'Chaussures'})","frozenset({'Fille', 'Homme'})",0.2,0.2,0.2,1.0,5.0,1.0,0.16,inf,0.9999999999999998,1.0,1.0,1.0
"frozenset({'Chaussures', 'Fille', 'Homme'})",frozenset({'Puériculture'}),0.2,0.2,0.2,1.0,5.0,1.0,0.16,inf,0.9999999999999998,1.0,1.0,1.0
"frozenset({'Puériculture', 'Fille', 'Homme'})",frozenset({'Chaussures'}),0.2,0.2,0.2,1.0,5.0,1.0,0.16,inf,0.9999999999999998,1.0,1.0,1.0
"frozenset({'Garçon', 'Bébé'})","frozenset({'Puériculture', 'Chaussures', 'Homme', 'Femme'})",0.2,0.2,0.2,1.0,5.0,1.0,0.16,inf,0.9999999999999998,1.0,1.0,1.0
"frozenset({'Femme', 'Bébé'})","frozenset({'Puériculture', 'Chaussures', 'Homme', 'Garçon'})",0.2,0.2,0.2,1.0,5.0,1.0,0.16,inf,0.9999999999999998,1.0,1.0,1.0
"frozenset({'Puériculture', 'Homme'})","frozenset({'Chaussures', 'Femme', 'Garçon', 'Bébé'})",0.2,0.2,0.2,1.0,5.0,1.0,0.16,inf,0.9999999999999998,1.0,1.0,1.0
"frozenset({'Homme', 'Garçon'})","frozenset({'Puériculture', 'Chaussures', 'Femme', 'Bébé'})",0.2,0.2,0.2,1.0,5.0,1.0,0.16,inf,0.9999999999999998,1.0,1.0,1.0
"frozenset({'Homme', 'Bébé'})","frozenset({'Puériculture', 'Chaussures', 'Femme', 'Garçon'})",0.2,0.2,0.2,1.0,5.0,1.0,0.16,inf,0.9999999999999998,1.0,1.0,1.0
"frozenset({'Puériculture', 'Chaussures'})","frozenset({'Homme', 'Femme', 'Garçon', 'Bébé'})",0.2,0.2,0.2,1.0,5.0,1.0,0.16,inf,0.9999999999999998,1.0,1.0,1.0
"frozenset({'Chaussures', 'Garçon'})","frozenset({'Puériculture', 'Homme', 'Femme', 'Bébé'})",0.2,0.2,0.2,1.0,5.0,1.0,0.16,inf,0.9999999999999998,1.0,1.0,1.0
"frozenset({'Chaussures', 'Femme'})","frozenset({'Puériculture', 'Homme', 'Garçon', 'Bébé'})",0.2,0.2,0.2,1.0,5.0,1.0,0.16,inf,0.9999999999999998,1.0,1.0,1.0
"frozenset({'Chaussures', 'Bébé'})","frozenset({'Puériculture', 'Homme', 'Femme', 'Garçon'})",0.2,0.2,0.2,1.0,5.0,1.0,0.16,inf,0.9999999999999998,1.0,1.0,1.0
"frozenset({'Chaussures', 'Homme'})","frozenset({'Puériculture', 'Femme', 'Garçon', 'Bébé'})",0.2,0.2,0.2,1.0,5.0,1.0,0.16,inf,0.9999999999999998,1.0,1.0,1.0
"frozenset({'Puériculture', 'Femme', 'Garçon'})","frozenset({'Chaussures', 'Homme', 'Bébé'})",0.2,0.2,0.2,1.0,5.0,1.0,0.16,inf,0.9999999999999998,1.0,1.0,1.0
"frozenset({'Puériculture', 'Garçon', 'Bébé'})","frozenset({'Chaussures', 'Homme', 'Femme'})",0.2,0.2,0.2,1.0,5.0,1.0,0.16,inf,0.9999999999999998,1.0,1.0,1.0
"frozenset({'Puériculture', 'Femme', 'Bébé'})","frozenset({'Chaussures', 'Homme', 'Garçon'})",0.2,0.2,0.2,1.0,5.0,1.0,0.16,inf,0.9999999999999998,1.0,1.0,1.0
"frozenset({'Femme', 'Garçon', 'Bébé'})","frozenset({'Puériculture', 'Chaussures', 'Homme'})",0.2,0.2,0.2,1.0,5.0,1.0,0.16,inf,0.9999999999999998,1.0,1.0,1.0
"frozenset({'Puériculture', 'Homme', 'Garçon'})","frozenset({'Chaussures', 'Femme', 'Bébé'})",0.2,0.2,0.2,1.0,5.0,1.0,0.16,inf,0.9999999999999998,1.0,1.0,1.0
"frozenset({'Solaire', 'Maquillage'})","frozenset({'Cheveux', 'Corps'})",0.2,0.2,0.2,1.0,5.0,1.0,0.16,inf,0.9999999999999998,1.0,1.0,1.0
"frozenset({'Solaire', 'Cheveux'})","frozenset({'Maquillage', 'Corps'})",0.2,0.2,0.2,1.0,5.0,1.0,0.16,inf,0.9999999999999998,1.0,1.0,1.0
"frozenset({'Cheveux', 'Maquillage', 'Corps'})",frozenset({'Solaire'}),0.2,0.2,0.2,1.0,5.0,1.0,0.16,inf,0.9999999999999998,1.0,1.0,1.0
"frozenset({'Solaire', 'Maquillage', 'Corps'})",frozenset({'Cheveux'}),0.2,0.2,0.2,1.0,5.0,1.0,0.16,inf,0.9999999999999998,1.0,1.0,1.0
"frozenset({'Solaire', 'Cheveux', 'Maquillage'})",frozenset({'Corps'}),0.2,0.2,0.2,1.0,5.0,1.0,0.16,inf,0.9999999999999998,1.0,1.0,1.0
frozenset({'Garçon'}),"frozenset({'Puériculture', 'Chaussures', 'Homme'})",0.2,0.2,0.2,1.0,5.0,1.0,0.16,inf,0.9999999999999998,1.0,1.0,1.0
frozenset({'Chaussures'}),"frozenset({'Puériculture', 'Homme', 'Garçon'})",0.2,0.2,0.2,1.0,5.0,1.0,0.16,inf,0.9999999999999998,1.0,1.0,1.0
frozenset({'Puériculture'}),"frozenset({'Chaussures', 'Homme', 'Garçon'})",0.2,0.2,0.2,1.0,5.0,1.0,0.16,inf,0.9999999999999998,1.0,1.0,1.0
"frozenset({'Homme', 'Garçon'})","frozenset({'Puériculture', 'Chaussures'})",0.2,0.2,0.2,1.0,5.0,1.0,0.16,inf,0.9999999999999998,1.0,1.0,1.0
"frozenset({'Chaussures', 'Garçon'})","frozenset({'Puériculture', 'Homme'})",0.2,0.2,0.2,1.0,5.0,1.0,0.16,inf,0.9999999999999998,1.0,1.0,1.0
"frozenset({'Chaussures', 'Homme'})","frozenset({'Puériculture', 'Garçon'})",0.2,0.2,0.2,1.0,5.0,1.0,0.16,inf,0.9999999999999998,1.0,1.0,1.0
"frozenset({'Puériculture', 'Garçon'})","frozenset({'Chaussures', 'Homme'})",0.2,0.2,0.2,1.0,5.0,1.0,0.16,inf,0.9999999999999998,1.0,1.0,1.0
"frozenset({'Puériculture', 'Homme'})","frozenset({'Chaussures', 'Garçon'})",0.2,0.2,0.2,1.0,5.0,1.0,0.16,inf,0.9999999999999998,1.0,1.0,1.0
"frozenset({'Puériculture', 'Chaussures'})","frozenset({'Homme', 'Garçon'})",0.2,0.2,0.2,1.0,5.0,1.0,0.16,inf,0.9999999999999998,1.0,1.0,1.0
"frozenset({'Homme', 'Maison'})","frozenset({'Enfants', 'Femme'})",0.2,0.2,0.2,1.0,5.0,1.0,0.16,inf,0.9999999999999998,1.0,1.0,1.0
"frozenset({'Enfants', 'Femme'})","frozenset({'Homme', 'Maison'})",0.2,0.2,0.2,1.0,5.0,1.0,0.16,inf,0.9999999999999998,1.0,1.0,1.0
"frozenset({'Maison', 'Femme'})","frozenset({'Enfants', 'Homme'})",0.2,0.2,0.2,1.0,5.0,1.0,0.16,inf,0.9999999999999998,1.0,1.0,1.0
"frozenset({'Maison', 'Homme', 'Femme'})",frozenset({'Enfants'}),0.2,0.2,0.2,1.0,5.0,1.0,0.16,inf,0.9999999999999998,1.0,1.0,1.0
frozenset({'Corps'}),"frozenset({'Solaire', 'Cheveux', 'Maquillage'})",0.2,0.2,0.2,1.0,5.0,1.0,0.16,inf,0.9999999999999998,1.0,1.0,1.0
frozenset({'Cheveux'}),"frozenset({'Solaire', 'Maquillage', 'Corps'})",0.2,0.2,0.2,1.0,5.0,1.0,0.16,inf,0.9999999999999998,1.0,1.0,1.0
frozenset({'Solaire'}),"frozenset({'Cheveux', 'Maquillage', 'Corps'})",0.2,0.2,0.2,1.0,5.0,1.0,0.16,inf,0.9999999999999998,1.0,1.0,1.0
"frozenset({'Maquillage', 'Corps'})","frozenset({'Solaire', 'Cheveux'})",0.2,0.2,0.2,1.0,5.0,1.0,0.16,inf,0.9999999999999998,1.0,1.0,1.0
"frozenset({'Cheveux', 'Corps'})","frozenset({'Solaire', 'Maquillage'})",0.2,0.2,0.2,1.0,5.0,1.0,0.16,inf,0.9999999999999998,1.0,1.0,1.0
"frozenset({'Cheveux', 'Maquillage'})","frozenset({'Solaire', 'Corps'})",0.2,0.2,0.2,1.0,5.0,1.0,0.16,inf,0.9999999999999998,1.0,1.0,1.0
"frozenset({'Solaire', 'Corps'})","frozenset({'Cheveux', 'Maquillage'})",0.2,0.2,0.2,1.0,5.0,1.0,0.16,inf,0.9999999999999998,1.0,1.0,1.0
"frozenset({'Homme', 'Ventes Flash'})","frozenset({'Enfants', 'Femme'})",0.2,0.2,0.2,1.0,5.0,1.0,0.16,inf,0.9999999999999998,1.0,1.0,1.0
"frozenset({'Femme', 'Ventes Flash'})","frozenset({'Enfants', 'Homme'})",0.2,0.2,0.2,1.0,5.0,1.0,0.16,inf,0.9999999999999998,1.0,1.0,1.0
"frozenset({'Enfants', 'Homme'})","frozenset({'Femme', 'Ventes Flash'})",0.2,0.2,0.2,1.0,5.0,1.0,0.16,inf,0.9999999999999998,1.0,1.0,1.0
"frozenset({'Enfants', 'Femme'})","frozenset({'Homme', 'Ventes Flash'})",0.2,0.2,0.2,1.0,5.0,1.0,0.16,inf,0.9999999999999998,1.0,1.0,1.0
"frozenset({'Homme', 'Femme', 'Ventes Flash'})",frozenset({'Enfants'}),0.2,0.2,0.2,1.0,5.0,1.0,0.16,inf,0.9999999999999998,1.0,1.0,1.0
"frozenset({'Enfants', 'Femme', 'Homme'})",frozenset({'Ventes Flash'}),0.2,0.2,0.2,1.0,5.0,1.0,0.16,inf,0.9999999999999998,1.0,1.0,1.0
frozenset({'Enfants'}),"frozenset({'Maison', 'Homme', 'Femme'})",0.2,0.2,0.2,1.0,5.0,1.0,0.16,inf,0.9999999999999998,1.0,1.0,1.0
"frozenset({'Enfants', 'Homme'})","frozenset({'Maison', 'Femme'})",0.2,0.2,0.2,1.0,5.0,1.0,0.16,inf,0.9999999999999998,1.0,1.0,1.0
"frozenset({'Puériculture', 'Homme', 'Femme'})","frozenset({'Chaussures', 'Garçon', 'Bébé'})",0.2,0.2,0.2,1.0,5.0,1.0,0.16,inf,0.9999999999999998,1.0,1.0,1.0
"frozenset({'Homme', 'Femme', 'Garçon'})","frozenset({'Puériculture', 'Chaussures', 'Bébé'})",0.2,0.2,0.2,1.0,5.0,1.0,0.16,inf,0.9999999999999998,1.0,1.0,1.0
"frozenset({'Puériculture', 'Homme', 'Bébé'})","frozenset({'Chaussures', 'Femme', 'Garçon'})",0.2,0.2,0.2,1.0,5.0,1.0,0.16,inf,0.9999999999999998,1.0,1.0,1.0
"frozenset({'Homme', 'Garçon', 'Bébé'})","frozenset({'Puériculture', 'Chaussures', 'Femme'})",0.2,0.2,0.2,1.0,5.0,1.0,0.16,inf,0.9999999999999998,1.0,1.0,1.0
"frozenset({'Homme', 'Femme', 'Bébé'})","frozenset({'Puériculture', 'Chaussures', 'Garçon'})",0.2,0.2,0.2,1.0,5.0,1.0,0.16,inf,0.9999999999999998,1.0,1.0,1.0
"frozenset({'Puériculture', 'Chaussures', 'Garçon'})","frozenset({'Homme', 'Femme', 'Bébé'})",0.2,0.2,0.2,1.0,5.0,1.0,0.16,inf,0.9999999999999998,1.0,1.0,1.0
"frozenset({'Puériculture', 'Chaussures', 'Femme'})","frozenset({'Homme', 'Garçon', 'Bébé'})",0.2,0.2,0.2,1.0,5.0,1.0,0.16,inf,0.9999999999999998,1.0,1.0,1.0
"frozenset({'Chaussures', 'Femme', 'Garçon'})","frozenset({'Puériculture', 'Homme', 'Bébé'})",0.2,0.2,0.2,1.0,5.0,1.0,0.16,inf,0.9999999999999998,1.0,1.0,1.0
"frozenset({'Puériculture', 'Chaussures', 'Bébé'})","frozenset({'Homme', 'Femme', 'Garçon'})",0.2,0.2,0.2,1.0,5.0,1.0,0.16,inf,0.9999999999999998,1.0,1.0,1.0
"frozenset({'Chaussures', 'Garçon', 'Bébé'})","frozenset({'Puériculture', 'Homme', 'Femme'})",0.2,0.2,0.2,1.0,5.0,1.0,0.16,inf,0.9999999999999998,1.0,1.0,1.0
"frozenset({'Chaussures', 'Femme', 'Bébé'})","frozenset({'Puériculture', 'Homme', 'Garçon'})",0.2,0.2,0.2,1.0,5.0,1.0,0.16,inf,0.9999999999999998,1.0,1.0,1.0
"frozenset({'Puériculture', 'Chaussures', 'Homme'})","frozenset({'Femme', 'Garçon', 'Bébé'})",0.2,0.2,0.2,1.0,5.0,1.0,0.16,inf,0.9999999999999998,1.0,1.0,1.0
"frozenset({'Chaussures', 'Homme', 'Garçon'})","frozenset({'Puériculture', 'Femme', 'Bébé'})",0.2,0.2,0.2,1.0,5.0,1.0,0.16,inf,0.9999999999999998,1.0,1.0,1.0
"frozenset({'Chaussures', 'Homme', 'Femme'})","frozenset({'Puériculture', 'Garçon', 'Bébé'})",0.2,0.2,0.2,1.0,5.0,1.0,0.16,inf,0.9999999999999998,1.0,1.0,1.0
"frozenset({'Chaussures', 'Homme', 'Bébé'})","frozenset({'Puériculture', 'Femme', 'Garçon'})",0.2,0.2,0.2,1.0,5.0,1.0,0.16,inf,0.9999999999999998,1.0,1.0,1.0
"frozenset({'Puériculture', 'Femme', 'Garçon', 'Bébé'})","frozenset({'Chaussures', 'Homme'})",0.2,0.2,0.2,1.0,5.0,1.0,0.16,inf,0.9999999999999998,1.0,1.0,1.0
frozenset({'Enfants'}),"frozenset({'Maison', 'Femme', 'Ventes Flash'})",0.2,0.2,0.2,1.0,5.0,1.0,0.16,inf,0.9999999999999998,1.0,1.0,1.0
"frozenset({'Maison', 'Ventes Flash'})","frozenset({'Enfants', 'Femme'})",0.2,0.2,0.2,1.0,5.0,1.0,0.16,inf,0.9999999999999998,1.0,1.0,1.0
"frozenset({'Enfants', 'Ventes Flash'})","frozenset({'Maison', 'Femme'})",0.2,0.2,0.2,1.0,5.0,1.0,0.16,inf,0.9999999999999998,1.0,1.0,1.0
"frozenset({'Enfants', 'Maison'})","frozenset({'Femme', 'Ventes Flash'})",0.2,0.2,0.2,1.0,5.0,1.0,0.16,inf,0.9999999999999998,1.0,1.0,1.0
"frozenset({'Femme', 'Ventes Flash'})","frozenset({'Enfants', 'Maison'})",0.2,0.2,0.2,1.0,5.0,1.0,0.16,inf,0.9999999999999998,1.0,1.0,1.0
"frozenset({'Maison', 'Femme'})","frozenset({'Enfants', 'Ventes Flash'})",0.2,0.2,0.2,1.0,5.0,1.0,0.16,inf,0.9999999999999998,1.0,1.0,1.0
"frozenset({'Enfants', 'Femme'})","frozenset({'Maison', 'Ventes Flash'})",0.2,0.2,0.2,1.0,5.0,1.0,0.16,inf,0.9999999999999998,1.0,1.0,1.0
"frozenset({'Maison', 'Femme', 'Ventes Flash'})",frozenset({'Enfants'}),0.2,0.2,0.2,1.0,5.0,1.0,0.16,inf,0.9999999999999998,1.0,1.0,1.0
"frozenset({'Maison', 'Enfants', 'Femme'})",frozenset({'Ventes Flash'}),0.2,0.2,0.2,1.0,5.0,1.0,0.16,inf,0.9999999999999998,1.0,1.0,1.0
frozenset({'Ventes Flash'}),"frozenset({'Enfants', 'Femme', 'Homme'})",0.2,0.2,0.2,1.0,5.0,1.0,0.16,inf,0.9999999999999998,1.0,1.0,1.0
frozenset({'Enfants'}),"frozenset({'Homme', 'Femme', 'Ventes Flash'})",0.2,0.2,0.2,1.0,5.0,1.0,0.16,inf,0.9999999999999998,1.0,1.0,1.0
frozenset({'Ventes Flash'}),"frozenset({'Enfants', 'Maison', 'Homme'})",0.2,0.2,0.2,1.0,5.0,1.0,0.16,inf,0.9999999999999998,1.0,1.0,1.0
frozenset({'Enfants'}),"frozenset({'Homme', 'Maison', 'Ventes Flash'})",0.2,0.2,0.2,1.0,5.0,1.0,0.16,inf,0.9999999999999998,1.0,1.0,1.0
"frozenset({'Homme', 'Ventes Flash'})","frozenset({'Enfants', 'Maison'})",0.2,0.2,0.2,1.0,5.0,1.0,0.16,inf,0.9999999999999998,1.0,1.0,1.0
"frozenset({'Homme', 'Maison'})","frozenset({'Enfants', 'Ventes Flash'})",0.2,0.2,0.2,1.0,5.0,1.0,0.16,inf,0.9999999999999998,1.0,1.0,1.0
"frozenset({'Maison', 'Ventes Flash'})","frozenset({'Enfants', 'Homme'})",0.2,0.2,0.2,1.0,5.0,1.0,0.16,inf,0.9999999999999998,1.0,1.0,1.0
"frozenset({'Enfants', 'Homme'})","frozenset({'Maison', 'Ventes Flash'})",0.2,0.2,0.2,1.0,5.0,1.0,0.16,inf,0.9999999999999998,1.0,1.0,1.0
"frozenset({'Enfants', 'Ventes Flash'})","frozenset({'Homme', 'Maison'})",0.2,0.2,0.2,1.0,5.0,1.0,0.16,inf,0.9999999999999998,1.0,1.0,1.0
"frozenset({'Enfants', 'Maison'})","frozenset({'Homme', 'Ventes Flash'})",0.2,0.2,0.2,1.0,5.0,1.0,0.16,inf,0.9999999999999998,1.0,1.0,1.0
"frozenset({'Homme', 'Maison', 'Ventes Flash'})",frozenset({'Enfants'}),0.2,0.2,0.2,1.0,5.0,1.0,0.16,inf,0.9999999999999998,1.0,1.0,1.0
"frozenset({'Enfants', 'Maison', 'Homme'})",frozenset({'Ventes Flash'}),0.2,0.2,0.2,1.0,5.0,1.0,0.16,inf,0.9999999999999998,1.0,1.0,1.0
frozenset({'Ventes Flash'}),"frozenset({'Maison', 'Enfants', 'Femme'})",0.2,0.2,0.2,1.0,5.0,1.0,0.16,inf,0.9999999999999998,1.0,1.0,1.0
"frozenset({'Puériculture', 'Fille', 'Femme'})",frozenset({'Garçon'}),0.2,0.2,0.2,1.0,5.0,1.0,0.16,inf,0.9999999999999998,1.0,1.0,1.0
frozenset({'Fille'}),"frozenset({'Homme', 'Femme', 'Garçon'})",0.2,0.2,0.2,1.0,5.0,1.0,0.16,inf,0.9999999999999998,1.0,1.0,1.0
frozenset({'Garçon'}),"frozenset({'Homme', 'Femme', 'Fille'})",0.2,0.2,0.2,1.0,5.0,1.0,0.16,inf,0.9999999999999998,1.0,1.0,1.0
"frozenset({'Fille', 'Femme'})","frozenset({'Homme', 'Garçon'})",0.2,0.2,0.2,1.0,5.0,1.0,0.16,inf,0.9999999999999998,1.0,1.0,1.0
"frozenset({'Femme', 'Garçon'})","frozenset({'Homme', 'Fille'})",0.2,0.2,0.2,1.0,5.0,1.0,0.16,inf,0.9999999999999998,1.0,1.0,1.0
"frozenset({'Homme', 'Fille'})","frozenset({'Femme', 'Garçon'})",0.2,0.2,0.2,1.0,5.0,1.0,0.16,inf,0.9999999999999998,1.0,1.0,1.0
"frozenset({'Homme', 'Garçon'})","frozenset({'Fille', 'Femme'})",0.2,0.2,0.2,1.0,5.0,1.0,0.16,inf,0.9999999999999998,1.0,1.0,1.0
"frozenset({'Homme', 'Femme', 'Fille'})",frozenset({'Garçon'}),0.2,0.2,0.2,1.0,5.0,1.0,0.16,inf,0.9999999999999998,1.0,1.0,1.0
"frozenset({'Homme', 'Femme', 'Garçon'})",frozenset({'Fille'}),0.2,0.2,0.2,1.0,5.0,1.0,0.16,inf,0.9999999999999998,1.0,1.0,1.0
"frozenset({'Puériculture', 'Homme', 'Femme', 'Garçon'})","frozenset({'Chaussures', 'Bébé'})",0.2,0.2,0.2,1.0,5.0,1.0,0.16,inf,0.9999999999999998,1.0,1.0,1.0
"frozenset({'Puériculture', 'Homme', 'Garçon', 'Bébé'})","frozenset({'Chaussures', 'Femme'})",0.2,0.2,0.2,1.0,5.0,1.0,0.16,inf,0.9999999999999998,1.0,1.0,1.0
"frozenset({'Puériculture', 'Homme', 'Femme', 'Bébé'})","frozenset({'Chaussures', 'Garçon'})",0.2,0.2,0.2,1.0,5.0,1.0,0.16,inf,0.9999999999999998,1.0,1.0,1.0
"frozenset({'Homme', 'Femme', 'Garçon', 'Bébé'})","frozenset({'Puériculture', 'Chaussures'})",0.2,0.2,0.2,1.0,5.0,1.0,0.16,inf,0.9999999999999998,1.0,1.0,1.0
"frozenset({'Puériculture', 'Chaussures', 'Femme', 'Garçon'})","frozenset({'Homme', 'Bébé'})",0.2,0.2,0.2,1.0,5.0,1.0,0.16,inf,0.9999999999999998,1.0,1.0,1.0
"frozenset({'Puériculture', 'Chaussures', 'Femme', 'Bébé'})","frozenset({'Homme', 'Garçon'})",0.2,0.2,0.2,1.0,5.0,1.0,0.16,inf,0.9999999999999998,1.0,1.0,1.0
"frozenset({'Chaussures', 'Femme', 'Garçon', 'Bébé'})","frozenset({'Puériculture', 'Homme'})",0.2,0.2,0.2,1.0,5.0,1.0,0.16,inf,0.9999999999999998,1.0,1.0,1.0
"frozenset({'Puériculture', 'Chaussures', 'Homme', 'Garçon'})","frozenset({'Femme', 'Bébé'})",0.2,0.2,0.2,1.0,5.0,1.0,0.16,inf,0.9999999999999998,1.0,1.0,1.0
"frozenset({'Puériculture', 'Chaussures', 'Homme', 'Femme'})","frozenset({'Garçon', 'Bébé'})",0.2,0.2,0.2,1.0,5.0,1.0,0.16,inf,0.9999999999999998,1.0,1.0,1.0
"frozenset({'Chaussures', 'Homme', 'Femme', 'Garçon'})","frozenset({'Puériculture', 'Bébé'})",0.2,0.2,0.2,1.0,5.0,1.0,0.16,inf,0.9999999999999998,1.0,1.0,1.0
"frozenset({'Puériculture', 'Chaussures', 'Homme', 'Bébé'})","frozenset({'Femme', 'Garçon'})",0.2,0.2,0.2,1.0,5.0,1.0,0.16,inf,0.9999999999999998,1.0,1.0,1.0
"frozenset({'Chaussures', 'Homme', 'Garçon', 'Bébé'})","frozenset({'Puériculture', 'Femme'})",0.2,0.2,0.2,1.0,5.0,1.0,0.16,inf,0.9999999999999998,1.0,1.0,1.0
"frozenset({'Chaussures', 'Homme', 'Femme', 'Bébé'})","frozenset({'Puériculture', 'Garçon'})",0.2,0.2,0.2,1.0,5.0,1.0,0.16,inf,0.9999999999999998,1.0,1.0,1.0
"frozenset({'Homme', 'Bébé', 'Femme', 'Garçon', 'Puériculture'})",frozenset({'Chaussures'}),0.2,0.2,0.2,1.0,5.0,1.0,0.16,inf,0.9999999999999998,1.0,1.0,1.0
"frozenset({'Fille', 'Femme', 'Homme'})",frozenset({'Puériculture'}),0.2,0.2,0.2,1.0,5.0,1.0,0.16,inf,0.9999999999999998,1.0,1.0,1.0
"frozenset({'Puériculture', 'Homme', 'Femme'})",frozenset({'Fille'}),0.2,0.2,0.2,1.0,5.0,1.0,0.16,inf,0.9999999999999998,1.0,1.0,1.0
frozenset({'Garçon'}),"frozenset({'Puériculture', 'Fille', 'Femme'})",0.2,0.2,0.2,1.0,5.0,1.0,0.16,inf,0.9999999999999998,1.0,1.0,1.0
frozenset({'Fille'}),"frozenset({'Puériculture', 'Femme', 'Garçon'})",0.2,0.2,0.2,1.0,5.0,1.0,0.16,inf,0.9999999999999998,1.0,1.0,1.0
frozenset({'Puériculture'}),"frozenset({'Fille', 'Femme', 'Garçon'})",0.2,0.2,0.2,1.0,5.0,1.0,0.16,inf,0.9999999999999998,1.0,1.0,1.0
"frozenset({'Femme', 'Garçon'})","frozenset({'Puériculture', 'Fille'})",0.2,0.2,0.2,1.0,5.0,1.0,0.16,inf,0.9999999999999998,1.0,1.0,1.0
"frozenset({'Fille', 'Garçon'})","frozenset({'Puériculture', 'Femme'})",0.2,0.2,0.2,1.0,5.0,1.0,0.16,inf,0.9999999999999998,1.0,1.0,1.0
"frozenset({'Fille', 'Femme'})","frozenset({'Puériculture', 'Garçon'})",0.2,0.2,0.2,1.0,5.0,1.0,0.16,inf,0.9999999999999998,1.0,1.0,1.0
"frozenset({'Puériculture', 'Garçon'})","frozenset({'Fille', 'Femme'})",0.2,0.2,0.2,1.0,5.0,1.0,0.16,inf,0.9999999999999998,1.0,1.0,1.0
"frozenset({'Puériculture', 'Femme'})","frozenset({'Fille', 'Garçon'})",0.2,0.2,0.2,1.0,5.0,1.0,0.16,inf,0.9999999999999998,1.0,1.0,1.0
"frozenset({'Puériculture', 'Fille'})","frozenset({'Femme', 'Garçon'})",0.2,0.2,0.2,1.0,5.0,1.0,0.16,inf,0.9999999999999998,1.0,1.0,1.0
"frozenset({'Fille', 'Femme', 'Garçon'})",frozenset({'Puériculture'}),0.2,0.2,0.2,1.0,5.0,1.0,0.16,inf,0.9999999999999998,1.0,1.0,1.0
"frozenset({'Puériculture', 'Femme', 'Garçon'})",frozenset({'Fille'}),0.2,0.2,0.2,1.0,5.0,1.0,0.16,inf,0.9999999999999998,1.0,1.0,1.0
"frozenset({'Puériculture', 'Femme'})","frozenset({'Homme', 'Garçon'})",0.2,0.2,0.2,1.0,5.0,1.0,0.16,inf,0.9999999999999998,1.0,1.0,1.0
"frozenset({'Puériculture', 'Homme'})","frozenset({'Femme', 'Garçon'})",0.2,0.2,0.2,1.0,5.0,1.0,0.16,inf,0.9999999999999998,1.0,1.0,1.0
"frozenset({'Homme', 'Femme', 'Garçon'})",frozenset({'Puériculture'}),0.2,0.2,0.2,1.0,5.0,1.0,0.16,inf,0.9999999999999998,1.0,1.0,1.0
"frozenset({'Puériculture', 'Homme', 'Femme'})",frozenset({'Garçon'}),0.2,0.2,0.2,1.0,5.0,1.0,0.16,inf,0.9999999999999998,1.0,1.0,1.0
frozenset({'Fille'}),"frozenset({'Puériculture', 'Homme', 'Femme'})",0.2,0.2,0.2,1.0,5.0,1.0,0.16,inf,0.9999999999999998,1.0,1.0,1.0
frozenset({'Puériculture'}),"frozenset({'Fille', 'Femme', 'Homme'})",0.2,0.2,0.2,1.0,5.0,1.0,0.16,inf,0.9999999999999998,1.0,1.0,1.0
"frozenset({'Fille', 'Homme'})","frozenset({'Puériculture', 'Femme'})",0.2,0.2,0.2,1.0,5.0,1.0,0.16,inf,0.9999999999999998,1.0,1.0,1.0
"frozenset({'Fille', 'Femme'})","frozenset({'Puériculture', 'Homme'})",0.2,0.2,0.2,1.0,5.0,1.0,0.16,inf,0.9999999999999998,1.0,1.0,1.0
"frozenset({'Puériculture', 'Homme'})","frozenset({'Fille', 'Femme'})",0.2,0.2,0.2,1.0,5.0,1.0,0.16,inf,0.9999999999999998,1.0,1.0,1.0
"frozenset({'Puériculture', 'Femme'})","frozenset({'Fille', 'Homme'})",0.2,0.2,0.2,1.0,5.0,1.0,0.16,inf,0.9999999999999998,1.0,1.0,1.0
"frozenset({'Homme', 'Maison'})","frozenset({'Femme', 'Ventes Flash'})",0.2,0.2,0.2,1.0,5.0,1.0,0.16,inf,0.9999999999999998,1.0,1.0,1.0
"frozenset({'Femme', 'Ventes Flash'})","frozenset({'Homme', 'Maison'})",0.2,0.2,0.2,1.0,5.0,1.0,0.16,inf,0.9999999999999998,1.0,1.0,1.0
"frozenset({'Maison', 'Femme'})","frozenset({'Homme', 'Ventes Flash'})",0.2,0.2,0.2,1.0,5.0,1.0,0.16,inf,0.9999999999999998,1.0,1.0,1.0
"frozenset({'Maison', 'Homme', 'Femme'})",frozenset({'Ventes Flash'}),0.2,0.2,0.2,1.0,5.0,1.0,0.16,inf,0.9999999999999998,1.0,1.0,1.0
frozenset({'Garçon'}),"frozenset({'Puériculture', 'Homme', 'Femme'})",0.2,0.2,0.2,1.0,5.0,1.0,0.16,inf,0.9999999999999998,1.0,1.0,1.0
frozenset({'Puériculture'}),"frozenset({'Homme', 'Femme', 'Garçon'})",0.2,0.2,0.2,1.0,5.0,1.0,0.16,inf,0.9999999999999998,1.0,1.0,1.0
"frozenset({'Femme', 'Garçon'})","frozenset({'Puériculture', 'Homme'})",0.2,0.2,0.2,1.0,5.0,1.0,0.16,inf,0.9999999999999998,1.0,1.0,1.0
"frozenset({'Homme', 'Garçon'})","frozenset({'Puériculture', 'Femme'})",0.2,0.2,0.2,1.0,5.0,1.0,0.16,inf,0.9999999999999998,1.0,1.0,1.0
"frozenset({'Chaussures', 'Homme', 'Femme', 'Garçon', 'Puériculture'})",frozenset({'Bébé'}),0.2,0.2,0.2,1.0,5.0,1.0,0.16,inf,0.9999999999999998,1.0,1.0,1.0
"frozenset({'Chaussures', 'Homme', 'Bébé', 'Femme', 'Puériculture'})",frozenset({'Garçon'}),0.2,0.2,0.2,1.0,5.0,1.0,0.16,inf,0.9999999999999998,1.0,1.0,1.0
"frozenset({'Chaussures', 'Homme', 'Bébé', 'Femme', 'Garçon'})",frozenset({'Puériculture'}),0.2,0.2,0.2,1.0,5.0,1.0,0.16,inf,0.9999999999999998,1.0,1.0,1.0
frozenset({'Puériculture'}),"frozenset({'Chaussures', 'Homme', 'Bébé', 'Fille', 'Femme'})",0.2,0.2,0.2,1.0,5.0,1.0,0.16,inf,0.9999999999999998,1.0,1.0,1.0
frozenset({'Fille'}),"frozenset({'Chaussures', 'Homme', 'Bébé', 'Femme', 'Puériculture'})",0.2,0.2,0.2,1.0,5.0,1.0,0.16,inf,0.9999999999999998,1.0,1.0,1.0
frozenset({'Bébé'}),"frozenset({'Chaussures', 'Homme', 'Fille', 'Femme', 'Puériculture'})",0.2,0.2,0.2,1.0,5.0,1.0,0.16,inf,0.9999999999999998,1.0,1.0,1.0
frozenset({'Chaussures'}),"frozenset({'Homme', 'Bébé', 'Fille', 'Femme', 'Puériculture'})",0.2,0.2,0.2,1.0,5.0,1.0,0.16,inf,0.9999999999999998,1.0,1.0,1.0
"frozenset({'Puériculture', 'Femme'})","frozenset({'Chaussures', 'Homme', 'Fille', 'Bébé'})",0.2,0.2,0.2,1.0,5.0,1.0,0.16,inf,0.9999999999999998,1.0,1.0,1.0
"frozenset({'Puériculture', 'Fille'})","frozenset({'Chaussures', 'Homme', 'Femme', 'Bébé'})",0.2,0.2,0.2,1.0,5.0,1.0,0.16,inf,0.9999999999999998,1.0,1.0,1.0
"frozenset({'Fille', 'Femme'})","frozenset({'Puériculture', 'Chaussures', 'Homme', 'Bébé'})",0.2,0.2,0.2,1.0,5.0,1.0,0.16,inf,0.9999999999999998,1.0,1.0,1.0
"frozenset({'Puériculture', 'Bébé'})","frozenset({'Chaussures', 'Homme', 'Femme', 'Fille'})",0.2,0.2,0.2,1.0,5.0,1.0,0.16,inf,0.9999999999999998,1.0,1.0,1.0
"frozenset({'Femme', 'Bébé'})","frozenset({'Puériculture', 'Chaussures', 'Homme', 'Fille'})",0.2,0.2,0.2,1.0,5.0,1.0,0.16,inf,0.9999999999999998,1.0,1.0,1.0
"frozenset({'Fille', 'Bébé'})","frozenset({'Puériculture', 'Chaussures', 'Homme', 'Femme'})",0.2,0.2,0.2,1.0,5.0,1.0,0.16,inf,0.9999999999999998,1.0,1.0,1.0
"frozenset({'Fille', 'Garçon'})","frozenset({'Puériculture', 'Homme'})",0.2,0.2,0.2,1.0,5.0,1.0,0.16,inf,0.9999999999999998,1.0,1.0,1.0
"frozenset({'Homme', 'Fille'})","frozenset({'Puériculture', 'Garçon'})",0.2,0.2,0.2,1.0,5.0,1.0,0.16,inf,0.9999999999999998,1.0,1.0,1.0
"frozenset({'Homme', 'Garçon'})","frozenset({'Puériculture', 'Fille'})",0.2,0.2,0.2,1.0,5.0,1.0,0.16,inf,0.9999999999999998,1.0,1.0,1.0
"frozenset({'Puériculture', 'Fille'})","frozenset({'Homme', 'Garçon'})",0.2,0.2,0.2,1.0,5.0,1.0,0.16,inf,0.9999999999999998,1.0,1.0,1.0
"frozenset({'Puériculture', 'Garçon'})","frozenset({'Homme', 'Fille'})",0.2,0.2,0.2,1.0,5.0,1.0,0.16,inf,0.9999999999999998,1.0,1.0,1.0
"frozenset({'Puériculture', 'Homme'})","frozenset({'Fille', 'Garçon'})",0.2,0.2,0.2,1.0,5.0,1.0,0.16,inf,0.9999999999999998,1.0,1.0,1.0
"frozenset({'Homme', 'Fille', 'Garçon'})",frozenset({'Puériculture'}),0.2,0.2,0.2,1.0,5.0,1.0,0.16,inf,0.9999999999999998,1.0,1.0,1.0
"frozenset({'Puériculture', 'Homme', 'Fille'})",frozenset({'Garçon'}),0.2,0.2,0.2,1.0,5.0,1.0,0.16,inf,0.9999999999999998,1.0,1.0,1.0
"frozenset({'Puériculture', 'Homme', 'Garçon'})",frozenset({'Fille'}),0.2,0.2,0.2,1.0,5.0,1.0,0.16,inf,0.9999999999999998,1.0,1.0,1.0
frozenset({'Ventes Flash'}),"frozenset({'Maison', 'Homme', 'Femme'})",0.2,0.2,0.2,1.0,5.0,1.0,0.16,inf,0.9999999999999998,1.0,1.0,1.0
"frozenset({'Homme', 'Ventes Flash'})","frozenset({'Maison', 'Femme'})",0.2,0.2,0.2,1.0,5.0,1.0,0.16,inf,0.9999999999999998,1.0,1.0,1.0
frozenset({'Montres & Bijoux'}),"frozenset({'Parfums', 'Téléphones & Accessoires', 'Maquillage'})",0.2,0.2,0.2,1.0,5.0,1.0,0.16,inf,0.9999999999999998,1.0,1.0,1.0
frozenset({'Parfums'}),"frozenset({'Montres & Bijoux', 'Téléphones & Accessoires', 'Maquillage'})",0.2,0.2,0.2,1.0,5.0,1.0,0.16,inf,0.9999999999999998,1.0,1.0,1.0
"frozenset({'Téléphones & Accessoires', 'Maquillage'})","frozenset({'Parfums', 'Montres & Bijoux'})",0.2,0.2,0.2,1.0,5.0,1.0,0.16,inf,0.9999999999999998,1.0,1.0,1.0
"frozenset({'Montres & Bijoux', 'Maquillage'})","frozenset({'Parfums', 'Téléphones & Accessoires'})",0.2,0.2,0.2,1.0,5.0,1.0,0.16,inf,0.9999999999999998,1.0,1.0,1.0
"frozenset({'Montres & Bijoux', 'Téléphones & Accessoires'})","frozenset({'Parfums', 'Maquillage'})",0.2,0.2,0.2,1.0,5.0,1.0,0.16,inf,0.9999999999999998,1.0,1.0,1.0
"frozenset({'Parfums', 'Maquillage'})","frozenset({'Montres & Bijoux', 'Téléphones & Accessoires'})",0.2,0.2,0.2,1.0,5.0,1.0,0.16,inf,0.9999999999999998,1.0,1.0,1.0
"frozenset({'Parfums', 'Téléphones & Accessoires'})","frozenset({'Montres & Bijoux', 'Maquillage'})",0.2,0.2,0.2,1.0,5.0,1.0,0.16,inf,0.9999999999999998,1.0,1.0,1.0
"frozenset({'Parfums', 'Montres & Bijoux'})","frozenset({'Téléphones & Accessoires', 'Maquillage'})",0.2,0.2,0.2,1.0,5.0,1.0,0.16,inf,0.9999999999999998,1.0,1.0,1.0
"frozenset({'Montres & Bijoux', 'Téléphones & Accessoires', 'Maquillage'})",frozenset({'Parfums'}),0.2,0.2,0.2,1.0,5.0,1.0,0.16,inf,0.9999999999999998,1.0,1.0,1.0
"frozenset({'Parfums', 'Téléphones & Accessoires', 'Maquillage'})",frozenset({'Montres & Bijoux'}),0.2,0.2,0.2,1.0,5.0,1.0,0.16,inf,0.9999999999999998,1.0,1.0,1.0
"frozenset({'Parfums', 'Montres & Bijoux', 'Maquillage'})",frozenset({'Téléphones & Accessoires'}),0.2,0.2,0.2,1.0,5.0,1.0,0.16,inf,0.9999999999999998,1.0,1.0,1.0
frozenset({'Fille'}),"frozenset({'Puériculture', 'Homme', 'Garçon'})",0.2,0.2,0.2,1.0,5.0,1.0,0.16,inf,0.9999999999999998,1.0,1.0,1.0
frozenset({'Garçon'}),"frozenset({'Puériculture', 'Homme', 'Fille'})",0.2,0.2,0.2,1.0,5.0,1.0,0.16,inf,0.9999999999999998,1.0,1.0,1.0
frozenset({'Puériculture'}),"frozenset({'Homme', 'Fille', 'Garçon'})",0.2,0.2,0.2,1.0,5.0,1.0,0.16,inf,0.9999999999999998,1.0,1.0,1.0
"frozenset({'Les plus demandés', 'Ventes flash', 'Automobile et bricolage'})","frozenset({'Beauté & Sport', 'Maison'})",0.2,0.2,0.2,1.0,5.0,1.0,0.16,inf,0.9999999999999998,1.0,1.0,1.0
"frozenset({'Les plus demandés', 'Beauté & Sport', 'Automobile et bricolage'})","frozenset({'Maison', 'Ventes flash'})",0.2,0.2,0.2,1.0,5.0,1.0,0.16,inf,0.9999999999999998,1.0,1.0,1.0
"frozenset({'Beauté & Sport', 'Ventes flash', 'Automobile et bricolage'})","frozenset({'Maison', 'Les plus demandés'})",0.2,0.2,0.2,1.0,5.0,1.0,0.16,inf,0.9999999999999998,1.0,1.0,1.0
"frozenset({'Maison', 'Ventes flash', 'Les plus demandés'})","frozenset({'Beauté & Sport', 'Automobile et bricolage'})",0.2,0.2,0.2,1.0,5.0,1.0,0.16,inf,0.9999999999999998,1.0,1.0,1.0
"frozenset({'Beauté & Sport', 'Maison', 'Les plus demandés'})","frozenset({'Ventes flash', 'Automobile et bricolage'})",0.2,0.2,0.2,1.0,5.0,1.0,0.16,inf,0.9999999999999998,1.0,1.0,1.0
"frozenset({'Beauté & Sport', 'Maison', 'Ventes flash'})","frozenset({'Les plus demandés', 'Automobile et bricolage'})",0.2,0.2,0.2,1.0,5.0,1.0,0.16,inf,0.9999999999999998,1.0,1.0,1.0
"frozenset({'Les plus demandés', 'Maison', 'Automobile et bricolage'})","frozenset({'Beauté & Sport', 'Ventes flash'})",0.2,0.2,0.2,1.0,5.0,1.0,0.16,inf,0.9999999999999998,1.0,1.0,1.0
"frozenset({'Maison', 'Ventes flash', 'Automobile et bricolage'})","frozenset({'Beauté & Sport', 'Les plus demandés'})",0.2,0.2,0.2,1.0,5.0,1.0,0.16,inf,0.9999999999999998,1.0,1.0,1.0
"frozenset({'Beauté & Sport', 'Maison', 'Automobile et bricolage'})","frozenset({'Ventes flash', 'Les plus demandés'})",0.2,0.2,0.2,1.0,5.0,1.0,0.16,inf,0.9999999999999998,1.0,1.0,1.0
"frozenset({'Beauté & Sport', 'Maison', 'Ventes flash', 'Les plus demandés'})",frozenset({'Automobile et bricolage'}),0.2,0.2,0.2,1.0,5.0,1.0,0.16,inf,0.9999999999999998,1.0,1.0,1.0
"frozenset({'Les plus demandés', 'Maison', 'Ventes flash', 'Automobile et bricolage'})",frozenset({'Beauté & Sport'}),0.2,0.2,0.2,1.0,5.0,1.0,0.16,inf,0.9999999999999998,1.0,1.0,1.0
"frozenset({'Les plus demandés', 'Beauté & Sport', 'Maison', 'Automobile et bricolage'})",frozenset({'Ventes flash'}),0.2,0.2,0.2,1.0,5.0,1.0,0.16,inf,0.9999999999999998,1.0,1.0,1.0
"frozenset({'Beauté & Sport', 'Maison', 'Ventes flash', 'Automobile et bricolage'})",frozenset({'Les plus demandés'}),0.2,0.2,0.2,1.0,5.0,1.0,0.16,inf,0.9999999999999998,1.0,1.0,1.0
frozenset({'Téléphones & Accessoires'}),"frozenset({'Parfums', 'Montres & Bijoux', 'Maquillage'})",0.2,0.2,0.2,1.0,5.0,1.0,0.16,inf,0.9999999999999998,1.0,1.0,1.0
"frozenset({'Puériculture', 'Homme'})","frozenset({'Chaussures', 'Fille', 'Femme', 'Bébé'})",0.2,0.2,0.2,1.0,5.0,1.0,0.16,inf,0.9999999999999998,1.0,1.0,1.0
"frozenset({'Homme', 'Fille'})","frozenset({'Puériculture', 'Chaussures', 'Femme', 'Bébé'})",0.2,0.2,0.2,1.0,5.0,1.0,0.16,inf,0.9999999999999998,1.0,1.0,1.0
"frozenset({'Homme', 'Bébé'})","frozenset({'Puériculture', 'Chaussures', 'Fille', 'Femme'})",0.2,0.2,0.2,1.0,5.0,1.0,0.16,inf,0.9999999999999998,1.0,1.0,1.0
"frozenset({'Puériculture', 'Chaussures'})","frozenset({'Homme', 'Femme', 'Fille', 'Bébé'})",0.2,0.2,0.2,1.0,5.0,1.0,0.16,inf,0.9999999999999998,1.0,1.0,1.0
"frozenset({'Chaussures', 'Femme'})","frozenset({'Puériculture', 'Homme', 'Fille', 'Bébé'})",0.2,0.2,0.2,1.0,5.0,1.0,0.16,inf,0.9999999999999998,1.0,1.0,1.0
"frozenset({'Chaussures', 'Fille'})","frozenset({'Puériculture', 'Homme', 'Femme', 'Bébé'})",0.2,0.2,0.2,1.0,5.0,1.0,0.16,inf,0.9999999999999998,1.0,1.0,1.0
"frozenset({'Chaussures', 'Bébé'})","frozenset({'Puériculture', 'Homme', 'Femme', 'Fille'})",0.2,0.2,0.2,1.0,5.0,1.0,0.16,inf,0.9999999999999998,1.0,1.0,1.0
"frozenset({'Chaussures', 'Homme'})","frozenset({'Puériculture', 'Fille', 'Femme', 'Bébé'})",0.2,0.2,0.2,1.0,5.0,1.0,0.16,inf,0.9999999999999998,1.0,1.0,1.0
"frozenset({'Puériculture', 'Fille', 'Femme'})","frozenset({'Chaussures', 'Homme', 'Bébé'})",0.2,0.2,0.2,1.0,5.0,1.0,0.16,inf,0.9999999999999998,1.0,1.0,1.0
"frozenset({'Puériculture', 'Femme', 'Bébé'})","frozenset({'Chaussures', 'Homme', 'Fille'})",0.2,0.2,0.2,1.0,5.0,1.0,0.16,inf,0.9999999999999998,1.0,1.0,1.0
"frozenset({'Puériculture', 'Fille', 'Bébé'})","frozenset({'Chaussures', 'Homme', 'Femme'})",0.2,0.2,0.2,1.0,5.0,1.0,0.16,inf,0.9999999999999998,1.0,1.0,1.0
"frozenset({'Fille', 'Femme', 'Bébé'})","frozenset({'Puériculture', 'Chaussures', 'Homme'})",0.2,0.2,0.2,1.0,5.0,1.0,0.16,inf,0.9999999999999998,1.0,1.0,1.0
"frozenset({'Puériculture', 'Homme', 'Femme'})","frozenset({'Chaussures', 'Fille', 'Bébé'})",0.2,0.2,0.2,1.0,5.0,1.0,0.16,inf,0.9999999999999998,1.0,1.0,1.0
"frozenset({'Puériculture', 'Homme', 'Fille'})","frozenset({'Chaussures', 'Femme', 'Bébé'})",0.2,0.2,0.2,1.0,5.0,1.0,0.16,inf,0.9999999999999998,1.0,1.0,1.0
"frozenset({'Homme', 'Femme', 'Fille'})","frozenset({'Puériculture', 'Chaussures', 'Bébé'})",0.2,0.2,0.2,1.0,5.0,1.0,0.16,inf,0.9999999999999998,1.0,1.0,1.0
frozenset({'Les plus demandés'}),"frozenset({'Beauté & Sport', 'Maison', 'Ventes flash', 'Automobile et bricolage'})",0.2,0.2,0.2,1.0,5.0,1.0,0.16,inf,0.9999999999999998,1.0,1.0,1.0
frozenset({'Ventes flash'}),"frozenset({'Les plus demandés', 'Beauté & Sport', 'Maison', 'Automobile et bricolage'})",0.2,0.2,0.2,1.0,5.0,1.0,0.16,inf,0.9999999999999998,1.0,1.0,1.0
frozenset({'Beauté & Sport'}),"frozenset({'Les plus demandés', 'Maison', 'Ventes flash', 'Automobile et bricolage'})",0.2,0.2,0.2,1.0,5.0,1.0,0.16,inf,0.9999999999999998,1.0,1.0,1.0
frozenset({'Automobile et bricolage'}),"frozenset({'Beauté & Sport', 'Maison', 'Ventes flash', 'Les plus demandés'})",0.2,0.2,0.2,1.0,5.0,1.0,0.16,inf,0.9999999999999998,1.0,1.0,1.0
"frozenset({'Ventes flash', 'Les plus demandés'})","frozenset({'Beauté & Sport', 'Maison', 'Automobile et bricolage'})",0.2,0.2,0.2,1.0,5.0,1.0,0.16,inf,0.9999999999999998,1.0,1.0,1.0
"frozenset({'Beauté & Sport', 'Les plus demandés'})","frozenset({'Maison', 'Ventes flash', 'Automobile et bricolage'})",0.2,0.2,0.2,1.0,5.0,1.0,0.16,inf,0.9999999999999998,1.0,1.0,1.0
"frozenset({'Beauté & Sport', 'Ventes flash'})","frozenset({'Les plus demandés', 'Maison', 'Automobile et bricolage'})",0.2,0.2,0.2,1.0,5.0,1.0,0.16,inf,0.9999999999999998,1.0,1.0,1.0
"frozenset({'Les plus demandés', 'Automobile et bricolage'})","frozenset({'Beauté & Sport', 'Maison', 'Ventes flash'})",0.2,0.2,0.2,1.0,5.0,1.0,0.16,inf,0.9999999999999998,1.0,1.0,1.0
"frozenset({'Ventes flash', 'Automobile et bricolage'})","frozenset({'Beauté & Sport', 'Maison', 'Les plus demandés'})",0.2,0.2,0.2,1.0,5.0,1.0,0.16,inf,0.9999999999999998,1.0,1.0,1.0
"frozenset({'Beauté & Sport', 'Automobile et bricolage'})","frozenset({'Maison', 'Ventes flash', 'Les plus demandés'})",0.2,0.2,0.2,1.0,5.0,1.0,0.16,inf,0.9999999999999998,1.0,1.0,1.0
"frozenset({'Maison', 'Les plus demandés'})","frozenset({'Beauté & Sport', 'Ventes flash', 'Automobile et bricolage'})",0.2,0.2,0.2,1.0,5.0,1.0,0.16,inf,0.9999999999999998,1.0,1.0,1.0
"frozenset({'Maison', 'Ventes flash'})","frozenset({'Les plus demandés', 'Beauté & Sport', 'Automobile et bricolage'})",0.2,0.2,0.2,1.0,5.0,1.0,0.16,inf,0.9999999999999998,1.0,1.0,1.0
"frozenset({'Beauté & Sport', 'Maison'})","frozenset({'Les plus demandés', 'Ventes flash', 'Automobile et bricolage'})",0.2,0.2,0.2,1.0,5.0,1.0,0.16,inf,0.9999999999999998,1.0,1.0,1.0
"frozenset({'Maison', 'Automobile et bricolage'})","frozenset({'Beauté & Sport', 'Ventes flash', 'Les plus demandés'})",0.2,0.2,0.2,1.0,5.0,1.0,0.16,inf,0.9999999999999998,1.0,1.0,1.0
"frozenset({'Beauté & Sport', 'Ventes flash', 'Les plus demandés'})","frozenset({'Maison', 'Automobile et bricolage'})",0.2,0.2,0.2,1.0,5.0,1.0,0.16,inf,0.9999999999999998,1.0,1.0,1.0
"frozenset({'Beauté', 'Maquillage'})","frozenset({'Parfums', 'Montres & Bijoux', 'Téléphones & Accessoires'})",0.2,0.2,0.2,1.0,5.0,1.0,0.16,inf,0.9999999999999998,1.0,1.0,1.0
"frozenset({'Parfums', 'Montres & Bijoux', 'Téléphones & Accessoires'})","frozenset({'Beauté', 'Maquillage'})",0.2,0.2,0.2,1.0,5.0,1.0,0.16,inf,0.9999999999999998,1.0,1.0,1.0
"frozenset({'Beauté', 'Montres & Bijoux', 'Téléphones & Accessoires'})","frozenset({'Parfums', 'Maquillage'})",0.2,0.2,0.2,1.0,5.0,1.0,0.16,inf,0.9999999999999998,1.0,1.0,1.0
"frozenset({'Beauté', 'Parfums', 'Montres & Bijoux'})","frozenset({'Téléphones & Accessoires', 'Maquillage'})",0.2,0.2,0.2,1.0,5.0,1.0,0.16,inf,0.9999999999999998,1.0,1.0,1.0
"frozenset({'Beauté', 'Parfums', 'Téléphones & Accessoires'})","frozenset({'Montres & Bijoux', 'Maquillage'})",0.2,0.2,0.2,1.0,5.0,1.0,0.16,inf,0.9999999999999998,1.0,1.0,1.0
"frozenset({'Montres & Bijoux', 'Téléphones & Accessoires', 'Maquillage'})","frozenset({'Beauté', 'Parfums'})",0.2,0.2,0.2,1.0,5.0,1.0,0.16,inf,0.9999999999999998,1.0,1.0,1.0
"frozenset({'Parfums', 'Montres & Bijoux', 'Maquillage'})","frozenset({'Beauté', 'Téléphones & Accessoires'})",0.2,0.2,0.2,1.0,5.0,1.0,0.16,inf,0.9999999999999998,1.0,1.0,1.0
"frozenset({'Parfums', 'Téléphones & Accessoires', 'Maquillage'})","frozenset({'Beauté', 'Montres & Bijoux'})",0.2,0.2,0.2,1.0,5.0,1.0,0.16,inf,0.9999999999999998,1.0,1.0,1.0
"frozenset({'Beauté', 'Montres & Bijoux', 'Maquillage'})","frozenset({'Parfums', 'Téléphones & Accessoires'})",0.2,0.2,0.2,1.0,5.0,1.0,0.16,inf,0.9999999999999998,1.0,1.0,1.0
"frozenset({'Beauté', 'Téléphones & Accessoires', 'Maquillage'})","frozenset({'Parfums', 'Montres & Bijoux'})",0.2,0.2,0.2,1.0,5.0,1.0,0.16,inf,0.9999999999999998,1.0,1.0,1.0
"frozenset({'Beauté', 'Parfums', 'Maquillage'})","frozenset({'Montres & Bijoux', 'Téléphones & Accessoires'})",0.2,0.2,0.2,1.0,5.0,1.0,0.16,inf,0.9999999999999998,1.0,1.0,1.0
"frozenset({'Parfums', 'Montres & Bijoux', 'Téléphones & Accessoires', 'Maquillage'})",frozenset({'Beauté'}),0.2,0.2,0.2,1.0,5.0,1.0,0.16,inf,0.9999999999999998,1.0,1.0,1.0
"frozenset({'Beauté', 'Montres & Bijoux', 'Téléphones & Accessoires', 'Maquillage'})",frozenset({'Parfums'}),0.2,0.2,0.2,1.0,5.0,1.0,0.16,inf,0.9999999999999998,1.0,1.0,1.0
"frozenset({'Beauté', 'Parfums', 'Montres & Bijoux', 'Maquillage'})",frozenset({'Téléphones & Accessoires'}),0.2,0.2,0.2,1.0,5.0,1.0,0.16,inf,0.9999999999999998,1.0,1.0,1.0
"frozenset({'Beauté', 'Parfums', 'Téléphones & Accessoires', 'Maquillage'})",frozenset({'Montres & Bijoux'}),0.2,0.2,0.2,1.0,5.0,1.0,0.16,inf,0.9999999999999998,1.0,1.0,1.0
"frozenset({'Chaussures', 'Fille', 'Femme', 'Bébé'})",frozenset({'Garçon'}),0.2,0.2,0.2,1.0,5.0,1.0,0.16,inf,0.9999999999999998,1.0,1.0,1.0
frozenset({'Montres & Bijoux'}),"frozenset({'Beauté', 'Parfums', 'Téléphones & Accessoires', 'Maquillage'})",0.2,0.2,0.2,1.0,5.0,1.0,0.16,inf,0.9999999999999998,1.0,1.0,1.0
frozenset({'Téléphones & Accessoires'}),"frozenset({'Beauté', 'Parfums', 'Montres & Bijoux', 'Maquillage'})",0.2,0.2,0.2,1.0,5.0,1.0,0.16,inf,0.9999999999999998,1.0,1.0,1.0
frozenset({'Parfums'}),"frozenset({'Beauté', 'Montres & Bijoux', 'Téléphones & Accessoires', 'Maquillage'})",0.2,0.2,0.2,1.0,5.0,1.0,0.16,inf,0.9999999999999998,1.0,1.0,1.0
frozenset({'Beauté'}),"frozenset({'Parfums', 'Montres & Bijoux', 'Téléphones & Accessoires', 'Maquillage'})",0.2,0.2,0.2,1.0,5.0,1.0,0.16,inf,0.9999999999999998,1.0,1.0,1.0
"frozenset({'Montres & Bijoux', 'Téléphones & Accessoires'})","frozenset({'Beauté', 'Parfums', 'Maquillage'})",0.2,0.2,0.2,1.0,5.0,1.0,0.16,inf,0.9999999999999998,1.0,1.0,1.0
"frozenset({'Parfums', 'Montres & Bijoux'})","frozenset({'Beauté', 'Téléphones & Accessoires', 'Maquillage'})",0.2,0.2,0.2,1.0,5.0,1.0,0.16,inf,0.9999999999999998,1.0,1.0,1.0
"frozenset({'Parfums', 'Téléphones & Accessoires'})","frozenset({'Beauté', 'Montres & Bijoux', 'Maquillage'})",0.2,0.2,0.2,1.0,5.0,1.0,0.16,inf,0.9999999999999998,1.0,1.0,1.0
"frozenset({'Beauté', 'Montres & Bijoux'})","frozenset({'Parfums', 'Téléphones & Accessoires', 'Maquillage'})",0.2,0.2,0.2,1.0,5.0,1.0,0.16,inf,0.9999999999999998,1.0,1.0,1.0
"frozenset({'Beauté', 'Téléphones & Accessoires'})","frozenset({'Parfums', 'Montres & Bijoux', 'Maquillage'})",0.2,0.2,0.2,1.0,5.0,1.0,0.16,inf,0.9999999999999998,1.0,1.0,1.0
"frozenset({'Beauté', 'Parfums'})","frozenset({'Montres & Bijoux', 'Téléphones & Accessoires', 'Maquillage'})",0.2,0.2,0.2,1.0,5.0,1.0,0.16,inf,0.9999999999999998,1.0,1.0,1.0
"frozenset({'Montres & Bijoux', 'Maquillage'})","frozenset({'Beauté', 'Parfums', 'Téléphones & Accessoires'})",0.2,0.2,0.2,1.0,5.0,1.0,0.16,inf,0.9999999999999998,1.0,1.0,1.0
"frozenset({'Téléphones & Accessoires', 'Maquillage'})","frozenset({'Beauté', 'Parfums', 'Montres & Bijoux'})",0.2,0.2,0.2,1.0,5.0,1.0,0.16,inf,0.9999999999999998,1.0,1.0,1.0
"frozenset({'Parfums', 'Maquillage'})","frozenset({'Beauté', 'Montres & Bijoux', 'Téléphones & Accessoires'})",0.2,0.2,0.2,1.0,5.0,1.0,0.16,inf,0.9999999999999998,1.0,1.0,1.0
"frozenset({'Chaussures', 'Femme'})","frozenset({'Fille', 'Garçon', 'Bébé'})",0.2,0.2,0.2,1.0,5.0,1.0,0.16,inf,0.9999999999999998,1.0,1.0,1.0
"frozenset({'Chaussures', 'Fille'})","frozenset({'Femme', 'Garçon', 'Bébé'})",0.2,0.2,0.2,1.0,5.0,1.0,0.16,inf,0.9999999999999998,1.0,1.0,1.0
"frozenset({'Chaussures', 'Bébé'})","frozenset({'Fille', 'Femme', 'Garçon'})",0.2,0.2,0.2,1.0,5.0,1.0,0.16,inf,0.9999999999999998,1.0,1.0,1.0
"frozenset({'Fille', 'Femme', 'Garçon'})","frozenset({'Chaussures', 'Bébé'})",0.2,0.2,0.2,1.0,5.0,1.0,0.16,inf,0.9999999999999998,1.0,1.0,1.0
"frozenset({'Femme', 'Garçon', 'Bébé'})","frozenset({'Chaussures', 'Fille'})",0.2,0.2,0.2,1.0,5.0,1.0,0.16,inf,0.9999999999999998,1.0,1.0,1.0
"frozenset({'Fille', 'Garçon', 'Bébé'})","frozenset({'Chaussures', 'Femme'})",0.2,0.2,0.2,1.0,5.0,1.0,0.16,inf,0.9999999999999998,1.0,1.0,1.0
"frozenset({'Fille', 'Femme', 'Bébé'})","frozenset({'Chaussures', 'Garçon'})",0.2,0.2,0.2,1.0,5.0,1.0,0.16,inf,0.9999999999999998,1.0,1.0,1.0
"frozenset({'Chaussures', 'Femme', 'Garçon'})","frozenset({'Fille', 'Bébé'})",0.2,0.2,0.2,1.0,5.0,1.0,0.16,inf,0.9999999999999998,1.0,1.0,1.0
"frozenset({'Chaussures', 'Fille', 'Garçon'})","frozenset({'Femme', 'Bébé'})",0.2,0.2,0.2,1.0,5.0,1.0,0.16,inf,0.9999999999999998,1.0,1.0,1.0
"frozenset({'Chaussures', 'Fille', 'Femme'})","frozenset({'Garçon', 'Bébé'})",0.2,0.2,0.2,1.0,5.0,1.0,0.16,inf,0.9999999999999998,1.0,1.0,1.0
"frozenset({'Chaussures', 'Garçon', 'Bébé'})","frozenset({'Fille', 'Femme'})",0.2,0.2,0.2,1.0,5.0,1.0,0.16,inf,0.9999999999999998,1.0,1.0,1.0
"frozenset({'Chaussures', 'Femme', 'Bébé'})","frozenset({'Fille', 'Garçon'})",0.2,0.2,0.2,1.0,5.0,1.0,0.16,inf,0.9999999999999998,1.0,1.0,1.0
"frozenset({'Chaussures', 'Fille', 'Bébé'})","frozenset({'Femme', 'Garçon'})",0.2,0.2,0.2,1.0,5.0,1.0,0.16,inf,0.9999999999999998,1.0,1.0,1.0
"frozenset({'Fille', 'Femme', 'Garçon', 'Bébé'})",frozenset({'Chaussures'}),0.2,0.2,0.2,1.0,5.0,1.0,0.16,inf,0.9999999999999998,1.0,1.0,1.0
"frozenset({'Chaussures', 'Fille', 'Femme', 'Garçon'})",frozenset({'Bébé'}),0.2,0.2,0.2,1.0,5.0,1.0,0.16,inf,0.9999999999999998,1.0,1.0,1.0
"frozenset({'Chaussures', 'Femme', 'Garçon', 'Bébé'})",frozenset({'Fille'}),0.2,0.2,0.2,1.0,5.0,1.0,0.16,inf,0.9999999999999998,1.0,1.0,1.0
"frozenset({'Chaussures', 'Homme', 'Femme', 'Fille'})",frozenset({'Bébé'}),0.2,0.2,0.2,1.0,5.0,1.0,0.16,inf,0.9999999999999998,1.0,1.0,1.0
"frozenset({'Chaussures', 'Homme', 'Femme', 'Bébé'})",frozenset({'Fille'}),0.2,0.2,0.2,1.0,5.0,1.0,0.16,inf,0.9999999999999998,1.0,1.0,1.0
frozenset({'Garçon'}),"frozenset({'Chaussures', 'Fille', 'Femme', 'Bébé'})",0.2,0.2,0.2,1.0,5.0,1.0,0.16,inf,0.9999999999999998,1.0,1.0,1.0
frozenset({'Fille'}),"frozenset({'Chaussures', 'Femme', 'Garçon', 'Bébé'})",0.2,0.2,0.2,1.0,5.0,1.0,0.16,inf,0.9999999999999998,1.0,1.0,1.0
frozenset({'Bébé'}),"frozenset({'Chaussures', 'Fille', 'Femme', 'Garçon'})",0.2,0.2,0.2,1.0,5.0,1.0,0.16,inf,0.9999999999999998,1.0,1.0,1.0
frozenset({'Chaussures'}),"frozenset({'Fille', 'Femme', 'Garçon', 'Bébé'})",0.2,0.2,0.2,1.0,5.0,1.0,0.16,inf,0.9999999999999998,1.0,1.0,1.0
"frozenset({'Femme', 'Garçon'})","frozenset({'Chaussures', 'Fille', 'Bébé'})",0.2,0.2,0.2,1.0,5.0,1.0,0.16,inf,0.9999999999999998,1.0,1.0,1.0
"frozenset({'Fille', 'Garçon'})","frozenset({'Chaussures', 'Femme', 'Bébé'})",0.2,0.2,0.2,1.0,5.0,1.0,0.16,inf,0.9999999999999998,1.0,1.0,1.0
"frozenset({'Fille', 'Femme'})","frozenset({'Chaussures', 'Garçon', 'Bébé'})",0.2,0.2,0.2,1.0,5.0,1.0,0.16,inf,0.9999999999999998,1.0,1.0,1.0
"frozenset({'Garçon', 'Bébé'})","frozenset({'Chaussures', 'Fille', 'Femme'})",0.2,0.2,0.2,1.0,5.0,1.0,0.16,inf,0.9999999999999998,1.0,1.0,1.0
"frozenset({'Femme', 'Bébé'})","frozenset({'Chaussures', 'Fille', 'Garçon'})",0.2,0.2,0.2,1.0,5.0,1.0,0.16,inf,0.9999999999999998,1.0,1.0,1.0
"frozenset({'Fille', 'Bébé'})","frozenset({'Chaussures', 'Femme', 'Garçon'})",0.2,0.2,0.2,1.0,5.0,1.0,0.16,inf,0.9999999999999998,1.0,1.0,1.0
"frozenset({'Chaussures', 'Garçon'})","frozenset({'Fille', 'Femme', 'Bébé'})",0.2,0.2,0.2,1.0,5.0,1.0,0.16,inf,0.9999999999999998,1.0,1.0,1.0
"frozenset({'Homme', 'Bébé'})","frozenset({'Chaussures', 'Fille', 'Femme'})",0.2,0.2,0.2,1.0,5.0,1.0,0.16,inf,0.9999999999999998,1.0,1.0,1.0
"frozenset({'Chaussures', 'Femme'})","frozenset({'Homme', 'Fille', 'Bébé'})",0.2,0.2,0.2,1.0,5.0,1.0,0.16,inf,0.9999999999999998,1.0,1.0,1.0
"frozenset({'Chaussures', 'Fille'})","frozenset({'Homme', 'Femme', 'Bébé'})",0.2,0.2,0.2,1.0,5.0,1.0,0.16,inf,0.9999999999999998,1.0,1.0,1.0
"frozenset({'Chaussures', 'Bébé'})","frozenset({'Homme', 'Femme', 'Fille'})",0.2,0.2,0.2,1.0,5.0,1.0,0.16,inf,0.9999999999999998,1.0,1.0,1.0
"frozenset({'Chaussures', 'Homme'})","frozenset({'Fille', 'Femme', 'Bébé'})",0.2,0.2,0.2,1.0,5.0,1.0,0.16,inf,0.9999999999999998,1.0,1.0,1.0
"frozenset({'Fille', 'Femme', 'Bébé'})","frozenset({'Chaussures', 'Homme'})",0.2,0.2,0.2,1.0,5.0,1.0,0.16,inf,0.9999999999999998,1.0,1.0,1.0
"frozenset({'Homme', 'Femme', 'Fille'})","frozenset({'Chaussures', 'Bébé'})",0.2,0.2,0.2,1.0,5.0,1.0,0.16,inf,0.9999999999999998,1.0,1.0,1.0
"frozenset({'Homme', 'Femme', 'Bébé'})","frozenset({'Chaussures', 'Fille'})",0.2,0.2,0.2,1.0,5.0,1.0,0.16,inf,0.9999999999999998,1.0,1.0,1.0
"frozenset({'Homme', 'Fille', 'Bébé'})","frozenset({'Chaussures', 'Femme'})",0.2,0.2,0.2,1.0,5.0,1.0,0.16,inf,0.9999999999999998,1.0,1.0,1.0
"frozenset({'Chaussures', 'Fille', 'Femme'})","frozenset({'Homme', 'Bébé'})",0.2,0.2,0.2,1.0,5.0,1.0,0.16,inf,0.9999999999999998,1.0,1.0,1.0
"frozenset({'Chaussures', 'Femme', 'Bébé'})","frozenset({'Homme', 'Fille'})",0.2,0.2,0.2,1.0,5.0,1.0,0.16,inf,0.9999999999999998,1.0,1.0,1.0
"frozenset({'Chaussures', 'Homme', 'Femme'})","frozenset({'Fille', 'Bébé'})",0.2,0.2,0.2,1.0,5.0,1.0,0.16,inf,0.9999999999999998,1.0,1.0,1.0
"frozenset({'Chaussures', 'Homme', 'Fille'})","frozenset({'Femme', 'Bébé'})",0.2,0.2,0.2,1.0,5.0,1.0,0.16,inf,0.9999999999999998,1.0,1.0,1.0
"frozenset({'Chaussures', 'Homme', 'Bébé'})","frozenset({'Fille', 'Femme'})",0.2,0.2,0.2,1.0,5.0,1.0,0.16,inf,0.9999999999999998,1.0,1.0,1.0
"frozenset({'Homme', 'Femme', 'Fille', 'Bébé'})",frozenset({'Chaussures'}),0.2,0.2,0.2,1.0,5.0,1.0,0.16,inf,0.9999999999999998,1.0,1.0,1.0
"frozenset({'Chaussures', 'Fille', 'Bébé'})","frozenset({'Puériculture', 'Femme'})",0.2,0.2,0.2,1.0,5.0,1.0,0.16,inf,0.9999999999999998,1.0,1.0,1.0
"frozenset({'Puériculture', 'Fille', 'Femme', 'Bébé'})",frozenset({'Chaussures'}),0.2,0.2,0.2,1.0,5.0,1.0,0.16,inf,0.9999999999999998,1.0,1.0,1.0
"frozenset({'Puériculture', 'Chaussures', 'Fille', 'Femme'})",frozenset({'Bébé'}),0.2,0.2,0.2,1.0,5.0,1.0,0.16,inf,0.9999999999999998,1.0,1.0,1.0
"frozenset({'Puériculture', 'Chaussures', 'Femme', 'Bébé'})",frozenset({'Fille'}),0.2,0.2,0.2,1.0,5.0,1.0,0.16,inf,0.9999999999999998,1.0,1.0,1.0
"frozenset({'Chaussures', 'Fille', 'Femme', 'Bébé'})",frozenset({'Puériculture'}),0.2,0.2,0.2,1.0,5.0,1.0,0.16,inf,0.9999999999999998,1.0,1.0,1.0
frozenset({'Fille'}),"frozenset({'Chaussures', 'Homme', 'Femme', 'Bébé'})",0.2,0.2,0.2,1.0,5.0,1.0,0.16,inf,0.9999999999999998,1.0,1.0,1.0
frozenset({'Bébé'}),"frozenset({'Chaussures', 'Homme', 'Femme', 'Fille'})",0.2,0.2,0.2,1.0,5.0,1.0,0.16,inf,0.9999999999999998,1.0,1.0,1.0
frozenset({'Chaussures'}),"frozenset({'Homme', 'Femme', 'Fille', 'Bébé'})",0.2,0.2,0.2,1.0,5.0,1.0,0.16,inf,0.9999999999999998,1.0,1.0,1.0
"frozenset({'Fille', 'Femme'})","frozenset({'Chaussures', 'Homme', 'Bébé'})",0.2,0.2,0.2,1.0,5.0,1.0,0.16,inf,0.9999999999999998,1.0,1.0,1.0
"frozenset({'Femme', 'Bébé'})","frozenset({'Chaussures', 'Homme', 'Fille'})",0.2,0.2,0.2,1.0,5.0,1.0,0.16,inf,0.9999999999999998,1.0,1.0,1.0
"frozenset({'Fille', 'Bébé'})","frozenset({'Chaussures', 'Homme', 'Femme'})",0.2,0.2,0.2,1.0,5.0,1.0,0.16,inf,0.9999999999999998,1.0,1.0,1.0
"frozenset({'Homme', 'Fille'})","frozenset({'Chaussures', 'Femme', 'Bébé'})",0.2,0.2,0.2,1.0,5.0,1.0,0.16,inf,0.9999999999999998,1.0,1.0,1.0
"frozenset({'Puériculture', 'Bébé'})","frozenset({'Chaussures', 'Fille', 'Femme'})",0.2,0.2,0.2,1.0,5.0,1.0,0.16,inf,0.9999999999999998,1.0,1.0,1.0
"frozenset({'Femme', 'Bébé'})","frozenset({'Puériculture', 'Chaussures', 'Fille'})",0.2,0.2,0.2,1.0,5.0,1.0,0.16,inf,0.9999999999999998,1.0,1.0,1.0
"frozenset({'Fille', 'Bébé'})","frozenset({'Puériculture', 'Chaussures', 'Femme'})",0.2,0.2,0.2,1.0,5.0,1.0,0.16,inf,0.9999999999999998,1.0,1.0,1.0
"frozenset({'Puériculture', 'Chaussures'})","frozenset({'Fille', 'Femme', 'Bébé'})",0.2,0.2,0.2,1.0,5.0,1.0,0.16,inf,0.9999999999999998,1.0,1.0,1.0
"frozenset({'Chaussures', 'Femme'})","frozenset({'Puériculture', 'Fille', 'Bébé'})",0.2,0.2,0.2,1.0,5.0,1.0,0.16,inf,0.9999999999999998,1.0,1.0,1.0
"frozenset({'Chaussures', 'Fille'})","frozenset({'Puériculture', 'Femme', 'Bébé'})",0.2,0.2,0.2,1.0,5.0,1.0,0.16,inf,0.9999999999999998,1.0,1.0,1.0
"frozenset({'Chaussures', 'Bébé'})","frozenset({'Puériculture', 'Fille', 'Femme'})",0.2,0.2,0.2,1.0,5.0,1.0,0.16,inf,0.9999999999999998,1.0,1.0,1.0
"frozenset({'Puériculture', 'Fille', 'Femme'})","frozenset({'Chaussures', 'Bébé'})",0.2,0.2,0.2,1.0,5.0,1.0,0.16,inf,0.9999999999999998,1.0,1.0,1.0
"frozenset({'Puériculture', 'Femme', 'Bébé'})","frozenset({'Chaussures', 'Fille'})",0.2,0.2,0.2,1.0,5.0,1.0,0.16,inf,0.9999999999999998,1.0,1.0,1.0
"frozenset({'Puériculture', 'Fille', 'Bébé'})","frozenset({'Chaussures', 'Femme'})",0.2,0.2,0.2,1.0,5.0,1.0,0.16,inf,0.9999999999999998,1.0,1.0,1.0
"frozenset({'Fille', 'Femme', 'Bébé'})","frozenset({'Puériculture', 'Chaussures'})",0.2,0.2,0.2,1.0,5.0,1.0,0.16,inf,0.9999999999999998,1.0,1.0,1.0
"frozenset({'Puériculture', 'Chaussures', 'Femme'})","frozenset({'Fille', 'Bébé'})",0.2,0.2,0.2,1.0,5.0,1.0,0.16,inf,0.9999999999999998,1.0,1.0,1.0
"frozenset({'Puériculture', 'Chaussures', 'Fille'})","frozenset({'Femme', 'Bébé'})",0.2,0.2,0.2,1.0,5.0,1.0,0.16,inf,0.9999999999999998,1.0,1.0,1.0
"frozenset({'Chaussures', 'Fille', 'Femme'})","frozenset({'Puériculture', 'Bébé'})",0.2,0.2,0.2,1.0,5.0,1.0,0.16,inf,0.9999999999999998,1.0,1.0,1.0
"frozenset({'Puériculture', 'Chaussures', 'Bébé'})","frozenset({'Fille', 'Femme'})",0.2,0.2,0.2,1.0,5.0,1.0,0.16,inf,0.9999999999999998,1.0,1.0,1.0
"frozenset({'Chaussures', 'Femme', 'Bébé'})","frozenset({'Puériculture', 'Fille'})",0.2,0.2,0.2,1.0,5.0,1.0,0.16,inf,0.9999999999999998,1.0,1.0,1.0
"frozenset({'Chaussures', 'Homme', 'Garçon'})","frozenset({'Femme', 'Bébé'})",0.2,0.2,0.2,1.0,5.0,1.0,0.16,inf,0.9999999999999998,1.0,1.0,1.0
"frozenset({'Chaussures', 'Homme', 'Femme'})","frozenset({'Garçon', 'Bébé'})",0.2,0.2,0.2,1.0,5.0,1.0,0.16,inf,0.9999999999999998,1.0,1.0,1.0
"frozenset({'Chaussures', 'Homme', 'Bébé'})","frozenset({'Femme', 'Garçon'})",0.2,0.2,0.2,1.0,5.0,1.0,0.16,inf,0.9999999999999998,1.0,1.0,1.0
"frozenset({'Homme', 'Femme', 'Garçon', 'Bébé'})",frozenset({'Chaussures'}),0.2,0.2,0.2,1.0,5.0,1.0,0.16,inf,0.9999999999999998,1.0,1.0,1.0
"frozenset({'Chaussures', 'Homme', 'Femme', 'Garçon'})",frozenset({'Bébé'}),0.2,0.2,0.2,1.0,5.0,1.0,0.16,inf,0.9999999999999998,1.0,1.0,1.0
"frozenset({'Chaussures', 'Homme', 'Femme', 'Bébé'})",frozenset({'Garçon'}),0.2,0.2,0.2,1.0,5.0,1.0,0.16,inf,0.9999999999999998,1.0,1.0,1.0
frozenset({'Puériculture'}),"frozenset({'Chaussures', 'Fille', 'Femme', 'Bébé'})",0.2,0.2,0.2,1.0,5.0,1.0,0.16,inf,0.9999999999999998,1.0,1.0,1.0
frozenset({'Fille'}),"frozenset({'Puériculture', 'Chaussures', 'Femme', 'Bébé'})",0.2,0.2,0.2,1.0,5.0,1.0,0.16,inf,0.9999999999999998,1.0,1.0,1.0
frozenset({'Bébé'}),"frozenset({'Puériculture', 'Chaussures', 'Fille', 'Femme'})",0.2,0.2,0.2,1.0,5.0,1.0,0.16,inf,0.9999999999999998,1.0,1.0,1.0
frozenset({'Chaussures'}),"frozenset({'Puériculture', 'Fille', 'Femme', 'Bébé'})",0.2,0.2,0.2,1.0,5.0,1.0,0.16,inf,0.9999999999999998,1.0,1.0,1.0
"frozenset({'Puériculture', 'Femme'})","frozenset({'Chaussures', 'Fille', 'Bébé'})",0.2,0.2,0.2,1.0,5.0,1.0,0.16,inf,0.9999999999999998,1.0,1.0,1.0
"frozenset({'Puériculture', 'Fille'})","frozenset({'Chaussures', 'Femme', 'Bébé'})",0.2,0.2,0.2,1.0,5.0,1.0,0.16,inf,0.9999999999999998,1.0,1.0,1.0
"frozenset({'Fille', 'Femme'})","frozenset({'Puériculture', 'Chaussures', 'Bébé'})",0.2,0.2,0.2,1.0,5.0,1.0,0.16,inf,0.9999999999999998,1.0,1.0,1.0
"frozenset({'Puériculture', 'Homme', 'Bébé'})","frozenset({'Chaussures', 'Fille', 'Femme'})",0.2,0.2,0.2,1.0,5.0,1.0,0.16,inf,0.9999999999999998,1.0,1.0,1.0
"frozenset({'Homme', 'Femme', 'Bébé'})","frozenset({'Puériculture', 'Chaussures', 'Fille'})",0.2,0.2,0.2,1.0,5.0,1.0,0.16,inf,0.9999999999999998,1.0,1.0,1.0
"frozenset({'Homme', 'Fille', 'Bébé'})","frozenset({'Puériculture', 'Chaussures', 'Femme'})",0.2,0.2,0.2,1.0,5.0,1.0,0.16,inf,0.9999999999999998,1.0,1.0,1.0
"frozenset({'Puériculture', 'Chaussures', 'Femme'})","frozenset({'Homme', 'Fille', 'Bébé'})",0.2,0.2,0.2,1.0,5.0,1.0,0.16,inf,0.9999999999999998,1.0,1.0,1.0
"frozenset({'Puériculture', 'Chaussures', 'Fille'})","frozenset({'Homme', 'Femme', 'Bébé'})",0.2,0.2,0.2,1.0,5.0,1.0,0.16,inf,0.9999999999999998,1.0,1.0,1.0
"frozenset({'Chaussures', 'Fille', 'Femme'})","frozenset({'Puériculture', 'Homme', 'Bébé'})",0.2,0.2,0.2,1.0,5.0,1.0,0.16,inf,0.9999999999999998,1.0,1.0,1.0
"frozenset({'Puériculture', 'Chaussures', 'Bébé'})","frozenset({'Homme', 'Femme', 'Fille'})",0.2,0.2,0.2,1.0,5.0,1.0,0.16,inf,0.9999999999999998,1.0,1.0,1.0
"frozenset({'Chaussures', 'Femme', 'Bébé'})","frozenset({'Puériculture', 'Homme', 'Fille'})",0.2,0.2,0.2,1.0,5.0,1.0,0.16,inf,0.9999999999999998,1.0,1.0,1.0
"frozenset({'Chaussures', 'Fille', 'Bébé'})","frozenset({'Puériculture', 'Homme', 'Femme'})",0.2,0.2,0.2,1.0,5.0,1.0,0.16,inf,0.9999999999999998,1.0,1.0,1.0
"frozenset({'Puériculture', 'Chaussures', 'Homme'})","frozenset({'Fille', 'Femme', 'Bébé'})",0.2,0.2,0.2,1.0,5.0,1.0,0.16,inf,0.9999999999999998,1.0,1.0,1.0
"frozenset({'Chaussures', 'Homme', 'Femme'})","frozenset({'Puériculture', 'Fille', 'Bébé'})",0.2,0.2,0.2,1.0,5.0,1.0,0.16,inf,0.9999999999999998,1.0,1.0,1.0
"frozenset({'Chaussures', 'Homme', 'Fille'})","frozenset({'Puériculture', 'Femme', 'Bébé'})",0.2,0.2,0.2,1.0,5.0,1.0,0.16,inf,0.9999999999999998,1.0,1.0,1.0
"frozenset({'Chaussures', 'Homme', 'Bébé'})","frozenset({'Puériculture', 'Fille', 'Femme'})",0.2,0.2,0.2,1.0,5.0,1.0,0.16,inf,0.9999999999999998,1.0,1.0,1.0
"frozenset({'Puériculture', 'Fille', 'Femme', 'Bébé'})","frozenset({'Chaussures', 'Homme'})",0.2,0.2,0.2,1.0,5.0,1.0,0.16,inf,0.9999999999999998,1.0,1.0,1.0
"frozenset({'Puériculture', 'Homme', 'Femme', 'Fille'})","frozenset({'Chaussures', 'Bébé'})",0.2,0.2,0.2,1.0,5.0,1.0,0.16,inf,0.9999999999999998,1.0,1.0,1.0
"frozenset({'Puériculture', 'Homme', 'Femme', 'Bébé'})","frozenset({'Chaussures', 'Fille'})",0.2,0.2,0.2,1.0,5.0,1.0,0.16,inf,0.9999999999999998,1.0,1.0,1.0
"frozenset({'Garçon', 'Bébé'})","frozenset({'Chaussures', 'Homme', 'Femme'})",0.2,0.2,0.2,1.0,5.0,1.0,0.16,inf,0.9999999999999998,1.0,1.0,1.0
"frozenset({'Femme', 'Bébé'})","frozenset({'Chaussures', 'Homme', 'Garçon'})",0.2,0.2,0.2,1.0,5.0,1.0,0.16,inf,0.9999999999999998,1.0,1.0,1.0
"frozenset({'Homme', 'Garçon'})","frozenset({'Chaussures', 'Femme', 'Bébé'})",0.2,0.2,0.2,1.0,5.0,1.0,0.16,inf,0.9999999999999998,1.0,1.0,1.0
"frozenset({'Homme', 'Bébé'})","frozenset({'Chaussures', 'Femme', 'Garçon'})",0.2,0.2,0.2,1.0,5.0,1.0,0.16,inf,0.9999999999999998,1.0,1.0,1.0
"frozenset({'Chaussures', 'Garçon'})","frozenset({'Homme', 'Femme', 'Bébé'})",0.2,0.2,0.2,1.0,5.0,1.0,0.16,inf,0.9999999999999998,1.0,1.0,1.0
"frozenset({'Chaussures', 'Femme'})","frozenset({'Homme', 'Garçon', 'Bébé'})",0.2,0.2,0.2,1.0,5.0,1.0,0.16,inf,0.9999999999999998,1.0,1.0,1.0
"frozenset({'Chaussures', 'Bébé'})","frozenset({'Homme', 'Femme', 'Garçon'})",0.2,0.2,0.2,1.0,5.0,1.0,0.16,inf,0.9999999999999998,1.0,1.0,1.0
"frozenset({'Chaussures', 'Homme'})","frozenset({'Femme', 'Garçon', 'Bébé'})",0.2,0.2,0.2,1.0,5.0,1.0,0.16,inf,0.9999999999999998,1.0,1.0,1.0
"frozenset({'Femme', 'Garçon', 'Bébé'})","frozenset({'Chaussures', 'Homme'})",0.2,0.2,0.2,1.0,5.0,1.0,0.16,inf,0.9999999999999998,1.0,1.0,1.0
"frozenset({'Homme', 'Femme', 'Garçon'})","frozenset({'Chaussures', 'Bébé'})",0.2,0.2,0.2,1.0,5.0,1.0,0.16,inf,0.9999999999999998,1.0,1.0,1.0
"frozenset({'Homme', 'Garçon', 'Bébé'})","frozenset({'Chaussures', 'Femme'})",0.2,0.2,0.2,1.0,5.0,1.0,0.16,inf,0.9999999999999998,1.0,1.0,1.0
"frozenset({'Homme', 'Femme', 'Bébé'})","frozenset({'Chaussures', 'Garçon'})",0.2,0.2,0.2,1.0,5.0,1.0,0.16,inf,0.9999999999999998,1.0,1.0,1.0
"frozenset({'Chaussures', 'Femme', 'Garçon'})","frozenset({'Homme', 'Bébé'})",0.2,0.2,0.2,1.0,5.0,1.0,0.16,inf,0.9999999999999998,1.0,1.0,1.0
"frozenset({'Chaussures', 'Femme', 'Bébé'})","frozenset({'Homme', 'Garçon'})",0.2,0.2,0.2,1.0,5.0,1.0,0.16,inf,0.9999999999999998,1.0,1.0,1.0
"frozenset({'Puériculture', 'Chaussures', 'Femme'})","frozenset({'Garçon', 'Bébé'})",0.2,0.2,0.2,1.0,5.0,1.0,0.16,inf,0.9999999999999998,1.0,1.0,1.0
"frozenset({'Chaussures', 'Femme', 'Garçon'})","frozenset({'Puériculture', 'Bébé'})",0.2,0.2,0.2,1.0,5.0,1.0,0.16,inf,0.9999999999999998,1.0,1.0,1.0
"frozenset({'Puériculture', 'Chaussures', 'Bébé'})","frozenset({'Femme', 'Garçon'})",0.2,0.2,0.2,1.0,5.0,1.0,0.16,inf,0.9999999999999998,1.0,1.0,1.0
"frozenset({'Chaussures', 'Garçon', 'Bébé'})","frozenset({'Puériculture', 'Femme'})",0.2,0.2,0.2,1.0,5.0,1.0,0.16,inf,0.9999999999999998,1.0,1.0,1.0
"frozenset({'Chaussures', 'Femme', 'Bébé'})","frozenset({'Puériculture', 'Garçon'})",0.2,0.2,0.2,1.0,5.0,1.0,0.16,inf,0.9999999999999998,1.0,1.0,1.0
"frozenset({'Puériculture', 'Femme', 'Garçon', 'Bébé'})",frozenset({'Chaussures'}),0.2,0.2,0.2,1.0,5.0,1.0,0.16,inf,0.9999999999999998,1.0,1.0,1.0
"frozenset({'Puériculture', 'Chaussures', 'Femme', 'Garçon'})",frozenset({'Bébé'}),0.2,0.2,0.2,1.0,5.0,1.0,0.16,inf,0.9999999999999998,1.0,1.0,1.0
"frozenset({'Puériculture', 'Chaussures', 'Femme', 'Bébé'})",frozenset({'Garçon'}),0.2,0.2,0.2,1.0,5.0,1.0,0.16,inf,0.9999999999999998,1.0,1.0,1.0
"frozenset({'Chaussures', 'Femme', 'Garçon', 'Bébé'})",frozenset({'Puériculture'}),0.2,0.2,0.2,1.0,5.0,1.0,0.16,inf,0.9999999999999998,1.0,1.0,1.0
frozenset({'Garçon'}),"frozenset({'Chaussures', 'Homme', 'Femme', 'Bébé'})",0.2,0.2,0.2,1.0,5.0,1.0,0.16,inf,0.9999999999999998,1.0,1.0,1.0
frozenset({'Bébé'}),"frozenset({'Chaussures', 'Homme', 'Femme', 'Garçon'})",0.2,0.2,0.2,1.0,5.0,1.0,0.16,inf,0.9999999999999998,1.0,1.0,1.0
frozenset({'Chaussures'}),"frozenset({'Homme', 'Femme', 'Garçon', 'Bébé'})",0.2,0.2,0.2,1.0,5.0,1.0,0.16,inf,0.9999999999999998,1.0,1.0,1.0
"frozenset({'Femme', 'Garçon'})","frozenset({'Chaussures', 'Homme', 'Bébé'})",0.2,0.2,0.2,1.0,5.0,1.0,0.16,inf,0.9999999999999998,1.0,1.0,1.0
frozenset({'Chaussures'}),"frozenset({'Puériculture', 'Femme', 'Garçon', 'Bébé'})",0.2,0.2,0.2,1.0,5.0,1.0,0.16,inf,0.9999999999999998,1.0,1.0,1.0
"frozenset({'Puériculture', 'Garçon'})","frozenset({'Chaussures', 'Femme', 'Bébé'})",0.2,0.2,0.2,1.0,5.0,1.0,0.16,inf,0.9999999999999998,1.0,1.0,1.0
"frozenset({'Puériculture', 'Femme'})","frozenset({'Chaussures', 'Garçon', 'Bébé'})",0.2,0.2,0.2,1.0,5.0,1.0,0.16,inf,0.9999999999999998,1.0,1.0,1.0
"frozenset({'Femme', 'Garçon'})","frozenset({'Puériculture', 'Chaussures', 'Bébé'})",0.2,0.2,0.2,1.0,5.0,1.0,0.16,inf,0.9999999999999998,1.0,1.0,1.0
"frozenset({'Puériculture', 'Bébé'})","frozenset({'Chaussures', 'Femme', 'Garçon'})",0.2,0.2,0.2,1.0,5.0,1.0,0.16,inf,0.9999999999999998,1.0,1.0,1.0
"frozenset({'Garçon', 'Bébé'})","frozenset({'Puériculture', 'Chaussures', 'Femme'})",0.2,0.2,0.2,1.0,5.0,1.0,0.16,inf,0.9999999999999998,1.0,1.0,1.0
"frozenset({'Femme', 'Bébé'})","frozenset({'Puériculture', 'Chaussures', 'Garçon'})",0.2,0.2,0.2,1.0,5.0,1.0,0.16,inf,0.9999999999999998,1.0,1.0,1.0
"frozenset({'Puériculture', 'Chaussures'})","frozenset({'Femme', 'Garçon', 'Bébé'})",0.2,0.2,0.2,1.0,5.0,1.0,0.16,inf,0.9999999999999998,1.0,1.0,1.0
"frozenset({'Chaussures', 'Garçon'})","frozenset({'Puériculture', 'Femme', 'Bébé'})",0.2,0.2,0.2,1.0,5.0,1.0,0.16,inf,0.9999999999999998,1.0,1.0,1.0
"frozenset({'Chaussures', 'Femme'})","frozenset({'Puériculture', 'Garçon', 'Bébé'})",0.2,0.2,0.2,1.0,5.0,1.0,0.16,inf,0.9999999999999998,1.0,1.0,1.0
"frozenset({'Chaussures', 'Bébé'})","frozenset({'Puériculture', 'Femme', 'Garçon'})",0.2,0.2,0.2,1.0,5.0,1.0,0.16,inf,0.9999999999999998,1.0,1.0,1.0
"frozenset({'Puériculture', 'Femme', 'Garçon'})","frozenset({'Chaussures', 'Bébé'})",0.2,0.2,0.2,1.0,5.0,1.0,0.16,inf,0.9999999999999998,1.0,1.0,1.0
"frozenset({'Puériculture', 'Garçon', 'Bébé'})","frozenset({'Chaussures', 'Femme'})",0.2,0.2,0.2,1.0,5.0,1.0,0.16,inf,0.9999999999999998,1.0,1.0,1.0
"frozenset({'Puériculture', 'Femme', 'Bébé'})","frozenset({'Chaussures', 'Garçon'})",0.2,0.2,0.2,1.0,5.0,1.0,0.16,inf,0.9999999999999998,1.0,1.0,1.0
"frozenset({'Femme', 'Garçon', 'Bébé'})","frozenset({'Puériculture', 'Chaussures'})",0.2,0.2,0.2,1.0,5.0,1.0,0.16,inf,0.9999999999999998,1.0,1.0,1.0
"frozenset({'Puériculture', 'Chaussures', 'Garçon'})","frozenset({'Femme', 'Bébé'})",0.2,0.2,0.2,1.0,5.0,1.0,0.16,inf,0.9999999999999998,1.0,1.0,1.0
"frozenset({'Homme', 'Femme', 'Bébé'})","frozenset({'Puériculture', 'Chaussures'})",0.2,0.2,0.2,1.0,5.0,1.0,0.16,inf,0.9999999999999998,1.0,1.0,1.0
"frozenset({'Puériculture', 'Chaussures', 'Femme'})","frozenset({'Homme', 'Bébé'})",0.2,0.2,0.2,1.0,5.0,1.0,0.16,inf,0.9999999999999998,1.0,1.0,1.0
"frozenset({'Chaussures', 'Femme', 'Bébé'})","frozenset({'Puériculture', 'Homme'})",0.2,0.2,0.2,1.0,5.0,1.0,0.16,inf,0.9999999999999998,1.0,1.0,1.0
"frozenset({'Puériculture', 'Chaussures', 'Homme'})","frozenset({'Femme', 'Bébé'})",0.2,0.2,0.2,1.0,5.0,1.0,0.16,inf,0.9999999999999998,1.0,1.0,1.0
"frozenset({'Chaussures', 'Homme', 'Femme'})","frozenset({'Puériculture', 'Bébé'})",0.2,0.2,0.2,1.0,5.0,1.0,0.16,inf,0.9999999999999998,1.0,1.0,1.0
"frozenset({'Chaussures', 'Homme', 'Bébé'})","frozenset({'Puériculture', 'Femme'})",0.2,0.2,0.2,1.0,5.0,1.0,0.16,inf,0.9999999999999998,1.0,1.0,1.0
"frozenset({'Puériculture', 'Homme', 'Femme', 'Bébé'})",frozenset({'Chaussures'}),0.2,0.2,0.2,1.0,5.0,1.0,0.16,inf,0.9999999999999998,1.0,1.0,1.0
"frozenset({'Puériculture', 'Chaussures', 'Homme', 'Femme'})",frozenset({'Bébé'}),0.2,0.2,0.2,1.0,5.0,1.0,0.16,inf,0.9999999999999998,1.0,1.0,1.0
"frozenset({'Chaussures', 'Homme', 'Femme', 'Bébé'})",frozenset({'Puériculture'}),0.2,0.2,0.2,1.0,5.0,1.0,0.16,inf,0.9999999999999998,1.0,1.0,1.0
frozenset({'Puériculture'}),"frozenset({'Chaussures', 'Femme', 'Garçon', 'Bébé'})",0.2,0.2,0.2,1.0,5.0,1.0,0.16,inf,0.9999999999999998,1.0,1.0,1.0
frozenset({'Garçon'}),"frozenset({'Puériculture', 'Chaussures', 'Femme', 'Bébé'})",0.2,0.2,0.2,1.0,5.0,1.0,0.16,inf,0.9999999999999998,1.0,1.0,1.0
frozenset({'Bébé'}),"frozenset({'Puériculture', 'Chaussures', 'Femme', 'Garçon'})",0.2,0.2,0.2,1.0,5.0,1.0,0.16,inf,0.9999999999999998,1.0,1.0,1.0
frozenset({'Bébé'}),"frozenset({'Puériculture', 'Chaussures', 'Homme', 'Femme'})",0.2,0.2,0.2,1.0,5.0,1.0,0.16,inf,0.9999999999999998,1.0,1.0,1.0
frozenset({'Chaussures'}),"frozenset({'Puériculture', 'Homme', 'Femme', 'Bébé'})",0.2,0.2,0.2,1.0,5.0,1.0,0.16,inf,0.9999999999999998,1.0,1.0,1.0
"frozenset({'Puériculture', 'Femme'})","frozenset({'Chaussures', 'Homme', 'Bébé'})",0.2,0.2,0.2,1.0,5.0,1.0,0.16,inf,0.9999999999999998,1.0,1.0,1.0
"frozenset({'Puériculture', 'Bébé'})","frozenset({'Chaussures', 'Homme', 'Femme'})",0.2,0.2,0.2,1.0,5.0,1.0,0.16,inf,0.9999999999999998,1.0,1.0,1.0
"frozenset({'Femme', 'Bébé'})","frozenset({'Puériculture', 'Chaussures', 'Homme'})",0.2,0.2,0.2,1.0,5.0,1.0,0.16,inf,0.9999999999999998,1.0,1.0,1.0
"frozenset({'Puériculture', 'Homme'})","frozenset({'Chaussures', 'Femme', 'Bébé'})",0.2,0.2,0.2,1.0,5.0,1.0,0.16,inf,0.9999999999999998,1.0,1.0,1.0
"frozenset({'Homme', 'Bébé'})","frozenset({'Puériculture', 'Chaussures', 'Femme'})",0.2,0.2,0.2,1.0,5.0,1.0,0.16,inf,0.9999999999999998,1.0,1.0,1.0
"frozenset({'Puériculture', 'Chaussures'})","frozenset({'Homme', 'Femme', 'Bébé'})",0.2,0.2,0.2,1.0,5.0,1.0,0.16,inf,0.9999999999999998,1.0,1.0,1.0
"frozenset({'Chaussures', 'Femme'})","frozenset({'Puériculture', 'Homme', 'Bébé'})",0.2,0.2,0.2,1.0,5.0,1.0,0.16,inf,0.9999999999999998,1.0,1.0,1.0
"frozenset({'Chaussures', 'Bébé'})","frozenset({'Puériculture', 'Homme', 'Femme'})",0.2,0.2,0.2,1.0,5.0,1.0,0.16,inf,0.9999999999999998,1.0,1.0,1.0
"frozenset({'Chaussures', 'Homme'})","frozenset({'Puériculture', 'Femme', 'Bébé'})",0.2,0.2,0.2,1.0,5.0,1.0,0.16,inf,0.9999999999999998,1.0,1.0,1.0
"frozenset({'Puériculture', 'Femme', 'Bébé'})","frozenset({'Chaussures', 'Homme'})",0.2,0.2,0.2,1.0,5.0,1.0,0.16,inf,0.9999999999999998,1.0,1.0,1.0
"frozenset({'Puériculture', 'Homme', 'Femme'})","frozenset({'Chaussures', 'Bébé'})",0.2,0.2,0.2,1.0,5.0,1.0,0.16,inf,0.9999999999999998,1.0,1.0,1.0
"frozenset({'Puériculture', 'Homme', 'Bébé'})","frozenset({'Chaussures', 'Femme'})",0.2,0.2,0.2,1.0,5.0,1.0,0.16,inf,0.9999999999999998,1.0,1.0,1.0
"frozenset({'Homme', 'Garçon', 'Fille'})","frozenset({'Chaussures', 'Bébé'})",0.2,0.2,0.2,1.0,5.0,1.0,0.16,inf,0.9999999999999998,1.0,1.0,1.0
"frozenset({'Homme', 'Garçon', 'Bébé'})","frozenset({'Chaussures', 'Fille'})",0.2,0.2,0.2,1.0,5.0,1.0,0.16,inf,0.9999999999999998,1.0,1.0,1.0
"frozenset({'Homme', 'Fille', 'Bébé'})","frozenset({'Chaussures', 'Garçon'})",0.2,0.2,0.2,1.0,5.0,1.0,0.16,inf,0.9999999999999998,1.0,1.0,1.0
"frozenset({'Chaussures', 'Fille', 'Garçon'})","frozenset({'Homme', 'Bébé'})",0.2,0.2,0.2,1.0,5.0,1.0,0.16,inf,0.9999999999999998,1.0,1.0,1.0
"frozenset({'Chaussures', 'Garçon', 'Bébé'})","frozenset({'Homme', 'Fille'})",0.2,0.2,0.2,1.0,5.0,1.0,0.16,inf,0.9999999999999998,1.0,1.0,1.0
"frozenset({'Chaussures', 'Fille', 'Bébé'})","frozenset({'Homme', 'Garçon'})",0.2,0.2,0.2,1.0,5.0,1.0,0.16,inf,0.9999999999999998,1.0,1.0,1.0
"frozenset({'Chaussures', 'Homme', 'Garçon'})","frozenset({'Fille', 'Bébé'})",0.2,0.2,0.2,1.0,5.0,1.0,0.16,inf,0.9999999999999998,1.0,1.0,1.0
"frozenset({'Chaussures', 'Homme', 'Fille'})","frozenset({'Garçon', 'Bébé'})",0.2,0.2,0.2,1.0,5.0,1.0,0.16,inf,0.9999999999999998,1.0,1.0,1.0
"frozenset({'Chaussures', 'Homme', 'Bébé'})","frozenset({'Fille', 'Garçon'})",0.2,0.2,0.2,1.0,5.0,1.0,0.16,inf,0.9999999999999998,1.0,1.0,1.0
"frozenset({'Homme', 'Fille', 'Garçon', 'Bébé'})",frozenset({'Chaussures'}),0.2,0.2,0.2,1.0,5.0,1.0,0.16,inf,0.9999999999999998,1.0,1.0,1.0
"frozenset({'Chaussures', 'Homme', 'Garçon', 'Fille'})",frozenset({'Bébé'}),0.2,0.2,0.2,1.0,5.0,1.0,0.16,inf,0.9999999999999998,1.0,1.0,1.0
"frozenset({'Chaussures', 'Homme', 'Garçon', 'Bébé'})",frozenset({'Fille'}),0.2,0.2,0.2,1.0,5.0,1.0,0.16,inf,0.9999999999999998,1.0,1.0,1.0
"frozenset({'Chaussures', 'Homme', 'Fille', 'Bébé'})",frozenset({'Garçon'}),0.2,0.2,0.2,1.0,5.0,1.0,0.16,inf,0.9999999999999998,1.0,1.0,1.0
frozenset({'Puériculture'}),"frozenset({'Chaussures', 'Homme', 'Femme', 'Bébé'})",0.2,0.2,0.2,1.0,5.0,1.0,0.16,inf,0.9999999999999998,1.0,1.0,1.0
frozenset({'Garçon'}),"frozenset({'Chaussures', 'Homme', 'Fille', 'Bébé'})",0.2,0.2,0.2,1.0,5.0,1.0,0.16,inf,0.9999999999999998,1.0,1.0,1.0
frozenset({'Fille'}),"frozenset({'Chaussures', 'Homme', 'Garçon', 'Bébé'})",0.2,0.2,0.2,1.0,5.0,1.0,0.16,inf,0.9999999999999998,1.0,1.0,1.0
frozenset({'Bébé'}),"frozenset({'Chaussures', 'Homme', 'Garçon', 'Fille'})",0.2,0.2,0.2,1.0,5.0,1.0,0.16,inf,0.9999999999999998,1.0,1.0,1.0
frozenset({'Chaussures'}),"frozenset({'Homme', 'Fille', 'Garçon', 'Bébé'})",0.2,0.2,0.2,1.0,5.0,1.0,0.16,inf,0.9999999999999998,1.0,1.0,1.0
"frozenset({'Fille', 'Garçon'})","frozenset({'Chaussures', 'Homme', 'Bébé'})",0.2,0.2,0.2,1.0,5.0,1.0,0.16,inf,0.9999999999999998,1.0,1.0,1.0
"frozenset({'Garçon', 'Bébé'})","frozenset({'Chaussures', 'Homme', 'Fille'})",0.2,0.2,0.2,1.0,5.0,1.0,0.16,inf,0.9999999999999998,1.0,1.0,1.0
"frozenset({'Fille', 'Bébé'})","frozenset({'Chaussures', 'Homme', 'Garçon'})",0.2,0.2,0.2,1.0,5.0,1.0,0.16,inf,0.9999999999999998,1.0,1.0,1.0
"frozenset({'Homme', 'Garçon'})","frozenset({'Chaussures', 'Fille', 'Bébé'})",0.2,0.2,0.2,1.0,5.0,1.0,0.16,inf,0.9999999999999998,1.0,1.0,1.0
"frozenset({'Homme', 'Fille'})","frozenset({'Chaussures', 'Garçon', 'Bébé'})",0.2,0.2,0.2,1.0,5.0,1.0,0.16,inf,0.9999999999999998,1.0,1.0,1.0
"frozenset({'Homme', 'Bébé'})","frozenset({'Chaussures', 'Fille', 'Garçon'})",0.2,0.2,0.2,1.0,5.0,1.0,0.16,inf,0.9999999999999998,1.0,1.0,1.0
"frozenset({'Chaussures', 'Garçon'})","frozenset({'Homme', 'Fille', 'Bébé'})",0.2,0.2,0.2,1.0,5.0,1.0,0.16,inf,0.9999999999999998,1.0,1.0,1.0
"frozenset({'Chaussures', 'Fille'})","frozenset({'Homme', 'Garçon', 'Bébé'})",0.2,0.2,0.2,1.0,5.0,1.0,0.16,inf,0.9999999999999998,1.0,1.0,1.0
"frozenset({'Chaussures', 'Bébé'})","frozenset({'Homme', 'Garçon', 'Fille'})",0.2,0.2,0.2,1.0,5.0,1.0,0.16,inf,0.9999999999999998,1.0,1.0,1.0
"frozenset({'Chaussures', 'Homme'})","frozenset({'Fille', 'Garçon', 'Bébé'})",0.2,0.2,0.2,1.0,5.0,1.0,0.16,inf,0.9999999999999998,1.0,1.0,1.0
"frozenset({'Fille', 'Garçon', 'Bébé'})","frozenset({'Chaussures', 'Homme'})",0.2,0.2,0.2,1.0,5.0,1.0,0.16,inf,0.9999999999999998,1.0,1.0,1.0
"frozenset({'Chaussures', 'Bébé'})","frozenset({'Puériculture', 'Fille', 'Garçon'})",0.2,0.2,0.2,1.0,5.0,1.0,0.16,inf,0.9999999999999998,1.0,1.0,1.0
"frozenset({'Puériculture', 'Fille', 'Garçon'})","frozenset({'Chaussures', 'Bébé'})",0.2,0.2,0.2,1.0,5.0,1.0,0.16,inf,0.9999999999999998,1.0,1.0,1.0
"frozenset({'Puériculture', 'Garçon', 'Bébé'})","frozenset({'Chaussures', 'Fille'})",0.2,0.2,0.2,1.0,5.0,1.0,0.16,inf,0.9999999999999998,1.0,1.0,1.0
"frozenset({'Puériculture', 'Fille', 'Bébé'})","frozenset({'Chaussures', 'Garçon'})",0.2,0.2,0.2,1.0,5.0,1.0,0.16,inf,0.9999999999999998,1.0,1.0,1.0
"frozenset({'Fille', 'Garçon', 'Bébé'})","frozenset({'Puériculture', 'Chaussures'})",0.2,0.2,0.2,1.0,5.0,1.0,0.16,inf,0.9999999999999998,1.0,1.0,1.0
"frozenset({'Puériculture', 'Chaussures', 'Garçon'})","frozenset({'Fille', 'Bébé'})",0.2,0.2,0.2,1.0,5.0,1.0,0.16,inf,0.9999999999999998,1.0,1.0,1.0
"frozenset({'Puériculture', 'Chaussures', 'Fille'})","frozenset({'Garçon', 'Bébé'})",0.2,0.2,0.2,1.0,5.0,1.0,0.16,inf,0.9999999999999998,1.0,1.0,1.0
"frozenset({'Chaussures', 'Fille', 'Garçon'})","frozenset({'Puériculture', 'Bébé'})",0.2,0.2,0.2,1.0,5.0,1.0,0.16,inf,0.9999999999999998,1.0,1.0,1.0
"frozenset({'Puériculture', 'Chaussures', 'Bébé'})","frozenset({'Fille', 'Garçon'})",0.2,0.2,0.2,1.0,5.0,1.0,0.16,inf,0.9999999999999998,1.0,1.0,1.0
"frozenset({'Chaussures', 'Garçon', 'Bébé'})","frozenset({'Puériculture', 'Fille'})",0.2,0.2,0.2,1.0,5.0,1.0,0.16,inf,0.9999999999999998,1.0,1.0,1.0
"frozenset({'Chaussures', 'Fille', 'Bébé'})","frozenset({'Puériculture', 'Garçon'})",0.2,0.2,0.2,1.0,5.0,1.0,0.16,inf,0.9999999999999998,1.0,1.0,1.0
"frozenset({'Puériculture', 'Fille', 'Garçon', 'Bébé'})",frozenset({'Chaussures'}),0.2,0.2,0.2,1.0,5.0,1.0,0.16,inf,0.9999999999999998,1.0,1.0,1.0
"frozenset({'Puériculture', 'Chaussures', 'Fille', 'Garçon'})",frozenset({'Bébé'}),0.2,0.2,0.2,1.0,5.0,1.0,0.16,inf,0.9999999999999998,1.0,1.0,1.0
"frozenset({'Puériculture', 'Chaussures', 'Garçon', 'Bébé'})",frozenset({'Fille'}),0.2,0.2,0.2,1.0,5.0,1.0,0.16,inf,0.9999999999999998,1.0,1.0,1.0
"frozenset({'Puériculture', 'Chaussures', 'Fille', 'Bébé'})",frozenset({'Garçon'}),0.2,0.2,0.2,1.0,5.0,1.0,0.16,inf,0.9999999999999998,1.0,1.0,1.0
"frozenset({'Chaussures', 'Fille', 'Garçon', 'Bébé'})",frozenset({'Puériculture'}),0.2,0.2,0.2,1.0,5.0,1.0,0.16,inf,0.9999999999999998,1.0,1.0,1.0
"frozenset({'Puériculture', 'Chaussures', 'Homme', 'Bébé'})",frozenset({'Fille'}),0.2,0.2,0.2,1.0,5.0,1.0,0.16,inf,0.9999999999999998,1.0,1.0,1.0
"frozenset({'Chaussures', 'Homme', 'Fille', 'Bébé'})",frozenset({'Puériculture'}),0.2,0.2,0.2,1.0,5.0,1.0,0.16,inf,0.9999999999999998,1.0,1.0,1.0
frozenset({'Puériculture'}),"frozenset({'Chaussures', 'Fille', 'Garçon', 'Bébé'})",0.2,0.2,0.2,1.0,5.0,1.0,0.16,inf,0.9999999999999998,1.0,1.0,1.0
frozenset({'Garçon'}),"frozenset({'Puériculture', 'Chaussures', 'Fille', 'Bébé'})",0.2,0.2,0.2,1.0,5.0,1.0,0.16,inf,0.9999999999999998,1.0,1.0,1.0
frozenset({'Fille'}),"frozenset({'Puériculture', 'Chaussures', 'Garçon', 'Bébé'})",0.2,0.2,0.2,1.0,5.0,1.0,0.16,inf,0.9999999999999998,1.0,1.0,1.0
frozenset({'Bébé'}),"frozenset({'Puériculture', 'Chaussures', 'Fille', 'Garçon'})",0.2,0.2,0.2,1.0,5.0,1.0,0.16,inf,0.9999999999999998,1.0,1.0,1.0
frozenset({'Chaussures'}),"frozenset({'Puériculture', 'Fille', 'Garçon', 'Bébé'})",0.2,0.2,0.2,1.0,5.0,1.0,0.16,inf,0.9999999999999998,1.0,1.0,1.0
"frozenset({'Puériculture', 'Garçon'})","frozenset({'Chaussures', 'Fille', 'Bébé'})",0.2,0.2,0.2,1.0,5.0,1.0,0.16,inf,0.9999999999999998,1.0,1.0,1.0
"frozenset({'Puériculture', 'Fille'})","frozenset({'Chaussures', 'Garçon', 'Bébé'})",0.2,0.2,0.2,1.0,5.0,1.0,0.16,inf,0.9999999999999998,1.0,1.0,1.0
"frozenset({'Fille', 'Garçon'})","frozenset({'Puériculture', 'Chaussures', 'Bébé'})",0.2,0.2,0.2,1.0,5.0,1.0,0.16,inf,0.9999999999999998,1.0,1.0,1.0
"frozenset({'Puériculture', 'Bébé'})","frozenset({'Chaussures', 'Fille', 'Garçon'})",0.2,0.2,0.2,1.0,5.0,1.0,0.16,inf,0.9999999999999998,1.0,1.0,1.0
"frozenset({'Garçon', 'Bébé'})","frozenset({'Puériculture', 'Chaussures', 'Fille'})",0.2,0.2,0.2,1.0,5.0,1.0,0.16,inf,0.9999999999999998,1.0,1.0,1.0
"frozenset({'Fille', 'Bébé'})","frozenset({'Puériculture', 'Chaussures', 'Garçon'})",0.2,0.2,0.2,1.0,5.0,1.0,0.16,inf,0.9999999999999998,1.0,1.0,1.0
"frozenset({'Puériculture', 'Chaussures'})","frozenset({'Fille', 'Garçon', 'Bébé'})",0.2,0.2,0.2,1.0,5.0,1.0,0.16,inf,0.9999999999999998,1.0,1.0,1.0
"frozenset({'Chaussures', 'Garçon'})","frozenset({'Puériculture', 'Fille', 'Bébé'})",0.2,0.2,0.2,1.0,5.0,1.0,0.16,inf,0.9999999999999998,1.0,1.0,1.0
"frozenset({'Chaussures', 'Fille'})","frozenset({'Puériculture', 'Garçon', 'Bébé'})",0.2,0.2,0.2,1.0,5.0,1.0,0.16,inf,0.9999999999999998,1.0,1.0,1.0
"frozenset({'Chaussures', 'Fille'})","frozenset({'Puériculture', 'Homme', 'Bébé'})",0.2,0.2,0.2,1.0,5.0,1.0,0.16,inf,0.9999999999999998,1.0,1.0,1.0
"frozenset({'Chaussures', 'Bébé'})","frozenset({'Puériculture', 'Homme', 'Fille'})",0.2,0.2,0.2,1.0,5.0,1.0,0.16,inf,0.9999999999999998,1.0,1.0,1.0
"frozenset({'Chaussures', 'Homme'})","frozenset({'Puériculture', 'Fille', 'Bébé'})",0.2,0.2,0.2,1.0,5.0,1.0,0.16,inf,0.9999999999999998,1.0,1.0,1.0
"frozenset({'Puériculture', 'Fille', 'Bébé'})","frozenset({'Chaussures', 'Homme'})",0.2,0.2,0.2,1.0,5.0,1.0,0.16,inf,0.9999999999999998,1.0,1.0,1.0
"frozenset({'Puériculture', 'Homme', 'Fille'})","frozenset({'Chaussures', 'Bébé'})",0.2,0.2,0.2,1.0,5.0,1.0,0.16,inf,0.9999999999999998,1.0,1.0,1.0
"frozenset({'Puériculture', 'Homme', 'Bébé'})","frozenset({'Chaussures', 'Fille'})",0.2,0.2,0.2,1.0,5.0,1.0,0.16,inf,0.9999999999999998,1.0,1.0,1.0
"frozenset({'Homme', 'Fille', 'Bébé'})","frozenset({'Puériculture', 'Chaussures'})",0.2,0.2,0.2,1.0,5.0,1.0,0.16,inf,0.9999999999999998,1.0,1.0,1.0
"frozenset({'Puériculture', 'Chaussures', 'Fille'})","frozenset({'Homme', 'Bébé'})",0.2,0.2,0.2,1.0,5.0,1.0,0.16,inf,0.9999999999999998,1.0,1.0,1.0
"frozenset({'Puériculture', 'Chaussures', 'Bébé'})","frozenset({'Homme', 'Fille'})",0.2,0.2,0.2,1.0,5.0,1.0,0.16,inf,0.9999999999999998,1.0,1.0,1.0
"frozenset({'Chaussures', 'Fille', 'Bébé'})","frozenset({'Puériculture', 'Homme'})",0.2,0.2,0.2,1.0,5.0,1.0,0.16,inf,0.9999999999999998,1.0,1.0,1.0
"frozenset({'Puériculture', 'Chaussures', 'Homme'})","frozenset({'Fille', 'Bébé'})",0.2,0.2,0.2,1.0,5.0,1.0,0.16,inf,0.9999999999999998,1.0,1.0,1.0
"frozenset({'Chaussures', 'Homme', 'Fille'})","frozenset({'Puériculture', 'Bébé'})",0.2,0.2,0.2,1.0,5.0,1.0,0.16,inf,0.9999999999999998,1.0,1.0,1.0
"frozenset({'Chaussures', 'Homme', 'Bébé'})","frozenset({'Puériculture', 'Fille'})",0.2,0.2,0.2,1.0,5.0,1.0,0.16,inf,0.9999999999999998,1.0,1.0,1.0
"frozenset({'Puériculture', 'Homme', 'Fille', 'Bébé'})",frozenset({'Chaussures'}),0.2,0.2,0.2,1.0,5.0,1.0,0.16,inf,0.9999999999999998,1.0,1.0,1.0
"frozenset({'Puériculture', 'Chaussures', 'Homme', 'Fille'})",frozenset({'Bébé'}),0.2,0.2,0.2,1.0,5.0,1.0,0.16,inf,0.9999999999999998,1.0,1.0,1.0
"frozenset({'Puériculture', 'Homme', 'Fille', 'Bébé'})","frozenset({'Chaussures', 'Femme'})",0.2,0.2,0.2,1.0,5.0,1.0,0.16,inf,0.9999999999999998,1.0,1.0,1.0
"frozenset({'Homme', 'Femme', 'Fille', 'Bébé'})","frozenset({'Puériculture', 'Chaussures'})",0.2,0.2,0.2,1.0,5.0,1.0,0.16,inf,0.9999999999999998,1.0,1.0,1.0
"frozenset({'Puériculture', 'Chaussures', 'Fille', 'Femme'})","frozenset({'Homme', 'Bébé'})",0.2,0.2,0.2,1.0,5.0,1.0,0.16,inf,0.9999999999999998,1.0,1.0,1.0
"frozenset({'Puériculture', 'Chaussures', 'Femme', 'Bébé'})","frozenset({'Homme', 'Fille'})",0.2,0.2,0.2,1.0,5.0,1.0,0.16,inf,0.9999999999999998,1.0,1.0,1.0
"frozenset({'Chaussures', 'Fille', 'Femme', 'Bébé'})","frozenset({'Puériculture', 'Homme'})",0.2,0.2,0.2,1.0,5.0,1.0,0.16,inf,0.9999999999999998,1.0,1.0,1.0
"frozenset({'Puériculture', 'Chaussures', 'Homme', 'Femme'})","frozenset({'Fille', 'Bébé'})",0.2,0.2,0.2,1.0,5.0,1.0,0.16,inf,0.9999999999999998,1.0,1.0,1.0
"frozenset({'Puériculture', 'Chaussures', 'Homme', 'Fille'})","frozenset({'Femme', 'Bébé'})",0.2,0.2,0.2,1.0,5.0,1.0,0.16,inf,0.9999999999999998,1.0,1.0,1.0
"frozenset({'Chaussures', 'Homme', 'Femme', 'Fille'})","frozenset({'Puériculture', 'Bébé'})",0.2,0.2,0.2,1.0,5.0,1.0,0.16,inf,0.9999999999999998,1.0,1.0,1.0
"frozenset({'Puériculture', 'Chaussures', 'Homme', 'Bébé'})","frozenset({'Fille', 'Femme'})",0.2,0.2,0.2,1.0,5.0,1.0,0.16,inf,0.9999999999999998,1.0,1.0,1.0
"frozenset({'Chaussures', 'Homme', 'Femme', 'Bébé'})","frozenset({'Puériculture', 'Fille'})",0.2,0.2,0.2,1.0,5.0,1.0,0.16,inf,0.9999999999999998,1.0,1.0,1.0
"frozenset({'Chaussures', 'Homme', 'Fille', 'Bébé'})","frozenset({'Puériculture', 'Femme'})",0.2,0.2,0.2,1.0,5.0,1.0,0.16,inf,0.9999999999999998,1.0,1.0,1.0
"frozenset({'Homme', 'Bébé', 'Fille', 'Femme', 'Puériculture'})",frozenset({'Chaussures'}),0.2,0.2,0.2,1.0,5.0,1.0,0.16,inf,0.9999999999999998,1.0,1.0,1.0
"frozenset({'Chaussures', 'Homme', 'Fille', 'Femme', 'Puériculture'})",frozenset({'Bébé'}),0.2,0.2,0.2,1.0,5.0,1.0,0.16,inf,0.9999999999999998,1.0,1.0,1.0
"frozenset({'Chaussures', 'Homme', 'Bébé', 'Femme', 'Puériculture'})",frozenset({'Fille'}),0.2,0.2,0.2,1.0,5.0,1.0,0.16,inf,0.9999999999999998,1.0,1.0,1.0
"frozenset({'Puériculture', 'Chaussures', 'Homme', 'Garçon'})",frozenset({'Bébé'}),0.2,0.2,0.2,1.0,5.0,1.0,0.16,inf,0.9999999999999998,1.0,1.0,1.0
"frozenset({'Puériculture', 'Chaussures', 'Homme', 'Bébé'})",frozenset({'Garçon'}),0.2,0.2,0.2,1.0,5.0,1.0,0.16,inf,0.9999999999999998,1.0,1.0,1.0
"frozenset({'Chaussures', 'Homme', 'Garçon', 'Bébé'})",frozenset({'Puériculture'}),0.2,0.2,0.2,1.0,5.0,1.0,0.16,inf,0.9999999999999998,1.0,1.0,1.0
frozenset({'Puériculture'}),"frozenset({'Chaussures', 'Homme', 'Fille', 'Bébé'})",0.2,0.2,0.2,1.0,5.0,1.0,0.16,inf,0.9999999999999998,1.0,1.0,1.0
frozenset({'Fille'}),"frozenset({'Puériculture', 'Chaussures', 'Homme', 'Bébé'})",0.2,0.2,0.2,1.0,5.0,1.0,0.16,inf,0.9999999999999998,1.0,1.0,1.0
frozenset({'Bébé'}),"frozenset({'Puériculture', 'Chaussures', 'Homme', 'Fille'})",0.2,0.2,0.2,1.0,5.0,1.0,0.16,inf,0.9999999999999998,1.0,1.0,1.0
frozenset({'Chaussures'}),"frozenset({'Puériculture', 'Homme', 'Fille', 'Bébé'})",0.2,0.2,0.2,1.0,5.0,1.0,0.16,inf,0.9999999999999998,1.0,1.0,1.0
"frozenset({'Puériculture', 'Fille'})","frozenset({'Chaussures', 'Homme', 'Bébé'})",0.2,0.2,0.2,1.0,5.0,1.0,0.16,inf,0.9999999999999998,1.0,1.0,1.0
"frozenset({'Puériculture', 'Bébé'})","frozenset({'Chaussures', 'Homme', 'Fille'})",0.2,0.2,0.2,1.0,5.0,1.0,0.16,inf,0.9999999999999998,1.0,1.0,1.0
"frozenset({'Fille', 'Bébé'})","frozenset({'Puériculture', 'Chaussures', 'Homme'})",0.2,0.2,0.2,1.0,5.0,1.0,0.16,inf,0.9999999999999998,1.0,1.0,1.0
"frozenset({'Puériculture', 'Homme'})","frozenset({'Chaussures', 'Fille', 'Bébé'})",0.2,0.2,0.2,1.0,5.0,1.0,0.16,inf,0.9999999999999998,1.0,1.0,1.0
"frozenset({'Homme', 'Fille'})","frozenset({'Puériculture', 'Chaussures', 'Bébé'})",0.2,0.2,0.2,1.0,5.0,1.0,0.16,inf,0.9999999999999998,1.0,1.0,1.0
"frozenset({'Homme', 'Bébé'})","frozenset({'Puériculture', 'Chaussures', 'Fille'})",0.2,0.2,0.2,1.0,5.0,1.0,0.16,inf,0.9999999999999998,1.0,1.0,1.0
"frozenset({'Puériculture', 'Chaussures'})","frozenset({'Homme', 'Fille', 'Bébé'})",0.2,0.2,0.2,1.0,5.0,1.0,0.16,inf,0.9999999999999998,1.0,1.0,1.0
"frozenset({'Homme', 'Bébé'})","frozenset({'Puériculture', 'Chaussures', 'Garçon'})",0.2,0.2,0.2,1.0,5.0,1.0,0.16,inf,0.9999999999999998,1.0,1.0,1.0
"frozenset({'Puériculture', 'Chaussures'})","frozenset({'Homme', 'Garçon', 'Bébé'})",0.2,0.2,0.2,1.0,5.0,1.0,0.16,inf,0.9999999999999998,1.0,1.0,1.0
"frozenset({'Chaussures', 'Garçon'})","frozenset({'Puériculture', 'Homme', 'Bébé'})",0.2,0.2,0.2,1.0,5.0,1.0,0.16,inf,0.9999999999999998,1.0,1.0,1.0
"frozenset({'Chaussures', 'Bébé'})","frozenset({'Puériculture', 'Homme', 'Garçon'})",0.2,0.2,0.2,1.0,5.0,1.0,0.16,inf,0.9999999999999998,1.0,1.0,1.0
"frozenset({'Chaussures', 'Homme'})","frozenset({'Puériculture', 'Garçon', 'Bébé'})",0.2,0.2,0.2,1.0,5.0,1.0,0.16,inf,0.9999999999999998,1.0,1.0,1.0
"frozenset({'Puériculture', 'Garçon', 'Bébé'})","frozenset({'Chaussures', 'Homme'})",0.2,0.2,0.2,1.0,5.0,1.0,0.16,inf,0.9999999999999998,1.0,1.0,1.0
"frozenset({'Puériculture', 'Homme', 'Garçon'})","frozenset({'Chaussures', 'Bébé'})",0.2,0.2,0.2,1.0,5.0,1.0,0.16,inf,0.9999999999999998,1.0,1.0,1.0
"frozenset({'Puériculture', 'Homme', 'Bébé'})","frozenset({'Chaussures', 'Garçon'})",0.2,0.2,0.2,1.0,5.0,1.0,0.16,inf,0.9999999999999998,1.0,1.0,1.0
"frozenset({'Homme', 'Garçon', 'Bébé'})","frozenset({'Puériculture', 'Chaussures'})",0.2,0.2,0.2,1.0,5.0,1.0,0.16,inf,0.9999999999999998,1.0,1.0,1.0
"frozenset({'Puériculture', 'Chaussures', 'Garçon'})","frozenset({'Homme', 'Bébé'})",0.2,0.2,0.2,1.0,5.0,1.0,0.16,inf,0.9999999999999998,1.0,1.0,1.0
"frozenset({'Puériculture', 'Chaussures', 'Bébé'})","frozenset({'Homme', 'Garçon'})",0.2,0.2,0.2,1.0,5.0,1.0,0.16,inf,0.9999999999999998,1.0,1.0,1.0
"frozenset({'Chaussures', 'Garçon', 'Bébé'})","frozenset({'Puériculture', 'Homme'})",0.2,0.2,0.2,1.0,5.0,1.0,0.16,inf,0.9999999999999998,1.0,1.0,1.0
"frozenset({'Puériculture', 'Chaussures', 'Homme'})","frozenset({'Garçon', 'Bébé'})",0.2,0.2,0.2,1.0,5.0,1.0,0.16,inf,0.9999999999999998,1.0,1.0,1.0
"frozenset({'Chaussures', 'Homme', 'Garçon'})","frozenset({'Puériculture', 'Bébé'})",0.2,0.2,0.2,1.0,5.0,1.0,0.16,inf,0.9999999999999998,1.0,1.0,1.0
"frozenset({'Chaussures', 'Homme', 'Bébé'})","frozenset({'Puériculture', 'Garçon'})",0.2,0.2,0.2,1.0,5.0,1.0,0.16,inf,0.9999999999999998,1.0,1.0,1.0
"frozenset({'Puériculture', 'Homme', 'Garçon', 'Bébé'})",frozenset({'Chaussures'}),0.2,0.2,0.2,1.0,5.0,1.0,0.16,inf,0.9999999999999998,1.0,1.0,1.0
"frozenset({'Homme', 'Fille', 'Bébé'})","frozenset({'Femme', 'Garçon'})",0.2,0.2,0.2,1.0,5.0,1.0,0.16,inf,0.9999999999999998,1.0,1.0,1.0
"frozenset({'Homme', 'Femme', 'Garçon', 'Fille'})",frozenset({'Bébé'}),0.2,0.2,0.2,1.0,5.0,1.0,0.16,inf,0.9999999999999998,1.0,1.0,1.0
"frozenset({'Homme', 'Femme', 'Garçon', 'Bébé'})",frozenset({'Fille'}),0.2,0.2,0.2,1.0,5.0,1.0,0.16,inf,0.9999999999999998,1.0,1.0,1.0
"frozenset({'Homme', 'Femme', 'Fille', 'Bébé'})",frozenset({'Garçon'}),0.2,0.2,0.2,1.0,5.0,1.0,0.16,inf,0.9999999999999998,1.0,1.0,1.0
frozenset({'Puériculture'}),"frozenset({'Chaussures', 'Homme', 'Garçon', 'Bébé'})",0.2,0.2,0.2,1.0,5.0,1.0,0.16,inf,0.9999999999999998,1.0,1.0,1.0
frozenset({'Garçon'}),"frozenset({'Puériculture', 'Chaussures', 'Homme', 'Bébé'})",0.2,0.2,0.2,1.0,5.0,1.0,0.16,inf,0.9999999999999998,1.0,1.0,1.0
frozenset({'Bébé'}),"frozenset({'Puériculture', 'Chaussures', 'Homme', 'Garçon'})",0.2,0.2,0.2,1.0,5.0,1.0,0.16,inf,0.9999999999999998,1.0,1.0,1.0
frozenset({'Chaussures'}),"frozenset({'Puériculture', 'Homme', 'Garçon', 'Bébé'})",0.2,0.2,0.2,1.0,5.0,1.0,0.16,inf,0.9999999999999998,1.0,1.0,1.0
"frozenset({'Puériculture', 'Garçon'})","frozenset({'Chaussures', 'Homme', 'Bébé'})",0.2,0.2,0.2,1.0,5.0,1.0,0.16,inf,0.9999999999999998,1.0,1.0,1.0
"frozenset({'Puériculture', 'Bébé'})","frozenset({'Chaussures', 'Homme', 'Garçon'})",0.2,0.2,0.2,1.0,5.0,1.0,0.16,inf,0.9999999999999998,1.0,1.0,1.0
"frozenset({'Garçon', 'Bébé'})","frozenset({'Puériculture', 'Chaussures', 'Homme'})",0.2,0.2,0.2,1.0,5.0,1.0,0.16,inf,0.9999999999999998,1.0,1.0,1.0
"frozenset({'Puériculture', 'Homme'})","frozenset({'Chaussures', 'Garçon', 'Bébé'})",0.2,0.2,0.2,1.0,5.0,1.0,0.16,inf,0.9999999999999998,1.0,1.0,1.0
"frozenset({'Homme', 'Garçon'})","frozenset({'Puériculture', 'Chaussures', 'Bébé'})",0.2,0.2,0.2,1.0,5.0,1.0,0.16,inf,0.9999999999999998,1.0,1.0,1.0
"frozenset({'Garçon', 'Bébé'})","frozenset({'Homme', 'Femme', 'Fille'})",0.2,0.2,0.2,1.0,5.0,1.0,0.16,inf,0.9999999999999998,1.0,1.0,1.0
"frozenset({'Femme', 'Bébé'})","frozenset({'Homme', 'Garçon', 'Fille'})",0.2,0.2,0.2,1.0,5.0,1.0,0.16,inf,0.9999999999999998,1.0,1.0,1.0
"frozenset({'Fille', 'Bébé'})","frozenset({'Homme', 'Femme', 'Garçon'})",0.2,0.2,0.2,1.0,5.0,1.0,0.16,inf,0.9999999999999998,1.0,1.0,1.0
"frozenset({'Homme', 'Garçon'})","frozenset({'Fille', 'Femme', 'Bébé'})",0.2,0.2,0.2,1.0,5.0,1.0,0.16,inf,0.9999999999999998,1.0,1.0,1.0
"frozenset({'Homme', 'Fille'})","frozenset({'Femme', 'Garçon', 'Bébé'})",0.2,0.2,0.2,1.0,5.0,1.0,0.16,inf,0.9999999999999998,1.0,1.0,1.0
"frozenset({'Homme', 'Bébé'})","frozenset({'Fille', 'Femme', 'Garçon'})",0.2,0.2,0.2,1.0,5.0,1.0,0.16,inf,0.9999999999999998,1.0,1.0,1.0
"frozenset({'Fille', 'Femme', 'Garçon'})","frozenset({'Homme', 'Bébé'})",0.2,0.2,0.2,1.0,5.0,1.0,0.16,inf,0.9999999999999998,1.0,1.0,1.0
"frozenset({'Femme', 'Garçon', 'Bébé'})","frozenset({'Homme', 'Fille'})",0.2,0.2,0.2,1.0,5.0,1.0,0.16,inf,0.9999999999999998,1.0,1.0,1.0
"frozenset({'Fille', 'Femme', 'Bébé'})","frozenset({'Homme', 'Garçon'})",0.2,0.2,0.2,1.0,5.0,1.0,0.16,inf,0.9999999999999998,1.0,1.0,1.0
"frozenset({'Homme', 'Femme', 'Garçon'})","frozenset({'Fille', 'Bébé'})",0.2,0.2,0.2,1.0,5.0,1.0,0.16,inf,0.9999999999999998,1.0,1.0,1.0
"frozenset({'Homme', 'Garçon', 'Fille'})","frozenset({'Femme', 'Bébé'})",0.2,0.2,0.2,1.0,5.0,1.0,0.16,inf,0.9999999999999998,1.0,1.0,1.0
"frozenset({'Homme', 'Femme', 'Fille'})","frozenset({'Garçon', 'Bébé'})",0.2,0.2,0.2,1.0,5.0,1.0,0.16,inf,0.9999999999999998,1.0,1.0,1.0
"frozenset({'Homme', 'Garçon', 'Bébé'})","frozenset({'Fille', 'Femme'})",0.2,0.2,0.2,1.0,5.0,1.0,0.16,inf,0.9999999999999998,1.0,1.0,1.0
"frozenset({'Homme', 'Femme', 'Bébé'})","frozenset({'Fille', 'Garçon'})",0.2,0.2,0.2,1.0,5.0,1.0,0.16,inf,0.9999999999999998,1.0,1.0,1.0
"frozenset({'Puériculture', 'Fille', 'Bébé'})","frozenset({'Femme', 'Garçon'})",0.2,0.2,0.2,1.0,5.0,1.0,0.16,inf,0.9999999999999998,1.0,1.0,1.0
"frozenset({'Fille', 'Garçon', 'Bébé'})","frozenset({'Puériculture', 'Femme'})",0.2,0.2,0.2,1.0,5.0,1.0,0.16,inf,0.9999999999999998,1.0,1.0,1.0
"frozenset({'Fille', 'Femme', 'Bébé'})","frozenset({'Puériculture', 'Garçon'})",0.2,0.2,0.2,1.0,5.0,1.0,0.16,inf,0.9999999999999998,1.0,1.0,1.0
"frozenset({'Puériculture', 'Fille', 'Femme', 'Garçon'})",frozenset({'Bébé'}),0.2,0.2,0.2,1.0,5.0,1.0,0.16,inf,0.9999999999999998,1.0,1.0,1.0
"frozenset({'Puériculture', 'Femme', 'Garçon', 'Bébé'})",frozenset({'Fille'}),0.2,0.2,0.2,1.0,5.0,1.0,0.16,inf,0.9999999999999998,1.0,1.0,1.0
"frozenset({'Puériculture', 'Fille', 'Femme', 'Bébé'})",frozenset({'Garçon'}),0.2,0.2,0.2,1.0,5.0,1.0,0.16,inf,0.9999999999999998,1.0,1.0,1.0
"frozenset({'Fille', 'Femme', 'Garçon', 'Bébé'})",frozenset({'Puériculture'}),0.2,0.2,0.2,1.0,5.0,1.0,0.16,inf,0.9999999999999998,1.0,1.0,1.0
frozenset({'Garçon'}),"frozenset({'Homme', 'Femme', 'Fille', 'Bébé'})",0.2,0.2,0.2,1.0,5.0,1.0,0.16,inf,0.9999999999999998,1.0,1.0,1.0
frozenset({'Fille'}),"frozenset({'Homme', 'Femme', 'Garçon', 'Bébé'})",0.2,0.2,0.2,1.0,5.0,1.0,0.16,inf,0.9999999999999998,1.0,1.0,1.0
frozenset({'Bébé'}),"frozenset({'Homme', 'Femme', 'Garçon', 'Fille'})",0.2,0.2,0.2,1.0,5.0,1.0,0.16,inf,0.9999999999999998,1.0,1.0,1.0
"frozenset({'Femme', 'Garçon'})","frozenset({'Homme', 'Fille', 'Bébé'})",0.2,0.2,0.2,1.0,5.0,1.0,0.16,inf,0.9999999999999998,1.0,1.0,1.0
"frozenset({'Fille', 'Garçon'})","frozenset({'Homme', 'Femme', 'Bébé'})",0.2,0.2,0.2,1.0,5.0,1.0,0.16,inf,0.9999999999999998,1.0,1.0,1.0
"frozenset({'Fille', 'Femme'})","frozenset({'Homme', 'Garçon', 'Bébé'})",0.2,0.2,0.2,1.0,5.0,1.0,0.16,inf,0.9999999999999998,1.0,1.0,1.0
"frozenset({'Puériculture', 'Femme'})","frozenset({'Fille', 'Garçon', 'Bébé'})",0.2,0.2,0.2,1.0,5.0,1.0,0.16,inf,0.9999999999999998,1.0,1.0,1.0
"frozenset({'Femme', 'Garçon'})","frozenset({'Puériculture', 'Fille', 'Bébé'})",0.2,0.2,0.2,1.0,5.0,1.0,0.16,inf,0.9999999999999998,1.0,1.0,1.0
"frozenset({'Puériculture', 'Fille'})","frozenset({'Femme', 'Garçon', 'Bébé'})",0.2,0.2,0.2,1.0,5.0,1.0,0.16,inf,0.9999999999999998,1.0,1.0,1.0
"frozenset({'Fille', 'Garçon'})","frozenset({'Puériculture', 'Femme', 'Bébé'})",0.2,0.2,0.2,1.0,5.0,1.0,0.16,inf,0.9999999999999998,1.0,1.0,1.0
"frozenset({'Fille', 'Femme'})","frozenset({'Puériculture', 'Garçon', 'Bébé'})",0.2,0.2,0.2,1.0,5.0,1.0,0.16,inf,0.9999999999999998,1.0,1.0,1.0
"frozenset({'Puériculture', 'Bébé'})","frozenset({'Fille', 'Femme', 'Garçon'})",0.2,0.2,0.2,1.0,5.0,1.0,0.16,inf,0.9999999999999998,1.0,1.0,1.0
"frozenset({'Garçon', 'Bébé'})","frozenset({'Puériculture', 'Fille', 'Femme'})",0.2,0.2,0.2,1.0,5.0,1.0,0.16,inf,0.9999999999999998,1.0,1.0,1.0
"frozenset({'Femme', 'Bébé'})","frozenset({'Puériculture', 'Fille', 'Garçon'})",0.2,0.2,0.2,1.0,5.0,1.0,0.16,inf,0.9999999999999998,1.0,1.0,1.0
"frozenset({'Fille', 'Bébé'})","frozenset({'Puériculture', 'Femme', 'Garçon'})",0.2,0.2,0.2,1.0,5.0,1.0,0.16,inf,0.9999999999999998,1.0,1.0,1.0
"frozenset({'Puériculture', 'Femme', 'Garçon'})","frozenset({'Fille', 'Bébé'})",0.2,0.2,0.2,1.0,5.0,1.0,0.16,inf,0.9999999999999998,1.0,1.0,1.0
"frozenset({'Puériculture', 'Fille', 'Garçon'})","frozenset({'Femme', 'Bébé'})",0.2,0.2,0.2,1.0,5.0,1.0,0.16,inf,0.9999999999999998,1.0,1.0,1.0
"frozenset({'Puériculture', 'Fille', 'Femme'})","frozenset({'Garçon', 'Bébé'})",0.2,0.2,0.2,1.0,5.0,1.0,0.16,inf,0.9999999999999998,1.0,1.0,1.0
"frozenset({'Fille', 'Femme', 'Garçon'})","frozenset({'Puériculture', 'Bébé'})",0.2,0.2,0.2,1.0,5.0,1.0,0.16,inf,0.9999999999999998,1.0,1.0,1.0
"frozenset({'Puériculture', 'Garçon', 'Bébé'})","frozenset({'Fille', 'Femme'})",0.2,0.2,0.2,1.0,5.0,1.0,0.16,inf,0.9999999999999998,1.0,1.0,1.0
"frozenset({'Puériculture', 'Femme', 'Bébé'})","frozenset({'Fille', 'Garçon'})",0.2,0.2,0.2,1.0,5.0,1.0,0.16,inf,0.9999999999999998,1.0,1.0,1.0
"frozenset({'Femme', 'Garçon', 'Bébé'})","frozenset({'Puériculture', 'Fille'})",0.2,0.2,0.2,1.0,5.0,1.0,0.16,inf,0.9999999999999998,1.0,1.0,1.0
"frozenset({'Puériculture', 'Homme', 'Fille'})","frozenset({'Femme', 'Bébé'})",0.2,0.2,0.2,1.0,5.0,1.0,0.16,inf,0.9999999999999998,1.0,1.0,1.0
"frozenset({'Homme', 'Femme', 'Fille'})","frozenset({'Puériculture', 'Bébé'})",0.2,0.2,0.2,1.0,5.0,1.0,0.16,inf,0.9999999999999998,1.0,1.0,1.0
"frozenset({'Puériculture', 'Homme', 'Bébé'})","frozenset({'Fille', 'Femme'})",0.2,0.2,0.2,1.0,5.0,1.0,0.16,inf,0.9999999999999998,1.0,1.0,1.0
"frozenset({'Homme', 'Femme', 'Bébé'})","frozenset({'Puériculture', 'Fille'})",0.2,0.2,0.2,1.0,5.0,1.0,0.16,inf,0.9999999999999998,1.0,1.0,1.0
"frozenset({'Homme', 'Fille', 'Bébé'})","frozenset({'Puériculture', 'Femme'})",0.2,0.2,0.2,1.0,5.0,1.0,0.16,inf,0.9999999999999998,1.0,1.0,1.0
"frozenset({'Puériculture', 'Homme', 'Femme', 'Fille'})",frozenset({'Bébé'}),0.2,0.2,0.2,1.0,5.0,1.0,0.16,inf,0.9999999999999998,1.0,1.0,1.0
"frozenset({'Puériculture', 'Homme', 'Femme', 'Bébé'})",frozenset({'Fille'}),0.2,0.2,0.2,1.0,5.0,1.0,0.16,inf,0.9999999999999998,1.0,1.0,1.0
"frozenset({'Homme', 'Femme', 'Fille', 'Bébé'})",frozenset({'Puériculture'}),0.2,0.2,0.2,1.0,5.0,1.0,0.16,inf,0.9999999999999998,1.0,1.0,1.0
frozenset({'Puériculture'}),"frozenset({'Fille', 'Femme', 'Garçon', 'Bébé'})",0.2,0.2,0.2,1.0,5.0,1.0,0.16,inf,0.9999999999999998,1.0,1.0,1.0
frozenset({'Garçon'}),"frozenset({'Puériculture', 'Fille', 'Femme', 'Bébé'})",0.2,0.2,0.2,1.0,5.0,1.0,0.16,inf,0.9999999999999998,1.0,1.0,1.0
frozenset({'Fille'}),"frozenset({'Puériculture', 'Femme', 'Garçon', 'Bébé'})",0.2,0.2,0.2,1.0,5.0,1.0,0.16,inf,0.9999999999999998,1.0,1.0,1.0
frozenset({'Bébé'}),"frozenset({'Puériculture', 'Fille', 'Femme', 'Garçon'})",0.2,0.2,0.2,1.0,5.0,1.0,0.16,inf,0.9999999999999998,1.0,1.0,1.0
"frozenset({'Puériculture', 'Garçon'})","frozenset({'Fille', 'Femme', 'Bébé'})",0.2,0.2,0.2,1.0,5.0,1.0,0.16,inf,0.9999999999999998,1.0,1.0,1.0
"frozenset({'Puériculture', 'Femme'})","frozenset({'Homme', 'Fille', 'Bébé'})",0.2,0.2,0.2,1.0,5.0,1.0,0.16,inf,0.9999999999999998,1.0,1.0,1.0
"frozenset({'Puériculture', 'Fille'})","frozenset({'Homme', 'Femme', 'Bébé'})",0.2,0.2,0.2,1.0,5.0,1.0,0.16,inf,0.9999999999999998,1.0,1.0,1.0
"frozenset({'Fille', 'Femme'})","frozenset({'Puériculture', 'Homme', 'Bébé'})",0.2,0.2,0.2,1.0,5.0,1.0,0.16,inf,0.9999999999999998,1.0,1.0,1.0
"frozenset({'Puériculture', 'Bébé'})","frozenset({'Homme', 'Femme', 'Fille'})",0.2,0.2,0.2,1.0,5.0,1.0,0.16,inf,0.9999999999999998,1.0,1.0,1.0
"frozenset({'Femme', 'Bébé'})","frozenset({'Puériculture', 'Homme', 'Fille'})",0.2,0.2,0.2,1.0,5.0,1.0,0.16,inf,0.9999999999999998,1.0,1.0,1.0
"frozenset({'Fille', 'Bébé'})","frozenset({'Puériculture', 'Homme', 'Femme'})",0.2,0.2,0.2,1.0,5.0,1.0,0.16,inf,0.9999999999999998,1.0,1.0,1.0
"frozenset({'Puériculture', 'Homme'})","frozenset({'Fille', 'Femme', 'Bébé'})",0.2,0.2,0.2,1.0,5.0,1.0,0.16,inf,0.9999999999999998,1.0,1.0,1.0
"frozenset({'Homme', 'Fille'})","frozenset({'Puériculture', 'Femme', 'Bébé'})",0.2,0.2,0.2,1.0,5.0,1.0,0.16,inf,0.9999999999999998,1.0,1.0,1.0
"frozenset({'Homme', 'Bébé'})","frozenset({'Puériculture', 'Fille', 'Femme'})",0.2,0.2,0.2,1.0,5.0,1.0,0.16,inf,0.9999999999999998,1.0,1.0,1.0
"frozenset({'Puériculture', 'Fille', 'Femme'})","frozenset({'Homme', 'Bébé'})",0.2,0.2,0.2,1.0,5.0,1.0,0.16,inf,0.9999999999999998,1.0,1.0,1.0
"frozenset({'Puériculture', 'Femme', 'Bébé'})","frozenset({'Homme', 'Fille'})",0.2,0.2,0.2,1.0,5.0,1.0,0.16,inf,0.9999999999999998,1.0,1.0,1.0
"frozenset({'Fille', 'Femme', 'Bébé'})","frozenset({'Puériculture', 'Homme'})",0.2,0.2,0.2,1.0,5.0,1.0,0.16,inf,0.9999999999999998,1.0,1.0,1.0
"frozenset({'Puériculture', 'Homme', 'Femme'})","frozenset({'Fille', 'Bébé'})",0.2,0.2,0.2,1.0,5.0,1.0,0.16,inf,0.9999999999999998,1.0,1.0,1.0
"frozenset({'Chaussures', 'Homme', 'Bébé', 'Fille', 'Femme'})",frozenset({'Puériculture'}),0.2,0.2,0.2,1.0,5.0,1.0,0.16,inf,0.9999999999999998,1.0,1.0,1.0
frozenset({'Puériculture'}),"frozenset({'Chaussures', 'Bébé', 'Fille', 'Femme', 'Garçon'})",0.2,0.2,0.2,1.0,5.0,1.0,0.16,inf,0.9999999999999998,1.0,1.0,1.0
frozenset({'Garçon'}),"frozenset({'Chaussures', 'Bébé', 'Fille', 'Femme', 'Puériculture'})",0.2,0.2,0.2,1.0,5.0,1.0,0.16,inf,0.9999999999999998,1.0,1.0,1.0
frozenset({'Fille'}),"frozenset({'Chaussures', 'Bébé', 'Femme', 'Garçon', 'Puériculture'})",0.2,0.2,0.2,1.0,5.0,1.0,0.16,inf,0.9999999999999998,1.0,1.0,1.0
frozenset({'Bébé'}),"frozenset({'Chaussures', 'Fille', 'Femme', 'Garçon', 'Puériculture'})",0.2,0.2,0.2,1.0,5.0,1.0,0.16,inf,0.9999999999999998,1.0,1.0,1.0
frozenset({'Chaussures'}),"frozenset({'Bébé', 'Fille', 'Femme', 'Garçon', 'Puériculture'})",0.2,0.2,0.2,1.0,5.0,1.0,0.16,inf,0.9999999999999998,1.0,1.0,1.0
"frozenset({'Puériculture', 'Garçon'})","frozenset({'Chaussures', 'Fille', 'Femme', 'Bébé'})",0.2,0.2,0.2,1.0,5.0,1.0,0.16,inf,0.9999999999999998,1.0,1.0,1.0
"frozenset({'Puériculture', 'Femme'})","frozenset({'Chaussures', 'Fille', 'Garçon', 'Bébé'})",0.2,0.2,0.2,1.0,5.0,1.0,0.16,inf,0.9999999999999998,1.0,1.0,1.0
"frozenset({'Femme', 'Garçon'})","frozenset({'Puériculture', 'Chaussures', 'Fille', 'Bébé'})",0.2,0.2,0.2,1.0,5.0,1.0,0.16,inf,0.9999999999999998,1.0,1.0,1.0
"frozenset({'Puériculture', 'Fille'})","frozenset({'Chaussures', 'Femme', 'Garçon', 'Bébé'})",0.2,0.2,0.2,1.0,5.0,1.0,0.16,inf,0.9999999999999998,1.0,1.0,1.0
"frozenset({'Fille', 'Garçon'})","frozenset({'Puériculture', 'Chaussures', 'Femme', 'Bébé'})",0.2,0.2,0.2,1.0,5.0,1.0,0.16,inf,0.9999999999999998,1.0,1.0,1.0
"frozenset({'Fille', 'Femme'})","frozenset({'Puériculture', 'Chaussures', 'Garçon', 'Bébé'})",0.2,0.2,0.2,1.0,5.0,1.0,0.16,inf,0.9999999999999998,1.0,1.0,1.0
"frozenset({'Puériculture', 'Bébé'})","frozenset({'Chaussures', 'Fille', 'Femme', 'Garçon'})",0.2,0.2,0.2,1.0,5.0,1.0,0.16,inf,0.9999999999999998,1.0,1.0,1.0
"frozenset({'Garçon', 'Bébé'})","frozenset({'Puériculture', 'Chaussures', 'Fille', 'Femme'})",0.2,0.2,0.2,1.0,5.0,1.0,0.16,inf,0.9999999999999998,1.0,1.0,1.0
"frozenset({'Femme', 'Garçon', 'Bébé'})","frozenset({'Puériculture', 'Homme'})",0.2,0.2,0.2,1.0,5.0,1.0,0.16,inf,0.9999999999999998,1.0,1.0,1.0
"frozenset({'Puériculture', 'Homme', 'Garçon'})","frozenset({'Femme', 'Bébé'})",0.2,0.2,0.2,1.0,5.0,1.0,0.16,inf,0.9999999999999998,1.0,1.0,1.0
"frozenset({'Puériculture', 'Homme', 'Femme'})","frozenset({'Garçon', 'Bébé'})",0.2,0.2,0.2,1.0,5.0,1.0,0.16,inf,0.9999999999999998,1.0,1.0,1.0
"frozenset({'Homme', 'Femme', 'Garçon'})","frozenset({'Puériculture', 'Bébé'})",0.2,0.2,0.2,1.0,5.0,1.0,0.16,inf,0.9999999999999998,1.0,1.0,1.0
"frozenset({'Puériculture', 'Homme', 'Bébé'})","frozenset({'Femme', 'Garçon'})",0.2,0.2,0.2,1.0,5.0,1.0,0.16,inf,0.9999999999999998,1.0,1.0,1.0
"frozenset({'Homme', 'Garçon', 'Bébé'})","frozenset({'Puériculture', 'Femme'})",0.2,0.2,0.2,1.0,5.0,1.0,0.16,inf,0.9999999999999998,1.0,1.0,1.0
"frozenset({'Homme', 'Femme', 'Bébé'})","frozenset({'Puériculture', 'Garçon'})",0.2,0.2,0.2,1.0,5.0,1.0,0.16,inf,0.9999999999999998,1.0,1.0,1.0
"frozenset({'Puériculture', 'Homme', 'Femme', 'Garçon'})",frozenset({'Bébé'}),0.2,0.2,0.2,1.0,5.0,1.0,0.16,inf,0.9999999999999998,1.0,1.0,1.0
"frozenset({'Puériculture', 'Homme', 'Femme', 'Bébé'})",frozenset({'Garçon'}),0.2,0.2,0.2,1.0,5.0,1.0,0.16,inf,0.9999999999999998,1.0,1.0,1.0
"frozenset({'Homme', 'Femme', 'Garçon', 'Bébé'})",frozenset({'Puériculture'}),0.2,0.2,0.2,1.0,5.0,1.0,0.16,inf,0.9999999999999998,1.0,1.0,1.0
frozenset({'Puériculture'}),"frozenset({'Homme', 'Femme', 'Fille', 'Bébé'})",0.2,0.2,0.2,1.0,5.0,1.0,0.16,inf,0.9999999999999998,1.0,1.0,1.0
frozenset({'Fille'}),"frozenset({'Puériculture', 'Homme', 'Femme', 'Bébé'})",0.2,0.2,0.2,1.0,5.0,1.0,0.16,inf,0.9999999999999998,1.0,1.0,1.0
frozenset({'Bébé'}),"frozenset({'Puériculture', 'Homme', 'Femme', 'Fille'})",0.2,0.2,0.2,1.0,5.0,1.0,0.16,inf,0.9999999999999998,1.0,1.0,1.0
frozenset({'Bébé'}),"frozenset({'Puériculture', 'Homme', 'Femme', 'Garçon'})",0.2,0.2,0.2,1.0,5.0,1.0,0.16,inf,0.9999999999999998,1.0,1.0,1.0
"frozenset({'Puériculture', 'Garçon'})","frozenset({'Homme', 'Femme', 'Bébé'})",0.2,0.2,0.2,1.0,5.0,1.0,0.16,inf,0.9999999999999998,1.0,1.0,1.0
"frozenset({'Puériculture', 'Femme'})","frozenset({'Homme', 'Garçon', 'Bébé'})",0.2,0.2,0.2,1.0,5.0,1.0,0.16,inf,0.9999999999999998,1.0,1.0,1.0
"frozenset({'Femme', 'Garçon'})","frozenset({'Puériculture', 'Homme', 'Bébé'})",0.2,0.2,0.2,1.0,5.0,1.0,0.16,inf,0.9999999999999998,1.0,1.0,1.0
"frozenset({'Puériculture', 'Bébé'})","frozenset({'Homme', 'Femme', 'Garçon'})",0.2,0.2,0.2,1.0,5.0,1.0,0.16,inf,0.9999999999999998,1.0,1.0,1.0
"frozenset({'Garçon', 'Bébé'})","frozenset({'Puériculture', 'Homme', 'Femme'})",0.2,0.2,0.2,1.0,5.0,1.0,0.16,inf,0.9999999999999998,1.0,1.0,1.0
"frozenset({'Femme', 'Bébé'})","frozenset({'Puériculture', 'Homme', 'Garçon'})",0.2,0.2,0.2,1.0,5.0,1.0,0.16,inf,0.9999999999999998,1.0,1.0,1.0
"frozenset({'Puériculture', 'Homme'})","frozenset({'Femme', 'Garçon', 'Bébé'})",0.2,0.2,0.2,1.0,5.0,1.0,0.16,inf,0.9999999999999998,1.0,1.0,1.0
"frozenset({'Homme', 'Garçon'})","frozenset({'Puériculture', 'Femme', 'Bébé'})",0.2,0.2,0.2,1.0,5.0,1.0,0.16,inf,0.9999999999999998,1.0,1.0,1.0
"frozenset({'Homme', 'Bébé'})","frozenset({'Puériculture', 'Femme', 'Garçon'})",0.2,0.2,0.2,1.0,5.0,1.0,0.16,inf,0.9999999999999998,1.0,1.0,1.0
"frozenset({'Puériculture', 'Femme', 'Garçon'})","frozenset({'Homme', 'Bébé'})",0.2,0.2,0.2,1.0,5.0,1.0,0.16,inf,0.9999999999999998,1.0,1.0,1.0
"frozenset({'Puériculture', 'Femme', 'Bébé'})","frozenset({'Homme', 'Garçon'})",0.2,0.2,0.2,1.0,5.0,1.0,0.16,inf,0.9999999999999998,1.0,1.0,1.0
"frozenset({'Puériculture', 'Garçon', 'Bébé'})","frozenset({'Homme', 'Fille'})",0.2,0.2,0.2,1.0,5.0,1.0,0.16,inf,0.9999999999999998,1.0,1.0,1.0
"frozenset({'Puériculture', 'Fille', 'Bébé'})","frozenset({'Homme', 'Garçon'})",0.2,0.2,0.2,1.0,5.0,1.0,0.16,inf,0.9999999999999998,1.0,1.0,1.0
"frozenset({'Fille', 'Garçon', 'Bébé'})","frozenset({'Puériculture', 'Homme'})",0.2,0.2,0.2,1.0,5.0,1.0,0.16,inf,0.9999999999999998,1.0,1.0,1.0
"frozenset({'Puériculture', 'Homme', 'Garçon'})","frozenset({'Fille', 'Bébé'})",0.2,0.2,0.2,1.0,5.0,1.0,0.16,inf,0.9999999999999998,1.0,1.0,1.0
"frozenset({'Puériculture', 'Homme', 'Fille'})","frozenset({'Garçon', 'Bébé'})",0.2,0.2,0.2,1.0,5.0,1.0,0.16,inf,0.9999999999999998,1.0,1.0,1.0
"frozenset({'Homme', 'Garçon', 'Fille'})","frozenset({'Puériculture', 'Bébé'})",0.2,0.2,0.2,1.0,5.0,1.0,0.16,inf,0.9999999999999998,1.0,1.0,1.0
"frozenset({'Puériculture', 'Homme', 'Bébé'})","frozenset({'Fille', 'Garçon'})",0.2,0.2,0.2,1.0,5.0,1.0,0.16,inf,0.9999999999999998,1.0,1.0,1.0
"frozenset({'Homme', 'Garçon', 'Bébé'})","frozenset({'Puériculture', 'Fille'})",0.2,0.2,0.2,1.0,5.0,1.0,0.16,inf,0.9999999999999998,1.0,1.0,1.0
"frozenset({'Homme', 'Fille', 'Bébé'})","frozenset({'Puériculture', 'Garçon'})",0.2,0.2,0.2,1.0,5.0,1.0,0.16,inf,0.9999999999999998,1.0,1.0,1.0
"frozenset({'Puériculture', 'Homme', 'Garçon', 'Fille'})",frozenset({'Bébé'}),0.2,0.2,0.2,1.0,5.0,1.0,0.16,inf,0.9999999999999998,1.0,1.0,1.0
"frozenset({'Puériculture', 'Homme', 'Garçon', 'Bébé'})",frozenset({'Fille'}),0.2,0.2,0.2,1.0,5.0,1.0,0.16,inf,0.9999999999999998,1.0,1.0,1.0
"frozenset({'Puériculture', 'Homme', 'Fille', 'Bébé'})",frozenset({'Garçon'}),0.2,0.2,0.2,1.0,5.0,1.0,0.16,inf,0.9999999999999998,1.0,1.0,1.0
"frozenset({'Homme', 'Fille', 'Garçon', 'Bébé'})",frozenset({'Puériculture'}),0.2,0.2,0.2,1.0,5.0,1.0,0.16,inf,0.9999999999999998,1.0,1.0,1.0
frozenset({'Puériculture'}),"frozenset({'Homme', 'Femme', 'Garçon', 'Bébé'})",0.2,0.2,0.2,1.0,5.0,1.0,0.16,inf,0.9999999999999998,1.0,1.0,1.0
frozenset({'Garçon'}),"frozenset({'Puériculture', 'Homme', 'Femme', 'Bébé'})",0.2,0.2,0.2,1.0,5.0,1.0,0.16,inf,0.9999999999999998,1.0,1.0,1.0
frozenset({'Puériculture'}),"frozenset({'Homme', 'Fille', 'Garçon', 'Bébé'})",0.2,0.2,0.2,1.0,5.0,1.0,0.16,inf,0.9999999999999998,1.0,1.0,1.0
frozenset({'Garçon'}),"frozenset({'Puériculture', 'Homme', 'Fille', 'Bébé'})",0.2,0.2,0.2,1.0,5.0,1.0,0.16,inf,0.9999999999999998,1.0,1.0,1.0
frozenset({'Fille'}),"frozenset({'Puériculture', 'Homme', 'Garçon', 'Bébé'})",0.2,0.2,0.2,1.0,5.0,1.0,0.16,inf,0.9999999999999998,1.0,1.0,1.0
frozenset({'Bébé'}),"frozenset({'Puériculture', 'Homme', 'Garçon', 'Fille'})",0.2,0.2,0.2,1.0,5.0,1.0,0.16,inf,0.9999999999999998,1.0,1.0,1.0
"frozenset({'Puériculture', 'Garçon'})","frozenset({'Homme', 'Fille', 'Bébé'})",0.2,0.2,0.2,1.0,5.0,1.0,0.16,inf,0.9999999999999998,1.0,1.0,1.0
"frozenset({'Puériculture', 'Fille'})","frozenset({'Homme', 'Garçon', 'Bébé'})",0.2,0.2,0.2,1.0,5.0,1.0,0.16,inf,0.9999999999999998,1.0,1.0,1.0
"frozenset({'Fille', 'Garçon'})","frozenset({'Puériculture', 'Homme', 'Bébé'})",0.2,0.2,0.2,1.0,5.0,1.0,0.16,inf,0.9999999999999998,1.0,1.0,1.0
"frozenset({'Puériculture', 'Bébé'})","frozenset({'Homme', 'Garçon', 'Fille'})",0.2,0.2,0.2,1.0,5.0,1.0,0.16,inf,0.9999999999999998,1.0,1.0,1.0
"frozenset({'Garçon', 'Bébé'})","frozenset({'Puériculture', 'Homme', 'Fille'})",0.2,0.2,0.2,1.0,5.0,1.0,0.16,inf,0.9999999999999998,1.0,1.0,1.0
"frozenset({'Fille', 'Bébé'})","frozenset({'Puériculture', 'Homme', 'Garçon'})",0.2,0.2,0.2,1.0,5.0,1.0,0.16,inf,0.9999999999999998,1.0,1.0,1.0
"frozenset({'Puériculture', 'Homme'})","frozenset({'Fille', 'Garçon', 'Bébé'})",0.2,0.2,0.2,1.0,5.0,1.0,0.16,inf,0.9999999999999998,1.0,1.0,1.0
"frozenset({'Homme', 'Garçon'})","frozenset({'Puériculture', 'Fille', 'Bébé'})",0.2,0.2,0.2,1.0,5.0,1.0,0.16,inf,0.9999999999999998,1.0,1.0,1.0
"frozenset({'Homme', 'Fille'})","frozenset({'Puériculture', 'Garçon', 'Bébé'})",0.2,0.2,0.2,1.0,5.0,1.0,0.16,inf,0.9999999999999998,1.0,1.0,1.0
"frozenset({'Homme', 'Bébé'})","frozenset({'Puériculture', 'Fille', 'Garçon'})",0.2,0.2,0.2,1.0,5.0,1.0,0.16,inf,0.9999999999999998,1.0,1.0,1.0
"frozenset({'Puériculture', 'Fille', 'Garçon'})","frozenset({'Homme', 'Bébé'})",0.2,0.2,0.2,1.0,5.0,1.0,0.16,inf,0.9999999999999998,1.0,1.0,1.0
"frozenset({'Chaussures', 'Homme'})","frozenset({'Fille', 'Femme', 'Garçon'})",0.2,0.2,0.2,1.0,5.0,1.0,0.16,inf,0.9999999999999998,1.0,1.0,1.0
"frozenset({'Fille', 'Femme', 'Garçon'})","frozenset({'Chaussures', 'Homme'})",0.2,0.2,0.2,1.0,5.0,1.0,0.16,inf,0.9999999999999998,1.0,1.0,1.0
"frozenset({'Homme', 'Femme', 'Garçon'})","frozenset({'Chaussures', 'Fille'})",0.2,0.2,0.2,1.0,5.0,1.0,0.16,inf,0.9999999999999998,1.0,1.0,1.0
"frozenset({'Homme', 'Garçon', 'Fille'})","frozenset({'Chaussures', 'Femme'})",0.2,0.2,0.2,1.0,5.0,1.0,0.16,inf,0.9999999999999998,1.0,1.0,1.0
"frozenset({'Homme', 'Femme', 'Fille'})","frozenset({'Chaussures', 'Garçon'})",0.2,0.2,0.2,1.0,5.0,1.0,0.16,inf,0.9999999999999998,1.0,1.0,1.0
"frozenset({'Chaussures', 'Femme', 'Garçon'})","frozenset({'Homme', 'Fille'})",0.2,0.2,0.2,1.0,5.0,1.0,0.16,inf,0.9999999999999998,1.0,1.0,1.0
"frozenset({'Chaussures', 'Fille', 'Femme'})","frozenset({'Homme', 'Garçon'})",0.2,0.2,0.2,1.0,5.0,1.0,0.16,inf,0.9999999999999998,1.0,1.0,1.0
"frozenset({'Chaussures', 'Homme', 'Garçon'})","frozenset({'Fille', 'Femme'})",0.2,0.2,0.2,1.0,5.0,1.0,0.16,inf,0.9999999999999998,1.0,1.0,1.0
"frozenset({'Chaussures', 'Homme', 'Femme'})","frozenset({'Fille', 'Garçon'})",0.2,0.2,0.2,1.0,5.0,1.0,0.16,inf,0.9999999999999998,1.0,1.0,1.0
"frozenset({'Chaussures', 'Homme', 'Fille'})","frozenset({'Femme', 'Garçon'})",0.2,0.2,0.2,1.0,5.0,1.0,0.16,inf,0.9999999999999998,1.0,1.0,1.0
"frozenset({'Homme', 'Femme', 'Garçon', 'Fille'})",frozenset({'Chaussures'}),0.2,0.2,0.2,1.0,5.0,1.0,0.16,inf,0.9999999999999998,1.0,1.0,1.0
"frozenset({'Chaussures', 'Homme', 'Femme', 'Garçon'})",frozenset({'Fille'}),0.2,0.2,0.2,1.0,5.0,1.0,0.16,inf,0.9999999999999998,1.0,1.0,1.0
"frozenset({'Chaussures', 'Homme', 'Femme', 'Fille'})",frozenset({'Garçon'}),0.2,0.2,0.2,1.0,5.0,1.0,0.16,inf,0.9999999999999998,1.0,1.0,1.0
"frozenset({'Femme', 'Bébé'})","frozenset({'Puériculture', 'Chaussures', 'Fille', 'Garçon'})",0.2,0.2,0.2,1.0,5.0,1.0,0.16,inf,0.9999999999999998,1.0,1.0,1.0
"frozenset({'Fille', 'Bébé'})","frozenset({'Puériculture', 'Chaussures', 'Femme', 'Garçon'})",0.2,0.2,0.2,1.0,5.0,1.0,0.16,inf,0.9999999999999998,1.0,1.0,1.0
"frozenset({'Puériculture', 'Chaussures'})","frozenset({'Fille', 'Femme', 'Garçon', 'Bébé'})",0.2,0.2,0.2,1.0,5.0,1.0,0.16,inf,0.9999999999999998,1.0,1.0,1.0
"frozenset({'Chaussures', 'Garçon'})","frozenset({'Puériculture', 'Fille', 'Femme', 'Bébé'})",0.2,0.2,0.2,1.0,5.0,1.0,0.16,inf,0.9999999999999998,1.0,1.0,1.0
"frozenset({'Chaussures', 'Femme'})","frozenset({'Puériculture', 'Fille', 'Garçon', 'Bébé'})",0.2,0.2,0.2,1.0,5.0,1.0,0.16,inf,0.9999999999999998,1.0,1.0,1.0
"frozenset({'Chaussures', 'Fille'})","frozenset({'Puériculture', 'Femme', 'Garçon', 'Bébé'})",0.2,0.2,0.2,1.0,5.0,1.0,0.16,inf,0.9999999999999998,1.0,1.0,1.0
"frozenset({'Chaussures', 'Bébé'})","frozenset({'Puériculture', 'Fille', 'Femme', 'Garçon'})",0.2,0.2,0.2,1.0,5.0,1.0,0.16,inf,0.9999999999999998,1.0,1.0,1.0
"frozenset({'Puériculture', 'Femme', 'Garçon'})","frozenset({'Chaussures', 'Fille', 'Bébé'})",0.2,0.2,0.2,1.0,5.0,1.0,0.16,inf,0.9999999999999998,1.0,1.0,1.0
"frozenset({'Puériculture', 'Fille', 'Garçon'})","frozenset({'Chaussures', 'Femme', 'Bébé'})",0.2,0.2,0.2,1.0,5.0,1.0,0.16,inf,0.9999999999999998,1.0,1.0,1.0
"frozenset({'Puériculture', 'Fille', 'Femme'})","frozenset({'Chaussures', 'Garçon', 'Bébé'})",0.2,0.2,0.2,1.0,5.0,1.0,0.16,inf,0.9999999999999998,1.0,1.0,1.0
"frozenset({'Fille', 'Femme', 'Garçon'})","frozenset({'Puériculture', 'Chaussures', 'Bébé'})",0.2,0.2,0.2,1.0,5.0,1.0,0.16,inf,0.9999999999999998,1.0,1.0,1.0
"frozenset({'Puériculture', 'Garçon', 'Bébé'})","frozenset({'Chaussures', 'Fille', 'Femme'})",0.2,0.2,0.2,1.0,5.0,1.0,0.16,inf,0.9999999999999998,1.0,1.0,1.0
"frozenset({'Puériculture', 'Femme', 'Bébé'})","frozenset({'Chaussures', 'Fille', 'Garçon'})",0.2,0.2,0.2,1.0,5.0,1.0,0.16,inf,0.9999999999999998,1.0,1.0,1.0
"frozenset({'Femme', 'Garçon', 'Bébé'})","frozenset({'Puériculture', 'Chaussures', 'Fille'})",0.2,0.2,0.2,1.0,5.0,1.0,0.16,inf,0.9999999999999998,1.0,1.0,1.0
"frozenset({'Puériculture', 'Fille', 'Bébé'})","frozenset({'Chaussures', 'Femme', 'Garçon'})",0.2,0.2,0.2,1.0,5.0,1.0,0.16,inf,0.9999999999999998,1.0,1.0,1.0
"frozenset({'Fille', 'Garçon', 'Bébé'})","frozenset({'Puériculture', 'Chaussures', 'Femme'})",0.2,0.2,0.2,1.0,5.0,1.0,0.16,inf,0.9999999999999998,1.0,1.0,1.0
"frozenset({'Puériculture', 'Chaussures', 'Fille', 'Femme'})",frozenset({'Garçon'}),0.2,0.2,0.2,1.0,5.0,1.0,0.16,inf,0.9999999999999998,1.0,1.0,1.0
"frozenset({'Chaussures', 'Fille', 'Femme', 'Garçon'})",frozenset({'Puériculture'}),0.2,0.2,0.2,1.0,5.0,1.0,0.16,inf,0.9999999999999998,1.0,1.0,1.0
frozenset({'Garçon'}),"frozenset({'Chaussures', 'Homme', 'Femme', 'Fille'})",0.2,0.2,0.2,1.0,5.0,1.0,0.16,inf,0.9999999999999998,1.0,1.0,1.0
frozenset({'Fille'}),"frozenset({'Chaussures', 'Homme', 'Femme', 'Garçon'})",0.2,0.2,0.2,1.0,5.0,1.0,0.16,inf,0.9999999999999998,1.0,1.0,1.0
frozenset({'Chaussures'}),"frozenset({'Homme', 'Femme', 'Garçon', 'Fille'})",0.2,0.2,0.2,1.0,5.0,1.0,0.16,inf,0.9999999999999998,1.0,1.0,1.0
"frozenset({'Femme', 'Garçon'})","frozenset({'Chaussures', 'Homme', 'Fille'})",0.2,0.2,0.2,1.0,5.0,1.0,0.16,inf,0.9999999999999998,1.0,1.0,1.0
"frozenset({'Fille', 'Garçon'})","frozenset({'Chaussures', 'Homme', 'Femme'})",0.2,0.2,0.2,1.0,5.0,1.0,0.16,inf,0.9999999999999998,1.0,1.0,1.0
"frozenset({'Fille', 'Femme'})","frozenset({'Chaussures', 'Homme', 'Garçon'})",0.2,0.2,0.2,1.0,5.0,1.0,0.16,inf,0.9999999999999998,1.0,1.0,1.0
"frozenset({'Homme', 'Garçon'})","frozenset({'Chaussures', 'Fille', 'Femme'})",0.2,0.2,0.2,1.0,5.0,1.0,0.16,inf,0.9999999999999998,1.0,1.0,1.0
"frozenset({'Homme', 'Fille'})","frozenset({'Chaussures', 'Femme', 'Garçon'})",0.2,0.2,0.2,1.0,5.0,1.0,0.16,inf,0.9999999999999998,1.0,1.0,1.0
"frozenset({'Chaussures', 'Garçon'})","frozenset({'Homme', 'Femme', 'Fille'})",0.2,0.2,0.2,1.0,5.0,1.0,0.16,inf,0.9999999999999998,1.0,1.0,1.0
"frozenset({'Chaussures', 'Femme'})","frozenset({'Homme', 'Garçon', 'Fille'})",0.2,0.2,0.2,1.0,5.0,1.0,0.16,inf,0.9999999999999998,1.0,1.0,1.0
"frozenset({'Chaussures', 'Fille'})","frozenset({'Homme', 'Femme', 'Garçon'})",0.2,0.2,0.2,1.0,5.0,1.0,0.16,inf,0.9999999999999998,1.0,1.0,1.0
"frozenset({'Chaussures', 'Garçon'})","frozenset({'Puériculture', 'Fille', 'Femme'})",0.2,0.2,0.2,1.0,5.0,1.0,0.16,inf,0.9999999999999998,1.0,1.0,1.0
"frozenset({'Chaussures', 'Femme'})","frozenset({'Puériculture', 'Fille', 'Garçon'})",0.2,0.2,0.2,1.0,5.0,1.0,0.16,inf,0.9999999999999998,1.0,1.0,1.0
"frozenset({'Chaussures', 'Fille'})","frozenset({'Puériculture', 'Femme', 'Garçon'})",0.2,0.2,0.2,1.0,5.0,1.0,0.16,inf,0.9999999999999998,1.0,1.0,1.0
"frozenset({'Puériculture', 'Femme', 'Garçon'})","frozenset({'Chaussures', 'Fille'})",0.2,0.2,0.2,1.0,5.0,1.0,0.16,inf,0.9999999999999998,1.0,1.0,1.0
"frozenset({'Puériculture', 'Fille', 'Garçon'})","frozenset({'Chaussures', 'Femme'})",0.2,0.2,0.2,1.0,5.0,1.0,0.16,inf,0.9999999999999998,1.0,1.0,1.0
"frozenset({'Puériculture', 'Fille', 'Femme'})","frozenset({'Chaussures', 'Garçon'})",0.2,0.2,0.2,1.0,5.0,1.0,0.16,inf,0.9999999999999998,1.0,1.0,1.0
"frozenset({'Fille', 'Femme', 'Garçon'})","frozenset({'Puériculture', 'Chaussures'})",0.2,0.2,0.2,1.0,5.0,1.0,0.16,inf,0.9999999999999998,1.0,1.0,1.0
"frozenset({'Puériculture', 'Chaussures', 'Garçon'})","frozenset({'Fille', 'Femme'})",0.2,0.2,0.2,1.0,5.0,1.0,0.16,inf,0.9999999999999998,1.0,1.0,1.0
"frozenset({'Puériculture', 'Chaussures', 'Femme'})","frozenset({'Fille', 'Garçon'})",0.2,0.2,0.2,1.0,5.0,1.0,0.16,inf,0.9999999999999998,1.0,1.0,1.0
"frozenset({'Chaussures', 'Femme', 'Garçon'})","frozenset({'Puériculture', 'Fille'})",0.2,0.2,0.2,1.0,5.0,1.0,0.16,inf,0.9999999999999998,1.0,1.0,1.0
"frozenset({'Puériculture', 'Chaussures', 'Fille'})","frozenset({'Femme', 'Garçon'})",0.2,0.2,0.2,1.0,5.0,1.0,0.16,inf,0.9999999999999998,1.0,1.0,1.0
"frozenset({'Chaussures', 'Fille', 'Garçon'})","frozenset({'Puériculture', 'Femme'})",0.2,0.2,0.2,1.0,5.0,1.0,0.16,inf,0.9999999999999998,1.0,1.0,1.0
"frozenset({'Chaussures', 'Fille', 'Femme'})","frozenset({'Puériculture', 'Garçon'})",0.2,0.2,0.2,1.0,5.0,1.0,0.16,inf,0.9999999999999998,1.0,1.0,1.0
"frozenset({'Puériculture', 'Fille', 'Femme', 'Garçon'})",frozenset({'Chaussures'}),0.2,0.2,0.2,1.0,5.0,1.0,0.16,inf,0.9999999999999998,1.0,1.0,1.0
"frozenset({'Puériculture', 'Chaussures', 'Femme', 'Garçon'})",frozenset({'Fille'}),0.2,0.2,0.2,1.0,5.0,1.0,0.16,inf,0.9999999999999998,1.0,1.0,1.0
"frozenset({'Puériculture', 'Chaussures', 'Homme', 'Femme'})",frozenset({'Fille'}),0.2,0.2,0.2,1.0,5.0,1.0,0.16,inf,0.9999999999999998,1.0,1.0,1.0
"frozenset({'Chaussures', 'Homme', 'Femme', 'Fille'})",frozenset({'Puériculture'}),0.2,0.2,0.2,1.0,5.0,1.0,0.16,inf,0.9999999999999998,1.0,1.0,1.0
frozenset({'Puériculture'}),"frozenset({'Chaussures', 'Fille', 'Femme', 'Garçon'})",0.2,0.2,0.2,1.0,5.0,1.0,0.16,inf,0.9999999999999998,1.0,1.0,1.0
frozenset({'Garçon'}),"frozenset({'Puériculture', 'Chaussures', 'Fille', 'Femme'})",0.2,0.2,0.2,1.0,5.0,1.0,0.16,inf,0.9999999999999998,1.0,1.0,1.0
frozenset({'Fille'}),"frozenset({'Puériculture', 'Chaussures', 'Femme', 'Garçon'})",0.2,0.2,0.2,1.0,5.0,1.0,0.16,inf,0.9999999999999998,1.0,1.0,1.0
frozenset({'Chaussures'}),"frozenset({'Puériculture', 'Fille', 'Femme', 'Garçon'})",0.2,0.2,0.2,1.0,5.0,1.0,0.16,inf,0.9999999999999998,1.0,1.0,1.0
"frozenset({'Puériculture', 'Garçon'})","frozenset({'Chaussures', 'Fille', 'Femme'})",0.2,0.2,0.2,1.0,5.0,1.0,0.16,inf,0.9999999999999998,1.0,1.0,1.0
"frozenset({'Puériculture', 'Femme'})","frozenset({'Chaussures', 'Fille', 'Garçon'})",0.2,0.2,0.2,1.0,5.0,1.0,0.16,inf,0.9999999999999998,1.0,1.0,1.0
"frozenset({'Femme', 'Garçon'})","frozenset({'Puériculture', 'Chaussures', 'Fille'})",0.2,0.2,0.2,1.0,5.0,1.0,0.16,inf,0.9999999999999998,1.0,1.0,1.0
"frozenset({'Puériculture', 'Fille'})","frozenset({'Chaussures', 'Femme', 'Garçon'})",0.2,0.2,0.2,1.0,5.0,1.0,0.16,inf,0.9999999999999998,1.0,1.0,1.0
"frozenset({'Fille', 'Garçon'})","frozenset({'Puériculture', 'Chaussures', 'Femme'})",0.2,0.2,0.2,1.0,5.0,1.0,0.16,inf,0.9999999999999998,1.0,1.0,1.0
"frozenset({'Fille', 'Femme'})","frozenset({'Puériculture', 'Chaussures', 'Garçon'})",0.2,0.2,0.2,1.0,5.0,1.0,0.16,inf,0.9999999999999998,1.0,1.0,1.0
"frozenset({'Puériculture', 'Chaussures'})","frozenset({'Fille', 'Femme', 'Garçon'})",0.2,0.2,0.2,1.0,5.0,1.0,0.16,inf,0.9999999999999998,1.0,1.0,1.0
"frozenset({'Homme', 'Fille'})","frozenset({'Puériculture', 'Chaussures', 'Femme'})",0.2,0.2,0.2,1.0,5.0,1.0,0.16,inf,0.9999999999999998,1.0,1.0,1.0
"frozenset({'Puériculture', 'Chaussures'})","frozenset({'Homme', 'Femme', 'Fille'})",0.2,0.2,0.2,1.0,5.0,1.0,0.16,inf,0.9999999999999998,1.0,1.0,1.0
"frozenset({'Chaussures', 'Femme'})","frozenset({'Puériculture', 'Homme', 'Fille'})",0.2,0.2,0.2,1.0,5.0,1.0,0.16,inf,0.9999999999999998,1.0,1.0,1.0
"frozenset({'Chaussures', 'Fille'})","frozenset({'Puériculture', 'Homme', 'Femme'})",0.2,0.2,0.2,1.0,5.0,1.0,0.16,inf,0.9999999999999998,1.0,1.0,1.0
"frozenset({'Chaussures', 'Homme'})","frozenset({'Puériculture', 'Fille', 'Femme'})",0.2,0.2,0.2,1.0,5.0,1.0,0.16,inf,0.9999999999999998,1.0,1.0,1.0
"frozenset({'Puériculture', 'Fille', 'Femme'})","frozenset({'Chaussures', 'Homme'})",0.2,0.2,0.2,1.0,5.0,1.0,0.16,inf,0.9999999999999998,1.0,1.0,1.0
"frozenset({'Puériculture', 'Homme', 'Femme'})","frozenset({'Chaussures', 'Fille'})",0.2,0.2,0.2,1.0,5.0,1.0,0.16,inf,0.9999999999999998,1.0,1.0,1.0
"frozenset({'Puériculture', 'Homme', 'Fille'})","frozenset({'Chaussures', 'Femme'})",0.2,0.2,0.2,1.0,5.0,1.0,0.16,inf,0.9999999999999998,1.0,1.0,1.0
"frozenset({'Homme', 'Femme', 'Fille'})","frozenset({'Puériculture', 'Chaussures'})",0.2,0.2,0.2,1.0,5.0,1.0,0.16,inf,0.9999999999999998,1.0,1.0,1.0
"frozenset({'Puériculture', 'Chaussures', 'Femme'})","frozenset({'Homme', 'Fille'})",0.2,0.2,0.2,1.0,5.0,1.0,0.16,inf,0.9999999999999998,1.0,1.0,1.0
"frozenset({'Chaussures', 'Fille', 'Femme'})","frozenset({'Puériculture', 'Homme'})",0.2,0.2,0.2,1.0,5.0,1.0,0.16,inf,0.9999999999999998,1.0,1.0,1.0
"frozenset({'Puériculture', 'Chaussures', 'Homme'})","frozenset({'Fille', 'Femme'})",0.2,0.2,0.2,1.0,5.0,1.0,0.16,inf,0.9999999999999998,1.0,1.0,1.0
"frozenset({'Chaussures', 'Homme', 'Femme'})","frozenset({'Puériculture', 'Fille'})",0.2,0.2,0.2,1.0,5.0,1.0,0.16,inf,0.9999999999999998,1.0,1.0,1.0
"frozenset({'Chaussures', 'Homme', 'Fille'})","frozenset({'Puériculture', 'Femme'})",0.2,0.2,0.2,1.0,5.0,1.0,0.16,inf,0.9999999999999998,1.0,1.0,1.0
"frozenset({'Puériculture', 'Homme', 'Femme', 'Fille'})",frozenset({'Chaussures'}),0.2,0.2,0.2,1.0,5.0,1.0,0.16,inf,0.9999999999999998,1.0,1.0,1.0
"frozenset({'Chaussures', 'Homme', 'Femme'})","frozenset({'Puériculture', 'Garçon'})",0.2,0.2,0.2,1.0,5.0,1.0,0.16,inf,0.9999999999999998,1.0,1.0,1.0
"frozenset({'Puériculture', 'Homme', 'Femme', 'Garçon'})",frozenset({'Chaussures'}),0.2,0.2,0.2,1.0,5.0,1.0,0.16,inf,0.9999999999999998,1.0,1.0,1.0
"frozenset({'Puériculture', 'Chaussures', 'Homme', 'Femme'})",frozenset({'Garçon'}),0.2,0.2,0.2,1.0,5.0,1.0,0.16,inf,0.9999999999999998,1.0,1.0,1.0
"frozenset({'Chaussures', 'Homme', 'Femme', 'Garçon'})",frozenset({'Puériculture'}),0.2,0.2,0.2,1.0,5.0,1.0,0.16,inf,0.9999999999999998,1.0,1.0,1.0
frozenset({'Puériculture'}),"frozenset({'Chaussures', 'Homme', 'Femme', 'Fille'})",0.2,0.2,0.2,1.0,5.0,1.0,0.16,inf,0.9999999999999998,1.0,1.0,1.0
frozenset({'Fille'}),"frozenset({'Puériculture', 'Chaussures', 'Homme', 'Femme'})",0.2,0.2,0.2,1.0,5.0,1.0,0.16,inf,0.9999999999999998,1.0,1.0,1.0
frozenset({'Chaussures'}),"frozenset({'Puériculture', 'Homme', 'Femme', 'Fille'})",0.2,0.2,0.2,1.0,5.0,1.0,0.16,inf,0.9999999999999998,1.0,1.0,1.0
"frozenset({'Puériculture', 'Femme'})","frozenset({'Chaussures', 'Homme', 'Fille'})",0.2,0.2,0.2,1.0,5.0,1.0,0.16,inf,0.9999999999999998,1.0,1.0,1.0
"frozenset({'Puériculture', 'Fille'})","frozenset({'Chaussures', 'Homme', 'Femme'})",0.2,0.2,0.2,1.0,5.0,1.0,0.16,inf,0.9999999999999998,1.0,1.0,1.0
"frozenset({'Fille', 'Femme'})","frozenset({'Puériculture', 'Chaussures', 'Homme'})",0.2,0.2,0.2,1.0,5.0,1.0,0.16,inf,0.9999999999999998,1.0,1.0,1.0
"frozenset({'Puériculture', 'Homme'})","frozenset({'Chaussures', 'Fille', 'Femme'})",0.2,0.2,0.2,1.0,5.0,1.0,0.16,inf,0.9999999999999998,1.0,1.0,1.0
"frozenset({'Puériculture', 'Homme'})","frozenset({'Chaussures', 'Femme', 'Garçon'})",0.2,0.2,0.2,1.0,5.0,1.0,0.16,inf,0.9999999999999998,1.0,1.0,1.0
"frozenset({'Homme', 'Garçon'})","frozenset({'Puériculture', 'Chaussures', 'Femme'})",0.2,0.2,0.2,1.0,5.0,1.0,0.16,inf,0.9999999999999998,1.0,1.0,1.0
"frozenset({'Puériculture', 'Chaussures'})","frozenset({'Homme', 'Femme', 'Garçon'})",0.2,0.2,0.2,1.0,5.0,1.0,0.16,inf,0.9999999999999998,1.0,1.0,1.0
"frozenset({'Chaussures', 'Garçon'})","frozenset({'Puériculture', 'Homme', 'Femme'})",0.2,0.2,0.2,1.0,5.0,1.0,0.16,inf,0.9999999999999998,1.0,1.0,1.0
"frozenset({'Chaussures', 'Femme'})","frozenset({'Puériculture', 'Homme', 'Garçon'})",0.2,0.2,0.2,1.0,5.0,1.0,0.16,inf,0.9999999999999998,1.0,1.0,1.0
"frozenset({'Chaussures', 'Homme'})","frozenset({'Puériculture', 'Femme', 'Garçon'})",0.2,0.2,0.2,1.0,5.0,1.0,0.16,inf,0.9999999999999998,1.0,1.0,1.0
"frozenset({'Puériculture', 'Femme', 'Garçon'})","frozenset({'Chaussures', 'Homme'})",0.2,0.2,0.2,1.0,5.0,1.0,0.16,inf,0.9999999999999998,1.0,1.0,1.0
"frozenset({'Puériculture', 'Homme', 'Garçon'})","frozenset({'Chaussures', 'Femme'})",0.2,0.2,0.2,1.0,5.0,1.0,0.16,inf,0.9999999999999998,1.0,1.0,1.0
"frozenset({'Puériculture', 'Homme', 'Femme'})","frozenset({'Chaussures', 'Garçon'})",0.2,0.2,0.2,1.0,5.0,1.0,0.16,inf,0.9999999999999998,1.0,1.0,1.0
"frozenset({'Homme', 'Femme', 'Garçon'})","frozenset({'Puériculture', 'Chaussures'})",0.2,0.2,0.2,1.0,5.0,1.0,0.16,inf,0.9999999999999998,1.0,1.0,1.0
"frozenset({'Puériculture', 'Chaussures', 'Femme'})","frozenset({'Homme', 'Garçon'})",0.2,0.2,0.2,1.0,5.0,1.0,0.16,inf,0.9999999999999998,1.0,1.0,1.0
"frozenset({'Chaussures', 'Femme', 'Garçon'})","frozenset({'Puériculture', 'Homme'})",0.2,0.2,0.2,1.0,5.0,1.0,0.16,inf,0.9999999999999998,1.0,1.0,1.0
"frozenset({'Puériculture', 'Chaussures', 'Homme'})","frozenset({'Femme', 'Garçon'})",0.2,0.2,0.2,1.0,5.0,1.0,0.16,inf,0.9999999999999998,1.0,1.0,1.0
"frozenset({'Chaussures', 'Homme', 'Garçon'})","frozenset({'Puériculture', 'Femme'})",0.2,0.2,0.2,1.0,5.0,1.0,0.16,inf,0.9999999999999998,1.0,1.0,1.0
"frozenset({'Puériculture', 'Chaussures', 'Homme'})","frozenset({'Fille', 'Garçon'})",0.2,0.2,0.2,1.0,5.0,1.0,0.16,inf,0.9999999999999998,1.0,1.0,1.0
"frozenset({'Chaussures', 'Homme', 'Garçon'})","frozenset({'Puériculture', 'Fille'})",0.2,0.2,0.2,1.0,5.0,1.0,0.16,inf,0.9999999999999998,1.0,1.0,1.0
"frozenset({'Chaussures', 'Homme', 'Fille'})","frozenset({'Puériculture', 'Garçon'})",0.2,0.2,0.2,1.0,5.0,1.0,0.16,inf,0.9999999999999998,1.0,1.0,1.0
"frozenset({'Puériculture', 'Homme', 'Garçon', 'Fille'})",frozenset({'Chaussures'}),0.2,0.2,0.2,1.0,5.0,1.0,0.16,inf,0.9999999999999998,1.0,1.0,1.0
"frozenset({'Puériculture', 'Chaussures', 'Homme', 'Garçon'})",frozenset({'Fille'}),0.2,0.2,0.2,1.0,5.0,1.0,0.16,inf,0.9999999999999998,1.0,1.0,1.0
"frozenset({'Puériculture', 'Chaussures', 'Homme', 'Fille'})",frozenset({'Garçon'}),0.2,0.2,0.2,1.0,5.0,1.0,0.16,inf,0.9999999999999998,1.0,1.0,1.0
"frozenset({'Chaussures', 'Homme', 'Garçon', 'Fille'})",frozenset({'Puériculture'}),0.2,0.2,0.2,1.0,5.0,1.0,0.16,inf,0.9999999999999998,1.0,1.0,1.0
frozenset({'Puériculture'}),"frozenset({'Chaussures', 'Homme', 'Femme', 'Garçon'})",0.2,0.2,0.2,1.0,5.0,1.0,0.16,inf,0.9999999999999998,1.0,1.0,1.0
frozenset({'Garçon'}),"frozenset({'Puériculture', 'Chaussures', 'Homme', 'Femme'})",0.2,0.2,0.2,1.0,5.0,1.0,0.16,inf,0.9999999999999998,1.0,1.0,1.0
frozenset({'Chaussures'}),"frozenset({'Puériculture', 'Homme', 'Femme', 'Garçon'})",0.2,0.2,0.2,1.0,5.0,1.0,0.16,inf,0.9999999999999998,1.0,1.0,1.0
"frozenset({'Puériculture', 'Garçon'})","frozenset({'Chaussures', 'Homme', 'Femme'})",0.2,0.2,0.2,1.0,5.0,1.0,0.16,inf,0.9999999999999998,1.0,1.0,1.0
"frozenset({'Puériculture', 'Femme'})","frozenset({'Chaussures', 'Homme', 'Garçon'})",0.2,0.2,0.2,1.0,5.0,1.0,0.16,inf,0.9999999999999998,1.0,1.0,1.0
"frozenset({'Femme', 'Garçon'})","frozenset({'Puériculture', 'Chaussures', 'Homme'})",0.2,0.2,0.2,1.0,5.0,1.0,0.16,inf,0.9999999999999998,1.0,1.0,1.0
"frozenset({'Fille', 'Femme', 'Bébé'})","frozenset({'Puériculture', 'Chaussures', 'Garçon'})",0.2,0.2,0.2,1.0,5.0,1.0,0.16,inf,0.9999999999999998,1.0,1.0,1.0
"frozenset({'Puériculture', 'Chaussures', 'Garçon'})","frozenset({'Fille', 'Femme', 'Bébé'})",0.2,0.2,0.2,1.0,5.0,1.0,0.16,inf,0.9999999999999998,1.0,1.0,1.0
"frozenset({'Puériculture', 'Chaussures', 'Femme'})","frozenset({'Fille', 'Garçon', 'Bébé'})",0.2,0.2,0.2,1.0,5.0,1.0,0.16,inf,0.9999999999999998,1.0,1.0,1.0
"frozenset({'Chaussures', 'Femme', 'Garçon'})","frozenset({'Puériculture', 'Fille', 'Bébé'})",0.2,0.2,0.2,1.0,5.0,1.0,0.16,inf,0.9999999999999998,1.0,1.0,1.0
"frozenset({'Puériculture', 'Chaussures', 'Fille'})","frozenset({'Femme', 'Garçon', 'Bébé'})",0.2,0.2,0.2,1.0,5.0,1.0,0.16,inf,0.9999999999999998,1.0,1.0,1.0
"frozenset({'Chaussures', 'Fille', 'Garçon'})","frozenset({'Puériculture', 'Femme', 'Bébé'})",0.2,0.2,0.2,1.0,5.0,1.0,0.16,inf,0.9999999999999998,1.0,1.0,1.0
"frozenset({'Chaussures', 'Fille', 'Femme'})","frozenset({'Puériculture', 'Garçon', 'Bébé'})",0.2,0.2,0.2,1.0,5.0,1.0,0.16,inf,0.9999999999999998,1.0,1.0,1.0
"frozenset({'Puériculture', 'Chaussures', 'Bébé'})","frozenset({'Fille', 'Femme', 'Garçon'})",0.2,0.2,0.2,1.0,5.0,1.0,0.16,inf,0.9999999999999998,1.0,1.0,1.0
"frozenset({'Chaussures', 'Garçon', 'Bébé'})","frozenset({'Puériculture', 'Fille', 'Femme'})",0.2,0.2,0.2,1.0,5.0,1.0,0.16,inf,0.9999999999999998,1.0,1.0,1.0
"frozenset({'Chaussures', 'Femme', 'Bébé'})","frozenset({'Puériculture', 'Fille', 'Garçon'})",0.2,0.2,0.2,1.0,5.0,1.0,0.16,inf,0.9999999999999998,1.0,1.0,1.0
"frozenset({'Chaussures', 'Fille', 'Bébé'})","frozenset({'Puériculture', 'Femme', 'Garçon'})",0.2,0.2,0.2,1.0,5.0,1.0,0.16,inf,0.9999999999999998,1.0,1.0,1.0
"frozenset({'Puériculture', 'Fille', 'Femme', 'Garçon'})","frozenset({'Chaussures', 'Bébé'})",0.2,0.2,0.2,1.0,5.0,1.0,0.16,inf,0.9999999999999998,1.0,1.0,1.0
"frozenset({'Puériculture', 'Femme', 'Garçon', 'Bébé'})","frozenset({'Chaussures', 'Fille'})",0.2,0.2,0.2,1.0,5.0,1.0,0.16,inf,0.9999999999999998,1.0,1.0,1.0
"frozenset({'Puériculture', 'Fille', 'Garçon', 'Bébé'})","frozenset({'Chaussures', 'Femme'})",0.2,0.2,0.2,1.0,5.0,1.0,0.16,inf,0.9999999999999998,1.0,1.0,1.0
"frozenset({'Puériculture', 'Fille', 'Femme', 'Bébé'})","frozenset({'Chaussures', 'Garçon'})",0.2,0.2,0.2,1.0,5.0,1.0,0.16,inf,0.9999999999999998,1.0,1.0,1.0
"frozenset({'Fille', 'Femme', 'Garçon', 'Bébé'})","frozenset({'Puériculture', 'Chaussures'})",0.2,0.2,0.2,1.0,5.0,1.0,0.16,inf,0.9999999999999998,1.0,1.0,1.0
"frozenset({'Puériculture', 'Fille'})","frozenset({'Chaussures', 'Homme', 'Garçon'})",0.2,0.2,0.2,1.0,5.0,1.0,0.16,inf,0.9999999999999998,1.0,1.0,1.0
"frozenset({'Fille', 'Garçon'})","frozenset({'Puériculture', 'Chaussures', 'Homme'})",0.2,0.2,0.2,1.0,5.0,1.0,0.16,inf,0.9999999999999998,1.0,1.0,1.0
"frozenset({'Puériculture', 'Homme'})","frozenset({'Chaussures', 'Fille', 'Garçon'})",0.2,0.2,0.2,1.0,5.0,1.0,0.16,inf,0.9999999999999998,1.0,1.0,1.0
"frozenset({'Homme', 'Garçon'})","frozenset({'Puériculture', 'Chaussures', 'Fille'})",0.2,0.2,0.2,1.0,5.0,1.0,0.16,inf,0.9999999999999998,1.0,1.0,1.0
"frozenset({'Homme', 'Fille'})","frozenset({'Puériculture', 'Chaussures', 'Garçon'})",0.2,0.2,0.2,1.0,5.0,1.0,0.16,inf,0.9999999999999998,1.0,1.0,1.0
"frozenset({'Puériculture', 'Chaussures'})","frozenset({'Homme', 'Garçon', 'Fille'})",0.2,0.2,0.2,1.0,5.0,1.0,0.16,inf,0.9999999999999998,1.0,1.0,1.0
"frozenset({'Chaussures', 'Garçon'})","frozenset({'Puériculture', 'Homme', 'Fille'})",0.2,0.2,0.2,1.0,5.0,1.0,0.16,inf,0.9999999999999998,1.0,1.0,1.0
"frozenset({'Chaussures', 'Fille'})","frozenset({'Puériculture', 'Homme', 'Garçon'})",0.2,0.2,0.2,1.0,5.0,1.0,0.16,inf,0.9999999999999998,1.0,1.0,1.0
"frozenset({'Chaussures', 'Homme'})","frozenset({'Puériculture', 'Fille', 'Garçon'})",0.2,0.2,0.2,1.0,5.0,1.0,0.16,inf,0.9999999999999998,1.0,1.0,1.0
"frozenset({'Puériculture', 'Fille', 'Garçon'})","frozenset({'Chaussures', 'Homme'})",0.2,0.2,0.2,1.0,5.0,1.0,0.16,inf,0.9999999999999998,1.0,1.0,1.0
"frozenset({'Puériculture', 'Homme', 'Garçon'})","frozenset({'Chaussures', 'Fille'})",0.2,0.2,0.2,1.0,5.0,1.0,0.16,inf,0.9999999999999998,1.0,1.0,1.0
"frozenset({'Puériculture', 'Homme', 'Fille'})","frozenset({'Chaussures', 'Garçon'})",0.2,0.2,0.2,1.0,5.0,1.0,0.16,inf,0.9999999999999998,1.0,1.0,1.0
"frozenset({'Homme', 'Garçon', 'Fille'})","frozenset({'Puériculture', 'Chaussures'})",0.2,0.2,0.2,1.0,5.0,1.0,0.16,inf,0.9999999999999998,1.0,1.0,1.0
"frozenset({'Puériculture', 'Chaussures', 'Garçon'})","frozenset({'Homme', 'Fille'})",0.2,0.2,0.2,1.0,5.0,1.0,0.16,inf,0.9999999999999998,1.0,1.0,1.0
"frozenset({'Puériculture', 'Chaussures', 'Fille'})","frozenset({'Homme', 'Garçon'})",0.2,0.2,0.2,1.0,5.0,1.0,0.16,inf,0.9999999999999998,1.0,1.0,1.0
"frozenset({'Chaussures', 'Fille', 'Garçon'})","frozenset({'Puériculture', 'Homme'})",0.2,0.2,0.2,1.0,5.0,1.0,0.16,inf,0.9999999999999998,1.0,1.0,1.0
"frozenset({'Enfants', 'Homme', 'Ventes Flash'})","frozenset({'Femme', 'Maison'})",0.2,0.2,0.2,1.0,5.0,1.0,0.16,inf,0.9999999999999998,1.0,1.0,1.0
"frozenset({'Homme', 'Femme', 'Ventes Flash'})","frozenset({'Enfants', 'Maison'})",0.2,0.2,0.2,1.0,5.0,1.0,0.16,inf,0.9999999999999998,1.0,1.0,1.0
"frozenset({'Enfants', 'Homme', 'Maison'})","frozenset({'Femme', 'Ventes Flash'})",0.2,0.2,0.2,1.0,5.0,1.0,0.16,inf,0.9999999999999998,1.0,1.0,1.0
"frozenset({'Femme', 'Homme', 'Maison'})","frozenset({'Enfants', 'Ventes Flash'})",0.2,0.2,0.2,1.0,5.0,1.0,0.16,inf,0.9999999999999998,1.0,1.0,1.0
"frozenset({'Homme', 'Maison', 'Ventes Flash'})","frozenset({'Enfants', 'Femme'})",0.2,0.2,0.2,1.0,5.0,1.0,0.16,inf,0.9999999999999998,1.0,1.0,1.0
"frozenset({'Femme', 'Homme', 'Maison', 'Enfants'})",frozenset({'Ventes Flash'}),0.2,0.2,0.2,1.0,5.0,1.0,0.16,inf,0.9999999999999998,1.0,1.0,1.0
"frozenset({'Femme', 'Homme', 'Maison', 'Ventes Flash'})",frozenset({'Enfants'}),0.2,0.2,0.2,1.0,5.0,1.0,0.16,inf,0.9999999999999998,1.0,1.0,1.0
frozenset({'Puériculture'}),"frozenset({'Chaussures', 'Homme', 'Garçon', 'Fille'})",0.2,0.2,0.2,1.0,5.0,1.0,0.16,inf,0.9999999999999998,1.0,1.0,1.0
frozenset({'Garçon'}),"frozenset({'Puériculture', 'Chaussures', 'Homme', 'Fille'})",0.2,0.2,0.2,1.0,5.0,1.0,0.16,inf,0.9999999999999998,1.0,1.0,1.0
frozenset({'Fille'}),"frozenset({'Puériculture', 'Chaussures', 'Homme', 'Garçon'})",0.2,0.2,0.2,1.0,5.0,1.0,0.16,inf,0.9999999999999998,1.0,1.0,1.0
frozenset({'Chaussures'}),"frozenset({'Puériculture', 'Homme', 'Garçon', 'Fille'})",0.2,0.2,0.2,1.0,5.0,1.0,0.16,inf,0.9999999999999998,1.0,1.0,1.0
"frozenset({'Puériculture', 'Garçon'})","frozenset({'Chaussures', 'Homme', 'Fille'})",0.2,0.2,0.2,1.0,5.0,1.0,0.16,inf,0.9999999999999998,1.0,1.0,1.0
"frozenset({'Enfants', 'Femme'})","frozenset({'Homme', 'Maison', 'Ventes Flash'})",0.2,0.2,0.2,1.0,5.0,1.0,0.16,inf,0.9999999999999998,1.0,1.0,1.0
"frozenset({'Enfants', 'Ventes Flash'})","frozenset({'Femme', 'Homme', 'Maison'})",0.2,0.2,0.2,1.0,5.0,1.0,0.16,inf,0.9999999999999998,1.0,1.0,1.0
"frozenset({'Femme', 'Ventes Flash'})","frozenset({'Enfants', 'Homme', 'Maison'})",0.2,0.2,0.2,1.0,5.0,1.0,0.16,inf,0.9999999999999998,1.0,1.0,1.0
"frozenset({'Enfants', 'Maison'})","frozenset({'Homme', 'Femme', 'Ventes Flash'})",0.2,0.2,0.2,1.0,5.0,1.0,0.16,inf,0.9999999999999998,1.0,1.0,1.0
"frozenset({'Femme', 'Maison'})","frozenset({'Enfants', 'Homme', 'Ventes Flash'})",0.2,0.2,0.2,1.0,5.0,1.0,0.16,inf,0.9999999999999998,1.0,1.0,1.0
"frozenset({'Maison', 'Ventes Flash'})","frozenset({'Enfants', 'Homme', 'Femme'})",0.2,0.2,0.2,1.0,5.0,1.0,0.16,inf,0.9999999999999998,1.0,1.0,1.0
"frozenset({'Enfants', 'Homme'})","frozenset({'Femme', 'Maison', 'Ventes Flash'})",0.2,0.2,0.2,1.0,5.0,1.0,0.16,inf,0.9999999999999998,1.0,1.0,1.0
"frozenset({'Homme', 'Ventes Flash'})","frozenset({'Femme', 'Enfants', 'Maison'})",0.2,0.2,0.2,1.0,5.0,1.0,0.16,inf,0.9999999999999998,1.0,1.0,1.0
"frozenset({'Homme', 'Maison'})","frozenset({'Enfants', 'Femme', 'Ventes Flash'})",0.2,0.2,0.2,1.0,5.0,1.0,0.16,inf,0.9999999999999998,1.0,1.0,1.0
"frozenset({'Enfants', 'Femme', 'Ventes Flash'})","frozenset({'Homme', 'Maison'})",0.2,0.2,0.2,1.0,5.0,1.0,0.16,inf,0.9999999999999998,1.0,1.0,1.0
"frozenset({'Femme', 'Enfants', 'Maison'})","frozenset({'Homme', 'Ventes Flash'})",0.2,0.2,0.2,1.0,5.0,1.0,0.16,inf,0.9999999999999998,1.0,1.0,1.0
"frozenset({'Femme', 'Maison', 'Ventes Flash'})","frozenset({'Enfants', 'Homme'})",0.2,0.2,0.2,1.0,5.0,1.0,0.16,inf,0.9999999999999998,1.0,1.0,1.0
"frozenset({'Enfants', 'Homme', 'Femme'})","frozenset({'Maison', 'Ventes Flash'})",0.2,0.2,0.2,1.0,5.0,1.0,0.16,inf,0.9999999999999998,1.0,1.0,1.0
"frozenset({'Fille', 'Femme', 'Garçon'})","frozenset({'Puériculture', 'Homme'})",0.2,0.2,0.2,1.0,5.0,1.0,0.16,inf,0.9999999999999998,1.0,1.0,1.0
"frozenset({'Puériculture', 'Homme', 'Garçon'})","frozenset({'Fille', 'Femme'})",0.2,0.2,0.2,1.0,5.0,1.0,0.16,inf,0.9999999999999998,1.0,1.0,1.0
"frozenset({'Puériculture', 'Homme', 'Femme'})","frozenset({'Fille', 'Garçon'})",0.2,0.2,0.2,1.0,5.0,1.0,0.16,inf,0.9999999999999998,1.0,1.0,1.0
"frozenset({'Homme', 'Femme', 'Garçon'})","frozenset({'Puériculture', 'Fille'})",0.2,0.2,0.2,1.0,5.0,1.0,0.16,inf,0.9999999999999998,1.0,1.0,1.0
"frozenset({'Puériculture', 'Homme', 'Fille'})","frozenset({'Femme', 'Garçon'})",0.2,0.2,0.2,1.0,5.0,1.0,0.16,inf,0.9999999999999998,1.0,1.0,1.0
"frozenset({'Homme', 'Garçon', 'Fille'})","frozenset({'Puériculture', 'Femme'})",0.2,0.2,0.2,1.0,5.0,1.0,0.16,inf,0.9999999999999998,1.0,1.0,1.0
"frozenset({'Homme', 'Femme', 'Fille'})","frozenset({'Puériculture', 'Garçon'})",0.2,0.2,0.2,1.0,5.0,1.0,0.16,inf,0.9999999999999998,1.0,1.0,1.0
"frozenset({'Puériculture', 'Homme', 'Femme', 'Garçon'})",frozenset({'Fille'}),0.2,0.2,0.2,1.0,5.0,1.0,0.16,inf,0.9999999999999998,1.0,1.0,1.0
"frozenset({'Puériculture', 'Homme', 'Femme', 'Fille'})",frozenset({'Garçon'}),0.2,0.2,0.2,1.0,5.0,1.0,0.16,inf,0.9999999999999998,1.0,1.0,1.0
"frozenset({'Homme', 'Femme', 'Garçon', 'Fille'})",frozenset({'Puériculture'}),0.2,0.2,0.2,1.0,5.0,1.0,0.16,inf,0.9999999999999998,1.0,1.0,1.0
frozenset({'Enfants'}),"frozenset({'Femme', 'Homme', 'Maison', 'Ventes Flash'})",0.2,0.2,0.2,1.0,5.0,1.0,0.16,inf,0.9999999999999998,1.0,1.0,1.0
frozenset({'Ventes Flash'}),"frozenset({'Femme', 'Homme', 'Maison', 'Enfants'})",0.2,0.2,0.2,1.0,5.0,1.0,0.16,inf,0.9999999999999998,1.0,1.0,1.0
frozenset({'Fille'}),"frozenset({'Puériculture', 'Homme', 'Femme', 'Garçon'})",0.2,0.2,0.2,1.0,5.0,1.0,0.16,inf,0.9999999999999998,1.0,1.0,1.0
"frozenset({'Puériculture', 'Garçon'})","frozenset({'Homme', 'Femme', 'Fille'})",0.2,0.2,0.2,1.0,5.0,1.0,0.16,inf,0.9999999999999998,1.0,1.0,1.0
"frozenset({'Puériculture', 'Femme'})","frozenset({'Homme', 'Garçon', 'Fille'})",0.2,0.2,0.2,1.0,5.0,1.0,0.16,inf,0.9999999999999998,1.0,1.0,1.0
"frozenset({'Femme', 'Garçon'})","frozenset({'Puériculture', 'Homme', 'Fille'})",0.2,0.2,0.2,1.0,5.0,1.0,0.16,inf,0.9999999999999998,1.0,1.0,1.0
"frozenset({'Puériculture', 'Fille'})","frozenset({'Homme', 'Femme', 'Garçon'})",0.2,0.2,0.2,1.0,5.0,1.0,0.16,inf,0.9999999999999998,1.0,1.0,1.0
"frozenset({'Fille', 'Garçon'})","frozenset({'Puériculture', 'Homme', 'Femme'})",0.2,0.2,0.2,1.0,5.0,1.0,0.16,inf,0.9999999999999998,1.0,1.0,1.0
"frozenset({'Fille', 'Femme'})","frozenset({'Puériculture', 'Homme', 'Garçon'})",0.2,0.2,0.2,1.0,5.0,1.0,0.16,inf,0.9999999999999998,1.0,1.0,1.0
"frozenset({'Puériculture', 'Homme'})","frozenset({'Fille', 'Femme', 'Garçon'})",0.2,0.2,0.2,1.0,5.0,1.0,0.16,inf,0.9999999999999998,1.0,1.0,1.0
"frozenset({'Homme', 'Garçon'})","frozenset({'Puériculture', 'Fille', 'Femme'})",0.2,0.2,0.2,1.0,5.0,1.0,0.16,inf,0.9999999999999998,1.0,1.0,1.0
"frozenset({'Homme', 'Fille'})","frozenset({'Puériculture', 'Femme', 'Garçon'})",0.2,0.2,0.2,1.0,5.0,1.0,0.16,inf,0.9999999999999998,1.0,1.0,1.0
"frozenset({'Puériculture', 'Femme', 'Garçon'})","frozenset({'Homme', 'Fille'})",0.2,0.2,0.2,1.0,5.0,1.0,0.16,inf,0.9999999999999998,1.0,1.0,1.0
"frozenset({'Puériculture', 'Fille', 'Femme'})","frozenset({'Homme', 'Garçon'})",0.2,0.2,0.2,1.0,5.0,1.0,0.16,inf,0.9999999999999998,1.0,1.0,1.0
"frozenset({'Puériculture', 'Chaussures', 'Femme', 'Garçon'})","frozenset({'Fille', 'Bébé'})",0.2,0.2,0.2,1.0,5.0,1.0,0.16,inf,0.9999999999999998,1.0,1.0,1.0
"frozenset({'Puériculture', 'Chaussures', 'Fille', 'Garçon'})","frozenset({'Femme', 'Bébé'})",0.2,0.2,0.2,1.0,5.0,1.0,0.16,inf,0.9999999999999998,1.0,1.0,1.0
"frozenset({'Puériculture', 'Chaussures', 'Fille', 'Femme'})","frozenset({'Garçon', 'Bébé'})",0.2,0.2,0.2,1.0,5.0,1.0,0.16,inf,0.9999999999999998,1.0,1.0,1.0
"frozenset({'Chaussures', 'Fille', 'Femme', 'Garçon'})","frozenset({'Puériculture', 'Bébé'})",0.2,0.2,0.2,1.0,5.0,1.0,0.16,inf,0.9999999999999998,1.0,1.0,1.0
"frozenset({'Puériculture', 'Chaussures', 'Garçon', 'Bébé'})","frozenset({'Fille', 'Femme'})",0.2,0.2,0.2,1.0,5.0,1.0,0.16,inf,0.9999999999999998,1.0,1.0,1.0
"frozenset({'Puériculture', 'Chaussures', 'Femme', 'Bébé'})","frozenset({'Fille', 'Garçon'})",0.2,0.2,0.2,1.0,5.0,1.0,0.16,inf,0.9999999999999998,1.0,1.0,1.0
"frozenset({'Chaussures', 'Femme', 'Garçon', 'Bébé'})","frozenset({'Puériculture', 'Fille'})",0.2,0.2,0.2,1.0,5.0,1.0,0.16,inf,0.9999999999999998,1.0,1.0,1.0
"frozenset({'Puériculture', 'Chaussures', 'Fille', 'Bébé'})","frozenset({'Femme', 'Garçon'})",0.2,0.2,0.2,1.0,5.0,1.0,0.16,inf,0.9999999999999998,1.0,1.0,1.0
"frozenset({'Chaussures', 'Fille', 'Garçon', 'Bébé'})","frozenset({'Puériculture', 'Femme'})",0.2,0.2,0.2,1.0,5.0,1.0,0.16,inf,0.9999999999999998,1.0,1.0,1.0
"frozenset({'Chaussures', 'Fille', 'Femme', 'Bébé'})","frozenset({'Puériculture', 'Garçon'})",0.2,0.2,0.2,1.0,5.0,1.0,0.16,inf,0.9999999999999998,1.0,1.0,1.0
"frozenset({'Bébé', 'Fille', 'Femme', 'Garçon', 'Puériculture'})",frozenset({'Chaussures'}),0.2,0.2,0.2,1.0,5.0,1.0,0.16,inf,0.9999999999999998,1.0,1.0,1.0
"frozenset({'Chaussures', 'Fille', 'Femme', 'Garçon', 'Puériculture'})",frozenset({'Bébé'}),0.2,0.2,0.2,1.0,5.0,1.0,0.16,inf,0.9999999999999998,1.0,1.0,1.0
"frozenset({'Chaussures', 'Bébé', 'Femme', 'Garçon', 'Puériculture'})",frozenset({'Fille'}),0.2,0.2,0.2,1.0,5.0,1.0,0.16,inf,0.9999999999999998,1.0,1.0,1.0
"frozenset({'Chaussures', 'Bébé', 'Fille', 'Femme', 'Puériculture'})",frozenset({'Garçon'}),0.2,0.2,0.2,1.0,5.0,1.0,0.16,inf,0.9999999999999998,1.0,1.0,1.0
"frozenset({'Chaussures', 'Bébé', 'Fille', 'Femme', 'Garçon'})",frozenset({'Puériculture'}),0.2,0.2,0.2,1.0,5.0,1.0,0.16,inf,0.9999999999999998,1.0,1.0,1.0
"frozenset({'Chaussures', 'Fille', 'Femme', 'Bébé'})","frozenset({'Homme', 'Garçon'})",0.2,0.2,0.2,1.0,5.0,1.0,0.16,inf,0.9999999999999998,1.0,1.0,1.0
"frozenset({'Chaussures', 'Homme', 'Femme', 'Garçon'})","frozenset({'Fille', 'Bébé'})",0.2,0.2,0.2,1.0,5.0,1.0,0.16,inf,0.9999999999999998,1.0,1.0,1.0
"frozenset({'Chaussures', 'Homme', 'Garçon', 'Fille'})","frozenset({'Femme', 'Bébé'})",0.2,0.2,0.2,1.0,5.0,1.0,0.16,inf,0.9999999999999998,1.0,1.0,1.0
"frozenset({'Chaussures', 'Homme', 'Femme', 'Fille'})","frozenset({'Garçon', 'Bébé'})",0.2,0.2,0.2,1.0,5.0,1.0,0.16,inf,0.9999999999999998,1.0,1.0,1.0
"frozenset({'Chaussures', 'Homme', 'Garçon', 'Bébé'})","frozenset({'Fille', 'Femme'})",0.2,0.2,0.2,1.0,5.0,1.0,0.16,inf,0.9999999999999998,1.0,1.0,1.0
"frozenset({'Chaussures', 'Homme', 'Femme', 'Bébé'})","frozenset({'Fille', 'Garçon'})",0.2,0.2,0.2,1.0,5.0,1.0,0.16,inf,0.9999999999999998,1.0,1.0,1.0
"frozenset({'Chaussures', 'Homme', 'Fille', 'Bébé'})","frozenset({'Femme', 'Garçon'})",0.2,0.2,0.2,1.0,5.0,1.0,0.16,inf,0.9999999999999998,1.0,1.0,1.0
"frozenset({'Homme', 'Bébé', 'Fille', 'Femme', 'Garçon'})",frozenset({'Chaussures'}),0.2,0.2,0.2,1.0,5.0,1.0,0.16,inf,0.9999999999999998,1.0,1.0,1.0
"frozenset({'Chaussures', 'Homme', 'Fille', 'Femme', 'Garçon'})",frozenset({'Bébé'}),0.2,0.2,0.2,1.0,5.0,1.0,0.16,inf,0.9999999999999998,1.0,1.0,1.0
"frozenset({'Chaussures', 'Homme', 'Bébé', 'Femme', 'Garçon'})",frozenset({'Fille'}),0.2,0.2,0.2,1.0,5.0,1.0,0.16,inf,0.9999999999999998,1.0,1.0,1.0
"frozenset({'Chaussures', 'Homme', 'Bébé', 'Fille', 'Femme'})",frozenset({'Garçon'}),0.2,0.2,0.2,1.0,5.0,1.0,0.16,inf,0.9999999999999998,1.0,1.0,1.0
frozenset({'Puériculture'}),"frozenset({'Homme', 'Femme', 'Garçon', 'Fille'})",0.2,0.2,0.2,1.0,5.0,1.0,0.16,inf,0.9999999999999998,1.0,1.0,1.0
frozenset({'Garçon'}),"frozenset({'Puériculture', 'Homme', 'Femme', 'Fille'})",0.2,0.2,0.2,1.0,5.0,1.0,0.16,inf,0.9999999999999998,1.0,1.0,1.0
"frozenset({'Chaussures', 'Fille', 'Garçon'})","frozenset({'Homme', 'Femme', 'Bébé'})",0.2,0.2,0.2,1.0,5.0,1.0,0.16,inf,0.9999999999999998,1.0,1.0,1.0
"frozenset({'Chaussures', 'Fille', 'Femme'})","frozenset({'Homme', 'Garçon', 'Bébé'})",0.2,0.2,0.2,1.0,5.0,1.0,0.16,inf,0.9999999999999998,1.0,1.0,1.0
"frozenset({'Chaussures', 'Garçon', 'Bébé'})","frozenset({'Homme', 'Femme', 'Fille'})",0.2,0.2,0.2,1.0,5.0,1.0,0.16,inf,0.9999999999999998,1.0,1.0,1.0
"frozenset({'Chaussures', 'Femme', 'Bébé'})","frozenset({'Homme', 'Garçon', 'Fille'})",0.2,0.2,0.2,1.0,5.0,1.0,0.16,inf,0.9999999999999998,1.0,1.0,1.0
"frozenset({'Chaussures', 'Fille', 'Bébé'})","frozenset({'Homme', 'Femme', 'Garçon'})",0.2,0.2,0.2,1.0,5.0,1.0,0.16,inf,0.9999999999999998,1.0,1.0,1.0
"frozenset({'Chaussures', 'Homme', 'Garçon'})","frozenset({'Fille', 'Femme', 'Bébé'})",0.2,0.2,0.2,1.0,5.0,1.0,0.16,inf,0.9999999999999998,1.0,1.0,1.0
"frozenset({'Chaussures', 'Homme', 'Femme'})","frozenset({'Fille', 'Garçon', 'Bébé'})",0.2,0.2,0.2,1.0,5.0,1.0,0.16,inf,0.9999999999999998,1.0,1.0,1.0
"frozenset({'Chaussures', 'Homme', 'Fille'})","frozenset({'Femme', 'Garçon', 'Bébé'})",0.2,0.2,0.2,1.0,5.0,1.0,0.16,inf,0.9999999999999998,1.0,1.0,1.0
"frozenset({'Chaussures', 'Homme', 'Bébé'})","frozenset({'Fille', 'Femme', 'Garçon'})",0.2,0.2,0.2,1.0,5.0,1.0,0.16,inf,0.9999999999999998,1.0,1.0,1.0
"frozenset({'Fille', 'Femme', 'Garçon', 'Bébé'})","frozenset({'Chaussures', 'Homme'})",0.2,0.2,0.2,1.0,5.0,1.0,0.16,inf,0.9999999999999998,1.0,1.0,1.0
"frozenset({'Homme', 'Femme', 'Garçon', 'Fille'})","frozenset({'Chaussures', 'Bébé'})",0.2,0.2,0.2,1.0,5.0,1.0,0.16,inf,0.9999999999999998,1.0,1.0,1.0
"frozenset({'Homme', 'Femme', 'Garçon', 'Bébé'})","frozenset({'Chaussures', 'Fille'})",0.2,0.2,0.2,1.0,5.0,1.0,0.16,inf,0.9999999999999998,1.0,1.0,1.0
"frozenset({'Homme', 'Fille', 'Garçon', 'Bébé'})","frozenset({'Chaussures', 'Femme'})",0.2,0.2,0.2,1.0,5.0,1.0,0.16,inf,0.9999999999999998,1.0,1.0,1.0
"frozenset({'Homme', 'Femme', 'Fille', 'Bébé'})","frozenset({'Chaussures', 'Garçon'})",0.2,0.2,0.2,1.0,5.0,1.0,0.16,inf,0.9999999999999998,1.0,1.0,1.0
"frozenset({'Chaussures', 'Fille', 'Femme', 'Garçon'})","frozenset({'Homme', 'Bébé'})",0.2,0.2,0.2,1.0,5.0,1.0,0.16,inf,0.9999999999999998,1.0,1.0,1.0
"frozenset({'Chaussures', 'Femme', 'Garçon', 'Bébé'})","frozenset({'Homme', 'Fille'})",0.2,0.2,0.2,1.0,5.0,1.0,0.16,inf,0.9999999999999998,1.0,1.0,1.0
"frozenset({'Chaussures', 'Garçon'})","frozenset({'Homme', 'Femme', 'Fille', 'Bébé'})",0.2,0.2,0.2,1.0,5.0,1.0,0.16,inf,0.9999999999999998,1.0,1.0,1.0
"frozenset({'Chaussures', 'Femme'})","frozenset({'Homme', 'Fille', 'Garçon', 'Bébé'})",0.2,0.2,0.2,1.0,5.0,1.0,0.16,inf,0.9999999999999998,1.0,1.0,1.0
"frozenset({'Chaussures', 'Fille'})","frozenset({'Homme', 'Femme', 'Garçon', 'Bébé'})",0.2,0.2,0.2,1.0,5.0,1.0,0.16,inf,0.9999999999999998,1.0,1.0,1.0
"frozenset({'Chaussures', 'Bébé'})","frozenset({'Homme', 'Femme', 'Garçon', 'Fille'})",0.2,0.2,0.2,1.0,5.0,1.0,0.16,inf,0.9999999999999998,1.0,1.0,1.0
"frozenset({'Chaussures', 'Homme'})","frozenset({'Fille', 'Femme', 'Garçon', 'Bébé'})",0.2,0.2,0.2,1.0,5.0,1.0,0.16,inf,0.9999999999999998,1.0,1.0,1.0
"frozenset({'Fille', 'Femme', 'Garçon'})","frozenset({'Chaussures', 'Homme', 'Bébé'})",0.2,0.2,0.2,1.0,5.0,1.0,0.16,inf,0.9999999999999998,1.0,1.0,1.0
"frozenset({'Femme', 'Garçon', 'Bébé'})","frozenset({'Chaussures', 'Homme', 'Fille'})",0.2,0.2,0.2,1.0,5.0,1.0,0.16,inf,0.9999999999999998,1.0,1.0,1.0
"frozenset({'Fille', 'Garçon', 'Bébé'})","frozenset({'Chaussures', 'Homme', 'Femme'})",0.2,0.2,0.2,1.0,5.0,1.0,0.16,inf,0.9999999999999998,1.0,1.0,1.0
"frozenset({'Fille', 'Femme', 'Bébé'})","frozenset({'Chaussures', 'Homme', 'Garçon'})",0.2,0.2,0.2,1.0,5.0,1.0,0.16,inf,0.9999999999999998,1.0,1.0,1.0
"frozenset({'Homme', 'Femme', 'Garçon'})","frozenset({'Chaussures', 'Fille', 'Bébé'})",0.2,0.2,0.2,1.0,5.0,1.0,0.16,inf,0.9999999999999998,1.0,1.0,1.0
"frozenset({'Homme', 'Garçon', 'Fille'})","frozenset({'Chaussures', 'Femme', 'Bébé'})",0.2,0.2,0.2,1.0,5.0,1.0,0.16,inf,0.9999999999999998,1.0,1.0,1.0
"frozenset({'Homme', 'Femme', 'Fille'})","frozenset({'Chaussures', 'Garçon', 'Bébé'})",0.2,0.2,0.2,1.0,5.0,1.0,0.16,inf,0.9999999999999998,1.0,1.0,1.0
"frozenset({'Homme', 'Garçon', 'Bébé'})","frozenset({'Chaussures', 'Fille', 'Femme'})",0.2,0.2,0.2,1.0,5.0,1.0,0.16,inf,0.9999999999999998,1.0,1.0,1.0
"frozenset({'Homme', 'Femme', 'Bébé'})","frozenset({'Chaussures', 'Fille', 'Garçon'})",0.2,0.2,0.2,1.0,5.0,1.0,0.16,inf,0.9999999999999998,1.0,1.0,1.0
"frozenset({'Homme', 'Fille', 'Bébé'})","frozenset({'Chaussures', 'Femme', 'Garçon'})",0.2,0.2,0.2,1.0,5.0,1.0,0.16,inf,0.9999999999999998,1.0,1.0,1.0
"frozenset({'Chaussures', 'Femme', 'Garçon'})","frozenset({'Homme', 'Fille', 'Bébé'})",0.2,0.2,0.2,1.0,5.0,1.0,0.16,inf,0.9999999999999998,1.0,1.0,1.0
frozenset({'Garçon'}),"frozenset({'Chaussures', 'Homme', 'Bébé', 'Fille', 'Femme'})",0.2,0.2,0.2,1.0,5.0,1.0,0.16,inf,0.9999999999999998,1.0,1.0,1.0
frozenset({'Fille'}),"frozenset({'Chaussures', 'Homme', 'Bébé', 'Femme', 'Garçon'})",0.2,0.2,0.2,1.0,5.0,1.0,0.16,inf,0.9999999999999998,1.0,1.0,1.0
frozenset({'Bébé'}),"frozenset({'Chaussures', 'Homme', 'Fille', 'Femme', 'Garçon'})",0.2,0.2,0.2,1.0,5.0,1.0,0.16,inf,0.9999999999999998,1.0,1.0,1.0
frozenset({'Chaussures'}),"frozenset({'Homme', 'Bébé', 'Fille', 'Femme', 'Garçon'})",0.2,0.2,0.2,1.0,5.0,1.0,0.16,inf,0.9999999999999998,1.0,1.0,1.0
"frozenset({'Femme', 'Garçon'})","frozenset({'Chaussures', 'Homme', 'Fille', 'Bébé'})",0.2,0.2,0.2,1.0,5.0,1.0,0.16,inf,0.9999999999999998,1.0,1.0,1.0
"frozenset({'Fille', 'Garçon'})","frozenset({'Chaussures', 'Homme', 'Femme', 'Bébé'})",0.2,0.2,0.2,1.0,5.0,1.0,0.16,inf,0.9999999999999998,1.0,1.0,1.0
"frozenset({'Fille', 'Femme'})","frozenset({'Chaussures', 'Homme', 'Garçon', 'Bébé'})",0.2,0.2,0.2,1.0,5.0,1.0,0.16,inf,0.9999999999999998,1.0,1.0,1.0
"frozenset({'Garçon', 'Bébé'})","frozenset({'Chaussures', 'Homme', 'Femme', 'Fille'})",0.2,0.2,0.2,1.0,5.0,1.0,0.16,inf,0.9999999999999998,1.0,1.0,1.0
"frozenset({'Femme', 'Bébé'})","frozenset({'Chaussures', 'Homme', 'Garçon', 'Fille'})",0.2,0.2,0.2,1.0,5.0,1.0,0.16,inf,0.9999999999999998,1.0,1.0,1.0
"frozenset({'Fille', 'Bébé'})","frozenset({'Chaussures', 'Homme', 'Femme', 'Garçon'})",0.2,0.2,0.2,1.0,5.0,1.0,0.16,inf,0.9999999999999998,1.0,1.0,1.0
"frozenset({'Homme', 'Garçon'})","frozenset({'Chaussures', 'Fille', 'Femme', 'Bébé'})",0.2,0.2,0.2,1.0,5.0,1.0,0.16,inf,0.9999999999999998,1.0,1.0,1.0
"frozenset({'Homme', 'Fille'})","frozenset({'Chaussures', 'Femme', 'Garçon', 'Bébé'})",0.2,0.2,0.2,1.0,5.0,1.0,0.16,inf,0.9999999999999998,1.0,1.0,1.0
"frozenset({'Homme', 'Bébé'})","frozenset({'Chaussures', 'Fille', 'Femme', 'Garçon'})",0.2,0.2,0.2,1.0,5.0,1.0,0.16,inf,0.9999999999999998,1.0,1.0,1.0
frozenset({'Fille'}),"frozenset({'Chaussures', 'Homme', 'Bébé', 'Femme', 'Garçon', 'Puériculture'})",0.2,0.2,0.2,1.0,5.0,1.0,0.16,inf,0.9999999999999998,1.0,1.0,1.0
frozenset({'Bébé'}),"frozenset({'Chaussures', 'Homme', 'Fille', 'Femme', 'Garçon', 'Puériculture'})",0.2,0.2,0.2,1.0,5.0,1.0,0.16,inf,0.9999999999999998,1.0,1.0,1.0
frozenset({'Chaussures'}),"frozenset({'Homme', 'Bébé', 'Fille', 'Femme', 'Garçon', 'Puériculture'})",0.2,0.2,0.2,1.0,5.0,1.0,0.16,inf,0.9999999999999998,1.0,1.0,1.0
"frozenset({'Puériculture', 'Garçon'})","frozenset({'Chaussures', 'Homme', 'Bébé', 'Fille', 'Femme'})",0.2,0.2,0.2,1.0,5.0,1.0,0.16,inf,0.9999999999999998,1.0,1.0,1.0
"frozenset({'Puériculture', 'Femme'})","frozenset({'Chaussures', 'Homme', 'Bébé', 'Fille', 'Garçon'})",0.2,0.2,0.2,1.0,5.0,1.0,0.16,inf,0.9999999999999998,1.0,1.0,1.0
"frozenset({'Femme', 'Garçon'})","frozenset({'Chaussures', 'Homme', 'Bébé', 'Fille', 'Puériculture'})",0.2,0.2,0.2,1.0,5.0,1.0,0.16,inf,0.9999999999999998,1.0,1.0,1.0
"frozenset({'Puériculture', 'Fille'})","frozenset({'Chaussures', 'Homme', 'Bébé', 'Femme', 'Garçon'})",0.2,0.2,0.2,1.0,5.0,1.0,0.16,inf,0.9999999999999998,1.0,1.0,1.0
"frozenset({'Fille', 'Garçon'})","frozenset({'Chaussures', 'Homme', 'Bébé', 'Femme', 'Puériculture'})",0.2,0.2,0.2,1.0,5.0,1.0,0.16,inf,0.9999999999999998,1.0,1.0,1.0
"frozenset({'Fille', 'Femme'})","frozenset({'Chaussures', 'Homme', 'Bébé', 'Garçon', 'Puériculture'})",0.2,0.2,0.2,1.0,5.0,1.0,0.16,inf,0.9999999999999998,1.0,1.0,1.0
"frozenset({'Puériculture', 'Bébé'})","frozenset({'Chaussures', 'Homme', 'Fille', 'Femme', 'Garçon'})",0.2,0.2,0.2,1.0,5.0,1.0,0.16,inf,0.9999999999999998,1.0,1.0,1.0
"frozenset({'Garçon', 'Bébé'})","frozenset({'Chaussures', 'Homme', 'Fille', 'Femme', 'Puériculture'})",0.2,0.2,0.2,1.0,5.0,1.0,0.16,inf,0.9999999999999998,1.0,1.0,1.0
"frozenset({'Femme', 'Bébé'})","frozenset({'Chaussures', 'Homme', 'Fille', 'Garçon', 'Puériculture'})",0.2,0.2,0.2,1.0,5.0,1.0,0.16,inf,0.9999999999999998,1.0,1.0,1.0
"frozenset({'Fille', 'Bébé'})","frozenset({'Chaussures', 'Homme', 'Femme', 'Garçon', 'Puériculture'})",0.2,0.2,0.2,1.0,5.0,1.0,0.16,inf,0.9999999999999998,1.0,1.0,1.0
"frozenset({'Puériculture', 'Homme'})","frozenset({'Chaussures', 'Bébé', 'Fille', 'Femme', 'Garçon'})",0.2,0.2,0.2,1.0,5.0,1.0,0.16,inf,0.9999999999999998,1.0,1.0,1.0
frozenset({'Ventes flash'}),frozenset({'Beauté & Sport'}),0.2,0.2,0.2,1.0,5.0,1.0,0.16,inf,0.9999999999999998,1.0,1.0,1.0
frozenset({'Beauté & Sport'}),frozenset({'Ventes flash'}),0.2,0.2,0.2,1.0,5.0,1.0,0.16,inf,0.9999999999999998,1.0,1.0,1.0
frozenset({'Les plus demandés'}),frozenset({'Beauté & Sport'}),0.2,0.2,0.2,1.0,5.0,1.0,0.16,inf,0.9999999999999998,1.0,1.0,1.0
frozenset({'Beauté & Sport'}),frozenset({'Les plus demandés'}),0.2,0.2,0.2,1.0,5.0,1.0,0.16,inf,0.9999999999999998,1.0,1.0,1.0
frozenset({'Téléphones & Accessoires'}),frozenset({'Beauté'}),0.2,0.2,0.2,1.0,5.0,1.0,0.16,inf,0.9999999999999998,1.0,1.0,1.0
frozenset({'Beauté'}),frozenset({'Téléphones & Accessoires'}),0.2,0.2,0.2,1.0,5.0,1.0,0.16,inf,0.9999999999999998,1.0,1.0,1.0
frozenset({'Beauté'}),frozenset({'Parfums'}),0.2,0.2,0.2,1.0,5.0,1.0,0.16,inf,0.9999999999999998,1.0,1.0,1.0
frozenset({'Parfums'}),frozenset({'Beauté'}),0.2,0.2,0.2,1.0,5.0,1.0,0.16,inf,0.9999999999999998,1.0,1.0,1.0
frozenset({'Montres & Bijoux'}),frozenset({'Beauté'}),0.2,0.2,0.2,1.0,5.0,1.0,0.16,inf,0.9999999999999998,1.0,1.0,1.0
frozenset({'Beauté'}),frozenset({'Montres & Bijoux'}),0.2,0.2,0.2,1.0,5.0,1.0,0.16,inf,0.9999999999999998,1.0,1.0,1.0
frozenset({'Automobile et bricolage'}),frozenset({'Ventes flash'}),0.2,0.2,0.2,1.0,5.0,1.0,0.16,inf,0.9999999999999998,1.0,1.0,1.0
frozenset({'Ventes flash'}),frozenset({'Automobile et bricolage'}),0.2,0.2,0.2,1.0,5.0,1.0,0.16,inf,0.9999999999999998,1.0,1.0,1.0
frozenset({'Femme'}),frozenset({'Homme'}),0.4,0.4,0.4,1.0,2.5,1.0,0.24,inf,1.0,1.0,1.0,1.0
frozenset({'Homme'}),frozenset({'Femme'}),0.4,0.4,0.4,1.0,2.5,1.0,0.24,inf,1.0,1.0,1.0,1.0
frozenset({'Garçon'}),frozenset({'Femme'}),0.2,0.4,0.2,1.0,2.5,1.0,0.12,inf,0.7499999999999998,0.49999999999999994,1.0,0.75
frozenset({'Femme'}),frozenset({'Garçon'}),0.4,0.2,0.2,0.5,2.5,1.0,0.12,1.6,1.0,0.49999999999999994,0.37499999999999994,0.75
frozenset({'Femme'}),frozenset({'Fille'}),0.4,0.2,0.2,0.5,2.5,1.0,0.12,1.6,1.0,0.49999999999999994,0.37499999999999994,0.75
frozenset({'Fille'}),frozenset({'Femme'}),0.2,0.4,0.2,1.0,2.5,1.0,0.12,inf,0.7499999999999998,0.49999999999999994,1.0,0.75
frozenset({'Maison'}),frozenset({'Enfants'}),0.4,0.2,0.2,0.5,2.5,1.0,0.12,1.6,1.0,0.49999999999999994,0.37499999999999994,0.75
frozenset({'Enfants'}),frozenset({'Maison'}),0.2,0.4,0.2,1.0,2.5,1.0,0.12,inf,0.7499999999999998,0.49999999999999994,1.0,0.75
frozenset({'Homme'}),frozenset({'Enfants'}),0.4,0.2,0.2,0.5,2.5,1.0,0.12,1.6,1.0,0.49999999999999994,0.37499999999999994,0.75
frozenset({'Enfants'}),frozenset({'Homme'}),0.2,0.4,0.2,1.0,2.5,1.0,0.12,inf,0.7499999999999998,0.49999999999999994,1.0,0.75
frozenset({'Femme'}),frozenset({'Enfants'}),0.4,0.2,0.2,0.5,2.5,1.0,0.12,1.6,1.0,0.49999999999999994,0.37499999999999994,0.75
frozenset({'Enfants'}),frozenset({'Femme'}),0.2,0.4,0.2,1.0,2.5,1.0,0.12,inf,0.7499999999999998,0.49999999999999994,1.0,0.75
frozenset({'Garçon'}),frozenset({'Homme'}),0.2,0.4,0.2,1.0,2.5,1.0,0.12,inf,0.7499999999999998,0.49999999999999994,1.0,0.75
"frozenset({'Puériculture', 'Chaussures', 'Garçon'})","frozenset({'Homme', 'Femme'})",0.2,0.4,0.2,1.0,2.5,1.0,0.12,inf,0.7499999999999998,0.49999999999999994,1.0,0.75
"frozenset({'Puériculture', 'Chaussures', 'Fille', 'Garçon'})",frozenset({'Homme'}),0.2,0.4,0.2,1.0,2.5,1.0,0.12,inf,0.7499999999999998,0.49999999999999994,1.0,0.75
frozenset({'Femme'}),"frozenset({'Puériculture', 'Chaussures', 'Homme', 'Garçon'})",0.4,0.2,0.2,0.5,2.5,1.0,0.12,1.6,1.0,0.49999999999999994,0.37499999999999994,0.75
frozenset({'Homme'}),"frozenset({'Puériculture', 'Chaussures', 'Femme', 'Garçon'})",0.4,0.2,0.2,0.5,2.5,1.0,0.12,1.6,1.0,0.49999999999999994,0.37499999999999994,0.75
"frozenset({'Femme', 'Enfants', 'Maison', 'Ventes Flash'})",frozenset({'Homme'}),0.2,0.4,0.2,1.0,2.5,1.0,0.12,inf,0.7499999999999998,0.49999999999999994,1.0,0.75
"frozenset({'Enfants', 'Homme', 'Femme', 'Ventes Flash'})",frozenset({'Maison'}),0.2,0.4,0.2,1.0,2.5,1.0,0.12,inf,0.7499999999999998,0.49999999999999994,1.0,0.75
"frozenset({'Enfants', 'Homme', 'Maison', 'Ventes Flash'})",frozenset({'Femme'}),0.2,0.4,0.2,1.0,2.5,1.0,0.12,inf,0.7499999999999998,0.49999999999999994,1.0,0.75
frozenset({'Homme'}),"frozenset({'Puériculture', 'Chaussures', 'Fille', 'Garçon'})",0.4,0.2,0.2,0.5,2.5,1.0,0.12,1.6,1.0,0.49999999999999994,0.37499999999999994,0.75
frozenset({'Homme'}),"frozenset({'Femme', 'Enfants', 'Maison', 'Ventes Flash'})",0.4,0.2,0.2,0.5,2.5,1.0,0.12,1.6,1.0,0.49999999999999994,0.37499999999999994,0.75
"frozenset({'Homme', 'Femme'})","frozenset({'Enfants', 'Maison', 'Ventes Flash'})",0.4,0.2,0.2,0.5,2.5,1.0,0.12,1.6,1.0,0.49999999999999994,0.37499999999999994,0.75
"frozenset({'Enfants', 'Maison', 'Ventes Flash'})","frozenset({'Homme', 'Femme'})",0.2,0.4,0.2,1.0,2.5,1.0,0.12,inf,0.7499999999999998,0.49999999999999994,1.0,0.75
"frozenset({'Puériculture', 'Fille', 'Femme', 'Garçon'})",frozenset({'Homme'}),0.2,0.4,0.2,1.0,2.5,1.0,0.12,inf,0.7499999999999998,0.49999999999999994,1.0,0.75
"frozenset({'Puériculture', 'Homme', 'Garçon', 'Fille'})",frozenset({'Femme'}),0.2,0.4,0.2,1.0,2.5,1.0,0.12,inf,0.7499999999999998,0.49999999999999994,1.0,0.75
frozenset({'Femme'}),"frozenset({'Enfants', 'Homme', 'Maison', 'Ventes Flash'})",0.4,0.2,0.2,0.5,2.5,1.0,0.12,1.6,1.0,0.49999999999999994,0.37499999999999994,0.75
frozenset({'Maison'}),"frozenset({'Enfants', 'Homme', 'Femme', 'Ventes Flash'})",0.4,0.2,0.2,0.5,2.5,1.0,0.12,1.6,1.0,0.49999999999999994,0.37499999999999994,0.75
frozenset({'Femme'}),"frozenset({'Puériculture', 'Homme', 'Garçon', 'Fille'})",0.4,0.2,0.2,0.5,2.5,1.0,0.12,1.6,1.0,0.49999999999999994,0.37499999999999994,0.75
"frozenset({'Chaussures', 'Fille', 'Femme', 'Garçon'})",frozenset({'Homme'}),0.2,0.4,0.2,1.0,2.5,1.0,0.12,inf,0.7499999999999998,0.49999999999999994,1.0,0.75
"frozenset({'Chaussures', 'Homme', 'Garçon', 'Fille'})",frozenset({'Femme'}),0.2,0.4,0.2,1.0,2.5,1.0,0.12,inf,0.7499999999999998,0.49999999999999994,1.0,0.75
frozenset({'Femme'}),"frozenset({'Chaussures', 'Homme', 'Garçon', 'Fille'})",0.4,0.2,0.2,0.5,2.5,1.0,0.12,1.6,1.0,0.49999999999999994,0.37499999999999994,0.75
frozenset({'Homme'}),"frozenset({'Chaussures', 'Fille', 'Femme', 'Garçon'})",0.4,0.2,0.2,0.5,2.5,1.0,0.12,1.6,1.0,0.49999999999999994,0.37499999999999994,0.75
"frozenset({'Homme', 'Femme'})","frozenset({'Chaussures', 'Fille', 'Garçon'})",0.4,0.2,0.2,0.5,2.5,1.0,0.12,1.6,1.0,0.49999999999999994,0.37499999999999994,0.75
"frozenset({'Puériculture', 'Chaussures', 'Fille', 'Garçon'})",frozenset({'Femme'}),0.2,0.4,0.2,1.0,2.5,1.0,0.12,inf,0.7499999999999998,0.49999999999999994,1.0,0.75
"frozenset({'Puériculture', 'Chaussures', 'Fille', 'Femme'})",frozenset({'Homme'}),0.2,0.4,0.2,1.0,2.5,1.0,0.12,inf,0.7499999999999998,0.49999999999999994,1.0,0.75
"frozenset({'Puériculture', 'Chaussures', 'Homme', 'Fille'})",frozenset({'Femme'}),0.2,0.4,0.2,1.0,2.5,1.0,0.12,inf,0.7499999999999998,0.49999999999999994,1.0,0.75
frozenset({'Femme'}),"frozenset({'Puériculture', 'Chaussures', 'Fille', 'Garçon'})",0.4,0.2,0.2,0.5,2.5,1.0,0.12,1.6,1.0,0.49999999999999994,0.37499999999999994,0.75
"frozenset({'Puériculture', 'Chaussures', 'Fille'})","frozenset({'Homme', 'Femme'})",0.2,0.4,0.2,1.0,2.5,1.0,0.12,inf,0.7499999999999998,0.49999999999999994,1.0,0.75
"frozenset({'Puériculture', 'Chaussures', 'Femme', 'Garçon'})",frozenset({'Homme'}),0.2,0.4,0.2,1.0,2.5,1.0,0.12,inf,0.7499999999999998,0.49999999999999994,1.0,0.75
"frozenset({'Puériculture', 'Chaussures', 'Homme', 'Garçon'})",frozenset({'Femme'}),0.2,0.4,0.2,1.0,2.5,1.0,0.12,inf,0.7499999999999998,0.49999999999999994,1.0,0.75
frozenset({'Femme'}),"frozenset({'Puériculture', 'Chaussures', 'Homme', 'Fille'})",0.4,0.2,0.2,0.5,2.5,1.0,0.12,1.6,1.0,0.49999999999999994,0.37499999999999994,0.75
frozenset({'Homme'}),"frozenset({'Puériculture', 'Chaussures', 'Fille', 'Femme'})",0.4,0.2,0.2,0.5,2.5,1.0,0.12,1.6,1.0,0.49999999999999994,0.37499999999999994,0.75
"frozenset({'Homme', 'Femme'})","frozenset({'Puériculture', 'Chaussures', 'Fille'})",0.4,0.2,0.2,0.5,2.5,1.0,0.12,1.6,1.0,0.49999999999999994,0.37499999999999994,0.75
"frozenset({'Homme', 'Femme'})","frozenset({'Puériculture', 'Chaussures', 'Garçon'})",0.4,0.2,0.2,0.5,2.5,1.0,0.12,1.6,1.0,0.49999999999999994,0.37499999999999994,0.75
frozenset({'Femme'}),"frozenset({'Puériculture', 'Fille', 'Garçon', 'Bébé'})",0.4,0.2,0.2,0.5,2.5,1.0,0.12,1.6,1.0,0.49999999999999994,0.37499999999999994,0.75
frozenset({'Homme'}),"frozenset({'Puériculture', 'Fille', 'Femme', 'Bébé'})",0.4,0.2,0.2,0.5,2.5,1.0,0.12,1.6,1.0,0.49999999999999994,0.37499999999999994,0.75
"frozenset({'Homme', 'Femme'})","frozenset({'Puériculture', 'Fille', 'Bébé'})",0.4,0.2,0.2,0.5,2.5,1.0,0.12,1.6,1.0,0.49999999999999994,0.37499999999999994,0.75
"frozenset({'Puériculture', 'Fille', 'Bébé'})","frozenset({'Homme', 'Femme'})",0.2,0.4,0.2,1.0,2.5,1.0,0.12,inf,0.7499999999999998,0.49999999999999994,1.0,0.75
"frozenset({'Chaussures', 'Homme', 'Bébé', 'Fille', 'Puériculture'})",frozenset({'Femme'}),0.2,0.4,0.2,1.0,2.5,1.0,0.12,inf,0.7499999999999998,0.49999999999999994,1.0,0.75
frozenset({'Femme'}),"frozenset({'Chaussures', 'Bébé', 'Fille', 'Garçon', 'Puériculture'})",0.4,0.2,0.2,0.5,2.5,1.0,0.12,1.6,1.0,0.49999999999999994,0.37499999999999994,0.75
"frozenset({'Puériculture', 'Femme', 'Garçon', 'Bébé'})",frozenset({'Homme'}),0.2,0.4,0.2,1.0,2.5,1.0,0.12,inf,0.7499999999999998,0.49999999999999994,1.0,0.75
"frozenset({'Puériculture', 'Homme', 'Garçon', 'Bébé'})",frozenset({'Femme'}),0.2,0.4,0.2,1.0,2.5,1.0,0.12,inf,0.7499999999999998,0.49999999999999994,1.0,0.75
frozenset({'Femme'}),"frozenset({'Puériculture', 'Homme', 'Fille', 'Bébé'})",0.4,0.2,0.2,0.5,2.5,1.0,0.12,1.6,1.0,0.49999999999999994,0.37499999999999994,0.75
frozenset({'Femme'}),"frozenset({'Puériculture', 'Homme', 'Garçon', 'Bébé'})",0.4,0.2,0.2,0.5,2.5,1.0,0.12,1.6,1.0,0.49999999999999994,0.37499999999999994,0.75
frozenset({'Homme'}),"frozenset({'Puériculture', 'Femme', 'Garçon', 'Bébé'})",0.4,0.2,0.2,0.5,2.5,1.0,0.12,1.6,1.0,0.49999999999999994,0.37499999999999994,0.75
"frozenset({'Homme', 'Femme'})","frozenset({'Puériculture', 'Garçon', 'Bébé'})",0.4,0.2,0.2,0.5,2.5,1.0,0.12,1.6,1.0,0.49999999999999994,0.37499999999999994,0.75
"frozenset({'Puériculture', 'Garçon', 'Bébé'})","frozenset({'Homme', 'Femme'})",0.2,0.4,0.2,1.0,2.5,1.0,0.12,inf,0.7499999999999998,0.49999999999999994,1.0,0.75
"frozenset({'Puériculture', 'Fille', 'Garçon', 'Bébé'})",frozenset({'Homme'}),0.2,0.4,0.2,1.0,2.5,1.0,0.12,inf,0.7499999999999998,0.49999999999999994,1.0,0.75
frozenset({'Homme'}),"frozenset({'Puériculture', 'Fille', 'Garçon', 'Bébé'})",0.4,0.2,0.2,0.5,2.5,1.0,0.12,1.6,1.0,0.49999999999999994,0.37499999999999994,0.75
"frozenset({'Chaussures', 'Fille', 'Garçon'})","frozenset({'Homme', 'Femme'})",0.2,0.4,0.2,1.0,2.5,1.0,0.12,inf,0.7499999999999998,0.49999999999999994,1.0,0.75
frozenset({'Homme'}),"frozenset({'Chaussures', 'Fille', 'Garçon', 'Bébé'})",0.4,0.2,0.2,0.5,2.5,1.0,0.12,1.6,1.0,0.49999999999999994,0.37499999999999994,0.75
"frozenset({'Puériculture', 'Chaussures', 'Fille', 'Bébé'})",frozenset({'Homme'}),0.2,0.4,0.2,1.0,2.5,1.0,0.12,inf,0.7499999999999998,0.49999999999999994,1.0,0.75
"frozenset({'Puériculture', 'Chaussures', 'Fille', 'Bébé'})","frozenset({'Homme', 'Femme'})",0.2,0.4,0.2,1.0,2.5,1.0,0.12,inf,0.7499999999999998,0.49999999999999994,1.0,0.75
"frozenset({'Chaussures', 'Bébé', 'Fille', 'Femme', 'Puériculture'})",frozenset({'Homme'}),0.2,0.4,0.2,1.0,2.5,1.0,0.12,inf,0.7499999999999998,0.49999999999999994,1.0,0.75
"frozenset({'Puériculture', 'Chaussures', 'Garçon', 'Bébé'})",frozenset({'Homme'}),0.2,0.4,0.2,1.0,2.5,1.0,0.12,inf,0.7499999999999998,0.49999999999999994,1.0,0.75
frozenset({'Homme'}),"frozenset({'Puériculture', 'Chaussures', 'Fille', 'Bébé'})",0.4,0.2,0.2,0.5,2.5,1.0,0.12,1.6,1.0,0.49999999999999994,0.37499999999999994,0.75
"frozenset({'Fille', 'Femme', 'Garçon', 'Bébé'})",frozenset({'Homme'}),0.2,0.4,0.2,1.0,2.5,1.0,0.12,inf,0.7499999999999998,0.49999999999999994,1.0,0.75
"frozenset({'Homme', 'Fille', 'Garçon', 'Bébé'})",frozenset({'Femme'}),0.2,0.4,0.2,1.0,2.5,1.0,0.12,inf,0.7499999999999998,0.49999999999999994,1.0,0.75
frozenset({'Homme'}),"frozenset({'Puériculture', 'Chaussures', 'Garçon', 'Bébé'})",0.4,0.2,0.2,0.5,2.5,1.0,0.12,1.6,1.0,0.49999999999999994,0.37499999999999994,0.75
"frozenset({'Homme', 'Femme'})","frozenset({'Fille', 'Garçon', 'Bébé'})",0.4,0.2,0.2,0.5,2.5,1.0,0.12,1.6,1.0,0.49999999999999994,0.37499999999999994,0.75
"frozenset({'Fille', 'Garçon', 'Bébé'})","frozenset({'Homme', 'Femme'})",0.2,0.4,0.2,1.0,2.5,1.0,0.12,inf,0.7499999999999998,0.49999999999999994,1.0,0.75
"frozenset({'Puériculture', 'Fille', 'Garçon', 'Bébé'})",frozenset({'Femme'}),0.2,0.4,0.2,1.0,2.5,1.0,0.12,inf,0.7499999999999998,0.49999999999999994,1.0,0.75
frozenset({'Femme'}),"frozenset({'Homme', 'Fille', 'Garçon', 'Bébé'})",0.4,0.2,0.2,0.5,2.5,1.0,0.12,1.6,1.0,0.49999999999999994,0.37499999999999994,0.75
frozenset({'Homme'}),"frozenset({'Fille', 'Femme', 'Garçon', 'Bébé'})",0.4,0.2,0.2,0.5,2.5,1.0,0.12,1.6,1.0,0.49999999999999994,0.37499999999999994,0.75
"frozenset({'Puériculture', 'Fille', 'Femme', 'Bébé'})",frozenset({'Homme'}),0.2,0.4,0.2,1.0,2.5,1.0,0.12,inf,0.7499999999999998,0.49999999999999994,1.0,0.75
"frozenset({'Puériculture', 'Homme', 'Fille', 'Bébé'})",frozenset({'Femme'}),0.2,0.4,0.2,1.0,2.5,1.0,0.12,inf,0.7499999999999998,0.49999999999999994,1.0,0.75
"frozenset({'Chaussures', 'Femme', 'Garçon', 'Bébé'})",frozenset({'Homme'}),0.2,0.4,0.2,1.0,2.5,1.0,0.12,inf,0.7499999999999998,0.49999999999999994,1.0,0.75
"frozenset({'Chaussures', 'Homme', 'Garçon', 'Bébé'})",frozenset({'Femme'}),0.2,0.4,0.2,1.0,2.5,1.0,0.12,inf,0.7499999999999998,0.49999999999999994,1.0,0.75
frozenset({'Femme'}),"frozenset({'Puériculture', 'Chaussures', 'Fille', 'Bébé'})",0.4,0.2,0.2,0.5,2.5,1.0,0.12,1.6,1.0,0.49999999999999994,0.37499999999999994,0.75
"frozenset({'Homme', 'Femme'})","frozenset({'Chaussures', 'Garçon', 'Bébé'})",0.4,0.2,0.2,0.5,2.5,1.0,0.12,1.6,1.0,0.49999999999999994,0.37499999999999994,0.75
"frozenset({'Chaussures', 'Garçon', 'Bébé'})","frozenset({'Homme', 'Femme'})",0.2,0.4,0.2,1.0,2.5,1.0,0.12,inf,0.7499999999999998,0.49999999999999994,1.0,0.75
"frozenset({'Puériculture', 'Chaussures', 'Garçon', 'Bébé'})",frozenset({'Femme'}),0.2,0.4,0.2,1.0,2.5,1.0,0.12,inf,0.7499999999999998,0.49999999999999994,1.0,0.75
frozenset({'Femme'}),"frozenset({'Chaussures', 'Homme', 'Garçon', 'Bébé'})",0.4,0.2,0.2,0.5,2.5,1.0,0.12,1.6,1.0,0.49999999999999994,0.37499999999999994,0.75
frozenset({'Homme'}),"frozenset({'Chaussures', 'Femme', 'Garçon', 'Bébé'})",0.4,0.2,0.2,0.5,2.5,1.0,0.12,1.6,1.0,0.49999999999999994,0.37499999999999994,0.75
"frozenset({'Puériculture', 'Chaussures', 'Bébé'})","frozenset({'Homme', 'Femme'})",0.2,0.4,0.2,1.0,2.5,1.0,0.12,inf,0.7499999999999998,0.49999999999999994,1.0,0.75
"frozenset({'Puériculture', 'Chaussures', 'Femme', 'Bébé'})",frozenset({'Homme'}),0.2,0.4,0.2,1.0,2.5,1.0,0.12,inf,0.7499999999999998,0.49999999999999994,1.0,0.75
"frozenset({'Puériculture', 'Chaussures', 'Homme', 'Bébé'})",frozenset({'Femme'}),0.2,0.4,0.2,1.0,2.5,1.0,0.12,inf,0.7499999999999998,0.49999999999999994,1.0,0.75
frozenset({'Femme'}),"frozenset({'Puériculture', 'Chaussures', 'Garçon', 'Bébé'})",0.4,0.2,0.2,0.5,2.5,1.0,0.12,1.6,1.0,0.49999999999999994,0.37499999999999994,0.75
frozenset({'Homme'}),"frozenset({'Puériculture', 'Chaussures', 'Femme', 'Bébé'})",0.4,0.2,0.2,0.5,2.5,1.0,0.12,1.6,1.0,0.49999999999999994,0.37499999999999994,0.75
"frozenset({'Homme', 'Femme'})","frozenset({'Puériculture', 'Chaussures', 'Bébé'})",0.4,0.2,0.2,0.5,2.5,1.0,0.12,1.6,1.0,0.49999999999999994,0.37499999999999994,0.75
"frozenset({'Chaussures', 'Fille', 'Garçon', 'Bébé'})",frozenset({'Homme'}),0.2,0.4,0.2,1.0,2.5,1.0,0.12,inf,0.7499999999999998,0.49999999999999994,1.0,0.75
frozenset({'Femme'}),"frozenset({'Puériculture', 'Chaussures', 'Homme', 'Bébé'})",0.4,0.2,0.2,0.5,2.5,1.0,0.12,1.6,1.0,0.49999999999999994,0.37499999999999994,0.75
frozenset({'Homme'}),"frozenset({'Puériculture', 'Fille', 'Garçon'})",0.4,0.2,0.2,0.5,2.5,1.0,0.12,1.6,1.0,0.49999999999999994,0.37499999999999994,0.75
"frozenset({'Les plus demandés', 'Beauté & Sport', 'Ventes flash', 'Automobile et bricolage'})",frozenset({'Maison'}),0.2,0.4,0.2,1.0,2.5,1.0,0.12,inf,0.7499999999999998,0.49999999999999994,1.0,0.75
frozenset({'Maquillage'}),"frozenset({'Parfums', 'Montres & Bijoux', 'Téléphones & Accessoires'})",0.4,0.2,0.2,0.5,2.5,1.0,0.12,1.6,1.0,0.49999999999999994,0.37499999999999994,0.75
"frozenset({'Homme', 'Femme'})","frozenset({'Puériculture', 'Chaussures', 'Fille', 'Bébé'})",0.4,0.2,0.2,0.5,2.5,1.0,0.12,1.6,1.0,0.49999999999999994,0.37499999999999994,0.75
frozenset({'Maison'}),"frozenset({'Les plus demandés', 'Beauté & Sport', 'Ventes flash', 'Automobile et bricolage'})",0.4,0.2,0.2,0.5,2.5,1.0,0.12,1.6,1.0,0.49999999999999994,0.37499999999999994,0.75
"frozenset({'Beauté', 'Parfums', 'Montres & Bijoux', 'Téléphones & Accessoires'})",frozenset({'Maquillage'}),0.2,0.4,0.2,1.0,2.5,1.0,0.12,inf,0.7499999999999998,0.49999999999999994,1.0,0.75
"frozenset({'Chaussures', 'Fille', 'Garçon', 'Bébé'})",frozenset({'Femme'}),0.2,0.4,0.2,1.0,2.5,1.0,0.12,inf,0.7499999999999998,0.49999999999999994,1.0,0.75
frozenset({'Maquillage'}),"frozenset({'Beauté', 'Parfums', 'Montres & Bijoux', 'Téléphones & Accessoires'})",0.4,0.2,0.2,0.5,2.5,1.0,0.12,1.6,1.0,0.49999999999999994,0.37499999999999994,0.75
"frozenset({'Chaussures', 'Fille', 'Femme', 'Bébé'})",frozenset({'Homme'}),0.2,0.4,0.2,1.0,2.5,1.0,0.12,inf,0.7499999999999998,0.49999999999999994,1.0,0.75
"frozenset({'Chaussures', 'Homme', 'Fille', 'Bébé'})",frozenset({'Femme'}),0.2,0.4,0.2,1.0,2.5,1.0,0.12,inf,0.7499999999999998,0.49999999999999994,1.0,0.75
frozenset({'Femme'}),"frozenset({'Chaussures', 'Fille', 'Garçon', 'Bébé'})",0.4,0.2,0.2,0.5,2.5,1.0,0.12,1.6,1.0,0.49999999999999994,0.37499999999999994,0.75
"frozenset({'Chaussures', 'Fille', 'Bébé'})","frozenset({'Homme', 'Femme'})",0.2,0.4,0.2,1.0,2.5,1.0,0.12,inf,0.7499999999999998,0.49999999999999994,1.0,0.75
"frozenset({'Puériculture', 'Chaussures', 'Fille', 'Bébé'})",frozenset({'Femme'}),0.2,0.4,0.2,1.0,2.5,1.0,0.12,inf,0.7499999999999998,0.49999999999999994,1.0,0.75
frozenset({'Femme'}),"frozenset({'Chaussures', 'Homme', 'Fille', 'Bébé'})",0.4,0.2,0.2,0.5,2.5,1.0,0.12,1.6,1.0,0.49999999999999994,0.37499999999999994,0.75
frozenset({'Homme'}),"frozenset({'Chaussures', 'Fille', 'Femme', 'Bébé'})",0.4,0.2,0.2,0.5,2.5,1.0,0.12,1.6,1.0,0.49999999999999994,0.37499999999999994,0.75
"frozenset({'Homme', 'Femme'})","frozenset({'Chaussures', 'Fille', 'Bébé'})",0.4,0.2,0.2,0.5,2.5,1.0,0.12,1.6,1.0,0.49999999999999994,0.37499999999999994,0.75
"frozenset({'Homme', 'Maison', 'Ventes Flash'})",frozenset({'Femme'}),0.2,0.4,0.2,1.0,2.5,1.0,0.12,inf,0.7499999999999998,0.49999999999999994,1.0,0.75
"frozenset({'Maison', 'Femme', 'Ventes Flash'})",frozenset({'Homme'}),0.2,0.4,0.2,1.0,2.5,1.0,0.12,inf,0.7499999999999998,0.49999999999999994,1.0,0.75
"frozenset({'Homme', 'Femme', 'Ventes Flash'})",frozenset({'Maison'}),0.2,0.4,0.2,1.0,2.5,1.0,0.12,inf,0.7499999999999998,0.49999999999999994,1.0,0.75
frozenset({'Femme'}),"frozenset({'Puériculture', 'Homme', 'Garçon'})",0.4,0.2,0.2,0.5,2.5,1.0,0.12,1.6,1.0,0.49999999999999994,0.37499999999999994,0.75
frozenset({'Homme'}),"frozenset({'Puériculture', 'Femme', 'Garçon'})",0.4,0.2,0.2,0.5,2.5,1.0,0.12,1.6,1.0,0.49999999999999994,0.37499999999999994,0.75
"frozenset({'Homme', 'Femme'})","frozenset({'Puériculture', 'Garçon'})",0.4,0.2,0.2,0.5,2.5,1.0,0.12,1.6,1.0,0.49999999999999994,0.37499999999999994,0.75
"frozenset({'Puériculture', 'Garçon'})","frozenset({'Homme', 'Femme'})",0.2,0.4,0.2,1.0,2.5,1.0,0.12,inf,0.7499999999999998,0.49999999999999994,1.0,0.75
"frozenset({'Chaussures', 'Homme', 'Bébé', 'Garçon', 'Puériculture'})",frozenset({'Femme'}),0.2,0.4,0.2,1.0,2.5,1.0,0.12,inf,0.7499999999999998,0.49999999999999994,1.0,0.75
frozenset({'Femme'}),"frozenset({'Chaussures', 'Homme', 'Bébé', 'Fille', 'Puériculture'})",0.4,0.2,0.2,0.5,2.5,1.0,0.12,1.6,1.0,0.49999999999999994,0.37499999999999994,0.75
frozenset({'Homme'}),"frozenset({'Chaussures', 'Bébé', 'Fille', 'Femme', 'Puériculture'})",0.4,0.2,0.2,0.5,2.5,1.0,0.12,1.6,1.0,0.49999999999999994,0.37499999999999994,0.75
"frozenset({'Puériculture', 'Fille', 'Garçon'})",frozenset({'Homme'}),0.2,0.4,0.2,1.0,2.5,1.0,0.12,inf,0.7499999999999998,0.49999999999999994,1.0,0.75
frozenset({'Maison'}),"frozenset({'Homme', 'Femme', 'Ventes Flash'})",0.4,0.2,0.2,0.5,2.5,1.0,0.12,1.6,1.0,0.49999999999999994,0.37499999999999994,0.75
frozenset({'Homme'}),"frozenset({'Maison', 'Femme', 'Ventes Flash'})",0.4,0.2,0.2,0.5,2.5,1.0,0.12,1.6,1.0,0.49999999999999994,0.37499999999999994,0.75
frozenset({'Femme'}),"frozenset({'Homme', 'Maison', 'Ventes Flash'})",0.4,0.2,0.2,0.5,2.5,1.0,0.12,1.6,1.0,0.49999999999999994,0.37499999999999994,0.75
"frozenset({'Maison', 'Ventes Flash'})","frozenset({'Homme', 'Femme'})",0.2,0.4,0.2,1.0,2.5,1.0,0.12,inf,0.7499999999999998,0.49999999999999994,1.0,0.75
"frozenset({'Parfums', 'Montres & Bijoux', 'Téléphones & Accessoires'})",frozenset({'Maquillage'}),0.2,0.4,0.2,1.0,2.5,1.0,0.12,inf,0.7499999999999998,0.49999999999999994,1.0,0.75
"frozenset({'Fille', 'Garçon'})","frozenset({'Homme', 'Femme'})",0.2,0.4,0.2,1.0,2.5,1.0,0.12,inf,0.7499999999999998,0.49999999999999994,1.0,0.75
"frozenset({'Homme', 'Femme'})","frozenset({'Fille', 'Garçon'})",0.4,0.2,0.2,0.5,2.5,1.0,0.12,1.6,1.0,0.49999999999999994,0.37499999999999994,0.75
"frozenset({'Fille', 'Femme', 'Garçon'})",frozenset({'Homme'}),0.2,0.4,0.2,1.0,2.5,1.0,0.12,inf,0.7499999999999998,0.49999999999999994,1.0,0.75
"frozenset({'Homme', 'Fille', 'Garçon'})",frozenset({'Femme'}),0.2,0.4,0.2,1.0,2.5,1.0,0.12,inf,0.7499999999999998,0.49999999999999994,1.0,0.75
"frozenset({'Puériculture', 'Chaussures', 'Garçon', 'Bébé'})","frozenset({'Homme', 'Femme'})",0.2,0.4,0.2,1.0,2.5,1.0,0.12,inf,0.7499999999999998,0.49999999999999994,1.0,0.75
"frozenset({'Chaussures', 'Bébé', 'Femme', 'Garçon', 'Puériculture'})",frozenset({'Homme'}),0.2,0.4,0.2,1.0,2.5,1.0,0.12,inf,0.7499999999999998,0.49999999999999994,1.0,0.75
"frozenset({'Puériculture', 'Fille', 'Homme'})",frozenset({'Femme'}),0.2,0.4,0.2,1.0,2.5,1.0,0.12,inf,0.7499999999999998,0.49999999999999994,1.0,0.75
"frozenset({'Puériculture', 'Fille', 'Femme'})",frozenset({'Homme'}),0.2,0.4,0.2,1.0,2.5,1.0,0.12,inf,0.7499999999999998,0.49999999999999994,1.0,0.75
frozenset({'Femme'}),"frozenset({'Puériculture', 'Fille', 'Garçon'})",0.4,0.2,0.2,0.5,2.5,1.0,0.12,1.6,1.0,0.49999999999999994,0.37499999999999994,0.75
"frozenset({'Puériculture', 'Femme', 'Garçon'})",frozenset({'Homme'}),0.2,0.4,0.2,1.0,2.5,1.0,0.12,inf,0.7499999999999998,0.49999999999999994,1.0,0.75
"frozenset({'Puériculture', 'Homme', 'Garçon'})",frozenset({'Femme'}),0.2,0.4,0.2,1.0,2.5,1.0,0.12,inf,0.7499999999999998,0.49999999999999994,1.0,0.75
frozenset({'Homme'}),"frozenset({'Puériculture', 'Fille', 'Femme'})",0.4,0.2,0.2,0.5,2.5,1.0,0.12,1.6,1.0,0.49999999999999994,0.37499999999999994,0.75
frozenset({'Femme'}),"frozenset({'Puériculture', 'Fille', 'Homme'})",0.4,0.2,0.2,0.5,2.5,1.0,0.12,1.6,1.0,0.49999999999999994,0.37499999999999994,0.75
"frozenset({'Homme', 'Femme'})","frozenset({'Puériculture', 'Fille'})",0.4,0.2,0.2,0.5,2.5,1.0,0.12,1.6,1.0,0.49999999999999994,0.37499999999999994,0.75
"frozenset({'Puériculture', 'Fille'})","frozenset({'Homme', 'Femme'})",0.2,0.4,0.2,1.0,2.5,1.0,0.12,inf,0.7499999999999998,0.49999999999999994,1.0,0.75
"frozenset({'Homme', 'Femme'})","frozenset({'Maison', 'Ventes Flash'})",0.4,0.2,0.2,0.5,2.5,1.0,0.12,1.6,1.0,0.49999999999999994,0.37499999999999994,0.75
frozenset({'Homme'}),"frozenset({'Maison', 'Enfants', 'Femme'})",0.4,0.2,0.2,0.5,2.5,1.0,0.12,1.6,1.0,0.49999999999999994,0.37499999999999994,0.75
frozenset({'Femme'}),"frozenset({'Enfants', 'Homme', 'Maison'})",0.4,0.2,0.2,0.5,2.5,1.0,0.12,1.6,1.0,0.49999999999999994,0.37499999999999994,0.75
"frozenset({'Enfants', 'Maison'})","frozenset({'Homme', 'Femme'})",0.2,0.4,0.2,1.0,2.5,1.0,0.12,inf,0.7499999999999998,0.49999999999999994,1.0,0.75
frozenset({'Femme'}),"frozenset({'Enfants', 'Maison', 'Ventes Flash'})",0.4,0.2,0.2,0.5,2.5,1.0,0.12,1.6,1.0,0.49999999999999994,0.37499999999999994,0.75
"frozenset({'Enfants', 'Maison', 'Ventes Flash'})",frozenset({'Femme'}),0.2,0.4,0.2,1.0,2.5,1.0,0.12,inf,0.7499999999999998,0.49999999999999994,1.0,0.75
"frozenset({'Enfants', 'Femme', 'Ventes Flash'})",frozenset({'Maison'}),0.2,0.4,0.2,1.0,2.5,1.0,0.12,inf,0.7499999999999998,0.49999999999999994,1.0,0.75
frozenset({'Homme'}),"frozenset({'Enfants', 'Femme', 'Ventes Flash'})",0.4,0.2,0.2,0.5,2.5,1.0,0.12,1.6,1.0,0.49999999999999994,0.37499999999999994,0.75
frozenset({'Femme'}),"frozenset({'Enfants', 'Ventes Flash', 'Homme'})",0.4,0.2,0.2,0.5,2.5,1.0,0.12,1.6,1.0,0.49999999999999994,0.37499999999999994,0.75
frozenset({'Homme'}),"frozenset({'Enfants', 'Maison', 'Ventes Flash'})",0.4,0.2,0.2,0.5,2.5,1.0,0.12,1.6,1.0,0.49999999999999994,0.37499999999999994,0.75
frozenset({'Maison'}),"frozenset({'Enfants', 'Ventes Flash', 'Homme'})",0.4,0.2,0.2,0.5,2.5,1.0,0.12,1.6,1.0,0.49999999999999994,0.37499999999999994,0.75
"frozenset({'Enfants', 'Ventes Flash', 'Homme'})",frozenset({'Maison'}),0.2,0.4,0.2,1.0,2.5,1.0,0.12,inf,0.7499999999999998,0.49999999999999994,1.0,0.75
"frozenset({'Enfants', 'Maison', 'Ventes Flash'})",frozenset({'Homme'}),0.2,0.4,0.2,1.0,2.5,1.0,0.12,inf,0.7499999999999998,0.49999999999999994,1.0,0.75
frozenset({'Maison'}),"frozenset({'Enfants', 'Femme', 'Ventes Flash'})",0.4,0.2,0.2,0.5,2.5,1.0,0.12,1.6,1.0,0.49999999999999994,0.37499999999999994,0.75
"frozenset({'Puériculture', 'Fille', 'Garçon'})",frozenset({'Femme'}),0.2,0.4,0.2,1.0,2.5,1.0,0.12,inf,0.7499999999999998,0.49999999999999994,1.0,0.75
frozenset({'Femme'}),"frozenset({'Homme', 'Fille', 'Garçon'})",0.4,0.2,0.2,0.5,2.5,1.0,0.12,1.6,1.0,0.49999999999999994,0.37499999999999994,0.75
frozenset({'Homme'}),"frozenset({'Fille', 'Femme', 'Garçon'})",0.4,0.2,0.2,0.5,2.5,1.0,0.12,1.6,1.0,0.49999999999999994,0.37499999999999994,0.75
"frozenset({'Puériculture', 'Chaussures', 'Fille'})",frozenset({'Homme'}),0.2,0.4,0.2,1.0,2.5,1.0,0.12,inf,0.7499999999999998,0.49999999999999994,1.0,0.75
"frozenset({'Puériculture', 'Chaussures', 'Garçon'})",frozenset({'Homme'}),0.2,0.4,0.2,1.0,2.5,1.0,0.12,inf,0.7499999999999998,0.49999999999999994,1.0,0.75
frozenset({'Homme'}),"frozenset({'Puériculture', 'Chaussures', 'Fille'})",0.4,0.2,0.2,0.5,2.5,1.0,0.12,1.6,1.0,0.49999999999999994,0.37499999999999994,0.75
"frozenset({'Homme', 'Femme'})","frozenset({'Puériculture', 'Chaussures', 'Garçon', 'Bébé'})",0.4,0.2,0.2,0.5,2.5,1.0,0.12,1.6,1.0,0.49999999999999994,0.37499999999999994,0.75
"frozenset({'Solaire', 'Cheveux', 'Corps'})",frozenset({'Maquillage'}),0.2,0.4,0.2,1.0,2.5,1.0,0.12,inf,0.7499999999999998,0.49999999999999994,1.0,0.75
frozenset({'Homme'}),"frozenset({'Puériculture', 'Chaussures', 'Garçon'})",0.4,0.2,0.2,0.5,2.5,1.0,0.12,1.6,1.0,0.49999999999999994,0.37499999999999994,0.75
"frozenset({'Homme', 'Femme'})","frozenset({'Enfants', 'Maison'})",0.4,0.2,0.2,0.5,2.5,1.0,0.12,1.6,1.0,0.49999999999999994,0.37499999999999994,0.75
"frozenset({'Enfants', 'Homme', 'Maison'})",frozenset({'Femme'}),0.2,0.4,0.2,1.0,2.5,1.0,0.12,inf,0.7499999999999998,0.49999999999999994,1.0,0.75
"frozenset({'Maison', 'Enfants', 'Femme'})",frozenset({'Homme'}),0.2,0.4,0.2,1.0,2.5,1.0,0.12,inf,0.7499999999999998,0.49999999999999994,1.0,0.75
"frozenset({'Enfants', 'Homme', 'Femme'})",frozenset({'Maison'}),0.2,0.4,0.2,1.0,2.5,1.0,0.12,inf,0.7499999999999998,0.49999999999999994,1.0,0.75
frozenset({'Maquillage'}),"frozenset({'Solaire', 'Cheveux', 'Corps'})",0.4,0.2,0.2,0.5,2.5,1.0,0.12,1.6,1.0,0.49999999999999994,0.37499999999999994,0.75
"frozenset({'Homme', 'Femme'})","frozenset({'Enfants', 'Ventes Flash'})",0.4,0.2,0.2,0.5,2.5,1.0,0.12,1.6,1.0,0.49999999999999994,0.37499999999999994,0.75
"frozenset({'Enfants', 'Ventes Flash'})","frozenset({'Homme', 'Femme'})",0.2,0.4,0.2,1.0,2.5,1.0,0.12,inf,0.7499999999999998,0.49999999999999994,1.0,0.75
"frozenset({'Enfants', 'Ventes Flash', 'Homme'})",frozenset({'Femme'}),0.2,0.4,0.2,1.0,2.5,1.0,0.12,inf,0.7499999999999998,0.49999999999999994,1.0,0.75
"frozenset({'Enfants', 'Femme', 'Ventes Flash'})",frozenset({'Homme'}),0.2,0.4,0.2,1.0,2.5,1.0,0.12,inf,0.7499999999999998,0.49999999999999994,1.0,0.75
frozenset({'Maison'}),"frozenset({'Enfants', 'Homme', 'Femme'})",0.4,0.2,0.2,0.5,2.5,1.0,0.12,1.6,1.0,0.49999999999999994,0.37499999999999994,0.75
frozenset({'Femme'}),"frozenset({'Puériculture', 'Chaussures', 'Fille'})",0.4,0.2,0.2,0.5,2.5,1.0,0.12,1.6,1.0,0.49999999999999994,0.37499999999999994,0.75
"frozenset({'Puériculture', 'Chaussures', 'Garçon'})",frozenset({'Femme'}),0.2,0.4,0.2,1.0,2.5,1.0,0.12,inf,0.7499999999999998,0.49999999999999994,1.0,0.75
frozenset({'Femme'}),"frozenset({'Chaussures', 'Homme', 'Garçon'})",0.4,0.2,0.2,0.5,2.5,1.0,0.12,1.6,1.0,0.49999999999999994,0.37499999999999994,0.75
frozenset({'Homme'}),"frozenset({'Chaussures', 'Femme', 'Garçon'})",0.4,0.2,0.2,0.5,2.5,1.0,0.12,1.6,1.0,0.49999999999999994,0.37499999999999994,0.75
"frozenset({'Chaussures', 'Bébé', 'Fille', 'Garçon', 'Puériculture'})",frozenset({'Homme'}),0.2,0.4,0.2,1.0,2.5,1.0,0.12,inf,0.7499999999999998,0.49999999999999994,1.0,0.75
frozenset({'Femme'}),"frozenset({'Chaussures', 'Homme', 'Bébé', 'Garçon', 'Puériculture'})",0.4,0.2,0.2,0.5,2.5,1.0,0.12,1.6,1.0,0.49999999999999994,0.37499999999999994,0.75
frozenset({'Homme'}),"frozenset({'Chaussures', 'Bébé', 'Femme', 'Garçon', 'Puériculture'})",0.4,0.2,0.2,0.5,2.5,1.0,0.12,1.6,1.0,0.49999999999999994,0.37499999999999994,0.75
"frozenset({'Homme', 'Femme'})","frozenset({'Puériculture', 'Chaussures'})",0.4,0.2,0.2,0.5,2.5,1.0,0.12,1.6,1.0,0.49999999999999994,0.37499999999999994,0.75
"frozenset({'Puériculture', 'Chaussures'})","frozenset({'Homme', 'Femme'})",0.2,0.4,0.2,1.0,2.5,1.0,0.12,inf,0.7499999999999998,0.49999999999999994,1.0,0.75
"frozenset({'Puériculture', 'Chaussures', 'Femme'})",frozenset({'Homme'}),0.2,0.4,0.2,1.0,2.5,1.0,0.12,inf,0.7499999999999998,0.49999999999999994,1.0,0.75
"frozenset({'Puériculture', 'Chaussures', 'Homme'})",frozenset({'Femme'}),0.2,0.4,0.2,1.0,2.5,1.0,0.12,inf,0.7499999999999998,0.49999999999999994,1.0,0.75
frozenset({'Femme'}),"frozenset({'Puériculture', 'Chaussures', 'Garçon'})",0.4,0.2,0.2,0.5,2.5,1.0,0.12,1.6,1.0,0.49999999999999994,0.37499999999999994,0.75
frozenset({'Homme'}),"frozenset({'Chaussures', 'Fille', 'Garçon'})",0.4,0.2,0.2,0.5,2.5,1.0,0.12,1.6,1.0,0.49999999999999994,0.37499999999999994,0.75
"frozenset({'Chaussures', 'Fille', 'Garçon'})",frozenset({'Homme'}),0.2,0.4,0.2,1.0,2.5,1.0,0.12,inf,0.7499999999999998,0.49999999999999994,1.0,0.75
frozenset({'Femme'}),"frozenset({'Puériculture', 'Chaussures', 'Homme'})",0.4,0.2,0.2,0.5,2.5,1.0,0.12,1.6,1.0,0.49999999999999994,0.37499999999999994,0.75
frozenset({'Homme'}),"frozenset({'Puériculture', 'Chaussures', 'Femme'})",0.4,0.2,0.2,0.5,2.5,1.0,0.12,1.6,1.0,0.49999999999999994,0.37499999999999994,0.75
"frozenset({'Puériculture', 'Fille', 'Bébé'})",frozenset({'Homme'}),0.2,0.4,0.2,1.0,2.5,1.0,0.12,inf,0.7499999999999998,0.49999999999999994,1.0,0.75
"frozenset({'Chaussures', 'Fille', 'Garçon'})",frozenset({'Femme'}),0.2,0.4,0.2,1.0,2.5,1.0,0.12,inf,0.7499999999999998,0.49999999999999994,1.0,0.75
frozenset({'Homme'}),"frozenset({'Puériculture', 'Bébé', 'Garçon'})",0.4,0.2,0.2,0.5,2.5,1.0,0.12,1.6,1.0,0.49999999999999994,0.37499999999999994,0.75
"frozenset({'Puériculture', 'Bébé', 'Garçon'})",frozenset({'Homme'}),0.2,0.4,0.2,1.0,2.5,1.0,0.12,inf,0.7499999999999998,0.49999999999999994,1.0,0.75
"frozenset({'Chaussures', 'Fille', 'Homme'})",frozenset({'Femme'}),0.2,0.4,0.2,1.0,2.5,1.0,0.12,inf,0.7499999999999998,0.49999999999999994,1.0,0.75
"frozenset({'Chaussures', 'Fille', 'Femme'})",frozenset({'Homme'}),0.2,0.4,0.2,1.0,2.5,1.0,0.12,inf,0.7499999999999998,0.49999999999999994,1.0,0.75
frozenset({'Femme'}),"frozenset({'Chaussures', 'Fille', 'Garçon'})",0.4,0.2,0.2,0.5,2.5,1.0,0.12,1.6,1.0,0.49999999999999994,0.37499999999999994,0.75
"frozenset({'Puériculture', 'Chaussures', 'Fille'})",frozenset({'Femme'}),0.2,0.4,0.2,1.0,2.5,1.0,0.12,inf,0.7499999999999998,0.49999999999999994,1.0,0.75
frozenset({'Homme'}),"frozenset({'Chaussures', 'Fille', 'Femme'})",0.4,0.2,0.2,0.5,2.5,1.0,0.12,1.6,1.0,0.49999999999999994,0.37499999999999994,0.75
frozenset({'Femme'}),"frozenset({'Chaussures', 'Fille', 'Homme'})",0.4,0.2,0.2,0.5,2.5,1.0,0.12,1.6,1.0,0.49999999999999994,0.37499999999999994,0.75
"frozenset({'Homme', 'Femme'})","frozenset({'Chaussures', 'Fille'})",0.4,0.2,0.2,0.5,2.5,1.0,0.12,1.6,1.0,0.49999999999999994,0.37499999999999994,0.75
"frozenset({'Chaussures', 'Fille'})","frozenset({'Homme', 'Femme'})",0.2,0.4,0.2,1.0,2.5,1.0,0.12,inf,0.7499999999999998,0.49999999999999994,1.0,0.75
"frozenset({'Homme', 'Femme'})","frozenset({'Chaussures', 'Garçon'})",0.4,0.2,0.2,0.5,2.5,1.0,0.12,1.6,1.0,0.49999999999999994,0.37499999999999994,0.75
"frozenset({'Chaussures', 'Garçon'})","frozenset({'Homme', 'Femme'})",0.2,0.4,0.2,1.0,2.5,1.0,0.12,inf,0.7499999999999998,0.49999999999999994,1.0,0.75
"frozenset({'Chaussures', 'Femme', 'Garçon'})",frozenset({'Homme'}),0.2,0.4,0.2,1.0,2.5,1.0,0.12,inf,0.7499999999999998,0.49999999999999994,1.0,0.75
"frozenset({'Chaussures', 'Homme', 'Garçon'})",frozenset({'Femme'}),0.2,0.4,0.2,1.0,2.5,1.0,0.12,inf,0.7499999999999998,0.49999999999999994,1.0,0.75
frozenset({'Femme'}),"frozenset({'Puériculture', 'Fille', 'Bébé'})",0.4,0.2,0.2,0.5,2.5,1.0,0.12,1.6,1.0,0.49999999999999994,0.37499999999999994,0.75
"frozenset({'Puériculture', 'Bébé', 'Garçon'})",frozenset({'Femme'}),0.2,0.4,0.2,1.0,2.5,1.0,0.12,inf,0.7499999999999998,0.49999999999999994,1.0,0.75
frozenset({'Femme'}),"frozenset({'Bébé', 'Homme', 'Garçon'})",0.4,0.2,0.2,0.5,2.5,1.0,0.12,1.6,1.0,0.49999999999999994,0.37499999999999994,0.75
frozenset({'Homme'}),"frozenset({'Bébé', 'Femme', 'Garçon'})",0.4,0.2,0.2,0.5,2.5,1.0,0.12,1.6,1.0,0.49999999999999994,0.37499999999999994,0.75
"frozenset({'Bébé', 'Garçon'})","frozenset({'Homme', 'Femme'})",0.2,0.4,0.2,1.0,2.5,1.0,0.12,inf,0.7499999999999998,0.49999999999999994,1.0,0.75
"frozenset({'Homme', 'Femme'})","frozenset({'Bébé', 'Garçon'})",0.4,0.2,0.2,0.5,2.5,1.0,0.12,1.6,1.0,0.49999999999999994,0.37499999999999994,0.75
"frozenset({'Homme', 'Femme'})","frozenset({'Puériculture', 'Bébé'})",0.4,0.2,0.2,0.5,2.5,1.0,0.12,1.6,1.0,0.49999999999999994,0.37499999999999994,0.75
"frozenset({'Puériculture', 'Bébé'})","frozenset({'Homme', 'Femme'})",0.2,0.4,0.2,1.0,2.5,1.0,0.12,inf,0.7499999999999998,0.49999999999999994,1.0,0.75
"frozenset({'Puériculture', 'Femme', 'Bébé'})",frozenset({'Homme'}),0.2,0.4,0.2,1.0,2.5,1.0,0.12,inf,0.7499999999999998,0.49999999999999994,1.0,0.75
"frozenset({'Puériculture', 'Homme', 'Bébé'})",frozenset({'Femme'}),0.2,0.4,0.2,1.0,2.5,1.0,0.12,inf,0.7499999999999998,0.49999999999999994,1.0,0.75
frozenset({'Femme'}),"frozenset({'Puériculture', 'Bébé', 'Garçon'})",0.4,0.2,0.2,0.5,2.5,1.0,0.12,1.6,1.0,0.49999999999999994,0.37499999999999994,0.75
"frozenset({'Bébé', 'Fille', 'Garçon'})",frozenset({'Homme'}),0.2,0.4,0.2,1.0,2.5,1.0,0.12,inf,0.7499999999999998,0.49999999999999994,1.0,0.75
frozenset({'Femme'}),"frozenset({'Puériculture', 'Homme', 'Bébé'})",0.4,0.2,0.2,0.5,2.5,1.0,0.12,1.6,1.0,0.49999999999999994,0.37499999999999994,0.75
frozenset({'Homme'}),"frozenset({'Puériculture', 'Femme', 'Bébé'})",0.4,0.2,0.2,0.5,2.5,1.0,0.12,1.6,1.0,0.49999999999999994,0.37499999999999994,0.75
frozenset({'Homme'}),"frozenset({'Bébé', 'Fille', 'Garçon'})",0.4,0.2,0.2,0.5,2.5,1.0,0.12,1.6,1.0,0.49999999999999994,0.37499999999999994,0.75
frozenset({'Homme'}),"frozenset({'Puériculture', 'Fille', 'Bébé'})",0.4,0.2,0.2,0.5,2.5,1.0,0.12,1.6,1.0,0.49999999999999994,0.37499999999999994,0.75
frozenset({'Homme'}),"frozenset({'Chaussures', 'Fille', 'Bébé'})",0.4,0.2,0.2,0.5,2.5,1.0,0.12,1.6,1.0,0.49999999999999994,0.37499999999999994,0.75
"frozenset({'Bébé', 'Chaussures', 'Garçon'})",frozenset({'Homme'}),0.2,0.4,0.2,1.0,2.5,1.0,0.12,inf,0.7499999999999998,0.49999999999999994,1.0,0.75
frozenset({'Homme'}),"frozenset({'Bébé', 'Chaussures', 'Garçon'})",0.4,0.2,0.2,0.5,2.5,1.0,0.12,1.6,1.0,0.49999999999999994,0.37499999999999994,0.75
"frozenset({'Puériculture', 'Chaussures', 'Bébé'})",frozenset({'Homme'}),0.2,0.4,0.2,1.0,2.5,1.0,0.12,inf,0.7499999999999998,0.49999999999999994,1.0,0.75
frozenset({'Femme'}),"frozenset({'Bébé', 'Fille', 'Garçon'})",0.4,0.2,0.2,0.5,2.5,1.0,0.12,1.6,1.0,0.49999999999999994,0.37499999999999994,0.75
"frozenset({'Bébé', 'Fille', 'Garçon'})",frozenset({'Femme'}),0.2,0.4,0.2,1.0,2.5,1.0,0.12,inf,0.7499999999999998,0.49999999999999994,1.0,0.75
frozenset({'Homme'}),"frozenset({'Puériculture', 'Chaussures', 'Bébé'})",0.4,0.2,0.2,0.5,2.5,1.0,0.12,1.6,1.0,0.49999999999999994,0.37499999999999994,0.75
"frozenset({'Puériculture', 'Fille', 'Bébé'})",frozenset({'Femme'}),0.2,0.4,0.2,1.0,2.5,1.0,0.12,inf,0.7499999999999998,0.49999999999999994,1.0,0.75
frozenset({'Femme'}),"frozenset({'Homme', 'Fille', 'Bébé'})",0.4,0.2,0.2,0.5,2.5,1.0,0.12,1.6,1.0,0.49999999999999994,0.37499999999999994,0.75
frozenset({'Homme'}),"frozenset({'Fille', 'Femme', 'Bébé'})",0.4,0.2,0.2,0.5,2.5,1.0,0.12,1.6,1.0,0.49999999999999994,0.37499999999999994,0.75
"frozenset({'Homme', 'Femme'})","frozenset({'Fille', 'Bébé'})",0.4,0.2,0.2,0.5,2.5,1.0,0.12,1.6,1.0,0.49999999999999994,0.37499999999999994,0.75
"frozenset({'Fille', 'Bébé'})","frozenset({'Homme', 'Femme'})",0.2,0.4,0.2,1.0,2.5,1.0,0.12,inf,0.7499999999999998,0.49999999999999994,1.0,0.75
"frozenset({'Fille', 'Femme', 'Bébé'})",frozenset({'Homme'}),0.2,0.4,0.2,1.0,2.5,1.0,0.12,inf,0.7499999999999998,0.49999999999999994,1.0,0.75
"frozenset({'Homme', 'Fille', 'Bébé'})",frozenset({'Femme'}),0.2,0.4,0.2,1.0,2.5,1.0,0.12,inf,0.7499999999999998,0.49999999999999994,1.0,0.75
"frozenset({'Bébé', 'Femme', 'Garçon'})",frozenset({'Homme'}),0.2,0.4,0.2,1.0,2.5,1.0,0.12,inf,0.7499999999999998,0.49999999999999994,1.0,0.75
"frozenset({'Bébé', 'Homme', 'Garçon'})",frozenset({'Femme'}),0.2,0.4,0.2,1.0,2.5,1.0,0.12,inf,0.7499999999999998,0.49999999999999994,1.0,0.75
frozenset({'Maison'}),"frozenset({'Beauté & Sport', 'Ventes flash', 'Les plus demandés'})",0.4,0.2,0.2,0.5,2.5,1.0,0.12,1.6,1.0,0.49999999999999994,0.37499999999999994,0.75
frozenset({'Femme'}),"frozenset({'Bébé', 'Chaussures', 'Garçon'})",0.4,0.2,0.2,0.5,2.5,1.0,0.12,1.6,1.0,0.49999999999999994,0.37499999999999994,0.75
"frozenset({'Bébé', 'Chaussures', 'Garçon'})",frozenset({'Femme'}),0.2,0.4,0.2,1.0,2.5,1.0,0.12,inf,0.7499999999999998,0.49999999999999994,1.0,0.75
frozenset({'Femme'}),"frozenset({'Chaussures', 'Fille', 'Bébé'})",0.4,0.2,0.2,0.5,2.5,1.0,0.12,1.6,1.0,0.49999999999999994,0.37499999999999994,0.75
"frozenset({'Bébé', 'Fille', 'Femme', 'Garçon', 'Puériculture'})",frozenset({'Homme'}),0.2,0.4,0.2,1.0,2.5,1.0,0.12,inf,0.7499999999999998,0.49999999999999994,1.0,0.75
"frozenset({'Homme', 'Bébé', 'Fille', 'Garçon', 'Puériculture'})",frozenset({'Femme'}),0.2,0.4,0.2,1.0,2.5,1.0,0.12,inf,0.7499999999999998,0.49999999999999994,1.0,0.75
frozenset({'Homme'}),"frozenset({'Chaussures', 'Bébé', 'Fille', 'Garçon', 'Puériculture'})",0.4,0.2,0.2,0.5,2.5,1.0,0.12,1.6,1.0,0.49999999999999994,0.37499999999999994,0.75
frozenset({'Femme'}),"frozenset({'Chaussures', 'Homme', 'Bébé'})",0.4,0.2,0.2,0.5,2.5,1.0,0.12,1.6,1.0,0.49999999999999994,0.37499999999999994,0.75
frozenset({'Homme'}),"frozenset({'Chaussures', 'Femme', 'Bébé'})",0.4,0.2,0.2,0.5,2.5,1.0,0.12,1.6,1.0,0.49999999999999994,0.37499999999999994,0.75
"frozenset({'Homme', 'Femme'})","frozenset({'Chaussures', 'Bébé'})",0.4,0.2,0.2,0.5,2.5,1.0,0.12,1.6,1.0,0.49999999999999994,0.37499999999999994,0.75
"frozenset({'Chaussures', 'Bébé'})","frozenset({'Homme', 'Femme'})",0.2,0.4,0.2,1.0,2.5,1.0,0.12,inf,0.7499999999999998,0.49999999999999994,1.0,0.75
"frozenset({'Chaussures', 'Femme', 'Bébé'})",frozenset({'Homme'}),0.2,0.4,0.2,1.0,2.5,1.0,0.12,inf,0.7499999999999998,0.49999999999999994,1.0,0.75
"frozenset({'Chaussures', 'Homme', 'Bébé'})",frozenset({'Femme'}),0.2,0.4,0.2,1.0,2.5,1.0,0.12,inf,0.7499999999999998,0.49999999999999994,1.0,0.75
frozenset({'Femme'}),"frozenset({'Puériculture', 'Chaussures', 'Bébé'})",0.4,0.2,0.2,0.5,2.5,1.0,0.12,1.6,1.0,0.49999999999999994,0.37499999999999994,0.75
"frozenset({'Puériculture', 'Chaussures', 'Bébé'})",frozenset({'Femme'}),0.2,0.4,0.2,1.0,2.5,1.0,0.12,inf,0.7499999999999998,0.49999999999999994,1.0,0.75
"frozenset({'Chaussures', 'Fille', 'Bébé'})",frozenset({'Homme'}),0.2,0.4,0.2,1.0,2.5,1.0,0.12,inf,0.7499999999999998,0.49999999999999994,1.0,0.75
"frozenset({'Les plus demandés', 'Beauté & Sport', 'Automobile et bricolage'})",frozenset({'Maison'}),0.2,0.4,0.2,1.0,2.5,1.0,0.12,inf,0.7499999999999998,0.49999999999999994,1.0,0.75
frozenset({'Maquillage'}),"frozenset({'Parfums', 'Téléphones & Accessoires'})",0.4,0.2,0.2,0.5,2.5,1.0,0.12,1.6,1.0,0.49999999999999994,0.37499999999999994,0.75
"frozenset({'Puériculture', 'Fille', 'Garçon', 'Bébé'})","frozenset({'Homme', 'Femme'})",0.2,0.4,0.2,1.0,2.5,1.0,0.12,inf,0.7499999999999998,0.49999999999999994,1.0,0.75
frozenset({'Maison'}),"frozenset({'Les plus demandés', 'Beauté & Sport', 'Automobile et bricolage'})",0.4,0.2,0.2,0.5,2.5,1.0,0.12,1.6,1.0,0.49999999999999994,0.37499999999999994,0.75
frozenset({'Maison'}),"frozenset({'Beauté & Sport', 'Ventes flash', 'Automobile et bricolage'})",0.4,0.2,0.2,0.5,2.5,1.0,0.12,1.6,1.0,0.49999999999999994,0.37499999999999994,0.75
"frozenset({'Beauté & Sport', 'Ventes flash', 'Automobile et bricolage'})",frozenset({'Maison'}),0.2,0.4,0.2,1.0,2.5,1.0,0.12,inf,0.7499999999999998,0.49999999999999994,1.0,0.75
frozenset({'Maison'}),"frozenset({'Les plus demandés', 'Ventes flash', 'Automobile et bricolage'})",0.4,0.2,0.2,0.5,2.5,1.0,0.12,1.6,1.0,0.49999999999999994,0.37499999999999994,0.75
"frozenset({'Les plus demandés', 'Ventes flash', 'Automobile et bricolage'})",frozenset({'Maison'}),0.2,0.4,0.2,1.0,2.5,1.0,0.12,inf,0.7499999999999998,0.49999999999999994,1.0,0.75
"frozenset({'Beauté', 'Montres & Bijoux', 'Téléphones & Accessoires'})",frozenset({'Maquillage'}),0.2,0.4,0.2,1.0,2.5,1.0,0.12,inf,0.7499999999999998,0.49999999999999994,1.0,0.75
frozenset({'Maquillage'}),"frozenset({'Parfums', 'Montres & Bijoux', 'Beauté'})",0.4,0.2,0.2,0.5,2.5,1.0,0.12,1.6,1.0,0.49999999999999994,0.37499999999999994,0.75
"frozenset({'Parfums', 'Montres & Bijoux', 'Beauté'})",frozenset({'Maquillage'}),0.2,0.4,0.2,1.0,2.5,1.0,0.12,inf,0.7499999999999998,0.49999999999999994,1.0,0.75
"frozenset({'Parfums', 'Téléphones & Accessoires', 'Beauté'})",frozenset({'Maquillage'}),0.2,0.4,0.2,1.0,2.5,1.0,0.12,inf,0.7499999999999998,0.49999999999999994,1.0,0.75
frozenset({'Maquillage'}),"frozenset({'Beauté', 'Montres & Bijoux', 'Téléphones & Accessoires'})",0.4,0.2,0.2,0.5,2.5,1.0,0.12,1.6,1.0,0.49999999999999994,0.37499999999999994,0.75
frozenset({'Maquillage'}),"frozenset({'Parfums', 'Téléphones & Accessoires', 'Beauté'})",0.4,0.2,0.2,0.5,2.5,1.0,0.12,1.6,1.0,0.49999999999999994,0.37499999999999994,0.75
"frozenset({'Beauté & Sport', 'Ventes flash', 'Les plus demandés'})",frozenset({'Maison'}),0.2,0.4,0.2,1.0,2.5,1.0,0.12,inf,0.7499999999999998,0.49999999999999994,1.0,0.75
"frozenset({'Chaussures', 'Fille', 'Bébé'})",frozenset({'Femme'}),0.2,0.4,0.2,1.0,2.5,1.0,0.12,inf,0.7499999999999998,0.49999999999999994,1.0,0.75
"frozenset({'Homme', 'Femme'})",frozenset({'Ventes Flash'}),0.4,0.2,0.2,0.5,2.5,1.0,0.12,1.6,1.0,0.49999999999999994,0.37499999999999994,0.75
"frozenset({'Puériculture', 'Garçon'})",frozenset({'Homme'}),0.2,0.4,0.2,1.0,2.5,1.0,0.12,inf,0.7499999999999998,0.49999999999999994,1.0,0.75
frozenset({'Homme'}),"frozenset({'Puériculture', 'Fille'})",0.4,0.2,0.2,0.5,2.5,1.0,0.12,1.6,1.0,0.49999999999999994,0.37499999999999994,0.75
"frozenset({'Puériculture', 'Fille'})",frozenset({'Homme'}),0.2,0.4,0.2,1.0,2.5,1.0,0.12,inf,0.7499999999999998,0.49999999999999994,1.0,0.75
frozenset({'Maison'}),"frozenset({'Ventes flash', 'Les plus demandés'})",0.4,0.2,0.2,0.5,2.5,1.0,0.12,1.6,1.0,0.49999999999999994,0.37499999999999994,0.75
"frozenset({'Ventes flash', 'Les plus demandés'})",frozenset({'Maison'}),0.2,0.4,0.2,1.0,2.5,1.0,0.12,inf,0.7499999999999998,0.49999999999999994,1.0,0.75
frozenset({'Maison'}),"frozenset({'Homme', 'Ventes Flash'})",0.4,0.2,0.2,0.5,2.5,1.0,0.12,1.6,1.0,0.49999999999999994,0.37499999999999994,0.75
frozenset({'Homme'}),"frozenset({'Maison', 'Ventes Flash'})",0.4,0.2,0.2,0.5,2.5,1.0,0.12,1.6,1.0,0.49999999999999994,0.37499999999999994,0.75
"frozenset({'Maison', 'Ventes Flash'})",frozenset({'Homme'}),0.2,0.4,0.2,1.0,2.5,1.0,0.12,inf,0.7499999999999998,0.49999999999999994,1.0,0.75
"frozenset({'Homme', 'Ventes Flash'})",frozenset({'Maison'}),0.2,0.4,0.2,1.0,2.5,1.0,0.12,inf,0.7499999999999998,0.49999999999999994,1.0,0.75
frozenset({'Homme'}),"frozenset({'Puériculture', 'Garçon'})",0.4,0.2,0.2,0.5,2.5,1.0,0.12,1.6,1.0,0.49999999999999994,0.37499999999999994,0.75
"frozenset({'Parfums', 'Téléphones & Accessoires'})",frozenset({'Maquillage'}),0.2,0.4,0.2,1.0,2.5,1.0,0.12,inf,0.7499999999999998,0.49999999999999994,1.0,0.75
frozenset({'Maquillage'}),"frozenset({'Montres & Bijoux', 'Téléphones & Accessoires'})",0.4,0.2,0.2,0.5,2.5,1.0,0.12,1.6,1.0,0.49999999999999994,0.37499999999999994,0.75
"frozenset({'Montres & Bijoux', 'Téléphones & Accessoires'})",frozenset({'Maquillage'}),0.2,0.4,0.2,1.0,2.5,1.0,0.12,inf,0.7499999999999998,0.49999999999999994,1.0,0.75
frozenset({'Maquillage'}),"frozenset({'Parfums', 'Montres & Bijoux'})",0.4,0.2,0.2,0.5,2.5,1.0,0.12,1.6,1.0,0.49999999999999994,0.37499999999999994,0.75
"frozenset({'Parfums', 'Montres & Bijoux'})",frozenset({'Maquillage'}),0.2,0.4,0.2,1.0,2.5,1.0,0.12,inf,0.7499999999999998,0.49999999999999994,1.0,0.75
"frozenset({'Homme', 'Maison'})",frozenset({'Femme'}),0.2,0.4,0.2,1.0,2.5,1.0,0.12,inf,0.7499999999999998,0.49999999999999994,1.0,0.75
"frozenset({'Maison', 'Femme'})",frozenset({'Homme'}),0.2,0.4,0.2,1.0,2.5,1.0,0.12,inf,0.7499999999999998,0.49999999999999994,1.0,0.75
frozenset({'Femme'}),"frozenset({'Puériculture', 'Garçon'})",0.4,0.2,0.2,0.5,2.5,1.0,0.12,1.6,1.0,0.49999999999999994,0.37499999999999994,0.75
"frozenset({'Homme', 'Femme'})","frozenset({'Puériculture', 'Fille', 'Garçon', 'Bébé'})",0.4,0.2,0.2,0.5,2.5,1.0,0.12,1.6,1.0,0.49999999999999994,0.37499999999999994,0.75
frozenset({'Homme'}),"frozenset({'Fille', 'Garçon'})",0.4,0.2,0.2,0.5,2.5,1.0,0.12,1.6,1.0,0.49999999999999994,0.37499999999999994,0.75
"frozenset({'Fille', 'Garçon'})",frozenset({'Homme'}),0.2,0.4,0.2,1.0,2.5,1.0,0.12,inf,0.7499999999999998,0.49999999999999994,1.0,0.75
frozenset({'Maison'}),"frozenset({'Femme', 'Ventes Flash'})",0.4,0.2,0.2,0.5,2.5,1.0,0.12,1.6,1.0,0.49999999999999994,0.37499999999999994,0.75
frozenset({'Femme'}),"frozenset({'Maison', 'Ventes Flash'})",0.4,0.2,0.2,0.5,2.5,1.0,0.12,1.6,1.0,0.49999999999999994,0.37499999999999994,0.75
"frozenset({'Maison', 'Ventes Flash'})",frozenset({'Femme'}),0.2,0.4,0.2,1.0,2.5,1.0,0.12,inf,0.7499999999999998,0.49999999999999994,1.0,0.75
"frozenset({'Femme', 'Ventes Flash'})",frozenset({'Maison'}),0.2,0.4,0.2,1.0,2.5,1.0,0.12,inf,0.7499999999999998,0.49999999999999994,1.0,0.75
frozenset({'Ventes Flash'}),"frozenset({'Homme', 'Femme'})",0.2,0.4,0.2,1.0,2.5,1.0,0.12,inf,0.7499999999999998,0.49999999999999994,1.0,0.75
frozenset({'Femme'}),"frozenset({'Homme', 'Ventes Flash'})",0.4,0.2,0.2,0.5,2.5,1.0,0.12,1.6,1.0,0.49999999999999994,0.37499999999999994,0.75
frozenset({'Homme'}),"frozenset({'Femme', 'Ventes Flash'})",0.4,0.2,0.2,0.5,2.5,1.0,0.12,1.6,1.0,0.49999999999999994,0.37499999999999994,0.75
"frozenset({'Femme', 'Ventes Flash'})",frozenset({'Homme'}),0.2,0.4,0.2,1.0,2.5,1.0,0.12,inf,0.7499999999999998,0.49999999999999994,1.0,0.75
"frozenset({'Homme', 'Ventes Flash'})",frozenset({'Femme'}),0.2,0.4,0.2,1.0,2.5,1.0,0.12,inf,0.7499999999999998,0.49999999999999994,1.0,0.75
"frozenset({'Puériculture', 'Fille'})",frozenset({'Femme'}),0.2,0.4,0.2,1.0,2.5,1.0,0.12,inf,0.7499999999999998,0.49999999999999994,1.0,0.75
frozenset({'Homme'}),"frozenset({'Fille', 'Femme'})",0.4,0.2,0.2,0.5,2.5,1.0,0.12,1.6,1.0,0.49999999999999994,0.37499999999999994,0.75
frozenset({'Femme'}),"frozenset({'Fille', 'Homme'})",0.4,0.2,0.2,0.5,2.5,1.0,0.12,1.6,1.0,0.49999999999999994,0.37499999999999994,0.75
"frozenset({'Chaussures', 'Fille', 'Femme', 'Garçon', 'Puériculture'})",frozenset({'Homme'}),0.2,0.4,0.2,1.0,2.5,1.0,0.12,inf,0.7499999999999998,0.49999999999999994,1.0,0.75
"frozenset({'Chaussures', 'Homme', 'Fille', 'Garçon', 'Puériculture'})",frozenset({'Femme'}),0.2,0.4,0.2,1.0,2.5,1.0,0.12,inf,0.7499999999999998,0.49999999999999994,1.0,0.75
frozenset({'Femme'}),"frozenset({'Homme', 'Bébé', 'Fille', 'Garçon', 'Puériculture'})",0.4,0.2,0.2,0.5,2.5,1.0,0.12,1.6,1.0,0.49999999999999994,0.37499999999999994,0.75
frozenset({'Homme'}),"frozenset({'Bébé', 'Fille', 'Femme', 'Garçon', 'Puériculture'})",0.4,0.2,0.2,0.5,2.5,1.0,0.12,1.6,1.0,0.49999999999999994,0.37499999999999994,0.75
frozenset({'Femme'}),"frozenset({'Puériculture', 'Homme'})",0.4,0.2,0.2,0.5,2.5,1.0,0.12,1.6,1.0,0.49999999999999994,0.37499999999999994,0.75
frozenset({'Homme'}),"frozenset({'Puériculture', 'Femme'})",0.4,0.2,0.2,0.5,2.5,1.0,0.12,1.6,1.0,0.49999999999999994,0.37499999999999994,0.75
frozenset({'Puériculture'}),"frozenset({'Homme', 'Femme'})",0.2,0.4,0.2,1.0,2.5,1.0,0.12,inf,0.7499999999999998,0.49999999999999994,1.0,0.75
"frozenset({'Homme', 'Femme'})",frozenset({'Puériculture'}),0.4,0.2,0.2,0.5,2.5,1.0,0.12,1.6,1.0,0.49999999999999994,0.37499999999999994,0.75
"frozenset({'Puériculture', 'Femme'})",frozenset({'Homme'}),0.2,0.4,0.2,1.0,2.5,1.0,0.12,inf,0.7499999999999998,0.49999999999999994,1.0,0.75
"frozenset({'Puériculture', 'Homme'})",frozenset({'Femme'}),0.2,0.4,0.2,1.0,2.5,1.0,0.12,inf,0.7499999999999998,0.49999999999999994,1.0,0.75
frozenset({'Homme'}),"frozenset({'Maison', 'Femme'})",0.4,0.2,0.2,0.5,2.5,1.0,0.12,1.6,1.0,0.49999999999999994,0.37499999999999994,0.75
frozenset({'Femme'}),"frozenset({'Homme', 'Maison'})",0.4,0.2,0.2,0.5,2.5,1.0,0.12,1.6,1.0,0.49999999999999994,0.37499999999999994,0.75
"frozenset({'Homme', 'Femme'})",frozenset({'Fille'}),0.4,0.2,0.2,0.5,2.5,1.0,0.12,1.6,1.0,0.49999999999999994,0.37499999999999994,0.75
"frozenset({'Fille', 'Homme'})",frozenset({'Femme'}),0.2,0.4,0.2,1.0,2.5,1.0,0.12,inf,0.7499999999999998,0.49999999999999994,1.0,0.75
"frozenset({'Fille', 'Femme'})",frozenset({'Homme'}),0.2,0.4,0.2,1.0,2.5,1.0,0.12,inf,0.7499999999999998,0.49999999999999994,1.0,0.75
frozenset({'Femme'}),"frozenset({'Fille', 'Garçon'})",0.4,0.2,0.2,0.5,2.5,1.0,0.12,1.6,1.0,0.49999999999999994,0.37499999999999994,0.75
"frozenset({'Fille', 'Garçon'})",frozenset({'Femme'}),0.2,0.4,0.2,1.0,2.5,1.0,0.12,inf,0.7499999999999998,0.49999999999999994,1.0,0.75
frozenset({'Maison'}),"frozenset({'Enfants', 'Ventes Flash'})",0.4,0.2,0.2,0.5,2.5,1.0,0.12,1.6,1.0,0.49999999999999994,0.37499999999999994,0.75
"frozenset({'Enfants', 'Ventes Flash'})",frozenset({'Maison'}),0.2,0.4,0.2,1.0,2.5,1.0,0.12,inf,0.7499999999999998,0.49999999999999994,1.0,0.75
"frozenset({'Puériculture', 'Chaussures', 'Fille', 'Garçon'})","frozenset({'Homme', 'Femme'})",0.2,0.4,0.2,1.0,2.5,1.0,0.12,inf,0.7499999999999998,0.49999999999999994,1.0,0.75
"frozenset({'Puériculture', 'Garçon'})",frozenset({'Femme'}),0.2,0.4,0.2,1.0,2.5,1.0,0.12,inf,0.7499999999999998,0.49999999999999994,1.0,0.75
frozenset({'Garçon'}),"frozenset({'Homme', 'Femme'})",0.2,0.4,0.2,1.0,2.5,1.0,0.12,inf,0.7499999999999998,0.49999999999999994,1.0,0.75
frozenset({'Femme'}),"frozenset({'Homme', 'Garçon'})",0.4,0.2,0.2,0.5,2.5,1.0,0.12,1.6,1.0,0.49999999999999994,0.37499999999999994,0.75
frozenset({'Homme'}),"frozenset({'Femme', 'Garçon'})",0.4,0.2,0.2,0.5,2.5,1.0,0.12,1.6,1.0,0.49999999999999994,0.37499999999999994,0.75
"frozenset({'Femme', 'Garçon'})",frozenset({'Homme'}),0.2,0.4,0.2,1.0,2.5,1.0,0.12,inf,0.7499999999999998,0.49999999999999994,1.0,0.75
"frozenset({'Homme', 'Garçon'})",frozenset({'Femme'}),0.2,0.4,0.2,1.0,2.5,1.0,0.12,inf,0.7499999999999998,0.49999999999999994,1.0,0.75
"frozenset({'Homme', 'Femme'})",frozenset({'Garçon'}),0.4,0.2,0.2,0.5,2.5,1.0,0.12,1.6,1.0,0.49999999999999994,0.37499999999999994,0.75
frozenset({'Femme'}),"frozenset({'Puériculture', 'Fille'})",0.4,0.2,0.2,0.5,2.5,1.0,0.12,1.6,1.0,0.49999999999999994,0.37499999999999994,0.75
"frozenset({'Enfants', 'Femme'})",frozenset({'Maison'}),0.2,0.4,0.2,1.0,2.5,1.0,0.12,inf,0.7499999999999998,0.49999999999999994,1.0,0.75
frozenset({'Homme'}),"frozenset({'Enfants', 'Femme'})",0.4,0.2,0.2,0.5,2.5,1.0,0.12,1.6,1.0,0.49999999999999994,0.37499999999999994,0.75
frozenset({'Femme'}),"frozenset({'Enfants', 'Homme'})",0.4,0.2,0.2,0.5,2.5,1.0,0.12,1.6,1.0,0.49999999999999994,0.37499999999999994,0.75
frozenset({'Enfants'}),"frozenset({'Homme', 'Femme'})",0.2,0.4,0.2,1.0,2.5,1.0,0.12,inf,0.7499999999999998,0.49999999999999994,1.0,0.75
"frozenset({'Homme', 'Femme'})",frozenset({'Enfants'}),0.4,0.2,0.2,0.5,2.5,1.0,0.12,1.6,1.0,0.49999999999999994,0.37499999999999994,0.75
"frozenset({'Enfants', 'Homme'})",frozenset({'Femme'}),0.2,0.4,0.2,1.0,2.5,1.0,0.12,inf,0.7499999999999998,0.49999999999999994,1.0,0.75
"frozenset({'Enfants', 'Femme'})",frozenset({'Homme'}),0.2,0.4,0.2,1.0,2.5,1.0,0.12,inf,0.7499999999999998,0.49999999999999994,1.0,0.75
frozenset({'Maquillage'}),"frozenset({'Solaire', 'Corps'})",0.4,0.2,0.2,0.5,2.5,1.0,0.12,1.6,1.0,0.49999999999999994,0.37499999999999994,0.75
frozenset({'Homme'}),"frozenset({'Enfants', 'Ventes Flash'})",0.4,0.2,0.2,0.5,2.5,1.0,0.12,1.6,1.0,0.49999999999999994,0.37499999999999994,0.75
"frozenset({'Enfants', 'Ventes Flash'})",frozenset({'Homme'}),0.2,0.4,0.2,1.0,2.5,1.0,0.12,inf,0.7499999999999998,0.49999999999999994,1.0,0.75
frozenset({'Homme'}),"frozenset({'Enfants', 'Maison'})",0.4,0.2,0.2,0.5,2.5,1.0,0.12,1.6,1.0,0.49999999999999994,0.37499999999999994,0.75
frozenset({'Maison'}),"frozenset({'Enfants', 'Homme'})",0.4,0.2,0.2,0.5,2.5,1.0,0.12,1.6,1.0,0.49999999999999994,0.37499999999999994,0.75
"frozenset({'Enfants', 'Homme'})",frozenset({'Maison'}),0.2,0.4,0.2,1.0,2.5,1.0,0.12,inf,0.7499999999999998,0.49999999999999994,1.0,0.75
"frozenset({'Enfants', 'Maison'})",frozenset({'Homme'}),0.2,0.4,0.2,1.0,2.5,1.0,0.12,inf,0.7499999999999998,0.49999999999999994,1.0,0.75
frozenset({'Femme'}),"frozenset({'Enfants', 'Ventes Flash'})",0.4,0.2,0.2,0.5,2.5,1.0,0.12,1.6,1.0,0.49999999999999994,0.37499999999999994,0.75
frozenset({'Fille'}),"frozenset({'Homme', 'Femme'})",0.2,0.4,0.2,1.0,2.5,1.0,0.12,inf,0.7499999999999998,0.49999999999999994,1.0,0.75
frozenset({'Homme'}),"frozenset({'Chaussures', 'Garçon'})",0.4,0.2,0.2,0.5,2.5,1.0,0.12,1.6,1.0,0.49999999999999994,0.37499999999999994,0.75
"frozenset({'Chaussures', 'Garçon'})",frozenset({'Homme'}),0.2,0.4,0.2,1.0,2.5,1.0,0.12,inf,0.7499999999999998,0.49999999999999994,1.0,0.75
frozenset({'Homme'}),"frozenset({'Chaussures', 'Fille'})",0.4,0.2,0.2,0.5,2.5,1.0,0.12,1.6,1.0,0.49999999999999994,0.37499999999999994,0.75
frozenset({'Homme'}),"frozenset({'Chaussures', 'Fille', 'Femme', 'Garçon', 'Puériculture'})",0.4,0.2,0.2,0.5,2.5,1.0,0.12,1.6,1.0,0.49999999999999994,0.37499999999999994,0.75
"frozenset({'Homme', 'Femme'})","frozenset({'Puériculture', 'Chaussures', 'Fille', 'Garçon'})",0.4,0.2,0.2,0.5,2.5,1.0,0.12,1.6,1.0,0.49999999999999994,0.37499999999999994,0.75
frozenset({'Maquillage'}),"frozenset({'Cheveux', 'Corps'})",0.4,0.2,0.2,0.5,2.5,1.0,0.12,1.6,1.0,0.49999999999999994,0.37499999999999994,0.75
"frozenset({'Cheveux', 'Corps'})",frozenset({'Maquillage'}),0.2,0.4,0.2,1.0,2.5,1.0,0.12,inf,0.7499999999999998,0.49999999999999994,1.0,0.75
frozenset({'Homme'}),"frozenset({'Puériculture', 'Chaussures'})",0.4,0.2,0.2,0.5,2.5,1.0,0.12,1.6,1.0,0.49999999999999994,0.37499999999999994,0.75
"frozenset({'Puériculture', 'Chaussures'})",frozenset({'Homme'}),0.2,0.4,0.2,1.0,2.5,1.0,0.12,inf,0.7499999999999998,0.49999999999999994,1.0,0.75
"frozenset({'Solaire', 'Corps'})",frozenset({'Maquillage'}),0.2,0.4,0.2,1.0,2.5,1.0,0.12,inf,0.7499999999999998,0.49999999999999994,1.0,0.75
frozenset({'Maquillage'}),"frozenset({'Solaire', 'Cheveux'})",0.4,0.2,0.2,0.5,2.5,1.0,0.12,1.6,1.0,0.49999999999999994,0.37499999999999994,0.75
"frozenset({'Solaire', 'Cheveux'})",frozenset({'Maquillage'}),0.2,0.4,0.2,1.0,2.5,1.0,0.12,inf,0.7499999999999998,0.49999999999999994,1.0,0.75
"frozenset({'Enfants', 'Ventes Flash'})",frozenset({'Femme'}),0.2,0.4,0.2,1.0,2.5,1.0,0.12,inf,0.7499999999999998,0.49999999999999994,1.0,0.75
frozenset({'Maison'}),"frozenset({'Enfants', 'Femme'})",0.4,0.2,0.2,0.5,2.5,1.0,0.12,1.6,1.0,0.49999999999999994,0.37499999999999994,0.75
frozenset({'Femme'}),"frozenset({'Enfants', 'Maison'})",0.4,0.2,0.2,0.5,2.5,1.0,0.12,1.6,1.0,0.49999999999999994,0.37499999999999994,0.75
"frozenset({'Enfants', 'Maison'})",frozenset({'Femme'}),0.2,0.4,0.2,1.0,2.5,1.0,0.12,inf,0.7499999999999998,0.49999999999999994,1.0,0.75
"frozenset({'Puériculture', 'Bébé'})",frozenset({'Homme'}),0.2,0.4,0.2,1.0,2.5,1.0,0.12,inf,0.7499999999999998,0.49999999999999994,1.0,0.75
frozenset({'Femme'}),"frozenset({'Chaussures', 'Homme'})",0.4,0.2,0.2,0.5,2.5,1.0,0.12,1.6,1.0,0.49999999999999994,0.37499999999999994,0.75
frozenset({'Homme'}),"frozenset({'Chaussures', 'Femme'})",0.4,0.2,0.2,0.5,2.5,1.0,0.12,1.6,1.0,0.49999999999999994,0.37499999999999994,0.75
frozenset({'Chaussures'}),"frozenset({'Homme', 'Femme'})",0.2,0.4,0.2,1.0,2.5,1.0,0.12,inf,0.7499999999999998,0.49999999999999994,1.0,0.75
"frozenset({'Homme', 'Femme'})",frozenset({'Chaussures'}),0.4,0.2,0.2,0.5,2.5,1.0,0.12,1.6,1.0,0.49999999999999994,0.37499999999999994,0.75
"frozenset({'Chaussures', 'Femme'})",frozenset({'Homme'}),0.2,0.4,0.2,1.0,2.5,1.0,0.12,inf,0.7499999999999998,0.49999999999999994,1.0,0.75
"frozenset({'Chaussures', 'Homme'})",frozenset({'Femme'}),0.2,0.4,0.2,1.0,2.5,1.0,0.12,inf,0.7499999999999998,0.49999999999999994,1.0,0.75
frozenset({'Femme'}),"frozenset({'Chaussures', 'Garçon'})",0.4,0.2,0.2,0.5,2.5,1.0,0.12,1.6,1.0,0.49999999999999994,0.37499999999999994,0.75
"frozenset({'Chaussures', 'Garçon'})",frozenset({'Femme'}),0.2,0.4,0.2,1.0,2.5,1.0,0.12,inf,0.7499999999999998,0.49999999999999994,1.0,0.75
frozenset({'Femme'}),"frozenset({'Chaussures', 'Fille'})",0.4,0.2,0.2,0.5,2.5,1.0,0.12,1.6,1.0,0.49999999999999994,0.37499999999999994,0.75
"frozenset({'Chaussures', 'Bébé', 'Fille', 'Femme', 'Garçon', 'Puériculture'})",frozenset({'Homme'}),0.2,0.4,0.2,1.0,2.5,1.0,0.12,inf,0.7499999999999998,0.49999999999999994,1.0,0.75
"frozenset({'Chaussures', 'Homme', 'Bébé', 'Fille', 'Garçon', 'Puériculture'})",frozenset({'Femme'}),0.2,0.4,0.2,1.0,2.5,1.0,0.12,inf,0.7499999999999998,0.49999999999999994,1.0,0.75
frozenset({'Femme'}),"frozenset({'Chaussures', 'Homme', 'Fille', 'Garçon', 'Puériculture'})",0.4,0.2,0.2,0.5,2.5,1.0,0.12,1.6,1.0,0.49999999999999994,0.37499999999999994,0.75
"frozenset({'Chaussures', 'Fille'})",frozenset({'Homme'}),0.2,0.4,0.2,1.0,2.5,1.0,0.12,inf,0.7499999999999998,0.49999999999999994,1.0,0.75
frozenset({'Femme'}),"frozenset({'Puériculture', 'Chaussures'})",0.4,0.2,0.2,0.5,2.5,1.0,0.12,1.6,1.0,0.49999999999999994,0.37499999999999994,0.75
"frozenset({'Puériculture', 'Chaussures'})",frozenset({'Femme'}),0.2,0.4,0.2,1.0,2.5,1.0,0.12,inf,0.7499999999999998,0.49999999999999994,1.0,0.75
"frozenset({'Bébé', 'Garçon'})",frozenset({'Femme'}),0.2,0.4,0.2,1.0,2.5,1.0,0.12,inf,0.7499999999999998,0.49999999999999994,1.0,0.75
frozenset({'Femme'}),"frozenset({'Fille', 'Bébé'})",0.4,0.2,0.2,0.5,2.5,1.0,0.12,1.6,1.0,0.49999999999999994,0.37499999999999994,0.75
"frozenset({'Fille', 'Bébé'})",frozenset({'Femme'}),0.2,0.4,0.2,1.0,2.5,1.0,0.12,inf,0.7499999999999998,0.49999999999999994,1.0,0.75
"frozenset({'Chaussures', 'Bébé', 'Fille', 'Garçon', 'Puériculture'})","frozenset({'Homme', 'Femme'})",0.2,0.4,0.2,1.0,2.5,1.0,0.12,inf,0.7499999999999998,0.49999999999999994,1.0,0.75
frozenset({'Femme'}),"frozenset({'Puériculture', 'Bébé'})",0.4,0.2,0.2,0.5,2.5,1.0,0.12,1.6,1.0,0.49999999999999994,0.37499999999999994,0.75
"frozenset({'Puériculture', 'Bébé'})",frozenset({'Femme'}),0.2,0.4,0.2,1.0,2.5,1.0,0.12,inf,0.7499999999999998,0.49999999999999994,1.0,0.75
frozenset({'Bébé'}),"frozenset({'Homme', 'Femme'})",0.2,0.4,0.2,1.0,2.5,1.0,0.12,inf,0.7499999999999998,0.49999999999999994,1.0,0.75
frozenset({'Femme'}),"frozenset({'Homme', 'Bébé'})",0.4,0.2,0.2,0.5,2.5,1.0,0.12,1.6,1.0,0.49999999999999994,0.37499999999999994,0.75
frozenset({'Homme'}),"frozenset({'Femme', 'Bébé'})",0.4,0.2,0.2,0.5,2.5,1.0,0.12,1.6,1.0,0.49999999999999994,0.37499999999999994,0.75
"frozenset({'Femme', 'Bébé'})",frozenset({'Homme'}),0.2,0.4,0.2,1.0,2.5,1.0,0.12,inf,0.7499999999999998,0.49999999999999994,1.0,0.75
frozenset({'Homme'}),"frozenset({'Bébé', 'Garçon'})",0.4,0.2,0.2,0.5,2.5,1.0,0.12,1.6,1.0,0.49999999999999994,0.37499999999999994,0.75
"frozenset({'Bébé', 'Garçon'})",frozenset({'Homme'}),0.2,0.4,0.2,1.0,2.5,1.0,0.12,inf,0.7499999999999998,0.49999999999999994,1.0,0.75
frozenset({'Homme'}),"frozenset({'Fille', 'Bébé'})",0.4,0.2,0.2,0.5,2.5,1.0,0.12,1.6,1.0,0.49999999999999994,0.37499999999999994,0.75
"frozenset({'Fille', 'Bébé'})",frozenset({'Homme'}),0.2,0.4,0.2,1.0,2.5,1.0,0.12,inf,0.7499999999999998,0.49999999999999994,1.0,0.75
"frozenset({'Chaussures', 'Fille'})",frozenset({'Femme'}),0.2,0.4,0.2,1.0,2.5,1.0,0.12,inf,0.7499999999999998,0.49999999999999994,1.0,0.75
frozenset({'Homme'}),"frozenset({'Puériculture', 'Bébé'})",0.4,0.2,0.2,0.5,2.5,1.0,0.12,1.6,1.0,0.49999999999999994,0.37499999999999994,0.75
frozenset({'Maquillage'}),"frozenset({'Beauté', 'Téléphones & Accessoires'})",0.4,0.2,0.2,0.5,2.5,1.0,0.12,1.6,1.0,0.49999999999999994,0.37499999999999994,0.75
"frozenset({'Beauté', 'Téléphones & Accessoires'})",frozenset({'Maquillage'}),0.2,0.4,0.2,1.0,2.5,1.0,0.12,inf,0.7499999999999998,0.49999999999999994,1.0,0.75
frozenset({'Maquillage'}),"frozenset({'Parfums', 'Beauté'})",0.4,0.2,0.2,0.5,2.5,1.0,0.12,1.6,1.0,0.49999999999999994,0.37499999999999994,0.75
"frozenset({'Parfums', 'Beauté'})",frozenset({'Maquillage'}),0.2,0.4,0.2,1.0,2.5,1.0,0.12,inf,0.7499999999999998,0.49999999999999994,1.0,0.75
frozenset({'Maquillage'}),"frozenset({'Beauté', 'Montres & Bijoux'})",0.4,0.2,0.2,0.5,2.5,1.0,0.12,1.6,1.0,0.49999999999999994,0.37499999999999994,0.75
"frozenset({'Beauté & Sport', 'Ventes flash'})",frozenset({'Maison'}),0.2,0.4,0.2,1.0,2.5,1.0,0.12,inf,0.7499999999999998,0.49999999999999994,1.0,0.75
frozenset({'Maison'}),"frozenset({'Beauté & Sport', 'Les plus demandés'})",0.4,0.2,0.2,0.5,2.5,1.0,0.12,1.6,1.0,0.49999999999999994,0.37499999999999994,0.75
"frozenset({'Beauté & Sport', 'Les plus demandés'})",frozenset({'Maison'}),0.2,0.4,0.2,1.0,2.5,1.0,0.12,inf,0.7499999999999998,0.49999999999999994,1.0,0.75
frozenset({'Femme'}),"frozenset({'Chaussures', 'Bébé'})",0.4,0.2,0.2,0.5,2.5,1.0,0.12,1.6,1.0,0.49999999999999994,0.37499999999999994,0.75
"frozenset({'Chaussures', 'Bébé'})",frozenset({'Femme'}),0.2,0.4,0.2,1.0,2.5,1.0,0.12,inf,0.7499999999999998,0.49999999999999994,1.0,0.75
frozenset({'Maison'}),"frozenset({'Beauté & Sport', 'Ventes flash'})",0.4,0.2,0.2,0.5,2.5,1.0,0.12,1.6,1.0,0.49999999999999994,0.37499999999999994,0.75
frozenset({'Homme'}),"frozenset({'Chaussures', 'Bébé'})",0.4,0.2,0.2,0.5,2.5,1.0,0.12,1.6,1.0,0.49999999999999994,0.37499999999999994,0.75
"frozenset({'Chaussures', 'Bébé'})",frozenset({'Homme'}),0.2,0.4,0.2,1.0,2.5,1.0,0.12,inf,0.7499999999999998,0.49999999999999994,1.0,0.75
"frozenset({'Homme', 'Bébé'})",frozenset({'Femme'}),0.2,0.4,0.2,1.0,2.5,1.0,0.12,inf,0.7499999999999998,0.49999999999999994,1.0,0.75
"frozenset({'Homme', 'Femme'})",frozenset({'Bébé'}),0.4,0.2,0.2,0.5,2.5,1.0,0.12,1.6,1.0,0.49999999999999994,0.37499999999999994,0.75
frozenset({'Femme'}),"frozenset({'Bébé', 'Garçon'})",0.4,0.2,0.2,0.5,2.5,1.0,0.12,1.6,1.0,0.49999999999999994,0.37499999999999994,0.75
frozenset({'Maison'}),frozenset({'Les plus demandés'}),0.4,0.2,0.2,0.5,2.5,1.0,0.12,1.6,1.0,0.49999999999999994,0.37499999999999994,0.75
frozenset({'Ventes Flash'}),frozenset({'Homme'}),0.2,0.4,0.2,1.0,2.5,1.0,0.12,inf,0.7499999999999998,0.49999999999999994,1.0,0.75
frozenset({'Homme'}),frozenset({'Ventes Flash'}),0.4,0.2,0.2,0.5,2.5,1.0,0.12,1.6,1.0,0.49999999999999994,0.37499999999999994,0.75
frozenset({'Homme'}),frozenset({'Puériculture'}),0.4,0.2,0.2,0.5,2.5,1.0,0.12,1.6,1.0,0.49999999999999994,0.37499999999999994,0.75
frozenset({'Puériculture'}),frozenset({'Homme'}),0.2,0.4,0.2,1.0,2.5,1.0,0.12,inf,0.7499999999999998,0.49999999999999994,1.0,0.75
frozenset({'Maquillage'}),frozenset({'Téléphones & Accessoires'}),0.4,0.2,0.2,0.5,2.5,1.0,0.12,1.6,1.0,0.49999999999999994,0.37499999999999994,0.75
frozenset({'Téléphones & Accessoires'}),frozenset({'Maquillage'}),0.2,0.4,0.2,1.0,2.5,1.0,0.12,inf,0.7499999999999998,0.49999999999999994,1.0,0.75
frozenset({'Maquillage'}),frozenset({'Solaire'}),0.4,0.2,0.2,0.5,2.5,1.0,0.12,1.6,1.0,0.49999999999999994,0.37499999999999994,0.75
frozenset({'Solaire'}),frozenset({'Maquillage'}),0.2,0.4,0.2,1.0,2.5,1.0,0.12,inf,0.7499999999999998,0.49999999999999994,1.0,0.75
frozenset({'Maison'}),"frozenset({'Les plus demandés', 'Automobile et bricolage'})",0.4,0.2,0.2,0.5,2.5,1.0,0.12,1.6,1.0,0.49999999999999994,0.37499999999999994,0.75
"frozenset({'Les plus demandés', 'Automobile et bricolage'})",frozenset({'Maison'}),0.2,0.4,0.2,1.0,2.5,1.0,0.12,inf,0.7499999999999998,0.49999999999999994,1.0,0.75
frozenset({'Maison'}),"frozenset({'Beauté & Sport', 'Automobile et bricolage'})",0.4,0.2,0.2,0.5,2.5,1.0,0.12,1.6,1.0,0.49999999999999994,0.37499999999999994,0.75
"frozenset({'Beauté & Sport', 'Automobile et bricolage'})",frozenset({'Maison'}),0.2,0.4,0.2,1.0,2.5,1.0,0.12,inf,0.7499999999999998,0.49999999999999994,1.0,0.75
"frozenset({'Beauté', 'Montres & Bijoux'})",frozenset({'Maquillage'}),0.2,0.4,0.2,1.0,2.5,1.0,0.12,inf,0.7499999999999998,0.49999999999999994,1.0,0.75
frozenset({'Maison'}),"frozenset({'Ventes flash', 'Automobile et bricolage'})",0.4,0.2,0.2,0.5,2.5,1.0,0.12,1.6,1.0,0.49999999999999994,0.37499999999999994,0.75
"frozenset({'Ventes flash', 'Automobile et bricolage'})",frozenset({'Maison'}),0.2,0.4,0.2,1.0,2.5,1.0,0.12,inf,0.7499999999999998,0.49999999999999994,1.0,0.75
frozenset({'Homme'}),frozenset({'Garçon'}),0.4,0.2,0.2,0.5,2.5,1.0,0.12,1.6,1.0,0.49999999999999994,0.37499999999999994,0.75
frozenset({'Homme'}),frozenset({'Fille'}),0.4,0.2,0.2,0.5,2.5,1.0,0.12,1.6,1.0,0.49999999999999994,0.37499999999999994,0.75
frozenset({'Fille'}),frozenset({'Homme'}),0.2,0.4,0.2,1.0,2.5,1.0,0.12,inf,0.7499999999999998,0.49999999999999994,1.0,0.75
frozenset({'Ventes Flash'}),frozenset({'Femme'}),0.2,0.4,0.2,1.0,2.5,1.0,0.12,inf,0.7499999999999998,0.49999999999999994,1.0,0.75
frozenset({'Femme'}),frozenset({'Ventes Flash'}),0.4,0.2,0.2,0.5,2.5,1.0,0.12,1.6,1.0,0.49999999999999994,0.37499999999999994,0.75
frozenset({'Femme'}),frozenset({'Puériculture'}),0.4,0.2,0.2,0.5,2.5,1.0,0.12,1.6,1.0,0.49999999999999994,0.37499999999999994,0.75
frozenset({'Puériculture'}),frozenset({'Femme'}),0.2,0.4,0.2,1.0,2.5,1.0,0.12,inf,0.7499999999999998,0.49999999999999994,1.0,0.75
frozenset({'Maquillage'}),frozenset({'Parfums'}),0.4,0.2,0.2,0.5,2.5,1.0,0.12,1.6,1.0,0.49999999999999994,0.37499999999999994,0.75
frozenset({'Parfums'}),frozenset({'Maquillage'}),0.2,0.4,0.2,1.0,2.5,1.0,0.12,inf,0.7499999999999998,0.49999999999999994,1.0,0.75
frozenset({'Maquillage'}),frozenset({'Montres & Bijoux'}),0.4,0.2,0.2,0.5,2.5,1.0,0.12,1.6,1.0,0.49999999999999994,0.37499999999999994,0.75
frozenset({'Montres & Bijoux'}),frozenset({'Maquillage'}),0.2,0.4,0.2,1.0,2.5,1.0,0.12,inf,0.7499999999999998,0.49999999999999994,1.0,0.75
frozenset({'Ventes flash'}),frozenset({'Maison'}),0.2,0.4,0.2,1.0,2.5,1.0,0.12,inf,0.7499999999999998,0.49999999999999994,1.0,0.75
frozenset({'Maison'}),frozenset({'Ventes flash'}),0.4,0.2,0.2,0.5,2.5,1.0,0.12,1.6,1.0,0.49999999999999994,0.37499999999999994,0.75
frozenset({'Ventes Flash'}),frozenset({'Maison'}),0.2,0.4,0.2,1.0,2.5,1.0,0.12,inf,0.7499999999999998,0.49999999999999994,1.0,0.75
frozenset({'Maison'}),frozenset({'Ventes Flash'}),0.4,0.2,0.2,0.5,2.5,1.0,0.12,1.6,1.0,0.49999999999999994,0.37499999999999994,0.75
frozenset({'Les plus demandés'}),frozenset({'Maison'}),0.2,0.4,0.2,1.0,2.5,1.0,0.12,inf,0.7499999999999998,0.49999999999999994,1.0,0.75
frozenset({'Maison'}),frozenset({'Automobile et bricolage'}),0.4,0.2,0.2,0.5,2.5,1.0,0.12,1.6,1.0,0.49999999999999994,0.37499999999999994,0.75
frozenset({'Automobile et bricolage'}),frozenset({'Maison'}),0.2,0.4,0.2,1.0,2.5,1.0,0.12,inf,0.7499999999999998,0.49999999999999994,1.0,0.75
"frozenset({'Homme', 'Femme'})","frozenset({'Chaussures', 'Bébé', 'Fille', 'Garçon', 'Puériculture'})",0.4,0.2,0.2,0.5,2.5,1.0,0.12,1.6,1.0,0.49999999999999994,0.37499999999999994,0.75
frozenset({'Femme'}),frozenset({'Chaussures'}),0.4,0.2,0.2,0.5,2.5,1.0,0.12,1.6,1.0,0.49999999999999994,0.37499999999999994,0.75
frozenset({'Chaussures'}),frozenset({'Femme'}),0.2,0.4,0.2,1.0,2.5,1.0,0.12,inf,0.7499999999999998,0.49999999999999994,1.0,0.75
frozenset({'Bébé'}),frozenset({'Homme'}),0.2,0.4,0.2,1.0,2.5,1.0,0.12,inf,0.7499999999999998,0.49999999999999994,1.0,0.75
frozenset({'Homme'}),frozenset({'Bébé'}),0.4,0.2,0.2,0.5,2.5,1.0,0.12,1.6,1.0,0.49999999999999994,0.37499999999999994,0.75
frozenset({'Bébé'}),frozenset({'Femme'}),0.2,0.4,0.2,1.0,2.5,1.0,0.12,inf,0.7499999999999998,0.49999999999999994,1.0,0.75
frozenset({'Femme'}),frozenset({'Bébé'}),0.4,0.2,0.2,0.5,2.5,1.0,0.12,1.6,1.0,0.49999999999999994,0.37499999999999994,0.75
frozenset({'Corps'}),frozenset({'Maquillage'}),0.2,0.4,0.2,1.0,2.5,1.0,0.12,inf,0.7499999999999998,0.49999999999999994,1.0,0.75
frozenset({'Maquillage'}),frozenset({'Corps'}),0.4,0.2,0.2,0.5,2.5,1.0,0.12,1.6,1.0,0.49999999999999994,0.37499999999999994,0.75
frozenset({'Maquillage'}),frozenset({'Cheveux'}),0.4,0.2,0.2,0.5,2.5,1.0,0.12,1.6,1.0,0.49999999999999994,0.37499999999999994,0.75
frozenset({'Cheveux'}),frozenset({'Maquillage'}),0.2,0.4,0.2,1.0,2.5,1.0,0.12,inf,0.7499999999999998,0.49999999999999994,1.0,0.75
frozenset({'Homme'}),frozenset({'Chaussures'}),0.4,0.2,0.2,0.5,2.5,1.0,0.12,1.6,1.0,0.49999999999999994,0.37499999999999994,0.75
frozenset({'Chaussures'}),frozenset({'Homme'}),0.2,0.4,0.2,1.0,2.5,1.0,0.12,inf,0.7499999999999998,0.49999999999999994,1.0,0.75
frozenset({'Homme'}),"frozenset({'Puériculture', 'Fille', 'Femme', 'Garçon'})",0.4,0.2,0.2,0.5,2.5,1.0,0.12,1.6,1.0,0.49999999999999994,0.37499999999999994,0.75
"frozenset({'Homme', 'Femme'})","frozenset({'Puériculture', 'Fille', 'Garçon'})",0.4,0.2,0.2,0.5,2.5,1.0,0.12,1.6,1.0,0.49999999999999994,0.37499999999999994,0.75
"frozenset({'Puériculture', 'Fille', 'Garçon'})","frozenset({'Homme', 'Femme'})",0.2,0.4,0.2,1.0,2.5,1.0,0.12,inf,0.7499999999999998,0.49999999999999994,1.0,0.75
"frozenset({'Chaussures', 'Bébé', 'Fille', 'Garçon', 'Puériculture'})",frozenset({'Femme'}),0.2,0.4,0.2,1.0,2.5,1.0,0.12,inf,0.7499999999999998,0.49999999999999994,1.0,0.75
"frozenset({'Chaussures', 'Fille', 'Garçon', 'Bébé'})","frozenset({'Homme', 'Femme'})",0.2,0.4,0.2,1.0,2.5,1.0,0.12,inf,0.7499999999999998,0.49999999999999994,1.0,0.75
"frozenset({'Chaussures', 'Bébé', 'Fille', 'Femme', 'Garçon'})",frozenset({'Homme'}),0.2,0.4,0.2,1.0,2.5,1.0,0.12,inf,0.7499999999999998,0.49999999999999994,1.0,0.75
"frozenset({'Chaussures', 'Homme', 'Bébé', 'Fille', 'Garçon'})",frozenset({'Femme'}),0.2,0.4,0.2,1.0,2.5,1.0,0.12,inf,0.7499999999999998,0.49999999999999994,1.0,0.75
frozenset({'Femme'}),"frozenset({'Chaussures', 'Homme', 'Bébé', 'Fille', 'Garçon'})",0.4,0.2,0.2,0.5,2.5,1.0,0.12,1.6,1.0,0.49999999999999994,0.37499999999999994,0.75
frozenset({'Homme'}),"frozenset({'Chaussures', 'Bébé', 'Fille', 'Femme', 'Garçon'})",0.4,0.2,0.2,0.5,2.5,1.0,0.12,1.6,1.0,0.49999999999999994,0.37499999999999994,0.75
"frozenset({'Homme', 'Femme'})","frozenset({'Chaussures', 'Fille', 'Garçon', 'Bébé'})",0.4,0.2,0.2,0.5,2.5,1.0,0.12,1.6,1.0,0.49999999999999994,0.37499999999999994,0.75
frozenset({'Femme'}),"frozenset({'Chaussures', 'Homme', 'Bébé', 'Fille', 'Garçon', 'Puériculture'})",0.4,0.2,0.2,0.5,2.5,1.0,0.12,1.6,1.0,0.49999999999999994,0.37499999999999994,0.75
frozenset({'Homme'}),"frozenset({'Chaussures', 'Bébé', 'Fille', 'Femme', 'Garçon', 'Puériculture'})",0.4,0.2,0.2,0.5,2.5,1.0,0.12,1.6,1.0,0.49999999999999994,0.37499999999999994,0.75
frozenset({'Maison'}),frozenset({'Beauté & Sport'}),0.4,0.2,0.2,0.5,2.5,1.0,0.12,1.6,1.0,0.49999999999999994,0.37499999999999994,0.75
frozenset({'Beauté & Sport'}),frozenset({'Maison'}),0.2,0.4,0.2,1.0,2.5,1.0,0.12,inf,0.7499999999999998,0.49999999999999994,1.0,0.75
frozenset({'Maquillage'}),frozenset({'Beauté'}),0.4,0.2,0.2,0.5,2.5,1.0,0.12,1.6,1.0,0.49999999999999994,0.37499999999999994,0.75
frozenset({'Beauté'}),frozenset({'Maquillage'}),0.2,0.4,0.2,1.0,2.5,1.0,0.12,inf,0.7499999999999998,0.49999999999999994,1.0,0.75
frozenset({'Maison'}),frozenset({'Femme'}),0.4,0.4,0.2,0.5,1.25,1.0,0.03999999999999998,1.2,0.3333333333333332,0.3333333333333333,0.16666666666666663,0.5
frozenset({'Maison'}),"frozenset({'Homme', 'Femme'})",0.4,0.4,0.2,0.5,1.25,1.0,0.03999999999999998,1.2,0.3333333333333332,0.3333333333333333,0.16666666666666663,0.5
"frozenset({'Homme', 'Femme'})",frozenset({'Maison'}),0.4,0.4,0.2,0.5,1.25,1.0,0.03999999999999998,1.2,0.3333333333333332,0.3333333333333333,0.16666666666666663,0.5
frozenset({'Homme'}),frozenset({'Maison'}),0.4,0.4,0.2,0.5,1.25,1.0,0.03999999999999998,1.2,0.3333333333333332,0.3333333333333333,0.16666666666666663,0.5
frozenset({'Maison'}),frozenset({'Homme'}),0.4,0.4,0.2,0.5,1.25,1.0,0.03999999999999998,1.2,0.3333333333333332,0.3333333333333333,0.16666666666666663,0.5
frozenset({'Femme'}),frozenset({'Maison'}),0.4,0.4,0.2,0.5,1.25,1.0,0.03999999999999998,1.2,0.3333333333333332,0.3333333333333333,0.16666666666666663,0.5
